item_name,wav_path,wav_fn,language,singer,song_name,group_name,mix,falsetto,breathy,vibrato,glissando,pharyngeal,any_tech,mix_variant,label_signature,binary_role,mined_mix_prob
Chinese#ZH-Alto-1#Pharyngeal#不为谁而作的歌#Control_Group#0000,D:\-MindEcho-main\ml_dl_models\gtsinger_multitech\dataset\raw\Chinese\ZH-Alto-1\Pharyngeal\不为谁而作的歌\Control_Group\0000.wav,Chinese/ZH-Alto-1/Pharyngeal/不为谁而作的歌/Control_Group/0000.wav,Chinese,ZH-Alto-1,不为谁而作的歌,Control_Group,1,0,0,0,1,0,1,clear_mix,100010,positive_mix,
Chinese#ZH-Alto-1#Pharyngeal#不为谁而作的歌#Control_Group#0001,D:\-MindEcho-main\ml_dl_models\gtsinger_multitech\dataset\raw\Chinese\ZH-Alto-1\Pharyngeal\不为谁而作的歌\Control_Group\0001.wav,Chinese/ZH-Alto-1/Pharyngeal/不为谁而作的歌/Control_Group/0001.wav,Chinese,ZH-Alto-1,不为谁而作的歌,Control_Group,1,0,0,0,1,0,1,clear_mix,100010,positive_mix,
Chinese#ZH-Alto-1#Pharyngeal#不为谁而作的歌#Control_Group#0002,D:\-MindEcho-main\ml_dl_models\gtsinger_multitech\dataset\raw\Chinese\ZH-Alto-1\Pharyngeal\不为谁而作的歌\Control_Group\0002.wav,Chinese/ZH-Alto-1/Pharyngeal/不为谁而作的歌/Control_Group/0002.wav,Chinese,ZH-Alto-1,不为谁而作的歌,Control_Group,1,0,0,0,1,0,1,clear_mix,100010,positive_mix,
Chinese#ZH-Alto-1#Pharyngeal#不为谁而作的歌#Control_Group#0003,D:\-MindEcho-main\ml_dl_models\gtsinger_multitech\dataset\raw\Chinese\ZH-Alto-1\Pharyngeal\不为谁而作的歌\Control_Group\0003.wav,Chinese/ZH-Alto-1/Pharyngeal/不为谁而作的歌/Control_Group/0003.wav,Chinese,ZH-Alto-1,不为谁而作的歌,Control_Group,1,0,0,0,1,0,1,clear_mix,100010,positive_mix,
Chinese#ZH-Alto-1#Pharyngeal#不为谁而作的歌#Control_Group#0004,D:\-MindEcho-main\ml_dl_models\gtsinger_multitech\dataset\raw\Chinese\ZH-Alto-1\Pharyngeal\不为谁而作的歌\Control_Group\0004.wav,Chinese/ZH-Alto-1/Pharyngeal/不为谁而作的歌/Control_Group/0004.wav,Chinese,ZH-Alto-1,不为谁而作的歌,Control_Group,1,0,0,0,1,0,1,clear_mix,100010,positive_mix,
Chinese#ZH-Alto-1#Pharyngeal#不为谁而作的歌#Control_Group#0005,D:\-MindEcho-main\ml_dl_models\gtsinger_multitech\dataset\raw\Chinese\ZH-Alto-1\Pharyngeal\不为谁而作的歌\Control_Group\0005.wav,Chinese/ZH-Alto-1/Pharyngeal/不为谁而作的歌/Control_Group/0005.wav,Chinese,ZH-Alto-1,不为谁而作的歌,Control_Group,1,0,0,0,1,0,1,clear_mix,100010,positive_mix,
Chinese#ZH-Alto-1#Pharyngeal#不为谁而作的歌#Control_Group#0007,D:\-MindEcho-main\ml_dl_models\gtsinger_multitech\dataset\raw\Chinese\ZH-Alto-1\Pharyngeal\不为谁而作的歌\Control_Group\0007.wav,Chinese/ZH-Alto-1/Pharyngeal/不为谁而作的歌/Control_Group/0007.wav,Chinese,ZH-Alto-1,不为谁而作的歌,Control_Group,1,0,0,0,1,0,1,clear_mix,100010,positive_mix,
Chinese#ZH-Alto-1#Pharyngeal#不为谁而作的歌#Control_Group#0009,D:\-MindEcho-main\ml_dl_models\gtsinger_multitech\dataset\raw\Chinese\ZH-Alto-1\Pharyngeal\不为谁而作的歌\Control_Group\0009.wav,Chinese/ZH-Alto-1/Pharyngeal/不为谁而作的歌/Control_Group/0009.wav,Chinese,ZH-Alto-1,不为谁而作的歌,Control_Group,1,0,0,0,1,0,1,clear_mix,100010,positive_mix,
Chinese#ZH-Alto-1#Pharyngeal#不为谁而作的歌#Control_Group#0010,D:\-MindEcho-main\ml_dl_models\gtsinger_multitech\dataset\raw\Chinese\ZH-Alto-1\Pharyngeal\不为谁而作的歌\Control_Group\0010.wav,Chinese/ZH-Alto-1/Pharyngeal/不为谁而作的歌/Control_Group/0010.wav,Chinese,ZH-Alto-1,不为谁而作的歌,Control_Group,1,0,0,0,1,0,1,clear_mix,100010,positive_mix,
Chinese#ZH-Alto-1#Pharyngeal#不为谁而作的歌#Control_Group#0011,D:\-MindEcho-main\ml_dl_models\gtsinger_multitech\dataset\raw\Chinese\ZH-Alto-1\Pharyngeal\不为谁而作的歌\Control_Group\0011.wav,Chinese/ZH-Alto-1/Pharyngeal/不为谁而作的歌/Control_Group/0011.wav,Chinese,ZH-Alto-1,不为谁而作的歌,Control_Group,1,0,0,0,1,0,1,clear_mix,100010,positive_mix,
Chinese#ZH-Alto-1#Pharyngeal#亲爱的那不是爱情#Control_Group#0000,D:\-MindEcho-main\ml_dl_models\gtsinger_multitech\dataset\raw\Chinese\ZH-Alto-1\Pharyngeal\亲爱的那不是爱情\Control_Group\0000.wav,Chinese/ZH-Alto-1/Pharyngeal/亲爱的那不是爱情/Control_Group/0000.wav,Chinese,ZH-Alto-1,亲爱的那不是爱情,Control_Group,1,0,0,0,1,1,1,clear_mix,100011,positive_mix,
Chinese#ZH-Alto-1#Pharyngeal#亲爱的那不是爱情#Control_Group#0001,D:\-MindEcho-main\ml_dl_models\gtsinger_multitech\dataset\raw\Chinese\ZH-Alto-1\Pharyngeal\亲爱的那不是爱情\Control_Group\0001.wav,Chinese/ZH-Alto-1/Pharyngeal/亲爱的那不是爱情/Control_Group/0001.wav,Chinese,ZH-Alto-1,亲爱的那不是爱情,Control_Group,1,0,0,0,1,0,1,clear_mix,100010,positive_mix,
Chinese#ZH-Alto-1#Pharyngeal#亲爱的那不是爱情#Control_Group#0002,D:\-MindEcho-main\ml_dl_models\gtsinger_multitech\dataset\raw\Chinese\ZH-Alto-1\Pharyngeal\亲爱的那不是爱情\Control_Group\0002.wav,Chinese/ZH-Alto-1/Pharyngeal/亲爱的那不是爱情/Control_Group/0002.wav,Chinese,ZH-Alto-1,亲爱的那不是爱情,Control_Group,1,0,0,0,1,0,1,clear_mix,100010,positive_mix,
Chinese#ZH-Alto-1#Pharyngeal#亲爱的那不是爱情#Control_Group#0003,D:\-MindEcho-main\ml_dl_models\gtsinger_multitech\dataset\raw\Chinese\ZH-Alto-1\Pharyngeal\亲爱的那不是爱情\Control_Group\0003.wav,Chinese/ZH-Alto-1/Pharyngeal/亲爱的那不是爱情/Control_Group/0003.wav,Chinese,ZH-Alto-1,亲爱的那不是爱情,Control_Group,1,0,0,0,1,0,1,clear_mix,100010,positive_mix,
Chinese#ZH-Alto-1#Pharyngeal#人质#Control_Group#0000,D:\-MindEcho-main\ml_dl_models\gtsinger_multitech\dataset\raw\Chinese\ZH-Alto-1\Pharyngeal\人质\Control_Group\0000.wav,Chinese/ZH-Alto-1/Pharyngeal/人质/Control_Group/0000.wav,Chinese,ZH-Alto-1,人质,Control_Group,1,0,0,0,1,0,1,clear_mix,100010,positive_mix,
Chinese#ZH-Alto-1#Pharyngeal#人质#Control_Group#0001,D:\-MindEcho-main\ml_dl_models\gtsinger_multitech\dataset\raw\Chinese\ZH-Alto-1\Pharyngeal\人质\Control_Group\0001.wav,Chinese/ZH-Alto-1/Pharyngeal/人质/Control_Group/0001.wav,Chinese,ZH-Alto-1,人质,Control_Group,1,0,0,0,1,0,1,clear_mix,100010,positive_mix,
Chinese#ZH-Alto-1#Pharyngeal#人质#Control_Group#0002,D:\-MindEcho-main\ml_dl_models\gtsinger_multitech\dataset\raw\Chinese\ZH-Alto-1\Pharyngeal\人质\Control_Group\0002.wav,Chinese/ZH-Alto-1/Pharyngeal/人质/Control_Group/0002.wav,Chinese,ZH-Alto-1,人质,Control_Group,1,0,0,0,1,0,1,clear_mix,100010,positive_mix,
Chinese#ZH-Alto-1#Pharyngeal#人质#Control_Group#0003,D:\-MindEcho-main\ml_dl_models\gtsinger_multitech\dataset\raw\Chinese\ZH-Alto-1\Pharyngeal\人质\Control_Group\0003.wav,Chinese/ZH-Alto-1/Pharyngeal/人质/Control_Group/0003.wav,Chinese,ZH-Alto-1,人质,Control_Group,1,0,0,0,1,0,1,clear_mix,100010,positive_mix,
Chinese#ZH-Alto-1#Pharyngeal#人质#Control_Group#0004,D:\-MindEcho-main\ml_dl_models\gtsinger_multitech\dataset\raw\Chinese\ZH-Alto-1\Pharyngeal\人质\Control_Group\0004.wav,Chinese/ZH-Alto-1/Pharyngeal/人质/Control_Group/0004.wav,Chinese,ZH-Alto-1,人质,Control_Group,1,0,0,0,1,0,1,clear_mix,100010,positive_mix,
Chinese#ZH-Alto-1#Glissando#传奇#Control_Group#0000,D:\-MindEcho-main\ml_dl_models\gtsinger_multitech\dataset\raw\Chinese\ZH-Alto-1\Glissando\传奇\Control_Group\0000.wav,Chinese/ZH-Alto-1/Glissando/传奇/Control_Group/0000.wav,Chinese,ZH-Alto-1,传奇,Control_Group,0,0,0,0,0,0,0,non_mix,000000,control_negative,0.480326
Chinese#ZH-Alto-1#Glissando#你给我听好#Control_Group#0002,D:\-MindEcho-main\ml_dl_models\gtsinger_multitech\dataset\raw\Chinese\ZH-Alto-1\Glissando\你给我听好\Control_Group\0002.wav,Chinese/ZH-Alto-1/Glissando/你给我听好/Control_Group/0002.wav,Chinese,ZH-Alto-1,你给我听好,Control_Group,0,0,0,0,1,0,1,non_mix,000010,control_negative,0.611914
Chinese#ZH-Alto-1#Glissando#修炼爱情#Control_Group#0006,D:\-MindEcho-main\ml_dl_models\gtsinger_multitech\dataset\raw\Chinese\ZH-Alto-1\Glissando\修炼爱情\Control_Group\0006.wav,Chinese/ZH-Alto-1/Glissando/修炼爱情/Control_Group/0006.wav,Chinese,ZH-Alto-1,修炼爱情,Control_Group,0,0,0,0,0,0,0,non_mix,000000,control_negative,0.523138
Chinese#ZH-Alto-1#Breathy#匆匆那年#Control_Group#0001,D:\-MindEcho-main\ml_dl_models\gtsinger_multitech\dataset\raw\Chinese\ZH-Alto-1\Breathy\匆匆那年\Control_Group\0001.wav,Chinese/ZH-Alto-1/Breathy/匆匆那年/Control_Group/0001.wav,Chinese,ZH-Alto-1,匆匆那年,Control_Group,0,0,0,0,0,0,0,non_mix,000000,control_negative,0.505676
Chinese#ZH-Alto-1#Breathy#匆匆那年#Control_Group#0005,D:\-MindEcho-main\ml_dl_models\gtsinger_multitech\dataset\raw\Chinese\ZH-Alto-1\Breathy\匆匆那年\Control_Group\0005.wav,Chinese/ZH-Alto-1/Breathy/匆匆那年/Control_Group/0005.wav,Chinese,ZH-Alto-1,匆匆那年,Control_Group,0,0,0,0,1,0,1,non_mix,000010,control_negative,0.562525
Chinese#ZH-Alto-1#Breathy#匆匆那年#Control_Group#0006,D:\-MindEcho-main\ml_dl_models\gtsinger_multitech\dataset\raw\Chinese\ZH-Alto-1\Breathy\匆匆那年\Control_Group\0006.wav,Chinese/ZH-Alto-1/Breathy/匆匆那年/Control_Group/0006.wav,Chinese,ZH-Alto-1,匆匆那年,Control_Group,0,0,0,0,1,0,1,non_mix,000010,control_negative,0.614887
Chinese#ZH-Alto-1#Breathy#匆匆那年#Control_Group#0010,D:\-MindEcho-main\ml_dl_models\gtsinger_multitech\dataset\raw\Chinese\ZH-Alto-1\Breathy\匆匆那年\Control_Group\0010.wav,Chinese/ZH-Alto-1/Breathy/匆匆那年/Control_Group/0010.wav,Chinese,ZH-Alto-1,匆匆那年,Control_Group,0,0,0,0,1,0,1,non_mix,000010,control_negative,0.542911
Chinese#ZH-Alto-1#Breathy#匆匆那年#Control_Group#0011,D:\-MindEcho-main\ml_dl_models\gtsinger_multitech\dataset\raw\Chinese\ZH-Alto-1\Breathy\匆匆那年\Control_Group\0011.wav,Chinese/ZH-Alto-1/Breathy/匆匆那年/Control_Group/0011.wav,Chinese,ZH-Alto-1,匆匆那年,Control_Group,0,0,0,0,1,0,1,non_mix,000010,control_negative,0.495593
Chinese#ZH-Alto-1#Breathy#匆匆那年#Control_Group#0012,D:\-MindEcho-main\ml_dl_models\gtsinger_multitech\dataset\raw\Chinese\ZH-Alto-1\Breathy\匆匆那年\Control_Group\0012.wav,Chinese/ZH-Alto-1/Breathy/匆匆那年/Control_Group/0012.wav,Chinese,ZH-Alto-1,匆匆那年,Control_Group,0,0,0,0,0,0,0,non_mix,000000,control_negative,0.511316
Chinese#ZH-Alto-1#Glissando#十年#Control_Group#0003,D:\-MindEcho-main\ml_dl_models\gtsinger_multitech\dataset\raw\Chinese\ZH-Alto-1\Glissando\十年\Control_Group\0003.wav,Chinese/ZH-Alto-1/Glissando/十年/Control_Group/0003.wav,Chinese,ZH-Alto-1,十年,Control_Group,0,0,0,0,0,0,0,non_mix,000000,control_negative,0.556534
Chinese#ZH-Alto-1#Glissando#十年#Control_Group#0007,D:\-MindEcho-main\ml_dl_models\gtsinger_multitech\dataset\raw\Chinese\ZH-Alto-1\Glissando\十年\Control_Group\0007.wav,Chinese/ZH-Alto-1/Glissando/十年/Control_Group/0007.wav,Chinese,ZH-Alto-1,十年,Control_Group,0,0,0,0,0,0,0,non_mix,000000,control_negative,0.548545
Chinese#ZH-Alto-1#Glissando#十年#Control_Group#0009,D:\-MindEcho-main\ml_dl_models\gtsinger_multitech\dataset\raw\Chinese\ZH-Alto-1\Glissando\十年\Control_Group\0009.wav,Chinese/ZH-Alto-1/Glissando/十年/Control_Group/0009.wav,Chinese,ZH-Alto-1,十年,Control_Group,0,0,0,0,0,0,0,non_mix,000000,control_negative,0.499426
Chinese#ZH-Alto-1#Vibrato#南山南#Control_Group#0004,D:\-MindEcho-main\ml_dl_models\gtsinger_multitech\dataset\raw\Chinese\ZH-Alto-1\Vibrato\南山南\Control_Group\0004.wav,Chinese/ZH-Alto-1/Vibrato/南山南/Control_Group/0004.wav,Chinese,ZH-Alto-1,南山南,Control_Group,0,0,0,0,1,0,1,non_mix,000010,control_negative,0.518897
Chinese#ZH-Alto-1#Vibrato#南山南#Control_Group#0011,D:\-MindEcho-main\ml_dl_models\gtsinger_multitech\dataset\raw\Chinese\ZH-Alto-1\Vibrato\南山南\Control_Group\0011.wav,Chinese/ZH-Alto-1/Vibrato/南山南/Control_Group/0011.wav,Chinese,ZH-Alto-1,南山南,Control_Group,0,0,0,0,1,0,1,non_mix,000010,control_negative,0.486136
Chinese#ZH-Alto-1#Mixed_Voice_and_Falsetto#可乐#Control_Group#0005,D:\-MindEcho-main\ml_dl_models\gtsinger_multitech\dataset\raw\Chinese\ZH-Alto-1\Mixed_Voice_and_Falsetto\可乐\Control_Group\0005.wav,Chinese/ZH-Alto-1/Mixed_Voice_and_Falsetto/可乐/Control_Group/0005.wav,Chinese,ZH-Alto-1,可乐,Control_Group,0,0,0,0,1,0,1,non_mix,000010,control_negative,0.480785
Chinese#ZH-Alto-1#Mixed_Voice_and_Falsetto#可乐#Control_Group#0006,D:\-MindEcho-main\ml_dl_models\gtsinger_multitech\dataset\raw\Chinese\ZH-Alto-1\Mixed_Voice_and_Falsetto\可乐\Control_Group\0006.wav,Chinese/ZH-Alto-1/Mixed_Voice_and_Falsetto/可乐/Control_Group/0006.wav,Chinese,ZH-Alto-1,可乐,Control_Group,0,0,0,0,1,0,1,non_mix,000010,control_negative,0.548247
Chinese#ZH-Alto-1#Mixed_Voice_and_Falsetto#可乐#Control_Group#0007,D:\-MindEcho-main\ml_dl_models\gtsinger_multitech\dataset\raw\Chinese\ZH-Alto-1\Mixed_Voice_and_Falsetto\可乐\Control_Group\0007.wav,Chinese/ZH-Alto-1/Mixed_Voice_and_Falsetto/可乐/Control_Group/0007.wav,Chinese,ZH-Alto-1,可乐,Control_Group,0,0,0,0,1,0,1,non_mix,000010,control_negative,0.661720
Chinese#ZH-Alto-1#Mixed_Voice_and_Falsetto#可乐#Control_Group#0014,D:\-MindEcho-main\ml_dl_models\gtsinger_multitech\dataset\raw\Chinese\ZH-Alto-1\Mixed_Voice_and_Falsetto\可乐\Control_Group\0014.wav,Chinese/ZH-Alto-1/Mixed_Voice_and_Falsetto/可乐/Control_Group/0014.wav,Chinese,ZH-Alto-1,可乐,Control_Group,0,0,0,0,1,0,1,non_mix,000010,control_negative,0.565755
Chinese#ZH-Alto-1#Mixed_Voice_and_Falsetto#可乐#Control_Group#0015,D:\-MindEcho-main\ml_dl_models\gtsinger_multitech\dataset\raw\Chinese\ZH-Alto-1\Mixed_Voice_and_Falsetto\可乐\Control_Group\0015.wav,Chinese/ZH-Alto-1/Mixed_Voice_and_Falsetto/可乐/Control_Group/0015.wav,Chinese,ZH-Alto-1,可乐,Control_Group,0,0,0,0,1,0,1,non_mix,000010,control_negative,0.630372
Chinese#ZH-Alto-1#Mixed_Voice_and_Falsetto#后来#Control_Group#0000,D:\-MindEcho-main\ml_dl_models\gtsinger_multitech\dataset\raw\Chinese\ZH-Alto-1\Mixed_Voice_and_Falsetto\后来\Control_Group\0000.wav,Chinese/ZH-Alto-1/Mixed_Voice_and_Falsetto/后来/Control_Group/0000.wav,Chinese,ZH-Alto-1,后来,Control_Group,0,0,0,0,1,0,1,non_mix,000010,control_negative,0.500290
Chinese#ZH-Alto-1#Mixed_Voice_and_Falsetto#后来#Control_Group#0009,D:\-MindEcho-main\ml_dl_models\gtsinger_multitech\dataset\raw\Chinese\ZH-Alto-1\Mixed_Voice_and_Falsetto\后来\Control_Group\0009.wav,Chinese/ZH-Alto-1/Mixed_Voice_and_Falsetto/后来/Control_Group/0009.wav,Chinese,ZH-Alto-1,后来,Control_Group,0,0,0,0,1,0,1,non_mix,000010,control_negative,0.492105
Chinese#ZH-Alto-1#Vibrato#多远都要在一起#Control_Group#0001,D:\-MindEcho-main\ml_dl_models\gtsinger_multitech\dataset\raw\Chinese\ZH-Alto-1\Vibrato\多远都要在一起\Control_Group\0001.wav,Chinese/ZH-Alto-1/Vibrato/多远都要在一起/Control_Group/0001.wav,Chinese,ZH-Alto-1,多远都要在一起,Control_Group,0,0,0,0,1,0,1,non_mix,000010,control_negative,0.513068
Chinese#ZH-Alto-1#Vibrato#多远都要在一起#Control_Group#0004,D:\-MindEcho-main\ml_dl_models\gtsinger_multitech\dataset\raw\Chinese\ZH-Alto-1\Vibrato\多远都要在一起\Control_Group\0004.wav,Chinese/ZH-Alto-1/Vibrato/多远都要在一起/Control_Group/0004.wav,Chinese,ZH-Alto-1,多远都要在一起,Control_Group,0,0,0,0,1,0,1,non_mix,000010,control_negative,0.561564
Chinese#ZH-Alto-1#Vibrato#大鱼#Control_Group#0005,D:\-MindEcho-main\ml_dl_models\gtsinger_multitech\dataset\raw\Chinese\ZH-Alto-1\Vibrato\大鱼\Control_Group\0005.wav,Chinese/ZH-Alto-1/Vibrato/大鱼/Control_Group/0005.wav,Chinese,ZH-Alto-1,大鱼,Control_Group,0,0,0,0,1,0,1,non_mix,000010,control_negative,0.602119
Chinese#ZH-Alto-1#Breathy#失落沙洲#Control_Group#0004,D:\-MindEcho-main\ml_dl_models\gtsinger_multitech\dataset\raw\Chinese\ZH-Alto-1\Breathy\失落沙洲\Control_Group\0004.wav,Chinese/ZH-Alto-1/Breathy/失落沙洲/Control_Group/0004.wav,Chinese,ZH-Alto-1,失落沙洲,Control_Group,0,0,0,0,1,0,1,non_mix,000010,control_negative,0.477343
Chinese#ZH-Alto-1#Breathy#失落沙洲#Control_Group#0005,D:\-MindEcho-main\ml_dl_models\gtsinger_multitech\dataset\raw\Chinese\ZH-Alto-1\Breathy\失落沙洲\Control_Group\0005.wav,Chinese/ZH-Alto-1/Breathy/失落沙洲/Control_Group/0005.wav,Chinese,ZH-Alto-1,失落沙洲,Control_Group,0,0,0,0,1,0,1,non_mix,000010,control_negative,0.533628
Chinese#ZH-Alto-1#Vibrato#奇妙能力歌#Control_Group#0004,D:\-MindEcho-main\ml_dl_models\gtsinger_multitech\dataset\raw\Chinese\ZH-Alto-1\Vibrato\奇妙能力歌\Control_Group\0004.wav,Chinese/ZH-Alto-1/Vibrato/奇妙能力歌/Control_Group/0004.wav,Chinese,ZH-Alto-1,奇妙能力歌,Control_Group,0,0,0,0,1,0,1,non_mix,000010,control_negative,0.509417
Chinese#ZH-Alto-1#Glissando#她说#Control_Group#0009,D:\-MindEcho-main\ml_dl_models\gtsinger_multitech\dataset\raw\Chinese\ZH-Alto-1\Glissando\她说\Control_Group\0009.wav,Chinese/ZH-Alto-1/Glissando/她说/Control_Group/0009.wav,Chinese,ZH-Alto-1,她说,Control_Group,0,0,0,0,1,0,1,non_mix,000010,control_negative,0.480853
Chinese#ZH-Alto-1#Pharyngeal#小半#Control_Group#0000,D:\-MindEcho-main\ml_dl_models\gtsinger_multitech\dataset\raw\Chinese\ZH-Alto-1\Pharyngeal\小半\Control_Group\0000.wav,Chinese/ZH-Alto-1/Pharyngeal/小半/Control_Group/0000.wav,Chinese,ZH-Alto-1,小半,Control_Group,0,0,0,0,1,0,1,non_mix,000010,control_negative,0.535304
Chinese#ZH-Alto-1#Pharyngeal#小幸运#Control_Group#0000,D:\-MindEcho-main\ml_dl_models\gtsinger_multitech\dataset\raw\Chinese\ZH-Alto-1\Pharyngeal\小幸运\Control_Group\0000.wav,Chinese/ZH-Alto-1/Pharyngeal/小幸运/Control_Group/0000.wav,Chinese,ZH-Alto-1,小幸运,Control_Group,1,0,0,0,1,0,1,clear_mix,100010,positive_mix,
Chinese#ZH-Alto-1#Pharyngeal#小幸运#Control_Group#0001,D:\-MindEcho-main\ml_dl_models\gtsinger_multitech\dataset\raw\Chinese\ZH-Alto-1\Pharyngeal\小幸运\Control_Group\0001.wav,Chinese/ZH-Alto-1/Pharyngeal/小幸运/Control_Group/0001.wav,Chinese,ZH-Alto-1,小幸运,Control_Group,1,0,0,0,1,0,1,clear_mix,100010,positive_mix,
Chinese#ZH-Alto-1#Pharyngeal#小幸运#Control_Group#0002,D:\-MindEcho-main\ml_dl_models\gtsinger_multitech\dataset\raw\Chinese\ZH-Alto-1\Pharyngeal\小幸运\Control_Group\0002.wav,Chinese/ZH-Alto-1/Pharyngeal/小幸运/Control_Group/0002.wav,Chinese,ZH-Alto-1,小幸运,Control_Group,1,0,0,0,1,0,1,clear_mix,100010,positive_mix,
Chinese#ZH-Alto-1#Pharyngeal#小幸运#Control_Group#0003,D:\-MindEcho-main\ml_dl_models\gtsinger_multitech\dataset\raw\Chinese\ZH-Alto-1\Pharyngeal\小幸运\Control_Group\0003.wav,Chinese/ZH-Alto-1/Pharyngeal/小幸运/Control_Group/0003.wav,Chinese,ZH-Alto-1,小幸运,Control_Group,1,0,0,0,1,0,1,clear_mix,100010,positive_mix,
Chinese#ZH-Alto-1#Pharyngeal#小幸运#Control_Group#0004,D:\-MindEcho-main\ml_dl_models\gtsinger_multitech\dataset\raw\Chinese\ZH-Alto-1\Pharyngeal\小幸运\Control_Group\0004.wav,Chinese/ZH-Alto-1/Pharyngeal/小幸运/Control_Group/0004.wav,Chinese,ZH-Alto-1,小幸运,Control_Group,1,0,0,0,1,0,1,clear_mix,100010,positive_mix,
Chinese#ZH-Alto-1#Pharyngeal#小幸运#Control_Group#0006,D:\-MindEcho-main\ml_dl_models\gtsinger_multitech\dataset\raw\Chinese\ZH-Alto-1\Pharyngeal\小幸运\Control_Group\0006.wav,Chinese/ZH-Alto-1/Pharyngeal/小幸运/Control_Group/0006.wav,Chinese,ZH-Alto-1,小幸运,Control_Group,1,0,0,0,1,0,1,clear_mix,100010,positive_mix,
Chinese#ZH-Alto-1#Pharyngeal#小幸运#Control_Group#0007,D:\-MindEcho-main\ml_dl_models\gtsinger_multitech\dataset\raw\Chinese\ZH-Alto-1\Pharyngeal\小幸运\Control_Group\0007.wav,Chinese/ZH-Alto-1/Pharyngeal/小幸运/Control_Group/0007.wav,Chinese,ZH-Alto-1,小幸运,Control_Group,1,0,0,0,1,0,1,clear_mix,100010,positive_mix,
Chinese#ZH-Alto-1#Pharyngeal#小幸运#Control_Group#0008,D:\-MindEcho-main\ml_dl_models\gtsinger_multitech\dataset\raw\Chinese\ZH-Alto-1\Pharyngeal\小幸运\Control_Group\0008.wav,Chinese/ZH-Alto-1/Pharyngeal/小幸运/Control_Group/0008.wav,Chinese,ZH-Alto-1,小幸运,Control_Group,1,0,0,0,1,0,1,clear_mix,100010,positive_mix,
Chinese#ZH-Alto-1#Pharyngeal#小幸运#Control_Group#0009,D:\-MindEcho-main\ml_dl_models\gtsinger_multitech\dataset\raw\Chinese\ZH-Alto-1\Pharyngeal\小幸运\Control_Group\0009.wav,Chinese/ZH-Alto-1/Pharyngeal/小幸运/Control_Group/0009.wav,Chinese,ZH-Alto-1,小幸运,Control_Group,1,0,0,0,1,0,1,clear_mix,100010,positive_mix,
Chinese#ZH-Alto-1#Pharyngeal#崇拜#Control_Group#0001,D:\-MindEcho-main\ml_dl_models\gtsinger_multitech\dataset\raw\Chinese\ZH-Alto-1\Pharyngeal\崇拜\Control_Group\0001.wav,Chinese/ZH-Alto-1/Pharyngeal/崇拜/Control_Group/0001.wav,Chinese,ZH-Alto-1,崇拜,Control_Group,1,0,0,0,0,0,1,clear_mix,100000,positive_mix,
Chinese#ZH-Alto-1#Pharyngeal#崇拜#Control_Group#0002,D:\-MindEcho-main\ml_dl_models\gtsinger_multitech\dataset\raw\Chinese\ZH-Alto-1\Pharyngeal\崇拜\Control_Group\0002.wav,Chinese/ZH-Alto-1/Pharyngeal/崇拜/Control_Group/0002.wav,Chinese,ZH-Alto-1,崇拜,Control_Group,1,0,0,0,1,0,1,clear_mix,100010,positive_mix,
Chinese#ZH-Alto-1#Pharyngeal#崇拜#Control_Group#0003,D:\-MindEcho-main\ml_dl_models\gtsinger_multitech\dataset\raw\Chinese\ZH-Alto-1\Pharyngeal\崇拜\Control_Group\0003.wav,Chinese/ZH-Alto-1/Pharyngeal/崇拜/Control_Group/0003.wav,Chinese,ZH-Alto-1,崇拜,Control_Group,1,0,0,0,1,0,1,clear_mix,100010,positive_mix,
Chinese#ZH-Alto-1#Pharyngeal#崇拜#Control_Group#0004,D:\-MindEcho-main\ml_dl_models\gtsinger_multitech\dataset\raw\Chinese\ZH-Alto-1\Pharyngeal\崇拜\Control_Group\0004.wav,Chinese/ZH-Alto-1/Pharyngeal/崇拜/Control_Group/0004.wav,Chinese,ZH-Alto-1,崇拜,Control_Group,1,0,0,0,1,0,1,clear_mix,100010,positive_mix,
Chinese#ZH-Alto-1#Pharyngeal#崇拜#Control_Group#0005,D:\-MindEcho-main\ml_dl_models\gtsinger_multitech\dataset\raw\Chinese\ZH-Alto-1\Pharyngeal\崇拜\Control_Group\0005.wav,Chinese/ZH-Alto-1/Pharyngeal/崇拜/Control_Group/0005.wav,Chinese,ZH-Alto-1,崇拜,Control_Group,1,0,0,0,1,0,1,clear_mix,100010,positive_mix,
Chinese#ZH-Alto-1#Pharyngeal#崇拜#Control_Group#0006,D:\-MindEcho-main\ml_dl_models\gtsinger_multitech\dataset\raw\Chinese\ZH-Alto-1\Pharyngeal\崇拜\Control_Group\0006.wav,Chinese/ZH-Alto-1/Pharyngeal/崇拜/Control_Group/0006.wav,Chinese,ZH-Alto-1,崇拜,Control_Group,1,0,0,0,1,0,1,clear_mix,100010,positive_mix,
Chinese#ZH-Alto-1#Pharyngeal#崇拜#Control_Group#0007,D:\-MindEcho-main\ml_dl_models\gtsinger_multitech\dataset\raw\Chinese\ZH-Alto-1\Pharyngeal\崇拜\Control_Group\0007.wav,Chinese/ZH-Alto-1/Pharyngeal/崇拜/Control_Group/0007.wav,Chinese,ZH-Alto-1,崇拜,Control_Group,1,0,0,0,1,0,1,clear_mix,100010,positive_mix,
Chinese#ZH-Alto-1#Pharyngeal#崇拜#Control_Group#0008,D:\-MindEcho-main\ml_dl_models\gtsinger_multitech\dataset\raw\Chinese\ZH-Alto-1\Pharyngeal\崇拜\Control_Group\0008.wav,Chinese/ZH-Alto-1/Pharyngeal/崇拜/Control_Group/0008.wav,Chinese,ZH-Alto-1,崇拜,Control_Group,1,0,0,0,1,0,1,clear_mix,100010,positive_mix,
Chinese#ZH-Alto-1#Pharyngeal#崇拜#Control_Group#0009,D:\-MindEcho-main\ml_dl_models\gtsinger_multitech\dataset\raw\Chinese\ZH-Alto-1\Pharyngeal\崇拜\Control_Group\0009.wav,Chinese/ZH-Alto-1/Pharyngeal/崇拜/Control_Group/0009.wav,Chinese,ZH-Alto-1,崇拜,Control_Group,1,0,0,0,1,0,1,clear_mix,100010,positive_mix,
Chinese#ZH-Alto-1#Pharyngeal#崇拜#Control_Group#0011,D:\-MindEcho-main\ml_dl_models\gtsinger_multitech\dataset\raw\Chinese\ZH-Alto-1\Pharyngeal\崇拜\Control_Group\0011.wav,Chinese/ZH-Alto-1/Pharyngeal/崇拜/Control_Group/0011.wav,Chinese,ZH-Alto-1,崇拜,Control_Group,1,0,0,0,1,0,1,clear_mix,100010,positive_mix,
Chinese#ZH-Alto-1#Mixed_Voice_and_Falsetto#平凡之路#Control_Group#0000,D:\-MindEcho-main\ml_dl_models\gtsinger_multitech\dataset\raw\Chinese\ZH-Alto-1\Mixed_Voice_and_Falsetto\平凡之路\Control_Group\0000.wav,Chinese/ZH-Alto-1/Mixed_Voice_and_Falsetto/平凡之路/Control_Group/0000.wav,Chinese,ZH-Alto-1,平凡之路,Control_Group,0,0,0,0,0,0,0,non_mix,000000,control_negative,0.480154
Chinese#ZH-Alto-1#Mixed_Voice_and_Falsetto#平凡之路#Control_Group#0002,D:\-MindEcho-main\ml_dl_models\gtsinger_multitech\dataset\raw\Chinese\ZH-Alto-1\Mixed_Voice_and_Falsetto\平凡之路\Control_Group\0002.wav,Chinese/ZH-Alto-1/Mixed_Voice_and_Falsetto/平凡之路/Control_Group/0002.wav,Chinese,ZH-Alto-1,平凡之路,Control_Group,0,0,0,0,0,0,0,non_mix,000000,control_negative,0.519237
Chinese#ZH-Alto-1#Mixed_Voice_and_Falsetto#平凡之路#Control_Group#0003,D:\-MindEcho-main\ml_dl_models\gtsinger_multitech\dataset\raw\Chinese\ZH-Alto-1\Mixed_Voice_and_Falsetto\平凡之路\Control_Group\0003.wav,Chinese/ZH-Alto-1/Mixed_Voice_and_Falsetto/平凡之路/Control_Group/0003.wav,Chinese,ZH-Alto-1,平凡之路,Control_Group,0,0,0,0,0,0,0,non_mix,000000,control_negative,0.575410
Chinese#ZH-Alto-1#Glissando#彩虹#Control_Group#0010,D:\-MindEcho-main\ml_dl_models\gtsinger_multitech\dataset\raw\Chinese\ZH-Alto-1\Glissando\彩虹\Control_Group\0010.wav,Chinese/ZH-Alto-1/Glissando/彩虹/Control_Group/0010.wav,Chinese,ZH-Alto-1,彩虹,Control_Group,1,0,0,0,0,0,1,clear_mix,100000,positive_mix,
Chinese#ZH-Alto-1#Mixed_Voice_and_Falsetto#忽然之间#Control_Group#0001,D:\-MindEcho-main\ml_dl_models\gtsinger_multitech\dataset\raw\Chinese\ZH-Alto-1\Mixed_Voice_and_Falsetto\忽然之间\Control_Group\0001.wav,Chinese/ZH-Alto-1/Mixed_Voice_and_Falsetto/忽然之间/Control_Group/0001.wav,Chinese,ZH-Alto-1,忽然之间,Control_Group,0,0,0,0,1,0,1,non_mix,000010,control_negative,0.517105
Chinese#ZH-Alto-1#Mixed_Voice_and_Falsetto#忽然之间#Control_Group#0002,D:\-MindEcho-main\ml_dl_models\gtsinger_multitech\dataset\raw\Chinese\ZH-Alto-1\Mixed_Voice_and_Falsetto\忽然之间\Control_Group\0002.wav,Chinese/ZH-Alto-1/Mixed_Voice_and_Falsetto/忽然之间/Control_Group/0002.wav,Chinese,ZH-Alto-1,忽然之间,Control_Group,0,0,0,0,1,0,1,non_mix,000010,control_negative,0.535390
Chinese#ZH-Alto-1#Mixed_Voice_and_Falsetto#忽然之间#Control_Group#0003,D:\-MindEcho-main\ml_dl_models\gtsinger_multitech\dataset\raw\Chinese\ZH-Alto-1\Mixed_Voice_and_Falsetto\忽然之间\Control_Group\0003.wav,Chinese/ZH-Alto-1/Mixed_Voice_and_Falsetto/忽然之间/Control_Group/0003.wav,Chinese,ZH-Alto-1,忽然之间,Control_Group,0,0,0,0,1,0,1,non_mix,000010,control_negative,0.590741
Chinese#ZH-Alto-1#Mixed_Voice_and_Falsetto#忽然之间#Control_Group#0004,D:\-MindEcho-main\ml_dl_models\gtsinger_multitech\dataset\raw\Chinese\ZH-Alto-1\Mixed_Voice_and_Falsetto\忽然之间\Control_Group\0004.wav,Chinese/ZH-Alto-1/Mixed_Voice_and_Falsetto/忽然之间/Control_Group/0004.wav,Chinese,ZH-Alto-1,忽然之间,Control_Group,0,0,0,0,1,0,1,non_mix,000010,control_negative,0.553454
Chinese#ZH-Alto-1#Mixed_Voice_and_Falsetto#忽然之间#Control_Group#0005,D:\-MindEcho-main\ml_dl_models\gtsinger_multitech\dataset\raw\Chinese\ZH-Alto-1\Mixed_Voice_and_Falsetto\忽然之间\Control_Group\0005.wav,Chinese/ZH-Alto-1/Mixed_Voice_and_Falsetto/忽然之间/Control_Group/0005.wav,Chinese,ZH-Alto-1,忽然之间,Control_Group,0,0,0,0,1,0,1,non_mix,000010,control_negative,0.614667
Chinese#ZH-Alto-1#Mixed_Voice_and_Falsetto#忽然之间#Control_Group#0006,D:\-MindEcho-main\ml_dl_models\gtsinger_multitech\dataset\raw\Chinese\ZH-Alto-1\Mixed_Voice_and_Falsetto\忽然之间\Control_Group\0006.wav,Chinese/ZH-Alto-1/Mixed_Voice_and_Falsetto/忽然之间/Control_Group/0006.wav,Chinese,ZH-Alto-1,忽然之间,Control_Group,0,0,0,0,1,0,1,non_mix,000010,control_negative,0.584537
Chinese#ZH-Alto-1#Breathy#慢慢喜欢你#Control_Group#0007,D:\-MindEcho-main\ml_dl_models\gtsinger_multitech\dataset\raw\Chinese\ZH-Alto-1\Breathy\慢慢喜欢你\Control_Group\0007.wav,Chinese/ZH-Alto-1/Breathy/慢慢喜欢你/Control_Group/0007.wav,Chinese,ZH-Alto-1,慢慢喜欢你,Control_Group,0,0,0,0,0,0,0,non_mix,000000,control_negative,0.506167
Chinese#ZH-Alto-1#Breathy#慢慢喜欢你#Control_Group#0009,D:\-MindEcho-main\ml_dl_models\gtsinger_multitech\dataset\raw\Chinese\ZH-Alto-1\Breathy\慢慢喜欢你\Control_Group\0009.wav,Chinese/ZH-Alto-1/Breathy/慢慢喜欢你/Control_Group/0009.wav,Chinese,ZH-Alto-1,慢慢喜欢你,Control_Group,0,0,0,1,0,0,1,non_mix,000100,control_negative,0.539582
Chinese#ZH-Alto-1#Breathy#慢慢喜欢你#Control_Group#0014,D:\-MindEcho-main\ml_dl_models\gtsinger_multitech\dataset\raw\Chinese\ZH-Alto-1\Breathy\慢慢喜欢你\Control_Group\0014.wav,Chinese/ZH-Alto-1/Breathy/慢慢喜欢你/Control_Group/0014.wav,Chinese,ZH-Alto-1,慢慢喜欢你,Control_Group,0,0,0,1,1,0,1,non_mix,000110,control_negative,0.549536
Chinese#ZH-Alto-1#Breathy#成都#Control_Group#0002,D:\-MindEcho-main\ml_dl_models\gtsinger_multitech\dataset\raw\Chinese\ZH-Alto-1\Breathy\成都\Control_Group\0002.wav,Chinese/ZH-Alto-1/Breathy/成都/Control_Group/0002.wav,Chinese,ZH-Alto-1,成都,Control_Group,0,0,0,0,1,0,1,non_mix,000010,control_negative,0.569083
Chinese#ZH-Alto-1#Breathy#成都#Control_Group#0006,D:\-MindEcho-main\ml_dl_models\gtsinger_multitech\dataset\raw\Chinese\ZH-Alto-1\Breathy\成都\Control_Group\0006.wav,Chinese/ZH-Alto-1/Breathy/成都/Control_Group/0006.wav,Chinese,ZH-Alto-1,成都,Control_Group,0,0,0,0,1,0,1,non_mix,000010,control_negative,0.492394
Chinese#ZH-Alto-1#Breathy#成都#Control_Group#0010,D:\-MindEcho-main\ml_dl_models\gtsinger_multitech\dataset\raw\Chinese\ZH-Alto-1\Breathy\成都\Control_Group\0010.wav,Chinese/ZH-Alto-1/Breathy/成都/Control_Group/0010.wav,Chinese,ZH-Alto-1,成都,Control_Group,0,0,0,0,1,0,1,non_mix,000010,control_negative,0.509431
Chinese#ZH-Alto-1#Breathy#成都#Control_Group#0011,D:\-MindEcho-main\ml_dl_models\gtsinger_multitech\dataset\raw\Chinese\ZH-Alto-1\Breathy\成都\Control_Group\0011.wav,Chinese/ZH-Alto-1/Breathy/成都/Control_Group/0011.wav,Chinese,ZH-Alto-1,成都,Control_Group,0,0,0,0,1,0,1,non_mix,000010,control_negative,0.555487
Chinese#ZH-Alto-1#Mixed_Voice_and_Falsetto#我喜欢上你时的内心活动#Control_Group#0013,D:\-MindEcho-main\ml_dl_models\gtsinger_multitech\dataset\raw\Chinese\ZH-Alto-1\Mixed_Voice_and_Falsetto\我喜欢上你时的内心活动\Control_Group\0013.wav,Chinese/ZH-Alto-1/Mixed_Voice_and_Falsetto/我喜欢上你时的内心活动/Control_Group/0013.wav,Chinese,ZH-Alto-1,我喜欢上你时的内心活动,Control_Group,0,0,0,0,1,0,1,non_mix,000010,control_negative,0.490854
Chinese#ZH-Alto-1#Mixed_Voice_and_Falsetto#我喜欢上你时的内心活动#Control_Group#0015,D:\-MindEcho-main\ml_dl_models\gtsinger_multitech\dataset\raw\Chinese\ZH-Alto-1\Mixed_Voice_and_Falsetto\我喜欢上你时的内心活动\Control_Group\0015.wav,Chinese/ZH-Alto-1/Mixed_Voice_and_Falsetto/我喜欢上你时的内心活动/Control_Group/0015.wav,Chinese,ZH-Alto-1,我喜欢上你时的内心活动,Control_Group,0,0,0,0,1,0,1,non_mix,000010,control_negative,0.592703
Chinese#ZH-Alto-1#Mixed_Voice_and_Falsetto#我的歌声里#Control_Group#0005,D:\-MindEcho-main\ml_dl_models\gtsinger_multitech\dataset\raw\Chinese\ZH-Alto-1\Mixed_Voice_and_Falsetto\我的歌声里\Control_Group\0005.wav,Chinese/ZH-Alto-1/Mixed_Voice_and_Falsetto/我的歌声里/Control_Group/0005.wav,Chinese,ZH-Alto-1,我的歌声里,Control_Group,0,0,0,0,1,0,1,non_mix,000010,control_negative,0.522649
Chinese#ZH-Alto-1#Mixed_Voice_and_Falsetto#我的歌声里#Control_Group#0013,D:\-MindEcho-main\ml_dl_models\gtsinger_multitech\dataset\raw\Chinese\ZH-Alto-1\Mixed_Voice_and_Falsetto\我的歌声里\Control_Group\0013.wav,Chinese/ZH-Alto-1/Mixed_Voice_and_Falsetto/我的歌声里/Control_Group/0013.wav,Chinese,ZH-Alto-1,我的歌声里,Control_Group,0,0,0,0,1,0,1,non_mix,000010,control_negative,0.505676
Chinese#ZH-Alto-1#Vibrato#我真的受伤了#Control_Group#0013,D:\-MindEcho-main\ml_dl_models\gtsinger_multitech\dataset\raw\Chinese\ZH-Alto-1\Vibrato\我真的受伤了\Control_Group\0013.wav,Chinese/ZH-Alto-1/Vibrato/我真的受伤了/Control_Group/0013.wav,Chinese,ZH-Alto-1,我真的受伤了,Control_Group,0,0,0,0,1,0,1,non_mix,000010,control_negative,0.532956
Chinese#ZH-Alto-1#Pharyngeal#最初的梦想#Control_Group#0007,D:\-MindEcho-main\ml_dl_models\gtsinger_multitech\dataset\raw\Chinese\ZH-Alto-1\Pharyngeal\最初的梦想\Control_Group\0007.wav,Chinese/ZH-Alto-1/Pharyngeal/最初的梦想/Control_Group/0007.wav,Chinese,ZH-Alto-1,最初的梦想,Control_Group,0,0,0,0,1,0,1,non_mix,000010,control_negative,0.558826
Chinese#ZH-Alto-1#Breathy#有一种悲伤#Control_Group#0003,D:\-MindEcho-main\ml_dl_models\gtsinger_multitech\dataset\raw\Chinese\ZH-Alto-1\Breathy\有一种悲伤\Control_Group\0003.wav,Chinese/ZH-Alto-1/Breathy/有一种悲伤/Control_Group/0003.wav,Chinese,ZH-Alto-1,有一种悲伤,Control_Group,0,0,0,0,1,0,1,non_mix,000010,control_negative,0.511943
Chinese#ZH-Alto-1#Pharyngeal#有形的翅膀#Control_Group#0006,D:\-MindEcho-main\ml_dl_models\gtsinger_multitech\dataset\raw\Chinese\ZH-Alto-1\Pharyngeal\有形的翅膀\Control_Group\0006.wav,Chinese/ZH-Alto-1/Pharyngeal/有形的翅膀/Control_Group/0006.wav,Chinese,ZH-Alto-1,有形的翅膀,Control_Group,0,0,0,0,1,0,1,non_mix,000010,control_negative,0.489006
Chinese#ZH-Alto-1#Pharyngeal#有形的翅膀#Control_Group#0007,D:\-MindEcho-main\ml_dl_models\gtsinger_multitech\dataset\raw\Chinese\ZH-Alto-1\Pharyngeal\有形的翅膀\Control_Group\0007.wav,Chinese/ZH-Alto-1/Pharyngeal/有形的翅膀/Control_Group/0007.wav,Chinese,ZH-Alto-1,有形的翅膀,Control_Group,0,0,0,0,1,0,1,non_mix,000010,control_negative,0.498115
Chinese#ZH-Alto-1#Pharyngeal#有形的翅膀#Control_Group#0008,D:\-MindEcho-main\ml_dl_models\gtsinger_multitech\dataset\raw\Chinese\ZH-Alto-1\Pharyngeal\有形的翅膀\Control_Group\0008.wav,Chinese/ZH-Alto-1/Pharyngeal/有形的翅膀/Control_Group/0008.wav,Chinese,ZH-Alto-1,有形的翅膀,Control_Group,0,0,0,0,1,0,1,non_mix,000010,control_negative,0.517134
Chinese#ZH-Alto-1#Pharyngeal#有形的翅膀#Control_Group#0011,D:\-MindEcho-main\ml_dl_models\gtsinger_multitech\dataset\raw\Chinese\ZH-Alto-1\Pharyngeal\有形的翅膀\Control_Group\0011.wav,Chinese/ZH-Alto-1/Pharyngeal/有形的翅膀/Control_Group/0011.wav,Chinese,ZH-Alto-1,有形的翅膀,Control_Group,0,0,0,0,1,0,1,non_mix,000010,control_negative,0.588801
Chinese#ZH-Alto-1#Breathy#水星记#Control_Group#0007,D:\-MindEcho-main\ml_dl_models\gtsinger_multitech\dataset\raw\Chinese\ZH-Alto-1\Breathy\水星记\Control_Group\0007.wav,Chinese/ZH-Alto-1/Breathy/水星记/Control_Group/0007.wav,Chinese,ZH-Alto-1,水星记,Control_Group,0,0,0,0,1,0,1,non_mix,000010,control_negative,0.509865
Chinese#ZH-Alto-1#Breathy#水星记#Control_Group#0008,D:\-MindEcho-main\ml_dl_models\gtsinger_multitech\dataset\raw\Chinese\ZH-Alto-1\Breathy\水星记\Control_Group\0008.wav,Chinese/ZH-Alto-1/Breathy/水星记/Control_Group/0008.wav,Chinese,ZH-Alto-1,水星记,Control_Group,0,0,0,0,1,0,1,non_mix,000010,control_negative,0.663182
Chinese#ZH-Alto-1#Breathy#水星记#Control_Group#0009,D:\-MindEcho-main\ml_dl_models\gtsinger_multitech\dataset\raw\Chinese\ZH-Alto-1\Breathy\水星记\Control_Group\0009.wav,Chinese/ZH-Alto-1/Breathy/水星记/Control_Group/0009.wav,Chinese,ZH-Alto-1,水星记,Control_Group,0,0,0,0,1,0,1,non_mix,000010,control_negative,0.559011
Chinese#ZH-Alto-1#Pharyngeal#水星记#Control_Group#0000,D:\-MindEcho-main\ml_dl_models\gtsinger_multitech\dataset\raw\Chinese\ZH-Alto-1\Pharyngeal\水星记\Control_Group\0000.wav,Chinese/ZH-Alto-1/Pharyngeal/水星记/Control_Group/0000.wav,Chinese,ZH-Alto-1,水星记,Control_Group,1,0,0,0,1,0,1,clear_mix,100010,positive_mix,
Chinese#ZH-Alto-1#Pharyngeal#水星记#Control_Group#0001,D:\-MindEcho-main\ml_dl_models\gtsinger_multitech\dataset\raw\Chinese\ZH-Alto-1\Pharyngeal\水星记\Control_Group\0001.wav,Chinese/ZH-Alto-1/Pharyngeal/水星记/Control_Group/0001.wav,Chinese,ZH-Alto-1,水星记,Control_Group,1,0,0,0,1,0,1,clear_mix,100010,positive_mix,
Chinese#ZH-Alto-1#Pharyngeal#水星记#Control_Group#0002,D:\-MindEcho-main\ml_dl_models\gtsinger_multitech\dataset\raw\Chinese\ZH-Alto-1\Pharyngeal\水星记\Control_Group\0002.wav,Chinese/ZH-Alto-1/Pharyngeal/水星记/Control_Group/0002.wav,Chinese,ZH-Alto-1,水星记,Control_Group,1,0,0,0,1,0,1,clear_mix,100010,positive_mix,
Chinese#ZH-Alto-1#Pharyngeal#水星记#Control_Group#0003,D:\-MindEcho-main\ml_dl_models\gtsinger_multitech\dataset\raw\Chinese\ZH-Alto-1\Pharyngeal\水星记\Control_Group\0003.wav,Chinese/ZH-Alto-1/Pharyngeal/水星记/Control_Group/0003.wav,Chinese,ZH-Alto-1,水星记,Control_Group,1,0,0,0,1,0,1,clear_mix,100010,positive_mix,
Chinese#ZH-Alto-1#Pharyngeal#水星记#Control_Group#0004,D:\-MindEcho-main\ml_dl_models\gtsinger_multitech\dataset\raw\Chinese\ZH-Alto-1\Pharyngeal\水星记\Control_Group\0004.wav,Chinese/ZH-Alto-1/Pharyngeal/水星记/Control_Group/0004.wav,Chinese,ZH-Alto-1,水星记,Control_Group,1,0,0,0,1,0,1,clear_mix,100010,positive_mix,
Chinese#ZH-Alto-1#Glissando#没那么简单#Control_Group#0003,D:\-MindEcho-main\ml_dl_models\gtsinger_multitech\dataset\raw\Chinese\ZH-Alto-1\Glissando\没那么简单\Control_Group\0003.wav,Chinese/ZH-Alto-1/Glissando/没那么简单/Control_Group/0003.wav,Chinese,ZH-Alto-1,没那么简单,Control_Group,0,0,0,0,0,0,0,non_mix,000000,control_negative,0.552162
Chinese#ZH-Alto-1#Pharyngeal#没那么简单#Control_Group#0006,D:\-MindEcho-main\ml_dl_models\gtsinger_multitech\dataset\raw\Chinese\ZH-Alto-1\Pharyngeal\没那么简单\Control_Group\0006.wav,Chinese/ZH-Alto-1/Pharyngeal/没那么简单/Control_Group/0006.wav,Chinese,ZH-Alto-1,没那么简单,Control_Group,0,0,0,0,1,0,1,non_mix,000010,control_negative,0.481358
Chinese#ZH-Alto-1#Mixed_Voice_and_Falsetto#演员#Control_Group#0001,D:\-MindEcho-main\ml_dl_models\gtsinger_multitech\dataset\raw\Chinese\ZH-Alto-1\Mixed_Voice_and_Falsetto\演员\Control_Group\0001.wav,Chinese/ZH-Alto-1/Mixed_Voice_and_Falsetto/演员/Control_Group/0001.wav,Chinese,ZH-Alto-1,演员,Control_Group,0,0,0,0,1,0,1,non_mix,000010,control_negative,0.520402
Chinese#ZH-Alto-1#Mixed_Voice_and_Falsetto#演员#Control_Group#0005,D:\-MindEcho-main\ml_dl_models\gtsinger_multitech\dataset\raw\Chinese\ZH-Alto-1\Mixed_Voice_and_Falsetto\演员\Control_Group\0005.wav,Chinese/ZH-Alto-1/Mixed_Voice_and_Falsetto/演员/Control_Group/0005.wav,Chinese,ZH-Alto-1,演员,Control_Group,0,0,0,0,1,0,1,non_mix,000010,control_negative,0.505773
Chinese#ZH-Alto-1#Mixed_Voice_and_Falsetto#演员#Control_Group#0006,D:\-MindEcho-main\ml_dl_models\gtsinger_multitech\dataset\raw\Chinese\ZH-Alto-1\Mixed_Voice_and_Falsetto\演员\Control_Group\0006.wav,Chinese/ZH-Alto-1/Mixed_Voice_and_Falsetto/演员/Control_Group/0006.wav,Chinese,ZH-Alto-1,演员,Control_Group,0,0,0,0,1,0,1,non_mix,000010,control_negative,0.556065
Chinese#ZH-Alto-1#Mixed_Voice_and_Falsetto#演员#Control_Group#0007,D:\-MindEcho-main\ml_dl_models\gtsinger_multitech\dataset\raw\Chinese\ZH-Alto-1\Mixed_Voice_and_Falsetto\演员\Control_Group\0007.wav,Chinese/ZH-Alto-1/Mixed_Voice_and_Falsetto/演员/Control_Group/0007.wav,Chinese,ZH-Alto-1,演员,Control_Group,0,0,0,0,1,0,1,non_mix,000010,control_negative,0.608168
Chinese#ZH-Alto-1#Mixed_Voice_and_Falsetto#演员#Control_Group#0008,D:\-MindEcho-main\ml_dl_models\gtsinger_multitech\dataset\raw\Chinese\ZH-Alto-1\Mixed_Voice_and_Falsetto\演员\Control_Group\0008.wav,Chinese/ZH-Alto-1/Mixed_Voice_and_Falsetto/演员/Control_Group/0008.wav,Chinese,ZH-Alto-1,演员,Control_Group,0,0,0,0,1,0,1,non_mix,000010,control_negative,0.524703
Chinese#ZH-Alto-1#Mixed_Voice_and_Falsetto#演员#Control_Group#0010,D:\-MindEcho-main\ml_dl_models\gtsinger_multitech\dataset\raw\Chinese\ZH-Alto-1\Mixed_Voice_and_Falsetto\演员\Control_Group\0010.wav,Chinese/ZH-Alto-1/Mixed_Voice_and_Falsetto/演员/Control_Group/0010.wav,Chinese,ZH-Alto-1,演员,Control_Group,0,0,0,0,1,0,1,non_mix,000010,control_negative,0.571263
Chinese#ZH-Alto-1#Mixed_Voice_and_Falsetto#演员#Control_Group#0011,D:\-MindEcho-main\ml_dl_models\gtsinger_multitech\dataset\raw\Chinese\ZH-Alto-1\Mixed_Voice_and_Falsetto\演员\Control_Group\0011.wav,Chinese/ZH-Alto-1/Mixed_Voice_and_Falsetto/演员/Control_Group/0011.wav,Chinese,ZH-Alto-1,演员,Control_Group,0,0,0,0,1,0,1,non_mix,000010,control_negative,0.621587
Chinese#ZH-Alto-1#Mixed_Voice_and_Falsetto#演员#Control_Group#0012,D:\-MindEcho-main\ml_dl_models\gtsinger_multitech\dataset\raw\Chinese\ZH-Alto-1\Mixed_Voice_and_Falsetto\演员\Control_Group\0012.wav,Chinese/ZH-Alto-1/Mixed_Voice_and_Falsetto/演员/Control_Group/0012.wav,Chinese,ZH-Alto-1,演员,Control_Group,0,0,0,0,1,0,1,non_mix,000010,control_negative,0.552265
Chinese#ZH-Alto-1#Mixed_Voice_and_Falsetto#演员#Control_Group#0013,D:\-MindEcho-main\ml_dl_models\gtsinger_multitech\dataset\raw\Chinese\ZH-Alto-1\Mixed_Voice_and_Falsetto\演员\Control_Group\0013.wav,Chinese/ZH-Alto-1/Mixed_Voice_and_Falsetto/演员/Control_Group/0013.wav,Chinese,ZH-Alto-1,演员,Control_Group,0,0,0,0,1,0,1,non_mix,000010,control_negative,0.556839
Chinese#ZH-Alto-1#Mixed_Voice_and_Falsetto#演员#Control_Group#0014,D:\-MindEcho-main\ml_dl_models\gtsinger_multitech\dataset\raw\Chinese\ZH-Alto-1\Mixed_Voice_and_Falsetto\演员\Control_Group\0014.wav,Chinese/ZH-Alto-1/Mixed_Voice_and_Falsetto/演员/Control_Group/0014.wav,Chinese,ZH-Alto-1,演员,Control_Group,0,0,0,0,1,0,1,non_mix,000010,control_negative,0.502230
Chinese#ZH-Alto-1#Mixed_Voice_and_Falsetto#演员#Control_Group#0015,D:\-MindEcho-main\ml_dl_models\gtsinger_multitech\dataset\raw\Chinese\ZH-Alto-1\Mixed_Voice_and_Falsetto\演员\Control_Group\0015.wav,Chinese/ZH-Alto-1/Mixed_Voice_and_Falsetto/演员/Control_Group/0015.wav,Chinese,ZH-Alto-1,演员,Control_Group,0,0,0,0,1,0,1,non_mix,000010,control_negative,0.504697
Chinese#ZH-Alto-1#Mixed_Voice_and_Falsetto#演员#Control_Group#0017,D:\-MindEcho-main\ml_dl_models\gtsinger_multitech\dataset\raw\Chinese\ZH-Alto-1\Mixed_Voice_and_Falsetto\演员\Control_Group\0017.wav,Chinese/ZH-Alto-1/Mixed_Voice_and_Falsetto/演员/Control_Group/0017.wav,Chinese,ZH-Alto-1,演员,Control_Group,0,0,0,0,1,0,1,non_mix,000010,control_negative,0.641539
Chinese#ZH-Alto-1#Mixed_Voice_and_Falsetto#演员#Control_Group#0018,D:\-MindEcho-main\ml_dl_models\gtsinger_multitech\dataset\raw\Chinese\ZH-Alto-1\Mixed_Voice_and_Falsetto\演员\Control_Group\0018.wav,Chinese/ZH-Alto-1/Mixed_Voice_and_Falsetto/演员/Control_Group/0018.wav,Chinese,ZH-Alto-1,演员,Control_Group,0,0,0,0,1,0,1,non_mix,000010,control_negative,0.538345
Chinese#ZH-Alto-1#Mixed_Voice_and_Falsetto#演员#Control_Group#0019,D:\-MindEcho-main\ml_dl_models\gtsinger_multitech\dataset\raw\Chinese\ZH-Alto-1\Mixed_Voice_and_Falsetto\演员\Control_Group\0019.wav,Chinese/ZH-Alto-1/Mixed_Voice_and_Falsetto/演员/Control_Group/0019.wav,Chinese,ZH-Alto-1,演员,Control_Group,0,0,0,0,1,0,1,non_mix,000010,control_negative,0.614198
Chinese#ZH-Alto-1#Mixed_Voice_and_Falsetto#演员#Control_Group#0020,D:\-MindEcho-main\ml_dl_models\gtsinger_multitech\dataset\raw\Chinese\ZH-Alto-1\Mixed_Voice_and_Falsetto\演员\Control_Group\0020.wav,Chinese/ZH-Alto-1/Mixed_Voice_and_Falsetto/演员/Control_Group/0020.wav,Chinese,ZH-Alto-1,演员,Control_Group,0,0,0,0,1,0,1,non_mix,000010,control_negative,0.603735
Chinese#ZH-Alto-1#Mixed_Voice_and_Falsetto#演员#Control_Group#0022,D:\-MindEcho-main\ml_dl_models\gtsinger_multitech\dataset\raw\Chinese\ZH-Alto-1\Mixed_Voice_and_Falsetto\演员\Control_Group\0022.wav,Chinese/ZH-Alto-1/Mixed_Voice_and_Falsetto/演员/Control_Group/0022.wav,Chinese,ZH-Alto-1,演员,Control_Group,0,0,0,0,1,0,1,non_mix,000010,control_negative,0.531076
Chinese#ZH-Alto-1#Mixed_Voice_and_Falsetto#烟花易冷#Control_Group#0002,D:\-MindEcho-main\ml_dl_models\gtsinger_multitech\dataset\raw\Chinese\ZH-Alto-1\Mixed_Voice_and_Falsetto\烟花易冷\Control_Group\0002.wav,Chinese/ZH-Alto-1/Mixed_Voice_and_Falsetto/烟花易冷/Control_Group/0002.wav,Chinese,ZH-Alto-1,烟花易冷,Control_Group,0,0,0,0,1,0,1,non_mix,000010,control_negative,0.497407
Chinese#ZH-Alto-1#Mixed_Voice_and_Falsetto#烟花易冷#Control_Group#0003,D:\-MindEcho-main\ml_dl_models\gtsinger_multitech\dataset\raw\Chinese\ZH-Alto-1\Mixed_Voice_and_Falsetto\烟花易冷\Control_Group\0003.wav,Chinese/ZH-Alto-1/Mixed_Voice_and_Falsetto/烟花易冷/Control_Group/0003.wav,Chinese,ZH-Alto-1,烟花易冷,Control_Group,0,0,0,0,1,0,1,non_mix,000010,control_negative,0.547293
Chinese#ZH-Alto-1#Mixed_Voice_and_Falsetto#烟花易冷#Control_Group#0005,D:\-MindEcho-main\ml_dl_models\gtsinger_multitech\dataset\raw\Chinese\ZH-Alto-1\Mixed_Voice_and_Falsetto\烟花易冷\Control_Group\0005.wav,Chinese/ZH-Alto-1/Mixed_Voice_and_Falsetto/烟花易冷/Control_Group/0005.wav,Chinese,ZH-Alto-1,烟花易冷,Control_Group,0,0,0,0,1,0,1,non_mix,000010,control_negative,0.489352
Chinese#ZH-Alto-1#Mixed_Voice_and_Falsetto#烟花易冷#Control_Group#0015,D:\-MindEcho-main\ml_dl_models\gtsinger_multitech\dataset\raw\Chinese\ZH-Alto-1\Mixed_Voice_and_Falsetto\烟花易冷\Control_Group\0015.wav,Chinese/ZH-Alto-1/Mixed_Voice_and_Falsetto/烟花易冷/Control_Group/0015.wav,Chinese,ZH-Alto-1,烟花易冷,Control_Group,0,0,0,0,1,0,1,non_mix,000010,control_negative,0.488519
Chinese#ZH-Alto-1#Mixed_Voice_and_Falsetto#烟花易冷#Control_Group#0019,D:\-MindEcho-main\ml_dl_models\gtsinger_multitech\dataset\raw\Chinese\ZH-Alto-1\Mixed_Voice_and_Falsetto\烟花易冷\Control_Group\0019.wav,Chinese/ZH-Alto-1/Mixed_Voice_and_Falsetto/烟花易冷/Control_Group/0019.wav,Chinese,ZH-Alto-1,烟花易冷,Control_Group,0,0,0,0,1,0,1,non_mix,000010,control_negative,0.477628
Chinese#ZH-Alto-1#Mixed_Voice_and_Falsetto#热雪#Control_Group#0002,D:\-MindEcho-main\ml_dl_models\gtsinger_multitech\dataset\raw\Chinese\ZH-Alto-1\Mixed_Voice_and_Falsetto\热雪\Control_Group\0002.wav,Chinese/ZH-Alto-1/Mixed_Voice_and_Falsetto/热雪/Control_Group/0002.wav,Chinese,ZH-Alto-1,热雪,Control_Group,0,0,0,0,1,0,1,non_mix,000010,control_negative,0.516868
Chinese#ZH-Alto-1#Mixed_Voice_and_Falsetto#爱情转移#Control_Group#0001,D:\-MindEcho-main\ml_dl_models\gtsinger_multitech\dataset\raw\Chinese\ZH-Alto-1\Mixed_Voice_and_Falsetto\爱情转移\Control_Group\0001.wav,Chinese/ZH-Alto-1/Mixed_Voice_and_Falsetto/爱情转移/Control_Group/0001.wav,Chinese,ZH-Alto-1,爱情转移,Control_Group,0,0,0,0,1,0,1,non_mix,000010,control_negative,0.475801
Chinese#ZH-Alto-1#Mixed_Voice_and_Falsetto#爱情转移#Control_Group#0002,D:\-MindEcho-main\ml_dl_models\gtsinger_multitech\dataset\raw\Chinese\ZH-Alto-1\Mixed_Voice_and_Falsetto\爱情转移\Control_Group\0002.wav,Chinese/ZH-Alto-1/Mixed_Voice_and_Falsetto/爱情转移/Control_Group/0002.wav,Chinese,ZH-Alto-1,爱情转移,Control_Group,0,0,0,0,1,0,1,non_mix,000010,control_negative,0.574166
Chinese#ZH-Alto-1#Mixed_Voice_and_Falsetto#爱情转移#Control_Group#0007,D:\-MindEcho-main\ml_dl_models\gtsinger_multitech\dataset\raw\Chinese\ZH-Alto-1\Mixed_Voice_and_Falsetto\爱情转移\Control_Group\0007.wav,Chinese/ZH-Alto-1/Mixed_Voice_and_Falsetto/爱情转移/Control_Group/0007.wav,Chinese,ZH-Alto-1,爱情转移,Control_Group,0,0,0,0,1,0,1,non_mix,000010,control_negative,0.573342
Chinese#ZH-Alto-1#Mixed_Voice_and_Falsetto#爱情转移#Control_Group#0011,D:\-MindEcho-main\ml_dl_models\gtsinger_multitech\dataset\raw\Chinese\ZH-Alto-1\Mixed_Voice_and_Falsetto\爱情转移\Control_Group\0011.wav,Chinese/ZH-Alto-1/Mixed_Voice_and_Falsetto/爱情转移/Control_Group/0011.wav,Chinese,ZH-Alto-1,爱情转移,Control_Group,0,0,0,0,1,0,1,non_mix,000010,control_negative,0.521709
Chinese#ZH-Alto-1#Mixed_Voice_and_Falsetto#画#Control_Group#0005,D:\-MindEcho-main\ml_dl_models\gtsinger_multitech\dataset\raw\Chinese\ZH-Alto-1\Mixed_Voice_and_Falsetto\画\Control_Group\0005.wav,Chinese/ZH-Alto-1/Mixed_Voice_and_Falsetto/画/Control_Group/0005.wav,Chinese,ZH-Alto-1,画,Control_Group,0,0,0,0,1,0,1,non_mix,000010,control_negative,0.533664
Chinese#ZH-Alto-1#Mixed_Voice_and_Falsetto#画心#Control_Group#0002,D:\-MindEcho-main\ml_dl_models\gtsinger_multitech\dataset\raw\Chinese\ZH-Alto-1\Mixed_Voice_and_Falsetto\画心\Control_Group\0002.wav,Chinese/ZH-Alto-1/Mixed_Voice_and_Falsetto/画心/Control_Group/0002.wav,Chinese,ZH-Alto-1,画心,Control_Group,0,0,0,0,1,0,1,non_mix,000010,control_negative,0.617080
Chinese#ZH-Alto-1#Mixed_Voice_and_Falsetto#画心#Control_Group#0003,D:\-MindEcho-main\ml_dl_models\gtsinger_multitech\dataset\raw\Chinese\ZH-Alto-1\Mixed_Voice_and_Falsetto\画心\Control_Group\0003.wav,Chinese/ZH-Alto-1/Mixed_Voice_and_Falsetto/画心/Control_Group/0003.wav,Chinese,ZH-Alto-1,画心,Control_Group,0,0,0,0,1,0,1,non_mix,000010,control_negative,0.500381
Chinese#ZH-Alto-1#Mixed_Voice_and_Falsetto#画心#Control_Group#0005,D:\-MindEcho-main\ml_dl_models\gtsinger_multitech\dataset\raw\Chinese\ZH-Alto-1\Mixed_Voice_and_Falsetto\画心\Control_Group\0005.wav,Chinese/ZH-Alto-1/Mixed_Voice_and_Falsetto/画心/Control_Group/0005.wav,Chinese,ZH-Alto-1,画心,Control_Group,0,0,0,0,1,0,1,non_mix,000010,control_negative,0.534557
Chinese#ZH-Alto-1#Mixed_Voice_and_Falsetto#画心#Control_Group#0007,D:\-MindEcho-main\ml_dl_models\gtsinger_multitech\dataset\raw\Chinese\ZH-Alto-1\Mixed_Voice_and_Falsetto\画心\Control_Group\0007.wav,Chinese/ZH-Alto-1/Mixed_Voice_and_Falsetto/画心/Control_Group/0007.wav,Chinese,ZH-Alto-1,画心,Control_Group,0,0,0,0,1,0,1,non_mix,000010,control_negative,0.634118
Chinese#ZH-Alto-1#Mixed_Voice_and_Falsetto#画心#Control_Group#0010,D:\-MindEcho-main\ml_dl_models\gtsinger_multitech\dataset\raw\Chinese\ZH-Alto-1\Mixed_Voice_and_Falsetto\画心\Control_Group\0010.wav,Chinese/ZH-Alto-1/Mixed_Voice_and_Falsetto/画心/Control_Group/0010.wav,Chinese,ZH-Alto-1,画心,Control_Group,0,0,0,0,1,0,1,non_mix,000010,control_negative,0.488118
Chinese#ZH-Alto-1#Mixed_Voice_and_Falsetto#画心#Control_Group#0011,D:\-MindEcho-main\ml_dl_models\gtsinger_multitech\dataset\raw\Chinese\ZH-Alto-1\Mixed_Voice_and_Falsetto\画心\Control_Group\0011.wav,Chinese/ZH-Alto-1/Mixed_Voice_and_Falsetto/画心/Control_Group/0011.wav,Chinese,ZH-Alto-1,画心,Control_Group,0,0,0,0,1,0,1,non_mix,000010,control_negative,0.503538
Chinese#ZH-Alto-1#Mixed_Voice_and_Falsetto#知足#Control_Group#0007,D:\-MindEcho-main\ml_dl_models\gtsinger_multitech\dataset\raw\Chinese\ZH-Alto-1\Mixed_Voice_and_Falsetto\知足\Control_Group\0007.wav,Chinese/ZH-Alto-1/Mixed_Voice_and_Falsetto/知足/Control_Group/0007.wav,Chinese,ZH-Alto-1,知足,Control_Group,0,0,0,0,1,0,1,non_mix,000010,control_negative,0.555432
Chinese#ZH-Alto-1#Mixed_Voice_and_Falsetto#知足#Control_Group#0009,D:\-MindEcho-main\ml_dl_models\gtsinger_multitech\dataset\raw\Chinese\ZH-Alto-1\Mixed_Voice_and_Falsetto\知足\Control_Group\0009.wav,Chinese/ZH-Alto-1/Mixed_Voice_and_Falsetto/知足/Control_Group/0009.wav,Chinese,ZH-Alto-1,知足,Control_Group,0,0,0,0,1,0,1,non_mix,000010,control_negative,0.562163
Chinese#ZH-Alto-1#Mixed_Voice_and_Falsetto#知足#Control_Group#0014,D:\-MindEcho-main\ml_dl_models\gtsinger_multitech\dataset\raw\Chinese\ZH-Alto-1\Mixed_Voice_and_Falsetto\知足\Control_Group\0014.wav,Chinese/ZH-Alto-1/Mixed_Voice_and_Falsetto/知足/Control_Group/0014.wav,Chinese,ZH-Alto-1,知足,Control_Group,0,0,0,0,1,0,1,non_mix,000010,control_negative,0.557368
Chinese#ZH-Alto-1#Mixed_Voice_and_Falsetto#红玫瑰#Control_Group#0003,D:\-MindEcho-main\ml_dl_models\gtsinger_multitech\dataset\raw\Chinese\ZH-Alto-1\Mixed_Voice_and_Falsetto\红玫瑰\Control_Group\0003.wav,Chinese/ZH-Alto-1/Mixed_Voice_and_Falsetto/红玫瑰/Control_Group/0003.wav,Chinese,ZH-Alto-1,红玫瑰,Control_Group,0,0,0,0,1,0,1,non_mix,000010,control_negative,0.514023
Chinese#ZH-Alto-1#Mixed_Voice_and_Falsetto#红玫瑰#Control_Group#0005,D:\-MindEcho-main\ml_dl_models\gtsinger_multitech\dataset\raw\Chinese\ZH-Alto-1\Mixed_Voice_and_Falsetto\红玫瑰\Control_Group\0005.wav,Chinese/ZH-Alto-1/Mixed_Voice_and_Falsetto/红玫瑰/Control_Group/0005.wav,Chinese,ZH-Alto-1,红玫瑰,Control_Group,0,0,0,0,1,0,1,non_mix,000010,control_negative,0.485402
Chinese#ZH-Alto-1#Mixed_Voice_and_Falsetto#红玫瑰#Control_Group#0007,D:\-MindEcho-main\ml_dl_models\gtsinger_multitech\dataset\raw\Chinese\ZH-Alto-1\Mixed_Voice_and_Falsetto\红玫瑰\Control_Group\0007.wav,Chinese/ZH-Alto-1/Mixed_Voice_and_Falsetto/红玫瑰/Control_Group/0007.wav,Chinese,ZH-Alto-1,红玫瑰,Control_Group,0,0,0,0,1,0,1,non_mix,000010,control_negative,0.549958
Chinese#ZH-Alto-1#Mixed_Voice_and_Falsetto#红玫瑰#Control_Group#0010,D:\-MindEcho-main\ml_dl_models\gtsinger_multitech\dataset\raw\Chinese\ZH-Alto-1\Mixed_Voice_and_Falsetto\红玫瑰\Control_Group\0010.wav,Chinese/ZH-Alto-1/Mixed_Voice_and_Falsetto/红玫瑰/Control_Group/0010.wav,Chinese,ZH-Alto-1,红玫瑰,Control_Group,0,0,0,0,1,0,1,non_mix,000010,control_negative,0.540163
Chinese#ZH-Alto-1#Mixed_Voice_and_Falsetto#红玫瑰#Control_Group#0011,D:\-MindEcho-main\ml_dl_models\gtsinger_multitech\dataset\raw\Chinese\ZH-Alto-1\Mixed_Voice_and_Falsetto\红玫瑰\Control_Group\0011.wav,Chinese/ZH-Alto-1/Mixed_Voice_and_Falsetto/红玫瑰/Control_Group/0011.wav,Chinese,ZH-Alto-1,红玫瑰,Control_Group,0,0,0,0,1,0,1,non_mix,000010,control_negative,0.567598
Chinese#ZH-Alto-1#Mixed_Voice_and_Falsetto#红玫瑰#Control_Group#0012,D:\-MindEcho-main\ml_dl_models\gtsinger_multitech\dataset\raw\Chinese\ZH-Alto-1\Mixed_Voice_and_Falsetto\红玫瑰\Control_Group\0012.wav,Chinese/ZH-Alto-1/Mixed_Voice_and_Falsetto/红玫瑰/Control_Group/0012.wav,Chinese,ZH-Alto-1,红玫瑰,Control_Group,0,0,0,0,1,0,1,non_mix,000010,control_negative,0.475758
Chinese#ZH-Alto-1#Mixed_Voice_and_Falsetto#红玫瑰#Control_Group#0013,D:\-MindEcho-main\ml_dl_models\gtsinger_multitech\dataset\raw\Chinese\ZH-Alto-1\Mixed_Voice_and_Falsetto\红玫瑰\Control_Group\0013.wav,Chinese/ZH-Alto-1/Mixed_Voice_and_Falsetto/红玫瑰/Control_Group/0013.wav,Chinese,ZH-Alto-1,红玫瑰,Control_Group,0,0,0,0,1,0,1,non_mix,000010,control_negative,0.519278
Chinese#ZH-Alto-1#Mixed_Voice_and_Falsetto#红玫瑰#Control_Group#0015,D:\-MindEcho-main\ml_dl_models\gtsinger_multitech\dataset\raw\Chinese\ZH-Alto-1\Mixed_Voice_and_Falsetto\红玫瑰\Control_Group\0015.wav,Chinese/ZH-Alto-1/Mixed_Voice_and_Falsetto/红玫瑰/Control_Group/0015.wav,Chinese,ZH-Alto-1,红玫瑰,Control_Group,0,0,0,0,1,0,1,non_mix,000010,control_negative,0.575644
Chinese#ZH-Alto-1#Mixed_Voice_and_Falsetto#终于等到你#Control_Group#0007,D:\-MindEcho-main\ml_dl_models\gtsinger_multitech\dataset\raw\Chinese\ZH-Alto-1\Mixed_Voice_and_Falsetto\终于等到你\Control_Group\0007.wav,Chinese/ZH-Alto-1/Mixed_Voice_and_Falsetto/终于等到你/Control_Group/0007.wav,Chinese,ZH-Alto-1,终于等到你,Control_Group,0,0,0,0,1,0,1,non_mix,000010,control_negative,0.607819
Chinese#ZH-Alto-1#Breathy#给电影人的情书#Control_Group#0008,D:\-MindEcho-main\ml_dl_models\gtsinger_multitech\dataset\raw\Chinese\ZH-Alto-1\Breathy\给电影人的情书\Control_Group\0008.wav,Chinese/ZH-Alto-1/Breathy/给电影人的情书/Control_Group/0008.wav,Chinese,ZH-Alto-1,给电影人的情书,Control_Group,0,0,0,0,1,0,1,non_mix,000010,control_negative,0.542489
Chinese#ZH-Alto-1#Mixed_Voice_and_Falsetto#给电影人的情书#Control_Group#0003,D:\-MindEcho-main\ml_dl_models\gtsinger_multitech\dataset\raw\Chinese\ZH-Alto-1\Mixed_Voice_and_Falsetto\给电影人的情书\Control_Group\0003.wav,Chinese/ZH-Alto-1/Mixed_Voice_and_Falsetto/给电影人的情书/Control_Group/0003.wav,Chinese,ZH-Alto-1,给电影人的情书,Control_Group,0,0,0,0,1,0,1,non_mix,000010,control_negative,0.624701
Chinese#ZH-Alto-1#Mixed_Voice_and_Falsetto#给电影人的情书#Control_Group#0004,D:\-MindEcho-main\ml_dl_models\gtsinger_multitech\dataset\raw\Chinese\ZH-Alto-1\Mixed_Voice_and_Falsetto\给电影人的情书\Control_Group\0004.wav,Chinese/ZH-Alto-1/Mixed_Voice_and_Falsetto/给电影人的情书/Control_Group/0004.wav,Chinese,ZH-Alto-1,给电影人的情书,Control_Group,0,0,0,0,1,0,1,non_mix,000010,control_negative,0.518354
Chinese#ZH-Alto-1#Mixed_Voice_and_Falsetto#给电影人的情书#Control_Group#0007,D:\-MindEcho-main\ml_dl_models\gtsinger_multitech\dataset\raw\Chinese\ZH-Alto-1\Mixed_Voice_and_Falsetto\给电影人的情书\Control_Group\0007.wav,Chinese/ZH-Alto-1/Mixed_Voice_and_Falsetto/给电影人的情书/Control_Group/0007.wav,Chinese,ZH-Alto-1,给电影人的情书,Control_Group,0,0,0,0,1,0,1,non_mix,000010,control_negative,0.490024
Chinese#ZH-Alto-1#Mixed_Voice_and_Falsetto#给电影人的情书#Control_Group#0008,D:\-MindEcho-main\ml_dl_models\gtsinger_multitech\dataset\raw\Chinese\ZH-Alto-1\Mixed_Voice_and_Falsetto\给电影人的情书\Control_Group\0008.wav,Chinese/ZH-Alto-1/Mixed_Voice_and_Falsetto/给电影人的情书/Control_Group/0008.wav,Chinese,ZH-Alto-1,给电影人的情书,Control_Group,0,0,0,0,1,0,1,non_mix,000010,control_negative,0.669368
Chinese#ZH-Alto-1#Mixed_Voice_and_Falsetto#给电影人的情书#Control_Group#0009,D:\-MindEcho-main\ml_dl_models\gtsinger_multitech\dataset\raw\Chinese\ZH-Alto-1\Mixed_Voice_and_Falsetto\给电影人的情书\Control_Group\0009.wav,Chinese/ZH-Alto-1/Mixed_Voice_and_Falsetto/给电影人的情书/Control_Group/0009.wav,Chinese,ZH-Alto-1,给电影人的情书,Control_Group,0,0,0,0,1,0,1,non_mix,000010,control_negative,0.636764
Chinese#ZH-Alto-1#Mixed_Voice_and_Falsetto#给电影人的情书#Control_Group#0010,D:\-MindEcho-main\ml_dl_models\gtsinger_multitech\dataset\raw\Chinese\ZH-Alto-1\Mixed_Voice_and_Falsetto\给电影人的情书\Control_Group\0010.wav,Chinese/ZH-Alto-1/Mixed_Voice_and_Falsetto/给电影人的情书/Control_Group/0010.wav,Chinese,ZH-Alto-1,给电影人的情书,Control_Group,0,0,0,0,1,0,1,non_mix,000010,control_negative,0.494972
Chinese#ZH-Alto-1#Mixed_Voice_and_Falsetto#老男孩#Control_Group#0000,D:\-MindEcho-main\ml_dl_models\gtsinger_multitech\dataset\raw\Chinese\ZH-Alto-1\Mixed_Voice_and_Falsetto\老男孩\Control_Group\0000.wav,Chinese/ZH-Alto-1/Mixed_Voice_and_Falsetto/老男孩/Control_Group/0000.wav,Chinese,ZH-Alto-1,老男孩,Control_Group,0,0,0,0,1,0,1,non_mix,000010,control_negative,0.500862
Chinese#ZH-Alto-1#Mixed_Voice_and_Falsetto#老男孩#Control_Group#0004,D:\-MindEcho-main\ml_dl_models\gtsinger_multitech\dataset\raw\Chinese\ZH-Alto-1\Mixed_Voice_and_Falsetto\老男孩\Control_Group\0004.wav,Chinese/ZH-Alto-1/Mixed_Voice_and_Falsetto/老男孩/Control_Group/0004.wav,Chinese,ZH-Alto-1,老男孩,Control_Group,0,0,0,1,1,0,1,non_mix,000110,control_negative,0.496654
Chinese#ZH-Alto-1#Mixed_Voice_and_Falsetto#老男孩#Control_Group#0005,D:\-MindEcho-main\ml_dl_models\gtsinger_multitech\dataset\raw\Chinese\ZH-Alto-1\Mixed_Voice_and_Falsetto\老男孩\Control_Group\0005.wav,Chinese/ZH-Alto-1/Mixed_Voice_and_Falsetto/老男孩/Control_Group/0005.wav,Chinese,ZH-Alto-1,老男孩,Control_Group,0,0,0,0,1,0,1,non_mix,000010,control_negative,0.555424
Chinese#ZH-Alto-1#Mixed_Voice_and_Falsetto#老男孩#Control_Group#0007,D:\-MindEcho-main\ml_dl_models\gtsinger_multitech\dataset\raw\Chinese\ZH-Alto-1\Mixed_Voice_and_Falsetto\老男孩\Control_Group\0007.wav,Chinese/ZH-Alto-1/Mixed_Voice_and_Falsetto/老男孩/Control_Group/0007.wav,Chinese,ZH-Alto-1,老男孩,Control_Group,0,0,0,0,1,0,1,non_mix,000010,control_negative,0.572306
Chinese#ZH-Alto-1#Mixed_Voice_and_Falsetto#老男孩#Control_Group#0015,D:\-MindEcho-main\ml_dl_models\gtsinger_multitech\dataset\raw\Chinese\ZH-Alto-1\Mixed_Voice_and_Falsetto\老男孩\Control_Group\0015.wav,Chinese/ZH-Alto-1/Mixed_Voice_and_Falsetto/老男孩/Control_Group/0015.wav,Chinese,ZH-Alto-1,老男孩,Control_Group,0,0,0,0,1,0,1,non_mix,000010,control_negative,0.535833
Chinese#ZH-Alto-1#Mixed_Voice_and_Falsetto#老男孩#Control_Group#0017,D:\-MindEcho-main\ml_dl_models\gtsinger_multitech\dataset\raw\Chinese\ZH-Alto-1\Mixed_Voice_and_Falsetto\老男孩\Control_Group\0017.wav,Chinese/ZH-Alto-1/Mixed_Voice_and_Falsetto/老男孩/Control_Group/0017.wav,Chinese,ZH-Alto-1,老男孩,Control_Group,0,0,0,0,1,0,1,non_mix,000010,control_negative,0.511460
Chinese#ZH-Alto-1#Mixed_Voice_and_Falsetto#菊花台#Control_Group#0002,D:\-MindEcho-main\ml_dl_models\gtsinger_multitech\dataset\raw\Chinese\ZH-Alto-1\Mixed_Voice_and_Falsetto\菊花台\Control_Group\0002.wav,Chinese/ZH-Alto-1/Mixed_Voice_and_Falsetto/菊花台/Control_Group/0002.wav,Chinese,ZH-Alto-1,菊花台,Control_Group,0,0,0,0,1,0,1,non_mix,000010,control_negative,0.475527
Chinese#ZH-Alto-1#Mixed_Voice_and_Falsetto#菊花台#Control_Group#0004,D:\-MindEcho-main\ml_dl_models\gtsinger_multitech\dataset\raw\Chinese\ZH-Alto-1\Mixed_Voice_and_Falsetto\菊花台\Control_Group\0004.wav,Chinese/ZH-Alto-1/Mixed_Voice_and_Falsetto/菊花台/Control_Group/0004.wav,Chinese,ZH-Alto-1,菊花台,Control_Group,0,0,0,0,1,0,1,non_mix,000010,control_negative,0.501339
Chinese#ZH-Alto-1#Mixed_Voice_and_Falsetto#菊花台#Control_Group#0005,D:\-MindEcho-main\ml_dl_models\gtsinger_multitech\dataset\raw\Chinese\ZH-Alto-1\Mixed_Voice_and_Falsetto\菊花台\Control_Group\0005.wav,Chinese/ZH-Alto-1/Mixed_Voice_and_Falsetto/菊花台/Control_Group/0005.wav,Chinese,ZH-Alto-1,菊花台,Control_Group,0,0,0,0,1,0,1,non_mix,000010,control_negative,0.532042
Chinese#ZH-Alto-1#Mixed_Voice_and_Falsetto#菊花台#Control_Group#0009,D:\-MindEcho-main\ml_dl_models\gtsinger_multitech\dataset\raw\Chinese\ZH-Alto-1\Mixed_Voice_and_Falsetto\菊花台\Control_Group\0009.wav,Chinese/ZH-Alto-1/Mixed_Voice_and_Falsetto/菊花台/Control_Group/0009.wav,Chinese,ZH-Alto-1,菊花台,Control_Group,0,0,0,0,1,0,1,non_mix,000010,control_negative,0.512463
Chinese#ZH-Alto-1#Mixed_Voice_and_Falsetto#菊花台#Control_Group#0011,D:\-MindEcho-main\ml_dl_models\gtsinger_multitech\dataset\raw\Chinese\ZH-Alto-1\Mixed_Voice_and_Falsetto\菊花台\Control_Group\0011.wav,Chinese/ZH-Alto-1/Mixed_Voice_and_Falsetto/菊花台/Control_Group/0011.wav,Chinese,ZH-Alto-1,菊花台,Control_Group,0,0,0,0,1,0,1,non_mix,000010,control_negative,0.618166
Chinese#ZH-Alto-1#Mixed_Voice_and_Falsetto#菊花台#Control_Group#0013,D:\-MindEcho-main\ml_dl_models\gtsinger_multitech\dataset\raw\Chinese\ZH-Alto-1\Mixed_Voice_and_Falsetto\菊花台\Control_Group\0013.wav,Chinese/ZH-Alto-1/Mixed_Voice_and_Falsetto/菊花台/Control_Group/0013.wav,Chinese,ZH-Alto-1,菊花台,Control_Group,0,0,0,0,1,0,1,non_mix,000010,control_negative,0.494218
Chinese#ZH-Alto-1#Mixed_Voice_and_Falsetto#菊花台#Control_Group#0014,D:\-MindEcho-main\ml_dl_models\gtsinger_multitech\dataset\raw\Chinese\ZH-Alto-1\Mixed_Voice_and_Falsetto\菊花台\Control_Group\0014.wav,Chinese/ZH-Alto-1/Mixed_Voice_and_Falsetto/菊花台/Control_Group/0014.wav,Chinese,ZH-Alto-1,菊花台,Control_Group,0,0,0,0,1,0,1,non_mix,000010,control_negative,0.544437
Chinese#ZH-Alto-1#Mixed_Voice_and_Falsetto#菊花台#Control_Group#0015,D:\-MindEcho-main\ml_dl_models\gtsinger_multitech\dataset\raw\Chinese\ZH-Alto-1\Mixed_Voice_and_Falsetto\菊花台\Control_Group\0015.wav,Chinese/ZH-Alto-1/Mixed_Voice_and_Falsetto/菊花台/Control_Group/0015.wav,Chinese,ZH-Alto-1,菊花台,Control_Group,0,0,0,0,1,0,1,non_mix,000010,control_negative,0.561224
Chinese#ZH-Alto-1#Mixed_Voice_and_Falsetto#菊花台#Control_Group#0016,D:\-MindEcho-main\ml_dl_models\gtsinger_multitech\dataset\raw\Chinese\ZH-Alto-1\Mixed_Voice_and_Falsetto\菊花台\Control_Group\0016.wav,Chinese/ZH-Alto-1/Mixed_Voice_and_Falsetto/菊花台/Control_Group/0016.wav,Chinese,ZH-Alto-1,菊花台,Control_Group,0,0,0,0,1,0,1,non_mix,000010,control_negative,0.490881
Chinese#ZH-Alto-1#Mixed_Voice_and_Falsetto#菊花台#Control_Group#0019,D:\-MindEcho-main\ml_dl_models\gtsinger_multitech\dataset\raw\Chinese\ZH-Alto-1\Mixed_Voice_and_Falsetto\菊花台\Control_Group\0019.wav,Chinese/ZH-Alto-1/Mixed_Voice_and_Falsetto/菊花台/Control_Group/0019.wav,Chinese,ZH-Alto-1,菊花台,Control_Group,0,0,0,0,1,0,1,non_mix,000010,control_negative,0.534303
Chinese#ZH-Alto-1#Vibrato#菊花台#Control_Group#0006,D:\-MindEcho-main\ml_dl_models\gtsinger_multitech\dataset\raw\Chinese\ZH-Alto-1\Vibrato\菊花台\Control_Group\0006.wav,Chinese/ZH-Alto-1/Vibrato/菊花台/Control_Group/0006.wav,Chinese,ZH-Alto-1,菊花台,Control_Group,0,0,0,0,1,0,1,non_mix,000010,control_negative,0.533342
Chinese#ZH-Alto-1#Vibrato#菊花台#Control_Group#0009,D:\-MindEcho-main\ml_dl_models\gtsinger_multitech\dataset\raw\Chinese\ZH-Alto-1\Vibrato\菊花台\Control_Group\0009.wav,Chinese/ZH-Alto-1/Vibrato/菊花台/Control_Group/0009.wav,Chinese,ZH-Alto-1,菊花台,Control_Group,0,0,0,0,1,0,1,non_mix,000010,control_negative,0.551160
Chinese#ZH-Alto-1#Vibrato#菊花台#Control_Group#0011,D:\-MindEcho-main\ml_dl_models\gtsinger_multitech\dataset\raw\Chinese\ZH-Alto-1\Vibrato\菊花台\Control_Group\0011.wav,Chinese/ZH-Alto-1/Vibrato/菊花台/Control_Group/0011.wav,Chinese,ZH-Alto-1,菊花台,Control_Group,0,0,0,0,1,0,1,non_mix,000010,control_negative,0.519529
Chinese#ZH-Alto-1#Vibrato#菊花台#Control_Group#0012,D:\-MindEcho-main\ml_dl_models\gtsinger_multitech\dataset\raw\Chinese\ZH-Alto-1\Vibrato\菊花台\Control_Group\0012.wav,Chinese/ZH-Alto-1/Vibrato/菊花台/Control_Group/0012.wav,Chinese,ZH-Alto-1,菊花台,Control_Group,0,0,0,0,1,0,1,non_mix,000010,control_negative,0.518371
Chinese#ZH-Alto-1#Vibrato#菊花台#Control_Group#0014,D:\-MindEcho-main\ml_dl_models\gtsinger_multitech\dataset\raw\Chinese\ZH-Alto-1\Vibrato\菊花台\Control_Group\0014.wav,Chinese/ZH-Alto-1/Vibrato/菊花台/Control_Group/0014.wav,Chinese,ZH-Alto-1,菊花台,Control_Group,0,0,0,0,1,0,1,non_mix,000010,control_negative,0.479410
Chinese#ZH-Alto-1#Vibrato#菊花台#Control_Group#0016,D:\-MindEcho-main\ml_dl_models\gtsinger_multitech\dataset\raw\Chinese\ZH-Alto-1\Vibrato\菊花台\Control_Group\0016.wav,Chinese/ZH-Alto-1/Vibrato/菊花台/Control_Group/0016.wav,Chinese,ZH-Alto-1,菊花台,Control_Group,0,0,0,0,1,0,1,non_mix,000010,control_negative,0.500233
Chinese#ZH-Alto-1#Vibrato#菊花台#Control_Group#0017,D:\-MindEcho-main\ml_dl_models\gtsinger_multitech\dataset\raw\Chinese\ZH-Alto-1\Vibrato\菊花台\Control_Group\0017.wav,Chinese/ZH-Alto-1/Vibrato/菊花台/Control_Group/0017.wav,Chinese,ZH-Alto-1,菊花台,Control_Group,0,0,0,0,1,0,1,non_mix,000010,control_negative,0.479995
Chinese#ZH-Alto-1#Mixed_Voice_and_Falsetto#贝加尔湖畔#Control_Group#0001,D:\-MindEcho-main\ml_dl_models\gtsinger_multitech\dataset\raw\Chinese\ZH-Alto-1\Mixed_Voice_and_Falsetto\贝加尔湖畔\Control_Group\0001.wav,Chinese/ZH-Alto-1/Mixed_Voice_and_Falsetto/贝加尔湖畔/Control_Group/0001.wav,Chinese,ZH-Alto-1,贝加尔湖畔,Control_Group,0,0,0,0,1,0,1,non_mix,000010,control_negative,0.506471
Chinese#ZH-Alto-1#Mixed_Voice_and_Falsetto#贝加尔湖畔#Control_Group#0002,D:\-MindEcho-main\ml_dl_models\gtsinger_multitech\dataset\raw\Chinese\ZH-Alto-1\Mixed_Voice_and_Falsetto\贝加尔湖畔\Control_Group\0002.wav,Chinese/ZH-Alto-1/Mixed_Voice_and_Falsetto/贝加尔湖畔/Control_Group/0002.wav,Chinese,ZH-Alto-1,贝加尔湖畔,Control_Group,0,0,0,0,1,0,1,non_mix,000010,control_negative,0.492692
Chinese#ZH-Alto-1#Mixed_Voice_and_Falsetto#贝加尔湖畔#Control_Group#0003,D:\-MindEcho-main\ml_dl_models\gtsinger_multitech\dataset\raw\Chinese\ZH-Alto-1\Mixed_Voice_and_Falsetto\贝加尔湖畔\Control_Group\0003.wav,Chinese/ZH-Alto-1/Mixed_Voice_and_Falsetto/贝加尔湖畔/Control_Group/0003.wav,Chinese,ZH-Alto-1,贝加尔湖畔,Control_Group,0,0,0,0,1,0,1,non_mix,000010,control_negative,0.669712
Chinese#ZH-Alto-1#Mixed_Voice_and_Falsetto#贝加尔湖畔#Control_Group#0005,D:\-MindEcho-main\ml_dl_models\gtsinger_multitech\dataset\raw\Chinese\ZH-Alto-1\Mixed_Voice_and_Falsetto\贝加尔湖畔\Control_Group\0005.wav,Chinese/ZH-Alto-1/Mixed_Voice_and_Falsetto/贝加尔湖畔/Control_Group/0005.wav,Chinese,ZH-Alto-1,贝加尔湖畔,Control_Group,0,0,0,0,1,0,1,non_mix,000010,control_negative,0.578289
Chinese#ZH-Alto-1#Mixed_Voice_and_Falsetto#贝加尔湖畔#Control_Group#0007,D:\-MindEcho-main\ml_dl_models\gtsinger_multitech\dataset\raw\Chinese\ZH-Alto-1\Mixed_Voice_and_Falsetto\贝加尔湖畔\Control_Group\0007.wav,Chinese/ZH-Alto-1/Mixed_Voice_and_Falsetto/贝加尔湖畔/Control_Group/0007.wav,Chinese,ZH-Alto-1,贝加尔湖畔,Control_Group,0,0,0,1,1,0,1,non_mix,000110,control_negative,0.514181
Chinese#ZH-Alto-1#Mixed_Voice_and_Falsetto#贝加尔湖畔#Control_Group#0010,D:\-MindEcho-main\ml_dl_models\gtsinger_multitech\dataset\raw\Chinese\ZH-Alto-1\Mixed_Voice_and_Falsetto\贝加尔湖畔\Control_Group\0010.wav,Chinese/ZH-Alto-1/Mixed_Voice_and_Falsetto/贝加尔湖畔/Control_Group/0010.wav,Chinese,ZH-Alto-1,贝加尔湖畔,Control_Group,0,0,0,0,1,0,1,non_mix,000010,control_negative,0.515469
Chinese#ZH-Alto-1#Mixed_Voice_and_Falsetto#贝加尔湖畔#Control_Group#0011,D:\-MindEcho-main\ml_dl_models\gtsinger_multitech\dataset\raw\Chinese\ZH-Alto-1\Mixed_Voice_and_Falsetto\贝加尔湖畔\Control_Group\0011.wav,Chinese/ZH-Alto-1/Mixed_Voice_and_Falsetto/贝加尔湖畔/Control_Group/0011.wav,Chinese,ZH-Alto-1,贝加尔湖畔,Control_Group,0,0,0,1,1,0,1,non_mix,000110,control_negative,0.537686
Chinese#ZH-Alto-1#Vibrato#贝加尔湖畔#Control_Group#0005,D:\-MindEcho-main\ml_dl_models\gtsinger_multitech\dataset\raw\Chinese\ZH-Alto-1\Vibrato\贝加尔湖畔\Control_Group\0005.wav,Chinese/ZH-Alto-1/Vibrato/贝加尔湖畔/Control_Group/0005.wav,Chinese,ZH-Alto-1,贝加尔湖畔,Control_Group,0,0,0,0,1,0,1,non_mix,000010,control_negative,0.498448
Chinese#ZH-Alto-1#Vibrato#贝加尔湖畔#Control_Group#0006,D:\-MindEcho-main\ml_dl_models\gtsinger_multitech\dataset\raw\Chinese\ZH-Alto-1\Vibrato\贝加尔湖畔\Control_Group\0006.wav,Chinese/ZH-Alto-1/Vibrato/贝加尔湖畔/Control_Group/0006.wav,Chinese,ZH-Alto-1,贝加尔湖畔,Control_Group,0,0,0,0,1,0,1,non_mix,000010,control_negative,0.484076
Chinese#ZH-Alto-1#Vibrato#贝加尔湖畔#Control_Group#0007,D:\-MindEcho-main\ml_dl_models\gtsinger_multitech\dataset\raw\Chinese\ZH-Alto-1\Vibrato\贝加尔湖畔\Control_Group\0007.wav,Chinese/ZH-Alto-1/Vibrato/贝加尔湖畔/Control_Group/0007.wav,Chinese,ZH-Alto-1,贝加尔湖畔,Control_Group,0,0,0,0,1,0,1,non_mix,000010,control_negative,0.477731
Chinese#ZH-Alto-1#Vibrato#贝加尔湖畔#Control_Group#0011,D:\-MindEcho-main\ml_dl_models\gtsinger_multitech\dataset\raw\Chinese\ZH-Alto-1\Vibrato\贝加尔湖畔\Control_Group\0011.wav,Chinese/ZH-Alto-1/Vibrato/贝加尔湖畔/Control_Group/0011.wav,Chinese,ZH-Alto-1,贝加尔湖畔,Control_Group,0,0,0,0,1,0,1,non_mix,000010,control_negative,0.523791
Chinese#ZH-Alto-1#Vibrato#贝加尔湖畔#Control_Group#0012,D:\-MindEcho-main\ml_dl_models\gtsinger_multitech\dataset\raw\Chinese\ZH-Alto-1\Vibrato\贝加尔湖畔\Control_Group\0012.wav,Chinese/ZH-Alto-1/Vibrato/贝加尔湖畔/Control_Group/0012.wav,Chinese,ZH-Alto-1,贝加尔湖畔,Control_Group,0,0,0,0,1,0,1,non_mix,000010,control_negative,0.540519
Chinese#ZH-Alto-1#Breathy#走马#Control_Group#0004,D:\-MindEcho-main\ml_dl_models\gtsinger_multitech\dataset\raw\Chinese\ZH-Alto-1\Breathy\走马\Control_Group\0004.wav,Chinese/ZH-Alto-1/Breathy/走马/Control_Group/0004.wav,Chinese,ZH-Alto-1,走马,Control_Group,0,0,0,0,0,0,0,non_mix,000000,control_negative,0.592143
Chinese#ZH-Alto-1#Pharyngeal#逆光#Control_Group#0002,D:\-MindEcho-main\ml_dl_models\gtsinger_multitech\dataset\raw\Chinese\ZH-Alto-1\Pharyngeal\逆光\Control_Group\0002.wav,Chinese/ZH-Alto-1/Pharyngeal/逆光/Control_Group/0002.wav,Chinese,ZH-Alto-1,逆光,Control_Group,1,0,0,0,1,0,1,clear_mix,100010,positive_mix,
Chinese#ZH-Alto-1#Pharyngeal#逆光#Control_Group#0003,D:\-MindEcho-main\ml_dl_models\gtsinger_multitech\dataset\raw\Chinese\ZH-Alto-1\Pharyngeal\逆光\Control_Group\0003.wav,Chinese/ZH-Alto-1/Pharyngeal/逆光/Control_Group/0003.wav,Chinese,ZH-Alto-1,逆光,Control_Group,1,0,0,0,1,0,1,clear_mix,100010,positive_mix,
Chinese#ZH-Alto-1#Vibrato#遇见#Control_Group#0013,D:\-MindEcho-main\ml_dl_models\gtsinger_multitech\dataset\raw\Chinese\ZH-Alto-1\Vibrato\遇见\Control_Group\0013.wav,Chinese/ZH-Alto-1/Vibrato/遇见/Control_Group/0013.wav,Chinese,ZH-Alto-1,遇见,Control_Group,0,0,0,0,1,0,1,non_mix,000010,control_negative,0.539266
Chinese#ZH-Alto-1#Pharyngeal#隐形的翅膀#Control_Group#0003,D:\-MindEcho-main\ml_dl_models\gtsinger_multitech\dataset\raw\Chinese\ZH-Alto-1\Pharyngeal\隐形的翅膀\Control_Group\0003.wav,Chinese/ZH-Alto-1/Pharyngeal/隐形的翅膀/Control_Group/0003.wav,Chinese,ZH-Alto-1,隐形的翅膀,Control_Group,0,0,0,0,1,0,1,non_mix,000010,control_negative,0.487277
Chinese#ZH-Alto-1#Pharyngeal#隐形的翅膀#Control_Group#0011,D:\-MindEcho-main\ml_dl_models\gtsinger_multitech\dataset\raw\Chinese\ZH-Alto-1\Pharyngeal\隐形的翅膀\Control_Group\0011.wav,Chinese/ZH-Alto-1/Pharyngeal/隐形的翅膀/Control_Group/0011.wav,Chinese,ZH-Alto-1,隐形的翅膀,Control_Group,0,0,0,0,1,0,1,non_mix,000010,control_negative,0.626788
Chinese#ZH-Alto-1#Pharyngeal#隐形的翅膀#Control_Group#0013,D:\-MindEcho-main\ml_dl_models\gtsinger_multitech\dataset\raw\Chinese\ZH-Alto-1\Pharyngeal\隐形的翅膀\Control_Group\0013.wav,Chinese/ZH-Alto-1/Pharyngeal/隐形的翅膀/Control_Group/0013.wav,Chinese,ZH-Alto-1,隐形的翅膀,Control_Group,0,0,0,0,1,0,1,non_mix,000010,control_negative,0.527580
Chinese#ZH-Alto-1#Glissando#青花瓷#Control_Group#0011,D:\-MindEcho-main\ml_dl_models\gtsinger_multitech\dataset\raw\Chinese\ZH-Alto-1\Glissando\青花瓷\Control_Group\0011.wav,Chinese/ZH-Alto-1/Glissando/青花瓷/Control_Group/0011.wav,Chinese,ZH-Alto-1,青花瓷,Control_Group,0,0,0,0,1,0,1,non_mix,000010,control_negative,0.532929
Chinese#ZH-Alto-1#Mixed_Voice_and_Falsetto#青花瓷#Control_Group#0001,D:\-MindEcho-main\ml_dl_models\gtsinger_multitech\dataset\raw\Chinese\ZH-Alto-1\Mixed_Voice_and_Falsetto\青花瓷\Control_Group\0001.wav,Chinese/ZH-Alto-1/Mixed_Voice_and_Falsetto/青花瓷/Control_Group/0001.wav,Chinese,ZH-Alto-1,青花瓷,Control_Group,0,0,0,0,1,0,1,non_mix,000010,control_negative,0.481036
Chinese#ZH-Alto-1#Mixed_Voice_and_Falsetto#青花瓷#Control_Group#0002,D:\-MindEcho-main\ml_dl_models\gtsinger_multitech\dataset\raw\Chinese\ZH-Alto-1\Mixed_Voice_and_Falsetto\青花瓷\Control_Group\0002.wav,Chinese/ZH-Alto-1/Mixed_Voice_and_Falsetto/青花瓷/Control_Group/0002.wav,Chinese,ZH-Alto-1,青花瓷,Control_Group,0,0,0,0,1,0,1,non_mix,000010,control_negative,0.497339
Chinese#ZH-Alto-1#Mixed_Voice_and_Falsetto#青花瓷#Control_Group#0003,D:\-MindEcho-main\ml_dl_models\gtsinger_multitech\dataset\raw\Chinese\ZH-Alto-1\Mixed_Voice_and_Falsetto\青花瓷\Control_Group\0003.wav,Chinese/ZH-Alto-1/Mixed_Voice_and_Falsetto/青花瓷/Control_Group/0003.wav,Chinese,ZH-Alto-1,青花瓷,Control_Group,0,0,0,0,1,0,1,non_mix,000010,control_negative,0.600586
Chinese#ZH-Alto-1#Mixed_Voice_and_Falsetto#青花瓷#Control_Group#0006,D:\-MindEcho-main\ml_dl_models\gtsinger_multitech\dataset\raw\Chinese\ZH-Alto-1\Mixed_Voice_and_Falsetto\青花瓷\Control_Group\0006.wav,Chinese/ZH-Alto-1/Mixed_Voice_and_Falsetto/青花瓷/Control_Group/0006.wav,Chinese,ZH-Alto-1,青花瓷,Control_Group,0,0,0,0,0,0,0,non_mix,000000,control_negative,0.550113
Chinese#ZH-Alto-1#Mixed_Voice_and_Falsetto#青花瓷#Control_Group#0010,D:\-MindEcho-main\ml_dl_models\gtsinger_multitech\dataset\raw\Chinese\ZH-Alto-1\Mixed_Voice_and_Falsetto\青花瓷\Control_Group\0010.wav,Chinese/ZH-Alto-1/Mixed_Voice_and_Falsetto/青花瓷/Control_Group/0010.wav,Chinese,ZH-Alto-1,青花瓷,Control_Group,0,0,0,0,1,0,1,non_mix,000010,control_negative,0.546662
Chinese#ZH-Alto-1#Mixed_Voice_and_Falsetto#青花瓷#Control_Group#0011,D:\-MindEcho-main\ml_dl_models\gtsinger_multitech\dataset\raw\Chinese\ZH-Alto-1\Mixed_Voice_and_Falsetto\青花瓷\Control_Group\0011.wav,Chinese/ZH-Alto-1/Mixed_Voice_and_Falsetto/青花瓷/Control_Group/0011.wav,Chinese,ZH-Alto-1,青花瓷,Control_Group,0,0,0,0,1,0,1,non_mix,000010,control_negative,0.571605
Chinese#ZH-Alto-1#Mixed_Voice_and_Falsetto#鸽子#Control_Group#0002,D:\-MindEcho-main\ml_dl_models\gtsinger_multitech\dataset\raw\Chinese\ZH-Alto-1\Mixed_Voice_and_Falsetto\鸽子\Control_Group\0002.wav,Chinese/ZH-Alto-1/Mixed_Voice_and_Falsetto/鸽子/Control_Group/0002.wav,Chinese,ZH-Alto-1,鸽子,Control_Group,0,0,0,0,1,0,1,non_mix,000010,control_negative,0.502997
Chinese#ZH-Alto-1#Mixed_Voice_and_Falsetto#鸽子#Control_Group#0003,D:\-MindEcho-main\ml_dl_models\gtsinger_multitech\dataset\raw\Chinese\ZH-Alto-1\Mixed_Voice_and_Falsetto\鸽子\Control_Group\0003.wav,Chinese/ZH-Alto-1/Mixed_Voice_and_Falsetto/鸽子/Control_Group/0003.wav,Chinese,ZH-Alto-1,鸽子,Control_Group,0,0,0,0,1,0,1,non_mix,000010,control_negative,0.490853
Chinese#ZH-Alto-1#Mixed_Voice_and_Falsetto#鸽子#Control_Group#0004,D:\-MindEcho-main\ml_dl_models\gtsinger_multitech\dataset\raw\Chinese\ZH-Alto-1\Mixed_Voice_and_Falsetto\鸽子\Control_Group\0004.wav,Chinese/ZH-Alto-1/Mixed_Voice_and_Falsetto/鸽子/Control_Group/0004.wav,Chinese,ZH-Alto-1,鸽子,Control_Group,0,0,0,0,1,0,1,non_mix,000010,control_negative,0.548893
Chinese#ZH-Alto-1#Mixed_Voice_and_Falsetto#鸽子#Control_Group#0006,D:\-MindEcho-main\ml_dl_models\gtsinger_multitech\dataset\raw\Chinese\ZH-Alto-1\Mixed_Voice_and_Falsetto\鸽子\Control_Group\0006.wav,Chinese/ZH-Alto-1/Mixed_Voice_and_Falsetto/鸽子/Control_Group/0006.wav,Chinese,ZH-Alto-1,鸽子,Control_Group,0,0,0,0,1,0,1,non_mix,000010,control_negative,0.479388
Chinese#ZH-Alto-1#Mixed_Voice_and_Falsetto#鸽子#Control_Group#0007,D:\-MindEcho-main\ml_dl_models\gtsinger_multitech\dataset\raw\Chinese\ZH-Alto-1\Mixed_Voice_and_Falsetto\鸽子\Control_Group\0007.wav,Chinese/ZH-Alto-1/Mixed_Voice_and_Falsetto/鸽子/Control_Group/0007.wav,Chinese,ZH-Alto-1,鸽子,Control_Group,0,0,0,0,1,0,1,non_mix,000010,control_negative,0.479561
Chinese#ZH-Alto-1#Pharyngeal#默#Control_Group#0000,D:\-MindEcho-main\ml_dl_models\gtsinger_multitech\dataset\raw\Chinese\ZH-Alto-1\Pharyngeal\默\Control_Group\0000.wav,Chinese/ZH-Alto-1/Pharyngeal/默/Control_Group/0000.wav,Chinese,ZH-Alto-1,默,Control_Group,1,0,0,0,1,0,1,clear_mix,100010,positive_mix,
Chinese#ZH-Alto-1#Pharyngeal#默#Control_Group#0002,D:\-MindEcho-main\ml_dl_models\gtsinger_multitech\dataset\raw\Chinese\ZH-Alto-1\Pharyngeal\默\Control_Group\0002.wav,Chinese/ZH-Alto-1/Pharyngeal/默/Control_Group/0002.wav,Chinese,ZH-Alto-1,默,Control_Group,1,0,0,0,1,0,1,clear_mix,100010,positive_mix,
Chinese#ZH-Alto-1#Pharyngeal#默#Control_Group#0004,D:\-MindEcho-main\ml_dl_models\gtsinger_multitech\dataset\raw\Chinese\ZH-Alto-1\Pharyngeal\默\Control_Group\0004.wav,Chinese/ZH-Alto-1/Pharyngeal/默/Control_Group/0004.wav,Chinese,ZH-Alto-1,默,Control_Group,1,0,0,0,1,0,1,clear_mix,100010,positive_mix,
Chinese#ZH-Alto-1#Pharyngeal#默#Control_Group#0005,D:\-MindEcho-main\ml_dl_models\gtsinger_multitech\dataset\raw\Chinese\ZH-Alto-1\Pharyngeal\默\Control_Group\0005.wav,Chinese/ZH-Alto-1/Pharyngeal/默/Control_Group/0005.wav,Chinese,ZH-Alto-1,默,Control_Group,1,0,0,0,1,0,1,clear_mix,100010,positive_mix,
Chinese#ZH-Tenor-1#Mixed_Voice_and_Falsetto#一次就好#Control_Group#0000,D:\-MindEcho-main\ml_dl_models\gtsinger_multitech\dataset\raw\Chinese\ZH-Tenor-1\Mixed_Voice_and_Falsetto\一次就好\Control_Group\0000.wav,Chinese/ZH-Tenor-1/Mixed_Voice_and_Falsetto/一次就好/Control_Group/0000.wav,Chinese,ZH-Tenor-1,一次就好,Control_Group,0,0,0,0,1,0,1,non_mix,000010,control_negative,0.636002
Chinese#ZH-Tenor-1#Mixed_Voice_and_Falsetto#一次就好#Control_Group#0001,D:\-MindEcho-main\ml_dl_models\gtsinger_multitech\dataset\raw\Chinese\ZH-Tenor-1\Mixed_Voice_and_Falsetto\一次就好\Control_Group\0001.wav,Chinese/ZH-Tenor-1/Mixed_Voice_and_Falsetto/一次就好/Control_Group/0001.wav,Chinese,ZH-Tenor-1,一次就好,Control_Group,0,0,0,0,1,0,1,non_mix,000010,control_negative,0.680090
Chinese#ZH-Tenor-1#Mixed_Voice_and_Falsetto#一次就好#Control_Group#0002,D:\-MindEcho-main\ml_dl_models\gtsinger_multitech\dataset\raw\Chinese\ZH-Tenor-1\Mixed_Voice_and_Falsetto\一次就好\Control_Group\0002.wav,Chinese/ZH-Tenor-1/Mixed_Voice_and_Falsetto/一次就好/Control_Group/0002.wav,Chinese,ZH-Tenor-1,一次就好,Control_Group,0,0,0,0,1,0,1,non_mix,000010,control_negative,0.598671
Chinese#ZH-Tenor-1#Mixed_Voice_and_Falsetto#一次就好#Control_Group#0003,D:\-MindEcho-main\ml_dl_models\gtsinger_multitech\dataset\raw\Chinese\ZH-Tenor-1\Mixed_Voice_and_Falsetto\一次就好\Control_Group\0003.wav,Chinese/ZH-Tenor-1/Mixed_Voice_and_Falsetto/一次就好/Control_Group/0003.wav,Chinese,ZH-Tenor-1,一次就好,Control_Group,0,0,0,0,1,0,1,non_mix,000010,control_negative,0.585053
Chinese#ZH-Tenor-1#Mixed_Voice_and_Falsetto#一次就好#Control_Group#0004,D:\-MindEcho-main\ml_dl_models\gtsinger_multitech\dataset\raw\Chinese\ZH-Tenor-1\Mixed_Voice_and_Falsetto\一次就好\Control_Group\0004.wav,Chinese/ZH-Tenor-1/Mixed_Voice_and_Falsetto/一次就好/Control_Group/0004.wav,Chinese,ZH-Tenor-1,一次就好,Control_Group,0,0,0,0,1,0,1,non_mix,000010,control_negative,0.617136
Chinese#ZH-Tenor-1#Mixed_Voice_and_Falsetto#一次就好#Control_Group#0005,D:\-MindEcho-main\ml_dl_models\gtsinger_multitech\dataset\raw\Chinese\ZH-Tenor-1\Mixed_Voice_and_Falsetto\一次就好\Control_Group\0005.wav,Chinese/ZH-Tenor-1/Mixed_Voice_and_Falsetto/一次就好/Control_Group/0005.wav,Chinese,ZH-Tenor-1,一次就好,Control_Group,0,0,0,0,1,0,1,non_mix,000010,control_negative,0.738749
Chinese#ZH-Tenor-1#Mixed_Voice_and_Falsetto#一次就好#Control_Group#0007,D:\-MindEcho-main\ml_dl_models\gtsinger_multitech\dataset\raw\Chinese\ZH-Tenor-1\Mixed_Voice_and_Falsetto\一次就好\Control_Group\0007.wav,Chinese/ZH-Tenor-1/Mixed_Voice_and_Falsetto/一次就好/Control_Group/0007.wav,Chinese,ZH-Tenor-1,一次就好,Control_Group,0,0,0,0,1,0,1,non_mix,000010,control_negative,0.722822
Chinese#ZH-Tenor-1#Mixed_Voice_and_Falsetto#一次就好#Control_Group#0011,D:\-MindEcho-main\ml_dl_models\gtsinger_multitech\dataset\raw\Chinese\ZH-Tenor-1\Mixed_Voice_and_Falsetto\一次就好\Control_Group\0011.wav,Chinese/ZH-Tenor-1/Mixed_Voice_and_Falsetto/一次就好/Control_Group/0011.wav,Chinese,ZH-Tenor-1,一次就好,Control_Group,0,0,0,0,1,0,1,non_mix,000010,control_negative,0.651561
Chinese#ZH-Tenor-1#Pharyngeal#不为谁而作的歌#Control_Group#0000,D:\-MindEcho-main\ml_dl_models\gtsinger_multitech\dataset\raw\Chinese\ZH-Tenor-1\Pharyngeal\不为谁而作的歌\Control_Group\0000.wav,Chinese/ZH-Tenor-1/Pharyngeal/不为谁而作的歌/Control_Group/0000.wav,Chinese,ZH-Tenor-1,不为谁而作的歌,Control_Group,1,0,0,0,1,0,1,clear_mix,100010,positive_mix,
Chinese#ZH-Tenor-1#Pharyngeal#不为谁而作的歌#Control_Group#0001,D:\-MindEcho-main\ml_dl_models\gtsinger_multitech\dataset\raw\Chinese\ZH-Tenor-1\Pharyngeal\不为谁而作的歌\Control_Group\0001.wav,Chinese/ZH-Tenor-1/Pharyngeal/不为谁而作的歌/Control_Group/0001.wav,Chinese,ZH-Tenor-1,不为谁而作的歌,Control_Group,1,0,0,0,0,0,1,clear_mix,100000,positive_mix,
Chinese#ZH-Tenor-1#Pharyngeal#不为谁而作的歌#Control_Group#0002,D:\-MindEcho-main\ml_dl_models\gtsinger_multitech\dataset\raw\Chinese\ZH-Tenor-1\Pharyngeal\不为谁而作的歌\Control_Group\0002.wav,Chinese/ZH-Tenor-1/Pharyngeal/不为谁而作的歌/Control_Group/0002.wav,Chinese,ZH-Tenor-1,不为谁而作的歌,Control_Group,1,0,0,0,1,0,1,clear_mix,100010,positive_mix,
Chinese#ZH-Tenor-1#Pharyngeal#不为谁而作的歌#Control_Group#0003,D:\-MindEcho-main\ml_dl_models\gtsinger_multitech\dataset\raw\Chinese\ZH-Tenor-1\Pharyngeal\不为谁而作的歌\Control_Group\0003.wav,Chinese/ZH-Tenor-1/Pharyngeal/不为谁而作的歌/Control_Group/0003.wav,Chinese,ZH-Tenor-1,不为谁而作的歌,Control_Group,1,0,0,1,1,0,1,clear_mix,100110,positive_mix,
Chinese#ZH-Tenor-1#Pharyngeal#不为谁而作的歌#Control_Group#0004,D:\-MindEcho-main\ml_dl_models\gtsinger_multitech\dataset\raw\Chinese\ZH-Tenor-1\Pharyngeal\不为谁而作的歌\Control_Group\0004.wav,Chinese/ZH-Tenor-1/Pharyngeal/不为谁而作的歌/Control_Group/0004.wav,Chinese,ZH-Tenor-1,不为谁而作的歌,Control_Group,1,0,0,0,1,0,1,clear_mix,100010,positive_mix,
Chinese#ZH-Tenor-1#Pharyngeal#不为谁而作的歌#Control_Group#0005,D:\-MindEcho-main\ml_dl_models\gtsinger_multitech\dataset\raw\Chinese\ZH-Tenor-1\Pharyngeal\不为谁而作的歌\Control_Group\0005.wav,Chinese/ZH-Tenor-1/Pharyngeal/不为谁而作的歌/Control_Group/0005.wav,Chinese,ZH-Tenor-1,不为谁而作的歌,Control_Group,1,0,0,1,1,0,1,clear_mix,100110,positive_mix,
Chinese#ZH-Tenor-1#Pharyngeal#不为谁而作的歌#Control_Group#0006,D:\-MindEcho-main\ml_dl_models\gtsinger_multitech\dataset\raw\Chinese\ZH-Tenor-1\Pharyngeal\不为谁而作的歌\Control_Group\0006.wav,Chinese/ZH-Tenor-1/Pharyngeal/不为谁而作的歌/Control_Group/0006.wav,Chinese,ZH-Tenor-1,不为谁而作的歌,Control_Group,1,0,0,0,1,0,1,clear_mix,100010,positive_mix,
Chinese#ZH-Tenor-1#Pharyngeal#不为谁而作的歌#Control_Group#0007,D:\-MindEcho-main\ml_dl_models\gtsinger_multitech\dataset\raw\Chinese\ZH-Tenor-1\Pharyngeal\不为谁而作的歌\Control_Group\0007.wav,Chinese/ZH-Tenor-1/Pharyngeal/不为谁而作的歌/Control_Group/0007.wav,Chinese,ZH-Tenor-1,不为谁而作的歌,Control_Group,1,1,0,0,1,0,1,head_mix,110010,positive_mix,
Chinese#ZH-Tenor-1#Pharyngeal#不为谁而作的歌#Control_Group#0008,D:\-MindEcho-main\ml_dl_models\gtsinger_multitech\dataset\raw\Chinese\ZH-Tenor-1\Pharyngeal\不为谁而作的歌\Control_Group\0008.wav,Chinese/ZH-Tenor-1/Pharyngeal/不为谁而作的歌/Control_Group/0008.wav,Chinese,ZH-Tenor-1,不为谁而作的歌,Control_Group,1,0,0,0,1,0,1,clear_mix,100010,positive_mix,
Chinese#ZH-Tenor-1#Pharyngeal#不为谁而作的歌#Control_Group#0009,D:\-MindEcho-main\ml_dl_models\gtsinger_multitech\dataset\raw\Chinese\ZH-Tenor-1\Pharyngeal\不为谁而作的歌\Control_Group\0009.wav,Chinese/ZH-Tenor-1/Pharyngeal/不为谁而作的歌/Control_Group/0009.wav,Chinese,ZH-Tenor-1,不为谁而作的歌,Control_Group,1,0,0,1,1,0,1,clear_mix,100110,positive_mix,
Chinese#ZH-Tenor-1#Pharyngeal#不为谁而作的歌#Control_Group#0010,D:\-MindEcho-main\ml_dl_models\gtsinger_multitech\dataset\raw\Chinese\ZH-Tenor-1\Pharyngeal\不为谁而作的歌\Control_Group\0010.wav,Chinese/ZH-Tenor-1/Pharyngeal/不为谁而作的歌/Control_Group/0010.wav,Chinese,ZH-Tenor-1,不为谁而作的歌,Control_Group,1,0,0,0,1,0,1,clear_mix,100010,positive_mix,
Chinese#ZH-Tenor-1#Pharyngeal#不为谁而作的歌#Control_Group#0011,D:\-MindEcho-main\ml_dl_models\gtsinger_multitech\dataset\raw\Chinese\ZH-Tenor-1\Pharyngeal\不为谁而作的歌\Control_Group\0011.wav,Chinese/ZH-Tenor-1/Pharyngeal/不为谁而作的歌/Control_Group/0011.wav,Chinese,ZH-Tenor-1,不为谁而作的歌,Control_Group,1,0,0,0,1,0,1,clear_mix,100010,positive_mix,
Chinese#ZH-Tenor-1#Pharyngeal#不为谁而作的歌#Control_Group#0012,D:\-MindEcho-main\ml_dl_models\gtsinger_multitech\dataset\raw\Chinese\ZH-Tenor-1\Pharyngeal\不为谁而作的歌\Control_Group\0012.wav,Chinese/ZH-Tenor-1/Pharyngeal/不为谁而作的歌/Control_Group/0012.wav,Chinese,ZH-Tenor-1,不为谁而作的歌,Control_Group,1,0,0,0,1,0,1,clear_mix,100010,positive_mix,
Chinese#ZH-Tenor-1#Pharyngeal#不为谁而作的歌#Control_Group#0013,D:\-MindEcho-main\ml_dl_models\gtsinger_multitech\dataset\raw\Chinese\ZH-Tenor-1\Pharyngeal\不为谁而作的歌\Control_Group\0013.wav,Chinese/ZH-Tenor-1/Pharyngeal/不为谁而作的歌/Control_Group/0013.wav,Chinese,ZH-Tenor-1,不为谁而作的歌,Control_Group,1,0,0,0,1,0,1,clear_mix,100010,positive_mix,
Chinese#ZH-Tenor-1#Pharyngeal#不为谁而作的歌#Control_Group#0014,D:\-MindEcho-main\ml_dl_models\gtsinger_multitech\dataset\raw\Chinese\ZH-Tenor-1\Pharyngeal\不为谁而作的歌\Control_Group\0014.wav,Chinese/ZH-Tenor-1/Pharyngeal/不为谁而作的歌/Control_Group/0014.wav,Chinese,ZH-Tenor-1,不为谁而作的歌,Control_Group,1,0,0,0,1,0,1,clear_mix,100010,positive_mix,
Chinese#ZH-Tenor-1#Pharyngeal#不为谁而作的歌#Control_Group#0015,D:\-MindEcho-main\ml_dl_models\gtsinger_multitech\dataset\raw\Chinese\ZH-Tenor-1\Pharyngeal\不为谁而作的歌\Control_Group\0015.wav,Chinese/ZH-Tenor-1/Pharyngeal/不为谁而作的歌/Control_Group/0015.wav,Chinese,ZH-Tenor-1,不为谁而作的歌,Control_Group,1,0,0,0,1,0,1,clear_mix,100010,positive_mix,
Chinese#ZH-Tenor-1#Pharyngeal#不为谁而作的歌#Control_Group#0016,D:\-MindEcho-main\ml_dl_models\gtsinger_multitech\dataset\raw\Chinese\ZH-Tenor-1\Pharyngeal\不为谁而作的歌\Control_Group\0016.wav,Chinese/ZH-Tenor-1/Pharyngeal/不为谁而作的歌/Control_Group/0016.wav,Chinese,ZH-Tenor-1,不为谁而作的歌,Control_Group,1,0,0,0,1,0,1,clear_mix,100010,positive_mix,
Chinese#ZH-Tenor-1#Pharyngeal#不为谁而作的歌#Control_Group#0018,D:\-MindEcho-main\ml_dl_models\gtsinger_multitech\dataset\raw\Chinese\ZH-Tenor-1\Pharyngeal\不为谁而作的歌\Control_Group\0018.wav,Chinese/ZH-Tenor-1/Pharyngeal/不为谁而作的歌/Control_Group/0018.wav,Chinese,ZH-Tenor-1,不为谁而作的歌,Control_Group,1,0,0,0,1,0,1,clear_mix,100010,positive_mix,
Chinese#ZH-Tenor-1#Breathy#不染#Control_Group#0006,D:\-MindEcho-main\ml_dl_models\gtsinger_multitech\dataset\raw\Chinese\ZH-Tenor-1\Breathy\不染\Control_Group\0006.wav,Chinese/ZH-Tenor-1/Breathy/不染/Control_Group/0006.wav,Chinese,ZH-Tenor-1,不染,Control_Group,0,0,0,0,1,0,1,non_mix,000010,control_negative,0.502707
Chinese#ZH-Tenor-1#Breathy#不染#Control_Group#0008,D:\-MindEcho-main\ml_dl_models\gtsinger_multitech\dataset\raw\Chinese\ZH-Tenor-1\Breathy\不染\Control_Group\0008.wav,Chinese/ZH-Tenor-1/Breathy/不染/Control_Group/0008.wav,Chinese,ZH-Tenor-1,不染,Control_Group,0,0,0,0,0,0,0,non_mix,000000,control_negative,0.530005
Chinese#ZH-Tenor-1#Breathy#不染#Control_Group#0009,D:\-MindEcho-main\ml_dl_models\gtsinger_multitech\dataset\raw\Chinese\ZH-Tenor-1\Breathy\不染\Control_Group\0009.wav,Chinese/ZH-Tenor-1/Breathy/不染/Control_Group/0009.wav,Chinese,ZH-Tenor-1,不染,Control_Group,0,0,0,0,1,0,1,non_mix,000010,control_negative,0.654936
Chinese#ZH-Tenor-1#Breathy#不染#Control_Group#0010,D:\-MindEcho-main\ml_dl_models\gtsinger_multitech\dataset\raw\Chinese\ZH-Tenor-1\Breathy\不染\Control_Group\0010.wav,Chinese/ZH-Tenor-1/Breathy/不染/Control_Group/0010.wav,Chinese,ZH-Tenor-1,不染,Control_Group,0,0,0,0,1,0,1,non_mix,000010,control_negative,0.493945
Chinese#ZH-Tenor-1#Breathy#不染#Control_Group#0011,D:\-MindEcho-main\ml_dl_models\gtsinger_multitech\dataset\raw\Chinese\ZH-Tenor-1\Breathy\不染\Control_Group\0011.wav,Chinese/ZH-Tenor-1/Breathy/不染/Control_Group/0011.wav,Chinese,ZH-Tenor-1,不染,Control_Group,0,0,0,0,1,0,1,non_mix,000010,control_negative,0.639426
Chinese#ZH-Tenor-1#Breathy#不染#Control_Group#0012,D:\-MindEcho-main\ml_dl_models\gtsinger_multitech\dataset\raw\Chinese\ZH-Tenor-1\Breathy\不染\Control_Group\0012.wav,Chinese/ZH-Tenor-1/Breathy/不染/Control_Group/0012.wav,Chinese,ZH-Tenor-1,不染,Control_Group,0,0,0,0,1,0,1,non_mix,000010,control_negative,0.508656
Chinese#ZH-Tenor-1#Breathy#不染#Control_Group#0013,D:\-MindEcho-main\ml_dl_models\gtsinger_multitech\dataset\raw\Chinese\ZH-Tenor-1\Breathy\不染\Control_Group\0013.wav,Chinese/ZH-Tenor-1/Breathy/不染/Control_Group/0013.wav,Chinese,ZH-Tenor-1,不染,Control_Group,0,0,0,0,1,0,1,non_mix,000010,control_negative,0.615057
Chinese#ZH-Tenor-1#Breathy#不染#Control_Group#0014,D:\-MindEcho-main\ml_dl_models\gtsinger_multitech\dataset\raw\Chinese\ZH-Tenor-1\Breathy\不染\Control_Group\0014.wav,Chinese/ZH-Tenor-1/Breathy/不染/Control_Group/0014.wav,Chinese,ZH-Tenor-1,不染,Control_Group,0,0,0,0,1,0,1,non_mix,000010,control_negative,0.546853
Chinese#ZH-Tenor-1#Breathy#不染#Control_Group#0015,D:\-MindEcho-main\ml_dl_models\gtsinger_multitech\dataset\raw\Chinese\ZH-Tenor-1\Breathy\不染\Control_Group\0015.wav,Chinese/ZH-Tenor-1/Breathy/不染/Control_Group/0015.wav,Chinese,ZH-Tenor-1,不染,Control_Group,0,0,0,0,1,0,1,non_mix,000010,control_negative,0.568674
Chinese#ZH-Tenor-1#Breathy#不染#Control_Group#0016,D:\-MindEcho-main\ml_dl_models\gtsinger_multitech\dataset\raw\Chinese\ZH-Tenor-1\Breathy\不染\Control_Group\0016.wav,Chinese/ZH-Tenor-1/Breathy/不染/Control_Group/0016.wav,Chinese,ZH-Tenor-1,不染,Control_Group,0,0,0,0,1,0,1,non_mix,000010,control_negative,0.513616
Chinese#ZH-Tenor-1#Breathy#不染#Control_Group#0017,D:\-MindEcho-main\ml_dl_models\gtsinger_multitech\dataset\raw\Chinese\ZH-Tenor-1\Breathy\不染\Control_Group\0017.wav,Chinese/ZH-Tenor-1/Breathy/不染/Control_Group/0017.wav,Chinese,ZH-Tenor-1,不染,Control_Group,0,0,0,0,1,0,1,non_mix,000010,control_negative,0.638674
Chinese#ZH-Tenor-1#Breathy#不染#Control_Group#0018,D:\-MindEcho-main\ml_dl_models\gtsinger_multitech\dataset\raw\Chinese\ZH-Tenor-1\Breathy\不染\Control_Group\0018.wav,Chinese/ZH-Tenor-1/Breathy/不染/Control_Group/0018.wav,Chinese,ZH-Tenor-1,不染,Control_Group,0,0,0,0,1,0,1,non_mix,000010,control_negative,0.548285
Chinese#ZH-Tenor-1#Breathy#不染#Control_Group#0019,D:\-MindEcho-main\ml_dl_models\gtsinger_multitech\dataset\raw\Chinese\ZH-Tenor-1\Breathy\不染\Control_Group\0019.wav,Chinese/ZH-Tenor-1/Breathy/不染/Control_Group/0019.wav,Chinese,ZH-Tenor-1,不染,Control_Group,0,0,0,0,1,0,1,non_mix,000010,control_negative,0.690211
Chinese#ZH-Tenor-1#Breathy#不染#Control_Group#0022,D:\-MindEcho-main\ml_dl_models\gtsinger_multitech\dataset\raw\Chinese\ZH-Tenor-1\Breathy\不染\Control_Group\0022.wav,Chinese/ZH-Tenor-1/Breathy/不染/Control_Group/0022.wav,Chinese,ZH-Tenor-1,不染,Control_Group,0,0,0,0,1,0,1,non_mix,000010,control_negative,0.657916
Chinese#ZH-Tenor-1#Breathy#不染#Control_Group#0025,D:\-MindEcho-main\ml_dl_models\gtsinger_multitech\dataset\raw\Chinese\ZH-Tenor-1\Breathy\不染\Control_Group\0025.wav,Chinese/ZH-Tenor-1/Breathy/不染/Control_Group/0025.wav,Chinese,ZH-Tenor-1,不染,Control_Group,0,0,0,0,1,0,1,non_mix,000010,control_negative,0.736671
Chinese#ZH-Tenor-1#Breathy#不染#Control_Group#0026,D:\-MindEcho-main\ml_dl_models\gtsinger_multitech\dataset\raw\Chinese\ZH-Tenor-1\Breathy\不染\Control_Group\0026.wav,Chinese/ZH-Tenor-1/Breathy/不染/Control_Group/0026.wav,Chinese,ZH-Tenor-1,不染,Control_Group,0,0,0,0,1,0,1,non_mix,000010,control_negative,0.529976
Chinese#ZH-Tenor-1#Breathy#不染#Control_Group#0027,D:\-MindEcho-main\ml_dl_models\gtsinger_multitech\dataset\raw\Chinese\ZH-Tenor-1\Breathy\不染\Control_Group\0027.wav,Chinese/ZH-Tenor-1/Breathy/不染/Control_Group/0027.wav,Chinese,ZH-Tenor-1,不染,Control_Group,0,0,0,0,1,0,1,non_mix,000010,control_negative,0.695820
Chinese#ZH-Tenor-1#Breathy#不染#Control_Group#0028,D:\-MindEcho-main\ml_dl_models\gtsinger_multitech\dataset\raw\Chinese\ZH-Tenor-1\Breathy\不染\Control_Group\0028.wav,Chinese/ZH-Tenor-1/Breathy/不染/Control_Group/0028.wav,Chinese,ZH-Tenor-1,不染,Control_Group,0,0,0,0,1,0,1,non_mix,000010,control_negative,0.558418
Chinese#ZH-Tenor-1#Breathy#不染#Control_Group#0029,D:\-MindEcho-main\ml_dl_models\gtsinger_multitech\dataset\raw\Chinese\ZH-Tenor-1\Breathy\不染\Control_Group\0029.wav,Chinese/ZH-Tenor-1/Breathy/不染/Control_Group/0029.wav,Chinese,ZH-Tenor-1,不染,Control_Group,0,0,0,0,1,0,1,non_mix,000010,control_negative,0.634341
Chinese#ZH-Tenor-1#Breathy#不染#Control_Group#0030,D:\-MindEcho-main\ml_dl_models\gtsinger_multitech\dataset\raw\Chinese\ZH-Tenor-1\Breathy\不染\Control_Group\0030.wav,Chinese/ZH-Tenor-1/Breathy/不染/Control_Group/0030.wav,Chinese,ZH-Tenor-1,不染,Control_Group,0,0,0,0,1,0,1,non_mix,000010,control_negative,0.616028
Chinese#ZH-Tenor-1#Breathy#不染#Control_Group#0031,D:\-MindEcho-main\ml_dl_models\gtsinger_multitech\dataset\raw\Chinese\ZH-Tenor-1\Breathy\不染\Control_Group\0031.wav,Chinese/ZH-Tenor-1/Breathy/不染/Control_Group/0031.wav,Chinese,ZH-Tenor-1,不染,Control_Group,0,0,0,0,1,0,1,non_mix,000010,control_negative,0.694583
Chinese#ZH-Tenor-1#Breathy#不染#Control_Group#0032,D:\-MindEcho-main\ml_dl_models\gtsinger_multitech\dataset\raw\Chinese\ZH-Tenor-1\Breathy\不染\Control_Group\0032.wav,Chinese/ZH-Tenor-1/Breathy/不染/Control_Group/0032.wav,Chinese,ZH-Tenor-1,不染,Control_Group,0,0,0,0,1,0,1,non_mix,000010,control_negative,0.729398
Chinese#ZH-Tenor-1#Breathy#不染#Control_Group#0033,D:\-MindEcho-main\ml_dl_models\gtsinger_multitech\dataset\raw\Chinese\ZH-Tenor-1\Breathy\不染\Control_Group\0033.wav,Chinese/ZH-Tenor-1/Breathy/不染/Control_Group/0033.wav,Chinese,ZH-Tenor-1,不染,Control_Group,0,0,0,0,1,0,1,non_mix,000010,control_negative,0.640719
Chinese#ZH-Tenor-1#Glissando#不染#Control_Group#0001,D:\-MindEcho-main\ml_dl_models\gtsinger_multitech\dataset\raw\Chinese\ZH-Tenor-1\Glissando\不染\Control_Group\0001.wav,Chinese/ZH-Tenor-1/Glissando/不染/Control_Group/0001.wav,Chinese,ZH-Tenor-1,不染,Control_Group,0,0,0,0,0,0,0,non_mix,000000,control_negative,0.546029
Chinese#ZH-Tenor-1#Glissando#不染#Control_Group#0002,D:\-MindEcho-main\ml_dl_models\gtsinger_multitech\dataset\raw\Chinese\ZH-Tenor-1\Glissando\不染\Control_Group\0002.wav,Chinese/ZH-Tenor-1/Glissando/不染/Control_Group/0002.wav,Chinese,ZH-Tenor-1,不染,Control_Group,0,0,0,0,1,0,1,non_mix,000010,control_negative,0.600817
Chinese#ZH-Tenor-1#Glissando#不染#Control_Group#0004,D:\-MindEcho-main\ml_dl_models\gtsinger_multitech\dataset\raw\Chinese\ZH-Tenor-1\Glissando\不染\Control_Group\0004.wav,Chinese/ZH-Tenor-1/Glissando/不染/Control_Group/0004.wav,Chinese,ZH-Tenor-1,不染,Control_Group,0,0,0,0,1,0,1,non_mix,000010,control_negative,0.477918
Chinese#ZH-Tenor-1#Glissando#不染#Control_Group#0005,D:\-MindEcho-main\ml_dl_models\gtsinger_multitech\dataset\raw\Chinese\ZH-Tenor-1\Glissando\不染\Control_Group\0005.wav,Chinese/ZH-Tenor-1/Glissando/不染/Control_Group/0005.wav,Chinese,ZH-Tenor-1,不染,Control_Group,0,0,0,0,1,0,1,non_mix,000010,control_negative,0.555771
Chinese#ZH-Tenor-1#Glissando#不染#Control_Group#0006,D:\-MindEcho-main\ml_dl_models\gtsinger_multitech\dataset\raw\Chinese\ZH-Tenor-1\Glissando\不染\Control_Group\0006.wav,Chinese/ZH-Tenor-1/Glissando/不染/Control_Group/0006.wav,Chinese,ZH-Tenor-1,不染,Control_Group,0,0,0,0,1,0,1,non_mix,000010,control_negative,0.690952
Chinese#ZH-Tenor-1#Glissando#不染#Control_Group#0008,D:\-MindEcho-main\ml_dl_models\gtsinger_multitech\dataset\raw\Chinese\ZH-Tenor-1\Glissando\不染\Control_Group\0008.wav,Chinese/ZH-Tenor-1/Glissando/不染/Control_Group/0008.wav,Chinese,ZH-Tenor-1,不染,Control_Group,0,0,0,0,0,0,0,non_mix,000000,control_negative,0.555735
Chinese#ZH-Tenor-1#Glissando#不染#Control_Group#0009,D:\-MindEcho-main\ml_dl_models\gtsinger_multitech\dataset\raw\Chinese\ZH-Tenor-1\Glissando\不染\Control_Group\0009.wav,Chinese/ZH-Tenor-1/Glissando/不染/Control_Group/0009.wav,Chinese,ZH-Tenor-1,不染,Control_Group,0,0,0,0,0,0,0,non_mix,000000,control_negative,0.671165
Chinese#ZH-Tenor-1#Glissando#不染#Control_Group#0010,D:\-MindEcho-main\ml_dl_models\gtsinger_multitech\dataset\raw\Chinese\ZH-Tenor-1\Glissando\不染\Control_Group\0010.wav,Chinese/ZH-Tenor-1/Glissando/不染/Control_Group/0010.wav,Chinese,ZH-Tenor-1,不染,Control_Group,0,0,0,0,0,0,0,non_mix,000000,control_negative,0.612925
Chinese#ZH-Tenor-1#Glissando#不染#Control_Group#0011,D:\-MindEcho-main\ml_dl_models\gtsinger_multitech\dataset\raw\Chinese\ZH-Tenor-1\Glissando\不染\Control_Group\0011.wav,Chinese/ZH-Tenor-1/Glissando/不染/Control_Group/0011.wav,Chinese,ZH-Tenor-1,不染,Control_Group,0,0,0,0,1,0,1,non_mix,000010,control_negative,0.671790
Chinese#ZH-Tenor-1#Glissando#不染#Control_Group#0012,D:\-MindEcho-main\ml_dl_models\gtsinger_multitech\dataset\raw\Chinese\ZH-Tenor-1\Glissando\不染\Control_Group\0012.wav,Chinese/ZH-Tenor-1/Glissando/不染/Control_Group/0012.wav,Chinese,ZH-Tenor-1,不染,Control_Group,0,0,0,0,0,0,0,non_mix,000000,control_negative,0.516959
Chinese#ZH-Tenor-1#Glissando#不染#Control_Group#0013,D:\-MindEcho-main\ml_dl_models\gtsinger_multitech\dataset\raw\Chinese\ZH-Tenor-1\Glissando\不染\Control_Group\0013.wav,Chinese/ZH-Tenor-1/Glissando/不染/Control_Group/0013.wav,Chinese,ZH-Tenor-1,不染,Control_Group,0,0,0,0,0,0,0,non_mix,000000,control_negative,0.626640
Chinese#ZH-Tenor-1#Glissando#不染#Control_Group#0014,D:\-MindEcho-main\ml_dl_models\gtsinger_multitech\dataset\raw\Chinese\ZH-Tenor-1\Glissando\不染\Control_Group\0014.wav,Chinese/ZH-Tenor-1/Glissando/不染/Control_Group/0014.wav,Chinese,ZH-Tenor-1,不染,Control_Group,0,0,0,0,1,0,1,non_mix,000010,control_negative,0.672468
Chinese#ZH-Tenor-1#Glissando#不染#Control_Group#0015,D:\-MindEcho-main\ml_dl_models\gtsinger_multitech\dataset\raw\Chinese\ZH-Tenor-1\Glissando\不染\Control_Group\0015.wav,Chinese/ZH-Tenor-1/Glissando/不染/Control_Group/0015.wav,Chinese,ZH-Tenor-1,不染,Control_Group,0,0,0,0,0,0,0,non_mix,000000,control_negative,0.499119
Chinese#ZH-Tenor-1#Glissando#不染#Control_Group#0016,D:\-MindEcho-main\ml_dl_models\gtsinger_multitech\dataset\raw\Chinese\ZH-Tenor-1\Glissando\不染\Control_Group\0016.wav,Chinese/ZH-Tenor-1/Glissando/不染/Control_Group/0016.wav,Chinese,ZH-Tenor-1,不染,Control_Group,0,0,0,0,0,0,0,non_mix,000000,control_negative,0.751832
Chinese#ZH-Tenor-1#Glissando#不染#Control_Group#0017,D:\-MindEcho-main\ml_dl_models\gtsinger_multitech\dataset\raw\Chinese\ZH-Tenor-1\Glissando\不染\Control_Group\0017.wav,Chinese/ZH-Tenor-1/Glissando/不染/Control_Group/0017.wav,Chinese,ZH-Tenor-1,不染,Control_Group,0,0,0,0,0,0,0,non_mix,000000,control_negative,0.641779
Chinese#ZH-Tenor-1#Glissando#不染#Control_Group#0020,D:\-MindEcho-main\ml_dl_models\gtsinger_multitech\dataset\raw\Chinese\ZH-Tenor-1\Glissando\不染\Control_Group\0020.wav,Chinese/ZH-Tenor-1/Glissando/不染/Control_Group/0020.wav,Chinese,ZH-Tenor-1,不染,Control_Group,0,0,0,0,0,0,0,non_mix,000000,control_negative,0.477425
Chinese#ZH-Tenor-1#Glissando#不染#Control_Group#0021,D:\-MindEcho-main\ml_dl_models\gtsinger_multitech\dataset\raw\Chinese\ZH-Tenor-1\Glissando\不染\Control_Group\0021.wav,Chinese/ZH-Tenor-1/Glissando/不染/Control_Group/0021.wav,Chinese,ZH-Tenor-1,不染,Control_Group,0,0,0,0,0,0,0,non_mix,000000,control_negative,0.671801
Chinese#ZH-Tenor-1#Glissando#不染#Control_Group#0022,D:\-MindEcho-main\ml_dl_models\gtsinger_multitech\dataset\raw\Chinese\ZH-Tenor-1\Glissando\不染\Control_Group\0022.wav,Chinese/ZH-Tenor-1/Glissando/不染/Control_Group/0022.wav,Chinese,ZH-Tenor-1,不染,Control_Group,0,0,0,0,0,0,0,non_mix,000000,control_negative,0.546815
Chinese#ZH-Tenor-1#Glissando#不染#Control_Group#0023,D:\-MindEcho-main\ml_dl_models\gtsinger_multitech\dataset\raw\Chinese\ZH-Tenor-1\Glissando\不染\Control_Group\0023.wav,Chinese/ZH-Tenor-1/Glissando/不染/Control_Group/0023.wav,Chinese,ZH-Tenor-1,不染,Control_Group,0,0,0,0,0,0,0,non_mix,000000,control_negative,0.563966
Chinese#ZH-Tenor-1#Glissando#不染#Control_Group#0025,D:\-MindEcho-main\ml_dl_models\gtsinger_multitech\dataset\raw\Chinese\ZH-Tenor-1\Glissando\不染\Control_Group\0025.wav,Chinese/ZH-Tenor-1/Glissando/不染/Control_Group/0025.wav,Chinese,ZH-Tenor-1,不染,Control_Group,0,0,0,0,0,0,0,non_mix,000000,control_negative,0.533371
Chinese#ZH-Tenor-1#Glissando#不染#Control_Group#0030,D:\-MindEcho-main\ml_dl_models\gtsinger_multitech\dataset\raw\Chinese\ZH-Tenor-1\Glissando\不染\Control_Group\0030.wav,Chinese/ZH-Tenor-1/Glissando/不染/Control_Group/0030.wav,Chinese,ZH-Tenor-1,不染,Control_Group,0,0,0,0,0,0,0,non_mix,000000,control_negative,0.538594
Chinese#ZH-Tenor-1#Glissando#不染#Control_Group#0031,D:\-MindEcho-main\ml_dl_models\gtsinger_multitech\dataset\raw\Chinese\ZH-Tenor-1\Glissando\不染\Control_Group\0031.wav,Chinese/ZH-Tenor-1/Glissando/不染/Control_Group/0031.wav,Chinese,ZH-Tenor-1,不染,Control_Group,0,0,0,0,0,0,0,non_mix,000000,control_negative,0.650893
Chinese#ZH-Tenor-1#Glissando#不染#Control_Group#0032,D:\-MindEcho-main\ml_dl_models\gtsinger_multitech\dataset\raw\Chinese\ZH-Tenor-1\Glissando\不染\Control_Group\0032.wav,Chinese/ZH-Tenor-1/Glissando/不染/Control_Group/0032.wav,Chinese,ZH-Tenor-1,不染,Control_Group,0,0,0,0,0,0,0,non_mix,000000,control_negative,0.558956
Chinese#ZH-Tenor-1#Glissando#不染#Control_Group#0033,D:\-MindEcho-main\ml_dl_models\gtsinger_multitech\dataset\raw\Chinese\ZH-Tenor-1\Glissando\不染\Control_Group\0033.wav,Chinese/ZH-Tenor-1/Glissando/不染/Control_Group/0033.wav,Chinese,ZH-Tenor-1,不染,Control_Group,0,0,0,0,0,0,0,non_mix,000000,control_negative,0.597811
Chinese#ZH-Tenor-1#Mixed_Voice_and_Falsetto#不能说的秘密#Control_Group#0000,D:\-MindEcho-main\ml_dl_models\gtsinger_multitech\dataset\raw\Chinese\ZH-Tenor-1\Mixed_Voice_and_Falsetto\不能说的秘密\Control_Group\0000.wav,Chinese/ZH-Tenor-1/Mixed_Voice_and_Falsetto/不能说的秘密/Control_Group/0000.wav,Chinese,ZH-Tenor-1,不能说的秘密,Control_Group,0,0,0,0,1,0,1,non_mix,000010,control_negative,0.639708
Chinese#ZH-Tenor-1#Mixed_Voice_and_Falsetto#不能说的秘密#Control_Group#0001,D:\-MindEcho-main\ml_dl_models\gtsinger_multitech\dataset\raw\Chinese\ZH-Tenor-1\Mixed_Voice_and_Falsetto\不能说的秘密\Control_Group\0001.wav,Chinese/ZH-Tenor-1/Mixed_Voice_and_Falsetto/不能说的秘密/Control_Group/0001.wav,Chinese,ZH-Tenor-1,不能说的秘密,Control_Group,0,0,0,0,1,0,1,non_mix,000010,control_negative,0.616978
Chinese#ZH-Tenor-1#Mixed_Voice_and_Falsetto#不能说的秘密#Control_Group#0002,D:\-MindEcho-main\ml_dl_models\gtsinger_multitech\dataset\raw\Chinese\ZH-Tenor-1\Mixed_Voice_and_Falsetto\不能说的秘密\Control_Group\0002.wav,Chinese/ZH-Tenor-1/Mixed_Voice_and_Falsetto/不能说的秘密/Control_Group/0002.wav,Chinese,ZH-Tenor-1,不能说的秘密,Control_Group,0,0,0,0,1,0,1,non_mix,000010,control_negative,0.536511
Chinese#ZH-Tenor-1#Mixed_Voice_and_Falsetto#不能说的秘密#Control_Group#0005,D:\-MindEcho-main\ml_dl_models\gtsinger_multitech\dataset\raw\Chinese\ZH-Tenor-1\Mixed_Voice_and_Falsetto\不能说的秘密\Control_Group\0005.wav,Chinese/ZH-Tenor-1/Mixed_Voice_and_Falsetto/不能说的秘密/Control_Group/0005.wav,Chinese,ZH-Tenor-1,不能说的秘密,Control_Group,0,0,0,0,1,0,1,non_mix,000010,control_negative,0.653770
Chinese#ZH-Tenor-1#Mixed_Voice_and_Falsetto#不能说的秘密#Control_Group#0006,D:\-MindEcho-main\ml_dl_models\gtsinger_multitech\dataset\raw\Chinese\ZH-Tenor-1\Mixed_Voice_and_Falsetto\不能说的秘密\Control_Group\0006.wav,Chinese/ZH-Tenor-1/Mixed_Voice_and_Falsetto/不能说的秘密/Control_Group/0006.wav,Chinese,ZH-Tenor-1,不能说的秘密,Control_Group,0,0,0,0,1,0,1,non_mix,000010,control_negative,0.550578
Chinese#ZH-Tenor-1#Mixed_Voice_and_Falsetto#不能说的秘密#Control_Group#0007,D:\-MindEcho-main\ml_dl_models\gtsinger_multitech\dataset\raw\Chinese\ZH-Tenor-1\Mixed_Voice_and_Falsetto\不能说的秘密\Control_Group\0007.wav,Chinese/ZH-Tenor-1/Mixed_Voice_and_Falsetto/不能说的秘密/Control_Group/0007.wav,Chinese,ZH-Tenor-1,不能说的秘密,Control_Group,0,0,0,0,1,0,1,non_mix,000010,control_negative,0.568403
Chinese#ZH-Tenor-1#Mixed_Voice_and_Falsetto#不能说的秘密#Control_Group#0008,D:\-MindEcho-main\ml_dl_models\gtsinger_multitech\dataset\raw\Chinese\ZH-Tenor-1\Mixed_Voice_and_Falsetto\不能说的秘密\Control_Group\0008.wav,Chinese/ZH-Tenor-1/Mixed_Voice_and_Falsetto/不能说的秘密/Control_Group/0008.wav,Chinese,ZH-Tenor-1,不能说的秘密,Control_Group,0,0,0,0,1,0,1,non_mix,000010,control_negative,0.652987
Chinese#ZH-Tenor-1#Mixed_Voice_and_Falsetto#不能说的秘密#Control_Group#0009,D:\-MindEcho-main\ml_dl_models\gtsinger_multitech\dataset\raw\Chinese\ZH-Tenor-1\Mixed_Voice_and_Falsetto\不能说的秘密\Control_Group\0009.wav,Chinese/ZH-Tenor-1/Mixed_Voice_and_Falsetto/不能说的秘密/Control_Group/0009.wav,Chinese,ZH-Tenor-1,不能说的秘密,Control_Group,0,0,0,0,1,0,1,non_mix,000010,control_negative,0.489139
Chinese#ZH-Tenor-1#Mixed_Voice_and_Falsetto#不能说的秘密#Control_Group#0010,D:\-MindEcho-main\ml_dl_models\gtsinger_multitech\dataset\raw\Chinese\ZH-Tenor-1\Mixed_Voice_and_Falsetto\不能说的秘密\Control_Group\0010.wav,Chinese/ZH-Tenor-1/Mixed_Voice_and_Falsetto/不能说的秘密/Control_Group/0010.wav,Chinese,ZH-Tenor-1,不能说的秘密,Control_Group,0,0,0,0,1,0,1,non_mix,000010,control_negative,0.494650
Chinese#ZH-Tenor-1#Mixed_Voice_and_Falsetto#不能说的秘密#Control_Group#0011,D:\-MindEcho-main\ml_dl_models\gtsinger_multitech\dataset\raw\Chinese\ZH-Tenor-1\Mixed_Voice_and_Falsetto\不能说的秘密\Control_Group\0011.wav,Chinese/ZH-Tenor-1/Mixed_Voice_and_Falsetto/不能说的秘密/Control_Group/0011.wav,Chinese,ZH-Tenor-1,不能说的秘密,Control_Group,0,0,0,0,1,0,1,non_mix,000010,control_negative,0.654478
Chinese#ZH-Tenor-1#Pharyngeal#不要忘记我爱你#Control_Group#0000,D:\-MindEcho-main\ml_dl_models\gtsinger_multitech\dataset\raw\Chinese\ZH-Tenor-1\Pharyngeal\不要忘记我爱你\Control_Group\0000.wav,Chinese/ZH-Tenor-1/Pharyngeal/不要忘记我爱你/Control_Group/0000.wav,Chinese,ZH-Tenor-1,不要忘记我爱你,Control_Group,1,0,0,0,1,0,1,clear_mix,100010,positive_mix,
Chinese#ZH-Tenor-1#Pharyngeal#不要忘记我爱你#Control_Group#0001,D:\-MindEcho-main\ml_dl_models\gtsinger_multitech\dataset\raw\Chinese\ZH-Tenor-1\Pharyngeal\不要忘记我爱你\Control_Group\0001.wav,Chinese/ZH-Tenor-1/Pharyngeal/不要忘记我爱你/Control_Group/0001.wav,Chinese,ZH-Tenor-1,不要忘记我爱你,Control_Group,1,0,0,0,1,0,1,clear_mix,100010,positive_mix,
Chinese#ZH-Tenor-1#Pharyngeal#不要忘记我爱你#Control_Group#0002,D:\-MindEcho-main\ml_dl_models\gtsinger_multitech\dataset\raw\Chinese\ZH-Tenor-1\Pharyngeal\不要忘记我爱你\Control_Group\0002.wav,Chinese/ZH-Tenor-1/Pharyngeal/不要忘记我爱你/Control_Group/0002.wav,Chinese,ZH-Tenor-1,不要忘记我爱你,Control_Group,1,0,0,0,1,0,1,clear_mix,100010,positive_mix,
Chinese#ZH-Tenor-1#Pharyngeal#不要忘记我爱你#Control_Group#0003,D:\-MindEcho-main\ml_dl_models\gtsinger_multitech\dataset\raw\Chinese\ZH-Tenor-1\Pharyngeal\不要忘记我爱你\Control_Group\0003.wav,Chinese/ZH-Tenor-1/Pharyngeal/不要忘记我爱你/Control_Group/0003.wav,Chinese,ZH-Tenor-1,不要忘记我爱你,Control_Group,1,0,0,0,1,0,1,clear_mix,100010,positive_mix,
Chinese#ZH-Tenor-1#Pharyngeal#不要忘记我爱你#Control_Group#0004,D:\-MindEcho-main\ml_dl_models\gtsinger_multitech\dataset\raw\Chinese\ZH-Tenor-1\Pharyngeal\不要忘记我爱你\Control_Group\0004.wav,Chinese/ZH-Tenor-1/Pharyngeal/不要忘记我爱你/Control_Group/0004.wav,Chinese,ZH-Tenor-1,不要忘记我爱你,Control_Group,1,0,0,0,1,0,1,clear_mix,100010,positive_mix,
Chinese#ZH-Tenor-1#Pharyngeal#不要忘记我爱你#Control_Group#0005,D:\-MindEcho-main\ml_dl_models\gtsinger_multitech\dataset\raw\Chinese\ZH-Tenor-1\Pharyngeal\不要忘记我爱你\Control_Group\0005.wav,Chinese/ZH-Tenor-1/Pharyngeal/不要忘记我爱你/Control_Group/0005.wav,Chinese,ZH-Tenor-1,不要忘记我爱你,Control_Group,1,0,0,0,1,0,1,clear_mix,100010,positive_mix,
Chinese#ZH-Tenor-1#Pharyngeal#不要忘记我爱你#Control_Group#0006,D:\-MindEcho-main\ml_dl_models\gtsinger_multitech\dataset\raw\Chinese\ZH-Tenor-1\Pharyngeal\不要忘记我爱你\Control_Group\0006.wav,Chinese/ZH-Tenor-1/Pharyngeal/不要忘记我爱你/Control_Group/0006.wav,Chinese,ZH-Tenor-1,不要忘记我爱你,Control_Group,1,0,0,0,1,0,1,clear_mix,100010,positive_mix,
Chinese#ZH-Tenor-1#Pharyngeal#不要忘记我爱你#Control_Group#0007,D:\-MindEcho-main\ml_dl_models\gtsinger_multitech\dataset\raw\Chinese\ZH-Tenor-1\Pharyngeal\不要忘记我爱你\Control_Group\0007.wav,Chinese/ZH-Tenor-1/Pharyngeal/不要忘记我爱你/Control_Group/0007.wav,Chinese,ZH-Tenor-1,不要忘记我爱你,Control_Group,1,0,0,0,1,0,1,clear_mix,100010,positive_mix,
Chinese#ZH-Tenor-1#Pharyngeal#不要忘记我爱你#Control_Group#0008,D:\-MindEcho-main\ml_dl_models\gtsinger_multitech\dataset\raw\Chinese\ZH-Tenor-1\Pharyngeal\不要忘记我爱你\Control_Group\0008.wav,Chinese/ZH-Tenor-1/Pharyngeal/不要忘记我爱你/Control_Group/0008.wav,Chinese,ZH-Tenor-1,不要忘记我爱你,Control_Group,1,0,0,0,1,0,1,clear_mix,100010,positive_mix,
Chinese#ZH-Tenor-1#Pharyngeal#不要忘记我爱你#Control_Group#0009,D:\-MindEcho-main\ml_dl_models\gtsinger_multitech\dataset\raw\Chinese\ZH-Tenor-1\Pharyngeal\不要忘记我爱你\Control_Group\0009.wav,Chinese/ZH-Tenor-1/Pharyngeal/不要忘记我爱你/Control_Group/0009.wav,Chinese,ZH-Tenor-1,不要忘记我爱你,Control_Group,1,0,0,0,1,0,1,clear_mix,100010,positive_mix,
Chinese#ZH-Tenor-1#Pharyngeal#不要忘记我爱你#Control_Group#0010,D:\-MindEcho-main\ml_dl_models\gtsinger_multitech\dataset\raw\Chinese\ZH-Tenor-1\Pharyngeal\不要忘记我爱你\Control_Group\0010.wav,Chinese/ZH-Tenor-1/Pharyngeal/不要忘记我爱你/Control_Group/0010.wav,Chinese,ZH-Tenor-1,不要忘记我爱你,Control_Group,1,0,0,0,1,0,1,clear_mix,100010,positive_mix,
Chinese#ZH-Tenor-1#Pharyngeal#不要忘记我爱你#Control_Group#0011,D:\-MindEcho-main\ml_dl_models\gtsinger_multitech\dataset\raw\Chinese\ZH-Tenor-1\Pharyngeal\不要忘记我爱你\Control_Group\0011.wav,Chinese/ZH-Tenor-1/Pharyngeal/不要忘记我爱你/Control_Group/0011.wav,Chinese,ZH-Tenor-1,不要忘记我爱你,Control_Group,1,0,0,0,1,0,1,clear_mix,100010,positive_mix,
Chinese#ZH-Tenor-1#Pharyngeal#不要忘记我爱你#Control_Group#0012,D:\-MindEcho-main\ml_dl_models\gtsinger_multitech\dataset\raw\Chinese\ZH-Tenor-1\Pharyngeal\不要忘记我爱你\Control_Group\0012.wav,Chinese/ZH-Tenor-1/Pharyngeal/不要忘记我爱你/Control_Group/0012.wav,Chinese,ZH-Tenor-1,不要忘记我爱你,Control_Group,1,0,0,0,1,0,1,clear_mix,100010,positive_mix,
Chinese#ZH-Tenor-1#Pharyngeal#不要忘记我爱你#Control_Group#0013,D:\-MindEcho-main\ml_dl_models\gtsinger_multitech\dataset\raw\Chinese\ZH-Tenor-1\Pharyngeal\不要忘记我爱你\Control_Group\0013.wav,Chinese/ZH-Tenor-1/Pharyngeal/不要忘记我爱你/Control_Group/0013.wav,Chinese,ZH-Tenor-1,不要忘记我爱你,Control_Group,1,0,0,0,1,0,1,clear_mix,100010,positive_mix,
Chinese#ZH-Tenor-1#Pharyngeal#不要忘记我爱你#Control_Group#0014,D:\-MindEcho-main\ml_dl_models\gtsinger_multitech\dataset\raw\Chinese\ZH-Tenor-1\Pharyngeal\不要忘记我爱你\Control_Group\0014.wav,Chinese/ZH-Tenor-1/Pharyngeal/不要忘记我爱你/Control_Group/0014.wav,Chinese,ZH-Tenor-1,不要忘记我爱你,Control_Group,1,0,0,0,0,0,1,clear_mix,100000,positive_mix,
Chinese#ZH-Tenor-1#Pharyngeal#不要忘记我爱你#Control_Group#0015,D:\-MindEcho-main\ml_dl_models\gtsinger_multitech\dataset\raw\Chinese\ZH-Tenor-1\Pharyngeal\不要忘记我爱你\Control_Group\0015.wav,Chinese/ZH-Tenor-1/Pharyngeal/不要忘记我爱你/Control_Group/0015.wav,Chinese,ZH-Tenor-1,不要忘记我爱你,Control_Group,1,0,0,0,1,0,1,clear_mix,100010,positive_mix,
Chinese#ZH-Tenor-1#Pharyngeal#交换余生#Control_Group#0000,D:\-MindEcho-main\ml_dl_models\gtsinger_multitech\dataset\raw\Chinese\ZH-Tenor-1\Pharyngeal\交换余生\Control_Group\0000.wav,Chinese/ZH-Tenor-1/Pharyngeal/交换余生/Control_Group/0000.wav,Chinese,ZH-Tenor-1,交换余生,Control_Group,1,0,0,0,1,0,1,clear_mix,100010,positive_mix,
Chinese#ZH-Tenor-1#Pharyngeal#交换余生#Control_Group#0001,D:\-MindEcho-main\ml_dl_models\gtsinger_multitech\dataset\raw\Chinese\ZH-Tenor-1\Pharyngeal\交换余生\Control_Group\0001.wav,Chinese/ZH-Tenor-1/Pharyngeal/交换余生/Control_Group/0001.wav,Chinese,ZH-Tenor-1,交换余生,Control_Group,1,0,0,0,1,0,1,clear_mix,100010,positive_mix,
Chinese#ZH-Tenor-1#Pharyngeal#交换余生#Control_Group#0002,D:\-MindEcho-main\ml_dl_models\gtsinger_multitech\dataset\raw\Chinese\ZH-Tenor-1\Pharyngeal\交换余生\Control_Group\0002.wav,Chinese/ZH-Tenor-1/Pharyngeal/交换余生/Control_Group/0002.wav,Chinese,ZH-Tenor-1,交换余生,Control_Group,1,0,0,0,1,0,1,clear_mix,100010,positive_mix,
Chinese#ZH-Tenor-1#Pharyngeal#交换余生#Control_Group#0003,D:\-MindEcho-main\ml_dl_models\gtsinger_multitech\dataset\raw\Chinese\ZH-Tenor-1\Pharyngeal\交换余生\Control_Group\0003.wav,Chinese/ZH-Tenor-1/Pharyngeal/交换余生/Control_Group/0003.wav,Chinese,ZH-Tenor-1,交换余生,Control_Group,1,0,0,0,1,0,1,clear_mix,100010,positive_mix,
Chinese#ZH-Tenor-1#Pharyngeal#交换余生#Control_Group#0005,D:\-MindEcho-main\ml_dl_models\gtsinger_multitech\dataset\raw\Chinese\ZH-Tenor-1\Pharyngeal\交换余生\Control_Group\0005.wav,Chinese/ZH-Tenor-1/Pharyngeal/交换余生/Control_Group/0005.wav,Chinese,ZH-Tenor-1,交换余生,Control_Group,1,0,0,0,1,0,1,clear_mix,100010,positive_mix,
Chinese#ZH-Tenor-1#Pharyngeal#交换余生#Control_Group#0007,D:\-MindEcho-main\ml_dl_models\gtsinger_multitech\dataset\raw\Chinese\ZH-Tenor-1\Pharyngeal\交换余生\Control_Group\0007.wav,Chinese/ZH-Tenor-1/Pharyngeal/交换余生/Control_Group/0007.wav,Chinese,ZH-Tenor-1,交换余生,Control_Group,1,0,0,0,1,0,1,clear_mix,100010,positive_mix,
Chinese#ZH-Tenor-1#Pharyngeal#交换余生#Control_Group#0009,D:\-MindEcho-main\ml_dl_models\gtsinger_multitech\dataset\raw\Chinese\ZH-Tenor-1\Pharyngeal\交换余生\Control_Group\0009.wav,Chinese/ZH-Tenor-1/Pharyngeal/交换余生/Control_Group/0009.wav,Chinese,ZH-Tenor-1,交换余生,Control_Group,1,0,0,0,1,0,1,clear_mix,100010,positive_mix,
Chinese#ZH-Tenor-1#Pharyngeal#交换余生#Control_Group#0010,D:\-MindEcho-main\ml_dl_models\gtsinger_multitech\dataset\raw\Chinese\ZH-Tenor-1\Pharyngeal\交换余生\Control_Group\0010.wav,Chinese/ZH-Tenor-1/Pharyngeal/交换余生/Control_Group/0010.wav,Chinese,ZH-Tenor-1,交换余生,Control_Group,1,1,0,0,1,0,1,head_mix,110010,positive_mix,
Chinese#ZH-Tenor-1#Pharyngeal#交换余生#Control_Group#0012,D:\-MindEcho-main\ml_dl_models\gtsinger_multitech\dataset\raw\Chinese\ZH-Tenor-1\Pharyngeal\交换余生\Control_Group\0012.wav,Chinese/ZH-Tenor-1/Pharyngeal/交换余生/Control_Group/0012.wav,Chinese,ZH-Tenor-1,交换余生,Control_Group,1,0,0,0,1,0,1,clear_mix,100010,positive_mix,
Chinese#ZH-Tenor-1#Pharyngeal#交换余生#Control_Group#0013,D:\-MindEcho-main\ml_dl_models\gtsinger_multitech\dataset\raw\Chinese\ZH-Tenor-1\Pharyngeal\交换余生\Control_Group\0013.wav,Chinese/ZH-Tenor-1/Pharyngeal/交换余生/Control_Group/0013.wav,Chinese,ZH-Tenor-1,交换余生,Control_Group,1,0,0,0,1,0,1,clear_mix,100010,positive_mix,
Chinese#ZH-Tenor-1#Pharyngeal#交换余生#Control_Group#0014,D:\-MindEcho-main\ml_dl_models\gtsinger_multitech\dataset\raw\Chinese\ZH-Tenor-1\Pharyngeal\交换余生\Control_Group\0014.wav,Chinese/ZH-Tenor-1/Pharyngeal/交换余生/Control_Group/0014.wav,Chinese,ZH-Tenor-1,交换余生,Control_Group,1,0,0,0,1,0,1,clear_mix,100010,positive_mix,
Chinese#ZH-Tenor-1#Pharyngeal#交换余生#Control_Group#0015,D:\-MindEcho-main\ml_dl_models\gtsinger_multitech\dataset\raw\Chinese\ZH-Tenor-1\Pharyngeal\交换余生\Control_Group\0015.wav,Chinese/ZH-Tenor-1/Pharyngeal/交换余生/Control_Group/0015.wav,Chinese,ZH-Tenor-1,交换余生,Control_Group,1,0,0,0,1,0,1,clear_mix,100010,positive_mix,
Chinese#ZH-Tenor-1#Pharyngeal#交换余生#Control_Group#0016,D:\-MindEcho-main\ml_dl_models\gtsinger_multitech\dataset\raw\Chinese\ZH-Tenor-1\Pharyngeal\交换余生\Control_Group\0016.wav,Chinese/ZH-Tenor-1/Pharyngeal/交换余生/Control_Group/0016.wav,Chinese,ZH-Tenor-1,交换余生,Control_Group,1,0,0,0,1,0,1,clear_mix,100010,positive_mix,
Chinese#ZH-Tenor-1#Pharyngeal#交换余生#Control_Group#0017,D:\-MindEcho-main\ml_dl_models\gtsinger_multitech\dataset\raw\Chinese\ZH-Tenor-1\Pharyngeal\交换余生\Control_Group\0017.wav,Chinese/ZH-Tenor-1/Pharyngeal/交换余生/Control_Group/0017.wav,Chinese,ZH-Tenor-1,交换余生,Control_Group,1,0,0,0,1,0,1,clear_mix,100010,positive_mix,
Chinese#ZH-Tenor-1#Pharyngeal#交换余生#Control_Group#0018,D:\-MindEcho-main\ml_dl_models\gtsinger_multitech\dataset\raw\Chinese\ZH-Tenor-1\Pharyngeal\交换余生\Control_Group\0018.wav,Chinese/ZH-Tenor-1/Pharyngeal/交换余生/Control_Group/0018.wav,Chinese,ZH-Tenor-1,交换余生,Control_Group,1,1,0,0,1,0,1,head_mix,110010,positive_mix,
Chinese#ZH-Tenor-1#Pharyngeal#交换余生#Control_Group#0020,D:\-MindEcho-main\ml_dl_models\gtsinger_multitech\dataset\raw\Chinese\ZH-Tenor-1\Pharyngeal\交换余生\Control_Group\0020.wav,Chinese/ZH-Tenor-1/Pharyngeal/交换余生/Control_Group/0020.wav,Chinese,ZH-Tenor-1,交换余生,Control_Group,1,0,0,0,1,0,1,clear_mix,100010,positive_mix,
Chinese#ZH-Tenor-1#Pharyngeal#亲爱的那不是爱情#Control_Group#0000,D:\-MindEcho-main\ml_dl_models\gtsinger_multitech\dataset\raw\Chinese\ZH-Tenor-1\Pharyngeal\亲爱的那不是爱情\Control_Group\0000.wav,Chinese/ZH-Tenor-1/Pharyngeal/亲爱的那不是爱情/Control_Group/0000.wav,Chinese,ZH-Tenor-1,亲爱的那不是爱情,Control_Group,1,0,0,0,1,0,1,clear_mix,100010,positive_mix,
Chinese#ZH-Tenor-1#Pharyngeal#亲爱的那不是爱情#Control_Group#0002,D:\-MindEcho-main\ml_dl_models\gtsinger_multitech\dataset\raw\Chinese\ZH-Tenor-1\Pharyngeal\亲爱的那不是爱情\Control_Group\0002.wav,Chinese/ZH-Tenor-1/Pharyngeal/亲爱的那不是爱情/Control_Group/0002.wav,Chinese,ZH-Tenor-1,亲爱的那不是爱情,Control_Group,1,0,0,0,1,0,1,clear_mix,100010,positive_mix,
Chinese#ZH-Tenor-1#Pharyngeal#亲爱的那不是爱情#Control_Group#0003,D:\-MindEcho-main\ml_dl_models\gtsinger_multitech\dataset\raw\Chinese\ZH-Tenor-1\Pharyngeal\亲爱的那不是爱情\Control_Group\0003.wav,Chinese/ZH-Tenor-1/Pharyngeal/亲爱的那不是爱情/Control_Group/0003.wav,Chinese,ZH-Tenor-1,亲爱的那不是爱情,Control_Group,1,1,0,0,1,0,1,head_mix,110010,positive_mix,
Chinese#ZH-Tenor-1#Vibrato#从前慢#Control_Group#0003,D:\-MindEcho-main\ml_dl_models\gtsinger_multitech\dataset\raw\Chinese\ZH-Tenor-1\Vibrato\从前慢\Control_Group\0003.wav,Chinese/ZH-Tenor-1/Vibrato/从前慢/Control_Group/0003.wav,Chinese,ZH-Tenor-1,从前慢,Control_Group,0,0,0,0,1,0,1,non_mix,000010,control_negative,0.600495
Chinese#ZH-Tenor-1#Vibrato#从前慢#Control_Group#0004,D:\-MindEcho-main\ml_dl_models\gtsinger_multitech\dataset\raw\Chinese\ZH-Tenor-1\Vibrato\从前慢\Control_Group\0004.wav,Chinese/ZH-Tenor-1/Vibrato/从前慢/Control_Group/0004.wav,Chinese,ZH-Tenor-1,从前慢,Control_Group,0,0,0,0,1,0,1,non_mix,000010,control_negative,0.611001
Chinese#ZH-Tenor-1#Vibrato#从前慢#Control_Group#0005,D:\-MindEcho-main\ml_dl_models\gtsinger_multitech\dataset\raw\Chinese\ZH-Tenor-1\Vibrato\从前慢\Control_Group\0005.wav,Chinese/ZH-Tenor-1/Vibrato/从前慢/Control_Group/0005.wav,Chinese,ZH-Tenor-1,从前慢,Control_Group,0,0,0,0,1,0,1,non_mix,000010,control_negative,0.688294
Chinese#ZH-Tenor-1#Vibrato#从前慢#Control_Group#0006,D:\-MindEcho-main\ml_dl_models\gtsinger_multitech\dataset\raw\Chinese\ZH-Tenor-1\Vibrato\从前慢\Control_Group\0006.wav,Chinese/ZH-Tenor-1/Vibrato/从前慢/Control_Group/0006.wav,Chinese,ZH-Tenor-1,从前慢,Control_Group,0,0,0,0,1,0,1,non_mix,000010,control_negative,0.696434
Chinese#ZH-Tenor-1#Vibrato#从前慢#Control_Group#0007,D:\-MindEcho-main\ml_dl_models\gtsinger_multitech\dataset\raw\Chinese\ZH-Tenor-1\Vibrato\从前慢\Control_Group\0007.wav,Chinese/ZH-Tenor-1/Vibrato/从前慢/Control_Group/0007.wav,Chinese,ZH-Tenor-1,从前慢,Control_Group,0,0,0,0,1,0,1,non_mix,000010,control_negative,0.582210
Chinese#ZH-Tenor-1#Vibrato#从前慢#Control_Group#0008,D:\-MindEcho-main\ml_dl_models\gtsinger_multitech\dataset\raw\Chinese\ZH-Tenor-1\Vibrato\从前慢\Control_Group\0008.wav,Chinese/ZH-Tenor-1/Vibrato/从前慢/Control_Group/0008.wav,Chinese,ZH-Tenor-1,从前慢,Control_Group,0,0,0,0,1,0,1,non_mix,000010,control_negative,0.668647
Chinese#ZH-Tenor-1#Vibrato#从前慢#Control_Group#0011,D:\-MindEcho-main\ml_dl_models\gtsinger_multitech\dataset\raw\Chinese\ZH-Tenor-1\Vibrato\从前慢\Control_Group\0011.wav,Chinese/ZH-Tenor-1/Vibrato/从前慢/Control_Group/0011.wav,Chinese,ZH-Tenor-1,从前慢,Control_Group,0,0,0,0,0,0,0,non_mix,000000,control_negative,0.680653
Chinese#ZH-Tenor-1#Breathy#会呼吸的痛#Control_Group#0001,D:\-MindEcho-main\ml_dl_models\gtsinger_multitech\dataset\raw\Chinese\ZH-Tenor-1\Breathy\会呼吸的痛\Control_Group\0001.wav,Chinese/ZH-Tenor-1/Breathy/会呼吸的痛/Control_Group/0001.wav,Chinese,ZH-Tenor-1,会呼吸的痛,Control_Group,0,0,0,0,0,0,0,non_mix,000000,control_negative,0.532051
Chinese#ZH-Tenor-1#Breathy#会呼吸的痛#Control_Group#0002,D:\-MindEcho-main\ml_dl_models\gtsinger_multitech\dataset\raw\Chinese\ZH-Tenor-1\Breathy\会呼吸的痛\Control_Group\0002.wav,Chinese/ZH-Tenor-1/Breathy/会呼吸的痛/Control_Group/0002.wav,Chinese,ZH-Tenor-1,会呼吸的痛,Control_Group,0,0,0,0,1,0,1,non_mix,000010,control_negative,0.494373
Chinese#ZH-Tenor-1#Breathy#会呼吸的痛#Control_Group#0003,D:\-MindEcho-main\ml_dl_models\gtsinger_multitech\dataset\raw\Chinese\ZH-Tenor-1\Breathy\会呼吸的痛\Control_Group\0003.wav,Chinese/ZH-Tenor-1/Breathy/会呼吸的痛/Control_Group/0003.wav,Chinese,ZH-Tenor-1,会呼吸的痛,Control_Group,0,0,0,0,1,0,1,non_mix,000010,control_negative,0.715058
Chinese#ZH-Tenor-1#Breathy#会呼吸的痛#Control_Group#0004,D:\-MindEcho-main\ml_dl_models\gtsinger_multitech\dataset\raw\Chinese\ZH-Tenor-1\Breathy\会呼吸的痛\Control_Group\0004.wav,Chinese/ZH-Tenor-1/Breathy/会呼吸的痛/Control_Group/0004.wav,Chinese,ZH-Tenor-1,会呼吸的痛,Control_Group,0,0,0,0,1,0,1,non_mix,000010,control_negative,0.701630
Chinese#ZH-Tenor-1#Breathy#会呼吸的痛#Control_Group#0005,D:\-MindEcho-main\ml_dl_models\gtsinger_multitech\dataset\raw\Chinese\ZH-Tenor-1\Breathy\会呼吸的痛\Control_Group\0005.wav,Chinese/ZH-Tenor-1/Breathy/会呼吸的痛/Control_Group/0005.wav,Chinese,ZH-Tenor-1,会呼吸的痛,Control_Group,0,1,0,0,1,0,1,non_mix,010010,control_negative,0.744977
Chinese#ZH-Tenor-1#Breathy#会呼吸的痛#Control_Group#0007,D:\-MindEcho-main\ml_dl_models\gtsinger_multitech\dataset\raw\Chinese\ZH-Tenor-1\Breathy\会呼吸的痛\Control_Group\0007.wav,Chinese/ZH-Tenor-1/Breathy/会呼吸的痛/Control_Group/0007.wav,Chinese,ZH-Tenor-1,会呼吸的痛,Control_Group,0,1,0,0,1,0,1,non_mix,010010,control_negative,0.678722
Chinese#ZH-Tenor-1#Breathy#会呼吸的痛#Control_Group#0008,D:\-MindEcho-main\ml_dl_models\gtsinger_multitech\dataset\raw\Chinese\ZH-Tenor-1\Breathy\会呼吸的痛\Control_Group\0008.wav,Chinese/ZH-Tenor-1/Breathy/会呼吸的痛/Control_Group/0008.wav,Chinese,ZH-Tenor-1,会呼吸的痛,Control_Group,0,0,0,0,1,0,1,non_mix,000010,control_negative,0.745153
Chinese#ZH-Tenor-1#Breathy#会呼吸的痛#Control_Group#0010,D:\-MindEcho-main\ml_dl_models\gtsinger_multitech\dataset\raw\Chinese\ZH-Tenor-1\Breathy\会呼吸的痛\Control_Group\0010.wav,Chinese/ZH-Tenor-1/Breathy/会呼吸的痛/Control_Group/0010.wav,Chinese,ZH-Tenor-1,会呼吸的痛,Control_Group,0,0,0,0,1,0,1,non_mix,000010,control_negative,0.771635
Chinese#ZH-Tenor-1#Breathy#会呼吸的痛#Control_Group#0011,D:\-MindEcho-main\ml_dl_models\gtsinger_multitech\dataset\raw\Chinese\ZH-Tenor-1\Breathy\会呼吸的痛\Control_Group\0011.wav,Chinese/ZH-Tenor-1/Breathy/会呼吸的痛/Control_Group/0011.wav,Chinese,ZH-Tenor-1,会呼吸的痛,Control_Group,0,0,0,0,1,0,1,non_mix,000010,control_negative,0.676133
Chinese#ZH-Tenor-1#Breathy#会呼吸的痛#Control_Group#0012,D:\-MindEcho-main\ml_dl_models\gtsinger_multitech\dataset\raw\Chinese\ZH-Tenor-1\Breathy\会呼吸的痛\Control_Group\0012.wav,Chinese/ZH-Tenor-1/Breathy/会呼吸的痛/Control_Group/0012.wav,Chinese,ZH-Tenor-1,会呼吸的痛,Control_Group,0,0,0,0,1,0,1,non_mix,000010,control_negative,0.750443
Chinese#ZH-Tenor-1#Breathy#会呼吸的痛#Control_Group#0013,D:\-MindEcho-main\ml_dl_models\gtsinger_multitech\dataset\raw\Chinese\ZH-Tenor-1\Breathy\会呼吸的痛\Control_Group\0013.wav,Chinese/ZH-Tenor-1/Breathy/会呼吸的痛/Control_Group/0013.wav,Chinese,ZH-Tenor-1,会呼吸的痛,Control_Group,0,0,0,0,1,0,1,non_mix,000010,control_negative,0.816448
Chinese#ZH-Tenor-1#Breathy#会呼吸的痛#Control_Group#0014,D:\-MindEcho-main\ml_dl_models\gtsinger_multitech\dataset\raw\Chinese\ZH-Tenor-1\Breathy\会呼吸的痛\Control_Group\0014.wav,Chinese/ZH-Tenor-1/Breathy/会呼吸的痛/Control_Group/0014.wav,Chinese,ZH-Tenor-1,会呼吸的痛,Control_Group,0,1,0,0,1,0,1,non_mix,010010,control_negative,0.747015
Chinese#ZH-Tenor-1#Breathy#会呼吸的痛#Control_Group#0015,D:\-MindEcho-main\ml_dl_models\gtsinger_multitech\dataset\raw\Chinese\ZH-Tenor-1\Breathy\会呼吸的痛\Control_Group\0015.wav,Chinese/ZH-Tenor-1/Breathy/会呼吸的痛/Control_Group/0015.wav,Chinese,ZH-Tenor-1,会呼吸的痛,Control_Group,0,1,0,0,1,0,1,non_mix,010010,control_negative,0.770330
Chinese#ZH-Tenor-1#Breathy#会呼吸的痛#Control_Group#0016,D:\-MindEcho-main\ml_dl_models\gtsinger_multitech\dataset\raw\Chinese\ZH-Tenor-1\Breathy\会呼吸的痛\Control_Group\0016.wav,Chinese/ZH-Tenor-1/Breathy/会呼吸的痛/Control_Group/0016.wav,Chinese,ZH-Tenor-1,会呼吸的痛,Control_Group,0,1,0,0,1,0,1,non_mix,010010,control_negative,0.686899
Chinese#ZH-Tenor-1#Breathy#会呼吸的痛#Control_Group#0017,D:\-MindEcho-main\ml_dl_models\gtsinger_multitech\dataset\raw\Chinese\ZH-Tenor-1\Breathy\会呼吸的痛\Control_Group\0017.wav,Chinese/ZH-Tenor-1/Breathy/会呼吸的痛/Control_Group/0017.wav,Chinese,ZH-Tenor-1,会呼吸的痛,Control_Group,0,0,0,0,1,0,1,non_mix,000010,control_negative,0.780181
Chinese#ZH-Tenor-1#Breathy#会呼吸的痛#Control_Group#0018,D:\-MindEcho-main\ml_dl_models\gtsinger_multitech\dataset\raw\Chinese\ZH-Tenor-1\Breathy\会呼吸的痛\Control_Group\0018.wav,Chinese/ZH-Tenor-1/Breathy/会呼吸的痛/Control_Group/0018.wav,Chinese,ZH-Tenor-1,会呼吸的痛,Control_Group,0,1,0,0,1,0,1,non_mix,010010,control_negative,0.703829
Chinese#ZH-Tenor-1#Breathy#会呼吸的痛#Control_Group#0019,D:\-MindEcho-main\ml_dl_models\gtsinger_multitech\dataset\raw\Chinese\ZH-Tenor-1\Breathy\会呼吸的痛\Control_Group\0019.wav,Chinese/ZH-Tenor-1/Breathy/会呼吸的痛/Control_Group/0019.wav,Chinese,ZH-Tenor-1,会呼吸的痛,Control_Group,0,1,0,0,1,0,1,non_mix,010010,control_negative,0.716585
Chinese#ZH-Tenor-1#Breathy#会呼吸的痛#Control_Group#0020,D:\-MindEcho-main\ml_dl_models\gtsinger_multitech\dataset\raw\Chinese\ZH-Tenor-1\Breathy\会呼吸的痛\Control_Group\0020.wav,Chinese/ZH-Tenor-1/Breathy/会呼吸的痛/Control_Group/0020.wav,Chinese,ZH-Tenor-1,会呼吸的痛,Control_Group,0,0,0,0,1,0,1,non_mix,000010,control_negative,0.711585
Chinese#ZH-Tenor-1#Breathy#传奇#Control_Group#0000,D:\-MindEcho-main\ml_dl_models\gtsinger_multitech\dataset\raw\Chinese\ZH-Tenor-1\Breathy\传奇\Control_Group\0000.wav,Chinese/ZH-Tenor-1/Breathy/传奇/Control_Group/0000.wav,Chinese,ZH-Tenor-1,传奇,Control_Group,0,0,0,0,1,0,1,non_mix,000010,control_negative,0.799823
Chinese#ZH-Tenor-1#Breathy#传奇#Control_Group#0001,D:\-MindEcho-main\ml_dl_models\gtsinger_multitech\dataset\raw\Chinese\ZH-Tenor-1\Breathy\传奇\Control_Group\0001.wav,Chinese/ZH-Tenor-1/Breathy/传奇/Control_Group/0001.wav,Chinese,ZH-Tenor-1,传奇,Control_Group,0,0,0,0,1,0,1,non_mix,000010,control_negative,0.650254
Chinese#ZH-Tenor-1#Breathy#传奇#Control_Group#0002,D:\-MindEcho-main\ml_dl_models\gtsinger_multitech\dataset\raw\Chinese\ZH-Tenor-1\Breathy\传奇\Control_Group\0002.wav,Chinese/ZH-Tenor-1/Breathy/传奇/Control_Group/0002.wav,Chinese,ZH-Tenor-1,传奇,Control_Group,0,0,0,0,1,0,1,non_mix,000010,control_negative,0.549916
Chinese#ZH-Tenor-1#Breathy#传奇#Control_Group#0003,D:\-MindEcho-main\ml_dl_models\gtsinger_multitech\dataset\raw\Chinese\ZH-Tenor-1\Breathy\传奇\Control_Group\0003.wav,Chinese/ZH-Tenor-1/Breathy/传奇/Control_Group/0003.wav,Chinese,ZH-Tenor-1,传奇,Control_Group,0,0,0,0,1,0,1,non_mix,000010,control_negative,0.532909
Chinese#ZH-Tenor-1#Breathy#传奇#Control_Group#0005,D:\-MindEcho-main\ml_dl_models\gtsinger_multitech\dataset\raw\Chinese\ZH-Tenor-1\Breathy\传奇\Control_Group\0005.wav,Chinese/ZH-Tenor-1/Breathy/传奇/Control_Group/0005.wav,Chinese,ZH-Tenor-1,传奇,Control_Group,0,0,0,0,1,0,1,non_mix,000010,control_negative,0.808153
Chinese#ZH-Tenor-1#Breathy#传奇#Control_Group#0006,D:\-MindEcho-main\ml_dl_models\gtsinger_multitech\dataset\raw\Chinese\ZH-Tenor-1\Breathy\传奇\Control_Group\0006.wav,Chinese/ZH-Tenor-1/Breathy/传奇/Control_Group/0006.wav,Chinese,ZH-Tenor-1,传奇,Control_Group,0,0,0,0,1,0,1,non_mix,000010,control_negative,0.640463
Chinese#ZH-Tenor-1#Breathy#传奇#Control_Group#0007,D:\-MindEcho-main\ml_dl_models\gtsinger_multitech\dataset\raw\Chinese\ZH-Tenor-1\Breathy\传奇\Control_Group\0007.wav,Chinese/ZH-Tenor-1/Breathy/传奇/Control_Group/0007.wav,Chinese,ZH-Tenor-1,传奇,Control_Group,0,0,0,0,1,0,1,non_mix,000010,control_negative,0.727562
Chinese#ZH-Tenor-1#Breathy#传奇#Control_Group#0008,D:\-MindEcho-main\ml_dl_models\gtsinger_multitech\dataset\raw\Chinese\ZH-Tenor-1\Breathy\传奇\Control_Group\0008.wav,Chinese/ZH-Tenor-1/Breathy/传奇/Control_Group/0008.wav,Chinese,ZH-Tenor-1,传奇,Control_Group,0,0,0,0,1,0,1,non_mix,000010,control_negative,0.796442
Chinese#ZH-Tenor-1#Breathy#传奇#Control_Group#0009,D:\-MindEcho-main\ml_dl_models\gtsinger_multitech\dataset\raw\Chinese\ZH-Tenor-1\Breathy\传奇\Control_Group\0009.wav,Chinese/ZH-Tenor-1/Breathy/传奇/Control_Group/0009.wav,Chinese,ZH-Tenor-1,传奇,Control_Group,0,0,0,0,1,0,1,non_mix,000010,control_negative,0.712997
Chinese#ZH-Tenor-1#Breathy#传奇#Control_Group#0010,D:\-MindEcho-main\ml_dl_models\gtsinger_multitech\dataset\raw\Chinese\ZH-Tenor-1\Breathy\传奇\Control_Group\0010.wav,Chinese/ZH-Tenor-1/Breathy/传奇/Control_Group/0010.wav,Chinese,ZH-Tenor-1,传奇,Control_Group,0,0,0,0,1,0,1,non_mix,000010,control_negative,0.503842
Chinese#ZH-Tenor-1#Breathy#传奇#Control_Group#0011,D:\-MindEcho-main\ml_dl_models\gtsinger_multitech\dataset\raw\Chinese\ZH-Tenor-1\Breathy\传奇\Control_Group\0011.wav,Chinese/ZH-Tenor-1/Breathy/传奇/Control_Group/0011.wav,Chinese,ZH-Tenor-1,传奇,Control_Group,0,0,0,0,1,0,1,non_mix,000010,control_negative,0.636355
Chinese#ZH-Tenor-1#Breathy#传奇#Control_Group#0012,D:\-MindEcho-main\ml_dl_models\gtsinger_multitech\dataset\raw\Chinese\ZH-Tenor-1\Breathy\传奇\Control_Group\0012.wav,Chinese/ZH-Tenor-1/Breathy/传奇/Control_Group/0012.wav,Chinese,ZH-Tenor-1,传奇,Control_Group,0,0,0,0,1,0,1,non_mix,000010,control_negative,0.518069
Chinese#ZH-Tenor-1#Breathy#传奇#Control_Group#0013,D:\-MindEcho-main\ml_dl_models\gtsinger_multitech\dataset\raw\Chinese\ZH-Tenor-1\Breathy\传奇\Control_Group\0013.wav,Chinese/ZH-Tenor-1/Breathy/传奇/Control_Group/0013.wav,Chinese,ZH-Tenor-1,传奇,Control_Group,0,0,0,0,1,0,1,non_mix,000010,control_negative,0.787181
Chinese#ZH-Tenor-1#Breathy#传奇#Control_Group#0014,D:\-MindEcho-main\ml_dl_models\gtsinger_multitech\dataset\raw\Chinese\ZH-Tenor-1\Breathy\传奇\Control_Group\0014.wav,Chinese/ZH-Tenor-1/Breathy/传奇/Control_Group/0014.wav,Chinese,ZH-Tenor-1,传奇,Control_Group,0,0,0,0,1,0,1,non_mix,000010,control_negative,0.670405
Chinese#ZH-Tenor-1#Breathy#传奇#Control_Group#0015,D:\-MindEcho-main\ml_dl_models\gtsinger_multitech\dataset\raw\Chinese\ZH-Tenor-1\Breathy\传奇\Control_Group\0015.wav,Chinese/ZH-Tenor-1/Breathy/传奇/Control_Group/0015.wav,Chinese,ZH-Tenor-1,传奇,Control_Group,0,0,0,0,1,0,1,non_mix,000010,control_negative,0.760479
Chinese#ZH-Tenor-1#Glissando#传奇#Control_Group#0000,D:\-MindEcho-main\ml_dl_models\gtsinger_multitech\dataset\raw\Chinese\ZH-Tenor-1\Glissando\传奇\Control_Group\0000.wav,Chinese/ZH-Tenor-1/Glissando/传奇/Control_Group/0000.wav,Chinese,ZH-Tenor-1,传奇,Control_Group,0,0,0,0,0,0,0,non_mix,000000,control_negative,0.641479
Chinese#ZH-Tenor-1#Glissando#传奇#Control_Group#0001,D:\-MindEcho-main\ml_dl_models\gtsinger_multitech\dataset\raw\Chinese\ZH-Tenor-1\Glissando\传奇\Control_Group\0001.wav,Chinese/ZH-Tenor-1/Glissando/传奇/Control_Group/0001.wav,Chinese,ZH-Tenor-1,传奇,Control_Group,0,0,0,0,0,0,0,non_mix,000000,control_negative,0.486995
Chinese#ZH-Tenor-1#Glissando#传奇#Control_Group#0002,D:\-MindEcho-main\ml_dl_models\gtsinger_multitech\dataset\raw\Chinese\ZH-Tenor-1\Glissando\传奇\Control_Group\0002.wav,Chinese/ZH-Tenor-1/Glissando/传奇/Control_Group/0002.wav,Chinese,ZH-Tenor-1,传奇,Control_Group,0,0,0,0,1,0,1,non_mix,000010,control_negative,0.582487
Chinese#ZH-Tenor-1#Glissando#传奇#Control_Group#0005,D:\-MindEcho-main\ml_dl_models\gtsinger_multitech\dataset\raw\Chinese\ZH-Tenor-1\Glissando\传奇\Control_Group\0005.wav,Chinese/ZH-Tenor-1/Glissando/传奇/Control_Group/0005.wav,Chinese,ZH-Tenor-1,传奇,Control_Group,0,0,0,0,0,0,0,non_mix,000000,control_negative,0.618517
Chinese#ZH-Tenor-1#Glissando#传奇#Control_Group#0008,D:\-MindEcho-main\ml_dl_models\gtsinger_multitech\dataset\raw\Chinese\ZH-Tenor-1\Glissando\传奇\Control_Group\0008.wav,Chinese/ZH-Tenor-1/Glissando/传奇/Control_Group/0008.wav,Chinese,ZH-Tenor-1,传奇,Control_Group,0,0,0,0,0,0,0,non_mix,000000,control_negative,0.714104
Chinese#ZH-Tenor-1#Glissando#传奇#Control_Group#0009,D:\-MindEcho-main\ml_dl_models\gtsinger_multitech\dataset\raw\Chinese\ZH-Tenor-1\Glissando\传奇\Control_Group\0009.wav,Chinese/ZH-Tenor-1/Glissando/传奇/Control_Group/0009.wav,Chinese,ZH-Tenor-1,传奇,Control_Group,0,0,0,0,1,0,1,non_mix,000010,control_negative,0.609993
Chinese#ZH-Tenor-1#Glissando#传奇#Control_Group#0012,D:\-MindEcho-main\ml_dl_models\gtsinger_multitech\dataset\raw\Chinese\ZH-Tenor-1\Glissando\传奇\Control_Group\0012.wav,Chinese/ZH-Tenor-1/Glissando/传奇/Control_Group/0012.wav,Chinese,ZH-Tenor-1,传奇,Control_Group,0,0,0,0,0,0,0,non_mix,000000,control_negative,0.782080
Chinese#ZH-Tenor-1#Glissando#传奇#Control_Group#0016,D:\-MindEcho-main\ml_dl_models\gtsinger_multitech\dataset\raw\Chinese\ZH-Tenor-1\Glissando\传奇\Control_Group\0016.wav,Chinese/ZH-Tenor-1/Glissando/传奇/Control_Group/0016.wav,Chinese,ZH-Tenor-1,传奇,Control_Group,0,0,0,0,0,0,0,non_mix,000000,control_negative,0.581727
Chinese#ZH-Tenor-1#Glissando#传奇#Control_Group#0017,D:\-MindEcho-main\ml_dl_models\gtsinger_multitech\dataset\raw\Chinese\ZH-Tenor-1\Glissando\传奇\Control_Group\0017.wav,Chinese/ZH-Tenor-1/Glissando/传奇/Control_Group/0017.wav,Chinese,ZH-Tenor-1,传奇,Control_Group,0,0,0,0,0,0,0,non_mix,000000,control_negative,0.553029
Chinese#ZH-Tenor-1#Pharyngeal#传奇#Control_Group#0000,D:\-MindEcho-main\ml_dl_models\gtsinger_multitech\dataset\raw\Chinese\ZH-Tenor-1\Pharyngeal\传奇\Control_Group\0000.wav,Chinese/ZH-Tenor-1/Pharyngeal/传奇/Control_Group/0000.wav,Chinese,ZH-Tenor-1,传奇,Control_Group,1,0,0,0,1,0,1,clear_mix,100010,positive_mix,
Chinese#ZH-Tenor-1#Pharyngeal#传奇#Control_Group#0001,D:\-MindEcho-main\ml_dl_models\gtsinger_multitech\dataset\raw\Chinese\ZH-Tenor-1\Pharyngeal\传奇\Control_Group\0001.wav,Chinese/ZH-Tenor-1/Pharyngeal/传奇/Control_Group/0001.wav,Chinese,ZH-Tenor-1,传奇,Control_Group,1,0,0,0,1,0,1,clear_mix,100010,positive_mix,
Chinese#ZH-Tenor-1#Pharyngeal#传奇#Control_Group#0002,D:\-MindEcho-main\ml_dl_models\gtsinger_multitech\dataset\raw\Chinese\ZH-Tenor-1\Pharyngeal\传奇\Control_Group\0002.wav,Chinese/ZH-Tenor-1/Pharyngeal/传奇/Control_Group/0002.wav,Chinese,ZH-Tenor-1,传奇,Control_Group,1,0,0,0,1,0,1,clear_mix,100010,positive_mix,
Chinese#ZH-Tenor-1#Pharyngeal#传奇#Control_Group#0003,D:\-MindEcho-main\ml_dl_models\gtsinger_multitech\dataset\raw\Chinese\ZH-Tenor-1\Pharyngeal\传奇\Control_Group\0003.wav,Chinese/ZH-Tenor-1/Pharyngeal/传奇/Control_Group/0003.wav,Chinese,ZH-Tenor-1,传奇,Control_Group,1,0,0,0,1,0,1,clear_mix,100010,positive_mix,
Chinese#ZH-Tenor-1#Pharyngeal#传奇#Control_Group#0004,D:\-MindEcho-main\ml_dl_models\gtsinger_multitech\dataset\raw\Chinese\ZH-Tenor-1\Pharyngeal\传奇\Control_Group\0004.wav,Chinese/ZH-Tenor-1/Pharyngeal/传奇/Control_Group/0004.wav,Chinese,ZH-Tenor-1,传奇,Control_Group,1,0,0,0,1,0,1,clear_mix,100010,positive_mix,
Chinese#ZH-Tenor-1#Pharyngeal#传奇#Control_Group#0005,D:\-MindEcho-main\ml_dl_models\gtsinger_multitech\dataset\raw\Chinese\ZH-Tenor-1\Pharyngeal\传奇\Control_Group\0005.wav,Chinese/ZH-Tenor-1/Pharyngeal/传奇/Control_Group/0005.wav,Chinese,ZH-Tenor-1,传奇,Control_Group,1,0,0,0,1,0,1,clear_mix,100010,positive_mix,
Chinese#ZH-Tenor-1#Pharyngeal#传奇#Control_Group#0006,D:\-MindEcho-main\ml_dl_models\gtsinger_multitech\dataset\raw\Chinese\ZH-Tenor-1\Pharyngeal\传奇\Control_Group\0006.wav,Chinese/ZH-Tenor-1/Pharyngeal/传奇/Control_Group/0006.wav,Chinese,ZH-Tenor-1,传奇,Control_Group,1,0,0,0,1,0,1,clear_mix,100010,positive_mix,
Chinese#ZH-Tenor-1#Pharyngeal#传奇#Control_Group#0007,D:\-MindEcho-main\ml_dl_models\gtsinger_multitech\dataset\raw\Chinese\ZH-Tenor-1\Pharyngeal\传奇\Control_Group\0007.wav,Chinese/ZH-Tenor-1/Pharyngeal/传奇/Control_Group/0007.wav,Chinese,ZH-Tenor-1,传奇,Control_Group,1,0,0,0,1,0,1,clear_mix,100010,positive_mix,
Chinese#ZH-Tenor-1#Pharyngeal#传奇#Control_Group#0008,D:\-MindEcho-main\ml_dl_models\gtsinger_multitech\dataset\raw\Chinese\ZH-Tenor-1\Pharyngeal\传奇\Control_Group\0008.wav,Chinese/ZH-Tenor-1/Pharyngeal/传奇/Control_Group/0008.wav,Chinese,ZH-Tenor-1,传奇,Control_Group,1,0,0,0,1,0,1,clear_mix,100010,positive_mix,
Chinese#ZH-Tenor-1#Pharyngeal#传奇#Control_Group#0009,D:\-MindEcho-main\ml_dl_models\gtsinger_multitech\dataset\raw\Chinese\ZH-Tenor-1\Pharyngeal\传奇\Control_Group\0009.wav,Chinese/ZH-Tenor-1/Pharyngeal/传奇/Control_Group/0009.wav,Chinese,ZH-Tenor-1,传奇,Control_Group,1,0,0,0,1,0,1,clear_mix,100010,positive_mix,
Chinese#ZH-Tenor-1#Pharyngeal#传奇#Control_Group#0010,D:\-MindEcho-main\ml_dl_models\gtsinger_multitech\dataset\raw\Chinese\ZH-Tenor-1\Pharyngeal\传奇\Control_Group\0010.wav,Chinese/ZH-Tenor-1/Pharyngeal/传奇/Control_Group/0010.wav,Chinese,ZH-Tenor-1,传奇,Control_Group,1,0,0,0,1,0,1,clear_mix,100010,positive_mix,
Chinese#ZH-Tenor-1#Pharyngeal#传奇#Control_Group#0012,D:\-MindEcho-main\ml_dl_models\gtsinger_multitech\dataset\raw\Chinese\ZH-Tenor-1\Pharyngeal\传奇\Control_Group\0012.wav,Chinese/ZH-Tenor-1/Pharyngeal/传奇/Control_Group/0012.wav,Chinese,ZH-Tenor-1,传奇,Control_Group,1,0,0,0,1,0,1,clear_mix,100010,positive_mix,
Chinese#ZH-Tenor-1#Pharyngeal#传奇#Control_Group#0013,D:\-MindEcho-main\ml_dl_models\gtsinger_multitech\dataset\raw\Chinese\ZH-Tenor-1\Pharyngeal\传奇\Control_Group\0013.wav,Chinese/ZH-Tenor-1/Pharyngeal/传奇/Control_Group/0013.wav,Chinese,ZH-Tenor-1,传奇,Control_Group,1,0,0,0,1,0,1,clear_mix,100010,positive_mix,
Chinese#ZH-Tenor-1#Mixed_Voice_and_Falsetto#你就不要想起我#Control_Group#0001,D:\-MindEcho-main\ml_dl_models\gtsinger_multitech\dataset\raw\Chinese\ZH-Tenor-1\Mixed_Voice_and_Falsetto\你就不要想起我\Control_Group\0001.wav,Chinese/ZH-Tenor-1/Mixed_Voice_and_Falsetto/你就不要想起我/Control_Group/0001.wav,Chinese,ZH-Tenor-1,你就不要想起我,Control_Group,0,0,0,0,1,0,1,non_mix,000010,control_negative,0.685923
Chinese#ZH-Tenor-1#Mixed_Voice_and_Falsetto#你就不要想起我#Control_Group#0002,D:\-MindEcho-main\ml_dl_models\gtsinger_multitech\dataset\raw\Chinese\ZH-Tenor-1\Mixed_Voice_and_Falsetto\你就不要想起我\Control_Group\0002.wav,Chinese/ZH-Tenor-1/Mixed_Voice_and_Falsetto/你就不要想起我/Control_Group/0002.wav,Chinese,ZH-Tenor-1,你就不要想起我,Control_Group,0,0,0,0,1,0,1,non_mix,000010,control_negative,0.652322
Chinese#ZH-Tenor-1#Mixed_Voice_and_Falsetto#你就不要想起我#Control_Group#0003,D:\-MindEcho-main\ml_dl_models\gtsinger_multitech\dataset\raw\Chinese\ZH-Tenor-1\Mixed_Voice_and_Falsetto\你就不要想起我\Control_Group\0003.wav,Chinese/ZH-Tenor-1/Mixed_Voice_and_Falsetto/你就不要想起我/Control_Group/0003.wav,Chinese,ZH-Tenor-1,你就不要想起我,Control_Group,0,0,0,0,1,0,1,non_mix,000010,control_negative,0.702988
Chinese#ZH-Tenor-1#Mixed_Voice_and_Falsetto#你就不要想起我#Control_Group#0004,D:\-MindEcho-main\ml_dl_models\gtsinger_multitech\dataset\raw\Chinese\ZH-Tenor-1\Mixed_Voice_and_Falsetto\你就不要想起我\Control_Group\0004.wav,Chinese/ZH-Tenor-1/Mixed_Voice_and_Falsetto/你就不要想起我/Control_Group/0004.wav,Chinese,ZH-Tenor-1,你就不要想起我,Control_Group,0,0,0,0,1,0,1,non_mix,000010,control_negative,0.774548
Chinese#ZH-Tenor-1#Mixed_Voice_and_Falsetto#你就不要想起我#Control_Group#0006,D:\-MindEcho-main\ml_dl_models\gtsinger_multitech\dataset\raw\Chinese\ZH-Tenor-1\Mixed_Voice_and_Falsetto\你就不要想起我\Control_Group\0006.wav,Chinese/ZH-Tenor-1/Mixed_Voice_and_Falsetto/你就不要想起我/Control_Group/0006.wav,Chinese,ZH-Tenor-1,你就不要想起我,Control_Group,0,0,0,0,1,0,1,non_mix,000010,control_negative,0.832028
Chinese#ZH-Tenor-1#Mixed_Voice_and_Falsetto#你就不要想起我#Control_Group#0007,D:\-MindEcho-main\ml_dl_models\gtsinger_multitech\dataset\raw\Chinese\ZH-Tenor-1\Mixed_Voice_and_Falsetto\你就不要想起我\Control_Group\0007.wav,Chinese/ZH-Tenor-1/Mixed_Voice_and_Falsetto/你就不要想起我/Control_Group/0007.wav,Chinese,ZH-Tenor-1,你就不要想起我,Control_Group,0,0,0,0,1,0,1,non_mix,000010,control_negative,0.671704
Chinese#ZH-Tenor-1#Mixed_Voice_and_Falsetto#你就不要想起我#Control_Group#0008,D:\-MindEcho-main\ml_dl_models\gtsinger_multitech\dataset\raw\Chinese\ZH-Tenor-1\Mixed_Voice_and_Falsetto\你就不要想起我\Control_Group\0008.wav,Chinese/ZH-Tenor-1/Mixed_Voice_and_Falsetto/你就不要想起我/Control_Group/0008.wav,Chinese,ZH-Tenor-1,你就不要想起我,Control_Group,0,0,0,0,1,0,1,non_mix,000010,control_negative,0.743317
Chinese#ZH-Tenor-1#Mixed_Voice_and_Falsetto#你就不要想起我#Control_Group#0009,D:\-MindEcho-main\ml_dl_models\gtsinger_multitech\dataset\raw\Chinese\ZH-Tenor-1\Mixed_Voice_and_Falsetto\你就不要想起我\Control_Group\0009.wav,Chinese/ZH-Tenor-1/Mixed_Voice_and_Falsetto/你就不要想起我/Control_Group/0009.wav,Chinese,ZH-Tenor-1,你就不要想起我,Control_Group,0,0,0,0,1,0,1,non_mix,000010,control_negative,0.509159
Chinese#ZH-Tenor-1#Mixed_Voice_and_Falsetto#你就不要想起我#Control_Group#0011,D:\-MindEcho-main\ml_dl_models\gtsinger_multitech\dataset\raw\Chinese\ZH-Tenor-1\Mixed_Voice_and_Falsetto\你就不要想起我\Control_Group\0011.wav,Chinese/ZH-Tenor-1/Mixed_Voice_and_Falsetto/你就不要想起我/Control_Group/0011.wav,Chinese,ZH-Tenor-1,你就不要想起我,Control_Group,0,0,0,0,1,0,1,non_mix,000010,control_negative,0.805207
Chinese#ZH-Tenor-1#Mixed_Voice_and_Falsetto#你就不要想起我#Control_Group#0014,D:\-MindEcho-main\ml_dl_models\gtsinger_multitech\dataset\raw\Chinese\ZH-Tenor-1\Mixed_Voice_and_Falsetto\你就不要想起我\Control_Group\0014.wav,Chinese/ZH-Tenor-1/Mixed_Voice_and_Falsetto/你就不要想起我/Control_Group/0014.wav,Chinese,ZH-Tenor-1,你就不要想起我,Control_Group,0,0,0,0,1,0,1,non_mix,000010,control_negative,0.733453
Chinese#ZH-Tenor-1#Mixed_Voice_and_Falsetto#你就不要想起我#Control_Group#0015,D:\-MindEcho-main\ml_dl_models\gtsinger_multitech\dataset\raw\Chinese\ZH-Tenor-1\Mixed_Voice_and_Falsetto\你就不要想起我\Control_Group\0015.wav,Chinese/ZH-Tenor-1/Mixed_Voice_and_Falsetto/你就不要想起我/Control_Group/0015.wav,Chinese,ZH-Tenor-1,你就不要想起我,Control_Group,0,0,0,0,1,0,1,non_mix,000010,control_negative,0.749409
Chinese#ZH-Tenor-1#Mixed_Voice_and_Falsetto#你就不要想起我#Control_Group#0017,D:\-MindEcho-main\ml_dl_models\gtsinger_multitech\dataset\raw\Chinese\ZH-Tenor-1\Mixed_Voice_and_Falsetto\你就不要想起我\Control_Group\0017.wav,Chinese/ZH-Tenor-1/Mixed_Voice_and_Falsetto/你就不要想起我/Control_Group/0017.wav,Chinese,ZH-Tenor-1,你就不要想起我,Control_Group,0,0,0,0,1,0,1,non_mix,000010,control_negative,0.612127
Chinese#ZH-Tenor-1#Mixed_Voice_and_Falsetto#你就不要想起我#Control_Group#0018,D:\-MindEcho-main\ml_dl_models\gtsinger_multitech\dataset\raw\Chinese\ZH-Tenor-1\Mixed_Voice_and_Falsetto\你就不要想起我\Control_Group\0018.wav,Chinese/ZH-Tenor-1/Mixed_Voice_and_Falsetto/你就不要想起我/Control_Group/0018.wav,Chinese,ZH-Tenor-1,你就不要想起我,Control_Group,0,0,0,0,1,0,1,non_mix,000010,control_negative,0.755318
Chinese#ZH-Tenor-1#Mixed_Voice_and_Falsetto#你就不要想起我#Control_Group#0019,D:\-MindEcho-main\ml_dl_models\gtsinger_multitech\dataset\raw\Chinese\ZH-Tenor-1\Mixed_Voice_and_Falsetto\你就不要想起我\Control_Group\0019.wav,Chinese/ZH-Tenor-1/Mixed_Voice_and_Falsetto/你就不要想起我/Control_Group/0019.wav,Chinese,ZH-Tenor-1,你就不要想起我,Control_Group,0,0,0,0,1,0,1,non_mix,000010,control_negative,0.701272
Chinese#ZH-Tenor-1#Mixed_Voice_and_Falsetto#你就不要想起我#Control_Group#0020,D:\-MindEcho-main\ml_dl_models\gtsinger_multitech\dataset\raw\Chinese\ZH-Tenor-1\Mixed_Voice_and_Falsetto\你就不要想起我\Control_Group\0020.wav,Chinese/ZH-Tenor-1/Mixed_Voice_and_Falsetto/你就不要想起我/Control_Group/0020.wav,Chinese,ZH-Tenor-1,你就不要想起我,Control_Group,0,0,0,0,1,0,1,non_mix,000010,control_negative,0.721606
Chinese#ZH-Tenor-1#Vibrato#你给我听好#Control_Group#0001,D:\-MindEcho-main\ml_dl_models\gtsinger_multitech\dataset\raw\Chinese\ZH-Tenor-1\Vibrato\你给我听好\Control_Group\0001.wav,Chinese/ZH-Tenor-1/Vibrato/你给我听好/Control_Group/0001.wav,Chinese,ZH-Tenor-1,你给我听好,Control_Group,0,0,0,0,1,0,1,non_mix,000010,control_negative,0.493803
Chinese#ZH-Tenor-1#Vibrato#你给我听好#Control_Group#0002,D:\-MindEcho-main\ml_dl_models\gtsinger_multitech\dataset\raw\Chinese\ZH-Tenor-1\Vibrato\你给我听好\Control_Group\0002.wav,Chinese/ZH-Tenor-1/Vibrato/你给我听好/Control_Group/0002.wav,Chinese,ZH-Tenor-1,你给我听好,Control_Group,0,0,0,0,0,0,0,non_mix,000000,control_negative,0.493290
Chinese#ZH-Tenor-1#Vibrato#你给我听好#Control_Group#0004,D:\-MindEcho-main\ml_dl_models\gtsinger_multitech\dataset\raw\Chinese\ZH-Tenor-1\Vibrato\你给我听好\Control_Group\0004.wav,Chinese/ZH-Tenor-1/Vibrato/你给我听好/Control_Group/0004.wav,Chinese,ZH-Tenor-1,你给我听好,Control_Group,0,0,0,0,1,0,1,non_mix,000010,control_negative,0.571829
Chinese#ZH-Tenor-1#Vibrato#你给我听好#Control_Group#0007,D:\-MindEcho-main\ml_dl_models\gtsinger_multitech\dataset\raw\Chinese\ZH-Tenor-1\Vibrato\你给我听好\Control_Group\0007.wav,Chinese/ZH-Tenor-1/Vibrato/你给我听好/Control_Group/0007.wav,Chinese,ZH-Tenor-1,你给我听好,Control_Group,0,0,0,0,1,0,1,non_mix,000010,control_negative,0.597413
Chinese#ZH-Tenor-1#Mixed_Voice_and_Falsetto#修炼爱情#Control_Group#0000,D:\-MindEcho-main\ml_dl_models\gtsinger_multitech\dataset\raw\Chinese\ZH-Tenor-1\Mixed_Voice_and_Falsetto\修炼爱情\Control_Group\0000.wav,Chinese/ZH-Tenor-1/Mixed_Voice_and_Falsetto/修炼爱情/Control_Group/0000.wav,Chinese,ZH-Tenor-1,修炼爱情,Control_Group,0,0,0,0,0,0,0,non_mix,000000,control_negative,0.524555
Chinese#ZH-Tenor-1#Mixed_Voice_and_Falsetto#修炼爱情#Control_Group#0001,D:\-MindEcho-main\ml_dl_models\gtsinger_multitech\dataset\raw\Chinese\ZH-Tenor-1\Mixed_Voice_and_Falsetto\修炼爱情\Control_Group\0001.wav,Chinese/ZH-Tenor-1/Mixed_Voice_and_Falsetto/修炼爱情/Control_Group/0001.wav,Chinese,ZH-Tenor-1,修炼爱情,Control_Group,0,0,0,0,1,0,1,non_mix,000010,control_negative,0.662583
Chinese#ZH-Tenor-1#Mixed_Voice_and_Falsetto#修炼爱情#Control_Group#0002,D:\-MindEcho-main\ml_dl_models\gtsinger_multitech\dataset\raw\Chinese\ZH-Tenor-1\Mixed_Voice_and_Falsetto\修炼爱情\Control_Group\0002.wav,Chinese/ZH-Tenor-1/Mixed_Voice_and_Falsetto/修炼爱情/Control_Group/0002.wav,Chinese,ZH-Tenor-1,修炼爱情,Control_Group,0,1,0,0,1,0,1,non_mix,010010,control_negative,0.625763
Chinese#ZH-Tenor-1#Glissando#倒带#Control_Group#0002,D:\-MindEcho-main\ml_dl_models\gtsinger_multitech\dataset\raw\Chinese\ZH-Tenor-1\Glissando\倒带\Control_Group\0002.wav,Chinese/ZH-Tenor-1/Glissando/倒带/Control_Group/0002.wav,Chinese,ZH-Tenor-1,倒带,Control_Group,0,0,0,0,0,0,0,non_mix,000000,control_negative,0.708860
Chinese#ZH-Tenor-1#Glissando#倒带#Control_Group#0003,D:\-MindEcho-main\ml_dl_models\gtsinger_multitech\dataset\raw\Chinese\ZH-Tenor-1\Glissando\倒带\Control_Group\0003.wav,Chinese/ZH-Tenor-1/Glissando/倒带/Control_Group/0003.wav,Chinese,ZH-Tenor-1,倒带,Control_Group,0,0,0,0,0,0,0,non_mix,000000,control_negative,0.514255
Chinese#ZH-Tenor-1#Glissando#倒带#Control_Group#0005,D:\-MindEcho-main\ml_dl_models\gtsinger_multitech\dataset\raw\Chinese\ZH-Tenor-1\Glissando\倒带\Control_Group\0005.wav,Chinese/ZH-Tenor-1/Glissando/倒带/Control_Group/0005.wav,Chinese,ZH-Tenor-1,倒带,Control_Group,0,0,0,0,0,0,0,non_mix,000000,control_negative,0.616734
Chinese#ZH-Tenor-1#Glissando#倒带#Control_Group#0006,D:\-MindEcho-main\ml_dl_models\gtsinger_multitech\dataset\raw\Chinese\ZH-Tenor-1\Glissando\倒带\Control_Group\0006.wav,Chinese/ZH-Tenor-1/Glissando/倒带/Control_Group/0006.wav,Chinese,ZH-Tenor-1,倒带,Control_Group,0,0,0,0,0,0,0,non_mix,000000,control_negative,0.824287
Chinese#ZH-Tenor-1#Glissando#倒带#Control_Group#0008,D:\-MindEcho-main\ml_dl_models\gtsinger_multitech\dataset\raw\Chinese\ZH-Tenor-1\Glissando\倒带\Control_Group\0008.wav,Chinese/ZH-Tenor-1/Glissando/倒带/Control_Group/0008.wav,Chinese,ZH-Tenor-1,倒带,Control_Group,0,0,0,0,0,0,0,non_mix,000000,control_negative,0.658144
Chinese#ZH-Tenor-1#Glissando#倒带#Control_Group#0009,D:\-MindEcho-main\ml_dl_models\gtsinger_multitech\dataset\raw\Chinese\ZH-Tenor-1\Glissando\倒带\Control_Group\0009.wav,Chinese/ZH-Tenor-1/Glissando/倒带/Control_Group/0009.wav,Chinese,ZH-Tenor-1,倒带,Control_Group,0,0,0,0,0,0,0,non_mix,000000,control_negative,0.784922
Chinese#ZH-Tenor-1#Glissando#倒带#Control_Group#0012,D:\-MindEcho-main\ml_dl_models\gtsinger_multitech\dataset\raw\Chinese\ZH-Tenor-1\Glissando\倒带\Control_Group\0012.wav,Chinese/ZH-Tenor-1/Glissando/倒带/Control_Group/0012.wav,Chinese,ZH-Tenor-1,倒带,Control_Group,0,0,0,0,0,0,0,non_mix,000000,control_negative,0.800560
Chinese#ZH-Tenor-1#Glissando#倒带#Control_Group#0013,D:\-MindEcho-main\ml_dl_models\gtsinger_multitech\dataset\raw\Chinese\ZH-Tenor-1\Glissando\倒带\Control_Group\0013.wav,Chinese/ZH-Tenor-1/Glissando/倒带/Control_Group/0013.wav,Chinese,ZH-Tenor-1,倒带,Control_Group,0,0,0,0,0,0,0,non_mix,000000,control_negative,0.623525
Chinese#ZH-Tenor-1#Glissando#倒带#Control_Group#0014,D:\-MindEcho-main\ml_dl_models\gtsinger_multitech\dataset\raw\Chinese\ZH-Tenor-1\Glissando\倒带\Control_Group\0014.wav,Chinese/ZH-Tenor-1/Glissando/倒带/Control_Group/0014.wav,Chinese,ZH-Tenor-1,倒带,Control_Group,0,0,0,0,0,0,0,non_mix,000000,control_negative,0.638965
Chinese#ZH-Tenor-1#Glissando#倒带#Control_Group#0015,D:\-MindEcho-main\ml_dl_models\gtsinger_multitech\dataset\raw\Chinese\ZH-Tenor-1\Glissando\倒带\Control_Group\0015.wav,Chinese/ZH-Tenor-1/Glissando/倒带/Control_Group/0015.wav,Chinese,ZH-Tenor-1,倒带,Control_Group,0,0,0,0,0,0,0,non_mix,000000,control_negative,0.479122
Chinese#ZH-Tenor-1#Glissando#倒带#Control_Group#0016,D:\-MindEcho-main\ml_dl_models\gtsinger_multitech\dataset\raw\Chinese\ZH-Tenor-1\Glissando\倒带\Control_Group\0016.wav,Chinese/ZH-Tenor-1/Glissando/倒带/Control_Group/0016.wav,Chinese,ZH-Tenor-1,倒带,Control_Group,0,0,0,0,0,0,0,non_mix,000000,control_negative,0.677170
Chinese#ZH-Tenor-1#Glissando#倒带#Control_Group#0017,D:\-MindEcho-main\ml_dl_models\gtsinger_multitech\dataset\raw\Chinese\ZH-Tenor-1\Glissando\倒带\Control_Group\0017.wav,Chinese/ZH-Tenor-1/Glissando/倒带/Control_Group/0017.wav,Chinese,ZH-Tenor-1,倒带,Control_Group,0,0,0,0,0,0,0,non_mix,000000,control_negative,0.778340
Chinese#ZH-Tenor-1#Glissando#倒带#Control_Group#0018,D:\-MindEcho-main\ml_dl_models\gtsinger_multitech\dataset\raw\Chinese\ZH-Tenor-1\Glissando\倒带\Control_Group\0018.wav,Chinese/ZH-Tenor-1/Glissando/倒带/Control_Group/0018.wav,Chinese,ZH-Tenor-1,倒带,Control_Group,0,0,0,0,0,0,0,non_mix,000000,control_negative,0.778253
Chinese#ZH-Tenor-1#Glissando#倒带#Control_Group#0019,D:\-MindEcho-main\ml_dl_models\gtsinger_multitech\dataset\raw\Chinese\ZH-Tenor-1\Glissando\倒带\Control_Group\0019.wav,Chinese/ZH-Tenor-1/Glissando/倒带/Control_Group/0019.wav,Chinese,ZH-Tenor-1,倒带,Control_Group,0,0,0,0,0,0,0,non_mix,000000,control_negative,0.700347
Chinese#ZH-Tenor-1#Glissando#倒带#Control_Group#0020,D:\-MindEcho-main\ml_dl_models\gtsinger_multitech\dataset\raw\Chinese\ZH-Tenor-1\Glissando\倒带\Control_Group\0020.wav,Chinese/ZH-Tenor-1/Glissando/倒带/Control_Group/0020.wav,Chinese,ZH-Tenor-1,倒带,Control_Group,0,0,0,0,0,0,0,non_mix,000000,control_negative,0.790484
Chinese#ZH-Tenor-1#Glissando#倒带#Control_Group#0021,D:\-MindEcho-main\ml_dl_models\gtsinger_multitech\dataset\raw\Chinese\ZH-Tenor-1\Glissando\倒带\Control_Group\0021.wav,Chinese/ZH-Tenor-1/Glissando/倒带/Control_Group/0021.wav,Chinese,ZH-Tenor-1,倒带,Control_Group,0,0,0,0,0,0,0,non_mix,000000,control_negative,0.695180
Chinese#ZH-Tenor-1#Glissando#倒带#Control_Group#0022,D:\-MindEcho-main\ml_dl_models\gtsinger_multitech\dataset\raw\Chinese\ZH-Tenor-1\Glissando\倒带\Control_Group\0022.wav,Chinese/ZH-Tenor-1/Glissando/倒带/Control_Group/0022.wav,Chinese,ZH-Tenor-1,倒带,Control_Group,0,0,0,0,0,0,0,non_mix,000000,control_negative,0.733912
Chinese#ZH-Tenor-1#Glissando#倒带#Control_Group#0023,D:\-MindEcho-main\ml_dl_models\gtsinger_multitech\dataset\raw\Chinese\ZH-Tenor-1\Glissando\倒带\Control_Group\0023.wav,Chinese/ZH-Tenor-1/Glissando/倒带/Control_Group/0023.wav,Chinese,ZH-Tenor-1,倒带,Control_Group,0,0,0,0,0,0,0,non_mix,000000,control_negative,0.648630
Chinese#ZH-Tenor-1#Mixed_Voice_and_Falsetto#倒带#Control_Group#0000,D:\-MindEcho-main\ml_dl_models\gtsinger_multitech\dataset\raw\Chinese\ZH-Tenor-1\Mixed_Voice_and_Falsetto\倒带\Control_Group\0000.wav,Chinese/ZH-Tenor-1/Mixed_Voice_and_Falsetto/倒带/Control_Group/0000.wav,Chinese,ZH-Tenor-1,倒带,Control_Group,0,0,0,0,1,0,1,non_mix,000010,control_negative,0.744471
Chinese#ZH-Tenor-1#Mixed_Voice_and_Falsetto#倒带#Control_Group#0001,D:\-MindEcho-main\ml_dl_models\gtsinger_multitech\dataset\raw\Chinese\ZH-Tenor-1\Mixed_Voice_and_Falsetto\倒带\Control_Group\0001.wav,Chinese/ZH-Tenor-1/Mixed_Voice_and_Falsetto/倒带/Control_Group/0001.wav,Chinese,ZH-Tenor-1,倒带,Control_Group,0,0,0,0,1,0,1,non_mix,000010,control_negative,0.693136
Chinese#ZH-Tenor-1#Mixed_Voice_and_Falsetto#倒带#Control_Group#0002,D:\-MindEcho-main\ml_dl_models\gtsinger_multitech\dataset\raw\Chinese\ZH-Tenor-1\Mixed_Voice_and_Falsetto\倒带\Control_Group\0002.wav,Chinese/ZH-Tenor-1/Mixed_Voice_and_Falsetto/倒带/Control_Group/0002.wav,Chinese,ZH-Tenor-1,倒带,Control_Group,0,0,0,0,1,0,1,non_mix,000010,control_negative,0.617114
Chinese#ZH-Tenor-1#Mixed_Voice_and_Falsetto#倒带#Control_Group#0003,D:\-MindEcho-main\ml_dl_models\gtsinger_multitech\dataset\raw\Chinese\ZH-Tenor-1\Mixed_Voice_and_Falsetto\倒带\Control_Group\0003.wav,Chinese/ZH-Tenor-1/Mixed_Voice_and_Falsetto/倒带/Control_Group/0003.wav,Chinese,ZH-Tenor-1,倒带,Control_Group,0,0,0,0,1,0,1,non_mix,000010,control_negative,0.644052
Chinese#ZH-Tenor-1#Mixed_Voice_and_Falsetto#倒带#Control_Group#0004,D:\-MindEcho-main\ml_dl_models\gtsinger_multitech\dataset\raw\Chinese\ZH-Tenor-1\Mixed_Voice_and_Falsetto\倒带\Control_Group\0004.wav,Chinese/ZH-Tenor-1/Mixed_Voice_and_Falsetto/倒带/Control_Group/0004.wav,Chinese,ZH-Tenor-1,倒带,Control_Group,0,0,0,0,1,0,1,non_mix,000010,control_negative,0.649154
Chinese#ZH-Tenor-1#Mixed_Voice_and_Falsetto#倒带#Control_Group#0005,D:\-MindEcho-main\ml_dl_models\gtsinger_multitech\dataset\raw\Chinese\ZH-Tenor-1\Mixed_Voice_and_Falsetto\倒带\Control_Group\0005.wav,Chinese/ZH-Tenor-1/Mixed_Voice_and_Falsetto/倒带/Control_Group/0005.wav,Chinese,ZH-Tenor-1,倒带,Control_Group,0,0,0,0,1,0,1,non_mix,000010,control_negative,0.645485
Chinese#ZH-Tenor-1#Mixed_Voice_and_Falsetto#倒带#Control_Group#0006,D:\-MindEcho-main\ml_dl_models\gtsinger_multitech\dataset\raw\Chinese\ZH-Tenor-1\Mixed_Voice_and_Falsetto\倒带\Control_Group\0006.wav,Chinese/ZH-Tenor-1/Mixed_Voice_and_Falsetto/倒带/Control_Group/0006.wav,Chinese,ZH-Tenor-1,倒带,Control_Group,0,0,0,0,1,0,1,non_mix,000010,control_negative,0.619637
Chinese#ZH-Tenor-1#Mixed_Voice_and_Falsetto#倒带#Control_Group#0007,D:\-MindEcho-main\ml_dl_models\gtsinger_multitech\dataset\raw\Chinese\ZH-Tenor-1\Mixed_Voice_and_Falsetto\倒带\Control_Group\0007.wav,Chinese/ZH-Tenor-1/Mixed_Voice_and_Falsetto/倒带/Control_Group/0007.wav,Chinese,ZH-Tenor-1,倒带,Control_Group,0,0,0,0,1,0,1,non_mix,000010,control_negative,0.758268
Chinese#ZH-Tenor-1#Mixed_Voice_and_Falsetto#倒带#Control_Group#0008,D:\-MindEcho-main\ml_dl_models\gtsinger_multitech\dataset\raw\Chinese\ZH-Tenor-1\Mixed_Voice_and_Falsetto\倒带\Control_Group\0008.wav,Chinese/ZH-Tenor-1/Mixed_Voice_and_Falsetto/倒带/Control_Group/0008.wav,Chinese,ZH-Tenor-1,倒带,Control_Group,0,0,0,0,1,0,1,non_mix,000010,control_negative,0.647892
Chinese#ZH-Tenor-1#Mixed_Voice_and_Falsetto#倒带#Control_Group#0009,D:\-MindEcho-main\ml_dl_models\gtsinger_multitech\dataset\raw\Chinese\ZH-Tenor-1\Mixed_Voice_and_Falsetto\倒带\Control_Group\0009.wav,Chinese/ZH-Tenor-1/Mixed_Voice_and_Falsetto/倒带/Control_Group/0009.wav,Chinese,ZH-Tenor-1,倒带,Control_Group,0,0,0,0,1,0,1,non_mix,000010,control_negative,0.830132
Chinese#ZH-Tenor-1#Mixed_Voice_and_Falsetto#倒带#Control_Group#0010,D:\-MindEcho-main\ml_dl_models\gtsinger_multitech\dataset\raw\Chinese\ZH-Tenor-1\Mixed_Voice_and_Falsetto\倒带\Control_Group\0010.wav,Chinese/ZH-Tenor-1/Mixed_Voice_and_Falsetto/倒带/Control_Group/0010.wav,Chinese,ZH-Tenor-1,倒带,Control_Group,0,0,0,0,1,0,1,non_mix,000010,control_negative,0.683638
Chinese#ZH-Tenor-1#Mixed_Voice_and_Falsetto#倒带#Control_Group#0012,D:\-MindEcho-main\ml_dl_models\gtsinger_multitech\dataset\raw\Chinese\ZH-Tenor-1\Mixed_Voice_and_Falsetto\倒带\Control_Group\0012.wav,Chinese/ZH-Tenor-1/Mixed_Voice_and_Falsetto/倒带/Control_Group/0012.wav,Chinese,ZH-Tenor-1,倒带,Control_Group,0,0,0,0,1,0,1,non_mix,000010,control_negative,0.551819
Chinese#ZH-Tenor-1#Mixed_Voice_and_Falsetto#倒带#Control_Group#0013,D:\-MindEcho-main\ml_dl_models\gtsinger_multitech\dataset\raw\Chinese\ZH-Tenor-1\Mixed_Voice_and_Falsetto\倒带\Control_Group\0013.wav,Chinese/ZH-Tenor-1/Mixed_Voice_and_Falsetto/倒带/Control_Group/0013.wav,Chinese,ZH-Tenor-1,倒带,Control_Group,0,0,0,0,1,0,1,non_mix,000010,control_negative,0.652227
Chinese#ZH-Tenor-1#Mixed_Voice_and_Falsetto#倒带#Control_Group#0014,D:\-MindEcho-main\ml_dl_models\gtsinger_multitech\dataset\raw\Chinese\ZH-Tenor-1\Mixed_Voice_and_Falsetto\倒带\Control_Group\0014.wav,Chinese/ZH-Tenor-1/Mixed_Voice_and_Falsetto/倒带/Control_Group/0014.wav,Chinese,ZH-Tenor-1,倒带,Control_Group,0,0,0,0,1,0,1,non_mix,000010,control_negative,0.596362
Chinese#ZH-Tenor-1#Mixed_Voice_and_Falsetto#倒带#Control_Group#0016,D:\-MindEcho-main\ml_dl_models\gtsinger_multitech\dataset\raw\Chinese\ZH-Tenor-1\Mixed_Voice_and_Falsetto\倒带\Control_Group\0016.wav,Chinese/ZH-Tenor-1/Mixed_Voice_and_Falsetto/倒带/Control_Group/0016.wav,Chinese,ZH-Tenor-1,倒带,Control_Group,0,0,0,0,1,0,1,non_mix,000010,control_negative,0.613278
Chinese#ZH-Tenor-1#Mixed_Voice_and_Falsetto#倒带#Control_Group#0017,D:\-MindEcho-main\ml_dl_models\gtsinger_multitech\dataset\raw\Chinese\ZH-Tenor-1\Mixed_Voice_and_Falsetto\倒带\Control_Group\0017.wav,Chinese/ZH-Tenor-1/Mixed_Voice_and_Falsetto/倒带/Control_Group/0017.wav,Chinese,ZH-Tenor-1,倒带,Control_Group,0,0,0,0,1,0,1,non_mix,000010,control_negative,0.722448
Chinese#ZH-Tenor-1#Mixed_Voice_and_Falsetto#倒带#Control_Group#0018,D:\-MindEcho-main\ml_dl_models\gtsinger_multitech\dataset\raw\Chinese\ZH-Tenor-1\Mixed_Voice_and_Falsetto\倒带\Control_Group\0018.wav,Chinese/ZH-Tenor-1/Mixed_Voice_and_Falsetto/倒带/Control_Group/0018.wav,Chinese,ZH-Tenor-1,倒带,Control_Group,0,0,0,0,1,0,1,non_mix,000010,control_negative,0.613393
Chinese#ZH-Tenor-1#Mixed_Voice_and_Falsetto#倒带#Control_Group#0019,D:\-MindEcho-main\ml_dl_models\gtsinger_multitech\dataset\raw\Chinese\ZH-Tenor-1\Mixed_Voice_and_Falsetto\倒带\Control_Group\0019.wav,Chinese/ZH-Tenor-1/Mixed_Voice_and_Falsetto/倒带/Control_Group/0019.wav,Chinese,ZH-Tenor-1,倒带,Control_Group,0,0,0,0,1,0,1,non_mix,000010,control_negative,0.751198
Chinese#ZH-Tenor-1#Mixed_Voice_and_Falsetto#倒带#Control_Group#0021,D:\-MindEcho-main\ml_dl_models\gtsinger_multitech\dataset\raw\Chinese\ZH-Tenor-1\Mixed_Voice_and_Falsetto\倒带\Control_Group\0021.wav,Chinese/ZH-Tenor-1/Mixed_Voice_and_Falsetto/倒带/Control_Group/0021.wav,Chinese,ZH-Tenor-1,倒带,Control_Group,0,0,0,0,1,0,1,non_mix,000010,control_negative,0.708806
Chinese#ZH-Tenor-1#Mixed_Voice_and_Falsetto#倒带#Control_Group#0022,D:\-MindEcho-main\ml_dl_models\gtsinger_multitech\dataset\raw\Chinese\ZH-Tenor-1\Mixed_Voice_and_Falsetto\倒带\Control_Group\0022.wav,Chinese/ZH-Tenor-1/Mixed_Voice_and_Falsetto/倒带/Control_Group/0022.wav,Chinese,ZH-Tenor-1,倒带,Control_Group,0,0,0,0,1,0,1,non_mix,000010,control_negative,0.580854
Chinese#ZH-Tenor-1#Mixed_Voice_and_Falsetto#倒带#Control_Group#0023,D:\-MindEcho-main\ml_dl_models\gtsinger_multitech\dataset\raw\Chinese\ZH-Tenor-1\Mixed_Voice_and_Falsetto\倒带\Control_Group\0023.wav,Chinese/ZH-Tenor-1/Mixed_Voice_and_Falsetto/倒带/Control_Group/0023.wav,Chinese,ZH-Tenor-1,倒带,Control_Group,0,0,0,0,1,0,1,non_mix,000010,control_negative,0.733190
Chinese#ZH-Tenor-1#Mixed_Voice_and_Falsetto#倒带#Control_Group#0024,D:\-MindEcho-main\ml_dl_models\gtsinger_multitech\dataset\raw\Chinese\ZH-Tenor-1\Mixed_Voice_and_Falsetto\倒带\Control_Group\0024.wav,Chinese/ZH-Tenor-1/Mixed_Voice_and_Falsetto/倒带/Control_Group/0024.wav,Chinese,ZH-Tenor-1,倒带,Control_Group,0,0,0,0,1,0,1,non_mix,000010,control_negative,0.578700
Chinese#ZH-Tenor-1#Breathy#借#Control_Group#0000,D:\-MindEcho-main\ml_dl_models\gtsinger_multitech\dataset\raw\Chinese\ZH-Tenor-1\Breathy\借\Control_Group\0000.wav,Chinese/ZH-Tenor-1/Breathy/借/Control_Group/0000.wav,Chinese,ZH-Tenor-1,借,Control_Group,0,0,0,0,1,0,1,non_mix,000010,control_negative,0.640691
Chinese#ZH-Tenor-1#Breathy#借#Control_Group#0002,D:\-MindEcho-main\ml_dl_models\gtsinger_multitech\dataset\raw\Chinese\ZH-Tenor-1\Breathy\借\Control_Group\0002.wav,Chinese/ZH-Tenor-1/Breathy/借/Control_Group/0002.wav,Chinese,ZH-Tenor-1,借,Control_Group,0,0,0,0,1,0,1,non_mix,000010,control_negative,0.721242
Chinese#ZH-Tenor-1#Breathy#借#Control_Group#0004,D:\-MindEcho-main\ml_dl_models\gtsinger_multitech\dataset\raw\Chinese\ZH-Tenor-1\Breathy\借\Control_Group\0004.wav,Chinese/ZH-Tenor-1/Breathy/借/Control_Group/0004.wav,Chinese,ZH-Tenor-1,借,Control_Group,0,0,0,0,1,0,1,non_mix,000010,control_negative,0.861787
Chinese#ZH-Tenor-1#Breathy#借#Control_Group#0005,D:\-MindEcho-main\ml_dl_models\gtsinger_multitech\dataset\raw\Chinese\ZH-Tenor-1\Breathy\借\Control_Group\0005.wav,Chinese/ZH-Tenor-1/Breathy/借/Control_Group/0005.wav,Chinese,ZH-Tenor-1,借,Control_Group,0,0,0,0,1,0,1,non_mix,000010,control_negative,0.723295
Chinese#ZH-Tenor-1#Breathy#借#Control_Group#0007,D:\-MindEcho-main\ml_dl_models\gtsinger_multitech\dataset\raw\Chinese\ZH-Tenor-1\Breathy\借\Control_Group\0007.wav,Chinese/ZH-Tenor-1/Breathy/借/Control_Group/0007.wav,Chinese,ZH-Tenor-1,借,Control_Group,0,0,0,0,1,0,1,non_mix,000010,control_negative,0.617072
Chinese#ZH-Tenor-1#Breathy#借#Control_Group#0008,D:\-MindEcho-main\ml_dl_models\gtsinger_multitech\dataset\raw\Chinese\ZH-Tenor-1\Breathy\借\Control_Group\0008.wav,Chinese/ZH-Tenor-1/Breathy/借/Control_Group/0008.wav,Chinese,ZH-Tenor-1,借,Control_Group,0,0,0,0,0,0,0,non_mix,000000,control_negative,0.561847
Chinese#ZH-Tenor-1#Breathy#借#Control_Group#0010,D:\-MindEcho-main\ml_dl_models\gtsinger_multitech\dataset\raw\Chinese\ZH-Tenor-1\Breathy\借\Control_Group\0010.wav,Chinese/ZH-Tenor-1/Breathy/借/Control_Group/0010.wav,Chinese,ZH-Tenor-1,借,Control_Group,0,0,0,0,1,0,1,non_mix,000010,control_negative,0.747312
Chinese#ZH-Tenor-1#Breathy#借#Control_Group#0011,D:\-MindEcho-main\ml_dl_models\gtsinger_multitech\dataset\raw\Chinese\ZH-Tenor-1\Breathy\借\Control_Group\0011.wav,Chinese/ZH-Tenor-1/Breathy/借/Control_Group/0011.wav,Chinese,ZH-Tenor-1,借,Control_Group,0,0,0,0,1,0,1,non_mix,000010,control_negative,0.734504
Chinese#ZH-Tenor-1#Breathy#借#Control_Group#0012,D:\-MindEcho-main\ml_dl_models\gtsinger_multitech\dataset\raw\Chinese\ZH-Tenor-1\Breathy\借\Control_Group\0012.wav,Chinese/ZH-Tenor-1/Breathy/借/Control_Group/0012.wav,Chinese,ZH-Tenor-1,借,Control_Group,0,0,0,0,1,0,1,non_mix,000010,control_negative,0.843264
Chinese#ZH-Tenor-1#Breathy#借#Control_Group#0013,D:\-MindEcho-main\ml_dl_models\gtsinger_multitech\dataset\raw\Chinese\ZH-Tenor-1\Breathy\借\Control_Group\0013.wav,Chinese/ZH-Tenor-1/Breathy/借/Control_Group/0013.wav,Chinese,ZH-Tenor-1,借,Control_Group,0,0,0,0,1,0,1,non_mix,000010,control_negative,0.726693
Chinese#ZH-Tenor-1#Mixed_Voice_and_Falsetto#偏爱#Control_Group#0000,D:\-MindEcho-main\ml_dl_models\gtsinger_multitech\dataset\raw\Chinese\ZH-Tenor-1\Mixed_Voice_and_Falsetto\偏爱\Control_Group\0000.wav,Chinese/ZH-Tenor-1/Mixed_Voice_and_Falsetto/偏爱/Control_Group/0000.wav,Chinese,ZH-Tenor-1,偏爱,Control_Group,0,0,0,0,1,0,1,non_mix,000010,control_negative,0.629574
Chinese#ZH-Tenor-1#Mixed_Voice_and_Falsetto#偏爱#Control_Group#0001,D:\-MindEcho-main\ml_dl_models\gtsinger_multitech\dataset\raw\Chinese\ZH-Tenor-1\Mixed_Voice_and_Falsetto\偏爱\Control_Group\0001.wav,Chinese/ZH-Tenor-1/Mixed_Voice_and_Falsetto/偏爱/Control_Group/0001.wav,Chinese,ZH-Tenor-1,偏爱,Control_Group,0,0,0,0,1,0,1,non_mix,000010,control_negative,0.478909
Chinese#ZH-Tenor-1#Mixed_Voice_and_Falsetto#偏爱#Control_Group#0002,D:\-MindEcho-main\ml_dl_models\gtsinger_multitech\dataset\raw\Chinese\ZH-Tenor-1\Mixed_Voice_and_Falsetto\偏爱\Control_Group\0002.wav,Chinese/ZH-Tenor-1/Mixed_Voice_and_Falsetto/偏爱/Control_Group/0002.wav,Chinese,ZH-Tenor-1,偏爱,Control_Group,0,0,0,0,1,0,1,non_mix,000010,control_negative,0.777235
Chinese#ZH-Tenor-1#Mixed_Voice_and_Falsetto#偏爱#Control_Group#0003,D:\-MindEcho-main\ml_dl_models\gtsinger_multitech\dataset\raw\Chinese\ZH-Tenor-1\Mixed_Voice_and_Falsetto\偏爱\Control_Group\0003.wav,Chinese/ZH-Tenor-1/Mixed_Voice_and_Falsetto/偏爱/Control_Group/0003.wav,Chinese,ZH-Tenor-1,偏爱,Control_Group,0,0,0,0,1,0,1,non_mix,000010,control_negative,0.651422
Chinese#ZH-Tenor-1#Mixed_Voice_and_Falsetto#偏爱#Control_Group#0006,D:\-MindEcho-main\ml_dl_models\gtsinger_multitech\dataset\raw\Chinese\ZH-Tenor-1\Mixed_Voice_and_Falsetto\偏爱\Control_Group\0006.wav,Chinese/ZH-Tenor-1/Mixed_Voice_and_Falsetto/偏爱/Control_Group/0006.wav,Chinese,ZH-Tenor-1,偏爱,Control_Group,0,0,0,0,1,0,1,non_mix,000010,control_negative,0.697117
Chinese#ZH-Tenor-1#Mixed_Voice_and_Falsetto#偏爱#Control_Group#0009,D:\-MindEcho-main\ml_dl_models\gtsinger_multitech\dataset\raw\Chinese\ZH-Tenor-1\Mixed_Voice_and_Falsetto\偏爱\Control_Group\0009.wav,Chinese/ZH-Tenor-1/Mixed_Voice_and_Falsetto/偏爱/Control_Group/0009.wav,Chinese,ZH-Tenor-1,偏爱,Control_Group,0,0,0,0,1,0,1,non_mix,000010,control_negative,0.563353
Chinese#ZH-Tenor-1#Mixed_Voice_and_Falsetto#偏爱#Control_Group#0010,D:\-MindEcho-main\ml_dl_models\gtsinger_multitech\dataset\raw\Chinese\ZH-Tenor-1\Mixed_Voice_and_Falsetto\偏爱\Control_Group\0010.wav,Chinese/ZH-Tenor-1/Mixed_Voice_and_Falsetto/偏爱/Control_Group/0010.wav,Chinese,ZH-Tenor-1,偏爱,Control_Group,0,0,0,0,1,0,1,non_mix,000010,control_negative,0.620743
Chinese#ZH-Tenor-1#Mixed_Voice_and_Falsetto#偏爱#Control_Group#0011,D:\-MindEcho-main\ml_dl_models\gtsinger_multitech\dataset\raw\Chinese\ZH-Tenor-1\Mixed_Voice_and_Falsetto\偏爱\Control_Group\0011.wav,Chinese/ZH-Tenor-1/Mixed_Voice_and_Falsetto/偏爱/Control_Group/0011.wav,Chinese,ZH-Tenor-1,偏爱,Control_Group,0,0,0,0,1,0,1,non_mix,000010,control_negative,0.577110
Chinese#ZH-Tenor-1#Mixed_Voice_and_Falsetto#偏爱#Control_Group#0012,D:\-MindEcho-main\ml_dl_models\gtsinger_multitech\dataset\raw\Chinese\ZH-Tenor-1\Mixed_Voice_and_Falsetto\偏爱\Control_Group\0012.wav,Chinese/ZH-Tenor-1/Mixed_Voice_and_Falsetto/偏爱/Control_Group/0012.wav,Chinese,ZH-Tenor-1,偏爱,Control_Group,0,0,0,0,1,0,1,non_mix,000010,control_negative,0.528455
Chinese#ZH-Tenor-1#Mixed_Voice_and_Falsetto#偏爱#Control_Group#0013,D:\-MindEcho-main\ml_dl_models\gtsinger_multitech\dataset\raw\Chinese\ZH-Tenor-1\Mixed_Voice_and_Falsetto\偏爱\Control_Group\0013.wav,Chinese/ZH-Tenor-1/Mixed_Voice_and_Falsetto/偏爱/Control_Group/0013.wav,Chinese,ZH-Tenor-1,偏爱,Control_Group,0,0,0,0,1,0,1,non_mix,000010,control_negative,0.612462
Chinese#ZH-Tenor-1#Mixed_Voice_and_Falsetto#偏爱#Control_Group#0014,D:\-MindEcho-main\ml_dl_models\gtsinger_multitech\dataset\raw\Chinese\ZH-Tenor-1\Mixed_Voice_and_Falsetto\偏爱\Control_Group\0014.wav,Chinese/ZH-Tenor-1/Mixed_Voice_and_Falsetto/偏爱/Control_Group/0014.wav,Chinese,ZH-Tenor-1,偏爱,Control_Group,0,0,0,0,1,0,1,non_mix,000010,control_negative,0.784973
Chinese#ZH-Tenor-1#Mixed_Voice_and_Falsetto#偏爱#Control_Group#0016,D:\-MindEcho-main\ml_dl_models\gtsinger_multitech\dataset\raw\Chinese\ZH-Tenor-1\Mixed_Voice_and_Falsetto\偏爱\Control_Group\0016.wav,Chinese/ZH-Tenor-1/Mixed_Voice_and_Falsetto/偏爱/Control_Group/0016.wav,Chinese,ZH-Tenor-1,偏爱,Control_Group,0,0,0,0,1,0,1,non_mix,000010,control_negative,0.794192
Chinese#ZH-Tenor-1#Mixed_Voice_and_Falsetto#偏爱#Control_Group#0018,D:\-MindEcho-main\ml_dl_models\gtsinger_multitech\dataset\raw\Chinese\ZH-Tenor-1\Mixed_Voice_and_Falsetto\偏爱\Control_Group\0018.wav,Chinese/ZH-Tenor-1/Mixed_Voice_and_Falsetto/偏爱/Control_Group/0018.wav,Chinese,ZH-Tenor-1,偏爱,Control_Group,0,0,0,0,1,0,1,non_mix,000010,control_negative,0.773642
Chinese#ZH-Tenor-1#Mixed_Voice_and_Falsetto#偏爱#Control_Group#0019,D:\-MindEcho-main\ml_dl_models\gtsinger_multitech\dataset\raw\Chinese\ZH-Tenor-1\Mixed_Voice_and_Falsetto\偏爱\Control_Group\0019.wav,Chinese/ZH-Tenor-1/Mixed_Voice_and_Falsetto/偏爱/Control_Group/0019.wav,Chinese,ZH-Tenor-1,偏爱,Control_Group,0,0,0,0,1,0,1,non_mix,000010,control_negative,0.688577
Chinese#ZH-Tenor-1#Breathy#像我这样的人#Control_Group#0000,D:\-MindEcho-main\ml_dl_models\gtsinger_multitech\dataset\raw\Chinese\ZH-Tenor-1\Breathy\像我这样的人\Control_Group\0000.wav,Chinese/ZH-Tenor-1/Breathy/像我这样的人/Control_Group/0000.wav,Chinese,ZH-Tenor-1,像我这样的人,Control_Group,0,0,0,0,1,0,1,non_mix,000010,control_negative,0.690687
Chinese#ZH-Tenor-1#Breathy#像我这样的人#Control_Group#0001,D:\-MindEcho-main\ml_dl_models\gtsinger_multitech\dataset\raw\Chinese\ZH-Tenor-1\Breathy\像我这样的人\Control_Group\0001.wav,Chinese/ZH-Tenor-1/Breathy/像我这样的人/Control_Group/0001.wav,Chinese,ZH-Tenor-1,像我这样的人,Control_Group,0,0,0,1,1,0,1,non_mix,000110,control_negative,0.568272
Chinese#ZH-Tenor-1#Breathy#像我这样的人#Control_Group#0003,D:\-MindEcho-main\ml_dl_models\gtsinger_multitech\dataset\raw\Chinese\ZH-Tenor-1\Breathy\像我这样的人\Control_Group\0003.wav,Chinese/ZH-Tenor-1/Breathy/像我这样的人/Control_Group/0003.wav,Chinese,ZH-Tenor-1,像我这样的人,Control_Group,0,0,0,0,1,0,1,non_mix,000010,control_negative,0.632108
Chinese#ZH-Tenor-1#Breathy#像我这样的人#Control_Group#0006,D:\-MindEcho-main\ml_dl_models\gtsinger_multitech\dataset\raw\Chinese\ZH-Tenor-1\Breathy\像我这样的人\Control_Group\0006.wav,Chinese/ZH-Tenor-1/Breathy/像我这样的人/Control_Group/0006.wav,Chinese,ZH-Tenor-1,像我这样的人,Control_Group,0,0,0,0,1,0,1,non_mix,000010,control_negative,0.711577
Chinese#ZH-Tenor-1#Breathy#像我这样的人#Control_Group#0007,D:\-MindEcho-main\ml_dl_models\gtsinger_multitech\dataset\raw\Chinese\ZH-Tenor-1\Breathy\像我这样的人\Control_Group\0007.wav,Chinese/ZH-Tenor-1/Breathy/像我这样的人/Control_Group/0007.wav,Chinese,ZH-Tenor-1,像我这样的人,Control_Group,0,0,0,0,1,0,1,non_mix,000010,control_negative,0.696924
Chinese#ZH-Tenor-1#Breathy#像我这样的人#Control_Group#0008,D:\-MindEcho-main\ml_dl_models\gtsinger_multitech\dataset\raw\Chinese\ZH-Tenor-1\Breathy\像我这样的人\Control_Group\0008.wav,Chinese/ZH-Tenor-1/Breathy/像我这样的人/Control_Group/0008.wav,Chinese,ZH-Tenor-1,像我这样的人,Control_Group,0,0,0,0,1,0,1,non_mix,000010,control_negative,0.704579
Chinese#ZH-Tenor-1#Breathy#像我这样的人#Control_Group#0009,D:\-MindEcho-main\ml_dl_models\gtsinger_multitech\dataset\raw\Chinese\ZH-Tenor-1\Breathy\像我这样的人\Control_Group\0009.wav,Chinese/ZH-Tenor-1/Breathy/像我这样的人/Control_Group/0009.wav,Chinese,ZH-Tenor-1,像我这样的人,Control_Group,0,0,0,0,1,0,1,non_mix,000010,control_negative,0.542963
Chinese#ZH-Tenor-1#Breathy#像我这样的人#Control_Group#0010,D:\-MindEcho-main\ml_dl_models\gtsinger_multitech\dataset\raw\Chinese\ZH-Tenor-1\Breathy\像我这样的人\Control_Group\0010.wav,Chinese/ZH-Tenor-1/Breathy/像我这样的人/Control_Group/0010.wav,Chinese,ZH-Tenor-1,像我这样的人,Control_Group,0,0,0,0,1,0,1,non_mix,000010,control_negative,0.722779
Chinese#ZH-Tenor-1#Breathy#像我这样的人#Control_Group#0011,D:\-MindEcho-main\ml_dl_models\gtsinger_multitech\dataset\raw\Chinese\ZH-Tenor-1\Breathy\像我这样的人\Control_Group\0011.wav,Chinese/ZH-Tenor-1/Breathy/像我这样的人/Control_Group/0011.wav,Chinese,ZH-Tenor-1,像我这样的人,Control_Group,0,0,0,0,1,0,1,non_mix,000010,control_negative,0.782200
Chinese#ZH-Tenor-1#Breathy#像我这样的人#Control_Group#0012,D:\-MindEcho-main\ml_dl_models\gtsinger_multitech\dataset\raw\Chinese\ZH-Tenor-1\Breathy\像我这样的人\Control_Group\0012.wav,Chinese/ZH-Tenor-1/Breathy/像我这样的人/Control_Group/0012.wav,Chinese,ZH-Tenor-1,像我这样的人,Control_Group,0,0,0,0,1,0,1,non_mix,000010,control_negative,0.682615
Chinese#ZH-Tenor-1#Breathy#像我这样的人#Control_Group#0013,D:\-MindEcho-main\ml_dl_models\gtsinger_multitech\dataset\raw\Chinese\ZH-Tenor-1\Breathy\像我这样的人\Control_Group\0013.wav,Chinese/ZH-Tenor-1/Breathy/像我这样的人/Control_Group/0013.wav,Chinese,ZH-Tenor-1,像我这样的人,Control_Group,0,0,0,0,1,0,1,non_mix,000010,control_negative,0.690631
Chinese#ZH-Tenor-1#Breathy#像我这样的人#Control_Group#0014,D:\-MindEcho-main\ml_dl_models\gtsinger_multitech\dataset\raw\Chinese\ZH-Tenor-1\Breathy\像我这样的人\Control_Group\0014.wav,Chinese/ZH-Tenor-1/Breathy/像我这样的人/Control_Group/0014.wav,Chinese,ZH-Tenor-1,像我这样的人,Control_Group,0,0,0,0,1,0,1,non_mix,000010,control_negative,0.662339
Chinese#ZH-Tenor-1#Breathy#像我这样的人#Control_Group#0015,D:\-MindEcho-main\ml_dl_models\gtsinger_multitech\dataset\raw\Chinese\ZH-Tenor-1\Breathy\像我这样的人\Control_Group\0015.wav,Chinese/ZH-Tenor-1/Breathy/像我这样的人/Control_Group/0015.wav,Chinese,ZH-Tenor-1,像我这样的人,Control_Group,0,0,0,0,1,0,1,non_mix,000010,control_negative,0.808558
Chinese#ZH-Tenor-1#Breathy#像我这样的人#Control_Group#0017,D:\-MindEcho-main\ml_dl_models\gtsinger_multitech\dataset\raw\Chinese\ZH-Tenor-1\Breathy\像我这样的人\Control_Group\0017.wav,Chinese/ZH-Tenor-1/Breathy/像我这样的人/Control_Group/0017.wav,Chinese,ZH-Tenor-1,像我这样的人,Control_Group,0,0,0,0,1,0,1,non_mix,000010,control_negative,0.726146
Chinese#ZH-Tenor-1#Breathy#像我这样的人#Control_Group#0018,D:\-MindEcho-main\ml_dl_models\gtsinger_multitech\dataset\raw\Chinese\ZH-Tenor-1\Breathy\像我这样的人\Control_Group\0018.wav,Chinese/ZH-Tenor-1/Breathy/像我这样的人/Control_Group/0018.wav,Chinese,ZH-Tenor-1,像我这样的人,Control_Group,0,0,0,0,1,0,1,non_mix,000010,control_negative,0.568820
Chinese#ZH-Tenor-1#Glissando#光阴的故事#Control_Group#0001,D:\-MindEcho-main\ml_dl_models\gtsinger_multitech\dataset\raw\Chinese\ZH-Tenor-1\Glissando\光阴的故事\Control_Group\0001.wav,Chinese/ZH-Tenor-1/Glissando/光阴的故事/Control_Group/0001.wav,Chinese,ZH-Tenor-1,光阴的故事,Control_Group,0,0,0,0,0,0,0,non_mix,000000,control_negative,0.783605
Chinese#ZH-Tenor-1#Glissando#光阴的故事#Control_Group#0003,D:\-MindEcho-main\ml_dl_models\gtsinger_multitech\dataset\raw\Chinese\ZH-Tenor-1\Glissando\光阴的故事\Control_Group\0003.wav,Chinese/ZH-Tenor-1/Glissando/光阴的故事/Control_Group/0003.wav,Chinese,ZH-Tenor-1,光阴的故事,Control_Group,0,0,0,0,0,0,0,non_mix,000000,control_negative,0.794894
Chinese#ZH-Tenor-1#Glissando#光阴的故事#Control_Group#0004,D:\-MindEcho-main\ml_dl_models\gtsinger_multitech\dataset\raw\Chinese\ZH-Tenor-1\Glissando\光阴的故事\Control_Group\0004.wav,Chinese/ZH-Tenor-1/Glissando/光阴的故事/Control_Group/0004.wav,Chinese,ZH-Tenor-1,光阴的故事,Control_Group,0,0,0,0,1,0,1,non_mix,000010,control_negative,0.770200
Chinese#ZH-Tenor-1#Glissando#光阴的故事#Control_Group#0005,D:\-MindEcho-main\ml_dl_models\gtsinger_multitech\dataset\raw\Chinese\ZH-Tenor-1\Glissando\光阴的故事\Control_Group\0005.wav,Chinese/ZH-Tenor-1/Glissando/光阴的故事/Control_Group/0005.wav,Chinese,ZH-Tenor-1,光阴的故事,Control_Group,0,0,0,0,0,0,0,non_mix,000000,control_negative,0.688847
Chinese#ZH-Tenor-1#Glissando#光阴的故事#Control_Group#0006,D:\-MindEcho-main\ml_dl_models\gtsinger_multitech\dataset\raw\Chinese\ZH-Tenor-1\Glissando\光阴的故事\Control_Group\0006.wav,Chinese/ZH-Tenor-1/Glissando/光阴的故事/Control_Group/0006.wav,Chinese,ZH-Tenor-1,光阴的故事,Control_Group,0,0,0,0,1,0,1,non_mix,000010,control_negative,0.709039
Chinese#ZH-Tenor-1#Glissando#光阴的故事#Control_Group#0007,D:\-MindEcho-main\ml_dl_models\gtsinger_multitech\dataset\raw\Chinese\ZH-Tenor-1\Glissando\光阴的故事\Control_Group\0007.wav,Chinese/ZH-Tenor-1/Glissando/光阴的故事/Control_Group/0007.wav,Chinese,ZH-Tenor-1,光阴的故事,Control_Group,0,0,0,0,0,0,0,non_mix,000000,control_negative,0.735611
Chinese#ZH-Tenor-1#Mixed_Voice_and_Falsetto#全世界谁倾听你#Control_Group#0000,D:\-MindEcho-main\ml_dl_models\gtsinger_multitech\dataset\raw\Chinese\ZH-Tenor-1\Mixed_Voice_and_Falsetto\全世界谁倾听你\Control_Group\0000.wav,Chinese/ZH-Tenor-1/Mixed_Voice_and_Falsetto/全世界谁倾听你/Control_Group/0000.wav,Chinese,ZH-Tenor-1,全世界谁倾听你,Control_Group,0,0,0,0,1,0,1,non_mix,000010,control_negative,0.783273
Chinese#ZH-Tenor-1#Mixed_Voice_and_Falsetto#全世界谁倾听你#Control_Group#0002,D:\-MindEcho-main\ml_dl_models\gtsinger_multitech\dataset\raw\Chinese\ZH-Tenor-1\Mixed_Voice_and_Falsetto\全世界谁倾听你\Control_Group\0002.wav,Chinese/ZH-Tenor-1/Mixed_Voice_and_Falsetto/全世界谁倾听你/Control_Group/0002.wav,Chinese,ZH-Tenor-1,全世界谁倾听你,Control_Group,0,0,0,0,0,0,0,non_mix,000000,control_negative,0.709593
Chinese#ZH-Tenor-1#Mixed_Voice_and_Falsetto#全世界谁倾听你#Control_Group#0003,D:\-MindEcho-main\ml_dl_models\gtsinger_multitech\dataset\raw\Chinese\ZH-Tenor-1\Mixed_Voice_and_Falsetto\全世界谁倾听你\Control_Group\0003.wav,Chinese/ZH-Tenor-1/Mixed_Voice_and_Falsetto/全世界谁倾听你/Control_Group/0003.wav,Chinese,ZH-Tenor-1,全世界谁倾听你,Control_Group,0,0,0,0,1,0,1,non_mix,000010,control_negative,0.691475
Chinese#ZH-Tenor-1#Mixed_Voice_and_Falsetto#全世界谁倾听你#Control_Group#0004,D:\-MindEcho-main\ml_dl_models\gtsinger_multitech\dataset\raw\Chinese\ZH-Tenor-1\Mixed_Voice_and_Falsetto\全世界谁倾听你\Control_Group\0004.wav,Chinese/ZH-Tenor-1/Mixed_Voice_and_Falsetto/全世界谁倾听你/Control_Group/0004.wav,Chinese,ZH-Tenor-1,全世界谁倾听你,Control_Group,0,0,0,0,1,0,1,non_mix,000010,control_negative,0.504831
Chinese#ZH-Tenor-1#Mixed_Voice_and_Falsetto#全世界谁倾听你#Control_Group#0006,D:\-MindEcho-main\ml_dl_models\gtsinger_multitech\dataset\raw\Chinese\ZH-Tenor-1\Mixed_Voice_and_Falsetto\全世界谁倾听你\Control_Group\0006.wav,Chinese/ZH-Tenor-1/Mixed_Voice_and_Falsetto/全世界谁倾听你/Control_Group/0006.wav,Chinese,ZH-Tenor-1,全世界谁倾听你,Control_Group,0,0,0,0,1,0,1,non_mix,000010,control_negative,0.753459
Chinese#ZH-Tenor-1#Mixed_Voice_and_Falsetto#全世界谁倾听你#Control_Group#0007,D:\-MindEcho-main\ml_dl_models\gtsinger_multitech\dataset\raw\Chinese\ZH-Tenor-1\Mixed_Voice_and_Falsetto\全世界谁倾听你\Control_Group\0007.wav,Chinese/ZH-Tenor-1/Mixed_Voice_and_Falsetto/全世界谁倾听你/Control_Group/0007.wav,Chinese,ZH-Tenor-1,全世界谁倾听你,Control_Group,0,0,0,0,1,0,1,non_mix,000010,control_negative,0.534715
Chinese#ZH-Tenor-1#Mixed_Voice_and_Falsetto#全世界谁倾听你#Control_Group#0008,D:\-MindEcho-main\ml_dl_models\gtsinger_multitech\dataset\raw\Chinese\ZH-Tenor-1\Mixed_Voice_and_Falsetto\全世界谁倾听你\Control_Group\0008.wav,Chinese/ZH-Tenor-1/Mixed_Voice_and_Falsetto/全世界谁倾听你/Control_Group/0008.wav,Chinese,ZH-Tenor-1,全世界谁倾听你,Control_Group,0,0,0,0,1,0,1,non_mix,000010,control_negative,0.675798
Chinese#ZH-Tenor-1#Mixed_Voice_and_Falsetto#全世界谁倾听你#Control_Group#0009,D:\-MindEcho-main\ml_dl_models\gtsinger_multitech\dataset\raw\Chinese\ZH-Tenor-1\Mixed_Voice_and_Falsetto\全世界谁倾听你\Control_Group\0009.wav,Chinese/ZH-Tenor-1/Mixed_Voice_and_Falsetto/全世界谁倾听你/Control_Group/0009.wav,Chinese,ZH-Tenor-1,全世界谁倾听你,Control_Group,0,0,0,0,1,0,1,non_mix,000010,control_negative,0.900099
Chinese#ZH-Tenor-1#Mixed_Voice_and_Falsetto#全世界谁倾听你#Control_Group#0011,D:\-MindEcho-main\ml_dl_models\gtsinger_multitech\dataset\raw\Chinese\ZH-Tenor-1\Mixed_Voice_and_Falsetto\全世界谁倾听你\Control_Group\0011.wav,Chinese/ZH-Tenor-1/Mixed_Voice_and_Falsetto/全世界谁倾听你/Control_Group/0011.wav,Chinese,ZH-Tenor-1,全世界谁倾听你,Control_Group,0,0,0,0,1,0,1,non_mix,000010,control_negative,0.755180
Chinese#ZH-Tenor-1#Mixed_Voice_and_Falsetto#全世界谁倾听你#Control_Group#0013,D:\-MindEcho-main\ml_dl_models\gtsinger_multitech\dataset\raw\Chinese\ZH-Tenor-1\Mixed_Voice_and_Falsetto\全世界谁倾听你\Control_Group\0013.wav,Chinese/ZH-Tenor-1/Mixed_Voice_and_Falsetto/全世界谁倾听你/Control_Group/0013.wav,Chinese,ZH-Tenor-1,全世界谁倾听你,Control_Group,0,0,0,0,1,0,1,non_mix,000010,control_negative,0.573989
Chinese#ZH-Tenor-1#Mixed_Voice_and_Falsetto#全世界谁倾听你#Control_Group#0014,D:\-MindEcho-main\ml_dl_models\gtsinger_multitech\dataset\raw\Chinese\ZH-Tenor-1\Mixed_Voice_and_Falsetto\全世界谁倾听你\Control_Group\0014.wav,Chinese/ZH-Tenor-1/Mixed_Voice_and_Falsetto/全世界谁倾听你/Control_Group/0014.wav,Chinese,ZH-Tenor-1,全世界谁倾听你,Control_Group,0,0,0,0,1,0,1,non_mix,000010,control_negative,0.833727
Chinese#ZH-Tenor-1#Mixed_Voice_and_Falsetto#全世界谁倾听你#Control_Group#0015,D:\-MindEcho-main\ml_dl_models\gtsinger_multitech\dataset\raw\Chinese\ZH-Tenor-1\Mixed_Voice_and_Falsetto\全世界谁倾听你\Control_Group\0015.wav,Chinese/ZH-Tenor-1/Mixed_Voice_and_Falsetto/全世界谁倾听你/Control_Group/0015.wav,Chinese,ZH-Tenor-1,全世界谁倾听你,Control_Group,0,0,0,0,1,0,1,non_mix,000010,control_negative,0.685466
Chinese#ZH-Tenor-1#Mixed_Voice_and_Falsetto#全世界谁倾听你#Control_Group#0016,D:\-MindEcho-main\ml_dl_models\gtsinger_multitech\dataset\raw\Chinese\ZH-Tenor-1\Mixed_Voice_and_Falsetto\全世界谁倾听你\Control_Group\0016.wav,Chinese/ZH-Tenor-1/Mixed_Voice_and_Falsetto/全世界谁倾听你/Control_Group/0016.wav,Chinese,ZH-Tenor-1,全世界谁倾听你,Control_Group,0,0,0,0,1,0,1,non_mix,000010,control_negative,0.797054
Chinese#ZH-Tenor-1#Mixed_Voice_and_Falsetto#全世界谁倾听你#Control_Group#0017,D:\-MindEcho-main\ml_dl_models\gtsinger_multitech\dataset\raw\Chinese\ZH-Tenor-1\Mixed_Voice_and_Falsetto\全世界谁倾听你\Control_Group\0017.wav,Chinese/ZH-Tenor-1/Mixed_Voice_and_Falsetto/全世界谁倾听你/Control_Group/0017.wav,Chinese,ZH-Tenor-1,全世界谁倾听你,Control_Group,0,0,0,0,1,0,1,non_mix,000010,control_negative,0.719234
Chinese#ZH-Tenor-1#Mixed_Voice_and_Falsetto#全世界谁倾听你#Control_Group#0018,D:\-MindEcho-main\ml_dl_models\gtsinger_multitech\dataset\raw\Chinese\ZH-Tenor-1\Mixed_Voice_and_Falsetto\全世界谁倾听你\Control_Group\0018.wav,Chinese/ZH-Tenor-1/Mixed_Voice_and_Falsetto/全世界谁倾听你/Control_Group/0018.wav,Chinese,ZH-Tenor-1,全世界谁倾听你,Control_Group,0,0,0,0,1,0,1,non_mix,000010,control_negative,0.696016
Chinese#ZH-Tenor-1#Mixed_Voice_and_Falsetto#全世界谁倾听你#Control_Group#0019,D:\-MindEcho-main\ml_dl_models\gtsinger_multitech\dataset\raw\Chinese\ZH-Tenor-1\Mixed_Voice_and_Falsetto\全世界谁倾听你\Control_Group\0019.wav,Chinese/ZH-Tenor-1/Mixed_Voice_and_Falsetto/全世界谁倾听你/Control_Group/0019.wav,Chinese,ZH-Tenor-1,全世界谁倾听你,Control_Group,0,0,0,0,1,0,1,non_mix,000010,control_negative,0.518133
Chinese#ZH-Tenor-1#Pharyngeal#全世界谁倾听你#Control_Group#0000,D:\-MindEcho-main\ml_dl_models\gtsinger_multitech\dataset\raw\Chinese\ZH-Tenor-1\Pharyngeal\全世界谁倾听你\Control_Group\0000.wav,Chinese/ZH-Tenor-1/Pharyngeal/全世界谁倾听你/Control_Group/0000.wav,Chinese,ZH-Tenor-1,全世界谁倾听你,Control_Group,1,0,0,0,1,0,1,clear_mix,100010,positive_mix,
Chinese#ZH-Tenor-1#Pharyngeal#全世界谁倾听你#Control_Group#0001,D:\-MindEcho-main\ml_dl_models\gtsinger_multitech\dataset\raw\Chinese\ZH-Tenor-1\Pharyngeal\全世界谁倾听你\Control_Group\0001.wav,Chinese/ZH-Tenor-1/Pharyngeal/全世界谁倾听你/Control_Group/0001.wav,Chinese,ZH-Tenor-1,全世界谁倾听你,Control_Group,1,0,0,0,1,0,1,clear_mix,100010,positive_mix,
Chinese#ZH-Tenor-1#Pharyngeal#全世界谁倾听你#Control_Group#0002,D:\-MindEcho-main\ml_dl_models\gtsinger_multitech\dataset\raw\Chinese\ZH-Tenor-1\Pharyngeal\全世界谁倾听你\Control_Group\0002.wav,Chinese/ZH-Tenor-1/Pharyngeal/全世界谁倾听你/Control_Group/0002.wav,Chinese,ZH-Tenor-1,全世界谁倾听你,Control_Group,1,0,0,0,1,0,1,clear_mix,100010,positive_mix,
Chinese#ZH-Tenor-1#Pharyngeal#全世界谁倾听你#Control_Group#0003,D:\-MindEcho-main\ml_dl_models\gtsinger_multitech\dataset\raw\Chinese\ZH-Tenor-1\Pharyngeal\全世界谁倾听你\Control_Group\0003.wav,Chinese/ZH-Tenor-1/Pharyngeal/全世界谁倾听你/Control_Group/0003.wav,Chinese,ZH-Tenor-1,全世界谁倾听你,Control_Group,1,0,0,0,1,0,1,clear_mix,100010,positive_mix,
Chinese#ZH-Tenor-1#Pharyngeal#全世界谁倾听你#Control_Group#0004,D:\-MindEcho-main\ml_dl_models\gtsinger_multitech\dataset\raw\Chinese\ZH-Tenor-1\Pharyngeal\全世界谁倾听你\Control_Group\0004.wav,Chinese/ZH-Tenor-1/Pharyngeal/全世界谁倾听你/Control_Group/0004.wav,Chinese,ZH-Tenor-1,全世界谁倾听你,Control_Group,1,0,0,0,1,0,1,clear_mix,100010,positive_mix,
Chinese#ZH-Tenor-1#Pharyngeal#全世界谁倾听你#Control_Group#0005,D:\-MindEcho-main\ml_dl_models\gtsinger_multitech\dataset\raw\Chinese\ZH-Tenor-1\Pharyngeal\全世界谁倾听你\Control_Group\0005.wav,Chinese/ZH-Tenor-1/Pharyngeal/全世界谁倾听你/Control_Group/0005.wav,Chinese,ZH-Tenor-1,全世界谁倾听你,Control_Group,1,0,0,0,1,0,1,clear_mix,100010,positive_mix,
Chinese#ZH-Tenor-1#Pharyngeal#全世界谁倾听你#Control_Group#0007,D:\-MindEcho-main\ml_dl_models\gtsinger_multitech\dataset\raw\Chinese\ZH-Tenor-1\Pharyngeal\全世界谁倾听你\Control_Group\0007.wav,Chinese/ZH-Tenor-1/Pharyngeal/全世界谁倾听你/Control_Group/0007.wav,Chinese,ZH-Tenor-1,全世界谁倾听你,Control_Group,1,0,0,0,1,0,1,clear_mix,100010,positive_mix,
Chinese#ZH-Tenor-1#Pharyngeal#全世界谁倾听你#Control_Group#0008,D:\-MindEcho-main\ml_dl_models\gtsinger_multitech\dataset\raw\Chinese\ZH-Tenor-1\Pharyngeal\全世界谁倾听你\Control_Group\0008.wav,Chinese/ZH-Tenor-1/Pharyngeal/全世界谁倾听你/Control_Group/0008.wav,Chinese,ZH-Tenor-1,全世界谁倾听你,Control_Group,1,0,0,0,1,0,1,clear_mix,100010,positive_mix,
Chinese#ZH-Tenor-1#Pharyngeal#全世界谁倾听你#Control_Group#0010,D:\-MindEcho-main\ml_dl_models\gtsinger_multitech\dataset\raw\Chinese\ZH-Tenor-1\Pharyngeal\全世界谁倾听你\Control_Group\0010.wav,Chinese/ZH-Tenor-1/Pharyngeal/全世界谁倾听你/Control_Group/0010.wav,Chinese,ZH-Tenor-1,全世界谁倾听你,Control_Group,1,0,0,0,1,0,1,clear_mix,100010,positive_mix,
Chinese#ZH-Tenor-1#Pharyngeal#全世界谁倾听你#Control_Group#0011,D:\-MindEcho-main\ml_dl_models\gtsinger_multitech\dataset\raw\Chinese\ZH-Tenor-1\Pharyngeal\全世界谁倾听你\Control_Group\0011.wav,Chinese/ZH-Tenor-1/Pharyngeal/全世界谁倾听你/Control_Group/0011.wav,Chinese,ZH-Tenor-1,全世界谁倾听你,Control_Group,1,0,0,0,1,0,1,clear_mix,100010,positive_mix,
Chinese#ZH-Tenor-1#Pharyngeal#全世界谁倾听你#Control_Group#0012,D:\-MindEcho-main\ml_dl_models\gtsinger_multitech\dataset\raw\Chinese\ZH-Tenor-1\Pharyngeal\全世界谁倾听你\Control_Group\0012.wav,Chinese/ZH-Tenor-1/Pharyngeal/全世界谁倾听你/Control_Group/0012.wav,Chinese,ZH-Tenor-1,全世界谁倾听你,Control_Group,1,0,0,0,1,0,1,clear_mix,100010,positive_mix,
Chinese#ZH-Tenor-1#Breathy#勇气#Control_Group#0000,D:\-MindEcho-main\ml_dl_models\gtsinger_multitech\dataset\raw\Chinese\ZH-Tenor-1\Breathy\勇气\Control_Group\0000.wav,Chinese/ZH-Tenor-1/Breathy/勇气/Control_Group/0000.wav,Chinese,ZH-Tenor-1,勇气,Control_Group,0,0,0,0,1,0,1,non_mix,000010,control_negative,0.628530
Chinese#ZH-Tenor-1#Breathy#勇气#Control_Group#0001,D:\-MindEcho-main\ml_dl_models\gtsinger_multitech\dataset\raw\Chinese\ZH-Tenor-1\Breathy\勇气\Control_Group\0001.wav,Chinese/ZH-Tenor-1/Breathy/勇气/Control_Group/0001.wav,Chinese,ZH-Tenor-1,勇气,Control_Group,0,0,0,0,1,0,1,non_mix,000010,control_negative,0.519220
Chinese#ZH-Tenor-1#Breathy#勇气#Control_Group#0003,D:\-MindEcho-main\ml_dl_models\gtsinger_multitech\dataset\raw\Chinese\ZH-Tenor-1\Breathy\勇气\Control_Group\0003.wav,Chinese/ZH-Tenor-1/Breathy/勇气/Control_Group/0003.wav,Chinese,ZH-Tenor-1,勇气,Control_Group,0,0,0,0,1,0,1,non_mix,000010,control_negative,0.707868
Chinese#ZH-Tenor-1#Breathy#勇气#Control_Group#0004,D:\-MindEcho-main\ml_dl_models\gtsinger_multitech\dataset\raw\Chinese\ZH-Tenor-1\Breathy\勇气\Control_Group\0004.wav,Chinese/ZH-Tenor-1/Breathy/勇气/Control_Group/0004.wav,Chinese,ZH-Tenor-1,勇气,Control_Group,0,0,0,0,1,0,1,non_mix,000010,control_negative,0.604782
Chinese#ZH-Tenor-1#Breathy#化身孤岛的鲸#Control_Group#0000,D:\-MindEcho-main\ml_dl_models\gtsinger_multitech\dataset\raw\Chinese\ZH-Tenor-1\Breathy\化身孤岛的鲸\Control_Group\0000.wav,Chinese/ZH-Tenor-1/Breathy/化身孤岛的鲸/Control_Group/0000.wav,Chinese,ZH-Tenor-1,化身孤岛的鲸,Control_Group,0,0,0,0,1,0,1,non_mix,000010,control_negative,0.838710
Chinese#ZH-Tenor-1#Breathy#化身孤岛的鲸#Control_Group#0001,D:\-MindEcho-main\ml_dl_models\gtsinger_multitech\dataset\raw\Chinese\ZH-Tenor-1\Breathy\化身孤岛的鲸\Control_Group\0001.wav,Chinese/ZH-Tenor-1/Breathy/化身孤岛的鲸/Control_Group/0001.wav,Chinese,ZH-Tenor-1,化身孤岛的鲸,Control_Group,0,0,0,0,1,0,1,non_mix,000010,control_negative,0.765565
Chinese#ZH-Tenor-1#Breathy#化身孤岛的鲸#Control_Group#0002,D:\-MindEcho-main\ml_dl_models\gtsinger_multitech\dataset\raw\Chinese\ZH-Tenor-1\Breathy\化身孤岛的鲸\Control_Group\0002.wav,Chinese/ZH-Tenor-1/Breathy/化身孤岛的鲸/Control_Group/0002.wav,Chinese,ZH-Tenor-1,化身孤岛的鲸,Control_Group,0,0,0,0,1,0,1,non_mix,000010,control_negative,0.880307
Chinese#ZH-Tenor-1#Breathy#化身孤岛的鲸#Control_Group#0003,D:\-MindEcho-main\ml_dl_models\gtsinger_multitech\dataset\raw\Chinese\ZH-Tenor-1\Breathy\化身孤岛的鲸\Control_Group\0003.wav,Chinese/ZH-Tenor-1/Breathy/化身孤岛的鲸/Control_Group/0003.wav,Chinese,ZH-Tenor-1,化身孤岛的鲸,Control_Group,0,0,0,0,1,0,1,non_mix,000010,control_negative,0.775312
Chinese#ZH-Tenor-1#Breathy#化身孤岛的鲸#Control_Group#0004,D:\-MindEcho-main\ml_dl_models\gtsinger_multitech\dataset\raw\Chinese\ZH-Tenor-1\Breathy\化身孤岛的鲸\Control_Group\0004.wav,Chinese/ZH-Tenor-1/Breathy/化身孤岛的鲸/Control_Group/0004.wav,Chinese,ZH-Tenor-1,化身孤岛的鲸,Control_Group,0,0,0,0,1,0,1,non_mix,000010,control_negative,0.797708
Chinese#ZH-Tenor-1#Breathy#化身孤岛的鲸#Control_Group#0005,D:\-MindEcho-main\ml_dl_models\gtsinger_multitech\dataset\raw\Chinese\ZH-Tenor-1\Breathy\化身孤岛的鲸\Control_Group\0005.wav,Chinese/ZH-Tenor-1/Breathy/化身孤岛的鲸/Control_Group/0005.wav,Chinese,ZH-Tenor-1,化身孤岛的鲸,Control_Group,0,1,0,0,1,0,1,non_mix,010010,control_negative,0.754233
Chinese#ZH-Tenor-1#Breathy#化身孤岛的鲸#Control_Group#0006,D:\-MindEcho-main\ml_dl_models\gtsinger_multitech\dataset\raw\Chinese\ZH-Tenor-1\Breathy\化身孤岛的鲸\Control_Group\0006.wav,Chinese/ZH-Tenor-1/Breathy/化身孤岛的鲸/Control_Group/0006.wav,Chinese,ZH-Tenor-1,化身孤岛的鲸,Control_Group,0,0,0,0,1,0,1,non_mix,000010,control_negative,0.711863
Chinese#ZH-Tenor-1#Breathy#化身孤岛的鲸#Control_Group#0007,D:\-MindEcho-main\ml_dl_models\gtsinger_multitech\dataset\raw\Chinese\ZH-Tenor-1\Breathy\化身孤岛的鲸\Control_Group\0007.wav,Chinese/ZH-Tenor-1/Breathy/化身孤岛的鲸/Control_Group/0007.wav,Chinese,ZH-Tenor-1,化身孤岛的鲸,Control_Group,0,0,0,0,1,0,1,non_mix,000010,control_negative,0.814023
Chinese#ZH-Tenor-1#Breathy#化身孤岛的鲸#Control_Group#0008,D:\-MindEcho-main\ml_dl_models\gtsinger_multitech\dataset\raw\Chinese\ZH-Tenor-1\Breathy\化身孤岛的鲸\Control_Group\0008.wav,Chinese/ZH-Tenor-1/Breathy/化身孤岛的鲸/Control_Group/0008.wav,Chinese,ZH-Tenor-1,化身孤岛的鲸,Control_Group,0,0,0,0,1,0,1,non_mix,000010,control_negative,0.684356
Chinese#ZH-Tenor-1#Breathy#化身孤岛的鲸#Control_Group#0009,D:\-MindEcho-main\ml_dl_models\gtsinger_multitech\dataset\raw\Chinese\ZH-Tenor-1\Breathy\化身孤岛的鲸\Control_Group\0009.wav,Chinese/ZH-Tenor-1/Breathy/化身孤岛的鲸/Control_Group/0009.wav,Chinese,ZH-Tenor-1,化身孤岛的鲸,Control_Group,0,1,0,0,1,0,1,non_mix,010010,control_negative,0.697621
Chinese#ZH-Tenor-1#Breathy#化身孤岛的鲸#Control_Group#0010,D:\-MindEcho-main\ml_dl_models\gtsinger_multitech\dataset\raw\Chinese\ZH-Tenor-1\Breathy\化身孤岛的鲸\Control_Group\0010.wav,Chinese/ZH-Tenor-1/Breathy/化身孤岛的鲸/Control_Group/0010.wav,Chinese,ZH-Tenor-1,化身孤岛的鲸,Control_Group,0,0,0,0,1,0,1,non_mix,000010,control_negative,0.787537
Chinese#ZH-Tenor-1#Breathy#化身孤岛的鲸#Control_Group#0011,D:\-MindEcho-main\ml_dl_models\gtsinger_multitech\dataset\raw\Chinese\ZH-Tenor-1\Breathy\化身孤岛的鲸\Control_Group\0011.wav,Chinese/ZH-Tenor-1/Breathy/化身孤岛的鲸/Control_Group/0011.wav,Chinese,ZH-Tenor-1,化身孤岛的鲸,Control_Group,0,0,0,0,1,0,1,non_mix,000010,control_negative,0.744377
Chinese#ZH-Tenor-1#Breathy#化身孤岛的鲸#Control_Group#0012,D:\-MindEcho-main\ml_dl_models\gtsinger_multitech\dataset\raw\Chinese\ZH-Tenor-1\Breathy\化身孤岛的鲸\Control_Group\0012.wav,Chinese/ZH-Tenor-1/Breathy/化身孤岛的鲸/Control_Group/0012.wav,Chinese,ZH-Tenor-1,化身孤岛的鲸,Control_Group,0,0,0,0,1,0,1,non_mix,000010,control_negative,0.818743
Chinese#ZH-Tenor-1#Breathy#化身孤岛的鲸#Control_Group#0013,D:\-MindEcho-main\ml_dl_models\gtsinger_multitech\dataset\raw\Chinese\ZH-Tenor-1\Breathy\化身孤岛的鲸\Control_Group\0013.wav,Chinese/ZH-Tenor-1/Breathy/化身孤岛的鲸/Control_Group/0013.wav,Chinese,ZH-Tenor-1,化身孤岛的鲸,Control_Group,0,0,0,0,1,0,1,non_mix,000010,control_negative,0.753540
Chinese#ZH-Tenor-1#Breathy#化身孤岛的鲸#Control_Group#0014,D:\-MindEcho-main\ml_dl_models\gtsinger_multitech\dataset\raw\Chinese\ZH-Tenor-1\Breathy\化身孤岛的鲸\Control_Group\0014.wav,Chinese/ZH-Tenor-1/Breathy/化身孤岛的鲸/Control_Group/0014.wav,Chinese,ZH-Tenor-1,化身孤岛的鲸,Control_Group,0,0,0,0,1,0,1,non_mix,000010,control_negative,0.658193
Chinese#ZH-Tenor-1#Breathy#化身孤岛的鲸#Control_Group#0015,D:\-MindEcho-main\ml_dl_models\gtsinger_multitech\dataset\raw\Chinese\ZH-Tenor-1\Breathy\化身孤岛的鲸\Control_Group\0015.wav,Chinese/ZH-Tenor-1/Breathy/化身孤岛的鲸/Control_Group/0015.wav,Chinese,ZH-Tenor-1,化身孤岛的鲸,Control_Group,0,1,0,0,1,0,1,non_mix,010010,control_negative,0.743368
Chinese#ZH-Tenor-1#Breathy#化身孤岛的鲸#Control_Group#0016,D:\-MindEcho-main\ml_dl_models\gtsinger_multitech\dataset\raw\Chinese\ZH-Tenor-1\Breathy\化身孤岛的鲸\Control_Group\0016.wav,Chinese/ZH-Tenor-1/Breathy/化身孤岛的鲸/Control_Group/0016.wav,Chinese,ZH-Tenor-1,化身孤岛的鲸,Control_Group,0,0,0,0,1,0,1,non_mix,000010,control_negative,0.774232
Chinese#ZH-Tenor-1#Breathy#化身孤岛的鲸#Control_Group#0017,D:\-MindEcho-main\ml_dl_models\gtsinger_multitech\dataset\raw\Chinese\ZH-Tenor-1\Breathy\化身孤岛的鲸\Control_Group\0017.wav,Chinese/ZH-Tenor-1/Breathy/化身孤岛的鲸/Control_Group/0017.wav,Chinese,ZH-Tenor-1,化身孤岛的鲸,Control_Group,0,0,0,0,1,0,1,non_mix,000010,control_negative,0.744792
Chinese#ZH-Tenor-1#Breathy#化身孤岛的鲸#Control_Group#0018,D:\-MindEcho-main\ml_dl_models\gtsinger_multitech\dataset\raw\Chinese\ZH-Tenor-1\Breathy\化身孤岛的鲸\Control_Group\0018.wav,Chinese/ZH-Tenor-1/Breathy/化身孤岛的鲸/Control_Group/0018.wav,Chinese,ZH-Tenor-1,化身孤岛的鲸,Control_Group,0,0,0,0,1,0,1,non_mix,000010,control_negative,0.622474
Chinese#ZH-Tenor-1#Breathy#化身孤岛的鲸#Control_Group#0019,D:\-MindEcho-main\ml_dl_models\gtsinger_multitech\dataset\raw\Chinese\ZH-Tenor-1\Breathy\化身孤岛的鲸\Control_Group\0019.wav,Chinese/ZH-Tenor-1/Breathy/化身孤岛的鲸/Control_Group/0019.wav,Chinese,ZH-Tenor-1,化身孤岛的鲸,Control_Group,0,1,0,0,1,0,1,non_mix,010010,control_negative,0.725545
Chinese#ZH-Tenor-1#Breathy#化身孤岛的鲸#Control_Group#0020,D:\-MindEcho-main\ml_dl_models\gtsinger_multitech\dataset\raw\Chinese\ZH-Tenor-1\Breathy\化身孤岛的鲸\Control_Group\0020.wav,Chinese/ZH-Tenor-1/Breathy/化身孤岛的鲸/Control_Group/0020.wav,Chinese,ZH-Tenor-1,化身孤岛的鲸,Control_Group,0,0,0,0,1,0,1,non_mix,000010,control_negative,0.627151
Chinese#ZH-Tenor-1#Breathy#化身孤岛的鲸#Control_Group#0021,D:\-MindEcho-main\ml_dl_models\gtsinger_multitech\dataset\raw\Chinese\ZH-Tenor-1\Breathy\化身孤岛的鲸\Control_Group\0021.wav,Chinese/ZH-Tenor-1/Breathy/化身孤岛的鲸/Control_Group/0021.wav,Chinese,ZH-Tenor-1,化身孤岛的鲸,Control_Group,0,0,0,0,1,0,1,non_mix,000010,control_negative,0.700654
Chinese#ZH-Tenor-1#Breathy#化身孤岛的鲸#Control_Group#0022,D:\-MindEcho-main\ml_dl_models\gtsinger_multitech\dataset\raw\Chinese\ZH-Tenor-1\Breathy\化身孤岛的鲸\Control_Group\0022.wav,Chinese/ZH-Tenor-1/Breathy/化身孤岛的鲸/Control_Group/0022.wav,Chinese,ZH-Tenor-1,化身孤岛的鲸,Control_Group,0,0,0,0,1,0,1,non_mix,000010,control_negative,0.635174
Chinese#ZH-Tenor-1#Breathy#化身孤岛的鲸#Control_Group#0023,D:\-MindEcho-main\ml_dl_models\gtsinger_multitech\dataset\raw\Chinese\ZH-Tenor-1\Breathy\化身孤岛的鲸\Control_Group\0023.wav,Chinese/ZH-Tenor-1/Breathy/化身孤岛的鲸/Control_Group/0023.wav,Chinese,ZH-Tenor-1,化身孤岛的鲸,Control_Group,0,1,0,0,1,0,1,non_mix,010010,control_negative,0.750309
Chinese#ZH-Tenor-1#Glissando#十年#Control_Group#0000,D:\-MindEcho-main\ml_dl_models\gtsinger_multitech\dataset\raw\Chinese\ZH-Tenor-1\Glissando\十年\Control_Group\0000.wav,Chinese/ZH-Tenor-1/Glissando/十年/Control_Group/0000.wav,Chinese,ZH-Tenor-1,十年,Control_Group,0,0,0,0,0,0,0,non_mix,000000,control_negative,0.637267
Chinese#ZH-Tenor-1#Glissando#十年#Control_Group#0003,D:\-MindEcho-main\ml_dl_models\gtsinger_multitech\dataset\raw\Chinese\ZH-Tenor-1\Glissando\十年\Control_Group\0003.wav,Chinese/ZH-Tenor-1/Glissando/十年/Control_Group/0003.wav,Chinese,ZH-Tenor-1,十年,Control_Group,0,0,0,0,0,0,0,non_mix,000000,control_negative,0.595159
Chinese#ZH-Tenor-1#Glissando#十年#Control_Group#0005,D:\-MindEcho-main\ml_dl_models\gtsinger_multitech\dataset\raw\Chinese\ZH-Tenor-1\Glissando\十年\Control_Group\0005.wav,Chinese/ZH-Tenor-1/Glissando/十年/Control_Group/0005.wav,Chinese,ZH-Tenor-1,十年,Control_Group,0,0,0,0,0,0,0,non_mix,000000,control_negative,0.504152
Chinese#ZH-Tenor-1#Vibrato#单身情歌#Control_Group#0000,D:\-MindEcho-main\ml_dl_models\gtsinger_multitech\dataset\raw\Chinese\ZH-Tenor-1\Vibrato\单身情歌\Control_Group\0000.wav,Chinese/ZH-Tenor-1/Vibrato/单身情歌/Control_Group/0000.wav,Chinese,ZH-Tenor-1,单身情歌,Control_Group,0,0,0,0,1,0,1,non_mix,000010,control_negative,0.744024
Chinese#ZH-Tenor-1#Vibrato#单身情歌#Control_Group#0001,D:\-MindEcho-main\ml_dl_models\gtsinger_multitech\dataset\raw\Chinese\ZH-Tenor-1\Vibrato\单身情歌\Control_Group\0001.wav,Chinese/ZH-Tenor-1/Vibrato/单身情歌/Control_Group/0001.wav,Chinese,ZH-Tenor-1,单身情歌,Control_Group,0,0,0,0,1,0,1,non_mix,000010,control_negative,0.621023
Chinese#ZH-Tenor-1#Vibrato#单身情歌#Control_Group#0002,D:\-MindEcho-main\ml_dl_models\gtsinger_multitech\dataset\raw\Chinese\ZH-Tenor-1\Vibrato\单身情歌\Control_Group\0002.wav,Chinese/ZH-Tenor-1/Vibrato/单身情歌/Control_Group/0002.wav,Chinese,ZH-Tenor-1,单身情歌,Control_Group,0,0,0,0,1,0,1,non_mix,000010,control_negative,0.782639
Chinese#ZH-Tenor-1#Vibrato#单身情歌#Control_Group#0003,D:\-MindEcho-main\ml_dl_models\gtsinger_multitech\dataset\raw\Chinese\ZH-Tenor-1\Vibrato\单身情歌\Control_Group\0003.wav,Chinese/ZH-Tenor-1/Vibrato/单身情歌/Control_Group/0003.wav,Chinese,ZH-Tenor-1,单身情歌,Control_Group,0,0,0,0,1,0,1,non_mix,000010,control_negative,0.610522
Chinese#ZH-Tenor-1#Vibrato#单身情歌#Control_Group#0004,D:\-MindEcho-main\ml_dl_models\gtsinger_multitech\dataset\raw\Chinese\ZH-Tenor-1\Vibrato\单身情歌\Control_Group\0004.wav,Chinese/ZH-Tenor-1/Vibrato/单身情歌/Control_Group/0004.wav,Chinese,ZH-Tenor-1,单身情歌,Control_Group,0,0,0,0,1,0,1,non_mix,000010,control_negative,0.661402
Chinese#ZH-Tenor-1#Vibrato#单身情歌#Control_Group#0005,D:\-MindEcho-main\ml_dl_models\gtsinger_multitech\dataset\raw\Chinese\ZH-Tenor-1\Vibrato\单身情歌\Control_Group\0005.wav,Chinese/ZH-Tenor-1/Vibrato/单身情歌/Control_Group/0005.wav,Chinese,ZH-Tenor-1,单身情歌,Control_Group,0,0,0,0,1,0,1,non_mix,000010,control_negative,0.771397
Chinese#ZH-Tenor-1#Vibrato#单身情歌#Control_Group#0007,D:\-MindEcho-main\ml_dl_models\gtsinger_multitech\dataset\raw\Chinese\ZH-Tenor-1\Vibrato\单身情歌\Control_Group\0007.wav,Chinese/ZH-Tenor-1/Vibrato/单身情歌/Control_Group/0007.wav,Chinese,ZH-Tenor-1,单身情歌,Control_Group,0,0,0,0,1,0,1,non_mix,000010,control_negative,0.722337
Chinese#ZH-Tenor-1#Vibrato#单身情歌#Control_Group#0008,D:\-MindEcho-main\ml_dl_models\gtsinger_multitech\dataset\raw\Chinese\ZH-Tenor-1\Vibrato\单身情歌\Control_Group\0008.wav,Chinese/ZH-Tenor-1/Vibrato/单身情歌/Control_Group/0008.wav,Chinese,ZH-Tenor-1,单身情歌,Control_Group,0,0,0,0,1,0,1,non_mix,000010,control_negative,0.736845
Chinese#ZH-Tenor-1#Vibrato#单身情歌#Control_Group#0009,D:\-MindEcho-main\ml_dl_models\gtsinger_multitech\dataset\raw\Chinese\ZH-Tenor-1\Vibrato\单身情歌\Control_Group\0009.wav,Chinese/ZH-Tenor-1/Vibrato/单身情歌/Control_Group/0009.wav,Chinese,ZH-Tenor-1,单身情歌,Control_Group,0,0,0,0,1,0,1,non_mix,000010,control_negative,0.692668
Chinese#ZH-Tenor-1#Vibrato#单身情歌#Control_Group#0010,D:\-MindEcho-main\ml_dl_models\gtsinger_multitech\dataset\raw\Chinese\ZH-Tenor-1\Vibrato\单身情歌\Control_Group\0010.wav,Chinese/ZH-Tenor-1/Vibrato/单身情歌/Control_Group/0010.wav,Chinese,ZH-Tenor-1,单身情歌,Control_Group,0,0,0,0,1,0,1,non_mix,000010,control_negative,0.619906
Chinese#ZH-Tenor-1#Vibrato#单身情歌#Control_Group#0011,D:\-MindEcho-main\ml_dl_models\gtsinger_multitech\dataset\raw\Chinese\ZH-Tenor-1\Vibrato\单身情歌\Control_Group\0011.wav,Chinese/ZH-Tenor-1/Vibrato/单身情歌/Control_Group/0011.wav,Chinese,ZH-Tenor-1,单身情歌,Control_Group,0,0,0,0,0,0,0,non_mix,000000,control_negative,0.660276
Chinese#ZH-Tenor-1#Vibrato#单身情歌#Control_Group#0012,D:\-MindEcho-main\ml_dl_models\gtsinger_multitech\dataset\raw\Chinese\ZH-Tenor-1\Vibrato\单身情歌\Control_Group\0012.wav,Chinese/ZH-Tenor-1/Vibrato/单身情歌/Control_Group/0012.wav,Chinese,ZH-Tenor-1,单身情歌,Control_Group,0,0,0,0,1,0,1,non_mix,000010,control_negative,0.737803
Chinese#ZH-Tenor-1#Vibrato#单身情歌#Control_Group#0013,D:\-MindEcho-main\ml_dl_models\gtsinger_multitech\dataset\raw\Chinese\ZH-Tenor-1\Vibrato\单身情歌\Control_Group\0013.wav,Chinese/ZH-Tenor-1/Vibrato/单身情歌/Control_Group/0013.wav,Chinese,ZH-Tenor-1,单身情歌,Control_Group,0,0,0,0,1,0,1,non_mix,000010,control_negative,0.813755
Chinese#ZH-Tenor-1#Vibrato#单身情歌#Control_Group#0014,D:\-MindEcho-main\ml_dl_models\gtsinger_multitech\dataset\raw\Chinese\ZH-Tenor-1\Vibrato\单身情歌\Control_Group\0014.wav,Chinese/ZH-Tenor-1/Vibrato/单身情歌/Control_Group/0014.wav,Chinese,ZH-Tenor-1,单身情歌,Control_Group,0,0,0,0,1,0,1,non_mix,000010,control_negative,0.637883
Chinese#ZH-Tenor-1#Vibrato#单身情歌#Control_Group#0015,D:\-MindEcho-main\ml_dl_models\gtsinger_multitech\dataset\raw\Chinese\ZH-Tenor-1\Vibrato\单身情歌\Control_Group\0015.wav,Chinese/ZH-Tenor-1/Vibrato/单身情歌/Control_Group/0015.wav,Chinese,ZH-Tenor-1,单身情歌,Control_Group,0,0,0,0,1,0,1,non_mix,000010,control_negative,0.639959
Chinese#ZH-Tenor-1#Vibrato#单身情歌#Control_Group#0016,D:\-MindEcho-main\ml_dl_models\gtsinger_multitech\dataset\raw\Chinese\ZH-Tenor-1\Vibrato\单身情歌\Control_Group\0016.wav,Chinese/ZH-Tenor-1/Vibrato/单身情歌/Control_Group/0016.wav,Chinese,ZH-Tenor-1,单身情歌,Control_Group,0,0,0,0,1,0,1,non_mix,000010,control_negative,0.620020
Chinese#ZH-Tenor-1#Pharyngeal#南山南#Control_Group#0001,D:\-MindEcho-main\ml_dl_models\gtsinger_multitech\dataset\raw\Chinese\ZH-Tenor-1\Pharyngeal\南山南\Control_Group\0001.wav,Chinese/ZH-Tenor-1/Pharyngeal/南山南/Control_Group/0001.wav,Chinese,ZH-Tenor-1,南山南,Control_Group,1,0,0,1,0,0,1,clear_mix,100100,positive_mix,
Chinese#ZH-Tenor-1#Pharyngeal#南山南#Control_Group#0003,D:\-MindEcho-main\ml_dl_models\gtsinger_multitech\dataset\raw\Chinese\ZH-Tenor-1\Pharyngeal\南山南\Control_Group\0003.wav,Chinese/ZH-Tenor-1/Pharyngeal/南山南/Control_Group/0003.wav,Chinese,ZH-Tenor-1,南山南,Control_Group,1,0,0,1,1,0,1,clear_mix,100110,positive_mix,
Chinese#ZH-Tenor-1#Pharyngeal#南山南#Control_Group#0004,D:\-MindEcho-main\ml_dl_models\gtsinger_multitech\dataset\raw\Chinese\ZH-Tenor-1\Pharyngeal\南山南\Control_Group\0004.wav,Chinese/ZH-Tenor-1/Pharyngeal/南山南/Control_Group/0004.wav,Chinese,ZH-Tenor-1,南山南,Control_Group,1,0,0,1,1,0,1,clear_mix,100110,positive_mix,
Chinese#ZH-Tenor-1#Pharyngeal#南山南#Control_Group#0005,D:\-MindEcho-main\ml_dl_models\gtsinger_multitech\dataset\raw\Chinese\ZH-Tenor-1\Pharyngeal\南山南\Control_Group\0005.wav,Chinese/ZH-Tenor-1/Pharyngeal/南山南/Control_Group/0005.wav,Chinese,ZH-Tenor-1,南山南,Control_Group,1,0,0,1,1,0,1,clear_mix,100110,positive_mix,
Chinese#ZH-Tenor-1#Pharyngeal#南山南#Control_Group#0007,D:\-MindEcho-main\ml_dl_models\gtsinger_multitech\dataset\raw\Chinese\ZH-Tenor-1\Pharyngeal\南山南\Control_Group\0007.wav,Chinese/ZH-Tenor-1/Pharyngeal/南山南/Control_Group/0007.wav,Chinese,ZH-Tenor-1,南山南,Control_Group,1,0,0,1,1,0,1,clear_mix,100110,positive_mix,
Chinese#ZH-Tenor-1#Pharyngeal#南山南#Control_Group#0008,D:\-MindEcho-main\ml_dl_models\gtsinger_multitech\dataset\raw\Chinese\ZH-Tenor-1\Pharyngeal\南山南\Control_Group\0008.wav,Chinese/ZH-Tenor-1/Pharyngeal/南山南/Control_Group/0008.wav,Chinese,ZH-Tenor-1,南山南,Control_Group,1,0,0,0,1,0,1,clear_mix,100010,positive_mix,
Chinese#ZH-Tenor-1#Pharyngeal#南山南#Control_Group#0009,D:\-MindEcho-main\ml_dl_models\gtsinger_multitech\dataset\raw\Chinese\ZH-Tenor-1\Pharyngeal\南山南\Control_Group\0009.wav,Chinese/ZH-Tenor-1/Pharyngeal/南山南/Control_Group/0009.wav,Chinese,ZH-Tenor-1,南山南,Control_Group,1,1,0,1,0,0,1,head_mix,110100,positive_mix,
Chinese#ZH-Tenor-1#Pharyngeal#南山南#Control_Group#0010,D:\-MindEcho-main\ml_dl_models\gtsinger_multitech\dataset\raw\Chinese\ZH-Tenor-1\Pharyngeal\南山南\Control_Group\0010.wav,Chinese/ZH-Tenor-1/Pharyngeal/南山南/Control_Group/0010.wav,Chinese,ZH-Tenor-1,南山南,Control_Group,1,0,0,1,1,0,1,clear_mix,100110,positive_mix,
Chinese#ZH-Tenor-1#Pharyngeal#南山南#Control_Group#0011,D:\-MindEcho-main\ml_dl_models\gtsinger_multitech\dataset\raw\Chinese\ZH-Tenor-1\Pharyngeal\南山南\Control_Group\0011.wav,Chinese/ZH-Tenor-1/Pharyngeal/南山南/Control_Group/0011.wav,Chinese,ZH-Tenor-1,南山南,Control_Group,1,0,0,0,1,0,1,clear_mix,100010,positive_mix,
Chinese#ZH-Tenor-1#Pharyngeal#南山南#Control_Group#0012,D:\-MindEcho-main\ml_dl_models\gtsinger_multitech\dataset\raw\Chinese\ZH-Tenor-1\Pharyngeal\南山南\Control_Group\0012.wav,Chinese/ZH-Tenor-1/Pharyngeal/南山南/Control_Group/0012.wav,Chinese,ZH-Tenor-1,南山南,Control_Group,1,0,0,0,1,0,1,clear_mix,100010,positive_mix,
Chinese#ZH-Tenor-1#Mixed_Voice_and_Falsetto#可惜没如果#Control_Group#0001,D:\-MindEcho-main\ml_dl_models\gtsinger_multitech\dataset\raw\Chinese\ZH-Tenor-1\Mixed_Voice_and_Falsetto\可惜没如果\Control_Group\0001.wav,Chinese/ZH-Tenor-1/Mixed_Voice_and_Falsetto/可惜没如果/Control_Group/0001.wav,Chinese,ZH-Tenor-1,可惜没如果,Control_Group,0,0,0,0,0,0,0,non_mix,000000,control_negative,0.562833
Chinese#ZH-Tenor-1#Mixed_Voice_and_Falsetto#可惜没如果#Control_Group#0002,D:\-MindEcho-main\ml_dl_models\gtsinger_multitech\dataset\raw\Chinese\ZH-Tenor-1\Mixed_Voice_and_Falsetto\可惜没如果\Control_Group\0002.wav,Chinese/ZH-Tenor-1/Mixed_Voice_and_Falsetto/可惜没如果/Control_Group/0002.wav,Chinese,ZH-Tenor-1,可惜没如果,Control_Group,0,0,0,0,1,0,1,non_mix,000010,control_negative,0.736816
Chinese#ZH-Tenor-1#Vibrato#后会无期#Control_Group#0000,D:\-MindEcho-main\ml_dl_models\gtsinger_multitech\dataset\raw\Chinese\ZH-Tenor-1\Vibrato\后会无期\Control_Group\0000.wav,Chinese/ZH-Tenor-1/Vibrato/后会无期/Control_Group/0000.wav,Chinese,ZH-Tenor-1,后会无期,Control_Group,0,0,0,0,1,0,1,non_mix,000010,control_negative,0.478964
Chinese#ZH-Tenor-1#Vibrato#后会无期#Control_Group#0005,D:\-MindEcho-main\ml_dl_models\gtsinger_multitech\dataset\raw\Chinese\ZH-Tenor-1\Vibrato\后会无期\Control_Group\0005.wav,Chinese/ZH-Tenor-1/Vibrato/后会无期/Control_Group/0005.wav,Chinese,ZH-Tenor-1,后会无期,Control_Group,0,0,0,0,1,0,1,non_mix,000010,control_negative,0.588463
Chinese#ZH-Tenor-1#Vibrato#后会无期#Control_Group#0008,D:\-MindEcho-main\ml_dl_models\gtsinger_multitech\dataset\raw\Chinese\ZH-Tenor-1\Vibrato\后会无期\Control_Group\0008.wav,Chinese/ZH-Tenor-1/Vibrato/后会无期/Control_Group/0008.wav,Chinese,ZH-Tenor-1,后会无期,Control_Group,0,0,0,0,1,0,1,non_mix,000010,control_negative,0.532374
Chinese#ZH-Tenor-1#Mixed_Voice_and_Falsetto#后来#Control_Group#0001,D:\-MindEcho-main\ml_dl_models\gtsinger_multitech\dataset\raw\Chinese\ZH-Tenor-1\Mixed_Voice_and_Falsetto\后来\Control_Group\0001.wav,Chinese/ZH-Tenor-1/Mixed_Voice_and_Falsetto/后来/Control_Group/0001.wav,Chinese,ZH-Tenor-1,后来,Control_Group,0,0,0,0,1,0,1,non_mix,000010,control_negative,0.600541
Chinese#ZH-Tenor-1#Mixed_Voice_and_Falsetto#后来#Control_Group#0002,D:\-MindEcho-main\ml_dl_models\gtsinger_multitech\dataset\raw\Chinese\ZH-Tenor-1\Mixed_Voice_and_Falsetto\后来\Control_Group\0002.wav,Chinese/ZH-Tenor-1/Mixed_Voice_and_Falsetto/后来/Control_Group/0002.wav,Chinese,ZH-Tenor-1,后来,Control_Group,0,0,0,0,1,0,1,non_mix,000010,control_negative,0.685331
Chinese#ZH-Tenor-1#Mixed_Voice_and_Falsetto#后来#Control_Group#0005,D:\-MindEcho-main\ml_dl_models\gtsinger_multitech\dataset\raw\Chinese\ZH-Tenor-1\Mixed_Voice_and_Falsetto\后来\Control_Group\0005.wav,Chinese/ZH-Tenor-1/Mixed_Voice_and_Falsetto/后来/Control_Group/0005.wav,Chinese,ZH-Tenor-1,后来,Control_Group,0,0,0,0,1,0,1,non_mix,000010,control_negative,0.683603
Chinese#ZH-Tenor-1#Mixed_Voice_and_Falsetto#后来#Control_Group#0006,D:\-MindEcho-main\ml_dl_models\gtsinger_multitech\dataset\raw\Chinese\ZH-Tenor-1\Mixed_Voice_and_Falsetto\后来\Control_Group\0006.wav,Chinese/ZH-Tenor-1/Mixed_Voice_and_Falsetto/后来/Control_Group/0006.wav,Chinese,ZH-Tenor-1,后来,Control_Group,0,0,0,0,1,0,1,non_mix,000010,control_negative,0.509899
Chinese#ZH-Tenor-1#Mixed_Voice_and_Falsetto#后来#Control_Group#0007,D:\-MindEcho-main\ml_dl_models\gtsinger_multitech\dataset\raw\Chinese\ZH-Tenor-1\Mixed_Voice_and_Falsetto\后来\Control_Group\0007.wav,Chinese/ZH-Tenor-1/Mixed_Voice_and_Falsetto/后来/Control_Group/0007.wav,Chinese,ZH-Tenor-1,后来,Control_Group,0,0,0,0,1,0,1,non_mix,000010,control_negative,0.634480
Chinese#ZH-Tenor-1#Mixed_Voice_and_Falsetto#后来#Control_Group#0008,D:\-MindEcho-main\ml_dl_models\gtsinger_multitech\dataset\raw\Chinese\ZH-Tenor-1\Mixed_Voice_and_Falsetto\后来\Control_Group\0008.wav,Chinese/ZH-Tenor-1/Mixed_Voice_and_Falsetto/后来/Control_Group/0008.wav,Chinese,ZH-Tenor-1,后来,Control_Group,0,0,0,0,1,0,1,non_mix,000010,control_negative,0.622000
Chinese#ZH-Tenor-1#Mixed_Voice_and_Falsetto#后来#Control_Group#0011,D:\-MindEcho-main\ml_dl_models\gtsinger_multitech\dataset\raw\Chinese\ZH-Tenor-1\Mixed_Voice_and_Falsetto\后来\Control_Group\0011.wav,Chinese/ZH-Tenor-1/Mixed_Voice_and_Falsetto/后来/Control_Group/0011.wav,Chinese,ZH-Tenor-1,后来,Control_Group,0,0,0,0,1,0,1,non_mix,000010,control_negative,0.510481
Chinese#ZH-Tenor-1#Mixed_Voice_and_Falsetto#听海#Control_Group#0000,D:\-MindEcho-main\ml_dl_models\gtsinger_multitech\dataset\raw\Chinese\ZH-Tenor-1\Mixed_Voice_and_Falsetto\听海\Control_Group\0000.wav,Chinese/ZH-Tenor-1/Mixed_Voice_and_Falsetto/听海/Control_Group/0000.wav,Chinese,ZH-Tenor-1,听海,Control_Group,0,0,0,0,1,0,1,non_mix,000010,control_negative,0.653479
Chinese#ZH-Tenor-1#Mixed_Voice_and_Falsetto#听海#Control_Group#0001,D:\-MindEcho-main\ml_dl_models\gtsinger_multitech\dataset\raw\Chinese\ZH-Tenor-1\Mixed_Voice_and_Falsetto\听海\Control_Group\0001.wav,Chinese/ZH-Tenor-1/Mixed_Voice_and_Falsetto/听海/Control_Group/0001.wav,Chinese,ZH-Tenor-1,听海,Control_Group,0,0,0,0,1,0,1,non_mix,000010,control_negative,0.644760
Chinese#ZH-Tenor-1#Mixed_Voice_and_Falsetto#听海#Control_Group#0002,D:\-MindEcho-main\ml_dl_models\gtsinger_multitech\dataset\raw\Chinese\ZH-Tenor-1\Mixed_Voice_and_Falsetto\听海\Control_Group\0002.wav,Chinese/ZH-Tenor-1/Mixed_Voice_and_Falsetto/听海/Control_Group/0002.wav,Chinese,ZH-Tenor-1,听海,Control_Group,0,0,0,0,1,0,1,non_mix,000010,control_negative,0.660949
Chinese#ZH-Tenor-1#Mixed_Voice_and_Falsetto#听海#Control_Group#0003,D:\-MindEcho-main\ml_dl_models\gtsinger_multitech\dataset\raw\Chinese\ZH-Tenor-1\Mixed_Voice_and_Falsetto\听海\Control_Group\0003.wav,Chinese/ZH-Tenor-1/Mixed_Voice_and_Falsetto/听海/Control_Group/0003.wav,Chinese,ZH-Tenor-1,听海,Control_Group,0,0,0,0,1,0,1,non_mix,000010,control_negative,0.618106
Chinese#ZH-Tenor-1#Mixed_Voice_and_Falsetto#听海#Control_Group#0004,D:\-MindEcho-main\ml_dl_models\gtsinger_multitech\dataset\raw\Chinese\ZH-Tenor-1\Mixed_Voice_and_Falsetto\听海\Control_Group\0004.wav,Chinese/ZH-Tenor-1/Mixed_Voice_and_Falsetto/听海/Control_Group/0004.wav,Chinese,ZH-Tenor-1,听海,Control_Group,0,0,0,0,1,0,1,non_mix,000010,control_negative,0.582273
Chinese#ZH-Tenor-1#Mixed_Voice_and_Falsetto#听海#Control_Group#0005,D:\-MindEcho-main\ml_dl_models\gtsinger_multitech\dataset\raw\Chinese\ZH-Tenor-1\Mixed_Voice_and_Falsetto\听海\Control_Group\0005.wav,Chinese/ZH-Tenor-1/Mixed_Voice_and_Falsetto/听海/Control_Group/0005.wav,Chinese,ZH-Tenor-1,听海,Control_Group,0,0,0,0,1,0,1,non_mix,000010,control_negative,0.693891
Chinese#ZH-Tenor-1#Mixed_Voice_and_Falsetto#听海#Control_Group#0006,D:\-MindEcho-main\ml_dl_models\gtsinger_multitech\dataset\raw\Chinese\ZH-Tenor-1\Mixed_Voice_and_Falsetto\听海\Control_Group\0006.wav,Chinese/ZH-Tenor-1/Mixed_Voice_and_Falsetto/听海/Control_Group/0006.wav,Chinese,ZH-Tenor-1,听海,Control_Group,0,0,0,0,1,0,1,non_mix,000010,control_negative,0.640201
Chinese#ZH-Tenor-1#Mixed_Voice_and_Falsetto#听海#Control_Group#0007,D:\-MindEcho-main\ml_dl_models\gtsinger_multitech\dataset\raw\Chinese\ZH-Tenor-1\Mixed_Voice_and_Falsetto\听海\Control_Group\0007.wav,Chinese/ZH-Tenor-1/Mixed_Voice_and_Falsetto/听海/Control_Group/0007.wav,Chinese,ZH-Tenor-1,听海,Control_Group,0,0,0,0,1,0,1,non_mix,000010,control_negative,0.589127
Chinese#ZH-Tenor-1#Mixed_Voice_and_Falsetto#听海#Control_Group#0008,D:\-MindEcho-main\ml_dl_models\gtsinger_multitech\dataset\raw\Chinese\ZH-Tenor-1\Mixed_Voice_and_Falsetto\听海\Control_Group\0008.wav,Chinese/ZH-Tenor-1/Mixed_Voice_and_Falsetto/听海/Control_Group/0008.wav,Chinese,ZH-Tenor-1,听海,Control_Group,0,0,0,0,1,0,1,non_mix,000010,control_negative,0.496197
Chinese#ZH-Tenor-1#Mixed_Voice_and_Falsetto#听海#Control_Group#0010,D:\-MindEcho-main\ml_dl_models\gtsinger_multitech\dataset\raw\Chinese\ZH-Tenor-1\Mixed_Voice_and_Falsetto\听海\Control_Group\0010.wav,Chinese/ZH-Tenor-1/Mixed_Voice_and_Falsetto/听海/Control_Group/0010.wav,Chinese,ZH-Tenor-1,听海,Control_Group,0,0,0,0,1,0,1,non_mix,000010,control_negative,0.671025
Chinese#ZH-Tenor-1#Mixed_Voice_and_Falsetto#听海#Control_Group#0011,D:\-MindEcho-main\ml_dl_models\gtsinger_multitech\dataset\raw\Chinese\ZH-Tenor-1\Mixed_Voice_and_Falsetto\听海\Control_Group\0011.wav,Chinese/ZH-Tenor-1/Mixed_Voice_and_Falsetto/听海/Control_Group/0011.wav,Chinese,ZH-Tenor-1,听海,Control_Group,0,0,0,0,1,0,1,non_mix,000010,control_negative,0.672601
Chinese#ZH-Tenor-1#Mixed_Voice_and_Falsetto#听海#Control_Group#0012,D:\-MindEcho-main\ml_dl_models\gtsinger_multitech\dataset\raw\Chinese\ZH-Tenor-1\Mixed_Voice_and_Falsetto\听海\Control_Group\0012.wav,Chinese/ZH-Tenor-1/Mixed_Voice_and_Falsetto/听海/Control_Group/0012.wav,Chinese,ZH-Tenor-1,听海,Control_Group,0,0,0,0,0,0,0,non_mix,000000,control_negative,0.574520
Chinese#ZH-Tenor-1#Mixed_Voice_and_Falsetto#听海#Control_Group#0013,D:\-MindEcho-main\ml_dl_models\gtsinger_multitech\dataset\raw\Chinese\ZH-Tenor-1\Mixed_Voice_and_Falsetto\听海\Control_Group\0013.wav,Chinese/ZH-Tenor-1/Mixed_Voice_and_Falsetto/听海/Control_Group/0013.wav,Chinese,ZH-Tenor-1,听海,Control_Group,0,0,0,0,1,0,1,non_mix,000010,control_negative,0.590566
Chinese#ZH-Tenor-1#Mixed_Voice_and_Falsetto#听海#Control_Group#0014,D:\-MindEcho-main\ml_dl_models\gtsinger_multitech\dataset\raw\Chinese\ZH-Tenor-1\Mixed_Voice_and_Falsetto\听海\Control_Group\0014.wav,Chinese/ZH-Tenor-1/Mixed_Voice_and_Falsetto/听海/Control_Group/0014.wav,Chinese,ZH-Tenor-1,听海,Control_Group,0,0,0,0,1,0,1,non_mix,000010,control_negative,0.627431
Chinese#ZH-Tenor-1#Mixed_Voice_and_Falsetto#听海#Control_Group#0015,D:\-MindEcho-main\ml_dl_models\gtsinger_multitech\dataset\raw\Chinese\ZH-Tenor-1\Mixed_Voice_and_Falsetto\听海\Control_Group\0015.wav,Chinese/ZH-Tenor-1/Mixed_Voice_and_Falsetto/听海/Control_Group/0015.wav,Chinese,ZH-Tenor-1,听海,Control_Group,0,0,0,0,1,0,1,non_mix,000010,control_negative,0.566680
Chinese#ZH-Tenor-1#Breathy#和你一样#Control_Group#0000,D:\-MindEcho-main\ml_dl_models\gtsinger_multitech\dataset\raw\Chinese\ZH-Tenor-1\Breathy\和你一样\Control_Group\0000.wav,Chinese/ZH-Tenor-1/Breathy/和你一样/Control_Group/0000.wav,Chinese,ZH-Tenor-1,和你一样,Control_Group,0,0,0,0,1,0,1,non_mix,000010,control_negative,0.635679
Chinese#ZH-Tenor-1#Breathy#和你一样#Control_Group#0001,D:\-MindEcho-main\ml_dl_models\gtsinger_multitech\dataset\raw\Chinese\ZH-Tenor-1\Breathy\和你一样\Control_Group\0001.wav,Chinese/ZH-Tenor-1/Breathy/和你一样/Control_Group/0001.wav,Chinese,ZH-Tenor-1,和你一样,Control_Group,0,0,0,0,1,0,1,non_mix,000010,control_negative,0.759446
Chinese#ZH-Tenor-1#Breathy#和你一样#Control_Group#0002,D:\-MindEcho-main\ml_dl_models\gtsinger_multitech\dataset\raw\Chinese\ZH-Tenor-1\Breathy\和你一样\Control_Group\0002.wav,Chinese/ZH-Tenor-1/Breathy/和你一样/Control_Group/0002.wav,Chinese,ZH-Tenor-1,和你一样,Control_Group,0,0,0,0,1,0,1,non_mix,000010,control_negative,0.667012
Chinese#ZH-Tenor-1#Breathy#和你一样#Control_Group#0004,D:\-MindEcho-main\ml_dl_models\gtsinger_multitech\dataset\raw\Chinese\ZH-Tenor-1\Breathy\和你一样\Control_Group\0004.wav,Chinese/ZH-Tenor-1/Breathy/和你一样/Control_Group/0004.wav,Chinese,ZH-Tenor-1,和你一样,Control_Group,0,0,0,0,1,0,1,non_mix,000010,control_negative,0.625408
Chinese#ZH-Tenor-1#Breathy#和你一样#Control_Group#0005,D:\-MindEcho-main\ml_dl_models\gtsinger_multitech\dataset\raw\Chinese\ZH-Tenor-1\Breathy\和你一样\Control_Group\0005.wav,Chinese/ZH-Tenor-1/Breathy/和你一样/Control_Group/0005.wav,Chinese,ZH-Tenor-1,和你一样,Control_Group,0,0,0,0,1,0,1,non_mix,000010,control_negative,0.765057
Chinese#ZH-Tenor-1#Breathy#和你一样#Control_Group#0007,D:\-MindEcho-main\ml_dl_models\gtsinger_multitech\dataset\raw\Chinese\ZH-Tenor-1\Breathy\和你一样\Control_Group\0007.wav,Chinese/ZH-Tenor-1/Breathy/和你一样/Control_Group/0007.wav,Chinese,ZH-Tenor-1,和你一样,Control_Group,0,0,0,0,1,0,1,non_mix,000010,control_negative,0.661365
Chinese#ZH-Tenor-1#Breathy#和你一样#Control_Group#0008,D:\-MindEcho-main\ml_dl_models\gtsinger_multitech\dataset\raw\Chinese\ZH-Tenor-1\Breathy\和你一样\Control_Group\0008.wav,Chinese/ZH-Tenor-1/Breathy/和你一样/Control_Group/0008.wav,Chinese,ZH-Tenor-1,和你一样,Control_Group,0,0,0,0,1,0,1,non_mix,000010,control_negative,0.696824
Chinese#ZH-Tenor-1#Breathy#和你一样#Control_Group#0009,D:\-MindEcho-main\ml_dl_models\gtsinger_multitech\dataset\raw\Chinese\ZH-Tenor-1\Breathy\和你一样\Control_Group\0009.wav,Chinese/ZH-Tenor-1/Breathy/和你一样/Control_Group/0009.wav,Chinese,ZH-Tenor-1,和你一样,Control_Group,0,0,0,0,1,0,1,non_mix,000010,control_negative,0.688871
Chinese#ZH-Tenor-1#Breathy#和你一样#Control_Group#0010,D:\-MindEcho-main\ml_dl_models\gtsinger_multitech\dataset\raw\Chinese\ZH-Tenor-1\Breathy\和你一样\Control_Group\0010.wav,Chinese/ZH-Tenor-1/Breathy/和你一样/Control_Group/0010.wav,Chinese,ZH-Tenor-1,和你一样,Control_Group,0,0,0,0,1,0,1,non_mix,000010,control_negative,0.674962
Chinese#ZH-Tenor-1#Breathy#和你一样#Control_Group#0011,D:\-MindEcho-main\ml_dl_models\gtsinger_multitech\dataset\raw\Chinese\ZH-Tenor-1\Breathy\和你一样\Control_Group\0011.wav,Chinese/ZH-Tenor-1/Breathy/和你一样/Control_Group/0011.wav,Chinese,ZH-Tenor-1,和你一样,Control_Group,0,0,0,0,1,0,1,non_mix,000010,control_negative,0.712379
Chinese#ZH-Tenor-1#Breathy#和你一样#Control_Group#0012,D:\-MindEcho-main\ml_dl_models\gtsinger_multitech\dataset\raw\Chinese\ZH-Tenor-1\Breathy\和你一样\Control_Group\0012.wav,Chinese/ZH-Tenor-1/Breathy/和你一样/Control_Group/0012.wav,Chinese,ZH-Tenor-1,和你一样,Control_Group,0,0,0,0,1,0,1,non_mix,000010,control_negative,0.539030
Chinese#ZH-Tenor-1#Pharyngeal#唯一#Control_Group#0000,D:\-MindEcho-main\ml_dl_models\gtsinger_multitech\dataset\raw\Chinese\ZH-Tenor-1\Pharyngeal\唯一\Control_Group\0000.wav,Chinese/ZH-Tenor-1/Pharyngeal/唯一/Control_Group/0000.wav,Chinese,ZH-Tenor-1,唯一,Control_Group,0,0,0,0,1,0,1,non_mix,000010,control_negative,0.640132
Chinese#ZH-Tenor-1#Pharyngeal#唯一#Control_Group#0002,D:\-MindEcho-main\ml_dl_models\gtsinger_multitech\dataset\raw\Chinese\ZH-Tenor-1\Pharyngeal\唯一\Control_Group\0002.wav,Chinese/ZH-Tenor-1/Pharyngeal/唯一/Control_Group/0002.wav,Chinese,ZH-Tenor-1,唯一,Control_Group,0,0,0,0,1,0,1,non_mix,000010,control_negative,0.666885
Chinese#ZH-Tenor-1#Pharyngeal#唯一#Control_Group#0003,D:\-MindEcho-main\ml_dl_models\gtsinger_multitech\dataset\raw\Chinese\ZH-Tenor-1\Pharyngeal\唯一\Control_Group\0003.wav,Chinese/ZH-Tenor-1/Pharyngeal/唯一/Control_Group/0003.wav,Chinese,ZH-Tenor-1,唯一,Control_Group,0,0,0,0,1,0,1,non_mix,000010,control_negative,0.554151
Chinese#ZH-Tenor-1#Pharyngeal#唯一#Control_Group#0004,D:\-MindEcho-main\ml_dl_models\gtsinger_multitech\dataset\raw\Chinese\ZH-Tenor-1\Pharyngeal\唯一\Control_Group\0004.wav,Chinese/ZH-Tenor-1/Pharyngeal/唯一/Control_Group/0004.wav,Chinese,ZH-Tenor-1,唯一,Control_Group,0,0,0,0,1,0,1,non_mix,000010,control_negative,0.586103
Chinese#ZH-Tenor-1#Pharyngeal#唯一#Control_Group#0005,D:\-MindEcho-main\ml_dl_models\gtsinger_multitech\dataset\raw\Chinese\ZH-Tenor-1\Pharyngeal\唯一\Control_Group\0005.wav,Chinese/ZH-Tenor-1/Pharyngeal/唯一/Control_Group/0005.wav,Chinese,ZH-Tenor-1,唯一,Control_Group,0,0,0,0,1,0,1,non_mix,000010,control_negative,0.529815
Chinese#ZH-Tenor-1#Pharyngeal#唯一#Control_Group#0006,D:\-MindEcho-main\ml_dl_models\gtsinger_multitech\dataset\raw\Chinese\ZH-Tenor-1\Pharyngeal\唯一\Control_Group\0006.wav,Chinese/ZH-Tenor-1/Pharyngeal/唯一/Control_Group/0006.wav,Chinese,ZH-Tenor-1,唯一,Control_Group,0,0,0,0,1,0,1,non_mix,000010,control_negative,0.505346
Chinese#ZH-Tenor-1#Pharyngeal#唯一#Control_Group#0009,D:\-MindEcho-main\ml_dl_models\gtsinger_multitech\dataset\raw\Chinese\ZH-Tenor-1\Pharyngeal\唯一\Control_Group\0009.wav,Chinese/ZH-Tenor-1/Pharyngeal/唯一/Control_Group/0009.wav,Chinese,ZH-Tenor-1,唯一,Control_Group,0,0,0,0,1,0,1,non_mix,000010,control_negative,0.610076
Chinese#ZH-Tenor-1#Pharyngeal#唯一#Control_Group#0010,D:\-MindEcho-main\ml_dl_models\gtsinger_multitech\dataset\raw\Chinese\ZH-Tenor-1\Pharyngeal\唯一\Control_Group\0010.wav,Chinese/ZH-Tenor-1/Pharyngeal/唯一/Control_Group/0010.wav,Chinese,ZH-Tenor-1,唯一,Control_Group,0,0,0,0,1,0,1,non_mix,000010,control_negative,0.647667
Chinese#ZH-Tenor-1#Pharyngeal#唯一#Control_Group#0011,D:\-MindEcho-main\ml_dl_models\gtsinger_multitech\dataset\raw\Chinese\ZH-Tenor-1\Pharyngeal\唯一\Control_Group\0011.wav,Chinese/ZH-Tenor-1/Pharyngeal/唯一/Control_Group/0011.wav,Chinese,ZH-Tenor-1,唯一,Control_Group,0,0,0,0,1,0,1,non_mix,000010,control_negative,0.500101
Chinese#ZH-Tenor-1#Pharyngeal#唯一#Control_Group#0012,D:\-MindEcho-main\ml_dl_models\gtsinger_multitech\dataset\raw\Chinese\ZH-Tenor-1\Pharyngeal\唯一\Control_Group\0012.wav,Chinese/ZH-Tenor-1/Pharyngeal/唯一/Control_Group/0012.wav,Chinese,ZH-Tenor-1,唯一,Control_Group,0,0,0,0,1,0,1,non_mix,000010,control_negative,0.530225
Chinese#ZH-Tenor-1#Pharyngeal#唯一#Control_Group#0014,D:\-MindEcho-main\ml_dl_models\gtsinger_multitech\dataset\raw\Chinese\ZH-Tenor-1\Pharyngeal\唯一\Control_Group\0014.wav,Chinese/ZH-Tenor-1/Pharyngeal/唯一/Control_Group/0014.wav,Chinese,ZH-Tenor-1,唯一,Control_Group,0,0,0,0,1,0,1,non_mix,000010,control_negative,0.584467
Chinese#ZH-Tenor-1#Glissando#大鱼#Control_Group#0000,D:\-MindEcho-main\ml_dl_models\gtsinger_multitech\dataset\raw\Chinese\ZH-Tenor-1\Glissando\大鱼\Control_Group\0000.wav,Chinese/ZH-Tenor-1/Glissando/大鱼/Control_Group/0000.wav,Chinese,ZH-Tenor-1,大鱼,Control_Group,0,0,0,0,1,0,1,non_mix,000010,control_negative,0.528741
Chinese#ZH-Tenor-1#Glissando#大鱼#Control_Group#0001,D:\-MindEcho-main\ml_dl_models\gtsinger_multitech\dataset\raw\Chinese\ZH-Tenor-1\Glissando\大鱼\Control_Group\0001.wav,Chinese/ZH-Tenor-1/Glissando/大鱼/Control_Group/0001.wav,Chinese,ZH-Tenor-1,大鱼,Control_Group,0,0,0,0,0,0,0,non_mix,000000,control_negative,0.530163
Chinese#ZH-Tenor-1#Glissando#大鱼#Control_Group#0003,D:\-MindEcho-main\ml_dl_models\gtsinger_multitech\dataset\raw\Chinese\ZH-Tenor-1\Glissando\大鱼\Control_Group\0003.wav,Chinese/ZH-Tenor-1/Glissando/大鱼/Control_Group/0003.wav,Chinese,ZH-Tenor-1,大鱼,Control_Group,0,0,0,0,1,0,1,non_mix,000010,control_negative,0.584974
Chinese#ZH-Tenor-1#Glissando#大鱼#Control_Group#0004,D:\-MindEcho-main\ml_dl_models\gtsinger_multitech\dataset\raw\Chinese\ZH-Tenor-1\Glissando\大鱼\Control_Group\0004.wav,Chinese/ZH-Tenor-1/Glissando/大鱼/Control_Group/0004.wav,Chinese,ZH-Tenor-1,大鱼,Control_Group,0,0,0,0,0,0,0,non_mix,000000,control_negative,0.610273
Chinese#ZH-Tenor-1#Glissando#大鱼#Control_Group#0008,D:\-MindEcho-main\ml_dl_models\gtsinger_multitech\dataset\raw\Chinese\ZH-Tenor-1\Glissando\大鱼\Control_Group\0008.wav,Chinese/ZH-Tenor-1/Glissando/大鱼/Control_Group/0008.wav,Chinese,ZH-Tenor-1,大鱼,Control_Group,0,0,0,0,1,0,1,non_mix,000010,control_negative,0.575203
Chinese#ZH-Tenor-1#Glissando#大鱼#Control_Group#0009,D:\-MindEcho-main\ml_dl_models\gtsinger_multitech\dataset\raw\Chinese\ZH-Tenor-1\Glissando\大鱼\Control_Group\0009.wav,Chinese/ZH-Tenor-1/Glissando/大鱼/Control_Group/0009.wav,Chinese,ZH-Tenor-1,大鱼,Control_Group,0,0,0,0,1,0,1,non_mix,000010,control_negative,0.604998
Chinese#ZH-Tenor-1#Glissando#大鱼#Control_Group#0010,D:\-MindEcho-main\ml_dl_models\gtsinger_multitech\dataset\raw\Chinese\ZH-Tenor-1\Glissando\大鱼\Control_Group\0010.wav,Chinese/ZH-Tenor-1/Glissando/大鱼/Control_Group/0010.wav,Chinese,ZH-Tenor-1,大鱼,Control_Group,0,0,0,0,1,0,1,non_mix,000010,control_negative,0.505638
Chinese#ZH-Tenor-1#Glissando#大鱼#Control_Group#0011,D:\-MindEcho-main\ml_dl_models\gtsinger_multitech\dataset\raw\Chinese\ZH-Tenor-1\Glissando\大鱼\Control_Group\0011.wav,Chinese/ZH-Tenor-1/Glissando/大鱼/Control_Group/0011.wav,Chinese,ZH-Tenor-1,大鱼,Control_Group,0,0,0,0,0,0,0,non_mix,000000,control_negative,0.615137
Chinese#ZH-Tenor-1#Glissando#大鱼#Control_Group#0012,D:\-MindEcho-main\ml_dl_models\gtsinger_multitech\dataset\raw\Chinese\ZH-Tenor-1\Glissando\大鱼\Control_Group\0012.wav,Chinese/ZH-Tenor-1/Glissando/大鱼/Control_Group/0012.wav,Chinese,ZH-Tenor-1,大鱼,Control_Group,0,0,0,0,0,0,0,non_mix,000000,control_negative,0.555037
Chinese#ZH-Tenor-1#Glissando#大鱼#Control_Group#0013,D:\-MindEcho-main\ml_dl_models\gtsinger_multitech\dataset\raw\Chinese\ZH-Tenor-1\Glissando\大鱼\Control_Group\0013.wav,Chinese/ZH-Tenor-1/Glissando/大鱼/Control_Group/0013.wav,Chinese,ZH-Tenor-1,大鱼,Control_Group,0,0,0,0,0,0,0,non_mix,000000,control_negative,0.534929
Chinese#ZH-Tenor-1#Mixed_Voice_and_Falsetto#失落沙洲#Control_Group#0001,D:\-MindEcho-main\ml_dl_models\gtsinger_multitech\dataset\raw\Chinese\ZH-Tenor-1\Mixed_Voice_and_Falsetto\失落沙洲\Control_Group\0001.wav,Chinese/ZH-Tenor-1/Mixed_Voice_and_Falsetto/失落沙洲/Control_Group/0001.wav,Chinese,ZH-Tenor-1,失落沙洲,Control_Group,0,0,0,0,1,0,1,non_mix,000010,control_negative,0.783558
Chinese#ZH-Tenor-1#Mixed_Voice_and_Falsetto#失落沙洲#Control_Group#0002,D:\-MindEcho-main\ml_dl_models\gtsinger_multitech\dataset\raw\Chinese\ZH-Tenor-1\Mixed_Voice_and_Falsetto\失落沙洲\Control_Group\0002.wav,Chinese/ZH-Tenor-1/Mixed_Voice_and_Falsetto/失落沙洲/Control_Group/0002.wav,Chinese,ZH-Tenor-1,失落沙洲,Control_Group,0,0,0,0,1,0,1,non_mix,000010,control_negative,0.654054
Chinese#ZH-Tenor-1#Mixed_Voice_and_Falsetto#失落沙洲#Control_Group#0003,D:\-MindEcho-main\ml_dl_models\gtsinger_multitech\dataset\raw\Chinese\ZH-Tenor-1\Mixed_Voice_and_Falsetto\失落沙洲\Control_Group\0003.wav,Chinese/ZH-Tenor-1/Mixed_Voice_and_Falsetto/失落沙洲/Control_Group/0003.wav,Chinese,ZH-Tenor-1,失落沙洲,Control_Group,0,0,0,0,1,0,1,non_mix,000010,control_negative,0.623528
Chinese#ZH-Tenor-1#Mixed_Voice_and_Falsetto#失落沙洲#Control_Group#0004,D:\-MindEcho-main\ml_dl_models\gtsinger_multitech\dataset\raw\Chinese\ZH-Tenor-1\Mixed_Voice_and_Falsetto\失落沙洲\Control_Group\0004.wav,Chinese/ZH-Tenor-1/Mixed_Voice_and_Falsetto/失落沙洲/Control_Group/0004.wav,Chinese,ZH-Tenor-1,失落沙洲,Control_Group,0,0,0,0,1,0,1,non_mix,000010,control_negative,0.754487
Chinese#ZH-Tenor-1#Mixed_Voice_and_Falsetto#失落沙洲#Control_Group#0006,D:\-MindEcho-main\ml_dl_models\gtsinger_multitech\dataset\raw\Chinese\ZH-Tenor-1\Mixed_Voice_and_Falsetto\失落沙洲\Control_Group\0006.wav,Chinese/ZH-Tenor-1/Mixed_Voice_and_Falsetto/失落沙洲/Control_Group/0006.wav,Chinese,ZH-Tenor-1,失落沙洲,Control_Group,0,0,0,0,1,0,1,non_mix,000010,control_negative,0.692097
Chinese#ZH-Tenor-1#Mixed_Voice_and_Falsetto#失落沙洲#Control_Group#0007,D:\-MindEcho-main\ml_dl_models\gtsinger_multitech\dataset\raw\Chinese\ZH-Tenor-1\Mixed_Voice_and_Falsetto\失落沙洲\Control_Group\0007.wav,Chinese/ZH-Tenor-1/Mixed_Voice_and_Falsetto/失落沙洲/Control_Group/0007.wav,Chinese,ZH-Tenor-1,失落沙洲,Control_Group,0,0,0,0,1,0,1,non_mix,000010,control_negative,0.490693
Chinese#ZH-Tenor-1#Mixed_Voice_and_Falsetto#失落沙洲#Control_Group#0008,D:\-MindEcho-main\ml_dl_models\gtsinger_multitech\dataset\raw\Chinese\ZH-Tenor-1\Mixed_Voice_and_Falsetto\失落沙洲\Control_Group\0008.wav,Chinese/ZH-Tenor-1/Mixed_Voice_and_Falsetto/失落沙洲/Control_Group/0008.wav,Chinese,ZH-Tenor-1,失落沙洲,Control_Group,0,0,0,0,1,0,1,non_mix,000010,control_negative,0.726372
Chinese#ZH-Tenor-1#Mixed_Voice_and_Falsetto#失落沙洲#Control_Group#0010,D:\-MindEcho-main\ml_dl_models\gtsinger_multitech\dataset\raw\Chinese\ZH-Tenor-1\Mixed_Voice_and_Falsetto\失落沙洲\Control_Group\0010.wav,Chinese/ZH-Tenor-1/Mixed_Voice_and_Falsetto/失落沙洲/Control_Group/0010.wav,Chinese,ZH-Tenor-1,失落沙洲,Control_Group,0,0,0,0,1,0,1,non_mix,000010,control_negative,0.558868
Chinese#ZH-Tenor-1#Vibrato#失落沙洲#Control_Group#0003,D:\-MindEcho-main\ml_dl_models\gtsinger_multitech\dataset\raw\Chinese\ZH-Tenor-1\Vibrato\失落沙洲\Control_Group\0003.wav,Chinese/ZH-Tenor-1/Vibrato/失落沙洲/Control_Group/0003.wav,Chinese,ZH-Tenor-1,失落沙洲,Control_Group,0,0,0,0,1,0,1,non_mix,000010,control_negative,0.681249
Chinese#ZH-Tenor-1#Vibrato#失落沙洲#Control_Group#0005,D:\-MindEcho-main\ml_dl_models\gtsinger_multitech\dataset\raw\Chinese\ZH-Tenor-1\Vibrato\失落沙洲\Control_Group\0005.wav,Chinese/ZH-Tenor-1/Vibrato/失落沙洲/Control_Group/0005.wav,Chinese,ZH-Tenor-1,失落沙洲,Control_Group,1,0,0,0,1,0,1,clear_mix,100010,positive_mix,
Chinese#ZH-Tenor-1#Vibrato#失落沙洲#Control_Group#0006,D:\-MindEcho-main\ml_dl_models\gtsinger_multitech\dataset\raw\Chinese\ZH-Tenor-1\Vibrato\失落沙洲\Control_Group\0006.wav,Chinese/ZH-Tenor-1/Vibrato/失落沙洲/Control_Group/0006.wav,Chinese,ZH-Tenor-1,失落沙洲,Control_Group,1,0,0,0,1,0,1,clear_mix,100010,positive_mix,
Chinese#ZH-Tenor-1#Vibrato#失落沙洲#Control_Group#0007,D:\-MindEcho-main\ml_dl_models\gtsinger_multitech\dataset\raw\Chinese\ZH-Tenor-1\Vibrato\失落沙洲\Control_Group\0007.wav,Chinese/ZH-Tenor-1/Vibrato/失落沙洲/Control_Group/0007.wav,Chinese,ZH-Tenor-1,失落沙洲,Control_Group,1,0,0,0,1,0,1,clear_mix,100010,positive_mix,
Chinese#ZH-Tenor-1#Vibrato#失落沙洲#Control_Group#0008,D:\-MindEcho-main\ml_dl_models\gtsinger_multitech\dataset\raw\Chinese\ZH-Tenor-1\Vibrato\失落沙洲\Control_Group\0008.wav,Chinese/ZH-Tenor-1/Vibrato/失落沙洲/Control_Group/0008.wav,Chinese,ZH-Tenor-1,失落沙洲,Control_Group,1,0,0,0,1,0,1,clear_mix,100010,positive_mix,
Chinese#ZH-Tenor-1#Vibrato#失落沙洲#Control_Group#0009,D:\-MindEcho-main\ml_dl_models\gtsinger_multitech\dataset\raw\Chinese\ZH-Tenor-1\Vibrato\失落沙洲\Control_Group\0009.wav,Chinese/ZH-Tenor-1/Vibrato/失落沙洲/Control_Group/0009.wav,Chinese,ZH-Tenor-1,失落沙洲,Control_Group,0,0,0,0,1,0,1,non_mix,000010,control_negative,0.716754
Chinese#ZH-Tenor-1#Breathy#好久不见#Control_Group#0001,D:\-MindEcho-main\ml_dl_models\gtsinger_multitech\dataset\raw\Chinese\ZH-Tenor-1\Breathy\好久不见\Control_Group\0001.wav,Chinese/ZH-Tenor-1/Breathy/好久不见/Control_Group/0001.wav,Chinese,ZH-Tenor-1,好久不见,Control_Group,0,0,0,0,1,0,1,non_mix,000010,control_negative,0.556433
Chinese#ZH-Tenor-1#Breathy#好久不见#Control_Group#0004,D:\-MindEcho-main\ml_dl_models\gtsinger_multitech\dataset\raw\Chinese\ZH-Tenor-1\Breathy\好久不见\Control_Group\0004.wav,Chinese/ZH-Tenor-1/Breathy/好久不见/Control_Group/0004.wav,Chinese,ZH-Tenor-1,好久不见,Control_Group,0,0,0,0,1,0,1,non_mix,000010,control_negative,0.555364
Chinese#ZH-Tenor-1#Breathy#如果爱忘了#Control_Group#0001,D:\-MindEcho-main\ml_dl_models\gtsinger_multitech\dataset\raw\Chinese\ZH-Tenor-1\Breathy\如果爱忘了\Control_Group\0001.wav,Chinese/ZH-Tenor-1/Breathy/如果爱忘了/Control_Group/0001.wav,Chinese,ZH-Tenor-1,如果爱忘了,Control_Group,0,0,0,0,1,0,1,non_mix,000010,control_negative,0.741906
Chinese#ZH-Tenor-1#Breathy#如果爱忘了#Control_Group#0002,D:\-MindEcho-main\ml_dl_models\gtsinger_multitech\dataset\raw\Chinese\ZH-Tenor-1\Breathy\如果爱忘了\Control_Group\0002.wav,Chinese/ZH-Tenor-1/Breathy/如果爱忘了/Control_Group/0002.wav,Chinese,ZH-Tenor-1,如果爱忘了,Control_Group,0,0,0,0,1,0,1,non_mix,000010,control_negative,0.792710
Chinese#ZH-Tenor-1#Breathy#如果爱忘了#Control_Group#0003,D:\-MindEcho-main\ml_dl_models\gtsinger_multitech\dataset\raw\Chinese\ZH-Tenor-1\Breathy\如果爱忘了\Control_Group\0003.wav,Chinese/ZH-Tenor-1/Breathy/如果爱忘了/Control_Group/0003.wav,Chinese,ZH-Tenor-1,如果爱忘了,Control_Group,0,0,0,0,1,0,1,non_mix,000010,control_negative,0.736663
Chinese#ZH-Tenor-1#Breathy#如果爱忘了#Control_Group#0004,D:\-MindEcho-main\ml_dl_models\gtsinger_multitech\dataset\raw\Chinese\ZH-Tenor-1\Breathy\如果爱忘了\Control_Group\0004.wav,Chinese/ZH-Tenor-1/Breathy/如果爱忘了/Control_Group/0004.wav,Chinese,ZH-Tenor-1,如果爱忘了,Control_Group,0,1,0,0,1,0,1,non_mix,010010,control_negative,0.762080
Chinese#ZH-Tenor-1#Breathy#如果爱忘了#Control_Group#0005,D:\-MindEcho-main\ml_dl_models\gtsinger_multitech\dataset\raw\Chinese\ZH-Tenor-1\Breathy\如果爱忘了\Control_Group\0005.wav,Chinese/ZH-Tenor-1/Breathy/如果爱忘了/Control_Group/0005.wav,Chinese,ZH-Tenor-1,如果爱忘了,Control_Group,0,0,0,1,1,0,1,non_mix,000110,control_negative,0.672815
Chinese#ZH-Tenor-1#Breathy#如果爱忘了#Control_Group#0006,D:\-MindEcho-main\ml_dl_models\gtsinger_multitech\dataset\raw\Chinese\ZH-Tenor-1\Breathy\如果爱忘了\Control_Group\0006.wav,Chinese/ZH-Tenor-1/Breathy/如果爱忘了/Control_Group/0006.wav,Chinese,ZH-Tenor-1,如果爱忘了,Control_Group,0,0,0,0,1,0,1,non_mix,000010,control_negative,0.761291
Chinese#ZH-Tenor-1#Breathy#如果爱忘了#Control_Group#0008,D:\-MindEcho-main\ml_dl_models\gtsinger_multitech\dataset\raw\Chinese\ZH-Tenor-1\Breathy\如果爱忘了\Control_Group\0008.wav,Chinese/ZH-Tenor-1/Breathy/如果爱忘了/Control_Group/0008.wav,Chinese,ZH-Tenor-1,如果爱忘了,Control_Group,0,0,0,1,1,0,1,non_mix,000110,control_negative,0.787175
Chinese#ZH-Tenor-1#Breathy#如果爱忘了#Control_Group#0009,D:\-MindEcho-main\ml_dl_models\gtsinger_multitech\dataset\raw\Chinese\ZH-Tenor-1\Breathy\如果爱忘了\Control_Group\0009.wav,Chinese/ZH-Tenor-1/Breathy/如果爱忘了/Control_Group/0009.wav,Chinese,ZH-Tenor-1,如果爱忘了,Control_Group,0,0,0,1,1,0,1,non_mix,000110,control_negative,0.857617
Chinese#ZH-Tenor-1#Breathy#如果爱忘了#Control_Group#0010,D:\-MindEcho-main\ml_dl_models\gtsinger_multitech\dataset\raw\Chinese\ZH-Tenor-1\Breathy\如果爱忘了\Control_Group\0010.wav,Chinese/ZH-Tenor-1/Breathy/如果爱忘了/Control_Group/0010.wav,Chinese,ZH-Tenor-1,如果爱忘了,Control_Group,0,0,0,0,1,0,1,non_mix,000010,control_negative,0.782734
Chinese#ZH-Tenor-1#Breathy#如果爱忘了#Control_Group#0011,D:\-MindEcho-main\ml_dl_models\gtsinger_multitech\dataset\raw\Chinese\ZH-Tenor-1\Breathy\如果爱忘了\Control_Group\0011.wav,Chinese/ZH-Tenor-1/Breathy/如果爱忘了/Control_Group/0011.wav,Chinese,ZH-Tenor-1,如果爱忘了,Control_Group,0,1,0,0,1,0,1,non_mix,010010,control_negative,0.609304
Chinese#ZH-Tenor-1#Breathy#如果爱忘了#Control_Group#0012,D:\-MindEcho-main\ml_dl_models\gtsinger_multitech\dataset\raw\Chinese\ZH-Tenor-1\Breathy\如果爱忘了\Control_Group\0012.wav,Chinese/ZH-Tenor-1/Breathy/如果爱忘了/Control_Group/0012.wav,Chinese,ZH-Tenor-1,如果爱忘了,Control_Group,0,0,0,0,1,0,1,non_mix,000010,control_negative,0.782794
Chinese#ZH-Tenor-1#Breathy#如果爱忘了#Control_Group#0013,D:\-MindEcho-main\ml_dl_models\gtsinger_multitech\dataset\raw\Chinese\ZH-Tenor-1\Breathy\如果爱忘了\Control_Group\0013.wav,Chinese/ZH-Tenor-1/Breathy/如果爱忘了/Control_Group/0013.wav,Chinese,ZH-Tenor-1,如果爱忘了,Control_Group,0,1,0,1,1,0,1,non_mix,010110,control_negative,0.634845
Chinese#ZH-Tenor-1#Breathy#如果爱忘了#Control_Group#0014,D:\-MindEcho-main\ml_dl_models\gtsinger_multitech\dataset\raw\Chinese\ZH-Tenor-1\Breathy\如果爱忘了\Control_Group\0014.wav,Chinese/ZH-Tenor-1/Breathy/如果爱忘了/Control_Group/0014.wav,Chinese,ZH-Tenor-1,如果爱忘了,Control_Group,0,0,0,0,1,0,1,non_mix,000010,control_negative,0.804369
Chinese#ZH-Tenor-1#Breathy#如果爱忘了#Control_Group#0016,D:\-MindEcho-main\ml_dl_models\gtsinger_multitech\dataset\raw\Chinese\ZH-Tenor-1\Breathy\如果爱忘了\Control_Group\0016.wav,Chinese/ZH-Tenor-1/Breathy/如果爱忘了/Control_Group/0016.wav,Chinese,ZH-Tenor-1,如果爱忘了,Control_Group,0,0,0,1,1,0,1,non_mix,000110,control_negative,0.588393
Chinese#ZH-Tenor-1#Breathy#如果爱忘了#Control_Group#0017,D:\-MindEcho-main\ml_dl_models\gtsinger_multitech\dataset\raw\Chinese\ZH-Tenor-1\Breathy\如果爱忘了\Control_Group\0017.wav,Chinese/ZH-Tenor-1/Breathy/如果爱忘了/Control_Group/0017.wav,Chinese,ZH-Tenor-1,如果爱忘了,Control_Group,0,0,0,0,1,0,1,non_mix,000010,control_negative,0.697603
Chinese#ZH-Tenor-1#Glissando#如果爱忘了#Control_Group#0000,D:\-MindEcho-main\ml_dl_models\gtsinger_multitech\dataset\raw\Chinese\ZH-Tenor-1\Glissando\如果爱忘了\Control_Group\0000.wav,Chinese/ZH-Tenor-1/Glissando/如果爱忘了/Control_Group/0000.wav,Chinese,ZH-Tenor-1,如果爱忘了,Control_Group,0,0,0,0,1,0,1,non_mix,000010,control_negative,0.689782
Chinese#ZH-Tenor-1#Glissando#如果爱忘了#Control_Group#0001,D:\-MindEcho-main\ml_dl_models\gtsinger_multitech\dataset\raw\Chinese\ZH-Tenor-1\Glissando\如果爱忘了\Control_Group\0001.wav,Chinese/ZH-Tenor-1/Glissando/如果爱忘了/Control_Group/0001.wav,Chinese,ZH-Tenor-1,如果爱忘了,Control_Group,0,0,0,0,1,0,1,non_mix,000010,control_negative,0.677465
Chinese#ZH-Tenor-1#Glissando#如果爱忘了#Control_Group#0002,D:\-MindEcho-main\ml_dl_models\gtsinger_multitech\dataset\raw\Chinese\ZH-Tenor-1\Glissando\如果爱忘了\Control_Group\0002.wav,Chinese/ZH-Tenor-1/Glissando/如果爱忘了/Control_Group/0002.wav,Chinese,ZH-Tenor-1,如果爱忘了,Control_Group,0,0,0,0,1,0,1,non_mix,000010,control_negative,0.671639
Chinese#ZH-Tenor-1#Glissando#如果爱忘了#Control_Group#0003,D:\-MindEcho-main\ml_dl_models\gtsinger_multitech\dataset\raw\Chinese\ZH-Tenor-1\Glissando\如果爱忘了\Control_Group\0003.wav,Chinese/ZH-Tenor-1/Glissando/如果爱忘了/Control_Group/0003.wav,Chinese,ZH-Tenor-1,如果爱忘了,Control_Group,0,0,0,0,1,0,1,non_mix,000010,control_negative,0.665192
Chinese#ZH-Tenor-1#Glissando#如果爱忘了#Control_Group#0004,D:\-MindEcho-main\ml_dl_models\gtsinger_multitech\dataset\raw\Chinese\ZH-Tenor-1\Glissando\如果爱忘了\Control_Group\0004.wav,Chinese/ZH-Tenor-1/Glissando/如果爱忘了/Control_Group/0004.wav,Chinese,ZH-Tenor-1,如果爱忘了,Control_Group,0,0,0,0,1,0,1,non_mix,000010,control_negative,0.711865
Chinese#ZH-Tenor-1#Glissando#如果爱忘了#Control_Group#0006,D:\-MindEcho-main\ml_dl_models\gtsinger_multitech\dataset\raw\Chinese\ZH-Tenor-1\Glissando\如果爱忘了\Control_Group\0006.wav,Chinese/ZH-Tenor-1/Glissando/如果爱忘了/Control_Group/0006.wav,Chinese,ZH-Tenor-1,如果爱忘了,Control_Group,0,0,0,0,0,0,0,non_mix,000000,control_negative,0.702271
Chinese#ZH-Tenor-1#Glissando#如果爱忘了#Control_Group#0007,D:\-MindEcho-main\ml_dl_models\gtsinger_multitech\dataset\raw\Chinese\ZH-Tenor-1\Glissando\如果爱忘了\Control_Group\0007.wav,Chinese/ZH-Tenor-1/Glissando/如果爱忘了/Control_Group/0007.wav,Chinese,ZH-Tenor-1,如果爱忘了,Control_Group,0,0,0,0,0,0,0,non_mix,000000,control_negative,0.733829
Chinese#ZH-Tenor-1#Glissando#如果爱忘了#Control_Group#0008,D:\-MindEcho-main\ml_dl_models\gtsinger_multitech\dataset\raw\Chinese\ZH-Tenor-1\Glissando\如果爱忘了\Control_Group\0008.wav,Chinese/ZH-Tenor-1/Glissando/如果爱忘了/Control_Group/0008.wav,Chinese,ZH-Tenor-1,如果爱忘了,Control_Group,0,0,0,0,1,0,1,non_mix,000010,control_negative,0.609218
Chinese#ZH-Tenor-1#Glissando#如果爱忘了#Control_Group#0009,D:\-MindEcho-main\ml_dl_models\gtsinger_multitech\dataset\raw\Chinese\ZH-Tenor-1\Glissando\如果爱忘了\Control_Group\0009.wav,Chinese/ZH-Tenor-1/Glissando/如果爱忘了/Control_Group/0009.wav,Chinese,ZH-Tenor-1,如果爱忘了,Control_Group,0,0,0,0,1,0,1,non_mix,000010,control_negative,0.741244
Chinese#ZH-Tenor-1#Glissando#如果爱忘了#Control_Group#0010,D:\-MindEcho-main\ml_dl_models\gtsinger_multitech\dataset\raw\Chinese\ZH-Tenor-1\Glissando\如果爱忘了\Control_Group\0010.wav,Chinese/ZH-Tenor-1/Glissando/如果爱忘了/Control_Group/0010.wav,Chinese,ZH-Tenor-1,如果爱忘了,Control_Group,0,0,0,0,1,0,1,non_mix,000010,control_negative,0.717834
Chinese#ZH-Tenor-1#Glissando#如果爱忘了#Control_Group#0011,D:\-MindEcho-main\ml_dl_models\gtsinger_multitech\dataset\raw\Chinese\ZH-Tenor-1\Glissando\如果爱忘了\Control_Group\0011.wav,Chinese/ZH-Tenor-1/Glissando/如果爱忘了/Control_Group/0011.wav,Chinese,ZH-Tenor-1,如果爱忘了,Control_Group,0,0,0,0,1,0,1,non_mix,000010,control_negative,0.661463
Chinese#ZH-Tenor-1#Glissando#如果爱忘了#Control_Group#0012,D:\-MindEcho-main\ml_dl_models\gtsinger_multitech\dataset\raw\Chinese\ZH-Tenor-1\Glissando\如果爱忘了\Control_Group\0012.wav,Chinese/ZH-Tenor-1/Glissando/如果爱忘了/Control_Group/0012.wav,Chinese,ZH-Tenor-1,如果爱忘了,Control_Group,0,0,0,0,0,0,0,non_mix,000000,control_negative,0.745055
Chinese#ZH-Tenor-1#Glissando#如果爱忘了#Control_Group#0013,D:\-MindEcho-main\ml_dl_models\gtsinger_multitech\dataset\raw\Chinese\ZH-Tenor-1\Glissando\如果爱忘了\Control_Group\0013.wav,Chinese/ZH-Tenor-1/Glissando/如果爱忘了/Control_Group/0013.wav,Chinese,ZH-Tenor-1,如果爱忘了,Control_Group,0,0,0,0,1,0,1,non_mix,000010,control_negative,0.678630
Chinese#ZH-Tenor-1#Glissando#如果爱忘了#Control_Group#0015,D:\-MindEcho-main\ml_dl_models\gtsinger_multitech\dataset\raw\Chinese\ZH-Tenor-1\Glissando\如果爱忘了\Control_Group\0015.wav,Chinese/ZH-Tenor-1/Glissando/如果爱忘了/Control_Group/0015.wav,Chinese,ZH-Tenor-1,如果爱忘了,Control_Group,0,0,0,0,1,0,1,non_mix,000010,control_negative,0.756187
Chinese#ZH-Tenor-1#Glissando#如果爱忘了#Control_Group#0016,D:\-MindEcho-main\ml_dl_models\gtsinger_multitech\dataset\raw\Chinese\ZH-Tenor-1\Glissando\如果爱忘了\Control_Group\0016.wav,Chinese/ZH-Tenor-1/Glissando/如果爱忘了/Control_Group/0016.wav,Chinese,ZH-Tenor-1,如果爱忘了,Control_Group,0,0,0,0,0,0,0,non_mix,000000,control_negative,0.805686
Chinese#ZH-Tenor-1#Glissando#如果爱忘了#Control_Group#0017,D:\-MindEcho-main\ml_dl_models\gtsinger_multitech\dataset\raw\Chinese\ZH-Tenor-1\Glissando\如果爱忘了\Control_Group\0017.wav,Chinese/ZH-Tenor-1/Glissando/如果爱忘了/Control_Group/0017.wav,Chinese,ZH-Tenor-1,如果爱忘了,Control_Group,0,0,0,0,0,0,0,non_mix,000000,control_negative,0.702036
Chinese#ZH-Tenor-1#Glissando#如果爱忘了#Control_Group#0018,D:\-MindEcho-main\ml_dl_models\gtsinger_multitech\dataset\raw\Chinese\ZH-Tenor-1\Glissando\如果爱忘了\Control_Group\0018.wav,Chinese/ZH-Tenor-1/Glissando/如果爱忘了/Control_Group/0018.wav,Chinese,ZH-Tenor-1,如果爱忘了,Control_Group,0,0,0,0,1,0,1,non_mix,000010,control_negative,0.755464
Chinese#ZH-Tenor-1#Glissando#如果爱忘了#Control_Group#0019,D:\-MindEcho-main\ml_dl_models\gtsinger_multitech\dataset\raw\Chinese\ZH-Tenor-1\Glissando\如果爱忘了\Control_Group\0019.wav,Chinese/ZH-Tenor-1/Glissando/如果爱忘了/Control_Group/0019.wav,Chinese,ZH-Tenor-1,如果爱忘了,Control_Group,0,0,0,0,0,0,0,non_mix,000000,control_negative,0.832746
Chinese#ZH-Tenor-1#Glissando#如果爱忘了#Control_Group#0020,D:\-MindEcho-main\ml_dl_models\gtsinger_multitech\dataset\raw\Chinese\ZH-Tenor-1\Glissando\如果爱忘了\Control_Group\0020.wav,Chinese/ZH-Tenor-1/Glissando/如果爱忘了/Control_Group/0020.wav,Chinese,ZH-Tenor-1,如果爱忘了,Control_Group,0,0,0,0,0,0,0,non_mix,000000,control_negative,0.760519
Chinese#ZH-Tenor-1#Vibrato#如果爱忘了#Control_Group#0000,D:\-MindEcho-main\ml_dl_models\gtsinger_multitech\dataset\raw\Chinese\ZH-Tenor-1\Vibrato\如果爱忘了\Control_Group\0000.wav,Chinese/ZH-Tenor-1/Vibrato/如果爱忘了/Control_Group/0000.wav,Chinese,ZH-Tenor-1,如果爱忘了,Control_Group,0,0,0,0,1,0,1,non_mix,000010,control_negative,0.510855
Chinese#ZH-Tenor-1#Vibrato#如果爱忘了#Control_Group#0001,D:\-MindEcho-main\ml_dl_models\gtsinger_multitech\dataset\raw\Chinese\ZH-Tenor-1\Vibrato\如果爱忘了\Control_Group\0001.wav,Chinese/ZH-Tenor-1/Vibrato/如果爱忘了/Control_Group/0001.wav,Chinese,ZH-Tenor-1,如果爱忘了,Control_Group,0,0,0,0,1,0,1,non_mix,000010,control_negative,0.580108
Chinese#ZH-Tenor-1#Vibrato#如果爱忘了#Control_Group#0002,D:\-MindEcho-main\ml_dl_models\gtsinger_multitech\dataset\raw\Chinese\ZH-Tenor-1\Vibrato\如果爱忘了\Control_Group\0002.wav,Chinese/ZH-Tenor-1/Vibrato/如果爱忘了/Control_Group/0002.wav,Chinese,ZH-Tenor-1,如果爱忘了,Control_Group,0,0,0,0,1,0,1,non_mix,000010,control_negative,0.706036
Chinese#ZH-Tenor-1#Vibrato#如果爱忘了#Control_Group#0004,D:\-MindEcho-main\ml_dl_models\gtsinger_multitech\dataset\raw\Chinese\ZH-Tenor-1\Vibrato\如果爱忘了\Control_Group\0004.wav,Chinese/ZH-Tenor-1/Vibrato/如果爱忘了/Control_Group/0004.wav,Chinese,ZH-Tenor-1,如果爱忘了,Control_Group,0,0,0,0,1,0,1,non_mix,000010,control_negative,0.752106
Chinese#ZH-Tenor-1#Vibrato#如果爱忘了#Control_Group#0005,D:\-MindEcho-main\ml_dl_models\gtsinger_multitech\dataset\raw\Chinese\ZH-Tenor-1\Vibrato\如果爱忘了\Control_Group\0005.wav,Chinese/ZH-Tenor-1/Vibrato/如果爱忘了/Control_Group/0005.wav,Chinese,ZH-Tenor-1,如果爱忘了,Control_Group,0,1,0,0,1,0,1,non_mix,010010,control_negative,0.749075
Chinese#ZH-Tenor-1#Vibrato#如果爱忘了#Control_Group#0008,D:\-MindEcho-main\ml_dl_models\gtsinger_multitech\dataset\raw\Chinese\ZH-Tenor-1\Vibrato\如果爱忘了\Control_Group\0008.wav,Chinese/ZH-Tenor-1/Vibrato/如果爱忘了/Control_Group/0008.wav,Chinese,ZH-Tenor-1,如果爱忘了,Control_Group,0,0,0,0,1,0,1,non_mix,000010,control_negative,0.745737
Chinese#ZH-Tenor-1#Vibrato#如果爱忘了#Control_Group#0009,D:\-MindEcho-main\ml_dl_models\gtsinger_multitech\dataset\raw\Chinese\ZH-Tenor-1\Vibrato\如果爱忘了\Control_Group\0009.wav,Chinese/ZH-Tenor-1/Vibrato/如果爱忘了/Control_Group/0009.wav,Chinese,ZH-Tenor-1,如果爱忘了,Control_Group,0,0,0,0,1,0,1,non_mix,000010,control_negative,0.644522
Chinese#ZH-Tenor-1#Vibrato#如果爱忘了#Control_Group#0010,D:\-MindEcho-main\ml_dl_models\gtsinger_multitech\dataset\raw\Chinese\ZH-Tenor-1\Vibrato\如果爱忘了\Control_Group\0010.wav,Chinese/ZH-Tenor-1/Vibrato/如果爱忘了/Control_Group/0010.wav,Chinese,ZH-Tenor-1,如果爱忘了,Control_Group,0,0,0,0,1,0,1,non_mix,000010,control_negative,0.694221
Chinese#ZH-Tenor-1#Vibrato#如果爱忘了#Control_Group#0011,D:\-MindEcho-main\ml_dl_models\gtsinger_multitech\dataset\raw\Chinese\ZH-Tenor-1\Vibrato\如果爱忘了\Control_Group\0011.wav,Chinese/ZH-Tenor-1/Vibrato/如果爱忘了/Control_Group/0011.wav,Chinese,ZH-Tenor-1,如果爱忘了,Control_Group,0,0,0,0,1,0,1,non_mix,000010,control_negative,0.756160
Chinese#ZH-Tenor-1#Vibrato#如果爱忘了#Control_Group#0013,D:\-MindEcho-main\ml_dl_models\gtsinger_multitech\dataset\raw\Chinese\ZH-Tenor-1\Vibrato\如果爱忘了\Control_Group\0013.wav,Chinese/ZH-Tenor-1/Vibrato/如果爱忘了/Control_Group/0013.wav,Chinese,ZH-Tenor-1,如果爱忘了,Control_Group,0,1,0,0,1,0,1,non_mix,010010,control_negative,0.751543
Chinese#ZH-Tenor-1#Vibrato#如果爱忘了#Control_Group#0014,D:\-MindEcho-main\ml_dl_models\gtsinger_multitech\dataset\raw\Chinese\ZH-Tenor-1\Vibrato\如果爱忘了\Control_Group\0014.wav,Chinese/ZH-Tenor-1/Vibrato/如果爱忘了/Control_Group/0014.wav,Chinese,ZH-Tenor-1,如果爱忘了,Control_Group,0,0,0,0,1,0,1,non_mix,000010,control_negative,0.786921
Chinese#ZH-Tenor-1#Vibrato#如果爱忘了#Control_Group#0016,D:\-MindEcho-main\ml_dl_models\gtsinger_multitech\dataset\raw\Chinese\ZH-Tenor-1\Vibrato\如果爱忘了\Control_Group\0016.wav,Chinese/ZH-Tenor-1/Vibrato/如果爱忘了/Control_Group/0016.wav,Chinese,ZH-Tenor-1,如果爱忘了,Control_Group,0,1,0,0,1,0,1,non_mix,010010,control_negative,0.689577
Chinese#ZH-Tenor-1#Vibrato#如果爱忘了#Control_Group#0017,D:\-MindEcho-main\ml_dl_models\gtsinger_multitech\dataset\raw\Chinese\ZH-Tenor-1\Vibrato\如果爱忘了\Control_Group\0017.wav,Chinese/ZH-Tenor-1/Vibrato/如果爱忘了/Control_Group/0017.wav,Chinese,ZH-Tenor-1,如果爱忘了,Control_Group,0,0,0,0,1,0,1,non_mix,000010,control_negative,0.715014
Chinese#ZH-Tenor-1#Vibrato#如果爱忘了#Control_Group#0020,D:\-MindEcho-main\ml_dl_models\gtsinger_multitech\dataset\raw\Chinese\ZH-Tenor-1\Vibrato\如果爱忘了\Control_Group\0020.wav,Chinese/ZH-Tenor-1/Vibrato/如果爱忘了/Control_Group/0020.wav,Chinese,ZH-Tenor-1,如果爱忘了,Control_Group,0,0,0,1,1,0,1,non_mix,000110,control_negative,0.587343
Chinese#ZH-Tenor-1#Pharyngeal#尘埃#Control_Group#0000,D:\-MindEcho-main\ml_dl_models\gtsinger_multitech\dataset\raw\Chinese\ZH-Tenor-1\Pharyngeal\尘埃\Control_Group\0000.wav,Chinese/ZH-Tenor-1/Pharyngeal/尘埃/Control_Group/0000.wav,Chinese,ZH-Tenor-1,尘埃,Control_Group,1,0,0,1,1,0,1,clear_mix,100110,positive_mix,
Chinese#ZH-Tenor-1#Pharyngeal#尘埃#Control_Group#0001,D:\-MindEcho-main\ml_dl_models\gtsinger_multitech\dataset\raw\Chinese\ZH-Tenor-1\Pharyngeal\尘埃\Control_Group\0001.wav,Chinese/ZH-Tenor-1/Pharyngeal/尘埃/Control_Group/0001.wav,Chinese,ZH-Tenor-1,尘埃,Control_Group,1,0,0,0,1,0,1,clear_mix,100010,positive_mix,
Chinese#ZH-Tenor-1#Pharyngeal#尘埃#Control_Group#0002,D:\-MindEcho-main\ml_dl_models\gtsinger_multitech\dataset\raw\Chinese\ZH-Tenor-1\Pharyngeal\尘埃\Control_Group\0002.wav,Chinese/ZH-Tenor-1/Pharyngeal/尘埃/Control_Group/0002.wav,Chinese,ZH-Tenor-1,尘埃,Control_Group,1,0,0,1,1,0,1,clear_mix,100110,positive_mix,
Chinese#ZH-Tenor-1#Pharyngeal#尘埃#Control_Group#0003,D:\-MindEcho-main\ml_dl_models\gtsinger_multitech\dataset\raw\Chinese\ZH-Tenor-1\Pharyngeal\尘埃\Control_Group\0003.wav,Chinese/ZH-Tenor-1/Pharyngeal/尘埃/Control_Group/0003.wav,Chinese,ZH-Tenor-1,尘埃,Control_Group,1,0,0,1,1,0,1,clear_mix,100110,positive_mix,
Chinese#ZH-Tenor-1#Pharyngeal#尘埃#Control_Group#0004,D:\-MindEcho-main\ml_dl_models\gtsinger_multitech\dataset\raw\Chinese\ZH-Tenor-1\Pharyngeal\尘埃\Control_Group\0004.wav,Chinese/ZH-Tenor-1/Pharyngeal/尘埃/Control_Group/0004.wav,Chinese,ZH-Tenor-1,尘埃,Control_Group,1,0,0,0,1,0,1,clear_mix,100010,positive_mix,
Chinese#ZH-Tenor-1#Pharyngeal#尘埃#Control_Group#0005,D:\-MindEcho-main\ml_dl_models\gtsinger_multitech\dataset\raw\Chinese\ZH-Tenor-1\Pharyngeal\尘埃\Control_Group\0005.wav,Chinese/ZH-Tenor-1/Pharyngeal/尘埃/Control_Group/0005.wav,Chinese,ZH-Tenor-1,尘埃,Control_Group,1,0,0,0,0,0,1,clear_mix,100000,positive_mix,
Chinese#ZH-Tenor-1#Pharyngeal#尘埃#Control_Group#0006,D:\-MindEcho-main\ml_dl_models\gtsinger_multitech\dataset\raw\Chinese\ZH-Tenor-1\Pharyngeal\尘埃\Control_Group\0006.wav,Chinese/ZH-Tenor-1/Pharyngeal/尘埃/Control_Group/0006.wav,Chinese,ZH-Tenor-1,尘埃,Control_Group,1,0,0,0,1,0,1,clear_mix,100010,positive_mix,
Chinese#ZH-Tenor-1#Pharyngeal#尘埃#Control_Group#0007,D:\-MindEcho-main\ml_dl_models\gtsinger_multitech\dataset\raw\Chinese\ZH-Tenor-1\Pharyngeal\尘埃\Control_Group\0007.wav,Chinese/ZH-Tenor-1/Pharyngeal/尘埃/Control_Group/0007.wav,Chinese,ZH-Tenor-1,尘埃,Control_Group,1,0,0,0,1,0,1,clear_mix,100010,positive_mix,
Chinese#ZH-Tenor-1#Pharyngeal#尘埃#Control_Group#0008,D:\-MindEcho-main\ml_dl_models\gtsinger_multitech\dataset\raw\Chinese\ZH-Tenor-1\Pharyngeal\尘埃\Control_Group\0008.wav,Chinese/ZH-Tenor-1/Pharyngeal/尘埃/Control_Group/0008.wav,Chinese,ZH-Tenor-1,尘埃,Control_Group,1,0,0,1,1,0,1,clear_mix,100110,positive_mix,
Chinese#ZH-Tenor-1#Pharyngeal#尘埃#Control_Group#0009,D:\-MindEcho-main\ml_dl_models\gtsinger_multitech\dataset\raw\Chinese\ZH-Tenor-1\Pharyngeal\尘埃\Control_Group\0009.wav,Chinese/ZH-Tenor-1/Pharyngeal/尘埃/Control_Group/0009.wav,Chinese,ZH-Tenor-1,尘埃,Control_Group,1,0,0,0,1,0,1,clear_mix,100010,positive_mix,
Chinese#ZH-Tenor-1#Pharyngeal#尘埃#Control_Group#0010,D:\-MindEcho-main\ml_dl_models\gtsinger_multitech\dataset\raw\Chinese\ZH-Tenor-1\Pharyngeal\尘埃\Control_Group\0010.wav,Chinese/ZH-Tenor-1/Pharyngeal/尘埃/Control_Group/0010.wav,Chinese,ZH-Tenor-1,尘埃,Control_Group,1,0,0,1,1,0,1,clear_mix,100110,positive_mix,
Chinese#ZH-Tenor-1#Pharyngeal#尘埃#Control_Group#0011,D:\-MindEcho-main\ml_dl_models\gtsinger_multitech\dataset\raw\Chinese\ZH-Tenor-1\Pharyngeal\尘埃\Control_Group\0011.wav,Chinese/ZH-Tenor-1/Pharyngeal/尘埃/Control_Group/0011.wav,Chinese,ZH-Tenor-1,尘埃,Control_Group,1,0,0,1,1,0,1,clear_mix,100110,positive_mix,
Chinese#ZH-Tenor-1#Pharyngeal#尘埃#Control_Group#0012,D:\-MindEcho-main\ml_dl_models\gtsinger_multitech\dataset\raw\Chinese\ZH-Tenor-1\Pharyngeal\尘埃\Control_Group\0012.wav,Chinese/ZH-Tenor-1/Pharyngeal/尘埃/Control_Group/0012.wav,Chinese,ZH-Tenor-1,尘埃,Control_Group,1,0,0,0,1,0,1,clear_mix,100010,positive_mix,
Chinese#ZH-Tenor-1#Pharyngeal#尘埃#Control_Group#0013,D:\-MindEcho-main\ml_dl_models\gtsinger_multitech\dataset\raw\Chinese\ZH-Tenor-1\Pharyngeal\尘埃\Control_Group\0013.wav,Chinese/ZH-Tenor-1/Pharyngeal/尘埃/Control_Group/0013.wav,Chinese,ZH-Tenor-1,尘埃,Control_Group,1,0,0,0,1,0,1,clear_mix,100010,positive_mix,
Chinese#ZH-Tenor-1#Pharyngeal#尘埃#Control_Group#0014,D:\-MindEcho-main\ml_dl_models\gtsinger_multitech\dataset\raw\Chinese\ZH-Tenor-1\Pharyngeal\尘埃\Control_Group\0014.wav,Chinese/ZH-Tenor-1/Pharyngeal/尘埃/Control_Group/0014.wav,Chinese,ZH-Tenor-1,尘埃,Control_Group,1,1,0,0,1,0,1,head_mix,110010,positive_mix,
Chinese#ZH-Tenor-1#Pharyngeal#尘埃#Control_Group#0015,D:\-MindEcho-main\ml_dl_models\gtsinger_multitech\dataset\raw\Chinese\ZH-Tenor-1\Pharyngeal\尘埃\Control_Group\0015.wav,Chinese/ZH-Tenor-1/Pharyngeal/尘埃/Control_Group/0015.wav,Chinese,ZH-Tenor-1,尘埃,Control_Group,1,0,0,0,1,0,1,clear_mix,100010,positive_mix,
Chinese#ZH-Tenor-1#Pharyngeal#尘埃#Control_Group#0016,D:\-MindEcho-main\ml_dl_models\gtsinger_multitech\dataset\raw\Chinese\ZH-Tenor-1\Pharyngeal\尘埃\Control_Group\0016.wav,Chinese/ZH-Tenor-1/Pharyngeal/尘埃/Control_Group/0016.wav,Chinese,ZH-Tenor-1,尘埃,Control_Group,1,1,0,1,1,0,1,head_mix,110110,positive_mix,
Chinese#ZH-Tenor-1#Pharyngeal#尘埃#Control_Group#0017,D:\-MindEcho-main\ml_dl_models\gtsinger_multitech\dataset\raw\Chinese\ZH-Tenor-1\Pharyngeal\尘埃\Control_Group\0017.wav,Chinese/ZH-Tenor-1/Pharyngeal/尘埃/Control_Group/0017.wav,Chinese,ZH-Tenor-1,尘埃,Control_Group,1,0,0,0,1,0,1,clear_mix,100010,positive_mix,
Chinese#ZH-Tenor-1#Pharyngeal#尘埃#Control_Group#0019,D:\-MindEcho-main\ml_dl_models\gtsinger_multitech\dataset\raw\Chinese\ZH-Tenor-1\Pharyngeal\尘埃\Control_Group\0019.wav,Chinese/ZH-Tenor-1/Pharyngeal/尘埃/Control_Group/0019.wav,Chinese,ZH-Tenor-1,尘埃,Control_Group,1,0,0,0,1,0,1,clear_mix,100010,positive_mix,
Chinese#ZH-Tenor-1#Mixed_Voice_and_Falsetto#崇拜#Control_Group#0000,D:\-MindEcho-main\ml_dl_models\gtsinger_multitech\dataset\raw\Chinese\ZH-Tenor-1\Mixed_Voice_and_Falsetto\崇拜\Control_Group\0000.wav,Chinese/ZH-Tenor-1/Mixed_Voice_and_Falsetto/崇拜/Control_Group/0000.wav,Chinese,ZH-Tenor-1,崇拜,Control_Group,0,0,0,0,1,0,1,non_mix,000010,control_negative,0.511554
Chinese#ZH-Tenor-1#Mixed_Voice_and_Falsetto#崇拜#Control_Group#0003,D:\-MindEcho-main\ml_dl_models\gtsinger_multitech\dataset\raw\Chinese\ZH-Tenor-1\Mixed_Voice_and_Falsetto\崇拜\Control_Group\0003.wav,Chinese/ZH-Tenor-1/Mixed_Voice_and_Falsetto/崇拜/Control_Group/0003.wav,Chinese,ZH-Tenor-1,崇拜,Control_Group,0,0,0,0,1,0,1,non_mix,000010,control_negative,0.522858
Chinese#ZH-Tenor-1#Mixed_Voice_and_Falsetto#崇拜#Control_Group#0004,D:\-MindEcho-main\ml_dl_models\gtsinger_multitech\dataset\raw\Chinese\ZH-Tenor-1\Mixed_Voice_and_Falsetto\崇拜\Control_Group\0004.wav,Chinese/ZH-Tenor-1/Mixed_Voice_and_Falsetto/崇拜/Control_Group/0004.wav,Chinese,ZH-Tenor-1,崇拜,Control_Group,0,0,0,1,1,0,1,non_mix,000110,control_negative,0.598766
Chinese#ZH-Tenor-1#Mixed_Voice_and_Falsetto#崇拜#Control_Group#0005,D:\-MindEcho-main\ml_dl_models\gtsinger_multitech\dataset\raw\Chinese\ZH-Tenor-1\Mixed_Voice_and_Falsetto\崇拜\Control_Group\0005.wav,Chinese/ZH-Tenor-1/Mixed_Voice_and_Falsetto/崇拜/Control_Group/0005.wav,Chinese,ZH-Tenor-1,崇拜,Control_Group,0,0,0,1,1,0,1,non_mix,000110,control_negative,0.511498
Chinese#ZH-Tenor-1#Mixed_Voice_and_Falsetto#崇拜#Control_Group#0006,D:\-MindEcho-main\ml_dl_models\gtsinger_multitech\dataset\raw\Chinese\ZH-Tenor-1\Mixed_Voice_and_Falsetto\崇拜\Control_Group\0006.wav,Chinese/ZH-Tenor-1/Mixed_Voice_and_Falsetto/崇拜/Control_Group/0006.wav,Chinese,ZH-Tenor-1,崇拜,Control_Group,0,0,0,1,1,0,1,non_mix,000110,control_negative,0.580891
Chinese#ZH-Tenor-1#Mixed_Voice_and_Falsetto#崇拜#Control_Group#0007,D:\-MindEcho-main\ml_dl_models\gtsinger_multitech\dataset\raw\Chinese\ZH-Tenor-1\Mixed_Voice_and_Falsetto\崇拜\Control_Group\0007.wav,Chinese/ZH-Tenor-1/Mixed_Voice_and_Falsetto/崇拜/Control_Group/0007.wav,Chinese,ZH-Tenor-1,崇拜,Control_Group,0,0,0,1,1,0,1,non_mix,000110,control_negative,0.489699
Chinese#ZH-Tenor-1#Mixed_Voice_and_Falsetto#平凡之路#Control_Group#0000,D:\-MindEcho-main\ml_dl_models\gtsinger_multitech\dataset\raw\Chinese\ZH-Tenor-1\Mixed_Voice_and_Falsetto\平凡之路\Control_Group\0000.wav,Chinese/ZH-Tenor-1/Mixed_Voice_and_Falsetto/平凡之路/Control_Group/0000.wav,Chinese,ZH-Tenor-1,平凡之路,Control_Group,0,0,0,0,1,0,1,non_mix,000010,control_negative,0.720174
Chinese#ZH-Tenor-1#Mixed_Voice_and_Falsetto#平凡之路#Control_Group#0001,D:\-MindEcho-main\ml_dl_models\gtsinger_multitech\dataset\raw\Chinese\ZH-Tenor-1\Mixed_Voice_and_Falsetto\平凡之路\Control_Group\0001.wav,Chinese/ZH-Tenor-1/Mixed_Voice_and_Falsetto/平凡之路/Control_Group/0001.wav,Chinese,ZH-Tenor-1,平凡之路,Control_Group,0,0,0,0,1,0,1,non_mix,000010,control_negative,0.736606
Chinese#ZH-Tenor-1#Mixed_Voice_and_Falsetto#平凡之路#Control_Group#0002,D:\-MindEcho-main\ml_dl_models\gtsinger_multitech\dataset\raw\Chinese\ZH-Tenor-1\Mixed_Voice_and_Falsetto\平凡之路\Control_Group\0002.wav,Chinese/ZH-Tenor-1/Mixed_Voice_and_Falsetto/平凡之路/Control_Group/0002.wav,Chinese,ZH-Tenor-1,平凡之路,Control_Group,0,0,0,0,1,0,1,non_mix,000010,control_negative,0.772189
Chinese#ZH-Tenor-1#Mixed_Voice_and_Falsetto#平凡之路#Control_Group#0004,D:\-MindEcho-main\ml_dl_models\gtsinger_multitech\dataset\raw\Chinese\ZH-Tenor-1\Mixed_Voice_and_Falsetto\平凡之路\Control_Group\0004.wav,Chinese/ZH-Tenor-1/Mixed_Voice_and_Falsetto/平凡之路/Control_Group/0004.wav,Chinese,ZH-Tenor-1,平凡之路,Control_Group,0,0,0,0,1,0,1,non_mix,000010,control_negative,0.795081
Chinese#ZH-Tenor-1#Mixed_Voice_and_Falsetto#平凡之路#Control_Group#0005,D:\-MindEcho-main\ml_dl_models\gtsinger_multitech\dataset\raw\Chinese\ZH-Tenor-1\Mixed_Voice_and_Falsetto\平凡之路\Control_Group\0005.wav,Chinese/ZH-Tenor-1/Mixed_Voice_and_Falsetto/平凡之路/Control_Group/0005.wav,Chinese,ZH-Tenor-1,平凡之路,Control_Group,0,0,0,0,1,0,1,non_mix,000010,control_negative,0.865815
Chinese#ZH-Tenor-1#Mixed_Voice_and_Falsetto#平凡之路#Control_Group#0006,D:\-MindEcho-main\ml_dl_models\gtsinger_multitech\dataset\raw\Chinese\ZH-Tenor-1\Mixed_Voice_and_Falsetto\平凡之路\Control_Group\0006.wav,Chinese/ZH-Tenor-1/Mixed_Voice_and_Falsetto/平凡之路/Control_Group/0006.wav,Chinese,ZH-Tenor-1,平凡之路,Control_Group,0,0,0,0,1,0,1,non_mix,000010,control_negative,0.739511
Chinese#ZH-Tenor-1#Mixed_Voice_and_Falsetto#平凡之路#Control_Group#0007,D:\-MindEcho-main\ml_dl_models\gtsinger_multitech\dataset\raw\Chinese\ZH-Tenor-1\Mixed_Voice_and_Falsetto\平凡之路\Control_Group\0007.wav,Chinese/ZH-Tenor-1/Mixed_Voice_and_Falsetto/平凡之路/Control_Group/0007.wav,Chinese,ZH-Tenor-1,平凡之路,Control_Group,0,0,0,0,1,0,1,non_mix,000010,control_negative,0.804825
Chinese#ZH-Tenor-1#Mixed_Voice_and_Falsetto#平凡之路#Control_Group#0008,D:\-MindEcho-main\ml_dl_models\gtsinger_multitech\dataset\raw\Chinese\ZH-Tenor-1\Mixed_Voice_and_Falsetto\平凡之路\Control_Group\0008.wav,Chinese/ZH-Tenor-1/Mixed_Voice_and_Falsetto/平凡之路/Control_Group/0008.wav,Chinese,ZH-Tenor-1,平凡之路,Control_Group,0,0,0,0,1,0,1,non_mix,000010,control_negative,0.675977
Chinese#ZH-Tenor-1#Mixed_Voice_and_Falsetto#平凡之路#Control_Group#0010,D:\-MindEcho-main\ml_dl_models\gtsinger_multitech\dataset\raw\Chinese\ZH-Tenor-1\Mixed_Voice_and_Falsetto\平凡之路\Control_Group\0010.wav,Chinese/ZH-Tenor-1/Mixed_Voice_and_Falsetto/平凡之路/Control_Group/0010.wav,Chinese,ZH-Tenor-1,平凡之路,Control_Group,0,0,0,0,1,0,1,non_mix,000010,control_negative,0.810151
Chinese#ZH-Tenor-1#Mixed_Voice_and_Falsetto#平凡之路#Control_Group#0011,D:\-MindEcho-main\ml_dl_models\gtsinger_multitech\dataset\raw\Chinese\ZH-Tenor-1\Mixed_Voice_and_Falsetto\平凡之路\Control_Group\0011.wav,Chinese/ZH-Tenor-1/Mixed_Voice_and_Falsetto/平凡之路/Control_Group/0011.wav,Chinese,ZH-Tenor-1,平凡之路,Control_Group,0,0,0,0,1,0,1,non_mix,000010,control_negative,0.700090
Chinese#ZH-Tenor-1#Breathy#平凡的一天#Control_Group#0003,D:\-MindEcho-main\ml_dl_models\gtsinger_multitech\dataset\raw\Chinese\ZH-Tenor-1\Breathy\平凡的一天\Control_Group\0003.wav,Chinese/ZH-Tenor-1/Breathy/平凡的一天/Control_Group/0003.wav,Chinese,ZH-Tenor-1,平凡的一天,Control_Group,0,0,0,0,0,0,0,non_mix,000000,control_negative,0.629365
Chinese#ZH-Tenor-1#Breathy#平凡的一天#Control_Group#0006,D:\-MindEcho-main\ml_dl_models\gtsinger_multitech\dataset\raw\Chinese\ZH-Tenor-1\Breathy\平凡的一天\Control_Group\0006.wav,Chinese/ZH-Tenor-1/Breathy/平凡的一天/Control_Group/0006.wav,Chinese,ZH-Tenor-1,平凡的一天,Control_Group,0,0,0,0,0,0,0,non_mix,000000,control_negative,0.622563
Chinese#ZH-Tenor-1#Breathy#平凡的一天#Control_Group#0008,D:\-MindEcho-main\ml_dl_models\gtsinger_multitech\dataset\raw\Chinese\ZH-Tenor-1\Breathy\平凡的一天\Control_Group\0008.wav,Chinese/ZH-Tenor-1/Breathy/平凡的一天/Control_Group/0008.wav,Chinese,ZH-Tenor-1,平凡的一天,Control_Group,0,0,0,0,1,0,1,non_mix,000010,control_negative,0.632851
Chinese#ZH-Tenor-1#Breathy#平凡的一天#Control_Group#0010,D:\-MindEcho-main\ml_dl_models\gtsinger_multitech\dataset\raw\Chinese\ZH-Tenor-1\Breathy\平凡的一天\Control_Group\0010.wav,Chinese/ZH-Tenor-1/Breathy/平凡的一天/Control_Group/0010.wav,Chinese,ZH-Tenor-1,平凡的一天,Control_Group,0,0,0,0,0,0,0,non_mix,000000,control_negative,0.502011
Chinese#ZH-Tenor-1#Breathy#平凡的一天#Control_Group#0012,D:\-MindEcho-main\ml_dl_models\gtsinger_multitech\dataset\raw\Chinese\ZH-Tenor-1\Breathy\平凡的一天\Control_Group\0012.wav,Chinese/ZH-Tenor-1/Breathy/平凡的一天/Control_Group/0012.wav,Chinese,ZH-Tenor-1,平凡的一天,Control_Group,0,0,0,0,1,0,1,non_mix,000010,control_negative,0.812546
Chinese#ZH-Tenor-1#Breathy#平凡的一天#Control_Group#0014,D:\-MindEcho-main\ml_dl_models\gtsinger_multitech\dataset\raw\Chinese\ZH-Tenor-1\Breathy\平凡的一天\Control_Group\0014.wav,Chinese/ZH-Tenor-1/Breathy/平凡的一天/Control_Group/0014.wav,Chinese,ZH-Tenor-1,平凡的一天,Control_Group,0,0,0,0,0,0,0,non_mix,000000,control_negative,0.541915
Chinese#ZH-Tenor-1#Glissando#彩虹#Control_Group#0000,D:\-MindEcho-main\ml_dl_models\gtsinger_multitech\dataset\raw\Chinese\ZH-Tenor-1\Glissando\彩虹\Control_Group\0000.wav,Chinese/ZH-Tenor-1/Glissando/彩虹/Control_Group/0000.wav,Chinese,ZH-Tenor-1,彩虹,Control_Group,0,0,0,0,1,0,1,non_mix,000010,control_negative,0.599162
Chinese#ZH-Tenor-1#Glissando#彩虹#Control_Group#0001,D:\-MindEcho-main\ml_dl_models\gtsinger_multitech\dataset\raw\Chinese\ZH-Tenor-1\Glissando\彩虹\Control_Group\0001.wav,Chinese/ZH-Tenor-1/Glissando/彩虹/Control_Group/0001.wav,Chinese,ZH-Tenor-1,彩虹,Control_Group,0,0,0,0,0,0,0,non_mix,000000,control_negative,0.616045
Chinese#ZH-Tenor-1#Glissando#彩虹#Control_Group#0002,D:\-MindEcho-main\ml_dl_models\gtsinger_multitech\dataset\raw\Chinese\ZH-Tenor-1\Glissando\彩虹\Control_Group\0002.wav,Chinese/ZH-Tenor-1/Glissando/彩虹/Control_Group/0002.wav,Chinese,ZH-Tenor-1,彩虹,Control_Group,0,0,0,0,0,0,0,non_mix,000000,control_negative,0.495644
Chinese#ZH-Tenor-1#Glissando#彩虹#Control_Group#0003,D:\-MindEcho-main\ml_dl_models\gtsinger_multitech\dataset\raw\Chinese\ZH-Tenor-1\Glissando\彩虹\Control_Group\0003.wav,Chinese/ZH-Tenor-1/Glissando/彩虹/Control_Group/0003.wav,Chinese,ZH-Tenor-1,彩虹,Control_Group,0,0,0,0,0,0,0,non_mix,000000,control_negative,0.824466
Chinese#ZH-Tenor-1#Glissando#彩虹#Control_Group#0004,D:\-MindEcho-main\ml_dl_models\gtsinger_multitech\dataset\raw\Chinese\ZH-Tenor-1\Glissando\彩虹\Control_Group\0004.wav,Chinese/ZH-Tenor-1/Glissando/彩虹/Control_Group/0004.wav,Chinese,ZH-Tenor-1,彩虹,Control_Group,0,0,0,0,0,0,0,non_mix,000000,control_negative,0.763857
Chinese#ZH-Tenor-1#Glissando#彩虹#Control_Group#0005,D:\-MindEcho-main\ml_dl_models\gtsinger_multitech\dataset\raw\Chinese\ZH-Tenor-1\Glissando\彩虹\Control_Group\0005.wav,Chinese/ZH-Tenor-1/Glissando/彩虹/Control_Group/0005.wav,Chinese,ZH-Tenor-1,彩虹,Control_Group,0,0,0,0,1,0,1,non_mix,000010,control_negative,0.596735
Chinese#ZH-Tenor-1#Glissando#彩虹#Control_Group#0007,D:\-MindEcho-main\ml_dl_models\gtsinger_multitech\dataset\raw\Chinese\ZH-Tenor-1\Glissando\彩虹\Control_Group\0007.wav,Chinese/ZH-Tenor-1/Glissando/彩虹/Control_Group/0007.wav,Chinese,ZH-Tenor-1,彩虹,Control_Group,0,1,0,0,1,0,1,non_mix,010010,control_negative,0.526477
Chinese#ZH-Tenor-1#Glissando#彩虹#Control_Group#0008,D:\-MindEcho-main\ml_dl_models\gtsinger_multitech\dataset\raw\Chinese\ZH-Tenor-1\Glissando\彩虹\Control_Group\0008.wav,Chinese/ZH-Tenor-1/Glissando/彩虹/Control_Group/0008.wav,Chinese,ZH-Tenor-1,彩虹,Control_Group,0,1,0,0,1,0,1,non_mix,010010,control_negative,0.543441
Chinese#ZH-Tenor-1#Glissando#彩虹#Control_Group#0009,D:\-MindEcho-main\ml_dl_models\gtsinger_multitech\dataset\raw\Chinese\ZH-Tenor-1\Glissando\彩虹\Control_Group\0009.wav,Chinese/ZH-Tenor-1/Glissando/彩虹/Control_Group/0009.wav,Chinese,ZH-Tenor-1,彩虹,Control_Group,0,0,0,0,1,0,1,non_mix,000010,control_negative,0.515826
Chinese#ZH-Tenor-1#Glissando#彩虹#Control_Group#0010,D:\-MindEcho-main\ml_dl_models\gtsinger_multitech\dataset\raw\Chinese\ZH-Tenor-1\Glissando\彩虹\Control_Group\0010.wav,Chinese/ZH-Tenor-1/Glissando/彩虹/Control_Group/0010.wav,Chinese,ZH-Tenor-1,彩虹,Control_Group,0,0,0,0,1,0,1,non_mix,000010,control_negative,0.559858
Chinese#ZH-Tenor-1#Glissando#彩虹#Control_Group#0012,D:\-MindEcho-main\ml_dl_models\gtsinger_multitech\dataset\raw\Chinese\ZH-Tenor-1\Glissando\彩虹\Control_Group\0012.wav,Chinese/ZH-Tenor-1/Glissando/彩虹/Control_Group/0012.wav,Chinese,ZH-Tenor-1,彩虹,Control_Group,0,0,0,0,0,0,0,non_mix,000000,control_negative,0.750658
Chinese#ZH-Tenor-1#Glissando#彩虹#Control_Group#0015,D:\-MindEcho-main\ml_dl_models\gtsinger_multitech\dataset\raw\Chinese\ZH-Tenor-1\Glissando\彩虹\Control_Group\0015.wav,Chinese/ZH-Tenor-1/Glissando/彩虹/Control_Group/0015.wav,Chinese,ZH-Tenor-1,彩虹,Control_Group,0,1,0,0,1,0,1,non_mix,010010,control_negative,0.566448
Chinese#ZH-Tenor-1#Glissando#彩虹#Control_Group#0016,D:\-MindEcho-main\ml_dl_models\gtsinger_multitech\dataset\raw\Chinese\ZH-Tenor-1\Glissando\彩虹\Control_Group\0016.wav,Chinese/ZH-Tenor-1/Glissando/彩虹/Control_Group/0016.wav,Chinese,ZH-Tenor-1,彩虹,Control_Group,0,1,0,0,1,0,1,non_mix,010010,control_negative,0.491597
Chinese#ZH-Tenor-1#Glissando#彩虹#Control_Group#0017,D:\-MindEcho-main\ml_dl_models\gtsinger_multitech\dataset\raw\Chinese\ZH-Tenor-1\Glissando\彩虹\Control_Group\0017.wav,Chinese/ZH-Tenor-1/Glissando/彩虹/Control_Group/0017.wav,Chinese,ZH-Tenor-1,彩虹,Control_Group,0,0,0,0,1,0,1,non_mix,000010,control_negative,0.523604
Chinese#ZH-Tenor-1#Glissando#彩虹#Control_Group#0018,D:\-MindEcho-main\ml_dl_models\gtsinger_multitech\dataset\raw\Chinese\ZH-Tenor-1\Glissando\彩虹\Control_Group\0018.wav,Chinese/ZH-Tenor-1/Glissando/彩虹/Control_Group/0018.wav,Chinese,ZH-Tenor-1,彩虹,Control_Group,0,0,0,0,1,0,1,non_mix,000010,control_negative,0.564549
Chinese#ZH-Tenor-1#Glissando#心动#Control_Group#0001,D:\-MindEcho-main\ml_dl_models\gtsinger_multitech\dataset\raw\Chinese\ZH-Tenor-1\Glissando\心动\Control_Group\0001.wav,Chinese/ZH-Tenor-1/Glissando/心动/Control_Group/0001.wav,Chinese,ZH-Tenor-1,心动,Control_Group,0,0,0,0,1,0,1,non_mix,000010,control_negative,0.611056
Chinese#ZH-Tenor-1#Glissando#心动#Control_Group#0004,D:\-MindEcho-main\ml_dl_models\gtsinger_multitech\dataset\raw\Chinese\ZH-Tenor-1\Glissando\心动\Control_Group\0004.wav,Chinese/ZH-Tenor-1/Glissando/心动/Control_Group/0004.wav,Chinese,ZH-Tenor-1,心动,Control_Group,0,0,0,0,0,0,0,non_mix,000000,control_negative,0.520204
Chinese#ZH-Tenor-1#Glissando#心动#Control_Group#0006,D:\-MindEcho-main\ml_dl_models\gtsinger_multitech\dataset\raw\Chinese\ZH-Tenor-1\Glissando\心动\Control_Group\0006.wav,Chinese/ZH-Tenor-1/Glissando/心动/Control_Group/0006.wav,Chinese,ZH-Tenor-1,心动,Control_Group,0,0,0,0,1,0,1,non_mix,000010,control_negative,0.727408
Chinese#ZH-Tenor-1#Glissando#心动#Control_Group#0009,D:\-MindEcho-main\ml_dl_models\gtsinger_multitech\dataset\raw\Chinese\ZH-Tenor-1\Glissando\心动\Control_Group\0009.wav,Chinese/ZH-Tenor-1/Glissando/心动/Control_Group/0009.wav,Chinese,ZH-Tenor-1,心动,Control_Group,0,0,0,0,0,0,0,non_mix,000000,control_negative,0.559783
Chinese#ZH-Tenor-1#Glissando#心动#Control_Group#0010,D:\-MindEcho-main\ml_dl_models\gtsinger_multitech\dataset\raw\Chinese\ZH-Tenor-1\Glissando\心动\Control_Group\0010.wav,Chinese/ZH-Tenor-1/Glissando/心动/Control_Group/0010.wav,Chinese,ZH-Tenor-1,心动,Control_Group,0,0,0,0,0,0,0,non_mix,000000,control_negative,0.619115
Chinese#ZH-Tenor-1#Vibrato#心动#Control_Group#0003,D:\-MindEcho-main\ml_dl_models\gtsinger_multitech\dataset\raw\Chinese\ZH-Tenor-1\Vibrato\心动\Control_Group\0003.wav,Chinese/ZH-Tenor-1/Vibrato/心动/Control_Group/0003.wav,Chinese,ZH-Tenor-1,心动,Control_Group,0,0,0,0,1,0,1,non_mix,000010,control_negative,0.591603
Chinese#ZH-Tenor-1#Vibrato#心动#Control_Group#0004,D:\-MindEcho-main\ml_dl_models\gtsinger_multitech\dataset\raw\Chinese\ZH-Tenor-1\Vibrato\心动\Control_Group\0004.wav,Chinese/ZH-Tenor-1/Vibrato/心动/Control_Group/0004.wav,Chinese,ZH-Tenor-1,心动,Control_Group,0,0,0,0,1,0,1,non_mix,000010,control_negative,0.537020
Chinese#ZH-Tenor-1#Vibrato#心动#Control_Group#0005,D:\-MindEcho-main\ml_dl_models\gtsinger_multitech\dataset\raw\Chinese\ZH-Tenor-1\Vibrato\心动\Control_Group\0005.wav,Chinese/ZH-Tenor-1/Vibrato/心动/Control_Group/0005.wav,Chinese,ZH-Tenor-1,心动,Control_Group,0,0,0,0,1,0,1,non_mix,000010,control_negative,0.751052
Chinese#ZH-Tenor-1#Vibrato#心动#Control_Group#0007,D:\-MindEcho-main\ml_dl_models\gtsinger_multitech\dataset\raw\Chinese\ZH-Tenor-1\Vibrato\心动\Control_Group\0007.wav,Chinese/ZH-Tenor-1/Vibrato/心动/Control_Group/0007.wav,Chinese,ZH-Tenor-1,心动,Control_Group,0,0,0,0,1,0,1,non_mix,000010,control_negative,0.686028
Chinese#ZH-Tenor-1#Vibrato#心动#Control_Group#0009,D:\-MindEcho-main\ml_dl_models\gtsinger_multitech\dataset\raw\Chinese\ZH-Tenor-1\Vibrato\心动\Control_Group\0009.wav,Chinese/ZH-Tenor-1/Vibrato/心动/Control_Group/0009.wav,Chinese,ZH-Tenor-1,心动,Control_Group,0,0,0,0,1,0,1,non_mix,000010,control_negative,0.571745
Chinese#ZH-Tenor-1#Vibrato#心动#Control_Group#0010,D:\-MindEcho-main\ml_dl_models\gtsinger_multitech\dataset\raw\Chinese\ZH-Tenor-1\Vibrato\心动\Control_Group\0010.wav,Chinese/ZH-Tenor-1/Vibrato/心动/Control_Group/0010.wav,Chinese,ZH-Tenor-1,心动,Control_Group,0,0,0,0,1,0,1,non_mix,000010,control_negative,0.809200
Chinese#ZH-Tenor-1#Mixed_Voice_and_Falsetto#情歌#Control_Group#0000,D:\-MindEcho-main\ml_dl_models\gtsinger_multitech\dataset\raw\Chinese\ZH-Tenor-1\Mixed_Voice_and_Falsetto\情歌\Control_Group\0000.wav,Chinese/ZH-Tenor-1/Mixed_Voice_and_Falsetto/情歌/Control_Group/0000.wav,Chinese,ZH-Tenor-1,情歌,Control_Group,0,0,0,0,1,0,1,non_mix,000010,control_negative,0.586135
Chinese#ZH-Tenor-1#Mixed_Voice_and_Falsetto#情歌#Control_Group#0001,D:\-MindEcho-main\ml_dl_models\gtsinger_multitech\dataset\raw\Chinese\ZH-Tenor-1\Mixed_Voice_and_Falsetto\情歌\Control_Group\0001.wav,Chinese/ZH-Tenor-1/Mixed_Voice_and_Falsetto/情歌/Control_Group/0001.wav,Chinese,ZH-Tenor-1,情歌,Control_Group,0,0,0,0,1,0,1,non_mix,000010,control_negative,0.649581
Chinese#ZH-Tenor-1#Mixed_Voice_and_Falsetto#情歌#Control_Group#0003,D:\-MindEcho-main\ml_dl_models\gtsinger_multitech\dataset\raw\Chinese\ZH-Tenor-1\Mixed_Voice_and_Falsetto\情歌\Control_Group\0003.wav,Chinese/ZH-Tenor-1/Mixed_Voice_and_Falsetto/情歌/Control_Group/0003.wav,Chinese,ZH-Tenor-1,情歌,Control_Group,0,0,0,0,1,0,1,non_mix,000010,control_negative,0.773543
Chinese#ZH-Tenor-1#Mixed_Voice_and_Falsetto#情歌#Control_Group#0004,D:\-MindEcho-main\ml_dl_models\gtsinger_multitech\dataset\raw\Chinese\ZH-Tenor-1\Mixed_Voice_and_Falsetto\情歌\Control_Group\0004.wav,Chinese/ZH-Tenor-1/Mixed_Voice_and_Falsetto/情歌/Control_Group/0004.wav,Chinese,ZH-Tenor-1,情歌,Control_Group,0,0,0,0,1,0,1,non_mix,000010,control_negative,0.746625
Chinese#ZH-Tenor-1#Mixed_Voice_and_Falsetto#情歌#Control_Group#0005,D:\-MindEcho-main\ml_dl_models\gtsinger_multitech\dataset\raw\Chinese\ZH-Tenor-1\Mixed_Voice_and_Falsetto\情歌\Control_Group\0005.wav,Chinese/ZH-Tenor-1/Mixed_Voice_and_Falsetto/情歌/Control_Group/0005.wav,Chinese,ZH-Tenor-1,情歌,Control_Group,0,0,0,0,1,0,1,non_mix,000010,control_negative,0.801282
Chinese#ZH-Tenor-1#Mixed_Voice_and_Falsetto#情歌#Control_Group#0006,D:\-MindEcho-main\ml_dl_models\gtsinger_multitech\dataset\raw\Chinese\ZH-Tenor-1\Mixed_Voice_and_Falsetto\情歌\Control_Group\0006.wav,Chinese/ZH-Tenor-1/Mixed_Voice_and_Falsetto/情歌/Control_Group/0006.wav,Chinese,ZH-Tenor-1,情歌,Control_Group,0,0,0,0,1,0,1,non_mix,000010,control_negative,0.702972
Chinese#ZH-Tenor-1#Mixed_Voice_and_Falsetto#情歌#Control_Group#0008,D:\-MindEcho-main\ml_dl_models\gtsinger_multitech\dataset\raw\Chinese\ZH-Tenor-1\Mixed_Voice_and_Falsetto\情歌\Control_Group\0008.wav,Chinese/ZH-Tenor-1/Mixed_Voice_and_Falsetto/情歌/Control_Group/0008.wav,Chinese,ZH-Tenor-1,情歌,Control_Group,0,0,0,0,1,0,1,non_mix,000010,control_negative,0.808590
Chinese#ZH-Tenor-1#Mixed_Voice_and_Falsetto#情歌#Control_Group#0009,D:\-MindEcho-main\ml_dl_models\gtsinger_multitech\dataset\raw\Chinese\ZH-Tenor-1\Mixed_Voice_and_Falsetto\情歌\Control_Group\0009.wav,Chinese/ZH-Tenor-1/Mixed_Voice_and_Falsetto/情歌/Control_Group/0009.wav,Chinese,ZH-Tenor-1,情歌,Control_Group,0,0,0,0,1,0,1,non_mix,000010,control_negative,0.573200
Chinese#ZH-Tenor-1#Mixed_Voice_and_Falsetto#情歌#Control_Group#0012,D:\-MindEcho-main\ml_dl_models\gtsinger_multitech\dataset\raw\Chinese\ZH-Tenor-1\Mixed_Voice_and_Falsetto\情歌\Control_Group\0012.wav,Chinese/ZH-Tenor-1/Mixed_Voice_and_Falsetto/情歌/Control_Group/0012.wav,Chinese,ZH-Tenor-1,情歌,Control_Group,0,0,0,0,1,0,1,non_mix,000010,control_negative,0.647768
Chinese#ZH-Tenor-1#Mixed_Voice_and_Falsetto#情歌#Control_Group#0013,D:\-MindEcho-main\ml_dl_models\gtsinger_multitech\dataset\raw\Chinese\ZH-Tenor-1\Mixed_Voice_and_Falsetto\情歌\Control_Group\0013.wav,Chinese/ZH-Tenor-1/Mixed_Voice_and_Falsetto/情歌/Control_Group/0013.wav,Chinese,ZH-Tenor-1,情歌,Control_Group,0,0,0,0,1,0,1,non_mix,000010,control_negative,0.742140
Chinese#ZH-Tenor-1#Mixed_Voice_and_Falsetto#情歌#Control_Group#0014,D:\-MindEcho-main\ml_dl_models\gtsinger_multitech\dataset\raw\Chinese\ZH-Tenor-1\Mixed_Voice_and_Falsetto\情歌\Control_Group\0014.wav,Chinese/ZH-Tenor-1/Mixed_Voice_and_Falsetto/情歌/Control_Group/0014.wav,Chinese,ZH-Tenor-1,情歌,Control_Group,0,0,0,0,1,0,1,non_mix,000010,control_negative,0.787625
Chinese#ZH-Tenor-1#Mixed_Voice_and_Falsetto#情歌#Control_Group#0018,D:\-MindEcho-main\ml_dl_models\gtsinger_multitech\dataset\raw\Chinese\ZH-Tenor-1\Mixed_Voice_and_Falsetto\情歌\Control_Group\0018.wav,Chinese/ZH-Tenor-1/Mixed_Voice_and_Falsetto/情歌/Control_Group/0018.wav,Chinese,ZH-Tenor-1,情歌,Control_Group,0,0,0,0,1,0,1,non_mix,000010,control_negative,0.643939
Chinese#ZH-Tenor-1#Mixed_Voice_and_Falsetto#情歌#Control_Group#0020,D:\-MindEcho-main\ml_dl_models\gtsinger_multitech\dataset\raw\Chinese\ZH-Tenor-1\Mixed_Voice_and_Falsetto\情歌\Control_Group\0020.wav,Chinese/ZH-Tenor-1/Mixed_Voice_and_Falsetto/情歌/Control_Group/0020.wav,Chinese,ZH-Tenor-1,情歌,Control_Group,0,0,0,0,1,0,1,non_mix,000010,control_negative,0.524613
Chinese#ZH-Tenor-1#Mixed_Voice_and_Falsetto#情歌#Control_Group#0021,D:\-MindEcho-main\ml_dl_models\gtsinger_multitech\dataset\raw\Chinese\ZH-Tenor-1\Mixed_Voice_and_Falsetto\情歌\Control_Group\0021.wav,Chinese/ZH-Tenor-1/Mixed_Voice_and_Falsetto/情歌/Control_Group/0021.wav,Chinese,ZH-Tenor-1,情歌,Control_Group,0,0,0,0,1,0,1,non_mix,000010,control_negative,0.565815
Chinese#ZH-Tenor-1#Mixed_Voice_and_Falsetto#情歌#Control_Group#0022,D:\-MindEcho-main\ml_dl_models\gtsinger_multitech\dataset\raw\Chinese\ZH-Tenor-1\Mixed_Voice_and_Falsetto\情歌\Control_Group\0022.wav,Chinese/ZH-Tenor-1/Mixed_Voice_and_Falsetto/情歌/Control_Group/0022.wav,Chinese,ZH-Tenor-1,情歌,Control_Group,0,0,0,0,1,0,1,non_mix,000010,control_negative,0.618357
Chinese#ZH-Tenor-1#Mixed_Voice_and_Falsetto#情歌#Control_Group#0023,D:\-MindEcho-main\ml_dl_models\gtsinger_multitech\dataset\raw\Chinese\ZH-Tenor-1\Mixed_Voice_and_Falsetto\情歌\Control_Group\0023.wav,Chinese/ZH-Tenor-1/Mixed_Voice_and_Falsetto/情歌/Control_Group/0023.wav,Chinese,ZH-Tenor-1,情歌,Control_Group,0,0,0,0,1,0,1,non_mix,000010,control_negative,0.759909
Chinese#ZH-Tenor-1#Pharyngeal#情歌#Control_Group#0000,D:\-MindEcho-main\ml_dl_models\gtsinger_multitech\dataset\raw\Chinese\ZH-Tenor-1\Pharyngeal\情歌\Control_Group\0000.wav,Chinese/ZH-Tenor-1/Pharyngeal/情歌/Control_Group/0000.wav,Chinese,ZH-Tenor-1,情歌,Control_Group,1,0,0,1,1,0,1,clear_mix,100110,positive_mix,
Chinese#ZH-Tenor-1#Pharyngeal#情歌#Control_Group#0001,D:\-MindEcho-main\ml_dl_models\gtsinger_multitech\dataset\raw\Chinese\ZH-Tenor-1\Pharyngeal\情歌\Control_Group\0001.wav,Chinese/ZH-Tenor-1/Pharyngeal/情歌/Control_Group/0001.wav,Chinese,ZH-Tenor-1,情歌,Control_Group,1,0,0,0,1,0,1,clear_mix,100010,positive_mix,
Chinese#ZH-Tenor-1#Pharyngeal#情歌#Control_Group#0002,D:\-MindEcho-main\ml_dl_models\gtsinger_multitech\dataset\raw\Chinese\ZH-Tenor-1\Pharyngeal\情歌\Control_Group\0002.wav,Chinese/ZH-Tenor-1/Pharyngeal/情歌/Control_Group/0002.wav,Chinese,ZH-Tenor-1,情歌,Control_Group,1,0,0,0,1,0,1,clear_mix,100010,positive_mix,
Chinese#ZH-Tenor-1#Pharyngeal#情歌#Control_Group#0003,D:\-MindEcho-main\ml_dl_models\gtsinger_multitech\dataset\raw\Chinese\ZH-Tenor-1\Pharyngeal\情歌\Control_Group\0003.wav,Chinese/ZH-Tenor-1/Pharyngeal/情歌/Control_Group/0003.wav,Chinese,ZH-Tenor-1,情歌,Control_Group,1,0,0,0,1,0,1,clear_mix,100010,positive_mix,
Chinese#ZH-Tenor-1#Pharyngeal#情歌#Control_Group#0004,D:\-MindEcho-main\ml_dl_models\gtsinger_multitech\dataset\raw\Chinese\ZH-Tenor-1\Pharyngeal\情歌\Control_Group\0004.wav,Chinese/ZH-Tenor-1/Pharyngeal/情歌/Control_Group/0004.wav,Chinese,ZH-Tenor-1,情歌,Control_Group,1,0,0,0,1,0,1,clear_mix,100010,positive_mix,
Chinese#ZH-Tenor-1#Pharyngeal#情歌#Control_Group#0005,D:\-MindEcho-main\ml_dl_models\gtsinger_multitech\dataset\raw\Chinese\ZH-Tenor-1\Pharyngeal\情歌\Control_Group\0005.wav,Chinese/ZH-Tenor-1/Pharyngeal/情歌/Control_Group/0005.wav,Chinese,ZH-Tenor-1,情歌,Control_Group,1,0,0,1,1,0,1,clear_mix,100110,positive_mix,
Chinese#ZH-Tenor-1#Pharyngeal#情歌#Control_Group#0006,D:\-MindEcho-main\ml_dl_models\gtsinger_multitech\dataset\raw\Chinese\ZH-Tenor-1\Pharyngeal\情歌\Control_Group\0006.wav,Chinese/ZH-Tenor-1/Pharyngeal/情歌/Control_Group/0006.wav,Chinese,ZH-Tenor-1,情歌,Control_Group,1,0,0,1,1,0,1,clear_mix,100110,positive_mix,
Chinese#ZH-Tenor-1#Pharyngeal#情歌#Control_Group#0008,D:\-MindEcho-main\ml_dl_models\gtsinger_multitech\dataset\raw\Chinese\ZH-Tenor-1\Pharyngeal\情歌\Control_Group\0008.wav,Chinese/ZH-Tenor-1/Pharyngeal/情歌/Control_Group/0008.wav,Chinese,ZH-Tenor-1,情歌,Control_Group,1,0,0,0,0,0,1,clear_mix,100000,positive_mix,
Chinese#ZH-Tenor-1#Pharyngeal#情歌#Control_Group#0009,D:\-MindEcho-main\ml_dl_models\gtsinger_multitech\dataset\raw\Chinese\ZH-Tenor-1\Pharyngeal\情歌\Control_Group\0009.wav,Chinese/ZH-Tenor-1/Pharyngeal/情歌/Control_Group/0009.wav,Chinese,ZH-Tenor-1,情歌,Control_Group,1,0,0,1,1,0,1,clear_mix,100110,positive_mix,
Chinese#ZH-Tenor-1#Pharyngeal#情歌#Control_Group#0011,D:\-MindEcho-main\ml_dl_models\gtsinger_multitech\dataset\raw\Chinese\ZH-Tenor-1\Pharyngeal\情歌\Control_Group\0011.wav,Chinese/ZH-Tenor-1/Pharyngeal/情歌/Control_Group/0011.wav,Chinese,ZH-Tenor-1,情歌,Control_Group,1,0,0,0,1,0,1,clear_mix,100010,positive_mix,
Chinese#ZH-Tenor-1#Pharyngeal#情歌#Control_Group#0013,D:\-MindEcho-main\ml_dl_models\gtsinger_multitech\dataset\raw\Chinese\ZH-Tenor-1\Pharyngeal\情歌\Control_Group\0013.wav,Chinese/ZH-Tenor-1/Pharyngeal/情歌/Control_Group/0013.wav,Chinese,ZH-Tenor-1,情歌,Control_Group,1,0,0,1,1,0,1,clear_mix,100110,positive_mix,
Chinese#ZH-Tenor-1#Pharyngeal#情歌#Control_Group#0014,D:\-MindEcho-main\ml_dl_models\gtsinger_multitech\dataset\raw\Chinese\ZH-Tenor-1\Pharyngeal\情歌\Control_Group\0014.wav,Chinese/ZH-Tenor-1/Pharyngeal/情歌/Control_Group/0014.wav,Chinese,ZH-Tenor-1,情歌,Control_Group,1,0,0,1,1,0,1,clear_mix,100110,positive_mix,
Chinese#ZH-Tenor-1#Mixed_Voice_and_Falsetto#想自由#Control_Group#0001,D:\-MindEcho-main\ml_dl_models\gtsinger_multitech\dataset\raw\Chinese\ZH-Tenor-1\Mixed_Voice_and_Falsetto\想自由\Control_Group\0001.wav,Chinese/ZH-Tenor-1/Mixed_Voice_and_Falsetto/想自由/Control_Group/0001.wav,Chinese,ZH-Tenor-1,想自由,Control_Group,0,0,0,0,1,0,1,non_mix,000010,control_negative,0.564091
Chinese#ZH-Tenor-1#Mixed_Voice_and_Falsetto#想自由#Control_Group#0002,D:\-MindEcho-main\ml_dl_models\gtsinger_multitech\dataset\raw\Chinese\ZH-Tenor-1\Mixed_Voice_and_Falsetto\想自由\Control_Group\0002.wav,Chinese/ZH-Tenor-1/Mixed_Voice_and_Falsetto/想自由/Control_Group/0002.wav,Chinese,ZH-Tenor-1,想自由,Control_Group,0,0,0,0,1,0,1,non_mix,000010,control_negative,0.777328
Chinese#ZH-Tenor-1#Mixed_Voice_and_Falsetto#想自由#Control_Group#0003,D:\-MindEcho-main\ml_dl_models\gtsinger_multitech\dataset\raw\Chinese\ZH-Tenor-1\Mixed_Voice_and_Falsetto\想自由\Control_Group\0003.wav,Chinese/ZH-Tenor-1/Mixed_Voice_and_Falsetto/想自由/Control_Group/0003.wav,Chinese,ZH-Tenor-1,想自由,Control_Group,0,0,0,0,1,0,1,non_mix,000010,control_negative,0.476432
Chinese#ZH-Tenor-1#Mixed_Voice_and_Falsetto#想自由#Control_Group#0005,D:\-MindEcho-main\ml_dl_models\gtsinger_multitech\dataset\raw\Chinese\ZH-Tenor-1\Mixed_Voice_and_Falsetto\想自由\Control_Group\0005.wav,Chinese/ZH-Tenor-1/Mixed_Voice_and_Falsetto/想自由/Control_Group/0005.wav,Chinese,ZH-Tenor-1,想自由,Control_Group,0,0,0,0,1,0,1,non_mix,000010,control_negative,0.671301
Chinese#ZH-Tenor-1#Mixed_Voice_and_Falsetto#想自由#Control_Group#0007,D:\-MindEcho-main\ml_dl_models\gtsinger_multitech\dataset\raw\Chinese\ZH-Tenor-1\Mixed_Voice_and_Falsetto\想自由\Control_Group\0007.wav,Chinese/ZH-Tenor-1/Mixed_Voice_and_Falsetto/想自由/Control_Group/0007.wav,Chinese,ZH-Tenor-1,想自由,Control_Group,0,0,0,0,1,0,1,non_mix,000010,control_negative,0.706596
Chinese#ZH-Tenor-1#Mixed_Voice_and_Falsetto#想自由#Control_Group#0008,D:\-MindEcho-main\ml_dl_models\gtsinger_multitech\dataset\raw\Chinese\ZH-Tenor-1\Mixed_Voice_and_Falsetto\想自由\Control_Group\0008.wav,Chinese/ZH-Tenor-1/Mixed_Voice_and_Falsetto/想自由/Control_Group/0008.wav,Chinese,ZH-Tenor-1,想自由,Control_Group,0,0,0,0,1,0,1,non_mix,000010,control_negative,0.702776
Chinese#ZH-Tenor-1#Mixed_Voice_and_Falsetto#想自由#Control_Group#0010,D:\-MindEcho-main\ml_dl_models\gtsinger_multitech\dataset\raw\Chinese\ZH-Tenor-1\Mixed_Voice_and_Falsetto\想自由\Control_Group\0010.wav,Chinese/ZH-Tenor-1/Mixed_Voice_and_Falsetto/想自由/Control_Group/0010.wav,Chinese,ZH-Tenor-1,想自由,Control_Group,0,0,0,0,1,0,1,non_mix,000010,control_negative,0.623757
Chinese#ZH-Tenor-1#Mixed_Voice_and_Falsetto#想自由#Control_Group#0011,D:\-MindEcho-main\ml_dl_models\gtsinger_multitech\dataset\raw\Chinese\ZH-Tenor-1\Mixed_Voice_and_Falsetto\想自由\Control_Group\0011.wav,Chinese/ZH-Tenor-1/Mixed_Voice_and_Falsetto/想自由/Control_Group/0011.wav,Chinese,ZH-Tenor-1,想自由,Control_Group,0,0,0,0,1,0,1,non_mix,000010,control_negative,0.640445
Chinese#ZH-Tenor-1#Mixed_Voice_and_Falsetto#想自由#Control_Group#0014,D:\-MindEcho-main\ml_dl_models\gtsinger_multitech\dataset\raw\Chinese\ZH-Tenor-1\Mixed_Voice_and_Falsetto\想自由\Control_Group\0014.wav,Chinese/ZH-Tenor-1/Mixed_Voice_and_Falsetto/想自由/Control_Group/0014.wav,Chinese,ZH-Tenor-1,想自由,Control_Group,0,0,0,0,1,0,1,non_mix,000010,control_negative,0.781853
Chinese#ZH-Tenor-1#Mixed_Voice_and_Falsetto#想自由#Control_Group#0015,D:\-MindEcho-main\ml_dl_models\gtsinger_multitech\dataset\raw\Chinese\ZH-Tenor-1\Mixed_Voice_and_Falsetto\想自由\Control_Group\0015.wav,Chinese/ZH-Tenor-1/Mixed_Voice_and_Falsetto/想自由/Control_Group/0015.wav,Chinese,ZH-Tenor-1,想自由,Control_Group,0,0,0,0,1,0,1,non_mix,000010,control_negative,0.670657
Chinese#ZH-Tenor-1#Mixed_Voice_and_Falsetto#想自由#Control_Group#0016,D:\-MindEcho-main\ml_dl_models\gtsinger_multitech\dataset\raw\Chinese\ZH-Tenor-1\Mixed_Voice_and_Falsetto\想自由\Control_Group\0016.wav,Chinese/ZH-Tenor-1/Mixed_Voice_and_Falsetto/想自由/Control_Group/0016.wav,Chinese,ZH-Tenor-1,想自由,Control_Group,0,0,0,0,1,0,1,non_mix,000010,control_negative,0.774031
Chinese#ZH-Tenor-1#Mixed_Voice_and_Falsetto#想自由#Control_Group#0017,D:\-MindEcho-main\ml_dl_models\gtsinger_multitech\dataset\raw\Chinese\ZH-Tenor-1\Mixed_Voice_and_Falsetto\想自由\Control_Group\0017.wav,Chinese/ZH-Tenor-1/Mixed_Voice_and_Falsetto/想自由/Control_Group/0017.wav,Chinese,ZH-Tenor-1,想自由,Control_Group,0,0,0,0,1,0,1,non_mix,000010,control_negative,0.774753
Chinese#ZH-Tenor-1#Breathy#慢慢喜欢你#Control_Group#0000,D:\-MindEcho-main\ml_dl_models\gtsinger_multitech\dataset\raw\Chinese\ZH-Tenor-1\Breathy\慢慢喜欢你\Control_Group\0000.wav,Chinese/ZH-Tenor-1/Breathy/慢慢喜欢你/Control_Group/0000.wav,Chinese,ZH-Tenor-1,慢慢喜欢你,Control_Group,0,0,0,0,1,0,1,non_mix,000010,control_negative,0.664527
Chinese#ZH-Tenor-1#Breathy#慢慢喜欢你#Control_Group#0001,D:\-MindEcho-main\ml_dl_models\gtsinger_multitech\dataset\raw\Chinese\ZH-Tenor-1\Breathy\慢慢喜欢你\Control_Group\0001.wav,Chinese/ZH-Tenor-1/Breathy/慢慢喜欢你/Control_Group/0001.wav,Chinese,ZH-Tenor-1,慢慢喜欢你,Control_Group,0,0,0,0,1,0,1,non_mix,000010,control_negative,0.674635
Chinese#ZH-Tenor-1#Breathy#慢慢喜欢你#Control_Group#0002,D:\-MindEcho-main\ml_dl_models\gtsinger_multitech\dataset\raw\Chinese\ZH-Tenor-1\Breathy\慢慢喜欢你\Control_Group\0002.wav,Chinese/ZH-Tenor-1/Breathy/慢慢喜欢你/Control_Group/0002.wav,Chinese,ZH-Tenor-1,慢慢喜欢你,Control_Group,0,0,0,0,1,0,1,non_mix,000010,control_negative,0.707588
Chinese#ZH-Tenor-1#Breathy#慢慢喜欢你#Control_Group#0005,D:\-MindEcho-main\ml_dl_models\gtsinger_multitech\dataset\raw\Chinese\ZH-Tenor-1\Breathy\慢慢喜欢你\Control_Group\0005.wav,Chinese/ZH-Tenor-1/Breathy/慢慢喜欢你/Control_Group/0005.wav,Chinese,ZH-Tenor-1,慢慢喜欢你,Control_Group,0,0,0,0,1,0,1,non_mix,000010,control_negative,0.667612
Chinese#ZH-Tenor-1#Breathy#慢慢喜欢你#Control_Group#0006,D:\-MindEcho-main\ml_dl_models\gtsinger_multitech\dataset\raw\Chinese\ZH-Tenor-1\Breathy\慢慢喜欢你\Control_Group\0006.wav,Chinese/ZH-Tenor-1/Breathy/慢慢喜欢你/Control_Group/0006.wav,Chinese,ZH-Tenor-1,慢慢喜欢你,Control_Group,0,0,0,0,1,0,1,non_mix,000010,control_negative,0.574572
Chinese#ZH-Tenor-1#Breathy#慢慢喜欢你#Control_Group#0007,D:\-MindEcho-main\ml_dl_models\gtsinger_multitech\dataset\raw\Chinese\ZH-Tenor-1\Breathy\慢慢喜欢你\Control_Group\0007.wav,Chinese/ZH-Tenor-1/Breathy/慢慢喜欢你/Control_Group/0007.wav,Chinese,ZH-Tenor-1,慢慢喜欢你,Control_Group,0,0,0,0,1,0,1,non_mix,000010,control_negative,0.711769
Chinese#ZH-Tenor-1#Breathy#慢慢喜欢你#Control_Group#0008,D:\-MindEcho-main\ml_dl_models\gtsinger_multitech\dataset\raw\Chinese\ZH-Tenor-1\Breathy\慢慢喜欢你\Control_Group\0008.wav,Chinese/ZH-Tenor-1/Breathy/慢慢喜欢你/Control_Group/0008.wav,Chinese,ZH-Tenor-1,慢慢喜欢你,Control_Group,0,0,0,0,1,0,1,non_mix,000010,control_negative,0.773876
Chinese#ZH-Tenor-1#Breathy#慢慢喜欢你#Control_Group#0009,D:\-MindEcho-main\ml_dl_models\gtsinger_multitech\dataset\raw\Chinese\ZH-Tenor-1\Breathy\慢慢喜欢你\Control_Group\0009.wav,Chinese/ZH-Tenor-1/Breathy/慢慢喜欢你/Control_Group/0009.wav,Chinese,ZH-Tenor-1,慢慢喜欢你,Control_Group,0,0,0,0,1,0,1,non_mix,000010,control_negative,0.704398
Chinese#ZH-Tenor-1#Breathy#慢慢喜欢你#Control_Group#0011,D:\-MindEcho-main\ml_dl_models\gtsinger_multitech\dataset\raw\Chinese\ZH-Tenor-1\Breathy\慢慢喜欢你\Control_Group\0011.wav,Chinese/ZH-Tenor-1/Breathy/慢慢喜欢你/Control_Group/0011.wav,Chinese,ZH-Tenor-1,慢慢喜欢你,Control_Group,0,0,0,0,1,0,1,non_mix,000010,control_negative,0.565561
Chinese#ZH-Tenor-1#Breathy#慢慢喜欢你#Control_Group#0012,D:\-MindEcho-main\ml_dl_models\gtsinger_multitech\dataset\raw\Chinese\ZH-Tenor-1\Breathy\慢慢喜欢你\Control_Group\0012.wav,Chinese/ZH-Tenor-1/Breathy/慢慢喜欢你/Control_Group/0012.wav,Chinese,ZH-Tenor-1,慢慢喜欢你,Control_Group,0,0,0,0,1,0,1,non_mix,000010,control_negative,0.724865
Chinese#ZH-Tenor-1#Breathy#慢慢喜欢你#Control_Group#0013,D:\-MindEcho-main\ml_dl_models\gtsinger_multitech\dataset\raw\Chinese\ZH-Tenor-1\Breathy\慢慢喜欢你\Control_Group\0013.wav,Chinese/ZH-Tenor-1/Breathy/慢慢喜欢你/Control_Group/0013.wav,Chinese,ZH-Tenor-1,慢慢喜欢你,Control_Group,0,0,0,0,1,0,1,non_mix,000010,control_negative,0.680315
Chinese#ZH-Tenor-1#Breathy#慢慢喜欢你#Control_Group#0014,D:\-MindEcho-main\ml_dl_models\gtsinger_multitech\dataset\raw\Chinese\ZH-Tenor-1\Breathy\慢慢喜欢你\Control_Group\0014.wav,Chinese/ZH-Tenor-1/Breathy/慢慢喜欢你/Control_Group/0014.wav,Chinese,ZH-Tenor-1,慢慢喜欢你,Control_Group,0,0,0,0,1,0,1,non_mix,000010,control_negative,0.622622
Chinese#ZH-Tenor-1#Breathy#慢慢喜欢你#Control_Group#0015,D:\-MindEcho-main\ml_dl_models\gtsinger_multitech\dataset\raw\Chinese\ZH-Tenor-1\Breathy\慢慢喜欢你\Control_Group\0015.wav,Chinese/ZH-Tenor-1/Breathy/慢慢喜欢你/Control_Group/0015.wav,Chinese,ZH-Tenor-1,慢慢喜欢你,Control_Group,0,0,0,0,1,0,1,non_mix,000010,control_negative,0.715656
Chinese#ZH-Tenor-1#Breathy#慢慢喜欢你#Control_Group#0016,D:\-MindEcho-main\ml_dl_models\gtsinger_multitech\dataset\raw\Chinese\ZH-Tenor-1\Breathy\慢慢喜欢你\Control_Group\0016.wav,Chinese/ZH-Tenor-1/Breathy/慢慢喜欢你/Control_Group/0016.wav,Chinese,ZH-Tenor-1,慢慢喜欢你,Control_Group,0,0,0,0,1,0,1,non_mix,000010,control_negative,0.824675
Chinese#ZH-Tenor-1#Breathy#慢慢喜欢你#Control_Group#0017,D:\-MindEcho-main\ml_dl_models\gtsinger_multitech\dataset\raw\Chinese\ZH-Tenor-1\Breathy\慢慢喜欢你\Control_Group\0017.wav,Chinese/ZH-Tenor-1/Breathy/慢慢喜欢你/Control_Group/0017.wav,Chinese,ZH-Tenor-1,慢慢喜欢你,Control_Group,0,0,0,0,1,0,1,non_mix,000010,control_negative,0.768448
Chinese#ZH-Tenor-1#Breathy#慢慢喜欢你#Control_Group#0018,D:\-MindEcho-main\ml_dl_models\gtsinger_multitech\dataset\raw\Chinese\ZH-Tenor-1\Breathy\慢慢喜欢你\Control_Group\0018.wav,Chinese/ZH-Tenor-1/Breathy/慢慢喜欢你/Control_Group/0018.wav,Chinese,ZH-Tenor-1,慢慢喜欢你,Control_Group,0,0,0,0,1,0,1,non_mix,000010,control_negative,0.774281
Chinese#ZH-Tenor-1#Breathy#慢慢喜欢你#Control_Group#0019,D:\-MindEcho-main\ml_dl_models\gtsinger_multitech\dataset\raw\Chinese\ZH-Tenor-1\Breathy\慢慢喜欢你\Control_Group\0019.wav,Chinese/ZH-Tenor-1/Breathy/慢慢喜欢你/Control_Group/0019.wav,Chinese,ZH-Tenor-1,慢慢喜欢你,Control_Group,0,0,0,0,1,0,1,non_mix,000010,control_negative,0.699727
Chinese#ZH-Tenor-1#Glissando#我只在乎你#Control_Group#0001,D:\-MindEcho-main\ml_dl_models\gtsinger_multitech\dataset\raw\Chinese\ZH-Tenor-1\Glissando\我只在乎你\Control_Group\0001.wav,Chinese/ZH-Tenor-1/Glissando/我只在乎你/Control_Group/0001.wav,Chinese,ZH-Tenor-1,我只在乎你,Control_Group,0,0,0,0,1,0,1,non_mix,000010,control_negative,0.514931
Chinese#ZH-Tenor-1#Glissando#我只在乎你#Control_Group#0002,D:\-MindEcho-main\ml_dl_models\gtsinger_multitech\dataset\raw\Chinese\ZH-Tenor-1\Glissando\我只在乎你\Control_Group\0002.wav,Chinese/ZH-Tenor-1/Glissando/我只在乎你/Control_Group/0002.wav,Chinese,ZH-Tenor-1,我只在乎你,Control_Group,0,0,0,0,1,0,1,non_mix,000010,control_negative,0.512047
Chinese#ZH-Tenor-1#Glissando#我只在乎你#Control_Group#0003,D:\-MindEcho-main\ml_dl_models\gtsinger_multitech\dataset\raw\Chinese\ZH-Tenor-1\Glissando\我只在乎你\Control_Group\0003.wav,Chinese/ZH-Tenor-1/Glissando/我只在乎你/Control_Group/0003.wav,Chinese,ZH-Tenor-1,我只在乎你,Control_Group,0,0,0,0,1,0,1,non_mix,000010,control_negative,0.611821
Chinese#ZH-Tenor-1#Glissando#我只在乎你#Control_Group#0004,D:\-MindEcho-main\ml_dl_models\gtsinger_multitech\dataset\raw\Chinese\ZH-Tenor-1\Glissando\我只在乎你\Control_Group\0004.wav,Chinese/ZH-Tenor-1/Glissando/我只在乎你/Control_Group/0004.wav,Chinese,ZH-Tenor-1,我只在乎你,Control_Group,0,0,0,0,0,0,0,non_mix,000000,control_negative,0.639873
Chinese#ZH-Tenor-1#Glissando#我只在乎你#Control_Group#0006,D:\-MindEcho-main\ml_dl_models\gtsinger_multitech\dataset\raw\Chinese\ZH-Tenor-1\Glissando\我只在乎你\Control_Group\0006.wav,Chinese/ZH-Tenor-1/Glissando/我只在乎你/Control_Group/0006.wav,Chinese,ZH-Tenor-1,我只在乎你,Control_Group,0,0,0,0,1,0,1,non_mix,000010,control_negative,0.634793
Chinese#ZH-Tenor-1#Glissando#我只在乎你#Control_Group#0008,D:\-MindEcho-main\ml_dl_models\gtsinger_multitech\dataset\raw\Chinese\ZH-Tenor-1\Glissando\我只在乎你\Control_Group\0008.wav,Chinese/ZH-Tenor-1/Glissando/我只在乎你/Control_Group/0008.wav,Chinese,ZH-Tenor-1,我只在乎你,Control_Group,0,0,0,0,1,0,1,non_mix,000010,control_negative,0.674011
Chinese#ZH-Tenor-1#Glissando#我只在乎你#Control_Group#0009,D:\-MindEcho-main\ml_dl_models\gtsinger_multitech\dataset\raw\Chinese\ZH-Tenor-1\Glissando\我只在乎你\Control_Group\0009.wav,Chinese/ZH-Tenor-1/Glissando/我只在乎你/Control_Group/0009.wav,Chinese,ZH-Tenor-1,我只在乎你,Control_Group,0,0,0,0,1,0,1,non_mix,000010,control_negative,0.646830
Chinese#ZH-Tenor-1#Glissando#我只在乎你#Control_Group#0011,D:\-MindEcho-main\ml_dl_models\gtsinger_multitech\dataset\raw\Chinese\ZH-Tenor-1\Glissando\我只在乎你\Control_Group\0011.wav,Chinese/ZH-Tenor-1/Glissando/我只在乎你/Control_Group/0011.wav,Chinese,ZH-Tenor-1,我只在乎你,Control_Group,0,0,0,0,1,0,1,non_mix,000010,control_negative,0.577672
Chinese#ZH-Tenor-1#Glissando#我只在乎你#Control_Group#0012,D:\-MindEcho-main\ml_dl_models\gtsinger_multitech\dataset\raw\Chinese\ZH-Tenor-1\Glissando\我只在乎你\Control_Group\0012.wav,Chinese/ZH-Tenor-1/Glissando/我只在乎你/Control_Group/0012.wav,Chinese,ZH-Tenor-1,我只在乎你,Control_Group,0,0,0,0,0,0,0,non_mix,000000,control_negative,0.477964
Chinese#ZH-Tenor-1#Glissando#我只在乎你#Control_Group#0013,D:\-MindEcho-main\ml_dl_models\gtsinger_multitech\dataset\raw\Chinese\ZH-Tenor-1\Glissando\我只在乎你\Control_Group\0013.wav,Chinese/ZH-Tenor-1/Glissando/我只在乎你/Control_Group/0013.wav,Chinese,ZH-Tenor-1,我只在乎你,Control_Group,0,0,0,0,0,0,0,non_mix,000000,control_negative,0.716888
Chinese#ZH-Tenor-1#Glissando#我只在乎你#Control_Group#0017,D:\-MindEcho-main\ml_dl_models\gtsinger_multitech\dataset\raw\Chinese\ZH-Tenor-1\Glissando\我只在乎你\Control_Group\0017.wav,Chinese/ZH-Tenor-1/Glissando/我只在乎你/Control_Group/0017.wav,Chinese,ZH-Tenor-1,我只在乎你,Control_Group,0,0,0,0,0,0,0,non_mix,000000,control_negative,0.709978
Chinese#ZH-Tenor-1#Glissando#我只在乎你#Control_Group#0018,D:\-MindEcho-main\ml_dl_models\gtsinger_multitech\dataset\raw\Chinese\ZH-Tenor-1\Glissando\我只在乎你\Control_Group\0018.wav,Chinese/ZH-Tenor-1/Glissando/我只在乎你/Control_Group/0018.wav,Chinese,ZH-Tenor-1,我只在乎你,Control_Group,0,0,0,0,1,0,1,non_mix,000010,control_negative,0.661816
Chinese#ZH-Tenor-1#Glissando#我只在乎你#Control_Group#0019,D:\-MindEcho-main\ml_dl_models\gtsinger_multitech\dataset\raw\Chinese\ZH-Tenor-1\Glissando\我只在乎你\Control_Group\0019.wav,Chinese/ZH-Tenor-1/Glissando/我只在乎你/Control_Group/0019.wav,Chinese,ZH-Tenor-1,我只在乎你,Control_Group,0,0,0,0,1,0,1,non_mix,000010,control_negative,0.653781
Chinese#ZH-Tenor-1#Glissando#我只在乎你#Control_Group#0020,D:\-MindEcho-main\ml_dl_models\gtsinger_multitech\dataset\raw\Chinese\ZH-Tenor-1\Glissando\我只在乎你\Control_Group\0020.wav,Chinese/ZH-Tenor-1/Glissando/我只在乎你/Control_Group/0020.wav,Chinese,ZH-Tenor-1,我只在乎你,Control_Group,0,0,0,0,0,0,0,non_mix,000000,control_negative,0.585698
Chinese#ZH-Tenor-1#Glissando#我只在乎你#Control_Group#0022,D:\-MindEcho-main\ml_dl_models\gtsinger_multitech\dataset\raw\Chinese\ZH-Tenor-1\Glissando\我只在乎你\Control_Group\0022.wav,Chinese/ZH-Tenor-1/Glissando/我只在乎你/Control_Group/0022.wav,Chinese,ZH-Tenor-1,我只在乎你,Control_Group,0,0,0,0,0,0,0,non_mix,000000,control_negative,0.705485
Chinese#ZH-Tenor-1#Glissando#我只在乎你#Control_Group#0024,D:\-MindEcho-main\ml_dl_models\gtsinger_multitech\dataset\raw\Chinese\ZH-Tenor-1\Glissando\我只在乎你\Control_Group\0024.wav,Chinese/ZH-Tenor-1/Glissando/我只在乎你/Control_Group/0024.wav,Chinese,ZH-Tenor-1,我只在乎你,Control_Group,0,0,0,0,1,0,1,non_mix,000010,control_negative,0.574018
Chinese#ZH-Tenor-1#Glissando#我只在乎你#Control_Group#0025,D:\-MindEcho-main\ml_dl_models\gtsinger_multitech\dataset\raw\Chinese\ZH-Tenor-1\Glissando\我只在乎你\Control_Group\0025.wav,Chinese/ZH-Tenor-1/Glissando/我只在乎你/Control_Group/0025.wav,Chinese,ZH-Tenor-1,我只在乎你,Control_Group,0,0,0,0,1,0,1,non_mix,000010,control_negative,0.596779
Chinese#ZH-Tenor-1#Vibrato#我只在乎你#Control_Group#0000,D:\-MindEcho-main\ml_dl_models\gtsinger_multitech\dataset\raw\Chinese\ZH-Tenor-1\Vibrato\我只在乎你\Control_Group\0000.wav,Chinese/ZH-Tenor-1/Vibrato/我只在乎你/Control_Group/0000.wav,Chinese,ZH-Tenor-1,我只在乎你,Control_Group,0,0,0,0,1,0,1,non_mix,000010,control_negative,0.514324
Chinese#ZH-Tenor-1#Vibrato#我只在乎你#Control_Group#0001,D:\-MindEcho-main\ml_dl_models\gtsinger_multitech\dataset\raw\Chinese\ZH-Tenor-1\Vibrato\我只在乎你\Control_Group\0001.wav,Chinese/ZH-Tenor-1/Vibrato/我只在乎你/Control_Group/0001.wav,Chinese,ZH-Tenor-1,我只在乎你,Control_Group,0,0,0,0,1,0,1,non_mix,000010,control_negative,0.510341
Chinese#ZH-Tenor-1#Vibrato#我只在乎你#Control_Group#0005,D:\-MindEcho-main\ml_dl_models\gtsinger_multitech\dataset\raw\Chinese\ZH-Tenor-1\Vibrato\我只在乎你\Control_Group\0005.wav,Chinese/ZH-Tenor-1/Vibrato/我只在乎你/Control_Group/0005.wav,Chinese,ZH-Tenor-1,我只在乎你,Control_Group,0,0,0,0,1,0,1,non_mix,000010,control_negative,0.694769
Chinese#ZH-Tenor-1#Vibrato#我只在乎你#Control_Group#0006,D:\-MindEcho-main\ml_dl_models\gtsinger_multitech\dataset\raw\Chinese\ZH-Tenor-1\Vibrato\我只在乎你\Control_Group\0006.wav,Chinese/ZH-Tenor-1/Vibrato/我只在乎你/Control_Group/0006.wav,Chinese,ZH-Tenor-1,我只在乎你,Control_Group,0,0,0,0,1,0,1,non_mix,000010,control_negative,0.736403
Chinese#ZH-Tenor-1#Vibrato#我只在乎你#Control_Group#0007,D:\-MindEcho-main\ml_dl_models\gtsinger_multitech\dataset\raw\Chinese\ZH-Tenor-1\Vibrato\我只在乎你\Control_Group\0007.wav,Chinese/ZH-Tenor-1/Vibrato/我只在乎你/Control_Group/0007.wav,Chinese,ZH-Tenor-1,我只在乎你,Control_Group,0,0,0,0,1,0,1,non_mix,000010,control_negative,0.681353
Chinese#ZH-Tenor-1#Vibrato#我只在乎你#Control_Group#0008,D:\-MindEcho-main\ml_dl_models\gtsinger_multitech\dataset\raw\Chinese\ZH-Tenor-1\Vibrato\我只在乎你\Control_Group\0008.wav,Chinese/ZH-Tenor-1/Vibrato/我只在乎你/Control_Group/0008.wav,Chinese,ZH-Tenor-1,我只在乎你,Control_Group,0,0,0,0,0,0,0,non_mix,000000,control_negative,0.765527
Chinese#ZH-Tenor-1#Vibrato#我只在乎你#Control_Group#0009,D:\-MindEcho-main\ml_dl_models\gtsinger_multitech\dataset\raw\Chinese\ZH-Tenor-1\Vibrato\我只在乎你\Control_Group\0009.wav,Chinese/ZH-Tenor-1/Vibrato/我只在乎你/Control_Group/0009.wav,Chinese,ZH-Tenor-1,我只在乎你,Control_Group,0,0,0,0,1,0,1,non_mix,000010,control_negative,0.579786
Chinese#ZH-Tenor-1#Vibrato#我只在乎你#Control_Group#0011,D:\-MindEcho-main\ml_dl_models\gtsinger_multitech\dataset\raw\Chinese\ZH-Tenor-1\Vibrato\我只在乎你\Control_Group\0011.wav,Chinese/ZH-Tenor-1/Vibrato/我只在乎你/Control_Group/0011.wav,Chinese,ZH-Tenor-1,我只在乎你,Control_Group,0,0,0,0,0,0,0,non_mix,000000,control_negative,0.524609
Chinese#ZH-Tenor-1#Vibrato#我只在乎你#Control_Group#0013,D:\-MindEcho-main\ml_dl_models\gtsinger_multitech\dataset\raw\Chinese\ZH-Tenor-1\Vibrato\我只在乎你\Control_Group\0013.wav,Chinese/ZH-Tenor-1/Vibrato/我只在乎你/Control_Group/0013.wav,Chinese,ZH-Tenor-1,我只在乎你,Control_Group,0,0,0,0,0,0,0,non_mix,000000,control_negative,0.730471
Chinese#ZH-Tenor-1#Vibrato#我只在乎你#Control_Group#0014,D:\-MindEcho-main\ml_dl_models\gtsinger_multitech\dataset\raw\Chinese\ZH-Tenor-1\Vibrato\我只在乎你\Control_Group\0014.wav,Chinese/ZH-Tenor-1/Vibrato/我只在乎你/Control_Group/0014.wav,Chinese,ZH-Tenor-1,我只在乎你,Control_Group,0,0,0,0,0,0,0,non_mix,000000,control_negative,0.639494
Chinese#ZH-Tenor-1#Vibrato#我只在乎你#Control_Group#0015,D:\-MindEcho-main\ml_dl_models\gtsinger_multitech\dataset\raw\Chinese\ZH-Tenor-1\Vibrato\我只在乎你\Control_Group\0015.wav,Chinese/ZH-Tenor-1/Vibrato/我只在乎你/Control_Group/0015.wav,Chinese,ZH-Tenor-1,我只在乎你,Control_Group,0,0,0,0,1,0,1,non_mix,000010,control_negative,0.681989
Chinese#ZH-Tenor-1#Vibrato#我只在乎你#Control_Group#0016,D:\-MindEcho-main\ml_dl_models\gtsinger_multitech\dataset\raw\Chinese\ZH-Tenor-1\Vibrato\我只在乎你\Control_Group\0016.wav,Chinese/ZH-Tenor-1/Vibrato/我只在乎你/Control_Group/0016.wav,Chinese,ZH-Tenor-1,我只在乎你,Control_Group,0,0,0,0,1,0,1,non_mix,000010,control_negative,0.688791
Chinese#ZH-Tenor-1#Vibrato#我只在乎你#Control_Group#0017,D:\-MindEcho-main\ml_dl_models\gtsinger_multitech\dataset\raw\Chinese\ZH-Tenor-1\Vibrato\我只在乎你\Control_Group\0017.wav,Chinese/ZH-Tenor-1/Vibrato/我只在乎你/Control_Group/0017.wav,Chinese,ZH-Tenor-1,我只在乎你,Control_Group,0,0,0,0,1,0,1,non_mix,000010,control_negative,0.636835
Chinese#ZH-Tenor-1#Vibrato#我只在乎你#Control_Group#0019,D:\-MindEcho-main\ml_dl_models\gtsinger_multitech\dataset\raw\Chinese\ZH-Tenor-1\Vibrato\我只在乎你\Control_Group\0019.wav,Chinese/ZH-Tenor-1/Vibrato/我只在乎你/Control_Group/0019.wav,Chinese,ZH-Tenor-1,我只在乎你,Control_Group,0,0,0,0,0,0,0,non_mix,000000,control_negative,0.683026
Chinese#ZH-Tenor-1#Vibrato#我只在乎你#Control_Group#0021,D:\-MindEcho-main\ml_dl_models\gtsinger_multitech\dataset\raw\Chinese\ZH-Tenor-1\Vibrato\我只在乎你\Control_Group\0021.wav,Chinese/ZH-Tenor-1/Vibrato/我只在乎你/Control_Group/0021.wav,Chinese,ZH-Tenor-1,我只在乎你,Control_Group,0,0,0,0,1,0,1,non_mix,000010,control_negative,0.757481
Chinese#ZH-Tenor-1#Vibrato#我只在乎你#Control_Group#0022,D:\-MindEcho-main\ml_dl_models\gtsinger_multitech\dataset\raw\Chinese\ZH-Tenor-1\Vibrato\我只在乎你\Control_Group\0022.wav,Chinese/ZH-Tenor-1/Vibrato/我只在乎你/Control_Group/0022.wav,Chinese,ZH-Tenor-1,我只在乎你,Control_Group,0,0,0,0,1,0,1,non_mix,000010,control_negative,0.777108
Chinese#ZH-Tenor-1#Vibrato#我只在乎你#Control_Group#0023,D:\-MindEcho-main\ml_dl_models\gtsinger_multitech\dataset\raw\Chinese\ZH-Tenor-1\Vibrato\我只在乎你\Control_Group\0023.wav,Chinese/ZH-Tenor-1/Vibrato/我只在乎你/Control_Group/0023.wav,Chinese,ZH-Tenor-1,我只在乎你,Control_Group,0,0,0,0,1,0,1,non_mix,000010,control_negative,0.685516
Chinese#ZH-Tenor-1#Vibrato#我只在乎你#Control_Group#0024,D:\-MindEcho-main\ml_dl_models\gtsinger_multitech\dataset\raw\Chinese\ZH-Tenor-1\Vibrato\我只在乎你\Control_Group\0024.wav,Chinese/ZH-Tenor-1/Vibrato/我只在乎你/Control_Group/0024.wav,Chinese,ZH-Tenor-1,我只在乎你,Control_Group,0,0,0,0,0,0,0,non_mix,000000,control_negative,0.674834
Chinese#ZH-Tenor-1#Glissando#我好想你#Control_Group#0000,D:\-MindEcho-main\ml_dl_models\gtsinger_multitech\dataset\raw\Chinese\ZH-Tenor-1\Glissando\我好想你\Control_Group\0000.wav,Chinese/ZH-Tenor-1/Glissando/我好想你/Control_Group/0000.wav,Chinese,ZH-Tenor-1,我好想你,Control_Group,0,0,0,0,1,0,1,non_mix,000010,control_negative,0.660088
Chinese#ZH-Tenor-1#Glissando#我好想你#Control_Group#0001,D:\-MindEcho-main\ml_dl_models\gtsinger_multitech\dataset\raw\Chinese\ZH-Tenor-1\Glissando\我好想你\Control_Group\0001.wav,Chinese/ZH-Tenor-1/Glissando/我好想你/Control_Group/0001.wav,Chinese,ZH-Tenor-1,我好想你,Control_Group,0,0,0,0,0,0,0,non_mix,000000,control_negative,0.510722
Chinese#ZH-Tenor-1#Glissando#我好想你#Control_Group#0002,D:\-MindEcho-main\ml_dl_models\gtsinger_multitech\dataset\raw\Chinese\ZH-Tenor-1\Glissando\我好想你\Control_Group\0002.wav,Chinese/ZH-Tenor-1/Glissando/我好想你/Control_Group/0002.wav,Chinese,ZH-Tenor-1,我好想你,Control_Group,0,0,0,0,0,0,0,non_mix,000000,control_negative,0.492900
Chinese#ZH-Tenor-1#Glissando#我好想你#Control_Group#0003,D:\-MindEcho-main\ml_dl_models\gtsinger_multitech\dataset\raw\Chinese\ZH-Tenor-1\Glissando\我好想你\Control_Group\0003.wav,Chinese/ZH-Tenor-1/Glissando/我好想你/Control_Group/0003.wav,Chinese,ZH-Tenor-1,我好想你,Control_Group,0,0,0,0,0,0,0,non_mix,000000,control_negative,0.542864
Chinese#ZH-Tenor-1#Glissando#我好想你#Control_Group#0004,D:\-MindEcho-main\ml_dl_models\gtsinger_multitech\dataset\raw\Chinese\ZH-Tenor-1\Glissando\我好想你\Control_Group\0004.wav,Chinese/ZH-Tenor-1/Glissando/我好想你/Control_Group/0004.wav,Chinese,ZH-Tenor-1,我好想你,Control_Group,0,0,0,0,0,0,0,non_mix,000000,control_negative,0.541943
Chinese#ZH-Tenor-1#Glissando#我好想你#Control_Group#0005,D:\-MindEcho-main\ml_dl_models\gtsinger_multitech\dataset\raw\Chinese\ZH-Tenor-1\Glissando\我好想你\Control_Group\0005.wav,Chinese/ZH-Tenor-1/Glissando/我好想你/Control_Group/0005.wav,Chinese,ZH-Tenor-1,我好想你,Control_Group,0,0,0,0,0,0,0,non_mix,000000,control_negative,0.535123
Chinese#ZH-Tenor-1#Glissando#我好想你#Control_Group#0006,D:\-MindEcho-main\ml_dl_models\gtsinger_multitech\dataset\raw\Chinese\ZH-Tenor-1\Glissando\我好想你\Control_Group\0006.wav,Chinese/ZH-Tenor-1/Glissando/我好想你/Control_Group/0006.wav,Chinese,ZH-Tenor-1,我好想你,Control_Group,0,0,0,1,1,0,1,non_mix,000110,control_negative,0.620913
Chinese#ZH-Tenor-1#Pharyngeal#我怀念的#Control_Group#0000,D:\-MindEcho-main\ml_dl_models\gtsinger_multitech\dataset\raw\Chinese\ZH-Tenor-1\Pharyngeal\我怀念的\Control_Group\0000.wav,Chinese/ZH-Tenor-1/Pharyngeal/我怀念的/Control_Group/0000.wav,Chinese,ZH-Tenor-1,我怀念的,Control_Group,1,0,0,0,1,0,1,clear_mix,100010,positive_mix,
Chinese#ZH-Tenor-1#Pharyngeal#我怀念的#Control_Group#0001,D:\-MindEcho-main\ml_dl_models\gtsinger_multitech\dataset\raw\Chinese\ZH-Tenor-1\Pharyngeal\我怀念的\Control_Group\0001.wav,Chinese/ZH-Tenor-1/Pharyngeal/我怀念的/Control_Group/0001.wav,Chinese,ZH-Tenor-1,我怀念的,Control_Group,1,0,0,0,1,0,1,clear_mix,100010,positive_mix,
Chinese#ZH-Tenor-1#Pharyngeal#我怀念的#Control_Group#0002,D:\-MindEcho-main\ml_dl_models\gtsinger_multitech\dataset\raw\Chinese\ZH-Tenor-1\Pharyngeal\我怀念的\Control_Group\0002.wav,Chinese/ZH-Tenor-1/Pharyngeal/我怀念的/Control_Group/0002.wav,Chinese,ZH-Tenor-1,我怀念的,Control_Group,1,0,0,0,1,0,1,clear_mix,100010,positive_mix,
Chinese#ZH-Tenor-1#Pharyngeal#我怀念的#Control_Group#0003,D:\-MindEcho-main\ml_dl_models\gtsinger_multitech\dataset\raw\Chinese\ZH-Tenor-1\Pharyngeal\我怀念的\Control_Group\0003.wav,Chinese/ZH-Tenor-1/Pharyngeal/我怀念的/Control_Group/0003.wav,Chinese,ZH-Tenor-1,我怀念的,Control_Group,1,0,0,0,1,0,1,clear_mix,100010,positive_mix,
Chinese#ZH-Tenor-1#Pharyngeal#我怀念的#Control_Group#0006,D:\-MindEcho-main\ml_dl_models\gtsinger_multitech\dataset\raw\Chinese\ZH-Tenor-1\Pharyngeal\我怀念的\Control_Group\0006.wav,Chinese/ZH-Tenor-1/Pharyngeal/我怀念的/Control_Group/0006.wav,Chinese,ZH-Tenor-1,我怀念的,Control_Group,1,0,0,0,1,0,1,clear_mix,100010,positive_mix,
Chinese#ZH-Tenor-1#Pharyngeal#我怀念的#Control_Group#0007,D:\-MindEcho-main\ml_dl_models\gtsinger_multitech\dataset\raw\Chinese\ZH-Tenor-1\Pharyngeal\我怀念的\Control_Group\0007.wav,Chinese/ZH-Tenor-1/Pharyngeal/我怀念的/Control_Group/0007.wav,Chinese,ZH-Tenor-1,我怀念的,Control_Group,1,0,0,0,1,0,1,clear_mix,100010,positive_mix,
Chinese#ZH-Tenor-1#Pharyngeal#我怀念的#Control_Group#0009,D:\-MindEcho-main\ml_dl_models\gtsinger_multitech\dataset\raw\Chinese\ZH-Tenor-1\Pharyngeal\我怀念的\Control_Group\0009.wav,Chinese/ZH-Tenor-1/Pharyngeal/我怀念的/Control_Group/0009.wav,Chinese,ZH-Tenor-1,我怀念的,Control_Group,1,0,0,0,1,0,1,clear_mix,100010,positive_mix,
Chinese#ZH-Tenor-1#Pharyngeal#我怀念的#Control_Group#0011,D:\-MindEcho-main\ml_dl_models\gtsinger_multitech\dataset\raw\Chinese\ZH-Tenor-1\Pharyngeal\我怀念的\Control_Group\0011.wav,Chinese/ZH-Tenor-1/Pharyngeal/我怀念的/Control_Group/0011.wav,Chinese,ZH-Tenor-1,我怀念的,Control_Group,1,0,0,0,1,0,1,clear_mix,100010,positive_mix,
Chinese#ZH-Tenor-1#Pharyngeal#我怀念的#Control_Group#0012,D:\-MindEcho-main\ml_dl_models\gtsinger_multitech\dataset\raw\Chinese\ZH-Tenor-1\Pharyngeal\我怀念的\Control_Group\0012.wav,Chinese/ZH-Tenor-1/Pharyngeal/我怀念的/Control_Group/0012.wav,Chinese,ZH-Tenor-1,我怀念的,Control_Group,1,0,0,0,1,0,1,clear_mix,100010,positive_mix,
Chinese#ZH-Tenor-1#Pharyngeal#我怀念的#Control_Group#0013,D:\-MindEcho-main\ml_dl_models\gtsinger_multitech\dataset\raw\Chinese\ZH-Tenor-1\Pharyngeal\我怀念的\Control_Group\0013.wav,Chinese/ZH-Tenor-1/Pharyngeal/我怀念的/Control_Group/0013.wav,Chinese,ZH-Tenor-1,我怀念的,Control_Group,1,0,0,0,1,0,1,clear_mix,100010,positive_mix,
Chinese#ZH-Tenor-1#Pharyngeal#我怀念的#Control_Group#0014,D:\-MindEcho-main\ml_dl_models\gtsinger_multitech\dataset\raw\Chinese\ZH-Tenor-1\Pharyngeal\我怀念的\Control_Group\0014.wav,Chinese/ZH-Tenor-1/Pharyngeal/我怀念的/Control_Group/0014.wav,Chinese,ZH-Tenor-1,我怀念的,Control_Group,1,0,0,0,1,0,1,clear_mix,100010,positive_mix,
Chinese#ZH-Tenor-1#Pharyngeal#我怀念的#Control_Group#0015,D:\-MindEcho-main\ml_dl_models\gtsinger_multitech\dataset\raw\Chinese\ZH-Tenor-1\Pharyngeal\我怀念的\Control_Group\0015.wav,Chinese/ZH-Tenor-1/Pharyngeal/我怀念的/Control_Group/0015.wav,Chinese,ZH-Tenor-1,我怀念的,Control_Group,1,0,0,0,1,0,1,clear_mix,100010,positive_mix,
Chinese#ZH-Tenor-1#Pharyngeal#我怀念的#Control_Group#0016,D:\-MindEcho-main\ml_dl_models\gtsinger_multitech\dataset\raw\Chinese\ZH-Tenor-1\Pharyngeal\我怀念的\Control_Group\0016.wav,Chinese/ZH-Tenor-1/Pharyngeal/我怀念的/Control_Group/0016.wav,Chinese,ZH-Tenor-1,我怀念的,Control_Group,1,0,0,0,1,0,1,clear_mix,100010,positive_mix,
Chinese#ZH-Tenor-1#Pharyngeal#我怀念的#Control_Group#0017,D:\-MindEcho-main\ml_dl_models\gtsinger_multitech\dataset\raw\Chinese\ZH-Tenor-1\Pharyngeal\我怀念的\Control_Group\0017.wav,Chinese/ZH-Tenor-1/Pharyngeal/我怀念的/Control_Group/0017.wav,Chinese,ZH-Tenor-1,我怀念的,Control_Group,1,0,0,0,1,0,1,clear_mix,100010,positive_mix,
Chinese#ZH-Tenor-1#Glissando#我的歌声里#Control_Group#0000,D:\-MindEcho-main\ml_dl_models\gtsinger_multitech\dataset\raw\Chinese\ZH-Tenor-1\Glissando\我的歌声里\Control_Group\0000.wav,Chinese/ZH-Tenor-1/Glissando/我的歌声里/Control_Group/0000.wav,Chinese,ZH-Tenor-1,我的歌声里,Control_Group,0,0,0,0,1,0,1,non_mix,000010,control_negative,0.520592
Chinese#ZH-Tenor-1#Glissando#我的歌声里#Control_Group#0001,D:\-MindEcho-main\ml_dl_models\gtsinger_multitech\dataset\raw\Chinese\ZH-Tenor-1\Glissando\我的歌声里\Control_Group\0001.wav,Chinese/ZH-Tenor-1/Glissando/我的歌声里/Control_Group/0001.wav,Chinese,ZH-Tenor-1,我的歌声里,Control_Group,0,0,0,0,1,0,1,non_mix,000010,control_negative,0.601120
Chinese#ZH-Tenor-1#Glissando#我的歌声里#Control_Group#0007,D:\-MindEcho-main\ml_dl_models\gtsinger_multitech\dataset\raw\Chinese\ZH-Tenor-1\Glissando\我的歌声里\Control_Group\0007.wav,Chinese/ZH-Tenor-1/Glissando/我的歌声里/Control_Group/0007.wav,Chinese,ZH-Tenor-1,我的歌声里,Control_Group,0,0,0,0,1,0,1,non_mix,000010,control_negative,0.627254
Chinese#ZH-Tenor-1#Glissando#我的歌声里#Control_Group#0008,D:\-MindEcho-main\ml_dl_models\gtsinger_multitech\dataset\raw\Chinese\ZH-Tenor-1\Glissando\我的歌声里\Control_Group\0008.wav,Chinese/ZH-Tenor-1/Glissando/我的歌声里/Control_Group/0008.wav,Chinese,ZH-Tenor-1,我的歌声里,Control_Group,0,0,0,0,1,0,1,non_mix,000010,control_negative,0.551529
Chinese#ZH-Tenor-1#Glissando#我的歌声里#Control_Group#0009,D:\-MindEcho-main\ml_dl_models\gtsinger_multitech\dataset\raw\Chinese\ZH-Tenor-1\Glissando\我的歌声里\Control_Group\0009.wav,Chinese/ZH-Tenor-1/Glissando/我的歌声里/Control_Group/0009.wav,Chinese,ZH-Tenor-1,我的歌声里,Control_Group,0,0,0,0,1,0,1,non_mix,000010,control_negative,0.729788
Chinese#ZH-Tenor-1#Glissando#我的歌声里#Control_Group#0010,D:\-MindEcho-main\ml_dl_models\gtsinger_multitech\dataset\raw\Chinese\ZH-Tenor-1\Glissando\我的歌声里\Control_Group\0010.wav,Chinese/ZH-Tenor-1/Glissando/我的歌声里/Control_Group/0010.wav,Chinese,ZH-Tenor-1,我的歌声里,Control_Group,0,0,0,0,1,0,1,non_mix,000010,control_negative,0.638359
Chinese#ZH-Tenor-1#Mixed_Voice_and_Falsetto#我的歌声里#Control_Group#0000,D:\-MindEcho-main\ml_dl_models\gtsinger_multitech\dataset\raw\Chinese\ZH-Tenor-1\Mixed_Voice_and_Falsetto\我的歌声里\Control_Group\0000.wav,Chinese/ZH-Tenor-1/Mixed_Voice_and_Falsetto/我的歌声里/Control_Group/0000.wav,Chinese,ZH-Tenor-1,我的歌声里,Control_Group,0,0,0,0,1,0,1,non_mix,000010,control_negative,0.776506
Chinese#ZH-Tenor-1#Mixed_Voice_and_Falsetto#我的歌声里#Control_Group#0001,D:\-MindEcho-main\ml_dl_models\gtsinger_multitech\dataset\raw\Chinese\ZH-Tenor-1\Mixed_Voice_and_Falsetto\我的歌声里\Control_Group\0001.wav,Chinese/ZH-Tenor-1/Mixed_Voice_and_Falsetto/我的歌声里/Control_Group/0001.wav,Chinese,ZH-Tenor-1,我的歌声里,Control_Group,0,0,0,0,1,0,1,non_mix,000010,control_negative,0.593797
Chinese#ZH-Tenor-1#Mixed_Voice_and_Falsetto#我的歌声里#Control_Group#0002,D:\-MindEcho-main\ml_dl_models\gtsinger_multitech\dataset\raw\Chinese\ZH-Tenor-1\Mixed_Voice_and_Falsetto\我的歌声里\Control_Group\0002.wav,Chinese/ZH-Tenor-1/Mixed_Voice_and_Falsetto/我的歌声里/Control_Group/0002.wav,Chinese,ZH-Tenor-1,我的歌声里,Control_Group,0,0,0,0,1,0,1,non_mix,000010,control_negative,0.804263
Chinese#ZH-Tenor-1#Mixed_Voice_and_Falsetto#我的歌声里#Control_Group#0004,D:\-MindEcho-main\ml_dl_models\gtsinger_multitech\dataset\raw\Chinese\ZH-Tenor-1\Mixed_Voice_and_Falsetto\我的歌声里\Control_Group\0004.wav,Chinese/ZH-Tenor-1/Mixed_Voice_and_Falsetto/我的歌声里/Control_Group/0004.wav,Chinese,ZH-Tenor-1,我的歌声里,Control_Group,0,0,0,0,1,0,1,non_mix,000010,control_negative,0.610704
Chinese#ZH-Tenor-1#Mixed_Voice_and_Falsetto#我的歌声里#Control_Group#0005,D:\-MindEcho-main\ml_dl_models\gtsinger_multitech\dataset\raw\Chinese\ZH-Tenor-1\Mixed_Voice_and_Falsetto\我的歌声里\Control_Group\0005.wav,Chinese/ZH-Tenor-1/Mixed_Voice_and_Falsetto/我的歌声里/Control_Group/0005.wav,Chinese,ZH-Tenor-1,我的歌声里,Control_Group,0,0,0,0,1,0,1,non_mix,000010,control_negative,0.710465
Chinese#ZH-Tenor-1#Mixed_Voice_and_Falsetto#我的歌声里#Control_Group#0006,D:\-MindEcho-main\ml_dl_models\gtsinger_multitech\dataset\raw\Chinese\ZH-Tenor-1\Mixed_Voice_and_Falsetto\我的歌声里\Control_Group\0006.wav,Chinese/ZH-Tenor-1/Mixed_Voice_and_Falsetto/我的歌声里/Control_Group/0006.wav,Chinese,ZH-Tenor-1,我的歌声里,Control_Group,0,0,0,0,1,0,1,non_mix,000010,control_negative,0.870956
Chinese#ZH-Tenor-1#Mixed_Voice_and_Falsetto#我的歌声里#Control_Group#0007,D:\-MindEcho-main\ml_dl_models\gtsinger_multitech\dataset\raw\Chinese\ZH-Tenor-1\Mixed_Voice_and_Falsetto\我的歌声里\Control_Group\0007.wav,Chinese/ZH-Tenor-1/Mixed_Voice_and_Falsetto/我的歌声里/Control_Group/0007.wav,Chinese,ZH-Tenor-1,我的歌声里,Control_Group,0,0,0,0,1,0,1,non_mix,000010,control_negative,0.728767
Chinese#ZH-Tenor-1#Mixed_Voice_and_Falsetto#我的歌声里#Control_Group#0008,D:\-MindEcho-main\ml_dl_models\gtsinger_multitech\dataset\raw\Chinese\ZH-Tenor-1\Mixed_Voice_and_Falsetto\我的歌声里\Control_Group\0008.wav,Chinese/ZH-Tenor-1/Mixed_Voice_and_Falsetto/我的歌声里/Control_Group/0008.wav,Chinese,ZH-Tenor-1,我的歌声里,Control_Group,0,0,0,0,1,0,1,non_mix,000010,control_negative,0.730704
Chinese#ZH-Tenor-1#Mixed_Voice_and_Falsetto#我的歌声里#Control_Group#0009,D:\-MindEcho-main\ml_dl_models\gtsinger_multitech\dataset\raw\Chinese\ZH-Tenor-1\Mixed_Voice_and_Falsetto\我的歌声里\Control_Group\0009.wav,Chinese/ZH-Tenor-1/Mixed_Voice_and_Falsetto/我的歌声里/Control_Group/0009.wav,Chinese,ZH-Tenor-1,我的歌声里,Control_Group,0,0,0,0,1,0,1,non_mix,000010,control_negative,0.707283
Chinese#ZH-Tenor-1#Mixed_Voice_and_Falsetto#我的歌声里#Control_Group#0011,D:\-MindEcho-main\ml_dl_models\gtsinger_multitech\dataset\raw\Chinese\ZH-Tenor-1\Mixed_Voice_and_Falsetto\我的歌声里\Control_Group\0011.wav,Chinese/ZH-Tenor-1/Mixed_Voice_and_Falsetto/我的歌声里/Control_Group/0011.wav,Chinese,ZH-Tenor-1,我的歌声里,Control_Group,0,0,0,0,1,0,1,non_mix,000010,control_negative,0.557279
Chinese#ZH-Tenor-1#Mixed_Voice_and_Falsetto#我的歌声里#Control_Group#0012,D:\-MindEcho-main\ml_dl_models\gtsinger_multitech\dataset\raw\Chinese\ZH-Tenor-1\Mixed_Voice_and_Falsetto\我的歌声里\Control_Group\0012.wav,Chinese/ZH-Tenor-1/Mixed_Voice_and_Falsetto/我的歌声里/Control_Group/0012.wav,Chinese,ZH-Tenor-1,我的歌声里,Control_Group,0,0,0,0,1,0,1,non_mix,000010,control_negative,0.722681
Chinese#ZH-Tenor-1#Mixed_Voice_and_Falsetto#我的歌声里#Control_Group#0013,D:\-MindEcho-main\ml_dl_models\gtsinger_multitech\dataset\raw\Chinese\ZH-Tenor-1\Mixed_Voice_and_Falsetto\我的歌声里\Control_Group\0013.wav,Chinese/ZH-Tenor-1/Mixed_Voice_and_Falsetto/我的歌声里/Control_Group/0013.wav,Chinese,ZH-Tenor-1,我的歌声里,Control_Group,0,0,0,0,1,0,1,non_mix,000010,control_negative,0.610406
Chinese#ZH-Tenor-1#Breathy#我真的受伤了#Control_Group#0000,D:\-MindEcho-main\ml_dl_models\gtsinger_multitech\dataset\raw\Chinese\ZH-Tenor-1\Breathy\我真的受伤了\Control_Group\0000.wav,Chinese/ZH-Tenor-1/Breathy/我真的受伤了/Control_Group/0000.wav,Chinese,ZH-Tenor-1,我真的受伤了,Control_Group,0,0,0,0,1,0,1,non_mix,000010,control_negative,0.679064
Chinese#ZH-Tenor-1#Breathy#我真的受伤了#Control_Group#0001,D:\-MindEcho-main\ml_dl_models\gtsinger_multitech\dataset\raw\Chinese\ZH-Tenor-1\Breathy\我真的受伤了\Control_Group\0001.wav,Chinese/ZH-Tenor-1/Breathy/我真的受伤了/Control_Group/0001.wav,Chinese,ZH-Tenor-1,我真的受伤了,Control_Group,0,0,0,0,1,0,1,non_mix,000010,control_negative,0.793577
Chinese#ZH-Tenor-1#Breathy#我真的受伤了#Control_Group#0002,D:\-MindEcho-main\ml_dl_models\gtsinger_multitech\dataset\raw\Chinese\ZH-Tenor-1\Breathy\我真的受伤了\Control_Group\0002.wav,Chinese/ZH-Tenor-1/Breathy/我真的受伤了/Control_Group/0002.wav,Chinese,ZH-Tenor-1,我真的受伤了,Control_Group,0,0,0,0,1,0,1,non_mix,000010,control_negative,0.732645
Chinese#ZH-Tenor-1#Breathy#我真的受伤了#Control_Group#0004,D:\-MindEcho-main\ml_dl_models\gtsinger_multitech\dataset\raw\Chinese\ZH-Tenor-1\Breathy\我真的受伤了\Control_Group\0004.wav,Chinese/ZH-Tenor-1/Breathy/我真的受伤了/Control_Group/0004.wav,Chinese,ZH-Tenor-1,我真的受伤了,Control_Group,0,0,0,0,1,0,1,non_mix,000010,control_negative,0.603539
Chinese#ZH-Tenor-1#Breathy#我真的受伤了#Control_Group#0007,D:\-MindEcho-main\ml_dl_models\gtsinger_multitech\dataset\raw\Chinese\ZH-Tenor-1\Breathy\我真的受伤了\Control_Group\0007.wav,Chinese/ZH-Tenor-1/Breathy/我真的受伤了/Control_Group/0007.wav,Chinese,ZH-Tenor-1,我真的受伤了,Control_Group,0,0,0,0,1,0,1,non_mix,000010,control_negative,0.560546
Chinese#ZH-Tenor-1#Vibrato#我真的受伤了#Control_Group#0000,D:\-MindEcho-main\ml_dl_models\gtsinger_multitech\dataset\raw\Chinese\ZH-Tenor-1\Vibrato\我真的受伤了\Control_Group\0000.wav,Chinese/ZH-Tenor-1/Vibrato/我真的受伤了/Control_Group/0000.wav,Chinese,ZH-Tenor-1,我真的受伤了,Control_Group,0,0,0,0,1,0,1,non_mix,000010,control_negative,0.485652
Chinese#ZH-Tenor-1#Vibrato#我真的受伤了#Control_Group#0002,D:\-MindEcho-main\ml_dl_models\gtsinger_multitech\dataset\raw\Chinese\ZH-Tenor-1\Vibrato\我真的受伤了\Control_Group\0002.wav,Chinese/ZH-Tenor-1/Vibrato/我真的受伤了/Control_Group/0002.wav,Chinese,ZH-Tenor-1,我真的受伤了,Control_Group,0,0,0,0,1,0,1,non_mix,000010,control_negative,0.589426
Chinese#ZH-Tenor-1#Vibrato#我真的受伤了#Control_Group#0004,D:\-MindEcho-main\ml_dl_models\gtsinger_multitech\dataset\raw\Chinese\ZH-Tenor-1\Vibrato\我真的受伤了\Control_Group\0004.wav,Chinese/ZH-Tenor-1/Vibrato/我真的受伤了/Control_Group/0004.wav,Chinese,ZH-Tenor-1,我真的受伤了,Control_Group,0,0,0,0,1,0,1,non_mix,000010,control_negative,0.605079
Chinese#ZH-Tenor-1#Vibrato#我真的受伤了#Control_Group#0005,D:\-MindEcho-main\ml_dl_models\gtsinger_multitech\dataset\raw\Chinese\ZH-Tenor-1\Vibrato\我真的受伤了\Control_Group\0005.wav,Chinese/ZH-Tenor-1/Vibrato/我真的受伤了/Control_Group/0005.wav,Chinese,ZH-Tenor-1,我真的受伤了,Control_Group,0,0,0,0,1,0,1,non_mix,000010,control_negative,0.799995
Chinese#ZH-Tenor-1#Vibrato#我真的受伤了#Control_Group#0009,D:\-MindEcho-main\ml_dl_models\gtsinger_multitech\dataset\raw\Chinese\ZH-Tenor-1\Vibrato\我真的受伤了\Control_Group\0009.wav,Chinese/ZH-Tenor-1/Vibrato/我真的受伤了/Control_Group/0009.wav,Chinese,ZH-Tenor-1,我真的受伤了,Control_Group,0,0,0,0,1,0,1,non_mix,000010,control_negative,0.503287
Chinese#ZH-Tenor-1#Vibrato#我真的受伤了#Control_Group#0011,D:\-MindEcho-main\ml_dl_models\gtsinger_multitech\dataset\raw\Chinese\ZH-Tenor-1\Vibrato\我真的受伤了\Control_Group\0011.wav,Chinese/ZH-Tenor-1/Vibrato/我真的受伤了/Control_Group/0011.wav,Chinese,ZH-Tenor-1,我真的受伤了,Control_Group,0,0,0,0,1,0,1,non_mix,000010,control_negative,0.675725
Chinese#ZH-Tenor-1#Vibrato#我真的受伤了#Control_Group#0013,D:\-MindEcho-main\ml_dl_models\gtsinger_multitech\dataset\raw\Chinese\ZH-Tenor-1\Vibrato\我真的受伤了\Control_Group\0013.wav,Chinese/ZH-Tenor-1/Vibrato/我真的受伤了/Control_Group/0013.wav,Chinese,ZH-Tenor-1,我真的受伤了,Control_Group,0,0,0,0,1,0,1,non_mix,000010,control_negative,0.587479
Chinese#ZH-Tenor-1#Vibrato#我真的受伤了#Control_Group#0014,D:\-MindEcho-main\ml_dl_models\gtsinger_multitech\dataset\raw\Chinese\ZH-Tenor-1\Vibrato\我真的受伤了\Control_Group\0014.wav,Chinese/ZH-Tenor-1/Vibrato/我真的受伤了/Control_Group/0014.wav,Chinese,ZH-Tenor-1,我真的受伤了,Control_Group,0,0,0,0,1,0,1,non_mix,000010,control_negative,0.576200
Chinese#ZH-Tenor-1#Breathy#时间都去哪儿了#Control_Group#0002,D:\-MindEcho-main\ml_dl_models\gtsinger_multitech\dataset\raw\Chinese\ZH-Tenor-1\Breathy\时间都去哪儿了\Control_Group\0002.wav,Chinese/ZH-Tenor-1/Breathy/时间都去哪儿了/Control_Group/0002.wav,Chinese,ZH-Tenor-1,时间都去哪儿了,Control_Group,0,0,0,0,1,0,1,non_mix,000010,control_negative,0.704877
Chinese#ZH-Tenor-1#Breathy#时间都去哪儿了#Control_Group#0003,D:\-MindEcho-main\ml_dl_models\gtsinger_multitech\dataset\raw\Chinese\ZH-Tenor-1\Breathy\时间都去哪儿了\Control_Group\0003.wav,Chinese/ZH-Tenor-1/Breathy/时间都去哪儿了/Control_Group/0003.wav,Chinese,ZH-Tenor-1,时间都去哪儿了,Control_Group,0,0,0,0,1,0,1,non_mix,000010,control_negative,0.551696
Chinese#ZH-Tenor-1#Mixed_Voice_and_Falsetto#曹操#Control_Group#0002,D:\-MindEcho-main\ml_dl_models\gtsinger_multitech\dataset\raw\Chinese\ZH-Tenor-1\Mixed_Voice_and_Falsetto\曹操\Control_Group\0002.wav,Chinese/ZH-Tenor-1/Mixed_Voice_and_Falsetto/曹操/Control_Group/0002.wav,Chinese,ZH-Tenor-1,曹操,Control_Group,0,0,0,0,1,0,1,non_mix,000010,control_negative,0.654200
Chinese#ZH-Tenor-1#Mixed_Voice_and_Falsetto#曹操#Control_Group#0004,D:\-MindEcho-main\ml_dl_models\gtsinger_multitech\dataset\raw\Chinese\ZH-Tenor-1\Mixed_Voice_and_Falsetto\曹操\Control_Group\0004.wav,Chinese/ZH-Tenor-1/Mixed_Voice_and_Falsetto/曹操/Control_Group/0004.wav,Chinese,ZH-Tenor-1,曹操,Control_Group,0,0,0,0,1,0,1,non_mix,000010,control_negative,0.799069
Chinese#ZH-Tenor-1#Mixed_Voice_and_Falsetto#曹操#Control_Group#0005,D:\-MindEcho-main\ml_dl_models\gtsinger_multitech\dataset\raw\Chinese\ZH-Tenor-1\Mixed_Voice_and_Falsetto\曹操\Control_Group\0005.wav,Chinese/ZH-Tenor-1/Mixed_Voice_and_Falsetto/曹操/Control_Group/0005.wav,Chinese,ZH-Tenor-1,曹操,Control_Group,0,0,0,0,1,0,1,non_mix,000010,control_negative,0.822516
Chinese#ZH-Tenor-1#Mixed_Voice_and_Falsetto#曹操#Control_Group#0007,D:\-MindEcho-main\ml_dl_models\gtsinger_multitech\dataset\raw\Chinese\ZH-Tenor-1\Mixed_Voice_and_Falsetto\曹操\Control_Group\0007.wav,Chinese/ZH-Tenor-1/Mixed_Voice_and_Falsetto/曹操/Control_Group/0007.wav,Chinese,ZH-Tenor-1,曹操,Control_Group,0,0,0,0,1,0,1,non_mix,000010,control_negative,0.609322
Chinese#ZH-Tenor-1#Mixed_Voice_and_Falsetto#曹操#Control_Group#0010,D:\-MindEcho-main\ml_dl_models\gtsinger_multitech\dataset\raw\Chinese\ZH-Tenor-1\Mixed_Voice_and_Falsetto\曹操\Control_Group\0010.wav,Chinese/ZH-Tenor-1/Mixed_Voice_and_Falsetto/曹操/Control_Group/0010.wav,Chinese,ZH-Tenor-1,曹操,Control_Group,0,0,0,0,1,0,1,non_mix,000010,control_negative,0.578361
Chinese#ZH-Tenor-1#Pharyngeal#曹操#Control_Group#0000,D:\-MindEcho-main\ml_dl_models\gtsinger_multitech\dataset\raw\Chinese\ZH-Tenor-1\Pharyngeal\曹操\Control_Group\0000.wav,Chinese/ZH-Tenor-1/Pharyngeal/曹操/Control_Group/0000.wav,Chinese,ZH-Tenor-1,曹操,Control_Group,1,0,0,0,1,0,1,clear_mix,100010,positive_mix,
Chinese#ZH-Tenor-1#Pharyngeal#曹操#Control_Group#0001,D:\-MindEcho-main\ml_dl_models\gtsinger_multitech\dataset\raw\Chinese\ZH-Tenor-1\Pharyngeal\曹操\Control_Group\0001.wav,Chinese/ZH-Tenor-1/Pharyngeal/曹操/Control_Group/0001.wav,Chinese,ZH-Tenor-1,曹操,Control_Group,1,0,0,0,1,0,1,clear_mix,100010,positive_mix,
Chinese#ZH-Tenor-1#Pharyngeal#曹操#Control_Group#0004,D:\-MindEcho-main\ml_dl_models\gtsinger_multitech\dataset\raw\Chinese\ZH-Tenor-1\Pharyngeal\曹操\Control_Group\0004.wav,Chinese/ZH-Tenor-1/Pharyngeal/曹操/Control_Group/0004.wav,Chinese,ZH-Tenor-1,曹操,Control_Group,1,0,0,0,1,0,1,clear_mix,100010,positive_mix,
Chinese#ZH-Tenor-1#Pharyngeal#曹操#Control_Group#0006,D:\-MindEcho-main\ml_dl_models\gtsinger_multitech\dataset\raw\Chinese\ZH-Tenor-1\Pharyngeal\曹操\Control_Group\0006.wav,Chinese/ZH-Tenor-1/Pharyngeal/曹操/Control_Group/0006.wav,Chinese,ZH-Tenor-1,曹操,Control_Group,1,0,0,0,1,0,1,clear_mix,100010,positive_mix,
Chinese#ZH-Tenor-1#Pharyngeal#曹操#Control_Group#0007,D:\-MindEcho-main\ml_dl_models\gtsinger_multitech\dataset\raw\Chinese\ZH-Tenor-1\Pharyngeal\曹操\Control_Group\0007.wav,Chinese/ZH-Tenor-1/Pharyngeal/曹操/Control_Group/0007.wav,Chinese,ZH-Tenor-1,曹操,Control_Group,1,0,0,0,1,0,1,clear_mix,100010,positive_mix,
Chinese#ZH-Tenor-1#Pharyngeal#曹操#Control_Group#0008,D:\-MindEcho-main\ml_dl_models\gtsinger_multitech\dataset\raw\Chinese\ZH-Tenor-1\Pharyngeal\曹操\Control_Group\0008.wav,Chinese/ZH-Tenor-1/Pharyngeal/曹操/Control_Group/0008.wav,Chinese,ZH-Tenor-1,曹操,Control_Group,1,0,0,0,1,0,1,clear_mix,100010,positive_mix,
Chinese#ZH-Tenor-1#Pharyngeal#曹操#Control_Group#0010,D:\-MindEcho-main\ml_dl_models\gtsinger_multitech\dataset\raw\Chinese\ZH-Tenor-1\Pharyngeal\曹操\Control_Group\0010.wav,Chinese/ZH-Tenor-1/Pharyngeal/曹操/Control_Group/0010.wav,Chinese,ZH-Tenor-1,曹操,Control_Group,1,0,0,0,1,0,1,clear_mix,100010,positive_mix,
Chinese#ZH-Tenor-1#Pharyngeal#曹操#Control_Group#0011,D:\-MindEcho-main\ml_dl_models\gtsinger_multitech\dataset\raw\Chinese\ZH-Tenor-1\Pharyngeal\曹操\Control_Group\0011.wav,Chinese/ZH-Tenor-1/Pharyngeal/曹操/Control_Group/0011.wav,Chinese,ZH-Tenor-1,曹操,Control_Group,1,0,0,0,1,0,1,clear_mix,100010,positive_mix,
Chinese#ZH-Tenor-1#Mixed_Voice_and_Falsetto#最初的梦想#Control_Group#0000,D:\-MindEcho-main\ml_dl_models\gtsinger_multitech\dataset\raw\Chinese\ZH-Tenor-1\Mixed_Voice_and_Falsetto\最初的梦想\Control_Group\0000.wav,Chinese/ZH-Tenor-1/Mixed_Voice_and_Falsetto/最初的梦想/Control_Group/0000.wav,Chinese,ZH-Tenor-1,最初的梦想,Control_Group,0,0,0,0,1,0,1,non_mix,000010,control_negative,0.786952
Chinese#ZH-Tenor-1#Mixed_Voice_and_Falsetto#最初的梦想#Control_Group#0001,D:\-MindEcho-main\ml_dl_models\gtsinger_multitech\dataset\raw\Chinese\ZH-Tenor-1\Mixed_Voice_and_Falsetto\最初的梦想\Control_Group\0001.wav,Chinese/ZH-Tenor-1/Mixed_Voice_and_Falsetto/最初的梦想/Control_Group/0001.wav,Chinese,ZH-Tenor-1,最初的梦想,Control_Group,0,0,0,0,1,0,1,non_mix,000010,control_negative,0.695779
Chinese#ZH-Tenor-1#Mixed_Voice_and_Falsetto#最初的梦想#Control_Group#0002,D:\-MindEcho-main\ml_dl_models\gtsinger_multitech\dataset\raw\Chinese\ZH-Tenor-1\Mixed_Voice_and_Falsetto\最初的梦想\Control_Group\0002.wav,Chinese/ZH-Tenor-1/Mixed_Voice_and_Falsetto/最初的梦想/Control_Group/0002.wav,Chinese,ZH-Tenor-1,最初的梦想,Control_Group,0,0,0,0,1,0,1,non_mix,000010,control_negative,0.814231
Chinese#ZH-Tenor-1#Mixed_Voice_and_Falsetto#最初的梦想#Control_Group#0003,D:\-MindEcho-main\ml_dl_models\gtsinger_multitech\dataset\raw\Chinese\ZH-Tenor-1\Mixed_Voice_and_Falsetto\最初的梦想\Control_Group\0003.wav,Chinese/ZH-Tenor-1/Mixed_Voice_and_Falsetto/最初的梦想/Control_Group/0003.wav,Chinese,ZH-Tenor-1,最初的梦想,Control_Group,0,0,0,0,1,0,1,non_mix,000010,control_negative,0.746991
Chinese#ZH-Tenor-1#Mixed_Voice_and_Falsetto#最初的梦想#Control_Group#0004,D:\-MindEcho-main\ml_dl_models\gtsinger_multitech\dataset\raw\Chinese\ZH-Tenor-1\Mixed_Voice_and_Falsetto\最初的梦想\Control_Group\0004.wav,Chinese/ZH-Tenor-1/Mixed_Voice_and_Falsetto/最初的梦想/Control_Group/0004.wav,Chinese,ZH-Tenor-1,最初的梦想,Control_Group,0,0,0,0,1,0,1,non_mix,000010,control_negative,0.708644
Chinese#ZH-Tenor-1#Mixed_Voice_and_Falsetto#最初的梦想#Control_Group#0006,D:\-MindEcho-main\ml_dl_models\gtsinger_multitech\dataset\raw\Chinese\ZH-Tenor-1\Mixed_Voice_and_Falsetto\最初的梦想\Control_Group\0006.wav,Chinese/ZH-Tenor-1/Mixed_Voice_and_Falsetto/最初的梦想/Control_Group/0006.wav,Chinese,ZH-Tenor-1,最初的梦想,Control_Group,0,1,0,0,1,0,1,non_mix,010010,control_negative,0.796104
Chinese#ZH-Tenor-1#Mixed_Voice_and_Falsetto#最初的梦想#Control_Group#0007,D:\-MindEcho-main\ml_dl_models\gtsinger_multitech\dataset\raw\Chinese\ZH-Tenor-1\Mixed_Voice_and_Falsetto\最初的梦想\Control_Group\0007.wav,Chinese/ZH-Tenor-1/Mixed_Voice_and_Falsetto/最初的梦想/Control_Group/0007.wav,Chinese,ZH-Tenor-1,最初的梦想,Control_Group,0,0,0,0,1,0,1,non_mix,000010,control_negative,0.762632
Chinese#ZH-Tenor-1#Mixed_Voice_and_Falsetto#最初的梦想#Control_Group#0008,D:\-MindEcho-main\ml_dl_models\gtsinger_multitech\dataset\raw\Chinese\ZH-Tenor-1\Mixed_Voice_and_Falsetto\最初的梦想\Control_Group\0008.wav,Chinese/ZH-Tenor-1/Mixed_Voice_and_Falsetto/最初的梦想/Control_Group/0008.wav,Chinese,ZH-Tenor-1,最初的梦想,Control_Group,0,0,0,0,1,0,1,non_mix,000010,control_negative,0.780150
Chinese#ZH-Tenor-1#Mixed_Voice_and_Falsetto#最初的梦想#Control_Group#0009,D:\-MindEcho-main\ml_dl_models\gtsinger_multitech\dataset\raw\Chinese\ZH-Tenor-1\Mixed_Voice_and_Falsetto\最初的梦想\Control_Group\0009.wav,Chinese/ZH-Tenor-1/Mixed_Voice_and_Falsetto/最初的梦想/Control_Group/0009.wav,Chinese,ZH-Tenor-1,最初的梦想,Control_Group,0,0,0,0,1,0,1,non_mix,000010,control_negative,0.733861
Chinese#ZH-Tenor-1#Mixed_Voice_and_Falsetto#最初的梦想#Control_Group#0010,D:\-MindEcho-main\ml_dl_models\gtsinger_multitech\dataset\raw\Chinese\ZH-Tenor-1\Mixed_Voice_and_Falsetto\最初的梦想\Control_Group\0010.wav,Chinese/ZH-Tenor-1/Mixed_Voice_and_Falsetto/最初的梦想/Control_Group/0010.wav,Chinese,ZH-Tenor-1,最初的梦想,Control_Group,0,0,0,0,1,0,1,non_mix,000010,control_negative,0.713266
Chinese#ZH-Tenor-1#Mixed_Voice_and_Falsetto#最初的梦想#Control_Group#0011,D:\-MindEcho-main\ml_dl_models\gtsinger_multitech\dataset\raw\Chinese\ZH-Tenor-1\Mixed_Voice_and_Falsetto\最初的梦想\Control_Group\0011.wav,Chinese/ZH-Tenor-1/Mixed_Voice_and_Falsetto/最初的梦想/Control_Group/0011.wav,Chinese,ZH-Tenor-1,最初的梦想,Control_Group,0,0,0,0,1,0,1,non_mix,000010,control_negative,0.769519
Chinese#ZH-Tenor-1#Mixed_Voice_and_Falsetto#最初的梦想#Control_Group#0013,D:\-MindEcho-main\ml_dl_models\gtsinger_multitech\dataset\raw\Chinese\ZH-Tenor-1\Mixed_Voice_and_Falsetto\最初的梦想\Control_Group\0013.wav,Chinese/ZH-Tenor-1/Mixed_Voice_and_Falsetto/最初的梦想/Control_Group/0013.wav,Chinese,ZH-Tenor-1,最初的梦想,Control_Group,0,0,0,0,1,0,1,non_mix,000010,control_negative,0.750217
Chinese#ZH-Tenor-1#Mixed_Voice_and_Falsetto#最初的梦想#Control_Group#0014,D:\-MindEcho-main\ml_dl_models\gtsinger_multitech\dataset\raw\Chinese\ZH-Tenor-1\Mixed_Voice_and_Falsetto\最初的梦想\Control_Group\0014.wav,Chinese/ZH-Tenor-1/Mixed_Voice_and_Falsetto/最初的梦想/Control_Group/0014.wav,Chinese,ZH-Tenor-1,最初的梦想,Control_Group,0,0,0,0,1,0,1,non_mix,000010,control_negative,0.739114
Chinese#ZH-Tenor-1#Mixed_Voice_and_Falsetto#最初的梦想#Control_Group#0015,D:\-MindEcho-main\ml_dl_models\gtsinger_multitech\dataset\raw\Chinese\ZH-Tenor-1\Mixed_Voice_and_Falsetto\最初的梦想\Control_Group\0015.wav,Chinese/ZH-Tenor-1/Mixed_Voice_and_Falsetto/最初的梦想/Control_Group/0015.wav,Chinese,ZH-Tenor-1,最初的梦想,Control_Group,0,1,0,0,1,0,1,non_mix,010010,control_negative,0.749992
Chinese#ZH-Tenor-1#Mixed_Voice_and_Falsetto#最初的梦想#Control_Group#0016,D:\-MindEcho-main\ml_dl_models\gtsinger_multitech\dataset\raw\Chinese\ZH-Tenor-1\Mixed_Voice_and_Falsetto\最初的梦想\Control_Group\0016.wav,Chinese/ZH-Tenor-1/Mixed_Voice_and_Falsetto/最初的梦想/Control_Group/0016.wav,Chinese,ZH-Tenor-1,最初的梦想,Control_Group,0,0,0,0,1,0,1,non_mix,000010,control_negative,0.805349
Chinese#ZH-Tenor-1#Mixed_Voice_and_Falsetto#最初的梦想#Control_Group#0017,D:\-MindEcho-main\ml_dl_models\gtsinger_multitech\dataset\raw\Chinese\ZH-Tenor-1\Mixed_Voice_and_Falsetto\最初的梦想\Control_Group\0017.wav,Chinese/ZH-Tenor-1/Mixed_Voice_and_Falsetto/最初的梦想/Control_Group/0017.wav,Chinese,ZH-Tenor-1,最初的梦想,Control_Group,0,0,0,0,1,0,1,non_mix,000010,control_negative,0.818355
Chinese#ZH-Tenor-1#Mixed_Voice_and_Falsetto#最初的梦想#Control_Group#0018,D:\-MindEcho-main\ml_dl_models\gtsinger_multitech\dataset\raw\Chinese\ZH-Tenor-1\Mixed_Voice_and_Falsetto\最初的梦想\Control_Group\0018.wav,Chinese/ZH-Tenor-1/Mixed_Voice_and_Falsetto/最初的梦想/Control_Group/0018.wav,Chinese,ZH-Tenor-1,最初的梦想,Control_Group,0,0,0,0,1,0,1,non_mix,000010,control_negative,0.844131
Chinese#ZH-Tenor-1#Pharyngeal#最初的梦想#Control_Group#0000,D:\-MindEcho-main\ml_dl_models\gtsinger_multitech\dataset\raw\Chinese\ZH-Tenor-1\Pharyngeal\最初的梦想\Control_Group\0000.wav,Chinese/ZH-Tenor-1/Pharyngeal/最初的梦想/Control_Group/0000.wav,Chinese,ZH-Tenor-1,最初的梦想,Control_Group,1,0,0,0,1,0,1,clear_mix,100010,positive_mix,
Chinese#ZH-Tenor-1#Pharyngeal#最初的梦想#Control_Group#0001,D:\-MindEcho-main\ml_dl_models\gtsinger_multitech\dataset\raw\Chinese\ZH-Tenor-1\Pharyngeal\最初的梦想\Control_Group\0001.wav,Chinese/ZH-Tenor-1/Pharyngeal/最初的梦想/Control_Group/0001.wav,Chinese,ZH-Tenor-1,最初的梦想,Control_Group,1,0,0,0,1,0,1,clear_mix,100010,positive_mix,
Chinese#ZH-Tenor-1#Pharyngeal#最初的梦想#Control_Group#0002,D:\-MindEcho-main\ml_dl_models\gtsinger_multitech\dataset\raw\Chinese\ZH-Tenor-1\Pharyngeal\最初的梦想\Control_Group\0002.wav,Chinese/ZH-Tenor-1/Pharyngeal/最初的梦想/Control_Group/0002.wav,Chinese,ZH-Tenor-1,最初的梦想,Control_Group,1,0,0,0,1,0,1,clear_mix,100010,positive_mix,
Chinese#ZH-Tenor-1#Pharyngeal#最初的梦想#Control_Group#0003,D:\-MindEcho-main\ml_dl_models\gtsinger_multitech\dataset\raw\Chinese\ZH-Tenor-1\Pharyngeal\最初的梦想\Control_Group\0003.wav,Chinese/ZH-Tenor-1/Pharyngeal/最初的梦想/Control_Group/0003.wav,Chinese,ZH-Tenor-1,最初的梦想,Control_Group,1,0,0,0,1,0,1,clear_mix,100010,positive_mix,
Chinese#ZH-Tenor-1#Pharyngeal#最初的梦想#Control_Group#0004,D:\-MindEcho-main\ml_dl_models\gtsinger_multitech\dataset\raw\Chinese\ZH-Tenor-1\Pharyngeal\最初的梦想\Control_Group\0004.wav,Chinese/ZH-Tenor-1/Pharyngeal/最初的梦想/Control_Group/0004.wav,Chinese,ZH-Tenor-1,最初的梦想,Control_Group,1,0,0,0,1,0,1,clear_mix,100010,positive_mix,
Chinese#ZH-Tenor-1#Pharyngeal#最初的梦想#Control_Group#0006,D:\-MindEcho-main\ml_dl_models\gtsinger_multitech\dataset\raw\Chinese\ZH-Tenor-1\Pharyngeal\最初的梦想\Control_Group\0006.wav,Chinese/ZH-Tenor-1/Pharyngeal/最初的梦想/Control_Group/0006.wav,Chinese,ZH-Tenor-1,最初的梦想,Control_Group,1,1,0,0,1,0,1,head_mix,110010,positive_mix,
Chinese#ZH-Tenor-1#Pharyngeal#最初的梦想#Control_Group#0007,D:\-MindEcho-main\ml_dl_models\gtsinger_multitech\dataset\raw\Chinese\ZH-Tenor-1\Pharyngeal\最初的梦想\Control_Group\0007.wav,Chinese/ZH-Tenor-1/Pharyngeal/最初的梦想/Control_Group/0007.wav,Chinese,ZH-Tenor-1,最初的梦想,Control_Group,1,0,0,0,1,0,1,clear_mix,100010,positive_mix,
Chinese#ZH-Tenor-1#Pharyngeal#最初的梦想#Control_Group#0008,D:\-MindEcho-main\ml_dl_models\gtsinger_multitech\dataset\raw\Chinese\ZH-Tenor-1\Pharyngeal\最初的梦想\Control_Group\0008.wav,Chinese/ZH-Tenor-1/Pharyngeal/最初的梦想/Control_Group/0008.wav,Chinese,ZH-Tenor-1,最初的梦想,Control_Group,1,0,0,0,1,0,1,clear_mix,100010,positive_mix,
Chinese#ZH-Tenor-1#Pharyngeal#最初的梦想#Control_Group#0009,D:\-MindEcho-main\ml_dl_models\gtsinger_multitech\dataset\raw\Chinese\ZH-Tenor-1\Pharyngeal\最初的梦想\Control_Group\0009.wav,Chinese/ZH-Tenor-1/Pharyngeal/最初的梦想/Control_Group/0009.wav,Chinese,ZH-Tenor-1,最初的梦想,Control_Group,1,0,0,0,1,0,1,clear_mix,100010,positive_mix,
Chinese#ZH-Tenor-1#Pharyngeal#最初的梦想#Control_Group#0010,D:\-MindEcho-main\ml_dl_models\gtsinger_multitech\dataset\raw\Chinese\ZH-Tenor-1\Pharyngeal\最初的梦想\Control_Group\0010.wav,Chinese/ZH-Tenor-1/Pharyngeal/最初的梦想/Control_Group/0010.wav,Chinese,ZH-Tenor-1,最初的梦想,Control_Group,1,0,0,0,1,0,1,clear_mix,100010,positive_mix,
Chinese#ZH-Tenor-1#Pharyngeal#最初的梦想#Control_Group#0011,D:\-MindEcho-main\ml_dl_models\gtsinger_multitech\dataset\raw\Chinese\ZH-Tenor-1\Pharyngeal\最初的梦想\Control_Group\0011.wav,Chinese/ZH-Tenor-1/Pharyngeal/最初的梦想/Control_Group/0011.wav,Chinese,ZH-Tenor-1,最初的梦想,Control_Group,1,0,0,0,1,0,1,clear_mix,100010,positive_mix,
Chinese#ZH-Tenor-1#Pharyngeal#最初的梦想#Control_Group#0016,D:\-MindEcho-main\ml_dl_models\gtsinger_multitech\dataset\raw\Chinese\ZH-Tenor-1\Pharyngeal\最初的梦想\Control_Group\0016.wav,Chinese/ZH-Tenor-1/Pharyngeal/最初的梦想/Control_Group/0016.wav,Chinese,ZH-Tenor-1,最初的梦想,Control_Group,1,0,0,0,1,0,1,clear_mix,100010,positive_mix,
Chinese#ZH-Tenor-1#Pharyngeal#最初的梦想#Control_Group#0017,D:\-MindEcho-main\ml_dl_models\gtsinger_multitech\dataset\raw\Chinese\ZH-Tenor-1\Pharyngeal\最初的梦想\Control_Group\0017.wav,Chinese/ZH-Tenor-1/Pharyngeal/最初的梦想/Control_Group/0017.wav,Chinese,ZH-Tenor-1,最初的梦想,Control_Group,1,0,0,0,1,0,1,clear_mix,100010,positive_mix,
Chinese#ZH-Tenor-1#Vibrato#最长的电影#Control_Group#0001,D:\-MindEcho-main\ml_dl_models\gtsinger_multitech\dataset\raw\Chinese\ZH-Tenor-1\Vibrato\最长的电影\Control_Group\0001.wav,Chinese/ZH-Tenor-1/Vibrato/最长的电影/Control_Group/0001.wav,Chinese,ZH-Tenor-1,最长的电影,Control_Group,0,0,0,0,1,0,1,non_mix,000010,control_negative,0.819668
Chinese#ZH-Tenor-1#Vibrato#最长的电影#Control_Group#0002,D:\-MindEcho-main\ml_dl_models\gtsinger_multitech\dataset\raw\Chinese\ZH-Tenor-1\Vibrato\最长的电影\Control_Group\0002.wav,Chinese/ZH-Tenor-1/Vibrato/最长的电影/Control_Group/0002.wav,Chinese,ZH-Tenor-1,最长的电影,Control_Group,0,0,0,0,1,0,1,non_mix,000010,control_negative,0.568734
Chinese#ZH-Tenor-1#Vibrato#最长的电影#Control_Group#0003,D:\-MindEcho-main\ml_dl_models\gtsinger_multitech\dataset\raw\Chinese\ZH-Tenor-1\Vibrato\最长的电影\Control_Group\0003.wav,Chinese/ZH-Tenor-1/Vibrato/最长的电影/Control_Group/0003.wav,Chinese,ZH-Tenor-1,最长的电影,Control_Group,0,0,0,0,1,0,1,non_mix,000010,control_negative,0.714542
Chinese#ZH-Tenor-1#Vibrato#最长的电影#Control_Group#0004,D:\-MindEcho-main\ml_dl_models\gtsinger_multitech\dataset\raw\Chinese\ZH-Tenor-1\Vibrato\最长的电影\Control_Group\0004.wav,Chinese/ZH-Tenor-1/Vibrato/最长的电影/Control_Group/0004.wav,Chinese,ZH-Tenor-1,最长的电影,Control_Group,0,0,0,0,1,0,1,non_mix,000010,control_negative,0.655589
Chinese#ZH-Tenor-1#Vibrato#最长的电影#Control_Group#0005,D:\-MindEcho-main\ml_dl_models\gtsinger_multitech\dataset\raw\Chinese\ZH-Tenor-1\Vibrato\最长的电影\Control_Group\0005.wav,Chinese/ZH-Tenor-1/Vibrato/最长的电影/Control_Group/0005.wav,Chinese,ZH-Tenor-1,最长的电影,Control_Group,0,0,0,0,1,0,1,non_mix,000010,control_negative,0.793283
Chinese#ZH-Tenor-1#Vibrato#最长的电影#Control_Group#0006,D:\-MindEcho-main\ml_dl_models\gtsinger_multitech\dataset\raw\Chinese\ZH-Tenor-1\Vibrato\最长的电影\Control_Group\0006.wav,Chinese/ZH-Tenor-1/Vibrato/最长的电影/Control_Group/0006.wav,Chinese,ZH-Tenor-1,最长的电影,Control_Group,0,0,0,0,1,0,1,non_mix,000010,control_negative,0.718792
Chinese#ZH-Tenor-1#Mixed_Voice_and_Falsetto#末班车#Control_Group#0000,D:\-MindEcho-main\ml_dl_models\gtsinger_multitech\dataset\raw\Chinese\ZH-Tenor-1\Mixed_Voice_and_Falsetto\末班车\Control_Group\0000.wav,Chinese/ZH-Tenor-1/Mixed_Voice_and_Falsetto/末班车/Control_Group/0000.wav,Chinese,ZH-Tenor-1,末班车,Control_Group,0,0,0,0,1,0,1,non_mix,000010,control_negative,0.710846
Chinese#ZH-Tenor-1#Mixed_Voice_and_Falsetto#末班车#Control_Group#0002,D:\-MindEcho-main\ml_dl_models\gtsinger_multitech\dataset\raw\Chinese\ZH-Tenor-1\Mixed_Voice_and_Falsetto\末班车\Control_Group\0002.wav,Chinese/ZH-Tenor-1/Mixed_Voice_and_Falsetto/末班车/Control_Group/0002.wav,Chinese,ZH-Tenor-1,末班车,Control_Group,0,0,0,0,1,0,1,non_mix,000010,control_negative,0.736753
Chinese#ZH-Tenor-1#Mixed_Voice_and_Falsetto#末班车#Control_Group#0003,D:\-MindEcho-main\ml_dl_models\gtsinger_multitech\dataset\raw\Chinese\ZH-Tenor-1\Mixed_Voice_and_Falsetto\末班车\Control_Group\0003.wav,Chinese/ZH-Tenor-1/Mixed_Voice_and_Falsetto/末班车/Control_Group/0003.wav,Chinese,ZH-Tenor-1,末班车,Control_Group,0,0,0,0,1,0,1,non_mix,000010,control_negative,0.533904
Chinese#ZH-Tenor-1#Mixed_Voice_and_Falsetto#末班车#Control_Group#0005,D:\-MindEcho-main\ml_dl_models\gtsinger_multitech\dataset\raw\Chinese\ZH-Tenor-1\Mixed_Voice_and_Falsetto\末班车\Control_Group\0005.wav,Chinese/ZH-Tenor-1/Mixed_Voice_and_Falsetto/末班车/Control_Group/0005.wav,Chinese,ZH-Tenor-1,末班车,Control_Group,0,0,0,0,1,0,1,non_mix,000010,control_negative,0.540414
Chinese#ZH-Tenor-1#Mixed_Voice_and_Falsetto#末班车#Control_Group#0008,D:\-MindEcho-main\ml_dl_models\gtsinger_multitech\dataset\raw\Chinese\ZH-Tenor-1\Mixed_Voice_and_Falsetto\末班车\Control_Group\0008.wav,Chinese/ZH-Tenor-1/Mixed_Voice_and_Falsetto/末班车/Control_Group/0008.wav,Chinese,ZH-Tenor-1,末班车,Control_Group,0,0,0,0,1,0,1,non_mix,000010,control_negative,0.653391
Chinese#ZH-Tenor-1#Vibrato#末班车#Control_Group#0000,D:\-MindEcho-main\ml_dl_models\gtsinger_multitech\dataset\raw\Chinese\ZH-Tenor-1\Vibrato\末班车\Control_Group\0000.wav,Chinese/ZH-Tenor-1/Vibrato/末班车/Control_Group/0000.wav,Chinese,ZH-Tenor-1,末班车,Control_Group,0,0,0,0,1,0,1,non_mix,000010,control_negative,0.616354
Chinese#ZH-Tenor-1#Vibrato#末班车#Control_Group#0001,D:\-MindEcho-main\ml_dl_models\gtsinger_multitech\dataset\raw\Chinese\ZH-Tenor-1\Vibrato\末班车\Control_Group\0001.wav,Chinese/ZH-Tenor-1/Vibrato/末班车/Control_Group/0001.wav,Chinese,ZH-Tenor-1,末班车,Control_Group,0,0,0,0,1,0,1,non_mix,000010,control_negative,0.532866
Chinese#ZH-Tenor-1#Vibrato#末班车#Control_Group#0006,D:\-MindEcho-main\ml_dl_models\gtsinger_multitech\dataset\raw\Chinese\ZH-Tenor-1\Vibrato\末班车\Control_Group\0006.wav,Chinese/ZH-Tenor-1/Vibrato/末班车/Control_Group/0006.wav,Chinese,ZH-Tenor-1,末班车,Control_Group,0,0,0,0,1,0,1,non_mix,000010,control_negative,0.617185
Chinese#ZH-Tenor-1#Vibrato#末班车#Control_Group#0007,D:\-MindEcho-main\ml_dl_models\gtsinger_multitech\dataset\raw\Chinese\ZH-Tenor-1\Vibrato\末班车\Control_Group\0007.wav,Chinese/ZH-Tenor-1/Vibrato/末班车/Control_Group/0007.wav,Chinese,ZH-Tenor-1,末班车,Control_Group,0,0,0,0,1,0,1,non_mix,000010,control_negative,0.665379
Chinese#ZH-Tenor-1#Mixed_Voice_and_Falsetto#枫#Control_Group#0000,D:\-MindEcho-main\ml_dl_models\gtsinger_multitech\dataset\raw\Chinese\ZH-Tenor-1\Mixed_Voice_and_Falsetto\枫\Control_Group\0000.wav,Chinese/ZH-Tenor-1/Mixed_Voice_and_Falsetto/枫/Control_Group/0000.wav,Chinese,ZH-Tenor-1,枫,Control_Group,0,0,0,0,1,0,1,non_mix,000010,control_negative,0.546213
Chinese#ZH-Tenor-1#Mixed_Voice_and_Falsetto#枫#Control_Group#0006,D:\-MindEcho-main\ml_dl_models\gtsinger_multitech\dataset\raw\Chinese\ZH-Tenor-1\Mixed_Voice_and_Falsetto\枫\Control_Group\0006.wav,Chinese/ZH-Tenor-1/Mixed_Voice_and_Falsetto/枫/Control_Group/0006.wav,Chinese,ZH-Tenor-1,枫,Control_Group,0,0,0,0,1,0,1,non_mix,000010,control_negative,0.589219
Chinese#ZH-Tenor-1#Mixed_Voice_and_Falsetto#枫#Control_Group#0007,D:\-MindEcho-main\ml_dl_models\gtsinger_multitech\dataset\raw\Chinese\ZH-Tenor-1\Mixed_Voice_and_Falsetto\枫\Control_Group\0007.wav,Chinese/ZH-Tenor-1/Mixed_Voice_and_Falsetto/枫/Control_Group/0007.wav,Chinese,ZH-Tenor-1,枫,Control_Group,0,0,0,0,1,0,1,non_mix,000010,control_negative,0.619724
Chinese#ZH-Tenor-1#Mixed_Voice_and_Falsetto#枫#Control_Group#0009,D:\-MindEcho-main\ml_dl_models\gtsinger_multitech\dataset\raw\Chinese\ZH-Tenor-1\Mixed_Voice_and_Falsetto\枫\Control_Group\0009.wav,Chinese/ZH-Tenor-1/Mixed_Voice_and_Falsetto/枫/Control_Group/0009.wav,Chinese,ZH-Tenor-1,枫,Control_Group,0,0,0,0,1,0,1,non_mix,000010,control_negative,0.541588
Chinese#ZH-Tenor-1#Mixed_Voice_and_Falsetto#枫#Control_Group#0010,D:\-MindEcho-main\ml_dl_models\gtsinger_multitech\dataset\raw\Chinese\ZH-Tenor-1\Mixed_Voice_and_Falsetto\枫\Control_Group\0010.wav,Chinese/ZH-Tenor-1/Mixed_Voice_and_Falsetto/枫/Control_Group/0010.wav,Chinese,ZH-Tenor-1,枫,Control_Group,0,0,0,0,1,0,1,non_mix,000010,control_negative,0.595292
Chinese#ZH-Tenor-1#Mixed_Voice_and_Falsetto#枫#Control_Group#0011,D:\-MindEcho-main\ml_dl_models\gtsinger_multitech\dataset\raw\Chinese\ZH-Tenor-1\Mixed_Voice_and_Falsetto\枫\Control_Group\0011.wav,Chinese/ZH-Tenor-1/Mixed_Voice_and_Falsetto/枫/Control_Group/0011.wav,Chinese,ZH-Tenor-1,枫,Control_Group,0,0,0,1,1,0,1,non_mix,000110,control_negative,0.596911
Chinese#ZH-Tenor-1#Glissando#残酷月光#Control_Group#0000,D:\-MindEcho-main\ml_dl_models\gtsinger_multitech\dataset\raw\Chinese\ZH-Tenor-1\Glissando\残酷月光\Control_Group\0000.wav,Chinese/ZH-Tenor-1/Glissando/残酷月光/Control_Group/0000.wav,Chinese,ZH-Tenor-1,残酷月光,Control_Group,0,0,0,0,1,0,1,non_mix,000010,control_negative,0.535548
Chinese#ZH-Tenor-1#Glissando#残酷月光#Control_Group#0001,D:\-MindEcho-main\ml_dl_models\gtsinger_multitech\dataset\raw\Chinese\ZH-Tenor-1\Glissando\残酷月光\Control_Group\0001.wav,Chinese/ZH-Tenor-1/Glissando/残酷月光/Control_Group/0001.wav,Chinese,ZH-Tenor-1,残酷月光,Control_Group,0,0,0,0,0,0,0,non_mix,000000,control_negative,0.483921
Chinese#ZH-Tenor-1#Glissando#残酷月光#Control_Group#0003,D:\-MindEcho-main\ml_dl_models\gtsinger_multitech\dataset\raw\Chinese\ZH-Tenor-1\Glissando\残酷月光\Control_Group\0003.wav,Chinese/ZH-Tenor-1/Glissando/残酷月光/Control_Group/0003.wav,Chinese,ZH-Tenor-1,残酷月光,Control_Group,0,0,0,0,1,0,1,non_mix,000010,control_negative,0.657038
Chinese#ZH-Tenor-1#Glissando#残酷月光#Control_Group#0005,D:\-MindEcho-main\ml_dl_models\gtsinger_multitech\dataset\raw\Chinese\ZH-Tenor-1\Glissando\残酷月光\Control_Group\0005.wav,Chinese/ZH-Tenor-1/Glissando/残酷月光/Control_Group/0005.wav,Chinese,ZH-Tenor-1,残酷月光,Control_Group,0,0,0,0,0,0,0,non_mix,000000,control_negative,0.601894
Chinese#ZH-Tenor-1#Glissando#残酷月光#Control_Group#0006,D:\-MindEcho-main\ml_dl_models\gtsinger_multitech\dataset\raw\Chinese\ZH-Tenor-1\Glissando\残酷月光\Control_Group\0006.wav,Chinese/ZH-Tenor-1/Glissando/残酷月光/Control_Group/0006.wav,Chinese,ZH-Tenor-1,残酷月光,Control_Group,0,0,0,0,0,0,0,non_mix,000000,control_negative,0.646131
Chinese#ZH-Tenor-1#Glissando#残酷月光#Control_Group#0007,D:\-MindEcho-main\ml_dl_models\gtsinger_multitech\dataset\raw\Chinese\ZH-Tenor-1\Glissando\残酷月光\Control_Group\0007.wav,Chinese/ZH-Tenor-1/Glissando/残酷月光/Control_Group/0007.wav,Chinese,ZH-Tenor-1,残酷月光,Control_Group,0,0,0,0,1,0,1,non_mix,000010,control_negative,0.770580
Chinese#ZH-Tenor-1#Glissando#残酷月光#Control_Group#0008,D:\-MindEcho-main\ml_dl_models\gtsinger_multitech\dataset\raw\Chinese\ZH-Tenor-1\Glissando\残酷月光\Control_Group\0008.wav,Chinese/ZH-Tenor-1/Glissando/残酷月光/Control_Group/0008.wav,Chinese,ZH-Tenor-1,残酷月光,Control_Group,0,0,0,1,0,0,1,non_mix,000100,control_negative,0.772579
Chinese#ZH-Tenor-1#Glissando#残酷月光#Control_Group#0009,D:\-MindEcho-main\ml_dl_models\gtsinger_multitech\dataset\raw\Chinese\ZH-Tenor-1\Glissando\残酷月光\Control_Group\0009.wav,Chinese/ZH-Tenor-1/Glissando/残酷月光/Control_Group/0009.wav,Chinese,ZH-Tenor-1,残酷月光,Control_Group,0,0,0,0,0,0,0,non_mix,000000,control_negative,0.629982
Chinese#ZH-Tenor-1#Mixed_Voice_and_Falsetto#残酷月光#Control_Group#0002,D:\-MindEcho-main\ml_dl_models\gtsinger_multitech\dataset\raw\Chinese\ZH-Tenor-1\Mixed_Voice_and_Falsetto\残酷月光\Control_Group\0002.wav,Chinese/ZH-Tenor-1/Mixed_Voice_and_Falsetto/残酷月光/Control_Group/0002.wav,Chinese,ZH-Tenor-1,残酷月光,Control_Group,0,0,0,0,1,0,1,non_mix,000010,control_negative,0.593568
Chinese#ZH-Tenor-1#Mixed_Voice_and_Falsetto#残酷月光#Control_Group#0003,D:\-MindEcho-main\ml_dl_models\gtsinger_multitech\dataset\raw\Chinese\ZH-Tenor-1\Mixed_Voice_and_Falsetto\残酷月光\Control_Group\0003.wav,Chinese/ZH-Tenor-1/Mixed_Voice_and_Falsetto/残酷月光/Control_Group/0003.wav,Chinese,ZH-Tenor-1,残酷月光,Control_Group,0,0,0,0,1,0,1,non_mix,000010,control_negative,0.710422
Chinese#ZH-Tenor-1#Mixed_Voice_and_Falsetto#残酷月光#Control_Group#0004,D:\-MindEcho-main\ml_dl_models\gtsinger_multitech\dataset\raw\Chinese\ZH-Tenor-1\Mixed_Voice_and_Falsetto\残酷月光\Control_Group\0004.wav,Chinese/ZH-Tenor-1/Mixed_Voice_and_Falsetto/残酷月光/Control_Group/0004.wav,Chinese,ZH-Tenor-1,残酷月光,Control_Group,0,0,0,0,1,0,1,non_mix,000010,control_negative,0.591185
Chinese#ZH-Tenor-1#Mixed_Voice_and_Falsetto#残酷月光#Control_Group#0005,D:\-MindEcho-main\ml_dl_models\gtsinger_multitech\dataset\raw\Chinese\ZH-Tenor-1\Mixed_Voice_and_Falsetto\残酷月光\Control_Group\0005.wav,Chinese/ZH-Tenor-1/Mixed_Voice_and_Falsetto/残酷月光/Control_Group/0005.wav,Chinese,ZH-Tenor-1,残酷月光,Control_Group,0,0,0,0,1,0,1,non_mix,000010,control_negative,0.653414
Chinese#ZH-Tenor-1#Mixed_Voice_and_Falsetto#残酷月光#Control_Group#0006,D:\-MindEcho-main\ml_dl_models\gtsinger_multitech\dataset\raw\Chinese\ZH-Tenor-1\Mixed_Voice_and_Falsetto\残酷月光\Control_Group\0006.wav,Chinese/ZH-Tenor-1/Mixed_Voice_and_Falsetto/残酷月光/Control_Group/0006.wav,Chinese,ZH-Tenor-1,残酷月光,Control_Group,0,0,0,0,1,0,1,non_mix,000010,control_negative,0.630754
Chinese#ZH-Tenor-1#Mixed_Voice_and_Falsetto#残酷月光#Control_Group#0007,D:\-MindEcho-main\ml_dl_models\gtsinger_multitech\dataset\raw\Chinese\ZH-Tenor-1\Mixed_Voice_and_Falsetto\残酷月光\Control_Group\0007.wav,Chinese/ZH-Tenor-1/Mixed_Voice_and_Falsetto/残酷月光/Control_Group/0007.wav,Chinese,ZH-Tenor-1,残酷月光,Control_Group,0,0,0,0,1,0,1,non_mix,000010,control_negative,0.740613
Chinese#ZH-Tenor-1#Mixed_Voice_and_Falsetto#残酷月光#Control_Group#0009,D:\-MindEcho-main\ml_dl_models\gtsinger_multitech\dataset\raw\Chinese\ZH-Tenor-1\Mixed_Voice_and_Falsetto\残酷月光\Control_Group\0009.wav,Chinese/ZH-Tenor-1/Mixed_Voice_and_Falsetto/残酷月光/Control_Group/0009.wav,Chinese,ZH-Tenor-1,残酷月光,Control_Group,0,0,0,0,1,0,1,non_mix,000010,control_negative,0.677022
Chinese#ZH-Tenor-1#Mixed_Voice_and_Falsetto#残酷月光#Control_Group#0010,D:\-MindEcho-main\ml_dl_models\gtsinger_multitech\dataset\raw\Chinese\ZH-Tenor-1\Mixed_Voice_and_Falsetto\残酷月光\Control_Group\0010.wav,Chinese/ZH-Tenor-1/Mixed_Voice_and_Falsetto/残酷月光/Control_Group/0010.wav,Chinese,ZH-Tenor-1,残酷月光,Control_Group,0,0,0,0,1,0,1,non_mix,000010,control_negative,0.555025
Chinese#ZH-Tenor-1#Mixed_Voice_and_Falsetto#残酷月光#Control_Group#0011,D:\-MindEcho-main\ml_dl_models\gtsinger_multitech\dataset\raw\Chinese\ZH-Tenor-1\Mixed_Voice_and_Falsetto\残酷月光\Control_Group\0011.wav,Chinese/ZH-Tenor-1/Mixed_Voice_and_Falsetto/残酷月光/Control_Group/0011.wav,Chinese,ZH-Tenor-1,残酷月光,Control_Group,0,0,0,0,1,0,1,non_mix,000010,control_negative,0.615326
Chinese#ZH-Tenor-1#Mixed_Voice_and_Falsetto#残酷月光#Control_Group#0012,D:\-MindEcho-main\ml_dl_models\gtsinger_multitech\dataset\raw\Chinese\ZH-Tenor-1\Mixed_Voice_and_Falsetto\残酷月光\Control_Group\0012.wav,Chinese/ZH-Tenor-1/Mixed_Voice_and_Falsetto/残酷月光/Control_Group/0012.wav,Chinese,ZH-Tenor-1,残酷月光,Control_Group,0,0,0,0,1,0,1,non_mix,000010,control_negative,0.645441
Chinese#ZH-Tenor-1#Mixed_Voice_and_Falsetto#残酷月光#Control_Group#0013,D:\-MindEcho-main\ml_dl_models\gtsinger_multitech\dataset\raw\Chinese\ZH-Tenor-1\Mixed_Voice_and_Falsetto\残酷月光\Control_Group\0013.wav,Chinese/ZH-Tenor-1/Mixed_Voice_and_Falsetto/残酷月光/Control_Group/0013.wav,Chinese,ZH-Tenor-1,残酷月光,Control_Group,0,0,0,0,1,0,1,non_mix,000010,control_negative,0.616223
Chinese#ZH-Tenor-1#Mixed_Voice_and_Falsetto#残酷月光#Control_Group#0014,D:\-MindEcho-main\ml_dl_models\gtsinger_multitech\dataset\raw\Chinese\ZH-Tenor-1\Mixed_Voice_and_Falsetto\残酷月光\Control_Group\0014.wav,Chinese/ZH-Tenor-1/Mixed_Voice_and_Falsetto/残酷月光/Control_Group/0014.wav,Chinese,ZH-Tenor-1,残酷月光,Control_Group,0,0,0,0,1,0,1,non_mix,000010,control_negative,0.737332
Chinese#ZH-Tenor-1#Mixed_Voice_and_Falsetto#残酷月光#Control_Group#0015,D:\-MindEcho-main\ml_dl_models\gtsinger_multitech\dataset\raw\Chinese\ZH-Tenor-1\Mixed_Voice_and_Falsetto\残酷月光\Control_Group\0015.wav,Chinese/ZH-Tenor-1/Mixed_Voice_and_Falsetto/残酷月光/Control_Group/0015.wav,Chinese,ZH-Tenor-1,残酷月光,Control_Group,0,0,0,0,1,0,1,non_mix,000010,control_negative,0.657207
Chinese#ZH-Tenor-1#Mixed_Voice_and_Falsetto#残酷月光#Control_Group#0016,D:\-MindEcho-main\ml_dl_models\gtsinger_multitech\dataset\raw\Chinese\ZH-Tenor-1\Mixed_Voice_and_Falsetto\残酷月光\Control_Group\0016.wav,Chinese/ZH-Tenor-1/Mixed_Voice_and_Falsetto/残酷月光/Control_Group/0016.wav,Chinese,ZH-Tenor-1,残酷月光,Control_Group,0,0,0,0,1,0,1,non_mix,000010,control_negative,0.596576
Chinese#ZH-Tenor-1#Mixed_Voice_and_Falsetto#残酷月光#Control_Group#0017,D:\-MindEcho-main\ml_dl_models\gtsinger_multitech\dataset\raw\Chinese\ZH-Tenor-1\Mixed_Voice_and_Falsetto\残酷月光\Control_Group\0017.wav,Chinese/ZH-Tenor-1/Mixed_Voice_and_Falsetto/残酷月光/Control_Group/0017.wav,Chinese,ZH-Tenor-1,残酷月光,Control_Group,0,0,0,0,1,0,1,non_mix,000010,control_negative,0.590190
Chinese#ZH-Tenor-1#Mixed_Voice_and_Falsetto#残酷月光#Control_Group#0018,D:\-MindEcho-main\ml_dl_models\gtsinger_multitech\dataset\raw\Chinese\ZH-Tenor-1\Mixed_Voice_and_Falsetto\残酷月光\Control_Group\0018.wav,Chinese/ZH-Tenor-1/Mixed_Voice_and_Falsetto/残酷月光/Control_Group/0018.wav,Chinese,ZH-Tenor-1,残酷月光,Control_Group,0,0,0,0,1,0,1,non_mix,000010,control_negative,0.633703
Chinese#ZH-Tenor-1#Mixed_Voice_and_Falsetto#残酷月光#Control_Group#0019,D:\-MindEcho-main\ml_dl_models\gtsinger_multitech\dataset\raw\Chinese\ZH-Tenor-1\Mixed_Voice_and_Falsetto\残酷月光\Control_Group\0019.wav,Chinese/ZH-Tenor-1/Mixed_Voice_and_Falsetto/残酷月光/Control_Group/0019.wav,Chinese,ZH-Tenor-1,残酷月光,Control_Group,0,0,0,0,1,0,1,non_mix,000010,control_negative,0.771121
Chinese#ZH-Tenor-1#Mixed_Voice_and_Falsetto#残酷月光#Control_Group#0020,D:\-MindEcho-main\ml_dl_models\gtsinger_multitech\dataset\raw\Chinese\ZH-Tenor-1\Mixed_Voice_and_Falsetto\残酷月光\Control_Group\0020.wav,Chinese/ZH-Tenor-1/Mixed_Voice_and_Falsetto/残酷月光/Control_Group/0020.wav,Chinese,ZH-Tenor-1,残酷月光,Control_Group,0,0,0,0,1,0,1,non_mix,000010,control_negative,0.538094
Chinese#ZH-Tenor-1#Mixed_Voice_and_Falsetto#残酷月光#Control_Group#0021,D:\-MindEcho-main\ml_dl_models\gtsinger_multitech\dataset\raw\Chinese\ZH-Tenor-1\Mixed_Voice_and_Falsetto\残酷月光\Control_Group\0021.wav,Chinese/ZH-Tenor-1/Mixed_Voice_and_Falsetto/残酷月光/Control_Group/0021.wav,Chinese,ZH-Tenor-1,残酷月光,Control_Group,0,0,0,0,1,0,1,non_mix,000010,control_negative,0.660340
Chinese#ZH-Tenor-1#Vibrato#残酷月光#Control_Group#0001,D:\-MindEcho-main\ml_dl_models\gtsinger_multitech\dataset\raw\Chinese\ZH-Tenor-1\Vibrato\残酷月光\Control_Group\0001.wav,Chinese/ZH-Tenor-1/Vibrato/残酷月光/Control_Group/0001.wav,Chinese,ZH-Tenor-1,残酷月光,Control_Group,0,0,0,0,1,0,1,non_mix,000010,control_negative,0.608023
Chinese#ZH-Tenor-1#Vibrato#残酷月光#Control_Group#0005,D:\-MindEcho-main\ml_dl_models\gtsinger_multitech\dataset\raw\Chinese\ZH-Tenor-1\Vibrato\残酷月光\Control_Group\0005.wav,Chinese/ZH-Tenor-1/Vibrato/残酷月光/Control_Group/0005.wav,Chinese,ZH-Tenor-1,残酷月光,Control_Group,0,0,0,0,1,0,1,non_mix,000010,control_negative,0.503660
Chinese#ZH-Tenor-1#Vibrato#残酷月光#Control_Group#0006,D:\-MindEcho-main\ml_dl_models\gtsinger_multitech\dataset\raw\Chinese\ZH-Tenor-1\Vibrato\残酷月光\Control_Group\0006.wav,Chinese/ZH-Tenor-1/Vibrato/残酷月光/Control_Group/0006.wav,Chinese,ZH-Tenor-1,残酷月光,Control_Group,0,0,0,0,0,0,0,non_mix,000000,control_negative,0.743684
Chinese#ZH-Tenor-1#Vibrato#残酷月光#Control_Group#0007,D:\-MindEcho-main\ml_dl_models\gtsinger_multitech\dataset\raw\Chinese\ZH-Tenor-1\Vibrato\残酷月光\Control_Group\0007.wav,Chinese/ZH-Tenor-1/Vibrato/残酷月光/Control_Group/0007.wav,Chinese,ZH-Tenor-1,残酷月光,Control_Group,0,0,0,0,1,0,1,non_mix,000010,control_negative,0.691079
Chinese#ZH-Tenor-1#Vibrato#残酷月光#Control_Group#0008,D:\-MindEcho-main\ml_dl_models\gtsinger_multitech\dataset\raw\Chinese\ZH-Tenor-1\Vibrato\残酷月光\Control_Group\0008.wav,Chinese/ZH-Tenor-1/Vibrato/残酷月光/Control_Group/0008.wav,Chinese,ZH-Tenor-1,残酷月光,Control_Group,0,0,0,0,1,0,1,non_mix,000010,control_negative,0.712985
Chinese#ZH-Tenor-1#Vibrato#残酷月光#Control_Group#0009,D:\-MindEcho-main\ml_dl_models\gtsinger_multitech\dataset\raw\Chinese\ZH-Tenor-1\Vibrato\残酷月光\Control_Group\0009.wav,Chinese/ZH-Tenor-1/Vibrato/残酷月光/Control_Group/0009.wav,Chinese,ZH-Tenor-1,残酷月光,Control_Group,0,0,0,0,1,0,1,non_mix,000010,control_negative,0.621905
Chinese#ZH-Tenor-1#Vibrato#残酷月光#Control_Group#0010,D:\-MindEcho-main\ml_dl_models\gtsinger_multitech\dataset\raw\Chinese\ZH-Tenor-1\Vibrato\残酷月光\Control_Group\0010.wav,Chinese/ZH-Tenor-1/Vibrato/残酷月光/Control_Group/0010.wav,Chinese,ZH-Tenor-1,残酷月光,Control_Group,0,0,0,0,1,0,1,non_mix,000010,control_negative,0.712432
Chinese#ZH-Tenor-1#Vibrato#水星记#Control_Group#0000,D:\-MindEcho-main\ml_dl_models\gtsinger_multitech\dataset\raw\Chinese\ZH-Tenor-1\Vibrato\水星记\Control_Group\0000.wav,Chinese/ZH-Tenor-1/Vibrato/水星记/Control_Group/0000.wav,Chinese,ZH-Tenor-1,水星记,Control_Group,0,0,0,0,1,0,1,non_mix,000010,control_negative,0.550895
Chinese#ZH-Tenor-1#Vibrato#水星记#Control_Group#0003,D:\-MindEcho-main\ml_dl_models\gtsinger_multitech\dataset\raw\Chinese\ZH-Tenor-1\Vibrato\水星记\Control_Group\0003.wav,Chinese/ZH-Tenor-1/Vibrato/水星记/Control_Group/0003.wav,Chinese,ZH-Tenor-1,水星记,Control_Group,0,0,0,0,1,0,1,non_mix,000010,control_negative,0.536287
Chinese#ZH-Tenor-1#Vibrato#水星记#Control_Group#0005,D:\-MindEcho-main\ml_dl_models\gtsinger_multitech\dataset\raw\Chinese\ZH-Tenor-1\Vibrato\水星记\Control_Group\0005.wav,Chinese/ZH-Tenor-1/Vibrato/水星记/Control_Group/0005.wav,Chinese,ZH-Tenor-1,水星记,Control_Group,0,0,0,0,1,0,1,non_mix,000010,control_negative,0.577984
Chinese#ZH-Tenor-1#Vibrato#水星记#Control_Group#0008,D:\-MindEcho-main\ml_dl_models\gtsinger_multitech\dataset\raw\Chinese\ZH-Tenor-1\Vibrato\水星记\Control_Group\0008.wav,Chinese/ZH-Tenor-1/Vibrato/水星记/Control_Group/0008.wav,Chinese,ZH-Tenor-1,水星记,Control_Group,0,0,0,0,1,0,1,non_mix,000010,control_negative,0.838661
Chinese#ZH-Tenor-1#Vibrato#水星记#Control_Group#0009,D:\-MindEcho-main\ml_dl_models\gtsinger_multitech\dataset\raw\Chinese\ZH-Tenor-1\Vibrato\水星记\Control_Group\0009.wav,Chinese/ZH-Tenor-1/Vibrato/水星记/Control_Group/0009.wav,Chinese,ZH-Tenor-1,水星记,Control_Group,0,0,0,0,1,0,1,non_mix,000010,control_negative,0.698695
Chinese#ZH-Tenor-1#Vibrato#水星记#Control_Group#0010,D:\-MindEcho-main\ml_dl_models\gtsinger_multitech\dataset\raw\Chinese\ZH-Tenor-1\Vibrato\水星记\Control_Group\0010.wav,Chinese/ZH-Tenor-1/Vibrato/水星记/Control_Group/0010.wav,Chinese,ZH-Tenor-1,水星记,Control_Group,0,0,0,0,1,0,1,non_mix,000010,control_negative,0.533405
Chinese#ZH-Tenor-1#Vibrato#水星记#Control_Group#0013,D:\-MindEcho-main\ml_dl_models\gtsinger_multitech\dataset\raw\Chinese\ZH-Tenor-1\Vibrato\水星记\Control_Group\0013.wav,Chinese/ZH-Tenor-1/Vibrato/水星记/Control_Group/0013.wav,Chinese,ZH-Tenor-1,水星记,Control_Group,0,0,0,0,1,0,1,non_mix,000010,control_negative,0.501856
Chinese#ZH-Tenor-1#Vibrato#水星记#Control_Group#0015,D:\-MindEcho-main\ml_dl_models\gtsinger_multitech\dataset\raw\Chinese\ZH-Tenor-1\Vibrato\水星记\Control_Group\0015.wav,Chinese/ZH-Tenor-1/Vibrato/水星记/Control_Group/0015.wav,Chinese,ZH-Tenor-1,水星记,Control_Group,0,0,0,0,1,0,1,non_mix,000010,control_negative,0.844118
Chinese#ZH-Tenor-1#Vibrato#水星记#Control_Group#0016,D:\-MindEcho-main\ml_dl_models\gtsinger_multitech\dataset\raw\Chinese\ZH-Tenor-1\Vibrato\水星记\Control_Group\0016.wav,Chinese/ZH-Tenor-1/Vibrato/水星记/Control_Group/0016.wav,Chinese,ZH-Tenor-1,水星记,Control_Group,0,0,0,0,1,0,1,non_mix,000010,control_negative,0.805966
Chinese#ZH-Tenor-1#Vibrato#水星记#Control_Group#0017,D:\-MindEcho-main\ml_dl_models\gtsinger_multitech\dataset\raw\Chinese\ZH-Tenor-1\Vibrato\水星记\Control_Group\0017.wav,Chinese/ZH-Tenor-1/Vibrato/水星记/Control_Group/0017.wav,Chinese,ZH-Tenor-1,水星记,Control_Group,0,0,0,0,1,0,1,non_mix,000010,control_negative,0.877278
Chinese#ZH-Tenor-1#Vibrato#水星记#Control_Group#0018,D:\-MindEcho-main\ml_dl_models\gtsinger_multitech\dataset\raw\Chinese\ZH-Tenor-1\Vibrato\水星记\Control_Group\0018.wav,Chinese/ZH-Tenor-1/Vibrato/水星记/Control_Group/0018.wav,Chinese,ZH-Tenor-1,水星记,Control_Group,0,0,0,0,1,0,1,non_mix,000010,control_negative,0.689472
Chinese#ZH-Tenor-1#Vibrato#水星记#Control_Group#0019,D:\-MindEcho-main\ml_dl_models\gtsinger_multitech\dataset\raw\Chinese\ZH-Tenor-1\Vibrato\水星记\Control_Group\0019.wav,Chinese/ZH-Tenor-1/Vibrato/水星记/Control_Group/0019.wav,Chinese,ZH-Tenor-1,水星记,Control_Group,0,0,0,0,1,0,1,non_mix,000010,control_negative,0.673268
Chinese#ZH-Tenor-1#Vibrato#水星记#Control_Group#0020,D:\-MindEcho-main\ml_dl_models\gtsinger_multitech\dataset\raw\Chinese\ZH-Tenor-1\Vibrato\水星记\Control_Group\0020.wav,Chinese/ZH-Tenor-1/Vibrato/水星记/Control_Group/0020.wav,Chinese,ZH-Tenor-1,水星记,Control_Group,0,0,0,0,1,0,1,non_mix,000010,control_negative,0.499935
Chinese#ZH-Tenor-1#Vibrato#水星记#Control_Group#0021,D:\-MindEcho-main\ml_dl_models\gtsinger_multitech\dataset\raw\Chinese\ZH-Tenor-1\Vibrato\水星记\Control_Group\0021.wav,Chinese/ZH-Tenor-1/Vibrato/水星记/Control_Group/0021.wav,Chinese,ZH-Tenor-1,水星记,Control_Group,0,0,0,0,1,0,1,non_mix,000010,control_negative,0.755741
Chinese#ZH-Tenor-1#Vibrato#水星记#Control_Group#0022,D:\-MindEcho-main\ml_dl_models\gtsinger_multitech\dataset\raw\Chinese\ZH-Tenor-1\Vibrato\水星记\Control_Group\0022.wav,Chinese/ZH-Tenor-1/Vibrato/水星记/Control_Group/0022.wav,Chinese,ZH-Tenor-1,水星记,Control_Group,0,0,0,0,1,0,1,non_mix,000010,control_negative,0.816056
Chinese#ZH-Tenor-1#Vibrato#水星记#Control_Group#0024,D:\-MindEcho-main\ml_dl_models\gtsinger_multitech\dataset\raw\Chinese\ZH-Tenor-1\Vibrato\水星记\Control_Group\0024.wav,Chinese/ZH-Tenor-1/Vibrato/水星记/Control_Group/0024.wav,Chinese,ZH-Tenor-1,水星记,Control_Group,0,0,0,0,1,0,1,non_mix,000010,control_negative,0.647898
Chinese#ZH-Tenor-1#Vibrato#水星记#Control_Group#0025,D:\-MindEcho-main\ml_dl_models\gtsinger_multitech\dataset\raw\Chinese\ZH-Tenor-1\Vibrato\水星记\Control_Group\0025.wav,Chinese/ZH-Tenor-1/Vibrato/水星记/Control_Group/0025.wav,Chinese,ZH-Tenor-1,水星记,Control_Group,0,0,0,0,1,0,1,non_mix,000010,control_negative,0.599968
Chinese#ZH-Tenor-1#Mixed_Voice_and_Falsetto#江南#Control_Group#0000,D:\-MindEcho-main\ml_dl_models\gtsinger_multitech\dataset\raw\Chinese\ZH-Tenor-1\Mixed_Voice_and_Falsetto\江南\Control_Group\0000.wav,Chinese/ZH-Tenor-1/Mixed_Voice_and_Falsetto/江南/Control_Group/0000.wav,Chinese,ZH-Tenor-1,江南,Control_Group,0,0,0,1,1,0,1,non_mix,000110,control_negative,0.599871
Chinese#ZH-Tenor-1#Mixed_Voice_and_Falsetto#江南#Control_Group#0001,D:\-MindEcho-main\ml_dl_models\gtsinger_multitech\dataset\raw\Chinese\ZH-Tenor-1\Mixed_Voice_and_Falsetto\江南\Control_Group\0001.wav,Chinese/ZH-Tenor-1/Mixed_Voice_and_Falsetto/江南/Control_Group/0001.wav,Chinese,ZH-Tenor-1,江南,Control_Group,0,0,0,1,1,0,1,non_mix,000110,control_negative,0.534606
Chinese#ZH-Tenor-1#Mixed_Voice_and_Falsetto#江南#Control_Group#0002,D:\-MindEcho-main\ml_dl_models\gtsinger_multitech\dataset\raw\Chinese\ZH-Tenor-1\Mixed_Voice_and_Falsetto\江南\Control_Group\0002.wav,Chinese/ZH-Tenor-1/Mixed_Voice_and_Falsetto/江南/Control_Group/0002.wav,Chinese,ZH-Tenor-1,江南,Control_Group,0,0,0,1,1,0,1,non_mix,000110,control_negative,0.505466
Chinese#ZH-Tenor-1#Mixed_Voice_and_Falsetto#江南#Control_Group#0004,D:\-MindEcho-main\ml_dl_models\gtsinger_multitech\dataset\raw\Chinese\ZH-Tenor-1\Mixed_Voice_and_Falsetto\江南\Control_Group\0004.wav,Chinese/ZH-Tenor-1/Mixed_Voice_and_Falsetto/江南/Control_Group/0004.wav,Chinese,ZH-Tenor-1,江南,Control_Group,0,0,0,0,1,0,1,non_mix,000010,control_negative,0.507761
Chinese#ZH-Tenor-1#Mixed_Voice_and_Falsetto#江南#Control_Group#0007,D:\-MindEcho-main\ml_dl_models\gtsinger_multitech\dataset\raw\Chinese\ZH-Tenor-1\Mixed_Voice_and_Falsetto\江南\Control_Group\0007.wav,Chinese/ZH-Tenor-1/Mixed_Voice_and_Falsetto/江南/Control_Group/0007.wav,Chinese,ZH-Tenor-1,江南,Control_Group,0,0,0,0,0,0,0,non_mix,000000,control_negative,0.643601
Chinese#ZH-Tenor-1#Mixed_Voice_and_Falsetto#江南#Control_Group#0008,D:\-MindEcho-main\ml_dl_models\gtsinger_multitech\dataset\raw\Chinese\ZH-Tenor-1\Mixed_Voice_and_Falsetto\江南\Control_Group\0008.wav,Chinese/ZH-Tenor-1/Mixed_Voice_and_Falsetto/江南/Control_Group/0008.wav,Chinese,ZH-Tenor-1,江南,Control_Group,0,0,0,1,1,0,1,non_mix,000110,control_negative,0.621794
Chinese#ZH-Tenor-1#Mixed_Voice_and_Falsetto#江南#Control_Group#0009,D:\-MindEcho-main\ml_dl_models\gtsinger_multitech\dataset\raw\Chinese\ZH-Tenor-1\Mixed_Voice_and_Falsetto\江南\Control_Group\0009.wav,Chinese/ZH-Tenor-1/Mixed_Voice_and_Falsetto/江南/Control_Group/0009.wav,Chinese,ZH-Tenor-1,江南,Control_Group,0,0,0,1,1,0,1,non_mix,000110,control_negative,0.601462
Chinese#ZH-Tenor-1#Mixed_Voice_and_Falsetto#演员#Control_Group#0001,D:\-MindEcho-main\ml_dl_models\gtsinger_multitech\dataset\raw\Chinese\ZH-Tenor-1\Mixed_Voice_and_Falsetto\演员\Control_Group\0001.wav,Chinese/ZH-Tenor-1/Mixed_Voice_and_Falsetto/演员/Control_Group/0001.wav,Chinese,ZH-Tenor-1,演员,Control_Group,0,0,0,0,1,0,1,non_mix,000010,control_negative,0.554452
Chinese#ZH-Tenor-1#Mixed_Voice_and_Falsetto#演员#Control_Group#0002,D:\-MindEcho-main\ml_dl_models\gtsinger_multitech\dataset\raw\Chinese\ZH-Tenor-1\Mixed_Voice_and_Falsetto\演员\Control_Group\0002.wav,Chinese/ZH-Tenor-1/Mixed_Voice_and_Falsetto/演员/Control_Group/0002.wav,Chinese,ZH-Tenor-1,演员,Control_Group,0,0,0,0,1,0,1,non_mix,000010,control_negative,0.623202
Chinese#ZH-Tenor-1#Mixed_Voice_and_Falsetto#演员#Control_Group#0003,D:\-MindEcho-main\ml_dl_models\gtsinger_multitech\dataset\raw\Chinese\ZH-Tenor-1\Mixed_Voice_and_Falsetto\演员\Control_Group\0003.wav,Chinese/ZH-Tenor-1/Mixed_Voice_and_Falsetto/演员/Control_Group/0003.wav,Chinese,ZH-Tenor-1,演员,Control_Group,0,0,0,0,1,0,1,non_mix,000010,control_negative,0.774593
Chinese#ZH-Tenor-1#Mixed_Voice_and_Falsetto#演员#Control_Group#0004,D:\-MindEcho-main\ml_dl_models\gtsinger_multitech\dataset\raw\Chinese\ZH-Tenor-1\Mixed_Voice_and_Falsetto\演员\Control_Group\0004.wav,Chinese/ZH-Tenor-1/Mixed_Voice_and_Falsetto/演员/Control_Group/0004.wav,Chinese,ZH-Tenor-1,演员,Control_Group,0,0,0,0,1,0,1,non_mix,000010,control_negative,0.498779
Chinese#ZH-Tenor-1#Mixed_Voice_and_Falsetto#演员#Control_Group#0005,D:\-MindEcho-main\ml_dl_models\gtsinger_multitech\dataset\raw\Chinese\ZH-Tenor-1\Mixed_Voice_and_Falsetto\演员\Control_Group\0005.wav,Chinese/ZH-Tenor-1/Mixed_Voice_and_Falsetto/演员/Control_Group/0005.wav,Chinese,ZH-Tenor-1,演员,Control_Group,0,0,0,0,1,0,1,non_mix,000010,control_negative,0.597482
Chinese#ZH-Tenor-1#Mixed_Voice_and_Falsetto#演员#Control_Group#0006,D:\-MindEcho-main\ml_dl_models\gtsinger_multitech\dataset\raw\Chinese\ZH-Tenor-1\Mixed_Voice_and_Falsetto\演员\Control_Group\0006.wav,Chinese/ZH-Tenor-1/Mixed_Voice_and_Falsetto/演员/Control_Group/0006.wav,Chinese,ZH-Tenor-1,演员,Control_Group,0,0,0,0,1,0,1,non_mix,000010,control_negative,0.699214
Chinese#ZH-Tenor-1#Mixed_Voice_and_Falsetto#演员#Control_Group#0008,D:\-MindEcho-main\ml_dl_models\gtsinger_multitech\dataset\raw\Chinese\ZH-Tenor-1\Mixed_Voice_and_Falsetto\演员\Control_Group\0008.wav,Chinese/ZH-Tenor-1/Mixed_Voice_and_Falsetto/演员/Control_Group/0008.wav,Chinese,ZH-Tenor-1,演员,Control_Group,0,0,0,0,1,0,1,non_mix,000010,control_negative,0.702357
Chinese#ZH-Tenor-1#Mixed_Voice_and_Falsetto#演员#Control_Group#0009,D:\-MindEcho-main\ml_dl_models\gtsinger_multitech\dataset\raw\Chinese\ZH-Tenor-1\Mixed_Voice_and_Falsetto\演员\Control_Group\0009.wav,Chinese/ZH-Tenor-1/Mixed_Voice_and_Falsetto/演员/Control_Group/0009.wav,Chinese,ZH-Tenor-1,演员,Control_Group,0,0,0,0,1,0,1,non_mix,000010,control_negative,0.669219
Chinese#ZH-Tenor-1#Mixed_Voice_and_Falsetto#演员#Control_Group#0013,D:\-MindEcho-main\ml_dl_models\gtsinger_multitech\dataset\raw\Chinese\ZH-Tenor-1\Mixed_Voice_and_Falsetto\演员\Control_Group\0013.wav,Chinese/ZH-Tenor-1/Mixed_Voice_and_Falsetto/演员/Control_Group/0013.wav,Chinese,ZH-Tenor-1,演员,Control_Group,0,0,0,0,1,0,1,non_mix,000010,control_negative,0.605223
Chinese#ZH-Tenor-1#Mixed_Voice_and_Falsetto#演员#Control_Group#0014,D:\-MindEcho-main\ml_dl_models\gtsinger_multitech\dataset\raw\Chinese\ZH-Tenor-1\Mixed_Voice_and_Falsetto\演员\Control_Group\0014.wav,Chinese/ZH-Tenor-1/Mixed_Voice_and_Falsetto/演员/Control_Group/0014.wav,Chinese,ZH-Tenor-1,演员,Control_Group,1,0,0,0,1,0,1,clear_mix,100010,positive_mix,
Chinese#ZH-Tenor-1#Mixed_Voice_and_Falsetto#演员#Control_Group#0015,D:\-MindEcho-main\ml_dl_models\gtsinger_multitech\dataset\raw\Chinese\ZH-Tenor-1\Mixed_Voice_and_Falsetto\演员\Control_Group\0015.wav,Chinese/ZH-Tenor-1/Mixed_Voice_and_Falsetto/演员/Control_Group/0015.wav,Chinese,ZH-Tenor-1,演员,Control_Group,0,0,0,0,1,0,1,non_mix,000010,control_negative,0.635671
Chinese#ZH-Tenor-1#Breathy#爱情转移#Control_Group#0000,D:\-MindEcho-main\ml_dl_models\gtsinger_multitech\dataset\raw\Chinese\ZH-Tenor-1\Breathy\爱情转移\Control_Group\0000.wav,Chinese/ZH-Tenor-1/Breathy/爱情转移/Control_Group/0000.wav,Chinese,ZH-Tenor-1,爱情转移,Control_Group,0,0,0,0,1,0,1,non_mix,000010,control_negative,0.787628
Chinese#ZH-Tenor-1#Breathy#爱情转移#Control_Group#0001,D:\-MindEcho-main\ml_dl_models\gtsinger_multitech\dataset\raw\Chinese\ZH-Tenor-1\Breathy\爱情转移\Control_Group\0001.wav,Chinese/ZH-Tenor-1/Breathy/爱情转移/Control_Group/0001.wav,Chinese,ZH-Tenor-1,爱情转移,Control_Group,0,0,0,0,1,0,1,non_mix,000010,control_negative,0.818841
Chinese#ZH-Tenor-1#Breathy#爱情转移#Control_Group#0002,D:\-MindEcho-main\ml_dl_models\gtsinger_multitech\dataset\raw\Chinese\ZH-Tenor-1\Breathy\爱情转移\Control_Group\0002.wav,Chinese/ZH-Tenor-1/Breathy/爱情转移/Control_Group/0002.wav,Chinese,ZH-Tenor-1,爱情转移,Control_Group,0,0,0,0,1,0,1,non_mix,000010,control_negative,0.851547
Chinese#ZH-Tenor-1#Breathy#爱情转移#Control_Group#0003,D:\-MindEcho-main\ml_dl_models\gtsinger_multitech\dataset\raw\Chinese\ZH-Tenor-1\Breathy\爱情转移\Control_Group\0003.wav,Chinese/ZH-Tenor-1/Breathy/爱情转移/Control_Group/0003.wav,Chinese,ZH-Tenor-1,爱情转移,Control_Group,0,0,0,0,1,0,1,non_mix,000010,control_negative,0.739749
Chinese#ZH-Tenor-1#Breathy#爱情转移#Control_Group#0005,D:\-MindEcho-main\ml_dl_models\gtsinger_multitech\dataset\raw\Chinese\ZH-Tenor-1\Breathy\爱情转移\Control_Group\0005.wav,Chinese/ZH-Tenor-1/Breathy/爱情转移/Control_Group/0005.wav,Chinese,ZH-Tenor-1,爱情转移,Control_Group,0,0,0,0,1,0,1,non_mix,000010,control_negative,0.702253
Chinese#ZH-Tenor-1#Breathy#爱情转移#Control_Group#0006,D:\-MindEcho-main\ml_dl_models\gtsinger_multitech\dataset\raw\Chinese\ZH-Tenor-1\Breathy\爱情转移\Control_Group\0006.wav,Chinese/ZH-Tenor-1/Breathy/爱情转移/Control_Group/0006.wav,Chinese,ZH-Tenor-1,爱情转移,Control_Group,0,0,0,0,1,0,1,non_mix,000010,control_negative,0.768097
Chinese#ZH-Tenor-1#Breathy#爱情转移#Control_Group#0007,D:\-MindEcho-main\ml_dl_models\gtsinger_multitech\dataset\raw\Chinese\ZH-Tenor-1\Breathy\爱情转移\Control_Group\0007.wav,Chinese/ZH-Tenor-1/Breathy/爱情转移/Control_Group/0007.wav,Chinese,ZH-Tenor-1,爱情转移,Control_Group,0,0,0,0,1,0,1,non_mix,000010,control_negative,0.746581
Chinese#ZH-Tenor-1#Breathy#爱情转移#Control_Group#0008,D:\-MindEcho-main\ml_dl_models\gtsinger_multitech\dataset\raw\Chinese\ZH-Tenor-1\Breathy\爱情转移\Control_Group\0008.wav,Chinese/ZH-Tenor-1/Breathy/爱情转移/Control_Group/0008.wav,Chinese,ZH-Tenor-1,爱情转移,Control_Group,0,0,0,0,1,0,1,non_mix,000010,control_negative,0.759517
Chinese#ZH-Tenor-1#Breathy#爱的回归线#Control_Group#0000,D:\-MindEcho-main\ml_dl_models\gtsinger_multitech\dataset\raw\Chinese\ZH-Tenor-1\Breathy\爱的回归线\Control_Group\0000.wav,Chinese/ZH-Tenor-1/Breathy/爱的回归线/Control_Group/0000.wav,Chinese,ZH-Tenor-1,爱的回归线,Control_Group,0,0,0,0,1,0,1,non_mix,000010,control_negative,0.666768
Chinese#ZH-Tenor-1#Breathy#爱的回归线#Control_Group#0001,D:\-MindEcho-main\ml_dl_models\gtsinger_multitech\dataset\raw\Chinese\ZH-Tenor-1\Breathy\爱的回归线\Control_Group\0001.wav,Chinese/ZH-Tenor-1/Breathy/爱的回归线/Control_Group/0001.wav,Chinese,ZH-Tenor-1,爱的回归线,Control_Group,0,0,0,0,1,0,1,non_mix,000010,control_negative,0.765609
Chinese#ZH-Tenor-1#Breathy#爱的回归线#Control_Group#0002,D:\-MindEcho-main\ml_dl_models\gtsinger_multitech\dataset\raw\Chinese\ZH-Tenor-1\Breathy\爱的回归线\Control_Group\0002.wav,Chinese/ZH-Tenor-1/Breathy/爱的回归线/Control_Group/0002.wav,Chinese,ZH-Tenor-1,爱的回归线,Control_Group,0,0,0,0,1,0,1,non_mix,000010,control_negative,0.778418
Chinese#ZH-Tenor-1#Breathy#爱的回归线#Control_Group#0003,D:\-MindEcho-main\ml_dl_models\gtsinger_multitech\dataset\raw\Chinese\ZH-Tenor-1\Breathy\爱的回归线\Control_Group\0003.wav,Chinese/ZH-Tenor-1/Breathy/爱的回归线/Control_Group/0003.wav,Chinese,ZH-Tenor-1,爱的回归线,Control_Group,0,0,0,0,0,0,0,non_mix,000000,control_negative,0.745032
Chinese#ZH-Tenor-1#Breathy#爱的回归线#Control_Group#0004,D:\-MindEcho-main\ml_dl_models\gtsinger_multitech\dataset\raw\Chinese\ZH-Tenor-1\Breathy\爱的回归线\Control_Group\0004.wav,Chinese/ZH-Tenor-1/Breathy/爱的回归线/Control_Group/0004.wav,Chinese,ZH-Tenor-1,爱的回归线,Control_Group,0,0,0,0,0,0,0,non_mix,000000,control_negative,0.745500
Chinese#ZH-Tenor-1#Breathy#爱的回归线#Control_Group#0005,D:\-MindEcho-main\ml_dl_models\gtsinger_multitech\dataset\raw\Chinese\ZH-Tenor-1\Breathy\爱的回归线\Control_Group\0005.wav,Chinese/ZH-Tenor-1/Breathy/爱的回归线/Control_Group/0005.wav,Chinese,ZH-Tenor-1,爱的回归线,Control_Group,0,0,0,0,0,0,0,non_mix,000000,control_negative,0.798564
Chinese#ZH-Tenor-1#Breathy#爱的回归线#Control_Group#0006,D:\-MindEcho-main\ml_dl_models\gtsinger_multitech\dataset\raw\Chinese\ZH-Tenor-1\Breathy\爱的回归线\Control_Group\0006.wav,Chinese/ZH-Tenor-1/Breathy/爱的回归线/Control_Group/0006.wav,Chinese,ZH-Tenor-1,爱的回归线,Control_Group,0,0,0,0,1,0,1,non_mix,000010,control_negative,0.785574
Chinese#ZH-Tenor-1#Breathy#爱的回归线#Control_Group#0007,D:\-MindEcho-main\ml_dl_models\gtsinger_multitech\dataset\raw\Chinese\ZH-Tenor-1\Breathy\爱的回归线\Control_Group\0007.wav,Chinese/ZH-Tenor-1/Breathy/爱的回归线/Control_Group/0007.wav,Chinese,ZH-Tenor-1,爱的回归线,Control_Group,0,0,0,0,0,0,0,non_mix,000000,control_negative,0.701820
Chinese#ZH-Tenor-1#Breathy#爱的回归线#Control_Group#0008,D:\-MindEcho-main\ml_dl_models\gtsinger_multitech\dataset\raw\Chinese\ZH-Tenor-1\Breathy\爱的回归线\Control_Group\0008.wav,Chinese/ZH-Tenor-1/Breathy/爱的回归线/Control_Group/0008.wav,Chinese,ZH-Tenor-1,爱的回归线,Control_Group,0,0,0,0,1,0,1,non_mix,000010,control_negative,0.771461
Chinese#ZH-Tenor-1#Breathy#爱的回归线#Control_Group#0009,D:\-MindEcho-main\ml_dl_models\gtsinger_multitech\dataset\raw\Chinese\ZH-Tenor-1\Breathy\爱的回归线\Control_Group\0009.wav,Chinese/ZH-Tenor-1/Breathy/爱的回归线/Control_Group/0009.wav,Chinese,ZH-Tenor-1,爱的回归线,Control_Group,0,0,0,0,1,0,1,non_mix,000010,control_negative,0.857217
Chinese#ZH-Tenor-1#Breathy#爱的回归线#Control_Group#0010,D:\-MindEcho-main\ml_dl_models\gtsinger_multitech\dataset\raw\Chinese\ZH-Tenor-1\Breathy\爱的回归线\Control_Group\0010.wav,Chinese/ZH-Tenor-1/Breathy/爱的回归线/Control_Group/0010.wav,Chinese,ZH-Tenor-1,爱的回归线,Control_Group,0,0,0,0,1,0,1,non_mix,000010,control_negative,0.723483
Chinese#ZH-Tenor-1#Breathy#爱的回归线#Control_Group#0011,D:\-MindEcho-main\ml_dl_models\gtsinger_multitech\dataset\raw\Chinese\ZH-Tenor-1\Breathy\爱的回归线\Control_Group\0011.wav,Chinese/ZH-Tenor-1/Breathy/爱的回归线/Control_Group/0011.wav,Chinese,ZH-Tenor-1,爱的回归线,Control_Group,0,0,0,0,0,0,0,non_mix,000000,control_negative,0.675275
Chinese#ZH-Tenor-1#Glissando#画心#Control_Group#0000,D:\-MindEcho-main\ml_dl_models\gtsinger_multitech\dataset\raw\Chinese\ZH-Tenor-1\Glissando\画心\Control_Group\0000.wav,Chinese/ZH-Tenor-1/Glissando/画心/Control_Group/0000.wav,Chinese,ZH-Tenor-1,画心,Control_Group,0,0,0,0,1,0,1,non_mix,000010,control_negative,0.476491
Chinese#ZH-Tenor-1#Glissando#画心#Control_Group#0002,D:\-MindEcho-main\ml_dl_models\gtsinger_multitech\dataset\raw\Chinese\ZH-Tenor-1\Glissando\画心\Control_Group\0002.wav,Chinese/ZH-Tenor-1/Glissando/画心/Control_Group/0002.wav,Chinese,ZH-Tenor-1,画心,Control_Group,0,0,0,0,1,0,1,non_mix,000010,control_negative,0.768897
Chinese#ZH-Tenor-1#Glissando#画心#Control_Group#0004,D:\-MindEcho-main\ml_dl_models\gtsinger_multitech\dataset\raw\Chinese\ZH-Tenor-1\Glissando\画心\Control_Group\0004.wav,Chinese/ZH-Tenor-1/Glissando/画心/Control_Group/0004.wav,Chinese,ZH-Tenor-1,画心,Control_Group,0,0,0,0,0,0,0,non_mix,000000,control_negative,0.658315
Chinese#ZH-Tenor-1#Glissando#画心#Control_Group#0005,D:\-MindEcho-main\ml_dl_models\gtsinger_multitech\dataset\raw\Chinese\ZH-Tenor-1\Glissando\画心\Control_Group\0005.wav,Chinese/ZH-Tenor-1/Glissando/画心/Control_Group/0005.wav,Chinese,ZH-Tenor-1,画心,Control_Group,0,0,0,0,0,0,0,non_mix,000000,control_negative,0.521817
Chinese#ZH-Tenor-1#Glissando#画心#Control_Group#0006,D:\-MindEcho-main\ml_dl_models\gtsinger_multitech\dataset\raw\Chinese\ZH-Tenor-1\Glissando\画心\Control_Group\0006.wav,Chinese/ZH-Tenor-1/Glissando/画心/Control_Group/0006.wav,Chinese,ZH-Tenor-1,画心,Control_Group,0,0,0,0,0,0,0,non_mix,000000,control_negative,0.709626
Chinese#ZH-Tenor-1#Glissando#空白格#Control_Group#0000,D:\-MindEcho-main\ml_dl_models\gtsinger_multitech\dataset\raw\Chinese\ZH-Tenor-1\Glissando\空白格\Control_Group\0000.wav,Chinese/ZH-Tenor-1/Glissando/空白格/Control_Group/0000.wav,Chinese,ZH-Tenor-1,空白格,Control_Group,0,0,0,0,0,0,0,non_mix,000000,control_negative,0.569031
Chinese#ZH-Tenor-1#Glissando#空白格#Control_Group#0002,D:\-MindEcho-main\ml_dl_models\gtsinger_multitech\dataset\raw\Chinese\ZH-Tenor-1\Glissando\空白格\Control_Group\0002.wav,Chinese/ZH-Tenor-1/Glissando/空白格/Control_Group/0002.wav,Chinese,ZH-Tenor-1,空白格,Control_Group,0,0,0,0,1,0,1,non_mix,000010,control_negative,0.692745
Chinese#ZH-Tenor-1#Glissando#空白格#Control_Group#0003,D:\-MindEcho-main\ml_dl_models\gtsinger_multitech\dataset\raw\Chinese\ZH-Tenor-1\Glissando\空白格\Control_Group\0003.wav,Chinese/ZH-Tenor-1/Glissando/空白格/Control_Group/0003.wav,Chinese,ZH-Tenor-1,空白格,Control_Group,0,0,0,0,0,0,0,non_mix,000000,control_negative,0.558585
Chinese#ZH-Tenor-1#Glissando#空白格#Control_Group#0007,D:\-MindEcho-main\ml_dl_models\gtsinger_multitech\dataset\raw\Chinese\ZH-Tenor-1\Glissando\空白格\Control_Group\0007.wav,Chinese/ZH-Tenor-1/Glissando/空白格/Control_Group/0007.wav,Chinese,ZH-Tenor-1,空白格,Control_Group,0,0,0,0,0,0,0,non_mix,000000,control_negative,0.686280
Chinese#ZH-Tenor-1#Vibrato#空白格#Control_Group#0001,D:\-MindEcho-main\ml_dl_models\gtsinger_multitech\dataset\raw\Chinese\ZH-Tenor-1\Vibrato\空白格\Control_Group\0001.wav,Chinese/ZH-Tenor-1/Vibrato/空白格/Control_Group/0001.wav,Chinese,ZH-Tenor-1,空白格,Control_Group,0,0,0,0,1,0,1,non_mix,000010,control_negative,0.590966
Chinese#ZH-Tenor-1#Vibrato#空白格#Control_Group#0002,D:\-MindEcho-main\ml_dl_models\gtsinger_multitech\dataset\raw\Chinese\ZH-Tenor-1\Vibrato\空白格\Control_Group\0002.wav,Chinese/ZH-Tenor-1/Vibrato/空白格/Control_Group/0002.wav,Chinese,ZH-Tenor-1,空白格,Control_Group,0,0,0,0,1,0,1,non_mix,000010,control_negative,0.628076
Chinese#ZH-Tenor-1#Vibrato#空白格#Control_Group#0004,D:\-MindEcho-main\ml_dl_models\gtsinger_multitech\dataset\raw\Chinese\ZH-Tenor-1\Vibrato\空白格\Control_Group\0004.wav,Chinese/ZH-Tenor-1/Vibrato/空白格/Control_Group/0004.wav,Chinese,ZH-Tenor-1,空白格,Control_Group,0,0,0,0,1,0,1,non_mix,000010,control_negative,0.737220
Chinese#ZH-Tenor-1#Vibrato#空白格#Control_Group#0005,D:\-MindEcho-main\ml_dl_models\gtsinger_multitech\dataset\raw\Chinese\ZH-Tenor-1\Vibrato\空白格\Control_Group\0005.wav,Chinese/ZH-Tenor-1/Vibrato/空白格/Control_Group/0005.wav,Chinese,ZH-Tenor-1,空白格,Control_Group,0,0,0,0,1,0,1,non_mix,000010,control_negative,0.718795
Chinese#ZH-Tenor-1#Vibrato#红玫瑰#Control_Group#0000,D:\-MindEcho-main\ml_dl_models\gtsinger_multitech\dataset\raw\Chinese\ZH-Tenor-1\Vibrato\红玫瑰\Control_Group\0000.wav,Chinese/ZH-Tenor-1/Vibrato/红玫瑰/Control_Group/0000.wav,Chinese,ZH-Tenor-1,红玫瑰,Control_Group,0,0,0,0,1,0,1,non_mix,000010,control_negative,0.508513
Chinese#ZH-Tenor-1#Vibrato#红玫瑰#Control_Group#0001,D:\-MindEcho-main\ml_dl_models\gtsinger_multitech\dataset\raw\Chinese\ZH-Tenor-1\Vibrato\红玫瑰\Control_Group\0001.wav,Chinese/ZH-Tenor-1/Vibrato/红玫瑰/Control_Group/0001.wav,Chinese,ZH-Tenor-1,红玫瑰,Control_Group,0,0,0,0,1,0,1,non_mix,000010,control_negative,0.711948
Chinese#ZH-Tenor-1#Vibrato#红玫瑰#Control_Group#0002,D:\-MindEcho-main\ml_dl_models\gtsinger_multitech\dataset\raw\Chinese\ZH-Tenor-1\Vibrato\红玫瑰\Control_Group\0002.wav,Chinese/ZH-Tenor-1/Vibrato/红玫瑰/Control_Group/0002.wav,Chinese,ZH-Tenor-1,红玫瑰,Control_Group,0,0,0,0,1,0,1,non_mix,000010,control_negative,0.821053
Chinese#ZH-Tenor-1#Vibrato#红玫瑰#Control_Group#0004,D:\-MindEcho-main\ml_dl_models\gtsinger_multitech\dataset\raw\Chinese\ZH-Tenor-1\Vibrato\红玫瑰\Control_Group\0004.wav,Chinese/ZH-Tenor-1/Vibrato/红玫瑰/Control_Group/0004.wav,Chinese,ZH-Tenor-1,红玫瑰,Control_Group,0,0,0,0,1,0,1,non_mix,000010,control_negative,0.858704
Chinese#ZH-Tenor-1#Vibrato#红玫瑰#Control_Group#0006,D:\-MindEcho-main\ml_dl_models\gtsinger_multitech\dataset\raw\Chinese\ZH-Tenor-1\Vibrato\红玫瑰\Control_Group\0006.wav,Chinese/ZH-Tenor-1/Vibrato/红玫瑰/Control_Group/0006.wav,Chinese,ZH-Tenor-1,红玫瑰,Control_Group,0,0,0,0,1,0,1,non_mix,000010,control_negative,0.868141
Chinese#ZH-Tenor-1#Vibrato#红玫瑰#Control_Group#0008,D:\-MindEcho-main\ml_dl_models\gtsinger_multitech\dataset\raw\Chinese\ZH-Tenor-1\Vibrato\红玫瑰\Control_Group\0008.wav,Chinese/ZH-Tenor-1/Vibrato/红玫瑰/Control_Group/0008.wav,Chinese,ZH-Tenor-1,红玫瑰,Control_Group,0,0,0,0,1,0,1,non_mix,000010,control_negative,0.842943
Chinese#ZH-Tenor-1#Vibrato#红玫瑰#Control_Group#0009,D:\-MindEcho-main\ml_dl_models\gtsinger_multitech\dataset\raw\Chinese\ZH-Tenor-1\Vibrato\红玫瑰\Control_Group\0009.wav,Chinese/ZH-Tenor-1/Vibrato/红玫瑰/Control_Group/0009.wav,Chinese,ZH-Tenor-1,红玫瑰,Control_Group,0,0,0,0,1,0,1,non_mix,000010,control_negative,0.835937
Chinese#ZH-Tenor-1#Vibrato#红玫瑰#Control_Group#0010,D:\-MindEcho-main\ml_dl_models\gtsinger_multitech\dataset\raw\Chinese\ZH-Tenor-1\Vibrato\红玫瑰\Control_Group\0010.wav,Chinese/ZH-Tenor-1/Vibrato/红玫瑰/Control_Group/0010.wav,Chinese,ZH-Tenor-1,红玫瑰,Control_Group,0,0,0,0,1,0,1,non_mix,000010,control_negative,0.750454
Chinese#ZH-Tenor-1#Vibrato#红玫瑰#Control_Group#0011,D:\-MindEcho-main\ml_dl_models\gtsinger_multitech\dataset\raw\Chinese\ZH-Tenor-1\Vibrato\红玫瑰\Control_Group\0011.wav,Chinese/ZH-Tenor-1/Vibrato/红玫瑰/Control_Group/0011.wav,Chinese,ZH-Tenor-1,红玫瑰,Control_Group,0,0,0,0,1,0,1,non_mix,000010,control_negative,0.846379
Chinese#ZH-Tenor-1#Vibrato#红玫瑰#Control_Group#0013,D:\-MindEcho-main\ml_dl_models\gtsinger_multitech\dataset\raw\Chinese\ZH-Tenor-1\Vibrato\红玫瑰\Control_Group\0013.wav,Chinese/ZH-Tenor-1/Vibrato/红玫瑰/Control_Group/0013.wav,Chinese,ZH-Tenor-1,红玫瑰,Control_Group,0,0,0,0,1,0,1,non_mix,000010,control_negative,0.779557
Chinese#ZH-Tenor-1#Vibrato#红玫瑰#Control_Group#0014,D:\-MindEcho-main\ml_dl_models\gtsinger_multitech\dataset\raw\Chinese\ZH-Tenor-1\Vibrato\红玫瑰\Control_Group\0014.wav,Chinese/ZH-Tenor-1/Vibrato/红玫瑰/Control_Group/0014.wav,Chinese,ZH-Tenor-1,红玫瑰,Control_Group,0,0,0,0,1,0,1,non_mix,000010,control_negative,0.496620
Chinese#ZH-Tenor-1#Vibrato#红玫瑰#Control_Group#0016,D:\-MindEcho-main\ml_dl_models\gtsinger_multitech\dataset\raw\Chinese\ZH-Tenor-1\Vibrato\红玫瑰\Control_Group\0016.wav,Chinese/ZH-Tenor-1/Vibrato/红玫瑰/Control_Group/0016.wav,Chinese,ZH-Tenor-1,红玫瑰,Control_Group,0,0,0,0,1,0,1,non_mix,000010,control_negative,0.696230
Chinese#ZH-Tenor-1#Vibrato#红玫瑰#Control_Group#0017,D:\-MindEcho-main\ml_dl_models\gtsinger_multitech\dataset\raw\Chinese\ZH-Tenor-1\Vibrato\红玫瑰\Control_Group\0017.wav,Chinese/ZH-Tenor-1/Vibrato/红玫瑰/Control_Group/0017.wav,Chinese,ZH-Tenor-1,红玫瑰,Control_Group,0,0,0,0,1,0,1,non_mix,000010,control_negative,0.879125
Chinese#ZH-Tenor-1#Vibrato#红玫瑰#Control_Group#0018,D:\-MindEcho-main\ml_dl_models\gtsinger_multitech\dataset\raw\Chinese\ZH-Tenor-1\Vibrato\红玫瑰\Control_Group\0018.wav,Chinese/ZH-Tenor-1/Vibrato/红玫瑰/Control_Group/0018.wav,Chinese,ZH-Tenor-1,红玫瑰,Control_Group,0,0,0,0,0,0,0,non_mix,000000,control_negative,0.847296
Chinese#ZH-Tenor-1#Vibrato#红玫瑰#Control_Group#0020,D:\-MindEcho-main\ml_dl_models\gtsinger_multitech\dataset\raw\Chinese\ZH-Tenor-1\Vibrato\红玫瑰\Control_Group\0020.wav,Chinese/ZH-Tenor-1/Vibrato/红玫瑰/Control_Group/0020.wav,Chinese,ZH-Tenor-1,红玫瑰,Control_Group,0,0,0,0,1,0,1,non_mix,000010,control_negative,0.867546
Chinese#ZH-Tenor-1#Vibrato#红玫瑰#Control_Group#0022,D:\-MindEcho-main\ml_dl_models\gtsinger_multitech\dataset\raw\Chinese\ZH-Tenor-1\Vibrato\红玫瑰\Control_Group\0022.wav,Chinese/ZH-Tenor-1/Vibrato/红玫瑰/Control_Group/0022.wav,Chinese,ZH-Tenor-1,红玫瑰,Control_Group,0,0,0,0,1,0,1,non_mix,000010,control_negative,0.818065
Chinese#ZH-Tenor-1#Mixed_Voice_and_Falsetto#终于等到你#Control_Group#0000,D:\-MindEcho-main\ml_dl_models\gtsinger_multitech\dataset\raw\Chinese\ZH-Tenor-1\Mixed_Voice_and_Falsetto\终于等到你\Control_Group\0000.wav,Chinese/ZH-Tenor-1/Mixed_Voice_and_Falsetto/终于等到你/Control_Group/0000.wav,Chinese,ZH-Tenor-1,终于等到你,Control_Group,0,0,0,0,1,0,1,non_mix,000010,control_negative,0.628881
Chinese#ZH-Tenor-1#Mixed_Voice_and_Falsetto#终于等到你#Control_Group#0002,D:\-MindEcho-main\ml_dl_models\gtsinger_multitech\dataset\raw\Chinese\ZH-Tenor-1\Mixed_Voice_and_Falsetto\终于等到你\Control_Group\0002.wav,Chinese/ZH-Tenor-1/Mixed_Voice_and_Falsetto/终于等到你/Control_Group/0002.wav,Chinese,ZH-Tenor-1,终于等到你,Control_Group,0,0,0,0,1,0,1,non_mix,000010,control_negative,0.796341
Chinese#ZH-Tenor-1#Mixed_Voice_and_Falsetto#终于等到你#Control_Group#0003,D:\-MindEcho-main\ml_dl_models\gtsinger_multitech\dataset\raw\Chinese\ZH-Tenor-1\Mixed_Voice_and_Falsetto\终于等到你\Control_Group\0003.wav,Chinese/ZH-Tenor-1/Mixed_Voice_and_Falsetto/终于等到你/Control_Group/0003.wav,Chinese,ZH-Tenor-1,终于等到你,Control_Group,0,0,0,0,1,0,1,non_mix,000010,control_negative,0.627005
Chinese#ZH-Tenor-1#Mixed_Voice_and_Falsetto#终于等到你#Control_Group#0004,D:\-MindEcho-main\ml_dl_models\gtsinger_multitech\dataset\raw\Chinese\ZH-Tenor-1\Mixed_Voice_and_Falsetto\终于等到你\Control_Group\0004.wav,Chinese/ZH-Tenor-1/Mixed_Voice_and_Falsetto/终于等到你/Control_Group/0004.wav,Chinese,ZH-Tenor-1,终于等到你,Control_Group,0,0,0,0,1,0,1,non_mix,000010,control_negative,0.560093
Chinese#ZH-Tenor-1#Mixed_Voice_and_Falsetto#终于等到你#Control_Group#0005,D:\-MindEcho-main\ml_dl_models\gtsinger_multitech\dataset\raw\Chinese\ZH-Tenor-1\Mixed_Voice_and_Falsetto\终于等到你\Control_Group\0005.wav,Chinese/ZH-Tenor-1/Mixed_Voice_and_Falsetto/终于等到你/Control_Group/0005.wav,Chinese,ZH-Tenor-1,终于等到你,Control_Group,0,0,0,0,1,0,1,non_mix,000010,control_negative,0.705476
Chinese#ZH-Tenor-1#Mixed_Voice_and_Falsetto#终于等到你#Control_Group#0006,D:\-MindEcho-main\ml_dl_models\gtsinger_multitech\dataset\raw\Chinese\ZH-Tenor-1\Mixed_Voice_and_Falsetto\终于等到你\Control_Group\0006.wav,Chinese/ZH-Tenor-1/Mixed_Voice_and_Falsetto/终于等到你/Control_Group/0006.wav,Chinese,ZH-Tenor-1,终于等到你,Control_Group,0,0,0,0,1,0,1,non_mix,000010,control_negative,0.645773
Chinese#ZH-Tenor-1#Mixed_Voice_and_Falsetto#终于等到你#Control_Group#0008,D:\-MindEcho-main\ml_dl_models\gtsinger_multitech\dataset\raw\Chinese\ZH-Tenor-1\Mixed_Voice_and_Falsetto\终于等到你\Control_Group\0008.wav,Chinese/ZH-Tenor-1/Mixed_Voice_and_Falsetto/终于等到你/Control_Group/0008.wav,Chinese,ZH-Tenor-1,终于等到你,Control_Group,0,0,0,0,1,0,1,non_mix,000010,control_negative,0.492714
Chinese#ZH-Tenor-1#Mixed_Voice_and_Falsetto#终于等到你#Control_Group#0010,D:\-MindEcho-main\ml_dl_models\gtsinger_multitech\dataset\raw\Chinese\ZH-Tenor-1\Mixed_Voice_and_Falsetto\终于等到你\Control_Group\0010.wav,Chinese/ZH-Tenor-1/Mixed_Voice_and_Falsetto/终于等到你/Control_Group/0010.wav,Chinese,ZH-Tenor-1,终于等到你,Control_Group,0,0,0,0,1,0,1,non_mix,000010,control_negative,0.775972
Chinese#ZH-Tenor-1#Mixed_Voice_and_Falsetto#终于等到你#Control_Group#0011,D:\-MindEcho-main\ml_dl_models\gtsinger_multitech\dataset\raw\Chinese\ZH-Tenor-1\Mixed_Voice_and_Falsetto\终于等到你\Control_Group\0011.wav,Chinese/ZH-Tenor-1/Mixed_Voice_and_Falsetto/终于等到你/Control_Group/0011.wav,Chinese,ZH-Tenor-1,终于等到你,Control_Group,0,0,0,0,1,0,1,non_mix,000010,control_negative,0.549457
Chinese#ZH-Tenor-1#Mixed_Voice_and_Falsetto#终于等到你#Control_Group#0013,D:\-MindEcho-main\ml_dl_models\gtsinger_multitech\dataset\raw\Chinese\ZH-Tenor-1\Mixed_Voice_and_Falsetto\终于等到你\Control_Group\0013.wav,Chinese/ZH-Tenor-1/Mixed_Voice_and_Falsetto/终于等到你/Control_Group/0013.wav,Chinese,ZH-Tenor-1,终于等到你,Control_Group,0,0,0,0,1,0,1,non_mix,000010,control_negative,0.686826
Chinese#ZH-Tenor-1#Mixed_Voice_and_Falsetto#终于等到你#Control_Group#0014,D:\-MindEcho-main\ml_dl_models\gtsinger_multitech\dataset\raw\Chinese\ZH-Tenor-1\Mixed_Voice_and_Falsetto\终于等到你\Control_Group\0014.wav,Chinese/ZH-Tenor-1/Mixed_Voice_and_Falsetto/终于等到你/Control_Group/0014.wav,Chinese,ZH-Tenor-1,终于等到你,Control_Group,0,0,0,0,1,0,1,non_mix,000010,control_negative,0.616844
Chinese#ZH-Tenor-1#Mixed_Voice_and_Falsetto#终于等到你#Control_Group#0015,D:\-MindEcho-main\ml_dl_models\gtsinger_multitech\dataset\raw\Chinese\ZH-Tenor-1\Mixed_Voice_and_Falsetto\终于等到你\Control_Group\0015.wav,Chinese/ZH-Tenor-1/Mixed_Voice_and_Falsetto/终于等到你/Control_Group/0015.wav,Chinese,ZH-Tenor-1,终于等到你,Control_Group,0,0,0,0,1,0,1,non_mix,000010,control_negative,0.682607
Chinese#ZH-Tenor-1#Mixed_Voice_and_Falsetto#终于等到你#Control_Group#0016,D:\-MindEcho-main\ml_dl_models\gtsinger_multitech\dataset\raw\Chinese\ZH-Tenor-1\Mixed_Voice_and_Falsetto\终于等到你\Control_Group\0016.wav,Chinese/ZH-Tenor-1/Mixed_Voice_and_Falsetto/终于等到你/Control_Group/0016.wav,Chinese,ZH-Tenor-1,终于等到你,Control_Group,0,0,0,0,1,0,1,non_mix,000010,control_negative,0.574843
Chinese#ZH-Tenor-1#Mixed_Voice_and_Falsetto#终于等到你#Control_Group#0017,D:\-MindEcho-main\ml_dl_models\gtsinger_multitech\dataset\raw\Chinese\ZH-Tenor-1\Mixed_Voice_and_Falsetto\终于等到你\Control_Group\0017.wav,Chinese/ZH-Tenor-1/Mixed_Voice_and_Falsetto/终于等到你/Control_Group/0017.wav,Chinese,ZH-Tenor-1,终于等到你,Control_Group,0,0,0,0,1,0,1,non_mix,000010,control_negative,0.747518
Chinese#ZH-Tenor-1#Vibrato#终于等到你#Control_Group#0000,D:\-MindEcho-main\ml_dl_models\gtsinger_multitech\dataset\raw\Chinese\ZH-Tenor-1\Vibrato\终于等到你\Control_Group\0000.wav,Chinese/ZH-Tenor-1/Vibrato/终于等到你/Control_Group/0000.wav,Chinese,ZH-Tenor-1,终于等到你,Control_Group,0,0,0,0,1,0,1,non_mix,000010,control_negative,0.568808
Chinese#ZH-Tenor-1#Vibrato#终于等到你#Control_Group#0001,D:\-MindEcho-main\ml_dl_models\gtsinger_multitech\dataset\raw\Chinese\ZH-Tenor-1\Vibrato\终于等到你\Control_Group\0001.wav,Chinese/ZH-Tenor-1/Vibrato/终于等到你/Control_Group/0001.wav,Chinese,ZH-Tenor-1,终于等到你,Control_Group,0,0,0,0,1,0,1,non_mix,000010,control_negative,0.493992
Chinese#ZH-Tenor-1#Vibrato#终于等到你#Control_Group#0002,D:\-MindEcho-main\ml_dl_models\gtsinger_multitech\dataset\raw\Chinese\ZH-Tenor-1\Vibrato\终于等到你\Control_Group\0002.wav,Chinese/ZH-Tenor-1/Vibrato/终于等到你/Control_Group/0002.wav,Chinese,ZH-Tenor-1,终于等到你,Control_Group,0,0,0,0,1,0,1,non_mix,000010,control_negative,0.596810
Chinese#ZH-Tenor-1#Vibrato#终于等到你#Control_Group#0004,D:\-MindEcho-main\ml_dl_models\gtsinger_multitech\dataset\raw\Chinese\ZH-Tenor-1\Vibrato\终于等到你\Control_Group\0004.wav,Chinese/ZH-Tenor-1/Vibrato/终于等到你/Control_Group/0004.wav,Chinese,ZH-Tenor-1,终于等到你,Control_Group,0,0,0,0,1,0,1,non_mix,000010,control_negative,0.570423
Chinese#ZH-Tenor-1#Vibrato#终于等到你#Control_Group#0005,D:\-MindEcho-main\ml_dl_models\gtsinger_multitech\dataset\raw\Chinese\ZH-Tenor-1\Vibrato\终于等到你\Control_Group\0005.wav,Chinese/ZH-Tenor-1/Vibrato/终于等到你/Control_Group/0005.wav,Chinese,ZH-Tenor-1,终于等到你,Control_Group,0,0,0,0,1,0,1,non_mix,000010,control_negative,0.636488
Chinese#ZH-Tenor-1#Vibrato#终于等到你#Control_Group#0006,D:\-MindEcho-main\ml_dl_models\gtsinger_multitech\dataset\raw\Chinese\ZH-Tenor-1\Vibrato\终于等到你\Control_Group\0006.wav,Chinese/ZH-Tenor-1/Vibrato/终于等到你/Control_Group/0006.wav,Chinese,ZH-Tenor-1,终于等到你,Control_Group,0,0,0,0,1,0,1,non_mix,000010,control_negative,0.783311
Chinese#ZH-Tenor-1#Vibrato#终于等到你#Control_Group#0007,D:\-MindEcho-main\ml_dl_models\gtsinger_multitech\dataset\raw\Chinese\ZH-Tenor-1\Vibrato\终于等到你\Control_Group\0007.wav,Chinese/ZH-Tenor-1/Vibrato/终于等到你/Control_Group/0007.wav,Chinese,ZH-Tenor-1,终于等到你,Control_Group,0,0,0,0,1,0,1,non_mix,000010,control_negative,0.494378
Chinese#ZH-Tenor-1#Vibrato#终于等到你#Control_Group#0009,D:\-MindEcho-main\ml_dl_models\gtsinger_multitech\dataset\raw\Chinese\ZH-Tenor-1\Vibrato\终于等到你\Control_Group\0009.wav,Chinese/ZH-Tenor-1/Vibrato/终于等到你/Control_Group/0009.wav,Chinese,ZH-Tenor-1,终于等到你,Control_Group,0,0,0,0,1,0,1,non_mix,000010,control_negative,0.749488
Chinese#ZH-Tenor-1#Vibrato#终于等到你#Control_Group#0010,D:\-MindEcho-main\ml_dl_models\gtsinger_multitech\dataset\raw\Chinese\ZH-Tenor-1\Vibrato\终于等到你\Control_Group\0010.wav,Chinese/ZH-Tenor-1/Vibrato/终于等到你/Control_Group/0010.wav,Chinese,ZH-Tenor-1,终于等到你,Control_Group,0,0,0,0,1,0,1,non_mix,000010,control_negative,0.684264
Chinese#ZH-Tenor-1#Vibrato#终于等到你#Control_Group#0011,D:\-MindEcho-main\ml_dl_models\gtsinger_multitech\dataset\raw\Chinese\ZH-Tenor-1\Vibrato\终于等到你\Control_Group\0011.wav,Chinese/ZH-Tenor-1/Vibrato/终于等到你/Control_Group/0011.wav,Chinese,ZH-Tenor-1,终于等到你,Control_Group,0,0,0,0,1,0,1,non_mix,000010,control_negative,0.584579
Chinese#ZH-Tenor-1#Vibrato#终于等到你#Control_Group#0012,D:\-MindEcho-main\ml_dl_models\gtsinger_multitech\dataset\raw\Chinese\ZH-Tenor-1\Vibrato\终于等到你\Control_Group\0012.wav,Chinese/ZH-Tenor-1/Vibrato/终于等到你/Control_Group/0012.wav,Chinese,ZH-Tenor-1,终于等到你,Control_Group,0,0,0,0,1,0,1,non_mix,000010,control_negative,0.720510
Chinese#ZH-Tenor-1#Vibrato#终于等到你#Control_Group#0013,D:\-MindEcho-main\ml_dl_models\gtsinger_multitech\dataset\raw\Chinese\ZH-Tenor-1\Vibrato\终于等到你\Control_Group\0013.wav,Chinese/ZH-Tenor-1/Vibrato/终于等到你/Control_Group/0013.wav,Chinese,ZH-Tenor-1,终于等到你,Control_Group,0,0,0,0,1,0,1,non_mix,000010,control_negative,0.724223
Chinese#ZH-Tenor-1#Breathy#给电影人的情书#Control_Group#0000,D:\-MindEcho-main\ml_dl_models\gtsinger_multitech\dataset\raw\Chinese\ZH-Tenor-1\Breathy\给电影人的情书\Control_Group\0000.wav,Chinese/ZH-Tenor-1/Breathy/给电影人的情书/Control_Group/0000.wav,Chinese,ZH-Tenor-1,给电影人的情书,Control_Group,0,0,0,0,1,0,1,non_mix,000010,control_negative,0.617600
Chinese#ZH-Tenor-1#Breathy#给电影人的情书#Control_Group#0001,D:\-MindEcho-main\ml_dl_models\gtsinger_multitech\dataset\raw\Chinese\ZH-Tenor-1\Breathy\给电影人的情书\Control_Group\0001.wav,Chinese/ZH-Tenor-1/Breathy/给电影人的情书/Control_Group/0001.wav,Chinese,ZH-Tenor-1,给电影人的情书,Control_Group,0,0,0,0,1,0,1,non_mix,000010,control_negative,0.566497
Chinese#ZH-Tenor-1#Breathy#给电影人的情书#Control_Group#0002,D:\-MindEcho-main\ml_dl_models\gtsinger_multitech\dataset\raw\Chinese\ZH-Tenor-1\Breathy\给电影人的情书\Control_Group\0002.wav,Chinese/ZH-Tenor-1/Breathy/给电影人的情书/Control_Group/0002.wav,Chinese,ZH-Tenor-1,给电影人的情书,Control_Group,0,0,0,1,1,0,1,non_mix,000110,control_negative,0.656201
Chinese#ZH-Tenor-1#Breathy#给电影人的情书#Control_Group#0003,D:\-MindEcho-main\ml_dl_models\gtsinger_multitech\dataset\raw\Chinese\ZH-Tenor-1\Breathy\给电影人的情书\Control_Group\0003.wav,Chinese/ZH-Tenor-1/Breathy/给电影人的情书/Control_Group/0003.wav,Chinese,ZH-Tenor-1,给电影人的情书,Control_Group,0,0,0,0,1,0,1,non_mix,000010,control_negative,0.590281
Chinese#ZH-Tenor-1#Breathy#给电影人的情书#Control_Group#0004,D:\-MindEcho-main\ml_dl_models\gtsinger_multitech\dataset\raw\Chinese\ZH-Tenor-1\Breathy\给电影人的情书\Control_Group\0004.wav,Chinese/ZH-Tenor-1/Breathy/给电影人的情书/Control_Group/0004.wav,Chinese,ZH-Tenor-1,给电影人的情书,Control_Group,0,0,0,1,1,0,1,non_mix,000110,control_negative,0.528893
Chinese#ZH-Tenor-1#Breathy#给电影人的情书#Control_Group#0006,D:\-MindEcho-main\ml_dl_models\gtsinger_multitech\dataset\raw\Chinese\ZH-Tenor-1\Breathy\给电影人的情书\Control_Group\0006.wav,Chinese/ZH-Tenor-1/Breathy/给电影人的情书/Control_Group/0006.wav,Chinese,ZH-Tenor-1,给电影人的情书,Control_Group,0,0,0,0,1,0,1,non_mix,000010,control_negative,0.568536
Chinese#ZH-Tenor-1#Breathy#给电影人的情书#Control_Group#0007,D:\-MindEcho-main\ml_dl_models\gtsinger_multitech\dataset\raw\Chinese\ZH-Tenor-1\Breathy\给电影人的情书\Control_Group\0007.wav,Chinese/ZH-Tenor-1/Breathy/给电影人的情书/Control_Group/0007.wav,Chinese,ZH-Tenor-1,给电影人的情书,Control_Group,0,0,0,1,1,0,1,non_mix,000110,control_negative,0.762497
Chinese#ZH-Tenor-1#Breathy#给电影人的情书#Control_Group#0008,D:\-MindEcho-main\ml_dl_models\gtsinger_multitech\dataset\raw\Chinese\ZH-Tenor-1\Breathy\给电影人的情书\Control_Group\0008.wav,Chinese/ZH-Tenor-1/Breathy/给电影人的情书/Control_Group/0008.wav,Chinese,ZH-Tenor-1,给电影人的情书,Control_Group,0,0,0,0,1,0,1,non_mix,000010,control_negative,0.740012
Chinese#ZH-Tenor-1#Breathy#给电影人的情书#Control_Group#0009,D:\-MindEcho-main\ml_dl_models\gtsinger_multitech\dataset\raw\Chinese\ZH-Tenor-1\Breathy\给电影人的情书\Control_Group\0009.wav,Chinese/ZH-Tenor-1/Breathy/给电影人的情书/Control_Group/0009.wav,Chinese,ZH-Tenor-1,给电影人的情书,Control_Group,0,0,0,1,1,0,1,non_mix,000110,control_negative,0.680975
Chinese#ZH-Tenor-1#Breathy#给电影人的情书#Control_Group#0011,D:\-MindEcho-main\ml_dl_models\gtsinger_multitech\dataset\raw\Chinese\ZH-Tenor-1\Breathy\给电影人的情书\Control_Group\0011.wav,Chinese/ZH-Tenor-1/Breathy/给电影人的情书/Control_Group/0011.wav,Chinese,ZH-Tenor-1,给电影人的情书,Control_Group,0,0,0,0,1,0,1,non_mix,000010,control_negative,0.614642
Chinese#ZH-Tenor-1#Breathy#给电影人的情书#Control_Group#0012,D:\-MindEcho-main\ml_dl_models\gtsinger_multitech\dataset\raw\Chinese\ZH-Tenor-1\Breathy\给电影人的情书\Control_Group\0012.wav,Chinese/ZH-Tenor-1/Breathy/给电影人的情书/Control_Group/0012.wav,Chinese,ZH-Tenor-1,给电影人的情书,Control_Group,0,0,0,0,1,0,1,non_mix,000010,control_negative,0.700247
Chinese#ZH-Tenor-1#Breathy#给电影人的情书#Control_Group#0013,D:\-MindEcho-main\ml_dl_models\gtsinger_multitech\dataset\raw\Chinese\ZH-Tenor-1\Breathy\给电影人的情书\Control_Group\0013.wav,Chinese/ZH-Tenor-1/Breathy/给电影人的情书/Control_Group/0013.wav,Chinese,ZH-Tenor-1,给电影人的情书,Control_Group,0,0,0,1,1,0,1,non_mix,000110,control_negative,0.678898
Chinese#ZH-Tenor-1#Breathy#给电影人的情书#Control_Group#0014,D:\-MindEcho-main\ml_dl_models\gtsinger_multitech\dataset\raw\Chinese\ZH-Tenor-1\Breathy\给电影人的情书\Control_Group\0014.wav,Chinese/ZH-Tenor-1/Breathy/给电影人的情书/Control_Group/0014.wav,Chinese,ZH-Tenor-1,给电影人的情书,Control_Group,0,0,0,1,1,0,1,non_mix,000110,control_negative,0.745185
Chinese#ZH-Tenor-1#Breathy#给电影人的情书#Control_Group#0015,D:\-MindEcho-main\ml_dl_models\gtsinger_multitech\dataset\raw\Chinese\ZH-Tenor-1\Breathy\给电影人的情书\Control_Group\0015.wav,Chinese/ZH-Tenor-1/Breathy/给电影人的情书/Control_Group/0015.wav,Chinese,ZH-Tenor-1,给电影人的情书,Control_Group,0,0,0,0,1,0,1,non_mix,000010,control_negative,0.619987
Chinese#ZH-Tenor-1#Breathy#给电影人的情书#Control_Group#0016,D:\-MindEcho-main\ml_dl_models\gtsinger_multitech\dataset\raw\Chinese\ZH-Tenor-1\Breathy\给电影人的情书\Control_Group\0016.wav,Chinese/ZH-Tenor-1/Breathy/给电影人的情书/Control_Group/0016.wav,Chinese,ZH-Tenor-1,给电影人的情书,Control_Group,0,0,0,1,1,0,1,non_mix,000110,control_negative,0.647610
Chinese#ZH-Tenor-1#Breathy#给电影人的情书#Control_Group#0017,D:\-MindEcho-main\ml_dl_models\gtsinger_multitech\dataset\raw\Chinese\ZH-Tenor-1\Breathy\给电影人的情书\Control_Group\0017.wav,Chinese/ZH-Tenor-1/Breathy/给电影人的情书/Control_Group/0017.wav,Chinese,ZH-Tenor-1,给电影人的情书,Control_Group,0,0,0,0,1,0,1,non_mix,000010,control_negative,0.854240
Chinese#ZH-Tenor-1#Breathy#给电影人的情书#Control_Group#0018,D:\-MindEcho-main\ml_dl_models\gtsinger_multitech\dataset\raw\Chinese\ZH-Tenor-1\Breathy\给电影人的情书\Control_Group\0018.wav,Chinese/ZH-Tenor-1/Breathy/给电影人的情书/Control_Group/0018.wav,Chinese,ZH-Tenor-1,给电影人的情书,Control_Group,0,0,0,0,1,0,1,non_mix,000010,control_negative,0.807421
Chinese#ZH-Tenor-1#Breathy#给电影人的情书#Control_Group#0019,D:\-MindEcho-main\ml_dl_models\gtsinger_multitech\dataset\raw\Chinese\ZH-Tenor-1\Breathy\给电影人的情书\Control_Group\0019.wav,Chinese/ZH-Tenor-1/Breathy/给电影人的情书/Control_Group/0019.wav,Chinese,ZH-Tenor-1,给电影人的情书,Control_Group,0,0,0,1,1,0,1,non_mix,000110,control_negative,0.768021
Chinese#ZH-Tenor-1#Glissando#给电影人的情书#Control_Group#0000,D:\-MindEcho-main\ml_dl_models\gtsinger_multitech\dataset\raw\Chinese\ZH-Tenor-1\Glissando\给电影人的情书\Control_Group\0000.wav,Chinese/ZH-Tenor-1/Glissando/给电影人的情书/Control_Group/0000.wav,Chinese,ZH-Tenor-1,给电影人的情书,Control_Group,0,0,0,0,0,0,0,non_mix,000000,control_negative,0.510316
Chinese#ZH-Tenor-1#Glissando#给电影人的情书#Control_Group#0001,D:\-MindEcho-main\ml_dl_models\gtsinger_multitech\dataset\raw\Chinese\ZH-Tenor-1\Glissando\给电影人的情书\Control_Group\0001.wav,Chinese/ZH-Tenor-1/Glissando/给电影人的情书/Control_Group/0001.wav,Chinese,ZH-Tenor-1,给电影人的情书,Control_Group,0,0,0,0,0,0,0,non_mix,000000,control_negative,0.600376
Chinese#ZH-Tenor-1#Glissando#给电影人的情书#Control_Group#0002,D:\-MindEcho-main\ml_dl_models\gtsinger_multitech\dataset\raw\Chinese\ZH-Tenor-1\Glissando\给电影人的情书\Control_Group\0002.wav,Chinese/ZH-Tenor-1/Glissando/给电影人的情书/Control_Group/0002.wav,Chinese,ZH-Tenor-1,给电影人的情书,Control_Group,0,0,0,0,0,0,0,non_mix,000000,control_negative,0.732596
Chinese#ZH-Tenor-1#Glissando#给电影人的情书#Control_Group#0003,D:\-MindEcho-main\ml_dl_models\gtsinger_multitech\dataset\raw\Chinese\ZH-Tenor-1\Glissando\给电影人的情书\Control_Group\0003.wav,Chinese/ZH-Tenor-1/Glissando/给电影人的情书/Control_Group/0003.wav,Chinese,ZH-Tenor-1,给电影人的情书,Control_Group,0,0,0,0,1,0,1,non_mix,000010,control_negative,0.627408
Chinese#ZH-Tenor-1#Glissando#给电影人的情书#Control_Group#0004,D:\-MindEcho-main\ml_dl_models\gtsinger_multitech\dataset\raw\Chinese\ZH-Tenor-1\Glissando\给电影人的情书\Control_Group\0004.wav,Chinese/ZH-Tenor-1/Glissando/给电影人的情书/Control_Group/0004.wav,Chinese,ZH-Tenor-1,给电影人的情书,Control_Group,0,0,0,0,0,0,0,non_mix,000000,control_negative,0.639344
Chinese#ZH-Tenor-1#Glissando#给电影人的情书#Control_Group#0005,D:\-MindEcho-main\ml_dl_models\gtsinger_multitech\dataset\raw\Chinese\ZH-Tenor-1\Glissando\给电影人的情书\Control_Group\0005.wav,Chinese/ZH-Tenor-1/Glissando/给电影人的情书/Control_Group/0005.wav,Chinese,ZH-Tenor-1,给电影人的情书,Control_Group,0,0,0,0,1,0,1,non_mix,000010,control_negative,0.529422
Chinese#ZH-Tenor-1#Glissando#给电影人的情书#Control_Group#0006,D:\-MindEcho-main\ml_dl_models\gtsinger_multitech\dataset\raw\Chinese\ZH-Tenor-1\Glissando\给电影人的情书\Control_Group\0006.wav,Chinese/ZH-Tenor-1/Glissando/给电影人的情书/Control_Group/0006.wav,Chinese,ZH-Tenor-1,给电影人的情书,Control_Group,0,0,0,0,0,0,0,non_mix,000000,control_negative,0.666590
Chinese#ZH-Tenor-1#Glissando#给电影人的情书#Control_Group#0007,D:\-MindEcho-main\ml_dl_models\gtsinger_multitech\dataset\raw\Chinese\ZH-Tenor-1\Glissando\给电影人的情书\Control_Group\0007.wav,Chinese/ZH-Tenor-1/Glissando/给电影人的情书/Control_Group/0007.wav,Chinese,ZH-Tenor-1,给电影人的情书,Control_Group,0,0,0,0,0,0,0,non_mix,000000,control_negative,0.711438
Chinese#ZH-Tenor-1#Glissando#给电影人的情书#Control_Group#0008,D:\-MindEcho-main\ml_dl_models\gtsinger_multitech\dataset\raw\Chinese\ZH-Tenor-1\Glissando\给电影人的情书\Control_Group\0008.wav,Chinese/ZH-Tenor-1/Glissando/给电影人的情书/Control_Group/0008.wav,Chinese,ZH-Tenor-1,给电影人的情书,Control_Group,0,0,0,0,0,0,0,non_mix,000000,control_negative,0.638881
Chinese#ZH-Tenor-1#Glissando#给电影人的情书#Control_Group#0010,D:\-MindEcho-main\ml_dl_models\gtsinger_multitech\dataset\raw\Chinese\ZH-Tenor-1\Glissando\给电影人的情书\Control_Group\0010.wav,Chinese/ZH-Tenor-1/Glissando/给电影人的情书/Control_Group/0010.wav,Chinese,ZH-Tenor-1,给电影人的情书,Control_Group,0,0,0,0,0,0,0,non_mix,000000,control_negative,0.694950
Chinese#ZH-Tenor-1#Glissando#给电影人的情书#Control_Group#0012,D:\-MindEcho-main\ml_dl_models\gtsinger_multitech\dataset\raw\Chinese\ZH-Tenor-1\Glissando\给电影人的情书\Control_Group\0012.wav,Chinese/ZH-Tenor-1/Glissando/给电影人的情书/Control_Group/0012.wav,Chinese,ZH-Tenor-1,给电影人的情书,Control_Group,0,0,0,0,1,0,1,non_mix,000010,control_negative,0.668329
Chinese#ZH-Tenor-1#Glissando#给电影人的情书#Control_Group#0013,D:\-MindEcho-main\ml_dl_models\gtsinger_multitech\dataset\raw\Chinese\ZH-Tenor-1\Glissando\给电影人的情书\Control_Group\0013.wav,Chinese/ZH-Tenor-1/Glissando/给电影人的情书/Control_Group/0013.wav,Chinese,ZH-Tenor-1,给电影人的情书,Control_Group,0,0,0,0,0,0,0,non_mix,000000,control_negative,0.741522
Chinese#ZH-Tenor-1#Glissando#给电影人的情书#Control_Group#0014,D:\-MindEcho-main\ml_dl_models\gtsinger_multitech\dataset\raw\Chinese\ZH-Tenor-1\Glissando\给电影人的情书\Control_Group\0014.wav,Chinese/ZH-Tenor-1/Glissando/给电影人的情书/Control_Group/0014.wav,Chinese,ZH-Tenor-1,给电影人的情书,Control_Group,0,0,0,0,1,0,1,non_mix,000010,control_negative,0.745144
Chinese#ZH-Tenor-1#Glissando#给电影人的情书#Control_Group#0015,D:\-MindEcho-main\ml_dl_models\gtsinger_multitech\dataset\raw\Chinese\ZH-Tenor-1\Glissando\给电影人的情书\Control_Group\0015.wav,Chinese/ZH-Tenor-1/Glissando/给电影人的情书/Control_Group/0015.wav,Chinese,ZH-Tenor-1,给电影人的情书,Control_Group,0,0,0,0,1,0,1,non_mix,000010,control_negative,0.620119
Chinese#ZH-Tenor-1#Glissando#给电影人的情书#Control_Group#0017,D:\-MindEcho-main\ml_dl_models\gtsinger_multitech\dataset\raw\Chinese\ZH-Tenor-1\Glissando\给电影人的情书\Control_Group\0017.wav,Chinese/ZH-Tenor-1/Glissando/给电影人的情书/Control_Group/0017.wav,Chinese,ZH-Tenor-1,给电影人的情书,Control_Group,0,0,0,0,0,0,0,non_mix,000000,control_negative,0.671598
Chinese#ZH-Tenor-1#Glissando#给电影人的情书#Control_Group#0018,D:\-MindEcho-main\ml_dl_models\gtsinger_multitech\dataset\raw\Chinese\ZH-Tenor-1\Glissando\给电影人的情书\Control_Group\0018.wav,Chinese/ZH-Tenor-1/Glissando/给电影人的情书/Control_Group/0018.wav,Chinese,ZH-Tenor-1,给电影人的情书,Control_Group,0,0,0,0,1,0,1,non_mix,000010,control_negative,0.703716
Chinese#ZH-Tenor-1#Glissando#给电影人的情书#Control_Group#0019,D:\-MindEcho-main\ml_dl_models\gtsinger_multitech\dataset\raw\Chinese\ZH-Tenor-1\Glissando\给电影人的情书\Control_Group\0019.wav,Chinese/ZH-Tenor-1/Glissando/给电影人的情书/Control_Group/0019.wav,Chinese,ZH-Tenor-1,给电影人的情书,Control_Group,0,0,0,0,1,0,1,non_mix,000010,control_negative,0.694114
Chinese#ZH-Tenor-1#Mixed_Voice_and_Falsetto#老男孩#Control_Group#0000,D:\-MindEcho-main\ml_dl_models\gtsinger_multitech\dataset\raw\Chinese\ZH-Tenor-1\Mixed_Voice_and_Falsetto\老男孩\Control_Group\0000.wav,Chinese/ZH-Tenor-1/Mixed_Voice_and_Falsetto/老男孩/Control_Group/0000.wav,Chinese,ZH-Tenor-1,老男孩,Control_Group,0,0,0,0,1,0,1,non_mix,000010,control_negative,0.691967
Chinese#ZH-Tenor-1#Mixed_Voice_and_Falsetto#老男孩#Control_Group#0001,D:\-MindEcho-main\ml_dl_models\gtsinger_multitech\dataset\raw\Chinese\ZH-Tenor-1\Mixed_Voice_and_Falsetto\老男孩\Control_Group\0001.wav,Chinese/ZH-Tenor-1/Mixed_Voice_and_Falsetto/老男孩/Control_Group/0001.wav,Chinese,ZH-Tenor-1,老男孩,Control_Group,0,0,0,0,1,0,1,non_mix,000010,control_negative,0.730113
Chinese#ZH-Tenor-1#Mixed_Voice_and_Falsetto#老男孩#Control_Group#0002,D:\-MindEcho-main\ml_dl_models\gtsinger_multitech\dataset\raw\Chinese\ZH-Tenor-1\Mixed_Voice_and_Falsetto\老男孩\Control_Group\0002.wav,Chinese/ZH-Tenor-1/Mixed_Voice_and_Falsetto/老男孩/Control_Group/0002.wav,Chinese,ZH-Tenor-1,老男孩,Control_Group,0,0,0,0,1,0,1,non_mix,000010,control_negative,0.635283
Chinese#ZH-Tenor-1#Mixed_Voice_and_Falsetto#老男孩#Control_Group#0003,D:\-MindEcho-main\ml_dl_models\gtsinger_multitech\dataset\raw\Chinese\ZH-Tenor-1\Mixed_Voice_and_Falsetto\老男孩\Control_Group\0003.wav,Chinese/ZH-Tenor-1/Mixed_Voice_and_Falsetto/老男孩/Control_Group/0003.wav,Chinese,ZH-Tenor-1,老男孩,Control_Group,0,0,0,0,1,0,1,non_mix,000010,control_negative,0.614059
Chinese#ZH-Tenor-1#Mixed_Voice_and_Falsetto#老男孩#Control_Group#0004,D:\-MindEcho-main\ml_dl_models\gtsinger_multitech\dataset\raw\Chinese\ZH-Tenor-1\Mixed_Voice_and_Falsetto\老男孩\Control_Group\0004.wav,Chinese/ZH-Tenor-1/Mixed_Voice_and_Falsetto/老男孩/Control_Group/0004.wav,Chinese,ZH-Tenor-1,老男孩,Control_Group,0,0,0,0,1,0,1,non_mix,000010,control_negative,0.716872
Chinese#ZH-Tenor-1#Mixed_Voice_and_Falsetto#老男孩#Control_Group#0005,D:\-MindEcho-main\ml_dl_models\gtsinger_multitech\dataset\raw\Chinese\ZH-Tenor-1\Mixed_Voice_and_Falsetto\老男孩\Control_Group\0005.wav,Chinese/ZH-Tenor-1/Mixed_Voice_and_Falsetto/老男孩/Control_Group/0005.wav,Chinese,ZH-Tenor-1,老男孩,Control_Group,0,0,0,0,1,0,1,non_mix,000010,control_negative,0.765015
Chinese#ZH-Tenor-1#Mixed_Voice_and_Falsetto#老男孩#Control_Group#0006,D:\-MindEcho-main\ml_dl_models\gtsinger_multitech\dataset\raw\Chinese\ZH-Tenor-1\Mixed_Voice_and_Falsetto\老男孩\Control_Group\0006.wav,Chinese/ZH-Tenor-1/Mixed_Voice_and_Falsetto/老男孩/Control_Group/0006.wav,Chinese,ZH-Tenor-1,老男孩,Control_Group,0,0,0,0,1,0,1,non_mix,000010,control_negative,0.681319
Chinese#ZH-Tenor-1#Mixed_Voice_and_Falsetto#老男孩#Control_Group#0007,D:\-MindEcho-main\ml_dl_models\gtsinger_multitech\dataset\raw\Chinese\ZH-Tenor-1\Mixed_Voice_and_Falsetto\老男孩\Control_Group\0007.wav,Chinese/ZH-Tenor-1/Mixed_Voice_and_Falsetto/老男孩/Control_Group/0007.wav,Chinese,ZH-Tenor-1,老男孩,Control_Group,0,0,0,0,1,0,1,non_mix,000010,control_negative,0.709561
Chinese#ZH-Tenor-1#Mixed_Voice_and_Falsetto#老男孩#Control_Group#0008,D:\-MindEcho-main\ml_dl_models\gtsinger_multitech\dataset\raw\Chinese\ZH-Tenor-1\Mixed_Voice_and_Falsetto\老男孩\Control_Group\0008.wav,Chinese/ZH-Tenor-1/Mixed_Voice_and_Falsetto/老男孩/Control_Group/0008.wav,Chinese,ZH-Tenor-1,老男孩,Control_Group,0,0,0,0,1,0,1,non_mix,000010,control_negative,0.785829
Chinese#ZH-Tenor-1#Mixed_Voice_and_Falsetto#老男孩#Control_Group#0010,D:\-MindEcho-main\ml_dl_models\gtsinger_multitech\dataset\raw\Chinese\ZH-Tenor-1\Mixed_Voice_and_Falsetto\老男孩\Control_Group\0010.wav,Chinese/ZH-Tenor-1/Mixed_Voice_and_Falsetto/老男孩/Control_Group/0010.wav,Chinese,ZH-Tenor-1,老男孩,Control_Group,0,0,0,0,1,0,1,non_mix,000010,control_negative,0.722906
Chinese#ZH-Tenor-1#Mixed_Voice_and_Falsetto#老男孩#Control_Group#0011,D:\-MindEcho-main\ml_dl_models\gtsinger_multitech\dataset\raw\Chinese\ZH-Tenor-1\Mixed_Voice_and_Falsetto\老男孩\Control_Group\0011.wav,Chinese/ZH-Tenor-1/Mixed_Voice_and_Falsetto/老男孩/Control_Group/0011.wav,Chinese,ZH-Tenor-1,老男孩,Control_Group,0,0,0,0,1,0,1,non_mix,000010,control_negative,0.663021
Chinese#ZH-Tenor-1#Mixed_Voice_and_Falsetto#老男孩#Control_Group#0012,D:\-MindEcho-main\ml_dl_models\gtsinger_multitech\dataset\raw\Chinese\ZH-Tenor-1\Mixed_Voice_and_Falsetto\老男孩\Control_Group\0012.wav,Chinese/ZH-Tenor-1/Mixed_Voice_and_Falsetto/老男孩/Control_Group/0012.wav,Chinese,ZH-Tenor-1,老男孩,Control_Group,0,0,0,0,1,0,1,non_mix,000010,control_negative,0.672445
Chinese#ZH-Tenor-1#Mixed_Voice_and_Falsetto#老男孩#Control_Group#0013,D:\-MindEcho-main\ml_dl_models\gtsinger_multitech\dataset\raw\Chinese\ZH-Tenor-1\Mixed_Voice_and_Falsetto\老男孩\Control_Group\0013.wav,Chinese/ZH-Tenor-1/Mixed_Voice_and_Falsetto/老男孩/Control_Group/0013.wav,Chinese,ZH-Tenor-1,老男孩,Control_Group,0,0,0,0,1,0,1,non_mix,000010,control_negative,0.817373
Chinese#ZH-Tenor-1#Mixed_Voice_and_Falsetto#老男孩#Control_Group#0014,D:\-MindEcho-main\ml_dl_models\gtsinger_multitech\dataset\raw\Chinese\ZH-Tenor-1\Mixed_Voice_and_Falsetto\老男孩\Control_Group\0014.wav,Chinese/ZH-Tenor-1/Mixed_Voice_and_Falsetto/老男孩/Control_Group/0014.wav,Chinese,ZH-Tenor-1,老男孩,Control_Group,0,0,0,0,1,0,1,non_mix,000010,control_negative,0.754193
Chinese#ZH-Tenor-1#Mixed_Voice_and_Falsetto#老男孩#Control_Group#0015,D:\-MindEcho-main\ml_dl_models\gtsinger_multitech\dataset\raw\Chinese\ZH-Tenor-1\Mixed_Voice_and_Falsetto\老男孩\Control_Group\0015.wav,Chinese/ZH-Tenor-1/Mixed_Voice_and_Falsetto/老男孩/Control_Group/0015.wav,Chinese,ZH-Tenor-1,老男孩,Control_Group,0,0,0,0,1,0,1,non_mix,000010,control_negative,0.691711
Chinese#ZH-Tenor-1#Mixed_Voice_and_Falsetto#老男孩#Control_Group#0016,D:\-MindEcho-main\ml_dl_models\gtsinger_multitech\dataset\raw\Chinese\ZH-Tenor-1\Mixed_Voice_and_Falsetto\老男孩\Control_Group\0016.wav,Chinese/ZH-Tenor-1/Mixed_Voice_and_Falsetto/老男孩/Control_Group/0016.wav,Chinese,ZH-Tenor-1,老男孩,Control_Group,0,0,0,0,1,0,1,non_mix,000010,control_negative,0.640093
Chinese#ZH-Tenor-1#Mixed_Voice_and_Falsetto#老男孩#Control_Group#0017,D:\-MindEcho-main\ml_dl_models\gtsinger_multitech\dataset\raw\Chinese\ZH-Tenor-1\Mixed_Voice_and_Falsetto\老男孩\Control_Group\0017.wav,Chinese/ZH-Tenor-1/Mixed_Voice_and_Falsetto/老男孩/Control_Group/0017.wav,Chinese,ZH-Tenor-1,老男孩,Control_Group,0,0,0,0,1,0,1,non_mix,000010,control_negative,0.763206
Chinese#ZH-Tenor-1#Mixed_Voice_and_Falsetto#老男孩#Control_Group#0019,D:\-MindEcho-main\ml_dl_models\gtsinger_multitech\dataset\raw\Chinese\ZH-Tenor-1\Mixed_Voice_and_Falsetto\老男孩\Control_Group\0019.wav,Chinese/ZH-Tenor-1/Mixed_Voice_and_Falsetto/老男孩/Control_Group/0019.wav,Chinese,ZH-Tenor-1,老男孩,Control_Group,0,0,0,0,1,0,1,non_mix,000010,control_negative,0.645971
Chinese#ZH-Tenor-1#Mixed_Voice_and_Falsetto#老男孩#Control_Group#0020,D:\-MindEcho-main\ml_dl_models\gtsinger_multitech\dataset\raw\Chinese\ZH-Tenor-1\Mixed_Voice_and_Falsetto\老男孩\Control_Group\0020.wav,Chinese/ZH-Tenor-1/Mixed_Voice_and_Falsetto/老男孩/Control_Group/0020.wav,Chinese,ZH-Tenor-1,老男孩,Control_Group,0,0,0,0,1,0,1,non_mix,000010,control_negative,0.753320
Chinese#ZH-Tenor-1#Mixed_Voice_and_Falsetto#老男孩#Control_Group#0021,D:\-MindEcho-main\ml_dl_models\gtsinger_multitech\dataset\raw\Chinese\ZH-Tenor-1\Mixed_Voice_and_Falsetto\老男孩\Control_Group\0021.wav,Chinese/ZH-Tenor-1/Mixed_Voice_and_Falsetto/老男孩/Control_Group/0021.wav,Chinese,ZH-Tenor-1,老男孩,Control_Group,0,0,0,0,1,0,1,non_mix,000010,control_negative,0.668509
Chinese#ZH-Tenor-1#Pharyngeal#老男孩#Control_Group#0001,D:\-MindEcho-main\ml_dl_models\gtsinger_multitech\dataset\raw\Chinese\ZH-Tenor-1\Pharyngeal\老男孩\Control_Group\0001.wav,Chinese/ZH-Tenor-1/Pharyngeal/老男孩/Control_Group/0001.wav,Chinese,ZH-Tenor-1,老男孩,Control_Group,0,0,0,0,1,0,1,non_mix,000010,control_negative,0.750846
Chinese#ZH-Tenor-1#Pharyngeal#老男孩#Control_Group#0003,D:\-MindEcho-main\ml_dl_models\gtsinger_multitech\dataset\raw\Chinese\ZH-Tenor-1\Pharyngeal\老男孩\Control_Group\0003.wav,Chinese/ZH-Tenor-1/Pharyngeal/老男孩/Control_Group/0003.wav,Chinese,ZH-Tenor-1,老男孩,Control_Group,0,0,0,0,1,0,1,non_mix,000010,control_negative,0.775428
Chinese#ZH-Tenor-1#Pharyngeal#老男孩#Control_Group#0004,D:\-MindEcho-main\ml_dl_models\gtsinger_multitech\dataset\raw\Chinese\ZH-Tenor-1\Pharyngeal\老男孩\Control_Group\0004.wav,Chinese/ZH-Tenor-1/Pharyngeal/老男孩/Control_Group/0004.wav,Chinese,ZH-Tenor-1,老男孩,Control_Group,0,0,0,0,1,0,1,non_mix,000010,control_negative,0.812041
Chinese#ZH-Tenor-1#Mixed_Voice_and_Falsetto#菊花台#Control_Group#0000,D:\-MindEcho-main\ml_dl_models\gtsinger_multitech\dataset\raw\Chinese\ZH-Tenor-1\Mixed_Voice_and_Falsetto\菊花台\Control_Group\0000.wav,Chinese/ZH-Tenor-1/Mixed_Voice_and_Falsetto/菊花台/Control_Group/0000.wav,Chinese,ZH-Tenor-1,菊花台,Control_Group,0,0,0,0,1,0,1,non_mix,000010,control_negative,0.800525
Chinese#ZH-Tenor-1#Mixed_Voice_and_Falsetto#菊花台#Control_Group#0001,D:\-MindEcho-main\ml_dl_models\gtsinger_multitech\dataset\raw\Chinese\ZH-Tenor-1\Mixed_Voice_and_Falsetto\菊花台\Control_Group\0001.wav,Chinese/ZH-Tenor-1/Mixed_Voice_and_Falsetto/菊花台/Control_Group/0001.wav,Chinese,ZH-Tenor-1,菊花台,Control_Group,0,0,0,0,1,0,1,non_mix,000010,control_negative,0.759634
Chinese#ZH-Tenor-1#Mixed_Voice_and_Falsetto#菊花台#Control_Group#0002,D:\-MindEcho-main\ml_dl_models\gtsinger_multitech\dataset\raw\Chinese\ZH-Tenor-1\Mixed_Voice_and_Falsetto\菊花台\Control_Group\0002.wav,Chinese/ZH-Tenor-1/Mixed_Voice_and_Falsetto/菊花台/Control_Group/0002.wav,Chinese,ZH-Tenor-1,菊花台,Control_Group,0,0,0,0,1,0,1,non_mix,000010,control_negative,0.811776
Chinese#ZH-Tenor-1#Mixed_Voice_and_Falsetto#菊花台#Control_Group#0003,D:\-MindEcho-main\ml_dl_models\gtsinger_multitech\dataset\raw\Chinese\ZH-Tenor-1\Mixed_Voice_and_Falsetto\菊花台\Control_Group\0003.wav,Chinese/ZH-Tenor-1/Mixed_Voice_and_Falsetto/菊花台/Control_Group/0003.wav,Chinese,ZH-Tenor-1,菊花台,Control_Group,0,0,0,0,1,0,1,non_mix,000010,control_negative,0.582571
Chinese#ZH-Tenor-1#Mixed_Voice_and_Falsetto#菊花台#Control_Group#0004,D:\-MindEcho-main\ml_dl_models\gtsinger_multitech\dataset\raw\Chinese\ZH-Tenor-1\Mixed_Voice_and_Falsetto\菊花台\Control_Group\0004.wav,Chinese/ZH-Tenor-1/Mixed_Voice_and_Falsetto/菊花台/Control_Group/0004.wav,Chinese,ZH-Tenor-1,菊花台,Control_Group,0,0,0,0,1,0,1,non_mix,000010,control_negative,0.775959
Chinese#ZH-Tenor-1#Mixed_Voice_and_Falsetto#菊花台#Control_Group#0005,D:\-MindEcho-main\ml_dl_models\gtsinger_multitech\dataset\raw\Chinese\ZH-Tenor-1\Mixed_Voice_and_Falsetto\菊花台\Control_Group\0005.wav,Chinese/ZH-Tenor-1/Mixed_Voice_and_Falsetto/菊花台/Control_Group/0005.wav,Chinese,ZH-Tenor-1,菊花台,Control_Group,0,0,0,0,1,0,1,non_mix,000010,control_negative,0.726654
Chinese#ZH-Tenor-1#Mixed_Voice_and_Falsetto#菊花台#Control_Group#0006,D:\-MindEcho-main\ml_dl_models\gtsinger_multitech\dataset\raw\Chinese\ZH-Tenor-1\Mixed_Voice_and_Falsetto\菊花台\Control_Group\0006.wav,Chinese/ZH-Tenor-1/Mixed_Voice_and_Falsetto/菊花台/Control_Group/0006.wav,Chinese,ZH-Tenor-1,菊花台,Control_Group,0,0,0,0,1,0,1,non_mix,000010,control_negative,0.683441
Chinese#ZH-Tenor-1#Mixed_Voice_and_Falsetto#菊花台#Control_Group#0007,D:\-MindEcho-main\ml_dl_models\gtsinger_multitech\dataset\raw\Chinese\ZH-Tenor-1\Mixed_Voice_and_Falsetto\菊花台\Control_Group\0007.wav,Chinese/ZH-Tenor-1/Mixed_Voice_and_Falsetto/菊花台/Control_Group/0007.wav,Chinese,ZH-Tenor-1,菊花台,Control_Group,0,0,0,0,1,0,1,non_mix,000010,control_negative,0.764549
Chinese#ZH-Tenor-1#Mixed_Voice_and_Falsetto#菊花台#Control_Group#0008,D:\-MindEcho-main\ml_dl_models\gtsinger_multitech\dataset\raw\Chinese\ZH-Tenor-1\Mixed_Voice_and_Falsetto\菊花台\Control_Group\0008.wav,Chinese/ZH-Tenor-1/Mixed_Voice_and_Falsetto/菊花台/Control_Group/0008.wav,Chinese,ZH-Tenor-1,菊花台,Control_Group,0,0,0,0,1,0,1,non_mix,000010,control_negative,0.721271
Chinese#ZH-Tenor-1#Mixed_Voice_and_Falsetto#菊花台#Control_Group#0009,D:\-MindEcho-main\ml_dl_models\gtsinger_multitech\dataset\raw\Chinese\ZH-Tenor-1\Mixed_Voice_and_Falsetto\菊花台\Control_Group\0009.wav,Chinese/ZH-Tenor-1/Mixed_Voice_and_Falsetto/菊花台/Control_Group/0009.wav,Chinese,ZH-Tenor-1,菊花台,Control_Group,0,0,0,0,1,0,1,non_mix,000010,control_negative,0.694651
Chinese#ZH-Tenor-1#Mixed_Voice_and_Falsetto#菊花台#Control_Group#0010,D:\-MindEcho-main\ml_dl_models\gtsinger_multitech\dataset\raw\Chinese\ZH-Tenor-1\Mixed_Voice_and_Falsetto\菊花台\Control_Group\0010.wav,Chinese/ZH-Tenor-1/Mixed_Voice_and_Falsetto/菊花台/Control_Group/0010.wav,Chinese,ZH-Tenor-1,菊花台,Control_Group,0,0,0,0,1,0,1,non_mix,000010,control_negative,0.760524
Chinese#ZH-Tenor-1#Mixed_Voice_and_Falsetto#菊花台#Control_Group#0011,D:\-MindEcho-main\ml_dl_models\gtsinger_multitech\dataset\raw\Chinese\ZH-Tenor-1\Mixed_Voice_and_Falsetto\菊花台\Control_Group\0011.wav,Chinese/ZH-Tenor-1/Mixed_Voice_and_Falsetto/菊花台/Control_Group/0011.wav,Chinese,ZH-Tenor-1,菊花台,Control_Group,0,0,0,0,1,0,1,non_mix,000010,control_negative,0.721535
Chinese#ZH-Tenor-1#Mixed_Voice_and_Falsetto#菊花台#Control_Group#0013,D:\-MindEcho-main\ml_dl_models\gtsinger_multitech\dataset\raw\Chinese\ZH-Tenor-1\Mixed_Voice_and_Falsetto\菊花台\Control_Group\0013.wav,Chinese/ZH-Tenor-1/Mixed_Voice_and_Falsetto/菊花台/Control_Group/0013.wav,Chinese,ZH-Tenor-1,菊花台,Control_Group,0,0,0,0,1,0,1,non_mix,000010,control_negative,0.634695
Chinese#ZH-Tenor-1#Mixed_Voice_and_Falsetto#菊花台#Control_Group#0014,D:\-MindEcho-main\ml_dl_models\gtsinger_multitech\dataset\raw\Chinese\ZH-Tenor-1\Mixed_Voice_and_Falsetto\菊花台\Control_Group\0014.wav,Chinese/ZH-Tenor-1/Mixed_Voice_and_Falsetto/菊花台/Control_Group/0014.wav,Chinese,ZH-Tenor-1,菊花台,Control_Group,0,0,0,0,1,0,1,non_mix,000010,control_negative,0.679202
Chinese#ZH-Tenor-1#Mixed_Voice_and_Falsetto#菊花台#Control_Group#0015,D:\-MindEcho-main\ml_dl_models\gtsinger_multitech\dataset\raw\Chinese\ZH-Tenor-1\Mixed_Voice_and_Falsetto\菊花台\Control_Group\0015.wav,Chinese/ZH-Tenor-1/Mixed_Voice_and_Falsetto/菊花台/Control_Group/0015.wav,Chinese,ZH-Tenor-1,菊花台,Control_Group,0,0,0,0,1,0,1,non_mix,000010,control_negative,0.675663
Chinese#ZH-Tenor-1#Mixed_Voice_and_Falsetto#菊花台#Control_Group#0017,D:\-MindEcho-main\ml_dl_models\gtsinger_multitech\dataset\raw\Chinese\ZH-Tenor-1\Mixed_Voice_and_Falsetto\菊花台\Control_Group\0017.wav,Chinese/ZH-Tenor-1/Mixed_Voice_and_Falsetto/菊花台/Control_Group/0017.wav,Chinese,ZH-Tenor-1,菊花台,Control_Group,0,0,0,0,1,0,1,non_mix,000010,control_negative,0.792181
Chinese#ZH-Tenor-1#Mixed_Voice_and_Falsetto#菊花台#Control_Group#0018,D:\-MindEcho-main\ml_dl_models\gtsinger_multitech\dataset\raw\Chinese\ZH-Tenor-1\Mixed_Voice_and_Falsetto\菊花台\Control_Group\0018.wav,Chinese/ZH-Tenor-1/Mixed_Voice_and_Falsetto/菊花台/Control_Group/0018.wav,Chinese,ZH-Tenor-1,菊花台,Control_Group,0,0,0,0,1,0,1,non_mix,000010,control_negative,0.590312
Chinese#ZH-Tenor-1#Mixed_Voice_and_Falsetto#菊花台#Control_Group#0019,D:\-MindEcho-main\ml_dl_models\gtsinger_multitech\dataset\raw\Chinese\ZH-Tenor-1\Mixed_Voice_and_Falsetto\菊花台\Control_Group\0019.wav,Chinese/ZH-Tenor-1/Mixed_Voice_and_Falsetto/菊花台/Control_Group/0019.wav,Chinese,ZH-Tenor-1,菊花台,Control_Group,0,1,0,0,1,0,1,non_mix,010010,control_negative,0.660283
Chinese#ZH-Tenor-1#Mixed_Voice_and_Falsetto#菊花台#Control_Group#0020,D:\-MindEcho-main\ml_dl_models\gtsinger_multitech\dataset\raw\Chinese\ZH-Tenor-1\Mixed_Voice_and_Falsetto\菊花台\Control_Group\0020.wav,Chinese/ZH-Tenor-1/Mixed_Voice_and_Falsetto/菊花台/Control_Group/0020.wav,Chinese,ZH-Tenor-1,菊花台,Control_Group,0,0,0,0,1,0,1,non_mix,000010,control_negative,0.735569
Chinese#ZH-Tenor-1#Mixed_Voice_and_Falsetto#菊花台#Control_Group#0021,D:\-MindEcho-main\ml_dl_models\gtsinger_multitech\dataset\raw\Chinese\ZH-Tenor-1\Mixed_Voice_and_Falsetto\菊花台\Control_Group\0021.wav,Chinese/ZH-Tenor-1/Mixed_Voice_and_Falsetto/菊花台/Control_Group/0021.wav,Chinese,ZH-Tenor-1,菊花台,Control_Group,0,1,0,0,1,0,1,non_mix,010010,control_negative,0.608924
Chinese#ZH-Tenor-1#Mixed_Voice_and_Falsetto#讲真的#Control_Group#0000,D:\-MindEcho-main\ml_dl_models\gtsinger_multitech\dataset\raw\Chinese\ZH-Tenor-1\Mixed_Voice_and_Falsetto\讲真的\Control_Group\0000.wav,Chinese/ZH-Tenor-1/Mixed_Voice_and_Falsetto/讲真的/Control_Group/0000.wav,Chinese,ZH-Tenor-1,讲真的,Control_Group,0,0,0,0,1,0,1,non_mix,000010,control_negative,0.749532
Chinese#ZH-Tenor-1#Mixed_Voice_and_Falsetto#讲真的#Control_Group#0001,D:\-MindEcho-main\ml_dl_models\gtsinger_multitech\dataset\raw\Chinese\ZH-Tenor-1\Mixed_Voice_and_Falsetto\讲真的\Control_Group\0001.wav,Chinese/ZH-Tenor-1/Mixed_Voice_and_Falsetto/讲真的/Control_Group/0001.wav,Chinese,ZH-Tenor-1,讲真的,Control_Group,0,0,0,0,1,0,1,non_mix,000010,control_negative,0.556812
Chinese#ZH-Tenor-1#Mixed_Voice_and_Falsetto#讲真的#Control_Group#0003,D:\-MindEcho-main\ml_dl_models\gtsinger_multitech\dataset\raw\Chinese\ZH-Tenor-1\Mixed_Voice_and_Falsetto\讲真的\Control_Group\0003.wav,Chinese/ZH-Tenor-1/Mixed_Voice_and_Falsetto/讲真的/Control_Group/0003.wav,Chinese,ZH-Tenor-1,讲真的,Control_Group,0,0,0,0,1,0,1,non_mix,000010,control_negative,0.602773
Chinese#ZH-Tenor-1#Mixed_Voice_and_Falsetto#讲真的#Control_Group#0004,D:\-MindEcho-main\ml_dl_models\gtsinger_multitech\dataset\raw\Chinese\ZH-Tenor-1\Mixed_Voice_and_Falsetto\讲真的\Control_Group\0004.wav,Chinese/ZH-Tenor-1/Mixed_Voice_and_Falsetto/讲真的/Control_Group/0004.wav,Chinese,ZH-Tenor-1,讲真的,Control_Group,0,0,0,0,1,0,1,non_mix,000010,control_negative,0.669171
Chinese#ZH-Tenor-1#Mixed_Voice_and_Falsetto#讲真的#Control_Group#0005,D:\-MindEcho-main\ml_dl_models\gtsinger_multitech\dataset\raw\Chinese\ZH-Tenor-1\Mixed_Voice_and_Falsetto\讲真的\Control_Group\0005.wav,Chinese/ZH-Tenor-1/Mixed_Voice_and_Falsetto/讲真的/Control_Group/0005.wav,Chinese,ZH-Tenor-1,讲真的,Control_Group,0,0,0,0,1,0,1,non_mix,000010,control_negative,0.808253
Chinese#ZH-Tenor-1#Mixed_Voice_and_Falsetto#讲真的#Control_Group#0006,D:\-MindEcho-main\ml_dl_models\gtsinger_multitech\dataset\raw\Chinese\ZH-Tenor-1\Mixed_Voice_and_Falsetto\讲真的\Control_Group\0006.wav,Chinese/ZH-Tenor-1/Mixed_Voice_and_Falsetto/讲真的/Control_Group/0006.wav,Chinese,ZH-Tenor-1,讲真的,Control_Group,0,0,0,0,1,0,1,non_mix,000010,control_negative,0.698944
Chinese#ZH-Tenor-1#Mixed_Voice_and_Falsetto#讲真的#Control_Group#0007,D:\-MindEcho-main\ml_dl_models\gtsinger_multitech\dataset\raw\Chinese\ZH-Tenor-1\Mixed_Voice_and_Falsetto\讲真的\Control_Group\0007.wav,Chinese/ZH-Tenor-1/Mixed_Voice_and_Falsetto/讲真的/Control_Group/0007.wav,Chinese,ZH-Tenor-1,讲真的,Control_Group,0,0,0,0,1,0,1,non_mix,000010,control_negative,0.814958
Chinese#ZH-Tenor-1#Mixed_Voice_and_Falsetto#讲真的#Control_Group#0008,D:\-MindEcho-main\ml_dl_models\gtsinger_multitech\dataset\raw\Chinese\ZH-Tenor-1\Mixed_Voice_and_Falsetto\讲真的\Control_Group\0008.wav,Chinese/ZH-Tenor-1/Mixed_Voice_and_Falsetto/讲真的/Control_Group/0008.wav,Chinese,ZH-Tenor-1,讲真的,Control_Group,0,0,0,0,1,0,1,non_mix,000010,control_negative,0.763980
Chinese#ZH-Tenor-1#Mixed_Voice_and_Falsetto#讲真的#Control_Group#0009,D:\-MindEcho-main\ml_dl_models\gtsinger_multitech\dataset\raw\Chinese\ZH-Tenor-1\Mixed_Voice_and_Falsetto\讲真的\Control_Group\0009.wav,Chinese/ZH-Tenor-1/Mixed_Voice_and_Falsetto/讲真的/Control_Group/0009.wav,Chinese,ZH-Tenor-1,讲真的,Control_Group,0,0,0,0,1,0,1,non_mix,000010,control_negative,0.585952
Chinese#ZH-Tenor-1#Mixed_Voice_and_Falsetto#讲真的#Control_Group#0010,D:\-MindEcho-main\ml_dl_models\gtsinger_multitech\dataset\raw\Chinese\ZH-Tenor-1\Mixed_Voice_and_Falsetto\讲真的\Control_Group\0010.wav,Chinese/ZH-Tenor-1/Mixed_Voice_and_Falsetto/讲真的/Control_Group/0010.wav,Chinese,ZH-Tenor-1,讲真的,Control_Group,0,0,0,0,1,0,1,non_mix,000010,control_negative,0.759393
Chinese#ZH-Tenor-1#Mixed_Voice_and_Falsetto#讲真的#Control_Group#0011,D:\-MindEcho-main\ml_dl_models\gtsinger_multitech\dataset\raw\Chinese\ZH-Tenor-1\Mixed_Voice_and_Falsetto\讲真的\Control_Group\0011.wav,Chinese/ZH-Tenor-1/Mixed_Voice_and_Falsetto/讲真的/Control_Group/0011.wav,Chinese,ZH-Tenor-1,讲真的,Control_Group,0,0,0,0,1,0,1,non_mix,000010,control_negative,0.705544
Chinese#ZH-Tenor-1#Mixed_Voice_and_Falsetto#讲真的#Control_Group#0012,D:\-MindEcho-main\ml_dl_models\gtsinger_multitech\dataset\raw\Chinese\ZH-Tenor-1\Mixed_Voice_and_Falsetto\讲真的\Control_Group\0012.wav,Chinese/ZH-Tenor-1/Mixed_Voice_and_Falsetto/讲真的/Control_Group/0012.wav,Chinese,ZH-Tenor-1,讲真的,Control_Group,0,0,0,0,1,0,1,non_mix,000010,control_negative,0.770684
Chinese#ZH-Tenor-1#Mixed_Voice_and_Falsetto#讲真的#Control_Group#0013,D:\-MindEcho-main\ml_dl_models\gtsinger_multitech\dataset\raw\Chinese\ZH-Tenor-1\Mixed_Voice_and_Falsetto\讲真的\Control_Group\0013.wav,Chinese/ZH-Tenor-1/Mixed_Voice_and_Falsetto/讲真的/Control_Group/0013.wav,Chinese,ZH-Tenor-1,讲真的,Control_Group,0,0,0,0,1,0,1,non_mix,000010,control_negative,0.746399
Chinese#ZH-Tenor-1#Mixed_Voice_and_Falsetto#讲真的#Control_Group#0014,D:\-MindEcho-main\ml_dl_models\gtsinger_multitech\dataset\raw\Chinese\ZH-Tenor-1\Mixed_Voice_and_Falsetto\讲真的\Control_Group\0014.wav,Chinese/ZH-Tenor-1/Mixed_Voice_and_Falsetto/讲真的/Control_Group/0014.wav,Chinese,ZH-Tenor-1,讲真的,Control_Group,0,0,0,0,1,0,1,non_mix,000010,control_negative,0.755269
Chinese#ZH-Tenor-1#Mixed_Voice_and_Falsetto#讲真的#Control_Group#0015,D:\-MindEcho-main\ml_dl_models\gtsinger_multitech\dataset\raw\Chinese\ZH-Tenor-1\Mixed_Voice_and_Falsetto\讲真的\Control_Group\0015.wav,Chinese/ZH-Tenor-1/Mixed_Voice_and_Falsetto/讲真的/Control_Group/0015.wav,Chinese,ZH-Tenor-1,讲真的,Control_Group,0,0,0,0,1,0,1,non_mix,000010,control_negative,0.813606
Chinese#ZH-Tenor-1#Mixed_Voice_and_Falsetto#讲真的#Control_Group#0016,D:\-MindEcho-main\ml_dl_models\gtsinger_multitech\dataset\raw\Chinese\ZH-Tenor-1\Mixed_Voice_and_Falsetto\讲真的\Control_Group\0016.wav,Chinese/ZH-Tenor-1/Mixed_Voice_and_Falsetto/讲真的/Control_Group/0016.wav,Chinese,ZH-Tenor-1,讲真的,Control_Group,0,0,0,0,1,0,1,non_mix,000010,control_negative,0.695962
Chinese#ZH-Tenor-1#Mixed_Voice_and_Falsetto#讲真的#Control_Group#0017,D:\-MindEcho-main\ml_dl_models\gtsinger_multitech\dataset\raw\Chinese\ZH-Tenor-1\Mixed_Voice_and_Falsetto\讲真的\Control_Group\0017.wav,Chinese/ZH-Tenor-1/Mixed_Voice_and_Falsetto/讲真的/Control_Group/0017.wav,Chinese,ZH-Tenor-1,讲真的,Control_Group,0,0,0,0,1,0,1,non_mix,000010,control_negative,0.638304
Chinese#ZH-Tenor-1#Mixed_Voice_and_Falsetto#讲真的#Control_Group#0019,D:\-MindEcho-main\ml_dl_models\gtsinger_multitech\dataset\raw\Chinese\ZH-Tenor-1\Mixed_Voice_and_Falsetto\讲真的\Control_Group\0019.wav,Chinese/ZH-Tenor-1/Mixed_Voice_and_Falsetto/讲真的/Control_Group/0019.wav,Chinese,ZH-Tenor-1,讲真的,Control_Group,0,0,0,0,1,0,1,non_mix,000010,control_negative,0.841996
Chinese#ZH-Tenor-1#Mixed_Voice_and_Falsetto#贝加尔湖畔#Control_Group#0000,D:\-MindEcho-main\ml_dl_models\gtsinger_multitech\dataset\raw\Chinese\ZH-Tenor-1\Mixed_Voice_and_Falsetto\贝加尔湖畔\Control_Group\0000.wav,Chinese/ZH-Tenor-1/Mixed_Voice_and_Falsetto/贝加尔湖畔/Control_Group/0000.wav,Chinese,ZH-Tenor-1,贝加尔湖畔,Control_Group,0,0,0,0,1,0,1,non_mix,000010,control_negative,0.687459
Chinese#ZH-Tenor-1#Mixed_Voice_and_Falsetto#贝加尔湖畔#Control_Group#0002,D:\-MindEcho-main\ml_dl_models\gtsinger_multitech\dataset\raw\Chinese\ZH-Tenor-1\Mixed_Voice_and_Falsetto\贝加尔湖畔\Control_Group\0002.wav,Chinese/ZH-Tenor-1/Mixed_Voice_and_Falsetto/贝加尔湖畔/Control_Group/0002.wav,Chinese,ZH-Tenor-1,贝加尔湖畔,Control_Group,0,0,0,0,1,0,1,non_mix,000010,control_negative,0.651422
Chinese#ZH-Tenor-1#Mixed_Voice_and_Falsetto#贝加尔湖畔#Control_Group#0003,D:\-MindEcho-main\ml_dl_models\gtsinger_multitech\dataset\raw\Chinese\ZH-Tenor-1\Mixed_Voice_and_Falsetto\贝加尔湖畔\Control_Group\0003.wav,Chinese/ZH-Tenor-1/Mixed_Voice_and_Falsetto/贝加尔湖畔/Control_Group/0003.wav,Chinese,ZH-Tenor-1,贝加尔湖畔,Control_Group,0,0,0,0,1,0,1,non_mix,000010,control_negative,0.686622
Chinese#ZH-Tenor-1#Mixed_Voice_and_Falsetto#贝加尔湖畔#Control_Group#0004,D:\-MindEcho-main\ml_dl_models\gtsinger_multitech\dataset\raw\Chinese\ZH-Tenor-1\Mixed_Voice_and_Falsetto\贝加尔湖畔\Control_Group\0004.wav,Chinese/ZH-Tenor-1/Mixed_Voice_and_Falsetto/贝加尔湖畔/Control_Group/0004.wav,Chinese,ZH-Tenor-1,贝加尔湖畔,Control_Group,0,0,0,0,0,0,0,non_mix,000000,control_negative,0.570270
Chinese#ZH-Tenor-1#Mixed_Voice_and_Falsetto#贝加尔湖畔#Control_Group#0005,D:\-MindEcho-main\ml_dl_models\gtsinger_multitech\dataset\raw\Chinese\ZH-Tenor-1\Mixed_Voice_and_Falsetto\贝加尔湖畔\Control_Group\0005.wav,Chinese/ZH-Tenor-1/Mixed_Voice_and_Falsetto/贝加尔湖畔/Control_Group/0005.wav,Chinese,ZH-Tenor-1,贝加尔湖畔,Control_Group,0,0,0,0,1,0,1,non_mix,000010,control_negative,0.680380
Chinese#ZH-Tenor-1#Mixed_Voice_and_Falsetto#走着走着就散了#Control_Group#0000,D:\-MindEcho-main\ml_dl_models\gtsinger_multitech\dataset\raw\Chinese\ZH-Tenor-1\Mixed_Voice_and_Falsetto\走着走着就散了\Control_Group\0000.wav,Chinese/ZH-Tenor-1/Mixed_Voice_and_Falsetto/走着走着就散了/Control_Group/0000.wav,Chinese,ZH-Tenor-1,走着走着就散了,Control_Group,0,0,0,0,1,0,1,non_mix,000010,control_negative,0.705110
Chinese#ZH-Tenor-1#Mixed_Voice_and_Falsetto#走着走着就散了#Control_Group#0002,D:\-MindEcho-main\ml_dl_models\gtsinger_multitech\dataset\raw\Chinese\ZH-Tenor-1\Mixed_Voice_and_Falsetto\走着走着就散了\Control_Group\0002.wav,Chinese/ZH-Tenor-1/Mixed_Voice_and_Falsetto/走着走着就散了/Control_Group/0002.wav,Chinese,ZH-Tenor-1,走着走着就散了,Control_Group,0,0,0,0,1,0,1,non_mix,000010,control_negative,0.554159
Chinese#ZH-Tenor-1#Mixed_Voice_and_Falsetto#走着走着就散了#Control_Group#0003,D:\-MindEcho-main\ml_dl_models\gtsinger_multitech\dataset\raw\Chinese\ZH-Tenor-1\Mixed_Voice_and_Falsetto\走着走着就散了\Control_Group\0003.wav,Chinese/ZH-Tenor-1/Mixed_Voice_and_Falsetto/走着走着就散了/Control_Group/0003.wav,Chinese,ZH-Tenor-1,走着走着就散了,Control_Group,0,0,0,0,0,0,0,non_mix,000000,control_negative,0.657548
Chinese#ZH-Tenor-1#Mixed_Voice_and_Falsetto#走着走着就散了#Control_Group#0004,D:\-MindEcho-main\ml_dl_models\gtsinger_multitech\dataset\raw\Chinese\ZH-Tenor-1\Mixed_Voice_and_Falsetto\走着走着就散了\Control_Group\0004.wav,Chinese/ZH-Tenor-1/Mixed_Voice_and_Falsetto/走着走着就散了/Control_Group/0004.wav,Chinese,ZH-Tenor-1,走着走着就散了,Control_Group,0,0,0,0,1,0,1,non_mix,000010,control_negative,0.710898
Chinese#ZH-Tenor-1#Mixed_Voice_and_Falsetto#走着走着就散了#Control_Group#0005,D:\-MindEcho-main\ml_dl_models\gtsinger_multitech\dataset\raw\Chinese\ZH-Tenor-1\Mixed_Voice_and_Falsetto\走着走着就散了\Control_Group\0005.wav,Chinese/ZH-Tenor-1/Mixed_Voice_and_Falsetto/走着走着就散了/Control_Group/0005.wav,Chinese,ZH-Tenor-1,走着走着就散了,Control_Group,0,0,0,0,1,0,1,non_mix,000010,control_negative,0.740390
Chinese#ZH-Tenor-1#Mixed_Voice_and_Falsetto#走着走着就散了#Control_Group#0006,D:\-MindEcho-main\ml_dl_models\gtsinger_multitech\dataset\raw\Chinese\ZH-Tenor-1\Mixed_Voice_and_Falsetto\走着走着就散了\Control_Group\0006.wav,Chinese/ZH-Tenor-1/Mixed_Voice_and_Falsetto/走着走着就散了/Control_Group/0006.wav,Chinese,ZH-Tenor-1,走着走着就散了,Control_Group,0,0,0,0,1,0,1,non_mix,000010,control_negative,0.668632
Chinese#ZH-Tenor-1#Mixed_Voice_and_Falsetto#走着走着就散了#Control_Group#0007,D:\-MindEcho-main\ml_dl_models\gtsinger_multitech\dataset\raw\Chinese\ZH-Tenor-1\Mixed_Voice_and_Falsetto\走着走着就散了\Control_Group\0007.wav,Chinese/ZH-Tenor-1/Mixed_Voice_and_Falsetto/走着走着就散了/Control_Group/0007.wav,Chinese,ZH-Tenor-1,走着走着就散了,Control_Group,0,0,0,0,1,0,1,non_mix,000010,control_negative,0.703301
Chinese#ZH-Tenor-1#Mixed_Voice_and_Falsetto#走着走着就散了#Control_Group#0008,D:\-MindEcho-main\ml_dl_models\gtsinger_multitech\dataset\raw\Chinese\ZH-Tenor-1\Mixed_Voice_and_Falsetto\走着走着就散了\Control_Group\0008.wav,Chinese/ZH-Tenor-1/Mixed_Voice_and_Falsetto/走着走着就散了/Control_Group/0008.wav,Chinese,ZH-Tenor-1,走着走着就散了,Control_Group,0,0,0,0,1,0,1,non_mix,000010,control_negative,0.691908
Chinese#ZH-Tenor-1#Mixed_Voice_and_Falsetto#走着走着就散了#Control_Group#0010,D:\-MindEcho-main\ml_dl_models\gtsinger_multitech\dataset\raw\Chinese\ZH-Tenor-1\Mixed_Voice_and_Falsetto\走着走着就散了\Control_Group\0010.wav,Chinese/ZH-Tenor-1/Mixed_Voice_and_Falsetto/走着走着就散了/Control_Group/0010.wav,Chinese,ZH-Tenor-1,走着走着就散了,Control_Group,0,0,0,0,1,0,1,non_mix,000010,control_negative,0.631153
Chinese#ZH-Tenor-1#Mixed_Voice_and_Falsetto#走着走着就散了#Control_Group#0011,D:\-MindEcho-main\ml_dl_models\gtsinger_multitech\dataset\raw\Chinese\ZH-Tenor-1\Mixed_Voice_and_Falsetto\走着走着就散了\Control_Group\0011.wav,Chinese/ZH-Tenor-1/Mixed_Voice_and_Falsetto/走着走着就散了/Control_Group/0011.wav,Chinese,ZH-Tenor-1,走着走着就散了,Control_Group,0,0,0,0,1,0,1,non_mix,000010,control_negative,0.711843
Chinese#ZH-Tenor-1#Mixed_Voice_and_Falsetto#走着走着就散了#Control_Group#0012,D:\-MindEcho-main\ml_dl_models\gtsinger_multitech\dataset\raw\Chinese\ZH-Tenor-1\Mixed_Voice_and_Falsetto\走着走着就散了\Control_Group\0012.wav,Chinese/ZH-Tenor-1/Mixed_Voice_and_Falsetto/走着走着就散了/Control_Group/0012.wav,Chinese,ZH-Tenor-1,走着走着就散了,Control_Group,0,0,0,0,1,0,1,non_mix,000010,control_negative,0.505789
Chinese#ZH-Tenor-1#Mixed_Voice_and_Falsetto#走着走着就散了#Control_Group#0013,D:\-MindEcho-main\ml_dl_models\gtsinger_multitech\dataset\raw\Chinese\ZH-Tenor-1\Mixed_Voice_and_Falsetto\走着走着就散了\Control_Group\0013.wav,Chinese/ZH-Tenor-1/Mixed_Voice_and_Falsetto/走着走着就散了/Control_Group/0013.wav,Chinese,ZH-Tenor-1,走着走着就散了,Control_Group,0,0,0,0,1,0,1,non_mix,000010,control_negative,0.756406
Chinese#ZH-Tenor-1#Mixed_Voice_and_Falsetto#走马#Control_Group#0000,D:\-MindEcho-main\ml_dl_models\gtsinger_multitech\dataset\raw\Chinese\ZH-Tenor-1\Mixed_Voice_and_Falsetto\走马\Control_Group\0000.wav,Chinese/ZH-Tenor-1/Mixed_Voice_and_Falsetto/走马/Control_Group/0000.wav,Chinese,ZH-Tenor-1,走马,Control_Group,0,0,0,0,0,0,0,non_mix,000000,control_negative,0.797656
Chinese#ZH-Tenor-1#Mixed_Voice_and_Falsetto#走马#Control_Group#0001,D:\-MindEcho-main\ml_dl_models\gtsinger_multitech\dataset\raw\Chinese\ZH-Tenor-1\Mixed_Voice_and_Falsetto\走马\Control_Group\0001.wav,Chinese/ZH-Tenor-1/Mixed_Voice_and_Falsetto/走马/Control_Group/0001.wav,Chinese,ZH-Tenor-1,走马,Control_Group,0,0,0,0,1,0,1,non_mix,000010,control_negative,0.763839
Chinese#ZH-Tenor-1#Mixed_Voice_and_Falsetto#走马#Control_Group#0002,D:\-MindEcho-main\ml_dl_models\gtsinger_multitech\dataset\raw\Chinese\ZH-Tenor-1\Mixed_Voice_and_Falsetto\走马\Control_Group\0002.wav,Chinese/ZH-Tenor-1/Mixed_Voice_and_Falsetto/走马/Control_Group/0002.wav,Chinese,ZH-Tenor-1,走马,Control_Group,0,0,0,0,0,0,0,non_mix,000000,control_negative,0.694729
Chinese#ZH-Tenor-1#Mixed_Voice_and_Falsetto#走马#Control_Group#0003,D:\-MindEcho-main\ml_dl_models\gtsinger_multitech\dataset\raw\Chinese\ZH-Tenor-1\Mixed_Voice_and_Falsetto\走马\Control_Group\0003.wav,Chinese/ZH-Tenor-1/Mixed_Voice_and_Falsetto/走马/Control_Group/0003.wav,Chinese,ZH-Tenor-1,走马,Control_Group,0,0,0,0,0,0,0,non_mix,000000,control_negative,0.730671
Chinese#ZH-Tenor-1#Mixed_Voice_and_Falsetto#走马#Control_Group#0004,D:\-MindEcho-main\ml_dl_models\gtsinger_multitech\dataset\raw\Chinese\ZH-Tenor-1\Mixed_Voice_and_Falsetto\走马\Control_Group\0004.wav,Chinese/ZH-Tenor-1/Mixed_Voice_and_Falsetto/走马/Control_Group/0004.wav,Chinese,ZH-Tenor-1,走马,Control_Group,0,0,0,0,0,0,0,non_mix,000000,control_negative,0.579589
Chinese#ZH-Tenor-1#Mixed_Voice_and_Falsetto#走马#Control_Group#0005,D:\-MindEcho-main\ml_dl_models\gtsinger_multitech\dataset\raw\Chinese\ZH-Tenor-1\Mixed_Voice_and_Falsetto\走马\Control_Group\0005.wav,Chinese/ZH-Tenor-1/Mixed_Voice_and_Falsetto/走马/Control_Group/0005.wav,Chinese,ZH-Tenor-1,走马,Control_Group,0,0,0,0,0,0,0,non_mix,000000,control_negative,0.627666
Chinese#ZH-Tenor-1#Mixed_Voice_and_Falsetto#走马#Control_Group#0007,D:\-MindEcho-main\ml_dl_models\gtsinger_multitech\dataset\raw\Chinese\ZH-Tenor-1\Mixed_Voice_and_Falsetto\走马\Control_Group\0007.wav,Chinese/ZH-Tenor-1/Mixed_Voice_and_Falsetto/走马/Control_Group/0007.wav,Chinese,ZH-Tenor-1,走马,Control_Group,0,0,0,0,1,0,1,non_mix,000010,control_negative,0.554604
Chinese#ZH-Tenor-1#Mixed_Voice_and_Falsetto#走马#Control_Group#0008,D:\-MindEcho-main\ml_dl_models\gtsinger_multitech\dataset\raw\Chinese\ZH-Tenor-1\Mixed_Voice_and_Falsetto\走马\Control_Group\0008.wav,Chinese/ZH-Tenor-1/Mixed_Voice_and_Falsetto/走马/Control_Group/0008.wav,Chinese,ZH-Tenor-1,走马,Control_Group,0,0,0,0,1,0,1,non_mix,000010,control_negative,0.720692
Chinese#ZH-Tenor-1#Mixed_Voice_and_Falsetto#走马#Control_Group#0009,D:\-MindEcho-main\ml_dl_models\gtsinger_multitech\dataset\raw\Chinese\ZH-Tenor-1\Mixed_Voice_and_Falsetto\走马\Control_Group\0009.wav,Chinese/ZH-Tenor-1/Mixed_Voice_and_Falsetto/走马/Control_Group/0009.wav,Chinese,ZH-Tenor-1,走马,Control_Group,0,0,0,0,0,0,0,non_mix,000000,control_negative,0.777978
Chinese#ZH-Tenor-1#Mixed_Voice_and_Falsetto#走马#Control_Group#0010,D:\-MindEcho-main\ml_dl_models\gtsinger_multitech\dataset\raw\Chinese\ZH-Tenor-1\Mixed_Voice_and_Falsetto\走马\Control_Group\0010.wav,Chinese/ZH-Tenor-1/Mixed_Voice_and_Falsetto/走马/Control_Group/0010.wav,Chinese,ZH-Tenor-1,走马,Control_Group,0,0,0,0,0,0,0,non_mix,000000,control_negative,0.734934
Chinese#ZH-Tenor-1#Mixed_Voice_and_Falsetto#走马#Control_Group#0013,D:\-MindEcho-main\ml_dl_models\gtsinger_multitech\dataset\raw\Chinese\ZH-Tenor-1\Mixed_Voice_and_Falsetto\走马\Control_Group\0013.wav,Chinese/ZH-Tenor-1/Mixed_Voice_and_Falsetto/走马/Control_Group/0013.wav,Chinese,ZH-Tenor-1,走马,Control_Group,0,0,0,0,1,0,1,non_mix,000010,control_negative,0.597701
Chinese#ZH-Tenor-1#Mixed_Voice_and_Falsetto#走马#Control_Group#0014,D:\-MindEcho-main\ml_dl_models\gtsinger_multitech\dataset\raw\Chinese\ZH-Tenor-1\Mixed_Voice_and_Falsetto\走马\Control_Group\0014.wav,Chinese/ZH-Tenor-1/Mixed_Voice_and_Falsetto/走马/Control_Group/0014.wav,Chinese,ZH-Tenor-1,走马,Control_Group,0,0,0,0,1,0,1,non_mix,000010,control_negative,0.733838
Chinese#ZH-Tenor-1#Mixed_Voice_and_Falsetto#过火#Control_Group#0000,D:\-MindEcho-main\ml_dl_models\gtsinger_multitech\dataset\raw\Chinese\ZH-Tenor-1\Mixed_Voice_and_Falsetto\过火\Control_Group\0000.wav,Chinese/ZH-Tenor-1/Mixed_Voice_and_Falsetto/过火/Control_Group/0000.wav,Chinese,ZH-Tenor-1,过火,Control_Group,0,0,0,0,1,0,1,non_mix,000010,control_negative,0.698274
Chinese#ZH-Tenor-1#Mixed_Voice_and_Falsetto#过火#Control_Group#0001,D:\-MindEcho-main\ml_dl_models\gtsinger_multitech\dataset\raw\Chinese\ZH-Tenor-1\Mixed_Voice_and_Falsetto\过火\Control_Group\0001.wav,Chinese/ZH-Tenor-1/Mixed_Voice_and_Falsetto/过火/Control_Group/0001.wav,Chinese,ZH-Tenor-1,过火,Control_Group,0,0,0,0,1,0,1,non_mix,000010,control_negative,0.679507
Chinese#ZH-Tenor-1#Mixed_Voice_and_Falsetto#过火#Control_Group#0002,D:\-MindEcho-main\ml_dl_models\gtsinger_multitech\dataset\raw\Chinese\ZH-Tenor-1\Mixed_Voice_and_Falsetto\过火\Control_Group\0002.wav,Chinese/ZH-Tenor-1/Mixed_Voice_and_Falsetto/过火/Control_Group/0002.wav,Chinese,ZH-Tenor-1,过火,Control_Group,0,0,0,0,1,0,1,non_mix,000010,control_negative,0.573398
Chinese#ZH-Tenor-1#Mixed_Voice_and_Falsetto#过火#Control_Group#0003,D:\-MindEcho-main\ml_dl_models\gtsinger_multitech\dataset\raw\Chinese\ZH-Tenor-1\Mixed_Voice_and_Falsetto\过火\Control_Group\0003.wav,Chinese/ZH-Tenor-1/Mixed_Voice_and_Falsetto/过火/Control_Group/0003.wav,Chinese,ZH-Tenor-1,过火,Control_Group,0,0,0,0,1,0,1,non_mix,000010,control_negative,0.859989
Chinese#ZH-Tenor-1#Mixed_Voice_and_Falsetto#过火#Control_Group#0004,D:\-MindEcho-main\ml_dl_models\gtsinger_multitech\dataset\raw\Chinese\ZH-Tenor-1\Mixed_Voice_and_Falsetto\过火\Control_Group\0004.wav,Chinese/ZH-Tenor-1/Mixed_Voice_and_Falsetto/过火/Control_Group/0004.wav,Chinese,ZH-Tenor-1,过火,Control_Group,0,1,0,0,1,0,1,non_mix,010010,control_negative,0.774181
Chinese#ZH-Tenor-1#Mixed_Voice_and_Falsetto#过火#Control_Group#0006,D:\-MindEcho-main\ml_dl_models\gtsinger_multitech\dataset\raw\Chinese\ZH-Tenor-1\Mixed_Voice_and_Falsetto\过火\Control_Group\0006.wav,Chinese/ZH-Tenor-1/Mixed_Voice_and_Falsetto/过火/Control_Group/0006.wav,Chinese,ZH-Tenor-1,过火,Control_Group,0,0,0,0,1,0,1,non_mix,000010,control_negative,0.848176
Chinese#ZH-Tenor-1#Mixed_Voice_and_Falsetto#过火#Control_Group#0007,D:\-MindEcho-main\ml_dl_models\gtsinger_multitech\dataset\raw\Chinese\ZH-Tenor-1\Mixed_Voice_and_Falsetto\过火\Control_Group\0007.wav,Chinese/ZH-Tenor-1/Mixed_Voice_and_Falsetto/过火/Control_Group/0007.wav,Chinese,ZH-Tenor-1,过火,Control_Group,0,1,0,0,1,0,1,non_mix,010010,control_negative,0.646703
Chinese#ZH-Tenor-1#Mixed_Voice_and_Falsetto#过火#Control_Group#0009,D:\-MindEcho-main\ml_dl_models\gtsinger_multitech\dataset\raw\Chinese\ZH-Tenor-1\Mixed_Voice_and_Falsetto\过火\Control_Group\0009.wav,Chinese/ZH-Tenor-1/Mixed_Voice_and_Falsetto/过火/Control_Group/0009.wav,Chinese,ZH-Tenor-1,过火,Control_Group,0,1,0,0,1,0,1,non_mix,010010,control_negative,0.705669
Chinese#ZH-Tenor-1#Mixed_Voice_and_Falsetto#过火#Control_Group#0010,D:\-MindEcho-main\ml_dl_models\gtsinger_multitech\dataset\raw\Chinese\ZH-Tenor-1\Mixed_Voice_and_Falsetto\过火\Control_Group\0010.wav,Chinese/ZH-Tenor-1/Mixed_Voice_and_Falsetto/过火/Control_Group/0010.wav,Chinese,ZH-Tenor-1,过火,Control_Group,0,0,0,0,1,0,1,non_mix,000010,control_negative,0.704885
Chinese#ZH-Tenor-1#Mixed_Voice_and_Falsetto#过火#Control_Group#0011,D:\-MindEcho-main\ml_dl_models\gtsinger_multitech\dataset\raw\Chinese\ZH-Tenor-1\Mixed_Voice_and_Falsetto\过火\Control_Group\0011.wav,Chinese/ZH-Tenor-1/Mixed_Voice_and_Falsetto/过火/Control_Group/0011.wav,Chinese,ZH-Tenor-1,过火,Control_Group,0,0,0,0,1,0,1,non_mix,000010,control_negative,0.683600
Chinese#ZH-Tenor-1#Mixed_Voice_and_Falsetto#过火#Control_Group#0012,D:\-MindEcho-main\ml_dl_models\gtsinger_multitech\dataset\raw\Chinese\ZH-Tenor-1\Mixed_Voice_and_Falsetto\过火\Control_Group\0012.wav,Chinese/ZH-Tenor-1/Mixed_Voice_and_Falsetto/过火/Control_Group/0012.wav,Chinese,ZH-Tenor-1,过火,Control_Group,0,0,0,0,1,0,1,non_mix,000010,control_negative,0.698555
Chinese#ZH-Tenor-1#Mixed_Voice_and_Falsetto#过火#Control_Group#0013,D:\-MindEcho-main\ml_dl_models\gtsinger_multitech\dataset\raw\Chinese\ZH-Tenor-1\Mixed_Voice_and_Falsetto\过火\Control_Group\0013.wav,Chinese/ZH-Tenor-1/Mixed_Voice_and_Falsetto/过火/Control_Group/0013.wav,Chinese,ZH-Tenor-1,过火,Control_Group,0,0,0,0,1,0,1,non_mix,000010,control_negative,0.652556
Chinese#ZH-Tenor-1#Mixed_Voice_and_Falsetto#过火#Control_Group#0015,D:\-MindEcho-main\ml_dl_models\gtsinger_multitech\dataset\raw\Chinese\ZH-Tenor-1\Mixed_Voice_and_Falsetto\过火\Control_Group\0015.wav,Chinese/ZH-Tenor-1/Mixed_Voice_and_Falsetto/过火/Control_Group/0015.wav,Chinese,ZH-Tenor-1,过火,Control_Group,0,0,0,0,1,0,1,non_mix,000010,control_negative,0.710001
Chinese#ZH-Tenor-1#Mixed_Voice_and_Falsetto#过火#Control_Group#0017,D:\-MindEcho-main\ml_dl_models\gtsinger_multitech\dataset\raw\Chinese\ZH-Tenor-1\Mixed_Voice_and_Falsetto\过火\Control_Group\0017.wav,Chinese/ZH-Tenor-1/Mixed_Voice_and_Falsetto/过火/Control_Group/0017.wav,Chinese,ZH-Tenor-1,过火,Control_Group,0,0,0,0,1,0,1,non_mix,000010,control_negative,0.789260
Chinese#ZH-Tenor-1#Mixed_Voice_and_Falsetto#过火#Control_Group#0019,D:\-MindEcho-main\ml_dl_models\gtsinger_multitech\dataset\raw\Chinese\ZH-Tenor-1\Mixed_Voice_and_Falsetto\过火\Control_Group\0019.wav,Chinese/ZH-Tenor-1/Mixed_Voice_and_Falsetto/过火/Control_Group/0019.wav,Chinese,ZH-Tenor-1,过火,Control_Group,0,0,0,0,1,0,1,non_mix,000010,control_negative,0.673847
Chinese#ZH-Tenor-1#Mixed_Voice_and_Falsetto#过火#Control_Group#0020,D:\-MindEcho-main\ml_dl_models\gtsinger_multitech\dataset\raw\Chinese\ZH-Tenor-1\Mixed_Voice_and_Falsetto\过火\Control_Group\0020.wav,Chinese/ZH-Tenor-1/Mixed_Voice_and_Falsetto/过火/Control_Group/0020.wav,Chinese,ZH-Tenor-1,过火,Control_Group,0,1,0,0,1,0,1,non_mix,010010,control_negative,0.681573
Chinese#ZH-Tenor-1#Mixed_Voice_and_Falsetto#过火#Control_Group#0021,D:\-MindEcho-main\ml_dl_models\gtsinger_multitech\dataset\raw\Chinese\ZH-Tenor-1\Mixed_Voice_and_Falsetto\过火\Control_Group\0021.wav,Chinese/ZH-Tenor-1/Mixed_Voice_and_Falsetto/过火/Control_Group/0021.wav,Chinese,ZH-Tenor-1,过火,Control_Group,0,0,0,0,1,0,1,non_mix,000010,control_negative,0.593358
Chinese#ZH-Tenor-1#Mixed_Voice_and_Falsetto#过火#Control_Group#0022,D:\-MindEcho-main\ml_dl_models\gtsinger_multitech\dataset\raw\Chinese\ZH-Tenor-1\Mixed_Voice_and_Falsetto\过火\Control_Group\0022.wav,Chinese/ZH-Tenor-1/Mixed_Voice_and_Falsetto/过火/Control_Group/0022.wav,Chinese,ZH-Tenor-1,过火,Control_Group,0,1,0,0,1,0,1,non_mix,010010,control_negative,0.582330
Chinese#ZH-Tenor-1#Mixed_Voice_and_Falsetto#过火#Control_Group#0023,D:\-MindEcho-main\ml_dl_models\gtsinger_multitech\dataset\raw\Chinese\ZH-Tenor-1\Mixed_Voice_and_Falsetto\过火\Control_Group\0023.wav,Chinese/ZH-Tenor-1/Mixed_Voice_and_Falsetto/过火/Control_Group/0023.wav,Chinese,ZH-Tenor-1,过火,Control_Group,0,0,0,0,1,0,1,non_mix,000010,control_negative,0.718748
Chinese#ZH-Tenor-1#Mixed_Voice_and_Falsetto#过火#Control_Group#0024,D:\-MindEcho-main\ml_dl_models\gtsinger_multitech\dataset\raw\Chinese\ZH-Tenor-1\Mixed_Voice_and_Falsetto\过火\Control_Group\0024.wav,Chinese/ZH-Tenor-1/Mixed_Voice_and_Falsetto/过火/Control_Group/0024.wav,Chinese,ZH-Tenor-1,过火,Control_Group,0,1,0,0,1,0,1,non_mix,010010,control_negative,0.673896
Chinese#ZH-Tenor-1#Pharyngeal#逆光#Control_Group#0002,D:\-MindEcho-main\ml_dl_models\gtsinger_multitech\dataset\raw\Chinese\ZH-Tenor-1\Pharyngeal\逆光\Control_Group\0002.wav,Chinese/ZH-Tenor-1/Pharyngeal/逆光/Control_Group/0002.wav,Chinese,ZH-Tenor-1,逆光,Control_Group,1,0,0,0,1,0,1,clear_mix,100010,positive_mix,
Chinese#ZH-Tenor-1#Pharyngeal#逆光#Control_Group#0003,D:\-MindEcho-main\ml_dl_models\gtsinger_multitech\dataset\raw\Chinese\ZH-Tenor-1\Pharyngeal\逆光\Control_Group\0003.wav,Chinese/ZH-Tenor-1/Pharyngeal/逆光/Control_Group/0003.wav,Chinese,ZH-Tenor-1,逆光,Control_Group,1,0,0,1,1,0,1,clear_mix,100110,positive_mix,
Chinese#ZH-Tenor-1#Glissando#遇见#Control_Group#0000,D:\-MindEcho-main\ml_dl_models\gtsinger_multitech\dataset\raw\Chinese\ZH-Tenor-1\Glissando\遇见\Control_Group\0000.wav,Chinese/ZH-Tenor-1/Glissando/遇见/Control_Group/0000.wav,Chinese,ZH-Tenor-1,遇见,Control_Group,0,0,0,0,0,0,0,non_mix,000000,control_negative,0.682721
Chinese#ZH-Tenor-1#Glissando#遇见#Control_Group#0001,D:\-MindEcho-main\ml_dl_models\gtsinger_multitech\dataset\raw\Chinese\ZH-Tenor-1\Glissando\遇见\Control_Group\0001.wav,Chinese/ZH-Tenor-1/Glissando/遇见/Control_Group/0001.wav,Chinese,ZH-Tenor-1,遇见,Control_Group,0,0,0,0,0,0,0,non_mix,000000,control_negative,0.604628
Chinese#ZH-Tenor-1#Glissando#遇见#Control_Group#0002,D:\-MindEcho-main\ml_dl_models\gtsinger_multitech\dataset\raw\Chinese\ZH-Tenor-1\Glissando\遇见\Control_Group\0002.wav,Chinese/ZH-Tenor-1/Glissando/遇见/Control_Group/0002.wav,Chinese,ZH-Tenor-1,遇见,Control_Group,0,0,0,0,0,0,0,non_mix,000000,control_negative,0.786626
Chinese#ZH-Tenor-1#Glissando#遇见#Control_Group#0003,D:\-MindEcho-main\ml_dl_models\gtsinger_multitech\dataset\raw\Chinese\ZH-Tenor-1\Glissando\遇见\Control_Group\0003.wav,Chinese/ZH-Tenor-1/Glissando/遇见/Control_Group/0003.wav,Chinese,ZH-Tenor-1,遇见,Control_Group,0,1,0,0,1,0,1,non_mix,010010,control_negative,0.656159
Chinese#ZH-Tenor-1#Glissando#遇见#Control_Group#0004,D:\-MindEcho-main\ml_dl_models\gtsinger_multitech\dataset\raw\Chinese\ZH-Tenor-1\Glissando\遇见\Control_Group\0004.wav,Chinese/ZH-Tenor-1/Glissando/遇见/Control_Group/0004.wav,Chinese,ZH-Tenor-1,遇见,Control_Group,0,0,0,0,0,0,0,non_mix,000000,control_negative,0.484613
Chinese#ZH-Tenor-1#Glissando#遇见#Control_Group#0005,D:\-MindEcho-main\ml_dl_models\gtsinger_multitech\dataset\raw\Chinese\ZH-Tenor-1\Glissando\遇见\Control_Group\0005.wav,Chinese/ZH-Tenor-1/Glissando/遇见/Control_Group/0005.wav,Chinese,ZH-Tenor-1,遇见,Control_Group,0,0,0,0,0,0,0,non_mix,000000,control_negative,0.601727
Chinese#ZH-Tenor-1#Pharyngeal#隐形的翅膀#Control_Group#0000,D:\-MindEcho-main\ml_dl_models\gtsinger_multitech\dataset\raw\Chinese\ZH-Tenor-1\Pharyngeal\隐形的翅膀\Control_Group\0000.wav,Chinese/ZH-Tenor-1/Pharyngeal/隐形的翅膀/Control_Group/0000.wav,Chinese,ZH-Tenor-1,隐形的翅膀,Control_Group,0,0,0,0,1,0,1,non_mix,000010,control_negative,0.576087
Chinese#ZH-Tenor-1#Pharyngeal#隐形的翅膀#Control_Group#0003,D:\-MindEcho-main\ml_dl_models\gtsinger_multitech\dataset\raw\Chinese\ZH-Tenor-1\Pharyngeal\隐形的翅膀\Control_Group\0003.wav,Chinese/ZH-Tenor-1/Pharyngeal/隐形的翅膀/Control_Group/0003.wav,Chinese,ZH-Tenor-1,隐形的翅膀,Control_Group,0,0,0,0,1,0,1,non_mix,000010,control_negative,0.660207
Chinese#ZH-Tenor-1#Pharyngeal#隐形的翅膀#Control_Group#0007,D:\-MindEcho-main\ml_dl_models\gtsinger_multitech\dataset\raw\Chinese\ZH-Tenor-1\Pharyngeal\隐形的翅膀\Control_Group\0007.wav,Chinese/ZH-Tenor-1/Pharyngeal/隐形的翅膀/Control_Group/0007.wav,Chinese,ZH-Tenor-1,隐形的翅膀,Control_Group,0,0,0,0,1,0,1,non_mix,000010,control_negative,0.607340
Chinese#ZH-Tenor-1#Pharyngeal#隐形的翅膀#Control_Group#0008,D:\-MindEcho-main\ml_dl_models\gtsinger_multitech\dataset\raw\Chinese\ZH-Tenor-1\Pharyngeal\隐形的翅膀\Control_Group\0008.wav,Chinese/ZH-Tenor-1/Pharyngeal/隐形的翅膀/Control_Group/0008.wav,Chinese,ZH-Tenor-1,隐形的翅膀,Control_Group,0,0,0,0,1,0,1,non_mix,000010,control_negative,0.587597
Chinese#ZH-Tenor-1#Pharyngeal#隐形的翅膀#Control_Group#0009,D:\-MindEcho-main\ml_dl_models\gtsinger_multitech\dataset\raw\Chinese\ZH-Tenor-1\Pharyngeal\隐形的翅膀\Control_Group\0009.wav,Chinese/ZH-Tenor-1/Pharyngeal/隐形的翅膀/Control_Group/0009.wav,Chinese,ZH-Tenor-1,隐形的翅膀,Control_Group,0,0,0,0,1,0,1,non_mix,000010,control_negative,0.683189
Chinese#ZH-Tenor-1#Pharyngeal#隐形的翅膀#Control_Group#0010,D:\-MindEcho-main\ml_dl_models\gtsinger_multitech\dataset\raw\Chinese\ZH-Tenor-1\Pharyngeal\隐形的翅膀\Control_Group\0010.wav,Chinese/ZH-Tenor-1/Pharyngeal/隐形的翅膀/Control_Group/0010.wav,Chinese,ZH-Tenor-1,隐形的翅膀,Control_Group,0,0,0,0,1,0,1,non_mix,000010,control_negative,0.790988
Chinese#ZH-Tenor-1#Pharyngeal#隐形的翅膀#Control_Group#0011,D:\-MindEcho-main\ml_dl_models\gtsinger_multitech\dataset\raw\Chinese\ZH-Tenor-1\Pharyngeal\隐形的翅膀\Control_Group\0011.wav,Chinese/ZH-Tenor-1/Pharyngeal/隐形的翅膀/Control_Group/0011.wav,Chinese,ZH-Tenor-1,隐形的翅膀,Control_Group,0,0,0,0,1,0,1,non_mix,000010,control_negative,0.698999
Chinese#ZH-Tenor-1#Pharyngeal#隐形的翅膀#Control_Group#0012,D:\-MindEcho-main\ml_dl_models\gtsinger_multitech\dataset\raw\Chinese\ZH-Tenor-1\Pharyngeal\隐形的翅膀\Control_Group\0012.wav,Chinese/ZH-Tenor-1/Pharyngeal/隐形的翅膀/Control_Group/0012.wav,Chinese,ZH-Tenor-1,隐形的翅膀,Control_Group,0,0,0,0,1,0,1,non_mix,000010,control_negative,0.782655
Chinese#ZH-Tenor-1#Pharyngeal#隐形的翅膀#Control_Group#0013,D:\-MindEcho-main\ml_dl_models\gtsinger_multitech\dataset\raw\Chinese\ZH-Tenor-1\Pharyngeal\隐形的翅膀\Control_Group\0013.wav,Chinese/ZH-Tenor-1/Pharyngeal/隐形的翅膀/Control_Group/0013.wav,Chinese,ZH-Tenor-1,隐形的翅膀,Control_Group,0,0,0,0,1,0,1,non_mix,000010,control_negative,0.839235
Chinese#ZH-Tenor-1#Pharyngeal#隐形的翅膀#Control_Group#0014,D:\-MindEcho-main\ml_dl_models\gtsinger_multitech\dataset\raw\Chinese\ZH-Tenor-1\Pharyngeal\隐形的翅膀\Control_Group\0014.wav,Chinese/ZH-Tenor-1/Pharyngeal/隐形的翅膀/Control_Group/0014.wav,Chinese,ZH-Tenor-1,隐形的翅膀,Control_Group,0,0,0,0,1,0,1,non_mix,000010,control_negative,0.600844
Chinese#ZH-Tenor-1#Pharyngeal#隐形的翅膀#Control_Group#0015,D:\-MindEcho-main\ml_dl_models\gtsinger_multitech\dataset\raw\Chinese\ZH-Tenor-1\Pharyngeal\隐形的翅膀\Control_Group\0015.wav,Chinese/ZH-Tenor-1/Pharyngeal/隐形的翅膀/Control_Group/0015.wav,Chinese,ZH-Tenor-1,隐形的翅膀,Control_Group,0,0,0,0,1,0,1,non_mix,000010,control_negative,0.623023
Chinese#ZH-Tenor-1#Pharyngeal#隐形的翅膀#Control_Group#0016,D:\-MindEcho-main\ml_dl_models\gtsinger_multitech\dataset\raw\Chinese\ZH-Tenor-1\Pharyngeal\隐形的翅膀\Control_Group\0016.wav,Chinese/ZH-Tenor-1/Pharyngeal/隐形的翅膀/Control_Group/0016.wav,Chinese,ZH-Tenor-1,隐形的翅膀,Control_Group,0,0,0,0,1,0,1,non_mix,000010,control_negative,0.817171
Chinese#ZH-Tenor-1#Pharyngeal#雨爱#Control_Group#0000,D:\-MindEcho-main\ml_dl_models\gtsinger_multitech\dataset\raw\Chinese\ZH-Tenor-1\Pharyngeal\雨爱\Control_Group\0000.wav,Chinese/ZH-Tenor-1/Pharyngeal/雨爱/Control_Group/0000.wav,Chinese,ZH-Tenor-1,雨爱,Control_Group,1,0,0,0,1,0,1,clear_mix,100010,positive_mix,
Chinese#ZH-Tenor-1#Pharyngeal#雨爱#Control_Group#0003,D:\-MindEcho-main\ml_dl_models\gtsinger_multitech\dataset\raw\Chinese\ZH-Tenor-1\Pharyngeal\雨爱\Control_Group\0003.wav,Chinese/ZH-Tenor-1/Pharyngeal/雨爱/Control_Group/0003.wav,Chinese,ZH-Tenor-1,雨爱,Control_Group,1,1,0,0,1,0,1,head_mix,110010,positive_mix,
Chinese#ZH-Tenor-1#Pharyngeal#雨爱#Control_Group#0005,D:\-MindEcho-main\ml_dl_models\gtsinger_multitech\dataset\raw\Chinese\ZH-Tenor-1\Pharyngeal\雨爱\Control_Group\0005.wav,Chinese/ZH-Tenor-1/Pharyngeal/雨爱/Control_Group/0005.wav,Chinese,ZH-Tenor-1,雨爱,Control_Group,1,1,0,0,1,0,1,head_mix,110010,positive_mix,
Chinese#ZH-Tenor-1#Pharyngeal#雨爱#Control_Group#0009,D:\-MindEcho-main\ml_dl_models\gtsinger_multitech\dataset\raw\Chinese\ZH-Tenor-1\Pharyngeal\雨爱\Control_Group\0009.wav,Chinese/ZH-Tenor-1/Pharyngeal/雨爱/Control_Group/0009.wav,Chinese,ZH-Tenor-1,雨爱,Control_Group,1,1,0,0,1,0,1,head_mix,110010,positive_mix,
Chinese#ZH-Tenor-1#Pharyngeal#雨爱#Control_Group#0010,D:\-MindEcho-main\ml_dl_models\gtsinger_multitech\dataset\raw\Chinese\ZH-Tenor-1\Pharyngeal\雨爱\Control_Group\0010.wav,Chinese/ZH-Tenor-1/Pharyngeal/雨爱/Control_Group/0010.wav,Chinese,ZH-Tenor-1,雨爱,Control_Group,1,1,0,0,1,0,1,head_mix,110010,positive_mix,
Chinese#ZH-Tenor-1#Pharyngeal#雨爱#Control_Group#0013,D:\-MindEcho-main\ml_dl_models\gtsinger_multitech\dataset\raw\Chinese\ZH-Tenor-1\Pharyngeal\雨爱\Control_Group\0013.wav,Chinese/ZH-Tenor-1/Pharyngeal/雨爱/Control_Group/0013.wav,Chinese,ZH-Tenor-1,雨爱,Control_Group,1,1,0,0,1,0,1,head_mix,110010,positive_mix,
Chinese#ZH-Tenor-1#Pharyngeal#雨爱#Control_Group#0014,D:\-MindEcho-main\ml_dl_models\gtsinger_multitech\dataset\raw\Chinese\ZH-Tenor-1\Pharyngeal\雨爱\Control_Group\0014.wav,Chinese/ZH-Tenor-1/Pharyngeal/雨爱/Control_Group/0014.wav,Chinese,ZH-Tenor-1,雨爱,Control_Group,1,1,0,0,1,0,1,head_mix,110010,positive_mix,
Chinese#ZH-Tenor-1#Pharyngeal#雨爱#Control_Group#0015,D:\-MindEcho-main\ml_dl_models\gtsinger_multitech\dataset\raw\Chinese\ZH-Tenor-1\Pharyngeal\雨爱\Control_Group\0015.wav,Chinese/ZH-Tenor-1/Pharyngeal/雨爱/Control_Group/0015.wav,Chinese,ZH-Tenor-1,雨爱,Control_Group,1,1,0,0,1,0,1,head_mix,110010,positive_mix,
Chinese#ZH-Tenor-1#Pharyngeal#雨爱#Control_Group#0016,D:\-MindEcho-main\ml_dl_models\gtsinger_multitech\dataset\raw\Chinese\ZH-Tenor-1\Pharyngeal\雨爱\Control_Group\0016.wav,Chinese/ZH-Tenor-1/Pharyngeal/雨爱/Control_Group/0016.wav,Chinese,ZH-Tenor-1,雨爱,Control_Group,1,1,0,0,1,0,1,head_mix,110010,positive_mix,
Chinese#ZH-Tenor-1#Mixed_Voice_and_Falsetto#雪落下的声音#Control_Group#0000,D:\-MindEcho-main\ml_dl_models\gtsinger_multitech\dataset\raw\Chinese\ZH-Tenor-1\Mixed_Voice_and_Falsetto\雪落下的声音\Control_Group\0000.wav,Chinese/ZH-Tenor-1/Mixed_Voice_and_Falsetto/雪落下的声音/Control_Group/0000.wav,Chinese,ZH-Tenor-1,雪落下的声音,Control_Group,0,0,0,0,1,0,1,non_mix,000010,control_negative,0.630316
Chinese#ZH-Tenor-1#Mixed_Voice_and_Falsetto#雪落下的声音#Control_Group#0001,D:\-MindEcho-main\ml_dl_models\gtsinger_multitech\dataset\raw\Chinese\ZH-Tenor-1\Mixed_Voice_and_Falsetto\雪落下的声音\Control_Group\0001.wav,Chinese/ZH-Tenor-1/Mixed_Voice_and_Falsetto/雪落下的声音/Control_Group/0001.wav,Chinese,ZH-Tenor-1,雪落下的声音,Control_Group,0,0,0,0,1,0,1,non_mix,000010,control_negative,0.606457
Chinese#ZH-Tenor-1#Mixed_Voice_and_Falsetto#雪落下的声音#Control_Group#0004,D:\-MindEcho-main\ml_dl_models\gtsinger_multitech\dataset\raw\Chinese\ZH-Tenor-1\Mixed_Voice_and_Falsetto\雪落下的声音\Control_Group\0004.wav,Chinese/ZH-Tenor-1/Mixed_Voice_and_Falsetto/雪落下的声音/Control_Group/0004.wav,Chinese,ZH-Tenor-1,雪落下的声音,Control_Group,0,0,0,0,1,0,1,non_mix,000010,control_negative,0.567569
Chinese#ZH-Tenor-1#Mixed_Voice_and_Falsetto#雪落下的声音#Control_Group#0005,D:\-MindEcho-main\ml_dl_models\gtsinger_multitech\dataset\raw\Chinese\ZH-Tenor-1\Mixed_Voice_and_Falsetto\雪落下的声音\Control_Group\0005.wav,Chinese/ZH-Tenor-1/Mixed_Voice_and_Falsetto/雪落下的声音/Control_Group/0005.wav,Chinese,ZH-Tenor-1,雪落下的声音,Control_Group,0,0,0,0,1,0,1,non_mix,000010,control_negative,0.809436
Chinese#ZH-Tenor-1#Mixed_Voice_and_Falsetto#雪落下的声音#Control_Group#0006,D:\-MindEcho-main\ml_dl_models\gtsinger_multitech\dataset\raw\Chinese\ZH-Tenor-1\Mixed_Voice_and_Falsetto\雪落下的声音\Control_Group\0006.wav,Chinese/ZH-Tenor-1/Mixed_Voice_and_Falsetto/雪落下的声音/Control_Group/0006.wav,Chinese,ZH-Tenor-1,雪落下的声音,Control_Group,0,0,0,0,1,0,1,non_mix,000010,control_negative,0.738265
Chinese#ZH-Tenor-1#Mixed_Voice_and_Falsetto#雪落下的声音#Control_Group#0007,D:\-MindEcho-main\ml_dl_models\gtsinger_multitech\dataset\raw\Chinese\ZH-Tenor-1\Mixed_Voice_and_Falsetto\雪落下的声音\Control_Group\0007.wav,Chinese/ZH-Tenor-1/Mixed_Voice_and_Falsetto/雪落下的声音/Control_Group/0007.wav,Chinese,ZH-Tenor-1,雪落下的声音,Control_Group,0,0,0,0,1,0,1,non_mix,000010,control_negative,0.626808
Chinese#ZH-Tenor-1#Mixed_Voice_and_Falsetto#雪落下的声音#Control_Group#0008,D:\-MindEcho-main\ml_dl_models\gtsinger_multitech\dataset\raw\Chinese\ZH-Tenor-1\Mixed_Voice_and_Falsetto\雪落下的声音\Control_Group\0008.wav,Chinese/ZH-Tenor-1/Mixed_Voice_and_Falsetto/雪落下的声音/Control_Group/0008.wav,Chinese,ZH-Tenor-1,雪落下的声音,Control_Group,0,0,0,0,1,0,1,non_mix,000010,control_negative,0.706090
Chinese#ZH-Tenor-1#Pharyngeal#雪落下的声音#Control_Group#0000,D:\-MindEcho-main\ml_dl_models\gtsinger_multitech\dataset\raw\Chinese\ZH-Tenor-1\Pharyngeal\雪落下的声音\Control_Group\0000.wav,Chinese/ZH-Tenor-1/Pharyngeal/雪落下的声音/Control_Group/0000.wav,Chinese,ZH-Tenor-1,雪落下的声音,Control_Group,1,0,0,0,1,0,1,clear_mix,100010,positive_mix,
Chinese#ZH-Tenor-1#Pharyngeal#雪落下的声音#Control_Group#0001,D:\-MindEcho-main\ml_dl_models\gtsinger_multitech\dataset\raw\Chinese\ZH-Tenor-1\Pharyngeal\雪落下的声音\Control_Group\0001.wav,Chinese/ZH-Tenor-1/Pharyngeal/雪落下的声音/Control_Group/0001.wav,Chinese,ZH-Tenor-1,雪落下的声音,Control_Group,1,0,0,0,0,0,1,clear_mix,100000,positive_mix,
Chinese#ZH-Tenor-1#Pharyngeal#雪落下的声音#Control_Group#0003,D:\-MindEcho-main\ml_dl_models\gtsinger_multitech\dataset\raw\Chinese\ZH-Tenor-1\Pharyngeal\雪落下的声音\Control_Group\0003.wav,Chinese/ZH-Tenor-1/Pharyngeal/雪落下的声音/Control_Group/0003.wav,Chinese,ZH-Tenor-1,雪落下的声音,Control_Group,1,0,0,0,1,0,1,clear_mix,100010,positive_mix,
Chinese#ZH-Tenor-1#Pharyngeal#雪落下的声音#Control_Group#0004,D:\-MindEcho-main\ml_dl_models\gtsinger_multitech\dataset\raw\Chinese\ZH-Tenor-1\Pharyngeal\雪落下的声音\Control_Group\0004.wav,Chinese/ZH-Tenor-1/Pharyngeal/雪落下的声音/Control_Group/0004.wav,Chinese,ZH-Tenor-1,雪落下的声音,Control_Group,1,0,0,0,1,0,1,clear_mix,100010,positive_mix,
Chinese#ZH-Tenor-1#Pharyngeal#雪落下的声音#Control_Group#0005,D:\-MindEcho-main\ml_dl_models\gtsinger_multitech\dataset\raw\Chinese\ZH-Tenor-1\Pharyngeal\雪落下的声音\Control_Group\0005.wav,Chinese/ZH-Tenor-1/Pharyngeal/雪落下的声音/Control_Group/0005.wav,Chinese,ZH-Tenor-1,雪落下的声音,Control_Group,1,0,0,0,1,0,1,clear_mix,100010,positive_mix,
Chinese#ZH-Tenor-1#Pharyngeal#雪落下的声音#Control_Group#0007,D:\-MindEcho-main\ml_dl_models\gtsinger_multitech\dataset\raw\Chinese\ZH-Tenor-1\Pharyngeal\雪落下的声音\Control_Group\0007.wav,Chinese/ZH-Tenor-1/Pharyngeal/雪落下的声音/Control_Group/0007.wav,Chinese,ZH-Tenor-1,雪落下的声音,Control_Group,1,0,0,0,1,0,1,clear_mix,100010,positive_mix,
Chinese#ZH-Tenor-1#Vibrato#雪落下的声音#Control_Group#0002,D:\-MindEcho-main\ml_dl_models\gtsinger_multitech\dataset\raw\Chinese\ZH-Tenor-1\Vibrato\雪落下的声音\Control_Group\0002.wav,Chinese/ZH-Tenor-1/Vibrato/雪落下的声音/Control_Group/0002.wav,Chinese,ZH-Tenor-1,雪落下的声音,Control_Group,0,0,0,0,1,0,1,non_mix,000010,control_negative,0.499995
Chinese#ZH-Tenor-1#Vibrato#雪落下的声音#Control_Group#0007,D:\-MindEcho-main\ml_dl_models\gtsinger_multitech\dataset\raw\Chinese\ZH-Tenor-1\Vibrato\雪落下的声音\Control_Group\0007.wav,Chinese/ZH-Tenor-1/Vibrato/雪落下的声音/Control_Group/0007.wav,Chinese,ZH-Tenor-1,雪落下的声音,Control_Group,0,0,0,0,1,0,1,non_mix,000010,control_negative,0.568395
Chinese#ZH-Tenor-1#Vibrato#雪落下的声音#Control_Group#0008,D:\-MindEcho-main\ml_dl_models\gtsinger_multitech\dataset\raw\Chinese\ZH-Tenor-1\Vibrato\雪落下的声音\Control_Group\0008.wav,Chinese/ZH-Tenor-1/Vibrato/雪落下的声音/Control_Group/0008.wav,Chinese,ZH-Tenor-1,雪落下的声音,Control_Group,0,0,0,0,1,0,1,non_mix,000010,control_negative,0.626652
Chinese#ZH-Tenor-1#Vibrato#雪落下的声音#Control_Group#0009,D:\-MindEcho-main\ml_dl_models\gtsinger_multitech\dataset\raw\Chinese\ZH-Tenor-1\Vibrato\雪落下的声音\Control_Group\0009.wav,Chinese/ZH-Tenor-1/Vibrato/雪落下的声音/Control_Group/0009.wav,Chinese,ZH-Tenor-1,雪落下的声音,Control_Group,0,0,0,0,1,0,1,non_mix,000010,control_negative,0.724478
Chinese#ZH-Tenor-1#Vibrato#雪落下的声音#Control_Group#0010,D:\-MindEcho-main\ml_dl_models\gtsinger_multitech\dataset\raw\Chinese\ZH-Tenor-1\Vibrato\雪落下的声音\Control_Group\0010.wav,Chinese/ZH-Tenor-1/Vibrato/雪落下的声音/Control_Group/0010.wav,Chinese,ZH-Tenor-1,雪落下的声音,Control_Group,0,0,0,0,1,0,1,non_mix,000010,control_negative,0.727486
Chinese#ZH-Tenor-1#Vibrato#雪落下的声音#Control_Group#0011,D:\-MindEcho-main\ml_dl_models\gtsinger_multitech\dataset\raw\Chinese\ZH-Tenor-1\Vibrato\雪落下的声音\Control_Group\0011.wav,Chinese/ZH-Tenor-1/Vibrato/雪落下的声音/Control_Group/0011.wav,Chinese,ZH-Tenor-1,雪落下的声音,Control_Group,0,0,0,0,0,0,0,non_mix,000000,control_negative,0.586663
Chinese#ZH-Tenor-1#Vibrato#雪落下的声音#Control_Group#0013,D:\-MindEcho-main\ml_dl_models\gtsinger_multitech\dataset\raw\Chinese\ZH-Tenor-1\Vibrato\雪落下的声音\Control_Group\0013.wav,Chinese/ZH-Tenor-1/Vibrato/雪落下的声音/Control_Group/0013.wav,Chinese,ZH-Tenor-1,雪落下的声音,Control_Group,0,0,0,0,1,0,1,non_mix,000010,control_negative,0.514802
Chinese#ZH-Tenor-1#Vibrato#雪落下的声音#Control_Group#0015,D:\-MindEcho-main\ml_dl_models\gtsinger_multitech\dataset\raw\Chinese\ZH-Tenor-1\Vibrato\雪落下的声音\Control_Group\0015.wav,Chinese/ZH-Tenor-1/Vibrato/雪落下的声音/Control_Group/0015.wav,Chinese,ZH-Tenor-1,雪落下的声音,Control_Group,0,0,0,0,1,0,1,non_mix,000010,control_negative,0.566459
Chinese#ZH-Tenor-1#Vibrato#雪落下的声音#Control_Group#0016,D:\-MindEcho-main\ml_dl_models\gtsinger_multitech\dataset\raw\Chinese\ZH-Tenor-1\Vibrato\雪落下的声音\Control_Group\0016.wav,Chinese/ZH-Tenor-1/Vibrato/雪落下的声音/Control_Group/0016.wav,Chinese,ZH-Tenor-1,雪落下的声音,Control_Group,0,0,0,0,1,0,1,non_mix,000010,control_negative,0.685106
Chinese#ZH-Tenor-1#Vibrato#雪落下的声音#Control_Group#0017,D:\-MindEcho-main\ml_dl_models\gtsinger_multitech\dataset\raw\Chinese\ZH-Tenor-1\Vibrato\雪落下的声音\Control_Group\0017.wav,Chinese/ZH-Tenor-1/Vibrato/雪落下的声音/Control_Group/0017.wav,Chinese,ZH-Tenor-1,雪落下的声音,Control_Group,0,0,0,0,0,0,0,non_mix,000000,control_negative,0.653093
Chinese#ZH-Tenor-1#Vibrato#雪落下的声音#Control_Group#0018,D:\-MindEcho-main\ml_dl_models\gtsinger_multitech\dataset\raw\Chinese\ZH-Tenor-1\Vibrato\雪落下的声音\Control_Group\0018.wav,Chinese/ZH-Tenor-1/Vibrato/雪落下的声音/Control_Group/0018.wav,Chinese,ZH-Tenor-1,雪落下的声音,Control_Group,0,0,0,0,1,0,1,non_mix,000010,control_negative,0.766849
Chinese#ZH-Tenor-1#Mixed_Voice_and_Falsetto#青花瓷#Control_Group#0000,D:\-MindEcho-main\ml_dl_models\gtsinger_multitech\dataset\raw\Chinese\ZH-Tenor-1\Mixed_Voice_and_Falsetto\青花瓷\Control_Group\0000.wav,Chinese/ZH-Tenor-1/Mixed_Voice_and_Falsetto/青花瓷/Control_Group/0000.wav,Chinese,ZH-Tenor-1,青花瓷,Control_Group,0,0,0,0,0,0,0,non_mix,000000,control_negative,0.723535
Chinese#ZH-Tenor-1#Mixed_Voice_and_Falsetto#青花瓷#Control_Group#0001,D:\-MindEcho-main\ml_dl_models\gtsinger_multitech\dataset\raw\Chinese\ZH-Tenor-1\Mixed_Voice_and_Falsetto\青花瓷\Control_Group\0001.wav,Chinese/ZH-Tenor-1/Mixed_Voice_and_Falsetto/青花瓷/Control_Group/0001.wav,Chinese,ZH-Tenor-1,青花瓷,Control_Group,0,0,0,0,1,0,1,non_mix,000010,control_negative,0.737659
Chinese#ZH-Tenor-1#Mixed_Voice_and_Falsetto#青花瓷#Control_Group#0003,D:\-MindEcho-main\ml_dl_models\gtsinger_multitech\dataset\raw\Chinese\ZH-Tenor-1\Mixed_Voice_and_Falsetto\青花瓷\Control_Group\0003.wav,Chinese/ZH-Tenor-1/Mixed_Voice_and_Falsetto/青花瓷/Control_Group/0003.wav,Chinese,ZH-Tenor-1,青花瓷,Control_Group,0,0,0,0,1,0,1,non_mix,000010,control_negative,0.774232
Chinese#ZH-Tenor-1#Mixed_Voice_and_Falsetto#青花瓷#Control_Group#0004,D:\-MindEcho-main\ml_dl_models\gtsinger_multitech\dataset\raw\Chinese\ZH-Tenor-1\Mixed_Voice_and_Falsetto\青花瓷\Control_Group\0004.wav,Chinese/ZH-Tenor-1/Mixed_Voice_and_Falsetto/青花瓷/Control_Group/0004.wav,Chinese,ZH-Tenor-1,青花瓷,Control_Group,0,0,0,0,0,0,0,non_mix,000000,control_negative,0.662964
Chinese#ZH-Tenor-1#Mixed_Voice_and_Falsetto#青花瓷#Control_Group#0005,D:\-MindEcho-main\ml_dl_models\gtsinger_multitech\dataset\raw\Chinese\ZH-Tenor-1\Mixed_Voice_and_Falsetto\青花瓷\Control_Group\0005.wav,Chinese/ZH-Tenor-1/Mixed_Voice_and_Falsetto/青花瓷/Control_Group/0005.wav,Chinese,ZH-Tenor-1,青花瓷,Control_Group,0,0,0,0,1,0,1,non_mix,000010,control_negative,0.616434
Chinese#ZH-Tenor-1#Mixed_Voice_and_Falsetto#青花瓷#Control_Group#0006,D:\-MindEcho-main\ml_dl_models\gtsinger_multitech\dataset\raw\Chinese\ZH-Tenor-1\Mixed_Voice_and_Falsetto\青花瓷\Control_Group\0006.wav,Chinese/ZH-Tenor-1/Mixed_Voice_and_Falsetto/青花瓷/Control_Group/0006.wav,Chinese,ZH-Tenor-1,青花瓷,Control_Group,0,0,0,0,0,0,0,non_mix,000000,control_negative,0.684704
Chinese#ZH-Tenor-1#Mixed_Voice_and_Falsetto#青花瓷#Control_Group#0007,D:\-MindEcho-main\ml_dl_models\gtsinger_multitech\dataset\raw\Chinese\ZH-Tenor-1\Mixed_Voice_and_Falsetto\青花瓷\Control_Group\0007.wav,Chinese/ZH-Tenor-1/Mixed_Voice_and_Falsetto/青花瓷/Control_Group/0007.wav,Chinese,ZH-Tenor-1,青花瓷,Control_Group,0,0,0,0,0,0,0,non_mix,000000,control_negative,0.660625
Chinese#ZH-Tenor-1#Mixed_Voice_and_Falsetto#青花瓷#Control_Group#0009,D:\-MindEcho-main\ml_dl_models\gtsinger_multitech\dataset\raw\Chinese\ZH-Tenor-1\Mixed_Voice_and_Falsetto\青花瓷\Control_Group\0009.wav,Chinese/ZH-Tenor-1/Mixed_Voice_and_Falsetto/青花瓷/Control_Group/0009.wav,Chinese,ZH-Tenor-1,青花瓷,Control_Group,0,0,0,0,1,0,1,non_mix,000010,control_negative,0.699006
Chinese#ZH-Tenor-1#Mixed_Voice_and_Falsetto#青花瓷#Control_Group#0011,D:\-MindEcho-main\ml_dl_models\gtsinger_multitech\dataset\raw\Chinese\ZH-Tenor-1\Mixed_Voice_and_Falsetto\青花瓷\Control_Group\0011.wav,Chinese/ZH-Tenor-1/Mixed_Voice_and_Falsetto/青花瓷/Control_Group/0011.wav,Chinese,ZH-Tenor-1,青花瓷,Control_Group,0,0,0,0,1,0,1,non_mix,000010,control_negative,0.694694
Chinese#ZH-Tenor-1#Mixed_Voice_and_Falsetto#青花瓷#Control_Group#0012,D:\-MindEcho-main\ml_dl_models\gtsinger_multitech\dataset\raw\Chinese\ZH-Tenor-1\Mixed_Voice_and_Falsetto\青花瓷\Control_Group\0012.wav,Chinese/ZH-Tenor-1/Mixed_Voice_and_Falsetto/青花瓷/Control_Group/0012.wav,Chinese,ZH-Tenor-1,青花瓷,Control_Group,0,0,0,0,0,0,0,non_mix,000000,control_negative,0.623471
Chinese#ZH-Tenor-1#Mixed_Voice_and_Falsetto#青花瓷#Control_Group#0013,D:\-MindEcho-main\ml_dl_models\gtsinger_multitech\dataset\raw\Chinese\ZH-Tenor-1\Mixed_Voice_and_Falsetto\青花瓷\Control_Group\0013.wav,Chinese/ZH-Tenor-1/Mixed_Voice_and_Falsetto/青花瓷/Control_Group/0013.wav,Chinese,ZH-Tenor-1,青花瓷,Control_Group,0,0,0,0,0,0,0,non_mix,000000,control_negative,0.651290
Chinese#ZH-Tenor-1#Mixed_Voice_and_Falsetto#青花瓷#Control_Group#0015,D:\-MindEcho-main\ml_dl_models\gtsinger_multitech\dataset\raw\Chinese\ZH-Tenor-1\Mixed_Voice_and_Falsetto\青花瓷\Control_Group\0015.wav,Chinese/ZH-Tenor-1/Mixed_Voice_and_Falsetto/青花瓷/Control_Group/0015.wav,Chinese,ZH-Tenor-1,青花瓷,Control_Group,0,0,0,0,0,0,0,non_mix,000000,control_negative,0.707723
Chinese#ZH-Tenor-1#Mixed_Voice_and_Falsetto#青花瓷#Control_Group#0016,D:\-MindEcho-main\ml_dl_models\gtsinger_multitech\dataset\raw\Chinese\ZH-Tenor-1\Mixed_Voice_and_Falsetto\青花瓷\Control_Group\0016.wav,Chinese/ZH-Tenor-1/Mixed_Voice_and_Falsetto/青花瓷/Control_Group/0016.wav,Chinese,ZH-Tenor-1,青花瓷,Control_Group,0,0,0,0,1,0,1,non_mix,000010,control_negative,0.590411
Chinese#ZH-Tenor-1#Mixed_Voice_and_Falsetto#青花瓷#Control_Group#0017,D:\-MindEcho-main\ml_dl_models\gtsinger_multitech\dataset\raw\Chinese\ZH-Tenor-1\Mixed_Voice_and_Falsetto\青花瓷\Control_Group\0017.wav,Chinese/ZH-Tenor-1/Mixed_Voice_and_Falsetto/青花瓷/Control_Group/0017.wav,Chinese,ZH-Tenor-1,青花瓷,Control_Group,0,0,0,0,0,0,0,non_mix,000000,control_negative,0.755775
Chinese#ZH-Tenor-1#Mixed_Voice_and_Falsetto#青花瓷#Control_Group#0018,D:\-MindEcho-main\ml_dl_models\gtsinger_multitech\dataset\raw\Chinese\ZH-Tenor-1\Mixed_Voice_and_Falsetto\青花瓷\Control_Group\0018.wav,Chinese/ZH-Tenor-1/Mixed_Voice_and_Falsetto/青花瓷/Control_Group/0018.wav,Chinese,ZH-Tenor-1,青花瓷,Control_Group,0,0,0,0,0,0,0,non_mix,000000,control_negative,0.662613
Chinese#ZH-Tenor-1#Mixed_Voice_and_Falsetto#青花瓷#Control_Group#0019,D:\-MindEcho-main\ml_dl_models\gtsinger_multitech\dataset\raw\Chinese\ZH-Tenor-1\Mixed_Voice_and_Falsetto\青花瓷\Control_Group\0019.wav,Chinese/ZH-Tenor-1/Mixed_Voice_and_Falsetto/青花瓷/Control_Group/0019.wav,Chinese,ZH-Tenor-1,青花瓷,Control_Group,0,0,0,0,1,0,1,non_mix,000010,control_negative,0.673728
Chinese#ZH-Tenor-1#Mixed_Voice_and_Falsetto#青花瓷#Control_Group#0020,D:\-MindEcho-main\ml_dl_models\gtsinger_multitech\dataset\raw\Chinese\ZH-Tenor-1\Mixed_Voice_and_Falsetto\青花瓷\Control_Group\0020.wav,Chinese/ZH-Tenor-1/Mixed_Voice_and_Falsetto/青花瓷/Control_Group/0020.wav,Chinese,ZH-Tenor-1,青花瓷,Control_Group,0,0,0,0,0,0,0,non_mix,000000,control_negative,0.734722
Chinese#ZH-Tenor-1#Mixed_Voice_and_Falsetto#青花瓷#Control_Group#0021,D:\-MindEcho-main\ml_dl_models\gtsinger_multitech\dataset\raw\Chinese\ZH-Tenor-1\Mixed_Voice_and_Falsetto\青花瓷\Control_Group\0021.wav,Chinese/ZH-Tenor-1/Mixed_Voice_and_Falsetto/青花瓷/Control_Group/0021.wav,Chinese,ZH-Tenor-1,青花瓷,Control_Group,0,0,0,0,1,0,1,non_mix,000010,control_negative,0.569185
Chinese#ZH-Tenor-1#Glissando#魔鬼中的天使#Control_Group#0000,D:\-MindEcho-main\ml_dl_models\gtsinger_multitech\dataset\raw\Chinese\ZH-Tenor-1\Glissando\魔鬼中的天使\Control_Group\0000.wav,Chinese/ZH-Tenor-1/Glissando/魔鬼中的天使/Control_Group/0000.wav,Chinese,ZH-Tenor-1,魔鬼中的天使,Control_Group,0,0,0,0,1,0,1,non_mix,000010,control_negative,0.486834
Chinese#ZH-Tenor-1#Glissando#魔鬼中的天使#Control_Group#0002,D:\-MindEcho-main\ml_dl_models\gtsinger_multitech\dataset\raw\Chinese\ZH-Tenor-1\Glissando\魔鬼中的天使\Control_Group\0002.wav,Chinese/ZH-Tenor-1/Glissando/魔鬼中的天使/Control_Group/0002.wav,Chinese,ZH-Tenor-1,魔鬼中的天使,Control_Group,0,0,0,0,0,0,0,non_mix,000000,control_negative,0.721720
Chinese#ZH-Tenor-1#Glissando#魔鬼中的天使#Control_Group#0003,D:\-MindEcho-main\ml_dl_models\gtsinger_multitech\dataset\raw\Chinese\ZH-Tenor-1\Glissando\魔鬼中的天使\Control_Group\0003.wav,Chinese/ZH-Tenor-1/Glissando/魔鬼中的天使/Control_Group/0003.wav,Chinese,ZH-Tenor-1,魔鬼中的天使,Control_Group,0,0,0,0,0,0,0,non_mix,000000,control_negative,0.788157
Chinese#ZH-Tenor-1#Glissando#魔鬼中的天使#Control_Group#0004,D:\-MindEcho-main\ml_dl_models\gtsinger_multitech\dataset\raw\Chinese\ZH-Tenor-1\Glissando\魔鬼中的天使\Control_Group\0004.wav,Chinese/ZH-Tenor-1/Glissando/魔鬼中的天使/Control_Group/0004.wav,Chinese,ZH-Tenor-1,魔鬼中的天使,Control_Group,0,0,0,0,0,0,0,non_mix,000000,control_negative,0.607355
Chinese#ZH-Tenor-1#Glissando#魔鬼中的天使#Control_Group#0005,D:\-MindEcho-main\ml_dl_models\gtsinger_multitech\dataset\raw\Chinese\ZH-Tenor-1\Glissando\魔鬼中的天使\Control_Group\0005.wav,Chinese/ZH-Tenor-1/Glissando/魔鬼中的天使/Control_Group/0005.wav,Chinese,ZH-Tenor-1,魔鬼中的天使,Control_Group,0,0,0,0,0,0,0,non_mix,000000,control_negative,0.562044
Chinese#ZH-Tenor-1#Glissando#魔鬼中的天使#Control_Group#0009,D:\-MindEcho-main\ml_dl_models\gtsinger_multitech\dataset\raw\Chinese\ZH-Tenor-1\Glissando\魔鬼中的天使\Control_Group\0009.wav,Chinese/ZH-Tenor-1/Glissando/魔鬼中的天使/Control_Group/0009.wav,Chinese,ZH-Tenor-1,魔鬼中的天使,Control_Group,0,0,0,0,0,0,0,non_mix,000000,control_negative,0.757259
Chinese#ZH-Tenor-1#Glissando#魔鬼中的天使#Control_Group#0010,D:\-MindEcho-main\ml_dl_models\gtsinger_multitech\dataset\raw\Chinese\ZH-Tenor-1\Glissando\魔鬼中的天使\Control_Group\0010.wav,Chinese/ZH-Tenor-1/Glissando/魔鬼中的天使/Control_Group/0010.wav,Chinese,ZH-Tenor-1,魔鬼中的天使,Control_Group,0,0,0,0,0,0,0,non_mix,000000,control_negative,0.616136
Chinese#ZH-Tenor-1#Glissando#魔鬼中的天使#Control_Group#0013,D:\-MindEcho-main\ml_dl_models\gtsinger_multitech\dataset\raw\Chinese\ZH-Tenor-1\Glissando\魔鬼中的天使\Control_Group\0013.wav,Chinese/ZH-Tenor-1/Glissando/魔鬼中的天使/Control_Group/0013.wav,Chinese,ZH-Tenor-1,魔鬼中的天使,Control_Group,0,0,0,0,0,0,0,non_mix,000000,control_negative,0.781981
Chinese#ZH-Tenor-1#Glissando#魔鬼中的天使#Control_Group#0014,D:\-MindEcho-main\ml_dl_models\gtsinger_multitech\dataset\raw\Chinese\ZH-Tenor-1\Glissando\魔鬼中的天使\Control_Group\0014.wav,Chinese/ZH-Tenor-1/Glissando/魔鬼中的天使/Control_Group/0014.wav,Chinese,ZH-Tenor-1,魔鬼中的天使,Control_Group,0,0,0,0,1,0,1,non_mix,000010,control_negative,0.530609
Chinese#ZH-Tenor-1#Glissando#魔鬼中的天使#Control_Group#0015,D:\-MindEcho-main\ml_dl_models\gtsinger_multitech\dataset\raw\Chinese\ZH-Tenor-1\Glissando\魔鬼中的天使\Control_Group\0015.wav,Chinese/ZH-Tenor-1/Glissando/魔鬼中的天使/Control_Group/0015.wav,Chinese,ZH-Tenor-1,魔鬼中的天使,Control_Group,0,0,0,0,0,0,0,non_mix,000000,control_negative,0.516447
Chinese#ZH-Alto-1#Mixed_Voice_and_Falsetto#一次就好#Falsetto_Group#0001,D:\-MindEcho-main\ml_dl_models\gtsinger_multitech\dataset\raw\Chinese\ZH-Alto-1\Mixed_Voice_and_Falsetto\一次就好\Falsetto_Group\0001.wav,Chinese/ZH-Alto-1/Mixed_Voice_and_Falsetto/一次就好/Falsetto_Group/0001.wav,Chinese,ZH-Alto-1,一次就好,Falsetto_Group,1,1,0,0,1,0,1,head_mix,110010,positive_mix,
Chinese#ZH-Alto-1#Mixed_Voice_and_Falsetto#一次就好#Falsetto_Group#0003,D:\-MindEcho-main\ml_dl_models\gtsinger_multitech\dataset\raw\Chinese\ZH-Alto-1\Mixed_Voice_and_Falsetto\一次就好\Falsetto_Group\0003.wav,Chinese/ZH-Alto-1/Mixed_Voice_and_Falsetto/一次就好/Falsetto_Group/0003.wav,Chinese,ZH-Alto-1,一次就好,Falsetto_Group,1,1,0,0,1,0,1,head_mix,110010,positive_mix,
Chinese#ZH-Alto-1#Mixed_Voice_and_Falsetto#剑伤#Falsetto_Group#0000,D:\-MindEcho-main\ml_dl_models\gtsinger_multitech\dataset\raw\Chinese\ZH-Alto-1\Mixed_Voice_and_Falsetto\剑伤\Falsetto_Group\0000.wav,Chinese/ZH-Alto-1/Mixed_Voice_and_Falsetto/剑伤/Falsetto_Group/0000.wav,Chinese,ZH-Alto-1,剑伤,Falsetto_Group,1,1,0,0,1,0,1,head_mix,110010,positive_mix,
Chinese#ZH-Alto-1#Mixed_Voice_and_Falsetto#剑伤#Falsetto_Group#0002,D:\-MindEcho-main\ml_dl_models\gtsinger_multitech\dataset\raw\Chinese\ZH-Alto-1\Mixed_Voice_and_Falsetto\剑伤\Falsetto_Group\0002.wav,Chinese/ZH-Alto-1/Mixed_Voice_and_Falsetto/剑伤/Falsetto_Group/0002.wav,Chinese,ZH-Alto-1,剑伤,Falsetto_Group,1,1,0,0,1,0,1,head_mix,110010,positive_mix,
Chinese#ZH-Alto-1#Mixed_Voice_and_Falsetto#剑伤#Falsetto_Group#0004,D:\-MindEcho-main\ml_dl_models\gtsinger_multitech\dataset\raw\Chinese\ZH-Alto-1\Mixed_Voice_and_Falsetto\剑伤\Falsetto_Group\0004.wav,Chinese/ZH-Alto-1/Mixed_Voice_and_Falsetto/剑伤/Falsetto_Group/0004.wav,Chinese,ZH-Alto-1,剑伤,Falsetto_Group,1,1,0,0,1,0,1,head_mix,110010,positive_mix,
Chinese#ZH-Alto-1#Mixed_Voice_and_Falsetto#匆匆那年#Falsetto_Group#0001,D:\-MindEcho-main\ml_dl_models\gtsinger_multitech\dataset\raw\Chinese\ZH-Alto-1\Mixed_Voice_and_Falsetto\匆匆那年\Falsetto_Group\0001.wav,Chinese/ZH-Alto-1/Mixed_Voice_and_Falsetto/匆匆那年/Falsetto_Group/0001.wav,Chinese,ZH-Alto-1,匆匆那年,Falsetto_Group,1,1,0,0,1,0,1,head_mix,110010,positive_mix,
Chinese#ZH-Alto-1#Mixed_Voice_and_Falsetto#匆匆那年#Falsetto_Group#0005,D:\-MindEcho-main\ml_dl_models\gtsinger_multitech\dataset\raw\Chinese\ZH-Alto-1\Mixed_Voice_and_Falsetto\匆匆那年\Falsetto_Group\0005.wav,Chinese/ZH-Alto-1/Mixed_Voice_and_Falsetto/匆匆那年/Falsetto_Group/0005.wav,Chinese,ZH-Alto-1,匆匆那年,Falsetto_Group,1,1,0,1,1,0,1,head_mix,110110,positive_mix,
Chinese#ZH-Alto-1#Mixed_Voice_and_Falsetto#匆匆那年#Falsetto_Group#0008,D:\-MindEcho-main\ml_dl_models\gtsinger_multitech\dataset\raw\Chinese\ZH-Alto-1\Mixed_Voice_and_Falsetto\匆匆那年\Falsetto_Group\0008.wav,Chinese/ZH-Alto-1/Mixed_Voice_and_Falsetto/匆匆那年/Falsetto_Group/0008.wav,Chinese,ZH-Alto-1,匆匆那年,Falsetto_Group,1,1,0,0,1,0,1,head_mix,110010,positive_mix,
Chinese#ZH-Alto-1#Mixed_Voice_and_Falsetto#匆匆那年#Falsetto_Group#0010,D:\-MindEcho-main\ml_dl_models\gtsinger_multitech\dataset\raw\Chinese\ZH-Alto-1\Mixed_Voice_and_Falsetto\匆匆那年\Falsetto_Group\0010.wav,Chinese/ZH-Alto-1/Mixed_Voice_and_Falsetto/匆匆那年/Falsetto_Group/0010.wav,Chinese,ZH-Alto-1,匆匆那年,Falsetto_Group,1,1,1,0,0,0,1,breathy_mix,111000,positive_mix,
Chinese#ZH-Alto-1#Mixed_Voice_and_Falsetto#匆匆那年#Falsetto_Group#0015,D:\-MindEcho-main\ml_dl_models\gtsinger_multitech\dataset\raw\Chinese\ZH-Alto-1\Mixed_Voice_and_Falsetto\匆匆那年\Falsetto_Group\0015.wav,Chinese/ZH-Alto-1/Mixed_Voice_and_Falsetto/匆匆那年/Falsetto_Group/0015.wav,Chinese,ZH-Alto-1,匆匆那年,Falsetto_Group,1,1,0,1,1,0,1,head_mix,110110,positive_mix,
Chinese#ZH-Alto-1#Mixed_Voice_and_Falsetto#匆匆那年#Falsetto_Group#0019,D:\-MindEcho-main\ml_dl_models\gtsinger_multitech\dataset\raw\Chinese\ZH-Alto-1\Mixed_Voice_and_Falsetto\匆匆那年\Falsetto_Group\0019.wav,Chinese/ZH-Alto-1/Mixed_Voice_and_Falsetto/匆匆那年/Falsetto_Group/0019.wav,Chinese,ZH-Alto-1,匆匆那年,Falsetto_Group,1,0,0,1,1,0,1,clear_mix,100110,positive_mix,
Chinese#ZH-Alto-1#Mixed_Voice_and_Falsetto#化身孤岛的鲸#Falsetto_Group#0003,D:\-MindEcho-main\ml_dl_models\gtsinger_multitech\dataset\raw\Chinese\ZH-Alto-1\Mixed_Voice_and_Falsetto\化身孤岛的鲸\Falsetto_Group\0003.wav,Chinese/ZH-Alto-1/Mixed_Voice_and_Falsetto/化身孤岛的鲸/Falsetto_Group/0003.wav,Chinese,ZH-Alto-1,化身孤岛的鲸,Falsetto_Group,1,0,0,0,1,0,1,clear_mix,100010,positive_mix,
Chinese#ZH-Alto-1#Mixed_Voice_and_Falsetto#化身孤岛的鲸#Falsetto_Group#0007,D:\-MindEcho-main\ml_dl_models\gtsinger_multitech\dataset\raw\Chinese\ZH-Alto-1\Mixed_Voice_and_Falsetto\化身孤岛的鲸\Falsetto_Group\0007.wav,Chinese/ZH-Alto-1/Mixed_Voice_and_Falsetto/化身孤岛的鲸/Falsetto_Group/0007.wav,Chinese,ZH-Alto-1,化身孤岛的鲸,Falsetto_Group,1,1,0,0,1,0,1,head_mix,110010,positive_mix,
Chinese#ZH-Alto-1#Mixed_Voice_and_Falsetto#化身孤岛的鲸#Falsetto_Group#0014,D:\-MindEcho-main\ml_dl_models\gtsinger_multitech\dataset\raw\Chinese\ZH-Alto-1\Mixed_Voice_and_Falsetto\化身孤岛的鲸\Falsetto_Group\0014.wav,Chinese/ZH-Alto-1/Mixed_Voice_and_Falsetto/化身孤岛的鲸/Falsetto_Group/0014.wav,Chinese,ZH-Alto-1,化身孤岛的鲸,Falsetto_Group,1,0,0,0,1,0,1,clear_mix,100010,positive_mix,
Chinese#ZH-Alto-1#Mixed_Voice_and_Falsetto#可惜没如果#Falsetto_Group#0003,D:\-MindEcho-main\ml_dl_models\gtsinger_multitech\dataset\raw\Chinese\ZH-Alto-1\Mixed_Voice_and_Falsetto\可惜没如果\Falsetto_Group\0003.wav,Chinese/ZH-Alto-1/Mixed_Voice_and_Falsetto/可惜没如果/Falsetto_Group/0003.wav,Chinese,ZH-Alto-1,可惜没如果,Falsetto_Group,1,0,0,0,1,0,1,clear_mix,100010,positive_mix,
Chinese#ZH-Alto-1#Mixed_Voice_and_Falsetto#可惜没如果#Falsetto_Group#0012,D:\-MindEcho-main\ml_dl_models\gtsinger_multitech\dataset\raw\Chinese\ZH-Alto-1\Mixed_Voice_and_Falsetto\可惜没如果\Falsetto_Group\0012.wav,Chinese/ZH-Alto-1/Mixed_Voice_and_Falsetto/可惜没如果/Falsetto_Group/0012.wav,Chinese,ZH-Alto-1,可惜没如果,Falsetto_Group,1,1,0,0,1,0,1,head_mix,110010,positive_mix,
Chinese#ZH-Alto-1#Mixed_Voice_and_Falsetto#可惜没如果#Falsetto_Group#0013,D:\-MindEcho-main\ml_dl_models\gtsinger_multitech\dataset\raw\Chinese\ZH-Alto-1\Mixed_Voice_and_Falsetto\可惜没如果\Falsetto_Group\0013.wav,Chinese/ZH-Alto-1/Mixed_Voice_and_Falsetto/可惜没如果/Falsetto_Group/0013.wav,Chinese,ZH-Alto-1,可惜没如果,Falsetto_Group,1,0,0,0,1,0,1,clear_mix,100010,positive_mix,
Chinese#ZH-Alto-1#Mixed_Voice_and_Falsetto#可惜没如果#Falsetto_Group#0014,D:\-MindEcho-main\ml_dl_models\gtsinger_multitech\dataset\raw\Chinese\ZH-Alto-1\Mixed_Voice_and_Falsetto\可惜没如果\Falsetto_Group\0014.wav,Chinese/ZH-Alto-1/Mixed_Voice_and_Falsetto/可惜没如果/Falsetto_Group/0014.wav,Chinese,ZH-Alto-1,可惜没如果,Falsetto_Group,1,1,0,0,1,0,1,head_mix,110010,positive_mix,
Chinese#ZH-Alto-1#Mixed_Voice_and_Falsetto#可惜没如果#Falsetto_Group#0025,D:\-MindEcho-main\ml_dl_models\gtsinger_multitech\dataset\raw\Chinese\ZH-Alto-1\Mixed_Voice_and_Falsetto\可惜没如果\Falsetto_Group\0025.wav,Chinese/ZH-Alto-1/Mixed_Voice_and_Falsetto/可惜没如果/Falsetto_Group/0025.wav,Chinese,ZH-Alto-1,可惜没如果,Falsetto_Group,1,1,0,0,1,0,1,head_mix,110010,positive_mix,
Chinese#ZH-Alto-1#Mixed_Voice_and_Falsetto#可惜没如果#Falsetto_Group#0026,D:\-MindEcho-main\ml_dl_models\gtsinger_multitech\dataset\raw\Chinese\ZH-Alto-1\Mixed_Voice_and_Falsetto\可惜没如果\Falsetto_Group\0026.wav,Chinese/ZH-Alto-1/Mixed_Voice_and_Falsetto/可惜没如果/Falsetto_Group/0026.wav,Chinese,ZH-Alto-1,可惜没如果,Falsetto_Group,1,1,1,0,1,0,1,breathy_mix,111010,positive_mix,
Chinese#ZH-Alto-1#Mixed_Voice_and_Falsetto#可惜没如果#Falsetto_Group#0030,D:\-MindEcho-main\ml_dl_models\gtsinger_multitech\dataset\raw\Chinese\ZH-Alto-1\Mixed_Voice_and_Falsetto\可惜没如果\Falsetto_Group\0030.wav,Chinese/ZH-Alto-1/Mixed_Voice_and_Falsetto/可惜没如果/Falsetto_Group/0030.wav,Chinese,ZH-Alto-1,可惜没如果,Falsetto_Group,1,0,0,0,1,0,1,clear_mix,100010,positive_mix,
Chinese#ZH-Alto-1#Mixed_Voice_and_Falsetto#平凡之路#Falsetto_Group#0006,D:\-MindEcho-main\ml_dl_models\gtsinger_multitech\dataset\raw\Chinese\ZH-Alto-1\Mixed_Voice_and_Falsetto\平凡之路\Falsetto_Group\0006.wav,Chinese/ZH-Alto-1/Mixed_Voice_and_Falsetto/平凡之路/Falsetto_Group/0006.wav,Chinese,ZH-Alto-1,平凡之路,Falsetto_Group,1,1,0,0,1,0,1,head_mix,110010,positive_mix,
Chinese#ZH-Alto-1#Mixed_Voice_and_Falsetto#平凡的一天#Falsetto_Group#0004,D:\-MindEcho-main\ml_dl_models\gtsinger_multitech\dataset\raw\Chinese\ZH-Alto-1\Mixed_Voice_and_Falsetto\平凡的一天\Falsetto_Group\0004.wav,Chinese/ZH-Alto-1/Mixed_Voice_and_Falsetto/平凡的一天/Falsetto_Group/0004.wav,Chinese,ZH-Alto-1,平凡的一天,Falsetto_Group,1,1,0,0,1,0,1,head_mix,110010,positive_mix,
Chinese#ZH-Alto-1#Mixed_Voice_and_Falsetto#年轮#Falsetto_Group#0000,D:\-MindEcho-main\ml_dl_models\gtsinger_multitech\dataset\raw\Chinese\ZH-Alto-1\Mixed_Voice_and_Falsetto\年轮\Falsetto_Group\0000.wav,Chinese/ZH-Alto-1/Mixed_Voice_and_Falsetto/年轮/Falsetto_Group/0000.wav,Chinese,ZH-Alto-1,年轮,Falsetto_Group,1,1,0,0,1,0,1,head_mix,110010,positive_mix,
Chinese#ZH-Alto-1#Mixed_Voice_and_Falsetto#年轮#Falsetto_Group#0002,D:\-MindEcho-main\ml_dl_models\gtsinger_multitech\dataset\raw\Chinese\ZH-Alto-1\Mixed_Voice_and_Falsetto\年轮\Falsetto_Group\0002.wav,Chinese/ZH-Alto-1/Mixed_Voice_and_Falsetto/年轮/Falsetto_Group/0002.wav,Chinese,ZH-Alto-1,年轮,Falsetto_Group,1,1,0,1,1,0,1,head_mix,110110,positive_mix,
Chinese#ZH-Alto-1#Mixed_Voice_and_Falsetto#忽然之间#Falsetto_Group#0002,D:\-MindEcho-main\ml_dl_models\gtsinger_multitech\dataset\raw\Chinese\ZH-Alto-1\Mixed_Voice_and_Falsetto\忽然之间\Falsetto_Group\0002.wav,Chinese/ZH-Alto-1/Mixed_Voice_and_Falsetto/忽然之间/Falsetto_Group/0002.wav,Chinese,ZH-Alto-1,忽然之间,Falsetto_Group,1,1,0,0,1,0,1,head_mix,110010,positive_mix,
Chinese#ZH-Alto-1#Mixed_Voice_and_Falsetto#我的歌声里#Falsetto_Group#0002,D:\-MindEcho-main\ml_dl_models\gtsinger_multitech\dataset\raw\Chinese\ZH-Alto-1\Mixed_Voice_and_Falsetto\我的歌声里\Falsetto_Group\0002.wav,Chinese/ZH-Alto-1/Mixed_Voice_and_Falsetto/我的歌声里/Falsetto_Group/0002.wav,Chinese,ZH-Alto-1,我的歌声里,Falsetto_Group,1,0,0,0,1,0,1,clear_mix,100010,positive_mix,
Chinese#ZH-Alto-1#Mixed_Voice_and_Falsetto#我的歌声里#Falsetto_Group#0005,D:\-MindEcho-main\ml_dl_models\gtsinger_multitech\dataset\raw\Chinese\ZH-Alto-1\Mixed_Voice_and_Falsetto\我的歌声里\Falsetto_Group\0005.wav,Chinese/ZH-Alto-1/Mixed_Voice_and_Falsetto/我的歌声里/Falsetto_Group/0005.wav,Chinese,ZH-Alto-1,我的歌声里,Falsetto_Group,1,0,0,0,1,0,1,clear_mix,100010,positive_mix,
Chinese#ZH-Alto-1#Mixed_Voice_and_Falsetto#我的歌声里#Falsetto_Group#0009,D:\-MindEcho-main\ml_dl_models\gtsinger_multitech\dataset\raw\Chinese\ZH-Alto-1\Mixed_Voice_and_Falsetto\我的歌声里\Falsetto_Group\0009.wav,Chinese/ZH-Alto-1/Mixed_Voice_and_Falsetto/我的歌声里/Falsetto_Group/0009.wav,Chinese,ZH-Alto-1,我的歌声里,Falsetto_Group,1,1,0,0,1,0,1,head_mix,110010,positive_mix,
Chinese#ZH-Alto-1#Mixed_Voice_and_Falsetto#我的歌声里#Falsetto_Group#0013,D:\-MindEcho-main\ml_dl_models\gtsinger_multitech\dataset\raw\Chinese\ZH-Alto-1\Mixed_Voice_and_Falsetto\我的歌声里\Falsetto_Group\0013.wav,Chinese/ZH-Alto-1/Mixed_Voice_and_Falsetto/我的歌声里/Falsetto_Group/0013.wav,Chinese,ZH-Alto-1,我的歌声里,Falsetto_Group,1,1,0,0,1,0,1,head_mix,110010,positive_mix,
Chinese#ZH-Alto-1#Mixed_Voice_and_Falsetto#我的歌声里#Falsetto_Group#0017,D:\-MindEcho-main\ml_dl_models\gtsinger_multitech\dataset\raw\Chinese\ZH-Alto-1\Mixed_Voice_and_Falsetto\我的歌声里\Falsetto_Group\0017.wav,Chinese/ZH-Alto-1/Mixed_Voice_and_Falsetto/我的歌声里/Falsetto_Group/0017.wav,Chinese,ZH-Alto-1,我的歌声里,Falsetto_Group,1,0,0,0,1,0,1,clear_mix,100010,positive_mix,
Chinese#ZH-Alto-1#Mixed_Voice_and_Falsetto#桃花诺#Falsetto_Group#0007,D:\-MindEcho-main\ml_dl_models\gtsinger_multitech\dataset\raw\Chinese\ZH-Alto-1\Mixed_Voice_and_Falsetto\桃花诺\Falsetto_Group\0007.wav,Chinese/ZH-Alto-1/Mixed_Voice_and_Falsetto/桃花诺/Falsetto_Group/0007.wav,Chinese,ZH-Alto-1,桃花诺,Falsetto_Group,1,0,0,0,1,0,1,clear_mix,100010,positive_mix,
Chinese#ZH-Alto-1#Mixed_Voice_and_Falsetto#演员#Falsetto_Group#0006,D:\-MindEcho-main\ml_dl_models\gtsinger_multitech\dataset\raw\Chinese\ZH-Alto-1\Mixed_Voice_and_Falsetto\演员\Falsetto_Group\0006.wav,Chinese/ZH-Alto-1/Mixed_Voice_and_Falsetto/演员/Falsetto_Group/0006.wav,Chinese,ZH-Alto-1,演员,Falsetto_Group,1,1,0,0,1,0,1,head_mix,110010,positive_mix,
Chinese#ZH-Alto-1#Mixed_Voice_and_Falsetto#演员#Falsetto_Group#0007,D:\-MindEcho-main\ml_dl_models\gtsinger_multitech\dataset\raw\Chinese\ZH-Alto-1\Mixed_Voice_and_Falsetto\演员\Falsetto_Group\0007.wav,Chinese/ZH-Alto-1/Mixed_Voice_and_Falsetto/演员/Falsetto_Group/0007.wav,Chinese,ZH-Alto-1,演员,Falsetto_Group,1,1,0,0,1,0,1,head_mix,110010,positive_mix,
Chinese#ZH-Alto-1#Mixed_Voice_and_Falsetto#演员#Falsetto_Group#0008,D:\-MindEcho-main\ml_dl_models\gtsinger_multitech\dataset\raw\Chinese\ZH-Alto-1\Mixed_Voice_and_Falsetto\演员\Falsetto_Group\0008.wav,Chinese/ZH-Alto-1/Mixed_Voice_and_Falsetto/演员/Falsetto_Group/0008.wav,Chinese,ZH-Alto-1,演员,Falsetto_Group,1,1,0,0,1,0,1,head_mix,110010,positive_mix,
Chinese#ZH-Alto-1#Mixed_Voice_and_Falsetto#演员#Falsetto_Group#0019,D:\-MindEcho-main\ml_dl_models\gtsinger_multitech\dataset\raw\Chinese\ZH-Alto-1\Mixed_Voice_and_Falsetto\演员\Falsetto_Group\0019.wav,Chinese/ZH-Alto-1/Mixed_Voice_and_Falsetto/演员/Falsetto_Group/0019.wav,Chinese,ZH-Alto-1,演员,Falsetto_Group,1,1,0,0,1,0,1,head_mix,110010,positive_mix,
Chinese#ZH-Alto-1#Mixed_Voice_and_Falsetto#演员#Falsetto_Group#0020,D:\-MindEcho-main\ml_dl_models\gtsinger_multitech\dataset\raw\Chinese\ZH-Alto-1\Mixed_Voice_and_Falsetto\演员\Falsetto_Group\0020.wav,Chinese/ZH-Alto-1/Mixed_Voice_and_Falsetto/演员/Falsetto_Group/0020.wav,Chinese,ZH-Alto-1,演员,Falsetto_Group,1,1,0,0,1,0,1,head_mix,110010,positive_mix,
Chinese#ZH-Alto-1#Mixed_Voice_and_Falsetto#演员#Falsetto_Group#0021,D:\-MindEcho-main\ml_dl_models\gtsinger_multitech\dataset\raw\Chinese\ZH-Alto-1\Mixed_Voice_and_Falsetto\演员\Falsetto_Group\0021.wav,Chinese/ZH-Alto-1/Mixed_Voice_and_Falsetto/演员/Falsetto_Group/0021.wav,Chinese,ZH-Alto-1,演员,Falsetto_Group,1,1,0,0,1,0,1,head_mix,110010,positive_mix,
Chinese#ZH-Alto-1#Mixed_Voice_and_Falsetto#演员#Falsetto_Group#0022,D:\-MindEcho-main\ml_dl_models\gtsinger_multitech\dataset\raw\Chinese\ZH-Alto-1\Mixed_Voice_and_Falsetto\演员\Falsetto_Group\0022.wav,Chinese/ZH-Alto-1/Mixed_Voice_and_Falsetto/演员/Falsetto_Group/0022.wav,Chinese,ZH-Alto-1,演员,Falsetto_Group,1,1,0,0,1,0,1,head_mix,110010,positive_mix,
Chinese#ZH-Alto-1#Mixed_Voice_and_Falsetto#烟花易冷#Falsetto_Group#0001,D:\-MindEcho-main\ml_dl_models\gtsinger_multitech\dataset\raw\Chinese\ZH-Alto-1\Mixed_Voice_and_Falsetto\烟花易冷\Falsetto_Group\0001.wav,Chinese/ZH-Alto-1/Mixed_Voice_and_Falsetto/烟花易冷/Falsetto_Group/0001.wav,Chinese,ZH-Alto-1,烟花易冷,Falsetto_Group,1,0,0,0,1,0,1,clear_mix,100010,positive_mix,
Chinese#ZH-Alto-1#Mixed_Voice_and_Falsetto#烟花易冷#Falsetto_Group#0007,D:\-MindEcho-main\ml_dl_models\gtsinger_multitech\dataset\raw\Chinese\ZH-Alto-1\Mixed_Voice_and_Falsetto\烟花易冷\Falsetto_Group\0007.wav,Chinese/ZH-Alto-1/Mixed_Voice_and_Falsetto/烟花易冷/Falsetto_Group/0007.wav,Chinese,ZH-Alto-1,烟花易冷,Falsetto_Group,1,0,0,0,1,0,1,clear_mix,100010,positive_mix,
Chinese#ZH-Alto-1#Mixed_Voice_and_Falsetto#烟花易冷#Falsetto_Group#0017,D:\-MindEcho-main\ml_dl_models\gtsinger_multitech\dataset\raw\Chinese\ZH-Alto-1\Mixed_Voice_and_Falsetto\烟花易冷\Falsetto_Group\0017.wav,Chinese/ZH-Alto-1/Mixed_Voice_and_Falsetto/烟花易冷/Falsetto_Group/0017.wav,Chinese,ZH-Alto-1,烟花易冷,Falsetto_Group,1,1,0,0,1,0,1,head_mix,110010,positive_mix,
Chinese#ZH-Alto-1#Mixed_Voice_and_Falsetto#烟花易冷#Falsetto_Group#0021,D:\-MindEcho-main\ml_dl_models\gtsinger_multitech\dataset\raw\Chinese\ZH-Alto-1\Mixed_Voice_and_Falsetto\烟花易冷\Falsetto_Group\0021.wav,Chinese/ZH-Alto-1/Mixed_Voice_and_Falsetto/烟花易冷/Falsetto_Group/0021.wav,Chinese,ZH-Alto-1,烟花易冷,Falsetto_Group,1,1,0,0,1,0,1,head_mix,110010,positive_mix,
Chinese#ZH-Alto-1#Mixed_Voice_and_Falsetto#烟花易冷#Falsetto_Group#0023,D:\-MindEcho-main\ml_dl_models\gtsinger_multitech\dataset\raw\Chinese\ZH-Alto-1\Mixed_Voice_and_Falsetto\烟花易冷\Falsetto_Group\0023.wav,Chinese/ZH-Alto-1/Mixed_Voice_and_Falsetto/烟花易冷/Falsetto_Group/0023.wav,Chinese,ZH-Alto-1,烟花易冷,Falsetto_Group,1,0,0,0,1,0,1,clear_mix,100010,positive_mix,
Chinese#ZH-Alto-1#Mixed_Voice_and_Falsetto#白月光与朱砂痣#Falsetto_Group#0001,D:\-MindEcho-main\ml_dl_models\gtsinger_multitech\dataset\raw\Chinese\ZH-Alto-1\Mixed_Voice_and_Falsetto\白月光与朱砂痣\Falsetto_Group\0001.wav,Chinese/ZH-Alto-1/Mixed_Voice_and_Falsetto/白月光与朱砂痣/Falsetto_Group/0001.wav,Chinese,ZH-Alto-1,白月光与朱砂痣,Falsetto_Group,1,1,0,0,1,0,1,head_mix,110010,positive_mix,
Chinese#ZH-Alto-1#Mixed_Voice_and_Falsetto#白月光与朱砂痣#Falsetto_Group#0004,D:\-MindEcho-main\ml_dl_models\gtsinger_multitech\dataset\raw\Chinese\ZH-Alto-1\Mixed_Voice_and_Falsetto\白月光与朱砂痣\Falsetto_Group\0004.wav,Chinese/ZH-Alto-1/Mixed_Voice_and_Falsetto/白月光与朱砂痣/Falsetto_Group/0004.wav,Chinese,ZH-Alto-1,白月光与朱砂痣,Falsetto_Group,1,1,0,0,1,0,1,head_mix,110010,positive_mix,
Chinese#ZH-Alto-1#Mixed_Voice_and_Falsetto#白月光与朱砂痣#Falsetto_Group#0008,D:\-MindEcho-main\ml_dl_models\gtsinger_multitech\dataset\raw\Chinese\ZH-Alto-1\Mixed_Voice_and_Falsetto\白月光与朱砂痣\Falsetto_Group\0008.wav,Chinese/ZH-Alto-1/Mixed_Voice_and_Falsetto/白月光与朱砂痣/Falsetto_Group/0008.wav,Chinese,ZH-Alto-1,白月光与朱砂痣,Falsetto_Group,1,1,0,0,1,0,1,head_mix,110010,positive_mix,
Chinese#ZH-Alto-1#Mixed_Voice_and_Falsetto#知足#Falsetto_Group#0000,D:\-MindEcho-main\ml_dl_models\gtsinger_multitech\dataset\raw\Chinese\ZH-Alto-1\Mixed_Voice_and_Falsetto\知足\Falsetto_Group\0000.wav,Chinese/ZH-Alto-1/Mixed_Voice_and_Falsetto/知足/Falsetto_Group/0000.wav,Chinese,ZH-Alto-1,知足,Falsetto_Group,1,1,0,0,1,0,1,head_mix,110010,positive_mix,
Chinese#ZH-Alto-1#Mixed_Voice_and_Falsetto#知足#Falsetto_Group#0001,D:\-MindEcho-main\ml_dl_models\gtsinger_multitech\dataset\raw\Chinese\ZH-Alto-1\Mixed_Voice_and_Falsetto\知足\Falsetto_Group\0001.wav,Chinese/ZH-Alto-1/Mixed_Voice_and_Falsetto/知足/Falsetto_Group/0001.wav,Chinese,ZH-Alto-1,知足,Falsetto_Group,1,1,0,0,1,0,1,head_mix,110010,positive_mix,
Chinese#ZH-Alto-1#Mixed_Voice_and_Falsetto#知足#Falsetto_Group#0002,D:\-MindEcho-main\ml_dl_models\gtsinger_multitech\dataset\raw\Chinese\ZH-Alto-1\Mixed_Voice_and_Falsetto\知足\Falsetto_Group\0002.wav,Chinese/ZH-Alto-1/Mixed_Voice_and_Falsetto/知足/Falsetto_Group/0002.wav,Chinese,ZH-Alto-1,知足,Falsetto_Group,1,1,0,0,1,0,1,head_mix,110010,positive_mix,
Chinese#ZH-Alto-1#Mixed_Voice_and_Falsetto#知足#Falsetto_Group#0003,D:\-MindEcho-main\ml_dl_models\gtsinger_multitech\dataset\raw\Chinese\ZH-Alto-1\Mixed_Voice_and_Falsetto\知足\Falsetto_Group\0003.wav,Chinese/ZH-Alto-1/Mixed_Voice_and_Falsetto/知足/Falsetto_Group/0003.wav,Chinese,ZH-Alto-1,知足,Falsetto_Group,1,1,0,0,1,0,1,head_mix,110010,positive_mix,
Chinese#ZH-Alto-1#Mixed_Voice_and_Falsetto#知足#Falsetto_Group#0004,D:\-MindEcho-main\ml_dl_models\gtsinger_multitech\dataset\raw\Chinese\ZH-Alto-1\Mixed_Voice_and_Falsetto\知足\Falsetto_Group\0004.wav,Chinese/ZH-Alto-1/Mixed_Voice_and_Falsetto/知足/Falsetto_Group/0004.wav,Chinese,ZH-Alto-1,知足,Falsetto_Group,1,1,0,0,1,0,1,head_mix,110010,positive_mix,
Chinese#ZH-Alto-1#Mixed_Voice_and_Falsetto#知足#Falsetto_Group#0005,D:\-MindEcho-main\ml_dl_models\gtsinger_multitech\dataset\raw\Chinese\ZH-Alto-1\Mixed_Voice_and_Falsetto\知足\Falsetto_Group\0005.wav,Chinese/ZH-Alto-1/Mixed_Voice_and_Falsetto/知足/Falsetto_Group/0005.wav,Chinese,ZH-Alto-1,知足,Falsetto_Group,1,1,0,0,1,0,1,head_mix,110010,positive_mix,
Chinese#ZH-Alto-1#Mixed_Voice_and_Falsetto#知足#Falsetto_Group#0006,D:\-MindEcho-main\ml_dl_models\gtsinger_multitech\dataset\raw\Chinese\ZH-Alto-1\Mixed_Voice_and_Falsetto\知足\Falsetto_Group\0006.wav,Chinese/ZH-Alto-1/Mixed_Voice_and_Falsetto/知足/Falsetto_Group/0006.wav,Chinese,ZH-Alto-1,知足,Falsetto_Group,1,1,0,0,1,0,1,head_mix,110010,positive_mix,
Chinese#ZH-Alto-1#Mixed_Voice_and_Falsetto#知足#Falsetto_Group#0007,D:\-MindEcho-main\ml_dl_models\gtsinger_multitech\dataset\raw\Chinese\ZH-Alto-1\Mixed_Voice_and_Falsetto\知足\Falsetto_Group\0007.wav,Chinese/ZH-Alto-1/Mixed_Voice_and_Falsetto/知足/Falsetto_Group/0007.wav,Chinese,ZH-Alto-1,知足,Falsetto_Group,1,1,0,0,1,0,1,head_mix,110010,positive_mix,
Chinese#ZH-Alto-1#Mixed_Voice_and_Falsetto#知足#Falsetto_Group#0011,D:\-MindEcho-main\ml_dl_models\gtsinger_multitech\dataset\raw\Chinese\ZH-Alto-1\Mixed_Voice_and_Falsetto\知足\Falsetto_Group\0011.wav,Chinese/ZH-Alto-1/Mixed_Voice_and_Falsetto/知足/Falsetto_Group/0011.wav,Chinese,ZH-Alto-1,知足,Falsetto_Group,1,1,0,0,1,0,1,head_mix,110010,positive_mix,
Chinese#ZH-Alto-1#Mixed_Voice_and_Falsetto#知足#Falsetto_Group#0012,D:\-MindEcho-main\ml_dl_models\gtsinger_multitech\dataset\raw\Chinese\ZH-Alto-1\Mixed_Voice_and_Falsetto\知足\Falsetto_Group\0012.wav,Chinese/ZH-Alto-1/Mixed_Voice_and_Falsetto/知足/Falsetto_Group/0012.wav,Chinese,ZH-Alto-1,知足,Falsetto_Group,1,1,0,0,1,0,1,head_mix,110010,positive_mix,
Chinese#ZH-Alto-1#Mixed_Voice_and_Falsetto#知足#Falsetto_Group#0013,D:\-MindEcho-main\ml_dl_models\gtsinger_multitech\dataset\raw\Chinese\ZH-Alto-1\Mixed_Voice_and_Falsetto\知足\Falsetto_Group\0013.wav,Chinese/ZH-Alto-1/Mixed_Voice_and_Falsetto/知足/Falsetto_Group/0013.wav,Chinese,ZH-Alto-1,知足,Falsetto_Group,1,1,0,0,1,0,1,head_mix,110010,positive_mix,
Chinese#ZH-Alto-1#Mixed_Voice_and_Falsetto#知足#Falsetto_Group#0014,D:\-MindEcho-main\ml_dl_models\gtsinger_multitech\dataset\raw\Chinese\ZH-Alto-1\Mixed_Voice_and_Falsetto\知足\Falsetto_Group\0014.wav,Chinese/ZH-Alto-1/Mixed_Voice_and_Falsetto/知足/Falsetto_Group/0014.wav,Chinese,ZH-Alto-1,知足,Falsetto_Group,1,1,0,0,1,0,1,head_mix,110010,positive_mix,
Chinese#ZH-Alto-1#Mixed_Voice_and_Falsetto#红玫瑰#Falsetto_Group#0015,D:\-MindEcho-main\ml_dl_models\gtsinger_multitech\dataset\raw\Chinese\ZH-Alto-1\Mixed_Voice_and_Falsetto\红玫瑰\Falsetto_Group\0015.wav,Chinese/ZH-Alto-1/Mixed_Voice_and_Falsetto/红玫瑰/Falsetto_Group/0015.wav,Chinese,ZH-Alto-1,红玫瑰,Falsetto_Group,1,1,0,0,1,0,1,head_mix,110010,positive_mix,
Chinese#ZH-Alto-1#Mixed_Voice_and_Falsetto#给电影人的情书#Falsetto_Group#0000,D:\-MindEcho-main\ml_dl_models\gtsinger_multitech\dataset\raw\Chinese\ZH-Alto-1\Mixed_Voice_and_Falsetto\给电影人的情书\Falsetto_Group\0000.wav,Chinese/ZH-Alto-1/Mixed_Voice_and_Falsetto/给电影人的情书/Falsetto_Group/0000.wav,Chinese,ZH-Alto-1,给电影人的情书,Falsetto_Group,1,1,0,0,1,0,1,head_mix,110010,positive_mix,
Chinese#ZH-Alto-1#Mixed_Voice_and_Falsetto#给电影人的情书#Falsetto_Group#0001,D:\-MindEcho-main\ml_dl_models\gtsinger_multitech\dataset\raw\Chinese\ZH-Alto-1\Mixed_Voice_and_Falsetto\给电影人的情书\Falsetto_Group\0001.wav,Chinese/ZH-Alto-1/Mixed_Voice_and_Falsetto/给电影人的情书/Falsetto_Group/0001.wav,Chinese,ZH-Alto-1,给电影人的情书,Falsetto_Group,1,1,0,0,1,0,1,head_mix,110010,positive_mix,
Chinese#ZH-Alto-1#Mixed_Voice_and_Falsetto#给电影人的情书#Falsetto_Group#0002,D:\-MindEcho-main\ml_dl_models\gtsinger_multitech\dataset\raw\Chinese\ZH-Alto-1\Mixed_Voice_and_Falsetto\给电影人的情书\Falsetto_Group\0002.wav,Chinese/ZH-Alto-1/Mixed_Voice_and_Falsetto/给电影人的情书/Falsetto_Group/0002.wav,Chinese,ZH-Alto-1,给电影人的情书,Falsetto_Group,1,1,0,0,1,0,1,head_mix,110010,positive_mix,
Chinese#ZH-Alto-1#Mixed_Voice_and_Falsetto#贝加尔湖畔#Falsetto_Group#0000,D:\-MindEcho-main\ml_dl_models\gtsinger_multitech\dataset\raw\Chinese\ZH-Alto-1\Mixed_Voice_and_Falsetto\贝加尔湖畔\Falsetto_Group\0000.wav,Chinese/ZH-Alto-1/Mixed_Voice_and_Falsetto/贝加尔湖畔/Falsetto_Group/0000.wav,Chinese,ZH-Alto-1,贝加尔湖畔,Falsetto_Group,1,1,0,0,1,0,1,head_mix,110010,positive_mix,
Chinese#ZH-Alto-1#Mixed_Voice_and_Falsetto#贝加尔湖畔#Falsetto_Group#0001,D:\-MindEcho-main\ml_dl_models\gtsinger_multitech\dataset\raw\Chinese\ZH-Alto-1\Mixed_Voice_and_Falsetto\贝加尔湖畔\Falsetto_Group\0001.wav,Chinese/ZH-Alto-1/Mixed_Voice_and_Falsetto/贝加尔湖畔/Falsetto_Group/0001.wav,Chinese,ZH-Alto-1,贝加尔湖畔,Falsetto_Group,1,1,0,0,1,0,1,head_mix,110010,positive_mix,
Chinese#ZH-Alto-1#Mixed_Voice_and_Falsetto#贝加尔湖畔#Falsetto_Group#0003,D:\-MindEcho-main\ml_dl_models\gtsinger_multitech\dataset\raw\Chinese\ZH-Alto-1\Mixed_Voice_and_Falsetto\贝加尔湖畔\Falsetto_Group\0003.wav,Chinese/ZH-Alto-1/Mixed_Voice_and_Falsetto/贝加尔湖畔/Falsetto_Group/0003.wav,Chinese,ZH-Alto-1,贝加尔湖畔,Falsetto_Group,1,1,0,0,1,0,1,head_mix,110010,positive_mix,
Chinese#ZH-Alto-1#Mixed_Voice_and_Falsetto#贝加尔湖畔#Falsetto_Group#0004,D:\-MindEcho-main\ml_dl_models\gtsinger_multitech\dataset\raw\Chinese\ZH-Alto-1\Mixed_Voice_and_Falsetto\贝加尔湖畔\Falsetto_Group\0004.wav,Chinese/ZH-Alto-1/Mixed_Voice_and_Falsetto/贝加尔湖畔/Falsetto_Group/0004.wav,Chinese,ZH-Alto-1,贝加尔湖畔,Falsetto_Group,1,1,0,0,1,0,1,head_mix,110010,positive_mix,
Chinese#ZH-Alto-1#Mixed_Voice_and_Falsetto#贝加尔湖畔#Falsetto_Group#0005,D:\-MindEcho-main\ml_dl_models\gtsinger_multitech\dataset\raw\Chinese\ZH-Alto-1\Mixed_Voice_and_Falsetto\贝加尔湖畔\Falsetto_Group\0005.wav,Chinese/ZH-Alto-1/Mixed_Voice_and_Falsetto/贝加尔湖畔/Falsetto_Group/0005.wav,Chinese,ZH-Alto-1,贝加尔湖畔,Falsetto_Group,1,1,0,0,1,0,1,head_mix,110010,positive_mix,
Chinese#ZH-Alto-1#Mixed_Voice_and_Falsetto#贝加尔湖畔#Falsetto_Group#0006,D:\-MindEcho-main\ml_dl_models\gtsinger_multitech\dataset\raw\Chinese\ZH-Alto-1\Mixed_Voice_and_Falsetto\贝加尔湖畔\Falsetto_Group\0006.wav,Chinese/ZH-Alto-1/Mixed_Voice_and_Falsetto/贝加尔湖畔/Falsetto_Group/0006.wav,Chinese,ZH-Alto-1,贝加尔湖畔,Falsetto_Group,1,1,0,1,1,0,1,head_mix,110110,positive_mix,
Chinese#ZH-Alto-1#Mixed_Voice_and_Falsetto#贝加尔湖畔#Falsetto_Group#0008,D:\-MindEcho-main\ml_dl_models\gtsinger_multitech\dataset\raw\Chinese\ZH-Alto-1\Mixed_Voice_and_Falsetto\贝加尔湖畔\Falsetto_Group\0008.wav,Chinese/ZH-Alto-1/Mixed_Voice_and_Falsetto/贝加尔湖畔/Falsetto_Group/0008.wav,Chinese,ZH-Alto-1,贝加尔湖畔,Falsetto_Group,1,1,0,0,1,0,1,head_mix,110010,positive_mix,
Chinese#ZH-Alto-1#Mixed_Voice_and_Falsetto#贝加尔湖畔#Falsetto_Group#0010,D:\-MindEcho-main\ml_dl_models\gtsinger_multitech\dataset\raw\Chinese\ZH-Alto-1\Mixed_Voice_and_Falsetto\贝加尔湖畔\Falsetto_Group\0010.wav,Chinese/ZH-Alto-1/Mixed_Voice_and_Falsetto/贝加尔湖畔/Falsetto_Group/0010.wav,Chinese,ZH-Alto-1,贝加尔湖畔,Falsetto_Group,1,1,0,1,1,0,1,head_mix,110110,positive_mix,
Chinese#ZH-Alto-1#Mixed_Voice_and_Falsetto#逆光#Falsetto_Group#0000,D:\-MindEcho-main\ml_dl_models\gtsinger_multitech\dataset\raw\Chinese\ZH-Alto-1\Mixed_Voice_and_Falsetto\逆光\Falsetto_Group\0000.wav,Chinese/ZH-Alto-1/Mixed_Voice_and_Falsetto/逆光/Falsetto_Group/0000.wav,Chinese,ZH-Alto-1,逆光,Falsetto_Group,1,1,0,0,1,0,1,head_mix,110010,positive_mix,
Chinese#ZH-Alto-1#Mixed_Voice_and_Falsetto#逆光#Falsetto_Group#0002,D:\-MindEcho-main\ml_dl_models\gtsinger_multitech\dataset\raw\Chinese\ZH-Alto-1\Mixed_Voice_and_Falsetto\逆光\Falsetto_Group\0002.wav,Chinese/ZH-Alto-1/Mixed_Voice_and_Falsetto/逆光/Falsetto_Group/0002.wav,Chinese,ZH-Alto-1,逆光,Falsetto_Group,1,1,0,0,1,0,1,head_mix,110010,positive_mix,
Chinese#ZH-Alto-1#Mixed_Voice_and_Falsetto#鸽子#Falsetto_Group#0000,D:\-MindEcho-main\ml_dl_models\gtsinger_multitech\dataset\raw\Chinese\ZH-Alto-1\Mixed_Voice_and_Falsetto\鸽子\Falsetto_Group\0000.wav,Chinese/ZH-Alto-1/Mixed_Voice_and_Falsetto/鸽子/Falsetto_Group/0000.wav,Chinese,ZH-Alto-1,鸽子,Falsetto_Group,1,1,0,0,1,0,1,head_mix,110010,positive_mix,
Chinese#ZH-Alto-1#Mixed_Voice_and_Falsetto#鸽子#Falsetto_Group#0001,D:\-MindEcho-main\ml_dl_models\gtsinger_multitech\dataset\raw\Chinese\ZH-Alto-1\Mixed_Voice_and_Falsetto\鸽子\Falsetto_Group\0001.wav,Chinese/ZH-Alto-1/Mixed_Voice_and_Falsetto/鸽子/Falsetto_Group/0001.wav,Chinese,ZH-Alto-1,鸽子,Falsetto_Group,1,1,0,0,1,0,1,head_mix,110010,positive_mix,
Chinese#ZH-Alto-1#Mixed_Voice_and_Falsetto#鸽子#Falsetto_Group#0002,D:\-MindEcho-main\ml_dl_models\gtsinger_multitech\dataset\raw\Chinese\ZH-Alto-1\Mixed_Voice_and_Falsetto\鸽子\Falsetto_Group\0002.wav,Chinese/ZH-Alto-1/Mixed_Voice_and_Falsetto/鸽子/Falsetto_Group/0002.wav,Chinese,ZH-Alto-1,鸽子,Falsetto_Group,1,1,0,0,1,0,1,head_mix,110010,positive_mix,
Chinese#ZH-Alto-1#Mixed_Voice_and_Falsetto#鸽子#Falsetto_Group#0003,D:\-MindEcho-main\ml_dl_models\gtsinger_multitech\dataset\raw\Chinese\ZH-Alto-1\Mixed_Voice_and_Falsetto\鸽子\Falsetto_Group\0003.wav,Chinese/ZH-Alto-1/Mixed_Voice_and_Falsetto/鸽子/Falsetto_Group/0003.wav,Chinese,ZH-Alto-1,鸽子,Falsetto_Group,1,1,0,0,1,0,1,head_mix,110010,positive_mix,
Chinese#ZH-Tenor-1#Mixed_Voice_and_Falsetto#不能说的秘密#Falsetto_Group#0004,D:\-MindEcho-main\ml_dl_models\gtsinger_multitech\dataset\raw\Chinese\ZH-Tenor-1\Mixed_Voice_and_Falsetto\不能说的秘密\Falsetto_Group\0004.wav,Chinese/ZH-Tenor-1/Mixed_Voice_and_Falsetto/不能说的秘密/Falsetto_Group/0004.wav,Chinese,ZH-Tenor-1,不能说的秘密,Falsetto_Group,1,1,0,0,1,0,1,head_mix,110010,positive_mix,
Chinese#ZH-Tenor-1#Mixed_Voice_and_Falsetto#老男孩#Falsetto_Group#0018,D:\-MindEcho-main\ml_dl_models\gtsinger_multitech\dataset\raw\Chinese\ZH-Tenor-1\Mixed_Voice_and_Falsetto\老男孩\Falsetto_Group\0018.wav,Chinese/ZH-Tenor-1/Mixed_Voice_and_Falsetto/老男孩/Falsetto_Group/0018.wav,Chinese,ZH-Tenor-1,老男孩,Falsetto_Group,1,1,0,0,1,0,1,head_mix,110010,positive_mix,
Chinese#ZH-Tenor-1#Mixed_Voice_and_Falsetto#讲真的#Falsetto_Group#0004,D:\-MindEcho-main\ml_dl_models\gtsinger_multitech\dataset\raw\Chinese\ZH-Tenor-1\Mixed_Voice_and_Falsetto\讲真的\Falsetto_Group\0004.wav,Chinese/ZH-Tenor-1/Mixed_Voice_and_Falsetto/讲真的/Falsetto_Group/0004.wav,Chinese,ZH-Tenor-1,讲真的,Falsetto_Group,1,1,0,0,1,0,1,head_mix,110010,positive_mix,
Chinese#ZH-Tenor-1#Mixed_Voice_and_Falsetto#贝加尔湖畔#Falsetto_Group#0000,D:\-MindEcho-main\ml_dl_models\gtsinger_multitech\dataset\raw\Chinese\ZH-Tenor-1\Mixed_Voice_and_Falsetto\贝加尔湖畔\Falsetto_Group\0000.wav,Chinese/ZH-Tenor-1/Mixed_Voice_and_Falsetto/贝加尔湖畔/Falsetto_Group/0000.wav,Chinese,ZH-Tenor-1,贝加尔湖畔,Falsetto_Group,1,1,0,0,1,0,1,head_mix,110010,positive_mix,
Chinese#ZH-Tenor-1#Mixed_Voice_and_Falsetto#贝加尔湖畔#Falsetto_Group#0001,D:\-MindEcho-main\ml_dl_models\gtsinger_multitech\dataset\raw\Chinese\ZH-Tenor-1\Mixed_Voice_and_Falsetto\贝加尔湖畔\Falsetto_Group\0001.wav,Chinese/ZH-Tenor-1/Mixed_Voice_and_Falsetto/贝加尔湖畔/Falsetto_Group/0001.wav,Chinese,ZH-Tenor-1,贝加尔湖畔,Falsetto_Group,1,1,0,0,1,0,1,head_mix,110010,positive_mix,
Chinese#ZH-Tenor-1#Mixed_Voice_and_Falsetto#贝加尔湖畔#Falsetto_Group#0002,D:\-MindEcho-main\ml_dl_models\gtsinger_multitech\dataset\raw\Chinese\ZH-Tenor-1\Mixed_Voice_and_Falsetto\贝加尔湖畔\Falsetto_Group\0002.wav,Chinese/ZH-Tenor-1/Mixed_Voice_and_Falsetto/贝加尔湖畔/Falsetto_Group/0002.wav,Chinese,ZH-Tenor-1,贝加尔湖畔,Falsetto_Group,1,1,0,0,1,0,1,head_mix,110010,positive_mix,
Chinese#ZH-Tenor-1#Mixed_Voice_and_Falsetto#贝加尔湖畔#Falsetto_Group#0003,D:\-MindEcho-main\ml_dl_models\gtsinger_multitech\dataset\raw\Chinese\ZH-Tenor-1\Mixed_Voice_and_Falsetto\贝加尔湖畔\Falsetto_Group\0003.wav,Chinese/ZH-Tenor-1/Mixed_Voice_and_Falsetto/贝加尔湖畔/Falsetto_Group/0003.wav,Chinese,ZH-Tenor-1,贝加尔湖畔,Falsetto_Group,1,1,0,0,1,0,1,head_mix,110010,positive_mix,
Chinese#ZH-Tenor-1#Mixed_Voice_and_Falsetto#青花瓷#Falsetto_Group#0001,D:\-MindEcho-main\ml_dl_models\gtsinger_multitech\dataset\raw\Chinese\ZH-Tenor-1\Mixed_Voice_and_Falsetto\青花瓷\Falsetto_Group\0001.wav,Chinese/ZH-Tenor-1/Mixed_Voice_and_Falsetto/青花瓷/Falsetto_Group/0001.wav,Chinese,ZH-Tenor-1,青花瓷,Falsetto_Group,1,1,0,0,1,0,1,head_mix,110010,positive_mix,
Chinese#ZH-Tenor-1#Mixed_Voice_and_Falsetto#青花瓷#Falsetto_Group#0002,D:\-MindEcho-main\ml_dl_models\gtsinger_multitech\dataset\raw\Chinese\ZH-Tenor-1\Mixed_Voice_and_Falsetto\青花瓷\Falsetto_Group\0002.wav,Chinese/ZH-Tenor-1/Mixed_Voice_and_Falsetto/青花瓷/Falsetto_Group/0002.wav,Chinese,ZH-Tenor-1,青花瓷,Falsetto_Group,1,1,0,0,1,0,1,head_mix,110010,positive_mix,
Chinese#ZH-Tenor-1#Mixed_Voice_and_Falsetto#青花瓷#Falsetto_Group#0003,D:\-MindEcho-main\ml_dl_models\gtsinger_multitech\dataset\raw\Chinese\ZH-Tenor-1\Mixed_Voice_and_Falsetto\青花瓷\Falsetto_Group\0003.wav,Chinese/ZH-Tenor-1/Mixed_Voice_and_Falsetto/青花瓷/Falsetto_Group/0003.wav,Chinese,ZH-Tenor-1,青花瓷,Falsetto_Group,1,1,0,0,1,0,1,head_mix,110010,positive_mix,
Chinese#ZH-Tenor-1#Mixed_Voice_and_Falsetto#青花瓷#Falsetto_Group#0011,D:\-MindEcho-main\ml_dl_models\gtsinger_multitech\dataset\raw\Chinese\ZH-Tenor-1\Mixed_Voice_and_Falsetto\青花瓷\Falsetto_Group\0011.wav,Chinese/ZH-Tenor-1/Mixed_Voice_and_Falsetto/青花瓷/Falsetto_Group/0011.wav,Chinese,ZH-Tenor-1,青花瓷,Falsetto_Group,1,1,0,0,1,0,1,head_mix,110010,positive_mix,
Chinese#ZH-Alto-1#Glissando#彩虹#Glissando_Group#0010,D:\-MindEcho-main\ml_dl_models\gtsinger_multitech\dataset\raw\Chinese\ZH-Alto-1\Glissando\彩虹\Glissando_Group\0010.wav,Chinese/ZH-Alto-1/Glissando/彩虹/Glissando_Group/0010.wav,Chinese,ZH-Alto-1,彩虹,Glissando_Group,1,0,0,0,1,0,1,clear_mix,100010,positive_mix,
Chinese#ZH-Alto-1#Mixed_Voice_and_Falsetto#一次就好#Mixed_Voice_Group#0000,D:\-MindEcho-main\ml_dl_models\gtsinger_multitech\dataset\raw\Chinese\ZH-Alto-1\Mixed_Voice_and_Falsetto\一次就好\Mixed_Voice_Group\0000.wav,Chinese/ZH-Alto-1/Mixed_Voice_and_Falsetto/一次就好/Mixed_Voice_Group/0000.wav,Chinese,ZH-Alto-1,一次就好,Mixed_Voice_Group,1,0,0,0,1,0,1,clear_mix,100010,positive_mix,
Chinese#ZH-Alto-1#Mixed_Voice_and_Falsetto#一次就好#Mixed_Voice_Group#0001,D:\-MindEcho-main\ml_dl_models\gtsinger_multitech\dataset\raw\Chinese\ZH-Alto-1\Mixed_Voice_and_Falsetto\一次就好\Mixed_Voice_Group\0001.wav,Chinese/ZH-Alto-1/Mixed_Voice_and_Falsetto/一次就好/Mixed_Voice_Group/0001.wav,Chinese,ZH-Alto-1,一次就好,Mixed_Voice_Group,1,0,0,0,1,0,1,clear_mix,100010,positive_mix,
Chinese#ZH-Alto-1#Mixed_Voice_and_Falsetto#一次就好#Mixed_Voice_Group#0002,D:\-MindEcho-main\ml_dl_models\gtsinger_multitech\dataset\raw\Chinese\ZH-Alto-1\Mixed_Voice_and_Falsetto\一次就好\Mixed_Voice_Group\0002.wav,Chinese/ZH-Alto-1/Mixed_Voice_and_Falsetto/一次就好/Mixed_Voice_Group/0002.wav,Chinese,ZH-Alto-1,一次就好,Mixed_Voice_Group,1,0,0,0,1,0,1,clear_mix,100010,positive_mix,
Chinese#ZH-Alto-1#Mixed_Voice_and_Falsetto#一次就好#Mixed_Voice_Group#0003,D:\-MindEcho-main\ml_dl_models\gtsinger_multitech\dataset\raw\Chinese\ZH-Alto-1\Mixed_Voice_and_Falsetto\一次就好\Mixed_Voice_Group\0003.wav,Chinese/ZH-Alto-1/Mixed_Voice_and_Falsetto/一次就好/Mixed_Voice_Group/0003.wav,Chinese,ZH-Alto-1,一次就好,Mixed_Voice_Group,1,0,0,0,1,0,1,clear_mix,100010,positive_mix,
Chinese#ZH-Alto-1#Mixed_Voice_and_Falsetto#一次就好#Mixed_Voice_Group#0004,D:\-MindEcho-main\ml_dl_models\gtsinger_multitech\dataset\raw\Chinese\ZH-Alto-1\Mixed_Voice_and_Falsetto\一次就好\Mixed_Voice_Group\0004.wav,Chinese/ZH-Alto-1/Mixed_Voice_and_Falsetto/一次就好/Mixed_Voice_Group/0004.wav,Chinese,ZH-Alto-1,一次就好,Mixed_Voice_Group,1,0,0,0,1,0,1,clear_mix,100010,positive_mix,
Chinese#ZH-Alto-1#Mixed_Voice_and_Falsetto#一次就好#Mixed_Voice_Group#0007,D:\-MindEcho-main\ml_dl_models\gtsinger_multitech\dataset\raw\Chinese\ZH-Alto-1\Mixed_Voice_and_Falsetto\一次就好\Mixed_Voice_Group\0007.wav,Chinese/ZH-Alto-1/Mixed_Voice_and_Falsetto/一次就好/Mixed_Voice_Group/0007.wav,Chinese,ZH-Alto-1,一次就好,Mixed_Voice_Group,1,0,0,0,1,0,1,clear_mix,100010,positive_mix,
Chinese#ZH-Alto-1#Mixed_Voice_and_Falsetto#一次就好#Mixed_Voice_Group#0008,D:\-MindEcho-main\ml_dl_models\gtsinger_multitech\dataset\raw\Chinese\ZH-Alto-1\Mixed_Voice_and_Falsetto\一次就好\Mixed_Voice_Group\0008.wav,Chinese/ZH-Alto-1/Mixed_Voice_and_Falsetto/一次就好/Mixed_Voice_Group/0008.wav,Chinese,ZH-Alto-1,一次就好,Mixed_Voice_Group,1,0,0,0,1,0,1,clear_mix,100010,positive_mix,
Chinese#ZH-Alto-1#Mixed_Voice_and_Falsetto#三寸天堂#Mixed_Voice_Group#0000,D:\-MindEcho-main\ml_dl_models\gtsinger_multitech\dataset\raw\Chinese\ZH-Alto-1\Mixed_Voice_and_Falsetto\三寸天堂\Mixed_Voice_Group\0000.wav,Chinese/ZH-Alto-1/Mixed_Voice_and_Falsetto/三寸天堂/Mixed_Voice_Group/0000.wav,Chinese,ZH-Alto-1,三寸天堂,Mixed_Voice_Group,1,0,0,0,1,0,1,clear_mix,100010,positive_mix,
Chinese#ZH-Alto-1#Mixed_Voice_and_Falsetto#三寸天堂#Mixed_Voice_Group#0001,D:\-MindEcho-main\ml_dl_models\gtsinger_multitech\dataset\raw\Chinese\ZH-Alto-1\Mixed_Voice_and_Falsetto\三寸天堂\Mixed_Voice_Group\0001.wav,Chinese/ZH-Alto-1/Mixed_Voice_and_Falsetto/三寸天堂/Mixed_Voice_Group/0001.wav,Chinese,ZH-Alto-1,三寸天堂,Mixed_Voice_Group,1,0,0,0,1,0,1,clear_mix,100010,positive_mix,
Chinese#ZH-Alto-1#Mixed_Voice_and_Falsetto#三寸天堂#Mixed_Voice_Group#0002,D:\-MindEcho-main\ml_dl_models\gtsinger_multitech\dataset\raw\Chinese\ZH-Alto-1\Mixed_Voice_and_Falsetto\三寸天堂\Mixed_Voice_Group\0002.wav,Chinese/ZH-Alto-1/Mixed_Voice_and_Falsetto/三寸天堂/Mixed_Voice_Group/0002.wav,Chinese,ZH-Alto-1,三寸天堂,Mixed_Voice_Group,1,0,0,0,1,0,1,clear_mix,100010,positive_mix,
Chinese#ZH-Alto-1#Mixed_Voice_and_Falsetto#三寸天堂#Mixed_Voice_Group#0003,D:\-MindEcho-main\ml_dl_models\gtsinger_multitech\dataset\raw\Chinese\ZH-Alto-1\Mixed_Voice_and_Falsetto\三寸天堂\Mixed_Voice_Group\0003.wav,Chinese/ZH-Alto-1/Mixed_Voice_and_Falsetto/三寸天堂/Mixed_Voice_Group/0003.wav,Chinese,ZH-Alto-1,三寸天堂,Mixed_Voice_Group,1,0,0,0,1,0,1,clear_mix,100010,positive_mix,
Chinese#ZH-Alto-1#Mixed_Voice_and_Falsetto#三寸天堂#Mixed_Voice_Group#0004,D:\-MindEcho-main\ml_dl_models\gtsinger_multitech\dataset\raw\Chinese\ZH-Alto-1\Mixed_Voice_and_Falsetto\三寸天堂\Mixed_Voice_Group\0004.wav,Chinese/ZH-Alto-1/Mixed_Voice_and_Falsetto/三寸天堂/Mixed_Voice_Group/0004.wav,Chinese,ZH-Alto-1,三寸天堂,Mixed_Voice_Group,1,0,0,0,1,0,1,clear_mix,100010,positive_mix,
Chinese#ZH-Alto-1#Mixed_Voice_and_Falsetto#三寸天堂#Mixed_Voice_Group#0005,D:\-MindEcho-main\ml_dl_models\gtsinger_multitech\dataset\raw\Chinese\ZH-Alto-1\Mixed_Voice_and_Falsetto\三寸天堂\Mixed_Voice_Group\0005.wav,Chinese/ZH-Alto-1/Mixed_Voice_and_Falsetto/三寸天堂/Mixed_Voice_Group/0005.wav,Chinese,ZH-Alto-1,三寸天堂,Mixed_Voice_Group,1,0,0,0,1,0,1,clear_mix,100010,positive_mix,
Chinese#ZH-Alto-1#Mixed_Voice_and_Falsetto#三寸天堂#Mixed_Voice_Group#0006,D:\-MindEcho-main\ml_dl_models\gtsinger_multitech\dataset\raw\Chinese\ZH-Alto-1\Mixed_Voice_and_Falsetto\三寸天堂\Mixed_Voice_Group\0006.wav,Chinese/ZH-Alto-1/Mixed_Voice_and_Falsetto/三寸天堂/Mixed_Voice_Group/0006.wav,Chinese,ZH-Alto-1,三寸天堂,Mixed_Voice_Group,1,0,0,0,1,0,1,clear_mix,100010,positive_mix,
Chinese#ZH-Alto-1#Mixed_Voice_and_Falsetto#三寸天堂#Mixed_Voice_Group#0007,D:\-MindEcho-main\ml_dl_models\gtsinger_multitech\dataset\raw\Chinese\ZH-Alto-1\Mixed_Voice_and_Falsetto\三寸天堂\Mixed_Voice_Group\0007.wav,Chinese/ZH-Alto-1/Mixed_Voice_and_Falsetto/三寸天堂/Mixed_Voice_Group/0007.wav,Chinese,ZH-Alto-1,三寸天堂,Mixed_Voice_Group,1,0,0,0,1,0,1,clear_mix,100010,positive_mix,
Chinese#ZH-Alto-1#Mixed_Voice_and_Falsetto#三寸天堂#Mixed_Voice_Group#0009,D:\-MindEcho-main\ml_dl_models\gtsinger_multitech\dataset\raw\Chinese\ZH-Alto-1\Mixed_Voice_and_Falsetto\三寸天堂\Mixed_Voice_Group\0009.wav,Chinese/ZH-Alto-1/Mixed_Voice_and_Falsetto/三寸天堂/Mixed_Voice_Group/0009.wav,Chinese,ZH-Alto-1,三寸天堂,Mixed_Voice_Group,1,0,0,0,1,0,1,clear_mix,100010,positive_mix,
Chinese#ZH-Alto-1#Mixed_Voice_and_Falsetto#三寸天堂#Mixed_Voice_Group#0010,D:\-MindEcho-main\ml_dl_models\gtsinger_multitech\dataset\raw\Chinese\ZH-Alto-1\Mixed_Voice_and_Falsetto\三寸天堂\Mixed_Voice_Group\0010.wav,Chinese/ZH-Alto-1/Mixed_Voice_and_Falsetto/三寸天堂/Mixed_Voice_Group/0010.wav,Chinese,ZH-Alto-1,三寸天堂,Mixed_Voice_Group,1,0,0,0,1,0,1,clear_mix,100010,positive_mix,
Chinese#ZH-Alto-1#Mixed_Voice_and_Falsetto#三寸天堂#Mixed_Voice_Group#0011,D:\-MindEcho-main\ml_dl_models\gtsinger_multitech\dataset\raw\Chinese\ZH-Alto-1\Mixed_Voice_and_Falsetto\三寸天堂\Mixed_Voice_Group\0011.wav,Chinese/ZH-Alto-1/Mixed_Voice_and_Falsetto/三寸天堂/Mixed_Voice_Group/0011.wav,Chinese,ZH-Alto-1,三寸天堂,Mixed_Voice_Group,1,0,0,0,1,0,1,clear_mix,100010,positive_mix,
Chinese#ZH-Alto-1#Mixed_Voice_and_Falsetto#三寸天堂#Mixed_Voice_Group#0012,D:\-MindEcho-main\ml_dl_models\gtsinger_multitech\dataset\raw\Chinese\ZH-Alto-1\Mixed_Voice_and_Falsetto\三寸天堂\Mixed_Voice_Group\0012.wav,Chinese/ZH-Alto-1/Mixed_Voice_and_Falsetto/三寸天堂/Mixed_Voice_Group/0012.wav,Chinese,ZH-Alto-1,三寸天堂,Mixed_Voice_Group,1,0,0,0,1,0,1,clear_mix,100010,positive_mix,
Chinese#ZH-Alto-1#Mixed_Voice_and_Falsetto#亲爱的那不是爱情#Mixed_Voice_Group#0000,D:\-MindEcho-main\ml_dl_models\gtsinger_multitech\dataset\raw\Chinese\ZH-Alto-1\Mixed_Voice_and_Falsetto\亲爱的那不是爱情\Mixed_Voice_Group\0000.wav,Chinese/ZH-Alto-1/Mixed_Voice_and_Falsetto/亲爱的那不是爱情/Mixed_Voice_Group/0000.wav,Chinese,ZH-Alto-1,亲爱的那不是爱情,Mixed_Voice_Group,1,0,0,0,1,0,1,clear_mix,100010,positive_mix,
Chinese#ZH-Alto-1#Mixed_Voice_and_Falsetto#亲爱的那不是爱情#Mixed_Voice_Group#0001,D:\-MindEcho-main\ml_dl_models\gtsinger_multitech\dataset\raw\Chinese\ZH-Alto-1\Mixed_Voice_and_Falsetto\亲爱的那不是爱情\Mixed_Voice_Group\0001.wav,Chinese/ZH-Alto-1/Mixed_Voice_and_Falsetto/亲爱的那不是爱情/Mixed_Voice_Group/0001.wav,Chinese,ZH-Alto-1,亲爱的那不是爱情,Mixed_Voice_Group,1,0,0,0,1,0,1,clear_mix,100010,positive_mix,
Chinese#ZH-Alto-1#Mixed_Voice_and_Falsetto#亲爱的那不是爱情#Mixed_Voice_Group#0002,D:\-MindEcho-main\ml_dl_models\gtsinger_multitech\dataset\raw\Chinese\ZH-Alto-1\Mixed_Voice_and_Falsetto\亲爱的那不是爱情\Mixed_Voice_Group\0002.wav,Chinese/ZH-Alto-1/Mixed_Voice_and_Falsetto/亲爱的那不是爱情/Mixed_Voice_Group/0002.wav,Chinese,ZH-Alto-1,亲爱的那不是爱情,Mixed_Voice_Group,1,0,0,0,1,0,1,clear_mix,100010,positive_mix,
Chinese#ZH-Alto-1#Mixed_Voice_and_Falsetto#亲爱的那不是爱情#Mixed_Voice_Group#0003,D:\-MindEcho-main\ml_dl_models\gtsinger_multitech\dataset\raw\Chinese\ZH-Alto-1\Mixed_Voice_and_Falsetto\亲爱的那不是爱情\Mixed_Voice_Group\0003.wav,Chinese/ZH-Alto-1/Mixed_Voice_and_Falsetto/亲爱的那不是爱情/Mixed_Voice_Group/0003.wav,Chinese,ZH-Alto-1,亲爱的那不是爱情,Mixed_Voice_Group,1,0,0,0,1,0,1,clear_mix,100010,positive_mix,
Chinese#ZH-Alto-1#Mixed_Voice_and_Falsetto#亲爱的那不是爱情#Mixed_Voice_Group#0004,D:\-MindEcho-main\ml_dl_models\gtsinger_multitech\dataset\raw\Chinese\ZH-Alto-1\Mixed_Voice_and_Falsetto\亲爱的那不是爱情\Mixed_Voice_Group\0004.wav,Chinese/ZH-Alto-1/Mixed_Voice_and_Falsetto/亲爱的那不是爱情/Mixed_Voice_Group/0004.wav,Chinese,ZH-Alto-1,亲爱的那不是爱情,Mixed_Voice_Group,1,0,0,0,1,0,1,clear_mix,100010,positive_mix,
Chinese#ZH-Alto-1#Mixed_Voice_and_Falsetto#修炼爱情#Mixed_Voice_Group#0001,D:\-MindEcho-main\ml_dl_models\gtsinger_multitech\dataset\raw\Chinese\ZH-Alto-1\Mixed_Voice_and_Falsetto\修炼爱情\Mixed_Voice_Group\0001.wav,Chinese/ZH-Alto-1/Mixed_Voice_and_Falsetto/修炼爱情/Mixed_Voice_Group/0001.wav,Chinese,ZH-Alto-1,修炼爱情,Mixed_Voice_Group,1,0,0,0,1,0,1,clear_mix,100010,positive_mix,
Chinese#ZH-Alto-1#Mixed_Voice_and_Falsetto#修炼爱情#Mixed_Voice_Group#0003,D:\-MindEcho-main\ml_dl_models\gtsinger_multitech\dataset\raw\Chinese\ZH-Alto-1\Mixed_Voice_and_Falsetto\修炼爱情\Mixed_Voice_Group\0003.wav,Chinese/ZH-Alto-1/Mixed_Voice_and_Falsetto/修炼爱情/Mixed_Voice_Group/0003.wav,Chinese,ZH-Alto-1,修炼爱情,Mixed_Voice_Group,1,0,0,0,1,0,1,clear_mix,100010,positive_mix,
Chinese#ZH-Alto-1#Mixed_Voice_and_Falsetto#修炼爱情#Mixed_Voice_Group#0005,D:\-MindEcho-main\ml_dl_models\gtsinger_multitech\dataset\raw\Chinese\ZH-Alto-1\Mixed_Voice_and_Falsetto\修炼爱情\Mixed_Voice_Group\0005.wav,Chinese/ZH-Alto-1/Mixed_Voice_and_Falsetto/修炼爱情/Mixed_Voice_Group/0005.wav,Chinese,ZH-Alto-1,修炼爱情,Mixed_Voice_Group,1,0,0,0,1,0,1,clear_mix,100010,positive_mix,
Chinese#ZH-Alto-1#Mixed_Voice_and_Falsetto#修炼爱情#Mixed_Voice_Group#0006,D:\-MindEcho-main\ml_dl_models\gtsinger_multitech\dataset\raw\Chinese\ZH-Alto-1\Mixed_Voice_and_Falsetto\修炼爱情\Mixed_Voice_Group\0006.wav,Chinese/ZH-Alto-1/Mixed_Voice_and_Falsetto/修炼爱情/Mixed_Voice_Group/0006.wav,Chinese,ZH-Alto-1,修炼爱情,Mixed_Voice_Group,1,0,0,0,1,0,1,clear_mix,100010,positive_mix,
Chinese#ZH-Alto-1#Mixed_Voice_and_Falsetto#别找我麻烦#Mixed_Voice_Group#0000,D:\-MindEcho-main\ml_dl_models\gtsinger_multitech\dataset\raw\Chinese\ZH-Alto-1\Mixed_Voice_and_Falsetto\别找我麻烦\Mixed_Voice_Group\0000.wav,Chinese/ZH-Alto-1/Mixed_Voice_and_Falsetto/别找我麻烦/Mixed_Voice_Group/0000.wav,Chinese,ZH-Alto-1,别找我麻烦,Mixed_Voice_Group,1,0,0,0,1,0,1,clear_mix,100010,positive_mix,
Chinese#ZH-Alto-1#Mixed_Voice_and_Falsetto#别找我麻烦#Mixed_Voice_Group#0001,D:\-MindEcho-main\ml_dl_models\gtsinger_multitech\dataset\raw\Chinese\ZH-Alto-1\Mixed_Voice_and_Falsetto\别找我麻烦\Mixed_Voice_Group\0001.wav,Chinese/ZH-Alto-1/Mixed_Voice_and_Falsetto/别找我麻烦/Mixed_Voice_Group/0001.wav,Chinese,ZH-Alto-1,别找我麻烦,Mixed_Voice_Group,1,0,0,0,1,0,1,clear_mix,100010,positive_mix,
Chinese#ZH-Alto-1#Mixed_Voice_and_Falsetto#别找我麻烦#Mixed_Voice_Group#0002,D:\-MindEcho-main\ml_dl_models\gtsinger_multitech\dataset\raw\Chinese\ZH-Alto-1\Mixed_Voice_and_Falsetto\别找我麻烦\Mixed_Voice_Group\0002.wav,Chinese/ZH-Alto-1/Mixed_Voice_and_Falsetto/别找我麻烦/Mixed_Voice_Group/0002.wav,Chinese,ZH-Alto-1,别找我麻烦,Mixed_Voice_Group,1,0,0,0,1,0,1,clear_mix,100010,positive_mix,
Chinese#ZH-Alto-1#Mixed_Voice_and_Falsetto#别找我麻烦#Mixed_Voice_Group#0003,D:\-MindEcho-main\ml_dl_models\gtsinger_multitech\dataset\raw\Chinese\ZH-Alto-1\Mixed_Voice_and_Falsetto\别找我麻烦\Mixed_Voice_Group\0003.wav,Chinese/ZH-Alto-1/Mixed_Voice_and_Falsetto/别找我麻烦/Mixed_Voice_Group/0003.wav,Chinese,ZH-Alto-1,别找我麻烦,Mixed_Voice_Group,1,0,0,0,0,0,1,clear_mix,100000,positive_mix,
Chinese#ZH-Alto-1#Mixed_Voice_and_Falsetto#别找我麻烦#Mixed_Voice_Group#0005,D:\-MindEcho-main\ml_dl_models\gtsinger_multitech\dataset\raw\Chinese\ZH-Alto-1\Mixed_Voice_and_Falsetto\别找我麻烦\Mixed_Voice_Group\0005.wav,Chinese/ZH-Alto-1/Mixed_Voice_and_Falsetto/别找我麻烦/Mixed_Voice_Group/0005.wav,Chinese,ZH-Alto-1,别找我麻烦,Mixed_Voice_Group,1,0,0,0,1,0,1,clear_mix,100010,positive_mix,
Chinese#ZH-Alto-1#Mixed_Voice_and_Falsetto#别找我麻烦#Mixed_Voice_Group#0006,D:\-MindEcho-main\ml_dl_models\gtsinger_multitech\dataset\raw\Chinese\ZH-Alto-1\Mixed_Voice_and_Falsetto\别找我麻烦\Mixed_Voice_Group\0006.wav,Chinese/ZH-Alto-1/Mixed_Voice_and_Falsetto/别找我麻烦/Mixed_Voice_Group/0006.wav,Chinese,ZH-Alto-1,别找我麻烦,Mixed_Voice_Group,1,0,0,0,1,0,1,clear_mix,100010,positive_mix,
Chinese#ZH-Alto-1#Mixed_Voice_and_Falsetto#别找我麻烦#Mixed_Voice_Group#0007,D:\-MindEcho-main\ml_dl_models\gtsinger_multitech\dataset\raw\Chinese\ZH-Alto-1\Mixed_Voice_and_Falsetto\别找我麻烦\Mixed_Voice_Group\0007.wav,Chinese/ZH-Alto-1/Mixed_Voice_and_Falsetto/别找我麻烦/Mixed_Voice_Group/0007.wav,Chinese,ZH-Alto-1,别找我麻烦,Mixed_Voice_Group,1,0,0,0,1,0,1,clear_mix,100010,positive_mix,
Chinese#ZH-Alto-1#Mixed_Voice_and_Falsetto#别找我麻烦#Mixed_Voice_Group#0008,D:\-MindEcho-main\ml_dl_models\gtsinger_multitech\dataset\raw\Chinese\ZH-Alto-1\Mixed_Voice_and_Falsetto\别找我麻烦\Mixed_Voice_Group\0008.wav,Chinese/ZH-Alto-1/Mixed_Voice_and_Falsetto/别找我麻烦/Mixed_Voice_Group/0008.wav,Chinese,ZH-Alto-1,别找我麻烦,Mixed_Voice_Group,1,0,0,0,1,0,1,clear_mix,100010,positive_mix,
Chinese#ZH-Alto-1#Mixed_Voice_and_Falsetto#剑伤#Mixed_Voice_Group#0000,D:\-MindEcho-main\ml_dl_models\gtsinger_multitech\dataset\raw\Chinese\ZH-Alto-1\Mixed_Voice_and_Falsetto\剑伤\Mixed_Voice_Group\0000.wav,Chinese/ZH-Alto-1/Mixed_Voice_and_Falsetto/剑伤/Mixed_Voice_Group/0000.wav,Chinese,ZH-Alto-1,剑伤,Mixed_Voice_Group,1,0,0,0,1,0,1,clear_mix,100010,positive_mix,
Chinese#ZH-Alto-1#Mixed_Voice_and_Falsetto#剑伤#Mixed_Voice_Group#0002,D:\-MindEcho-main\ml_dl_models\gtsinger_multitech\dataset\raw\Chinese\ZH-Alto-1\Mixed_Voice_and_Falsetto\剑伤\Mixed_Voice_Group\0002.wav,Chinese/ZH-Alto-1/Mixed_Voice_and_Falsetto/剑伤/Mixed_Voice_Group/0002.wav,Chinese,ZH-Alto-1,剑伤,Mixed_Voice_Group,1,0,0,1,1,0,1,clear_mix,100110,positive_mix,
Chinese#ZH-Alto-1#Mixed_Voice_and_Falsetto#剑伤#Mixed_Voice_Group#0003,D:\-MindEcho-main\ml_dl_models\gtsinger_multitech\dataset\raw\Chinese\ZH-Alto-1\Mixed_Voice_and_Falsetto\剑伤\Mixed_Voice_Group\0003.wav,Chinese/ZH-Alto-1/Mixed_Voice_and_Falsetto/剑伤/Mixed_Voice_Group/0003.wav,Chinese,ZH-Alto-1,剑伤,Mixed_Voice_Group,1,0,0,0,1,0,1,clear_mix,100010,positive_mix,
Chinese#ZH-Alto-1#Mixed_Voice_and_Falsetto#剑伤#Mixed_Voice_Group#0004,D:\-MindEcho-main\ml_dl_models\gtsinger_multitech\dataset\raw\Chinese\ZH-Alto-1\Mixed_Voice_and_Falsetto\剑伤\Mixed_Voice_Group\0004.wav,Chinese/ZH-Alto-1/Mixed_Voice_and_Falsetto/剑伤/Mixed_Voice_Group/0004.wav,Chinese,ZH-Alto-1,剑伤,Mixed_Voice_Group,1,0,0,0,1,0,1,clear_mix,100010,positive_mix,
Chinese#ZH-Alto-1#Mixed_Voice_and_Falsetto#剑伤#Mixed_Voice_Group#0005,D:\-MindEcho-main\ml_dl_models\gtsinger_multitech\dataset\raw\Chinese\ZH-Alto-1\Mixed_Voice_and_Falsetto\剑伤\Mixed_Voice_Group\0005.wav,Chinese/ZH-Alto-1/Mixed_Voice_and_Falsetto/剑伤/Mixed_Voice_Group/0005.wav,Chinese,ZH-Alto-1,剑伤,Mixed_Voice_Group,1,0,0,0,1,0,1,clear_mix,100010,positive_mix,
Chinese#ZH-Alto-1#Mixed_Voice_and_Falsetto#剑伤#Mixed_Voice_Group#0006,D:\-MindEcho-main\ml_dl_models\gtsinger_multitech\dataset\raw\Chinese\ZH-Alto-1\Mixed_Voice_and_Falsetto\剑伤\Mixed_Voice_Group\0006.wav,Chinese/ZH-Alto-1/Mixed_Voice_and_Falsetto/剑伤/Mixed_Voice_Group/0006.wav,Chinese,ZH-Alto-1,剑伤,Mixed_Voice_Group,1,0,0,0,1,0,1,clear_mix,100010,positive_mix,
Chinese#ZH-Alto-1#Mixed_Voice_and_Falsetto#剑伤#Mixed_Voice_Group#0007,D:\-MindEcho-main\ml_dl_models\gtsinger_multitech\dataset\raw\Chinese\ZH-Alto-1\Mixed_Voice_and_Falsetto\剑伤\Mixed_Voice_Group\0007.wav,Chinese/ZH-Alto-1/Mixed_Voice_and_Falsetto/剑伤/Mixed_Voice_Group/0007.wav,Chinese,ZH-Alto-1,剑伤,Mixed_Voice_Group,1,0,0,0,1,0,1,clear_mix,100010,positive_mix,
Chinese#ZH-Alto-1#Mixed_Voice_and_Falsetto#匆匆那年#Mixed_Voice_Group#0000,D:\-MindEcho-main\ml_dl_models\gtsinger_multitech\dataset\raw\Chinese\ZH-Alto-1\Mixed_Voice_and_Falsetto\匆匆那年\Mixed_Voice_Group\0000.wav,Chinese/ZH-Alto-1/Mixed_Voice_and_Falsetto/匆匆那年/Mixed_Voice_Group/0000.wav,Chinese,ZH-Alto-1,匆匆那年,Mixed_Voice_Group,1,0,0,1,1,0,1,clear_mix,100110,positive_mix,
Chinese#ZH-Alto-1#Mixed_Voice_and_Falsetto#匆匆那年#Mixed_Voice_Group#0001,D:\-MindEcho-main\ml_dl_models\gtsinger_multitech\dataset\raw\Chinese\ZH-Alto-1\Mixed_Voice_and_Falsetto\匆匆那年\Mixed_Voice_Group\0001.wav,Chinese/ZH-Alto-1/Mixed_Voice_and_Falsetto/匆匆那年/Mixed_Voice_Group/0001.wav,Chinese,ZH-Alto-1,匆匆那年,Mixed_Voice_Group,1,1,0,1,1,0,1,head_mix,110110,positive_mix,
Chinese#ZH-Alto-1#Mixed_Voice_and_Falsetto#匆匆那年#Mixed_Voice_Group#0002,D:\-MindEcho-main\ml_dl_models\gtsinger_multitech\dataset\raw\Chinese\ZH-Alto-1\Mixed_Voice_and_Falsetto\匆匆那年\Mixed_Voice_Group\0002.wav,Chinese/ZH-Alto-1/Mixed_Voice_and_Falsetto/匆匆那年/Mixed_Voice_Group/0002.wav,Chinese,ZH-Alto-1,匆匆那年,Mixed_Voice_Group,1,0,0,1,1,0,1,clear_mix,100110,positive_mix,
Chinese#ZH-Alto-1#Mixed_Voice_and_Falsetto#匆匆那年#Mixed_Voice_Group#0003,D:\-MindEcho-main\ml_dl_models\gtsinger_multitech\dataset\raw\Chinese\ZH-Alto-1\Mixed_Voice_and_Falsetto\匆匆那年\Mixed_Voice_Group\0003.wav,Chinese/ZH-Alto-1/Mixed_Voice_and_Falsetto/匆匆那年/Mixed_Voice_Group/0003.wav,Chinese,ZH-Alto-1,匆匆那年,Mixed_Voice_Group,1,0,0,0,1,0,1,clear_mix,100010,positive_mix,
Chinese#ZH-Alto-1#Mixed_Voice_and_Falsetto#匆匆那年#Mixed_Voice_Group#0004,D:\-MindEcho-main\ml_dl_models\gtsinger_multitech\dataset\raw\Chinese\ZH-Alto-1\Mixed_Voice_and_Falsetto\匆匆那年\Mixed_Voice_Group\0004.wav,Chinese/ZH-Alto-1/Mixed_Voice_and_Falsetto/匆匆那年/Mixed_Voice_Group/0004.wav,Chinese,ZH-Alto-1,匆匆那年,Mixed_Voice_Group,1,1,0,1,1,0,1,head_mix,110110,positive_mix,
Chinese#ZH-Alto-1#Mixed_Voice_and_Falsetto#匆匆那年#Mixed_Voice_Group#0005,D:\-MindEcho-main\ml_dl_models\gtsinger_multitech\dataset\raw\Chinese\ZH-Alto-1\Mixed_Voice_and_Falsetto\匆匆那年\Mixed_Voice_Group\0005.wav,Chinese/ZH-Alto-1/Mixed_Voice_and_Falsetto/匆匆那年/Mixed_Voice_Group/0005.wav,Chinese,ZH-Alto-1,匆匆那年,Mixed_Voice_Group,1,0,0,1,1,0,1,clear_mix,100110,positive_mix,
Chinese#ZH-Alto-1#Mixed_Voice_and_Falsetto#匆匆那年#Mixed_Voice_Group#0006,D:\-MindEcho-main\ml_dl_models\gtsinger_multitech\dataset\raw\Chinese\ZH-Alto-1\Mixed_Voice_and_Falsetto\匆匆那年\Mixed_Voice_Group\0006.wav,Chinese/ZH-Alto-1/Mixed_Voice_and_Falsetto/匆匆那年/Mixed_Voice_Group/0006.wav,Chinese,ZH-Alto-1,匆匆那年,Mixed_Voice_Group,1,0,0,1,1,0,1,clear_mix,100110,positive_mix,
Chinese#ZH-Alto-1#Mixed_Voice_and_Falsetto#匆匆那年#Mixed_Voice_Group#0007,D:\-MindEcho-main\ml_dl_models\gtsinger_multitech\dataset\raw\Chinese\ZH-Alto-1\Mixed_Voice_and_Falsetto\匆匆那年\Mixed_Voice_Group\0007.wav,Chinese/ZH-Alto-1/Mixed_Voice_and_Falsetto/匆匆那年/Mixed_Voice_Group/0007.wav,Chinese,ZH-Alto-1,匆匆那年,Mixed_Voice_Group,1,1,1,1,1,0,1,breathy_mix,111110,positive_mix,
Chinese#ZH-Alto-1#Mixed_Voice_and_Falsetto#匆匆那年#Mixed_Voice_Group#0008,D:\-MindEcho-main\ml_dl_models\gtsinger_multitech\dataset\raw\Chinese\ZH-Alto-1\Mixed_Voice_and_Falsetto\匆匆那年\Mixed_Voice_Group\0008.wav,Chinese/ZH-Alto-1/Mixed_Voice_and_Falsetto/匆匆那年/Mixed_Voice_Group/0008.wav,Chinese,ZH-Alto-1,匆匆那年,Mixed_Voice_Group,1,1,0,1,1,0,1,head_mix,110110,positive_mix,
Chinese#ZH-Alto-1#Mixed_Voice_and_Falsetto#匆匆那年#Mixed_Voice_Group#0010,D:\-MindEcho-main\ml_dl_models\gtsinger_multitech\dataset\raw\Chinese\ZH-Alto-1\Mixed_Voice_and_Falsetto\匆匆那年\Mixed_Voice_Group\0010.wav,Chinese/ZH-Alto-1/Mixed_Voice_and_Falsetto/匆匆那年/Mixed_Voice_Group/0010.wav,Chinese,ZH-Alto-1,匆匆那年,Mixed_Voice_Group,1,0,1,1,1,0,1,breathy_mix,101110,positive_mix,
Chinese#ZH-Alto-1#Mixed_Voice_and_Falsetto#匆匆那年#Mixed_Voice_Group#0011,D:\-MindEcho-main\ml_dl_models\gtsinger_multitech\dataset\raw\Chinese\ZH-Alto-1\Mixed_Voice_and_Falsetto\匆匆那年\Mixed_Voice_Group\0011.wav,Chinese/ZH-Alto-1/Mixed_Voice_and_Falsetto/匆匆那年/Mixed_Voice_Group/0011.wav,Chinese,ZH-Alto-1,匆匆那年,Mixed_Voice_Group,1,1,1,1,1,0,1,breathy_mix,111110,positive_mix,
Chinese#ZH-Alto-1#Mixed_Voice_and_Falsetto#匆匆那年#Mixed_Voice_Group#0012,D:\-MindEcho-main\ml_dl_models\gtsinger_multitech\dataset\raw\Chinese\ZH-Alto-1\Mixed_Voice_and_Falsetto\匆匆那年\Mixed_Voice_Group\0012.wav,Chinese/ZH-Alto-1/Mixed_Voice_and_Falsetto/匆匆那年/Mixed_Voice_Group/0012.wav,Chinese,ZH-Alto-1,匆匆那年,Mixed_Voice_Group,1,0,0,0,1,0,1,clear_mix,100010,positive_mix,
Chinese#ZH-Alto-1#Mixed_Voice_and_Falsetto#匆匆那年#Mixed_Voice_Group#0013,D:\-MindEcho-main\ml_dl_models\gtsinger_multitech\dataset\raw\Chinese\ZH-Alto-1\Mixed_Voice_and_Falsetto\匆匆那年\Mixed_Voice_Group\0013.wav,Chinese/ZH-Alto-1/Mixed_Voice_and_Falsetto/匆匆那年/Mixed_Voice_Group/0013.wav,Chinese,ZH-Alto-1,匆匆那年,Mixed_Voice_Group,1,0,0,0,1,0,1,clear_mix,100010,positive_mix,
Chinese#ZH-Alto-1#Mixed_Voice_and_Falsetto#匆匆那年#Mixed_Voice_Group#0015,D:\-MindEcho-main\ml_dl_models\gtsinger_multitech\dataset\raw\Chinese\ZH-Alto-1\Mixed_Voice_and_Falsetto\匆匆那年\Mixed_Voice_Group\0015.wav,Chinese/ZH-Alto-1/Mixed_Voice_and_Falsetto/匆匆那年/Mixed_Voice_Group/0015.wav,Chinese,ZH-Alto-1,匆匆那年,Mixed_Voice_Group,1,0,1,1,1,0,1,breathy_mix,101110,positive_mix,
Chinese#ZH-Alto-1#Mixed_Voice_and_Falsetto#匆匆那年#Mixed_Voice_Group#0016,D:\-MindEcho-main\ml_dl_models\gtsinger_multitech\dataset\raw\Chinese\ZH-Alto-1\Mixed_Voice_and_Falsetto\匆匆那年\Mixed_Voice_Group\0016.wav,Chinese/ZH-Alto-1/Mixed_Voice_and_Falsetto/匆匆那年/Mixed_Voice_Group/0016.wav,Chinese,ZH-Alto-1,匆匆那年,Mixed_Voice_Group,1,0,0,1,1,0,1,clear_mix,100110,positive_mix,
Chinese#ZH-Alto-1#Mixed_Voice_and_Falsetto#匆匆那年#Mixed_Voice_Group#0017,D:\-MindEcho-main\ml_dl_models\gtsinger_multitech\dataset\raw\Chinese\ZH-Alto-1\Mixed_Voice_and_Falsetto\匆匆那年\Mixed_Voice_Group\0017.wav,Chinese/ZH-Alto-1/Mixed_Voice_and_Falsetto/匆匆那年/Mixed_Voice_Group/0017.wav,Chinese,ZH-Alto-1,匆匆那年,Mixed_Voice_Group,1,1,0,1,1,0,1,head_mix,110110,positive_mix,
Chinese#ZH-Alto-1#Mixed_Voice_and_Falsetto#匆匆那年#Mixed_Voice_Group#0018,D:\-MindEcho-main\ml_dl_models\gtsinger_multitech\dataset\raw\Chinese\ZH-Alto-1\Mixed_Voice_and_Falsetto\匆匆那年\Mixed_Voice_Group\0018.wav,Chinese/ZH-Alto-1/Mixed_Voice_and_Falsetto/匆匆那年/Mixed_Voice_Group/0018.wav,Chinese,ZH-Alto-1,匆匆那年,Mixed_Voice_Group,1,1,0,1,1,0,1,head_mix,110110,positive_mix,
Chinese#ZH-Alto-1#Mixed_Voice_and_Falsetto#匆匆那年#Mixed_Voice_Group#0019,D:\-MindEcho-main\ml_dl_models\gtsinger_multitech\dataset\raw\Chinese\ZH-Alto-1\Mixed_Voice_and_Falsetto\匆匆那年\Mixed_Voice_Group\0019.wav,Chinese/ZH-Alto-1/Mixed_Voice_and_Falsetto/匆匆那年/Mixed_Voice_Group/0019.wav,Chinese,ZH-Alto-1,匆匆那年,Mixed_Voice_Group,1,0,0,1,1,0,1,clear_mix,100110,positive_mix,
Chinese#ZH-Alto-1#Mixed_Voice_and_Falsetto#化身孤岛的鲸#Mixed_Voice_Group#0000,D:\-MindEcho-main\ml_dl_models\gtsinger_multitech\dataset\raw\Chinese\ZH-Alto-1\Mixed_Voice_and_Falsetto\化身孤岛的鲸\Mixed_Voice_Group\0000.wav,Chinese/ZH-Alto-1/Mixed_Voice_and_Falsetto/化身孤岛的鲸/Mixed_Voice_Group/0000.wav,Chinese,ZH-Alto-1,化身孤岛的鲸,Mixed_Voice_Group,1,0,0,0,1,0,1,clear_mix,100010,positive_mix,
Chinese#ZH-Alto-1#Mixed_Voice_and_Falsetto#化身孤岛的鲸#Mixed_Voice_Group#0001,D:\-MindEcho-main\ml_dl_models\gtsinger_multitech\dataset\raw\Chinese\ZH-Alto-1\Mixed_Voice_and_Falsetto\化身孤岛的鲸\Mixed_Voice_Group\0001.wav,Chinese/ZH-Alto-1/Mixed_Voice_and_Falsetto/化身孤岛的鲸/Mixed_Voice_Group/0001.wav,Chinese,ZH-Alto-1,化身孤岛的鲸,Mixed_Voice_Group,1,0,0,0,1,0,1,clear_mix,100010,positive_mix,
Chinese#ZH-Alto-1#Mixed_Voice_and_Falsetto#化身孤岛的鲸#Mixed_Voice_Group#0002,D:\-MindEcho-main\ml_dl_models\gtsinger_multitech\dataset\raw\Chinese\ZH-Alto-1\Mixed_Voice_and_Falsetto\化身孤岛的鲸\Mixed_Voice_Group\0002.wav,Chinese/ZH-Alto-1/Mixed_Voice_and_Falsetto/化身孤岛的鲸/Mixed_Voice_Group/0002.wav,Chinese,ZH-Alto-1,化身孤岛的鲸,Mixed_Voice_Group,1,0,0,0,1,0,1,clear_mix,100010,positive_mix,
Chinese#ZH-Alto-1#Mixed_Voice_and_Falsetto#化身孤岛的鲸#Mixed_Voice_Group#0003,D:\-MindEcho-main\ml_dl_models\gtsinger_multitech\dataset\raw\Chinese\ZH-Alto-1\Mixed_Voice_and_Falsetto\化身孤岛的鲸\Mixed_Voice_Group\0003.wav,Chinese/ZH-Alto-1/Mixed_Voice_and_Falsetto/化身孤岛的鲸/Mixed_Voice_Group/0003.wav,Chinese,ZH-Alto-1,化身孤岛的鲸,Mixed_Voice_Group,1,0,0,0,1,0,1,clear_mix,100010,positive_mix,
Chinese#ZH-Alto-1#Mixed_Voice_and_Falsetto#化身孤岛的鲸#Mixed_Voice_Group#0004,D:\-MindEcho-main\ml_dl_models\gtsinger_multitech\dataset\raw\Chinese\ZH-Alto-1\Mixed_Voice_and_Falsetto\化身孤岛的鲸\Mixed_Voice_Group\0004.wav,Chinese/ZH-Alto-1/Mixed_Voice_and_Falsetto/化身孤岛的鲸/Mixed_Voice_Group/0004.wav,Chinese,ZH-Alto-1,化身孤岛的鲸,Mixed_Voice_Group,1,0,0,0,1,0,1,clear_mix,100010,positive_mix,
Chinese#ZH-Alto-1#Mixed_Voice_and_Falsetto#化身孤岛的鲸#Mixed_Voice_Group#0007,D:\-MindEcho-main\ml_dl_models\gtsinger_multitech\dataset\raw\Chinese\ZH-Alto-1\Mixed_Voice_and_Falsetto\化身孤岛的鲸\Mixed_Voice_Group\0007.wav,Chinese/ZH-Alto-1/Mixed_Voice_and_Falsetto/化身孤岛的鲸/Mixed_Voice_Group/0007.wav,Chinese,ZH-Alto-1,化身孤岛的鲸,Mixed_Voice_Group,1,1,0,0,1,0,1,head_mix,110010,positive_mix,
Chinese#ZH-Alto-1#Mixed_Voice_and_Falsetto#化身孤岛的鲸#Mixed_Voice_Group#0008,D:\-MindEcho-main\ml_dl_models\gtsinger_multitech\dataset\raw\Chinese\ZH-Alto-1\Mixed_Voice_and_Falsetto\化身孤岛的鲸\Mixed_Voice_Group\0008.wav,Chinese/ZH-Alto-1/Mixed_Voice_and_Falsetto/化身孤岛的鲸/Mixed_Voice_Group/0008.wav,Chinese,ZH-Alto-1,化身孤岛的鲸,Mixed_Voice_Group,1,0,0,0,1,0,1,clear_mix,100010,positive_mix,
Chinese#ZH-Alto-1#Mixed_Voice_and_Falsetto#化身孤岛的鲸#Mixed_Voice_Group#0010,D:\-MindEcho-main\ml_dl_models\gtsinger_multitech\dataset\raw\Chinese\ZH-Alto-1\Mixed_Voice_and_Falsetto\化身孤岛的鲸\Mixed_Voice_Group\0010.wav,Chinese/ZH-Alto-1/Mixed_Voice_and_Falsetto/化身孤岛的鲸/Mixed_Voice_Group/0010.wav,Chinese,ZH-Alto-1,化身孤岛的鲸,Mixed_Voice_Group,1,0,0,0,1,0,1,clear_mix,100010,positive_mix,
Chinese#ZH-Alto-1#Mixed_Voice_and_Falsetto#化身孤岛的鲸#Mixed_Voice_Group#0011,D:\-MindEcho-main\ml_dl_models\gtsinger_multitech\dataset\raw\Chinese\ZH-Alto-1\Mixed_Voice_and_Falsetto\化身孤岛的鲸\Mixed_Voice_Group\0011.wav,Chinese/ZH-Alto-1/Mixed_Voice_and_Falsetto/化身孤岛的鲸/Mixed_Voice_Group/0011.wav,Chinese,ZH-Alto-1,化身孤岛的鲸,Mixed_Voice_Group,1,0,0,0,1,0,1,clear_mix,100010,positive_mix,
Chinese#ZH-Alto-1#Mixed_Voice_and_Falsetto#化身孤岛的鲸#Mixed_Voice_Group#0013,D:\-MindEcho-main\ml_dl_models\gtsinger_multitech\dataset\raw\Chinese\ZH-Alto-1\Mixed_Voice_and_Falsetto\化身孤岛的鲸\Mixed_Voice_Group\0013.wav,Chinese/ZH-Alto-1/Mixed_Voice_and_Falsetto/化身孤岛的鲸/Mixed_Voice_Group/0013.wav,Chinese,ZH-Alto-1,化身孤岛的鲸,Mixed_Voice_Group,1,0,0,0,1,0,1,clear_mix,100010,positive_mix,
Chinese#ZH-Alto-1#Mixed_Voice_and_Falsetto#化身孤岛的鲸#Mixed_Voice_Group#0014,D:\-MindEcho-main\ml_dl_models\gtsinger_multitech\dataset\raw\Chinese\ZH-Alto-1\Mixed_Voice_and_Falsetto\化身孤岛的鲸\Mixed_Voice_Group\0014.wav,Chinese/ZH-Alto-1/Mixed_Voice_and_Falsetto/化身孤岛的鲸/Mixed_Voice_Group/0014.wav,Chinese,ZH-Alto-1,化身孤岛的鲸,Mixed_Voice_Group,1,0,0,0,1,0,1,clear_mix,100010,positive_mix,
Chinese#ZH-Alto-1#Mixed_Voice_and_Falsetto#化身孤岛的鲸#Mixed_Voice_Group#0015,D:\-MindEcho-main\ml_dl_models\gtsinger_multitech\dataset\raw\Chinese\ZH-Alto-1\Mixed_Voice_and_Falsetto\化身孤岛的鲸\Mixed_Voice_Group\0015.wav,Chinese/ZH-Alto-1/Mixed_Voice_and_Falsetto/化身孤岛的鲸/Mixed_Voice_Group/0015.wav,Chinese,ZH-Alto-1,化身孤岛的鲸,Mixed_Voice_Group,1,0,0,0,1,0,1,clear_mix,100010,positive_mix,
Chinese#ZH-Alto-1#Mixed_Voice_and_Falsetto#化身孤岛的鲸#Mixed_Voice_Group#0017,D:\-MindEcho-main\ml_dl_models\gtsinger_multitech\dataset\raw\Chinese\ZH-Alto-1\Mixed_Voice_and_Falsetto\化身孤岛的鲸\Mixed_Voice_Group\0017.wav,Chinese/ZH-Alto-1/Mixed_Voice_and_Falsetto/化身孤岛的鲸/Mixed_Voice_Group/0017.wav,Chinese,ZH-Alto-1,化身孤岛的鲸,Mixed_Voice_Group,1,0,0,0,1,0,1,clear_mix,100010,positive_mix,
Chinese#ZH-Alto-1#Mixed_Voice_and_Falsetto#化身孤岛的鲸#Mixed_Voice_Group#0019,D:\-MindEcho-main\ml_dl_models\gtsinger_multitech\dataset\raw\Chinese\ZH-Alto-1\Mixed_Voice_and_Falsetto\化身孤岛的鲸\Mixed_Voice_Group\0019.wav,Chinese/ZH-Alto-1/Mixed_Voice_and_Falsetto/化身孤岛的鲸/Mixed_Voice_Group/0019.wav,Chinese,ZH-Alto-1,化身孤岛的鲸,Mixed_Voice_Group,1,1,0,0,1,0,1,head_mix,110010,positive_mix,
Chinese#ZH-Alto-1#Mixed_Voice_and_Falsetto#化身孤岛的鲸#Mixed_Voice_Group#0020,D:\-MindEcho-main\ml_dl_models\gtsinger_multitech\dataset\raw\Chinese\ZH-Alto-1\Mixed_Voice_and_Falsetto\化身孤岛的鲸\Mixed_Voice_Group\0020.wav,Chinese/ZH-Alto-1/Mixed_Voice_and_Falsetto/化身孤岛的鲸/Mixed_Voice_Group/0020.wav,Chinese,ZH-Alto-1,化身孤岛的鲸,Mixed_Voice_Group,1,0,0,0,1,0,1,clear_mix,100010,positive_mix,
Chinese#ZH-Alto-1#Mixed_Voice_and_Falsetto#十年#Mixed_Voice_Group#0000,D:\-MindEcho-main\ml_dl_models\gtsinger_multitech\dataset\raw\Chinese\ZH-Alto-1\Mixed_Voice_and_Falsetto\十年\Mixed_Voice_Group\0000.wav,Chinese/ZH-Alto-1/Mixed_Voice_and_Falsetto/十年/Mixed_Voice_Group/0000.wav,Chinese,ZH-Alto-1,十年,Mixed_Voice_Group,1,0,0,0,1,0,1,clear_mix,100010,positive_mix,
Chinese#ZH-Alto-1#Mixed_Voice_and_Falsetto#十年#Mixed_Voice_Group#0001,D:\-MindEcho-main\ml_dl_models\gtsinger_multitech\dataset\raw\Chinese\ZH-Alto-1\Mixed_Voice_and_Falsetto\十年\Mixed_Voice_Group\0001.wav,Chinese/ZH-Alto-1/Mixed_Voice_and_Falsetto/十年/Mixed_Voice_Group/0001.wav,Chinese,ZH-Alto-1,十年,Mixed_Voice_Group,1,0,0,0,1,0,1,clear_mix,100010,positive_mix,
Chinese#ZH-Alto-1#Mixed_Voice_and_Falsetto#十年#Mixed_Voice_Group#0002,D:\-MindEcho-main\ml_dl_models\gtsinger_multitech\dataset\raw\Chinese\ZH-Alto-1\Mixed_Voice_and_Falsetto\十年\Mixed_Voice_Group\0002.wav,Chinese/ZH-Alto-1/Mixed_Voice_and_Falsetto/十年/Mixed_Voice_Group/0002.wav,Chinese,ZH-Alto-1,十年,Mixed_Voice_Group,1,0,0,0,1,0,1,clear_mix,100010,positive_mix,
Chinese#ZH-Alto-1#Mixed_Voice_and_Falsetto#十年#Mixed_Voice_Group#0003,D:\-MindEcho-main\ml_dl_models\gtsinger_multitech\dataset\raw\Chinese\ZH-Alto-1\Mixed_Voice_and_Falsetto\十年\Mixed_Voice_Group\0003.wav,Chinese/ZH-Alto-1/Mixed_Voice_and_Falsetto/十年/Mixed_Voice_Group/0003.wav,Chinese,ZH-Alto-1,十年,Mixed_Voice_Group,1,0,0,0,1,0,1,clear_mix,100010,positive_mix,
Chinese#ZH-Alto-1#Mixed_Voice_and_Falsetto#南山南#Mixed_Voice_Group#0000,D:\-MindEcho-main\ml_dl_models\gtsinger_multitech\dataset\raw\Chinese\ZH-Alto-1\Mixed_Voice_and_Falsetto\南山南\Mixed_Voice_Group\0000.wav,Chinese/ZH-Alto-1/Mixed_Voice_and_Falsetto/南山南/Mixed_Voice_Group/0000.wav,Chinese,ZH-Alto-1,南山南,Mixed_Voice_Group,1,0,0,0,1,0,1,clear_mix,100010,positive_mix,
Chinese#ZH-Alto-1#Mixed_Voice_and_Falsetto#南山南#Mixed_Voice_Group#0001,D:\-MindEcho-main\ml_dl_models\gtsinger_multitech\dataset\raw\Chinese\ZH-Alto-1\Mixed_Voice_and_Falsetto\南山南\Mixed_Voice_Group\0001.wav,Chinese/ZH-Alto-1/Mixed_Voice_and_Falsetto/南山南/Mixed_Voice_Group/0001.wav,Chinese,ZH-Alto-1,南山南,Mixed_Voice_Group,1,0,0,0,1,0,1,clear_mix,100010,positive_mix,
Chinese#ZH-Alto-1#Mixed_Voice_and_Falsetto#可乐#Mixed_Voice_Group#0000,D:\-MindEcho-main\ml_dl_models\gtsinger_multitech\dataset\raw\Chinese\ZH-Alto-1\Mixed_Voice_and_Falsetto\可乐\Mixed_Voice_Group\0000.wav,Chinese/ZH-Alto-1/Mixed_Voice_and_Falsetto/可乐/Mixed_Voice_Group/0000.wav,Chinese,ZH-Alto-1,可乐,Mixed_Voice_Group,1,0,0,0,1,0,1,clear_mix,100010,positive_mix,
Chinese#ZH-Alto-1#Mixed_Voice_and_Falsetto#可乐#Mixed_Voice_Group#0001,D:\-MindEcho-main\ml_dl_models\gtsinger_multitech\dataset\raw\Chinese\ZH-Alto-1\Mixed_Voice_and_Falsetto\可乐\Mixed_Voice_Group\0001.wav,Chinese/ZH-Alto-1/Mixed_Voice_and_Falsetto/可乐/Mixed_Voice_Group/0001.wav,Chinese,ZH-Alto-1,可乐,Mixed_Voice_Group,1,0,0,0,1,0,1,clear_mix,100010,positive_mix,
Chinese#ZH-Alto-1#Mixed_Voice_and_Falsetto#可乐#Mixed_Voice_Group#0002,D:\-MindEcho-main\ml_dl_models\gtsinger_multitech\dataset\raw\Chinese\ZH-Alto-1\Mixed_Voice_and_Falsetto\可乐\Mixed_Voice_Group\0002.wav,Chinese/ZH-Alto-1/Mixed_Voice_and_Falsetto/可乐/Mixed_Voice_Group/0002.wav,Chinese,ZH-Alto-1,可乐,Mixed_Voice_Group,1,0,0,0,1,0,1,clear_mix,100010,positive_mix,
Chinese#ZH-Alto-1#Mixed_Voice_and_Falsetto#可乐#Mixed_Voice_Group#0003,D:\-MindEcho-main\ml_dl_models\gtsinger_multitech\dataset\raw\Chinese\ZH-Alto-1\Mixed_Voice_and_Falsetto\可乐\Mixed_Voice_Group\0003.wav,Chinese/ZH-Alto-1/Mixed_Voice_and_Falsetto/可乐/Mixed_Voice_Group/0003.wav,Chinese,ZH-Alto-1,可乐,Mixed_Voice_Group,1,0,0,0,1,0,1,clear_mix,100010,positive_mix,
Chinese#ZH-Alto-1#Mixed_Voice_and_Falsetto#可乐#Mixed_Voice_Group#0004,D:\-MindEcho-main\ml_dl_models\gtsinger_multitech\dataset\raw\Chinese\ZH-Alto-1\Mixed_Voice_and_Falsetto\可乐\Mixed_Voice_Group\0004.wav,Chinese/ZH-Alto-1/Mixed_Voice_and_Falsetto/可乐/Mixed_Voice_Group/0004.wav,Chinese,ZH-Alto-1,可乐,Mixed_Voice_Group,1,0,0,0,1,0,1,clear_mix,100010,positive_mix,
Chinese#ZH-Alto-1#Mixed_Voice_and_Falsetto#可乐#Mixed_Voice_Group#0005,D:\-MindEcho-main\ml_dl_models\gtsinger_multitech\dataset\raw\Chinese\ZH-Alto-1\Mixed_Voice_and_Falsetto\可乐\Mixed_Voice_Group\0005.wav,Chinese/ZH-Alto-1/Mixed_Voice_and_Falsetto/可乐/Mixed_Voice_Group/0005.wav,Chinese,ZH-Alto-1,可乐,Mixed_Voice_Group,1,0,0,0,1,0,1,clear_mix,100010,positive_mix,
Chinese#ZH-Alto-1#Mixed_Voice_and_Falsetto#可乐#Mixed_Voice_Group#0006,D:\-MindEcho-main\ml_dl_models\gtsinger_multitech\dataset\raw\Chinese\ZH-Alto-1\Mixed_Voice_and_Falsetto\可乐\Mixed_Voice_Group\0006.wav,Chinese/ZH-Alto-1/Mixed_Voice_and_Falsetto/可乐/Mixed_Voice_Group/0006.wav,Chinese,ZH-Alto-1,可乐,Mixed_Voice_Group,1,0,0,0,1,0,1,clear_mix,100010,positive_mix,
Chinese#ZH-Alto-1#Mixed_Voice_and_Falsetto#可乐#Mixed_Voice_Group#0008,D:\-MindEcho-main\ml_dl_models\gtsinger_multitech\dataset\raw\Chinese\ZH-Alto-1\Mixed_Voice_and_Falsetto\可乐\Mixed_Voice_Group\0008.wav,Chinese/ZH-Alto-1/Mixed_Voice_and_Falsetto/可乐/Mixed_Voice_Group/0008.wav,Chinese,ZH-Alto-1,可乐,Mixed_Voice_Group,1,0,0,0,1,0,1,clear_mix,100010,positive_mix,
Chinese#ZH-Alto-1#Mixed_Voice_and_Falsetto#可乐#Mixed_Voice_Group#0009,D:\-MindEcho-main\ml_dl_models\gtsinger_multitech\dataset\raw\Chinese\ZH-Alto-1\Mixed_Voice_and_Falsetto\可乐\Mixed_Voice_Group\0009.wav,Chinese/ZH-Alto-1/Mixed_Voice_and_Falsetto/可乐/Mixed_Voice_Group/0009.wav,Chinese,ZH-Alto-1,可乐,Mixed_Voice_Group,1,0,0,0,1,0,1,clear_mix,100010,positive_mix,
Chinese#ZH-Alto-1#Mixed_Voice_and_Falsetto#可乐#Mixed_Voice_Group#0011,D:\-MindEcho-main\ml_dl_models\gtsinger_multitech\dataset\raw\Chinese\ZH-Alto-1\Mixed_Voice_and_Falsetto\可乐\Mixed_Voice_Group\0011.wav,Chinese/ZH-Alto-1/Mixed_Voice_and_Falsetto/可乐/Mixed_Voice_Group/0011.wav,Chinese,ZH-Alto-1,可乐,Mixed_Voice_Group,1,0,0,0,1,0,1,clear_mix,100010,positive_mix,
Chinese#ZH-Alto-1#Mixed_Voice_and_Falsetto#可乐#Mixed_Voice_Group#0012,D:\-MindEcho-main\ml_dl_models\gtsinger_multitech\dataset\raw\Chinese\ZH-Alto-1\Mixed_Voice_and_Falsetto\可乐\Mixed_Voice_Group\0012.wav,Chinese/ZH-Alto-1/Mixed_Voice_and_Falsetto/可乐/Mixed_Voice_Group/0012.wav,Chinese,ZH-Alto-1,可乐,Mixed_Voice_Group,1,0,0,0,1,0,1,clear_mix,100010,positive_mix,
Chinese#ZH-Alto-1#Mixed_Voice_and_Falsetto#可乐#Mixed_Voice_Group#0013,D:\-MindEcho-main\ml_dl_models\gtsinger_multitech\dataset\raw\Chinese\ZH-Alto-1\Mixed_Voice_and_Falsetto\可乐\Mixed_Voice_Group\0013.wav,Chinese/ZH-Alto-1/Mixed_Voice_and_Falsetto/可乐/Mixed_Voice_Group/0013.wav,Chinese,ZH-Alto-1,可乐,Mixed_Voice_Group,1,0,0,0,1,0,1,clear_mix,100010,positive_mix,
Chinese#ZH-Alto-1#Mixed_Voice_and_Falsetto#可乐#Mixed_Voice_Group#0014,D:\-MindEcho-main\ml_dl_models\gtsinger_multitech\dataset\raw\Chinese\ZH-Alto-1\Mixed_Voice_and_Falsetto\可乐\Mixed_Voice_Group\0014.wav,Chinese/ZH-Alto-1/Mixed_Voice_and_Falsetto/可乐/Mixed_Voice_Group/0014.wav,Chinese,ZH-Alto-1,可乐,Mixed_Voice_Group,1,0,0,0,1,0,1,clear_mix,100010,positive_mix,
Chinese#ZH-Alto-1#Mixed_Voice_and_Falsetto#可乐#Mixed_Voice_Group#0015,D:\-MindEcho-main\ml_dl_models\gtsinger_multitech\dataset\raw\Chinese\ZH-Alto-1\Mixed_Voice_and_Falsetto\可乐\Mixed_Voice_Group\0015.wav,Chinese/ZH-Alto-1/Mixed_Voice_and_Falsetto/可乐/Mixed_Voice_Group/0015.wav,Chinese,ZH-Alto-1,可乐,Mixed_Voice_Group,1,0,0,0,1,0,1,clear_mix,100010,positive_mix,
Chinese#ZH-Alto-1#Mixed_Voice_and_Falsetto#可惜没如果#Mixed_Voice_Group#0000,D:\-MindEcho-main\ml_dl_models\gtsinger_multitech\dataset\raw\Chinese\ZH-Alto-1\Mixed_Voice_and_Falsetto\可惜没如果\Mixed_Voice_Group\0000.wav,Chinese/ZH-Alto-1/Mixed_Voice_and_Falsetto/可惜没如果/Mixed_Voice_Group/0000.wav,Chinese,ZH-Alto-1,可惜没如果,Mixed_Voice_Group,1,0,0,0,1,0,1,clear_mix,100010,positive_mix,
Chinese#ZH-Alto-1#Mixed_Voice_and_Falsetto#可惜没如果#Mixed_Voice_Group#0001,D:\-MindEcho-main\ml_dl_models\gtsinger_multitech\dataset\raw\Chinese\ZH-Alto-1\Mixed_Voice_and_Falsetto\可惜没如果\Mixed_Voice_Group\0001.wav,Chinese/ZH-Alto-1/Mixed_Voice_and_Falsetto/可惜没如果/Mixed_Voice_Group/0001.wav,Chinese,ZH-Alto-1,可惜没如果,Mixed_Voice_Group,1,0,0,0,1,0,1,clear_mix,100010,positive_mix,
Chinese#ZH-Alto-1#Mixed_Voice_and_Falsetto#可惜没如果#Mixed_Voice_Group#0003,D:\-MindEcho-main\ml_dl_models\gtsinger_multitech\dataset\raw\Chinese\ZH-Alto-1\Mixed_Voice_and_Falsetto\可惜没如果\Mixed_Voice_Group\0003.wav,Chinese/ZH-Alto-1/Mixed_Voice_and_Falsetto/可惜没如果/Mixed_Voice_Group/0003.wav,Chinese,ZH-Alto-1,可惜没如果,Mixed_Voice_Group,1,0,0,0,1,0,1,clear_mix,100010,positive_mix,
Chinese#ZH-Alto-1#Mixed_Voice_and_Falsetto#可惜没如果#Mixed_Voice_Group#0004,D:\-MindEcho-main\ml_dl_models\gtsinger_multitech\dataset\raw\Chinese\ZH-Alto-1\Mixed_Voice_and_Falsetto\可惜没如果\Mixed_Voice_Group\0004.wav,Chinese/ZH-Alto-1/Mixed_Voice_and_Falsetto/可惜没如果/Mixed_Voice_Group/0004.wav,Chinese,ZH-Alto-1,可惜没如果,Mixed_Voice_Group,1,0,0,0,1,0,1,clear_mix,100010,positive_mix,
Chinese#ZH-Alto-1#Mixed_Voice_and_Falsetto#可惜没如果#Mixed_Voice_Group#0005,D:\-MindEcho-main\ml_dl_models\gtsinger_multitech\dataset\raw\Chinese\ZH-Alto-1\Mixed_Voice_and_Falsetto\可惜没如果\Mixed_Voice_Group\0005.wav,Chinese/ZH-Alto-1/Mixed_Voice_and_Falsetto/可惜没如果/Mixed_Voice_Group/0005.wav,Chinese,ZH-Alto-1,可惜没如果,Mixed_Voice_Group,1,0,0,0,1,0,1,clear_mix,100010,positive_mix,
Chinese#ZH-Alto-1#Mixed_Voice_and_Falsetto#可惜没如果#Mixed_Voice_Group#0006,D:\-MindEcho-main\ml_dl_models\gtsinger_multitech\dataset\raw\Chinese\ZH-Alto-1\Mixed_Voice_and_Falsetto\可惜没如果\Mixed_Voice_Group\0006.wav,Chinese/ZH-Alto-1/Mixed_Voice_and_Falsetto/可惜没如果/Mixed_Voice_Group/0006.wav,Chinese,ZH-Alto-1,可惜没如果,Mixed_Voice_Group,1,1,0,0,1,0,1,head_mix,110010,positive_mix,
Chinese#ZH-Alto-1#Mixed_Voice_and_Falsetto#可惜没如果#Mixed_Voice_Group#0007,D:\-MindEcho-main\ml_dl_models\gtsinger_multitech\dataset\raw\Chinese\ZH-Alto-1\Mixed_Voice_and_Falsetto\可惜没如果\Mixed_Voice_Group\0007.wav,Chinese/ZH-Alto-1/Mixed_Voice_and_Falsetto/可惜没如果/Mixed_Voice_Group/0007.wav,Chinese,ZH-Alto-1,可惜没如果,Mixed_Voice_Group,1,0,0,0,1,0,1,clear_mix,100010,positive_mix,
Chinese#ZH-Alto-1#Mixed_Voice_and_Falsetto#可惜没如果#Mixed_Voice_Group#0008,D:\-MindEcho-main\ml_dl_models\gtsinger_multitech\dataset\raw\Chinese\ZH-Alto-1\Mixed_Voice_and_Falsetto\可惜没如果\Mixed_Voice_Group\0008.wav,Chinese/ZH-Alto-1/Mixed_Voice_and_Falsetto/可惜没如果/Mixed_Voice_Group/0008.wav,Chinese,ZH-Alto-1,可惜没如果,Mixed_Voice_Group,1,0,0,0,1,0,1,clear_mix,100010,positive_mix,
Chinese#ZH-Alto-1#Mixed_Voice_and_Falsetto#可惜没如果#Mixed_Voice_Group#0009,D:\-MindEcho-main\ml_dl_models\gtsinger_multitech\dataset\raw\Chinese\ZH-Alto-1\Mixed_Voice_and_Falsetto\可惜没如果\Mixed_Voice_Group\0009.wav,Chinese/ZH-Alto-1/Mixed_Voice_and_Falsetto/可惜没如果/Mixed_Voice_Group/0009.wav,Chinese,ZH-Alto-1,可惜没如果,Mixed_Voice_Group,1,0,0,0,1,0,1,clear_mix,100010,positive_mix,
Chinese#ZH-Alto-1#Mixed_Voice_and_Falsetto#可惜没如果#Mixed_Voice_Group#0012,D:\-MindEcho-main\ml_dl_models\gtsinger_multitech\dataset\raw\Chinese\ZH-Alto-1\Mixed_Voice_and_Falsetto\可惜没如果\Mixed_Voice_Group\0012.wav,Chinese/ZH-Alto-1/Mixed_Voice_and_Falsetto/可惜没如果/Mixed_Voice_Group/0012.wav,Chinese,ZH-Alto-1,可惜没如果,Mixed_Voice_Group,1,0,0,0,1,0,1,clear_mix,100010,positive_mix,
Chinese#ZH-Alto-1#Mixed_Voice_and_Falsetto#可惜没如果#Mixed_Voice_Group#0013,D:\-MindEcho-main\ml_dl_models\gtsinger_multitech\dataset\raw\Chinese\ZH-Alto-1\Mixed_Voice_and_Falsetto\可惜没如果\Mixed_Voice_Group\0013.wav,Chinese/ZH-Alto-1/Mixed_Voice_and_Falsetto/可惜没如果/Mixed_Voice_Group/0013.wav,Chinese,ZH-Alto-1,可惜没如果,Mixed_Voice_Group,1,0,0,0,1,0,1,clear_mix,100010,positive_mix,
Chinese#ZH-Alto-1#Mixed_Voice_and_Falsetto#可惜没如果#Mixed_Voice_Group#0015,D:\-MindEcho-main\ml_dl_models\gtsinger_multitech\dataset\raw\Chinese\ZH-Alto-1\Mixed_Voice_and_Falsetto\可惜没如果\Mixed_Voice_Group\0015.wav,Chinese/ZH-Alto-1/Mixed_Voice_and_Falsetto/可惜没如果/Mixed_Voice_Group/0015.wav,Chinese,ZH-Alto-1,可惜没如果,Mixed_Voice_Group,1,0,0,0,1,0,1,clear_mix,100010,positive_mix,
Chinese#ZH-Alto-1#Mixed_Voice_and_Falsetto#可惜没如果#Mixed_Voice_Group#0016,D:\-MindEcho-main\ml_dl_models\gtsinger_multitech\dataset\raw\Chinese\ZH-Alto-1\Mixed_Voice_and_Falsetto\可惜没如果\Mixed_Voice_Group\0016.wav,Chinese/ZH-Alto-1/Mixed_Voice_and_Falsetto/可惜没如果/Mixed_Voice_Group/0016.wav,Chinese,ZH-Alto-1,可惜没如果,Mixed_Voice_Group,1,1,0,0,1,0,1,head_mix,110010,positive_mix,
Chinese#ZH-Alto-1#Mixed_Voice_and_Falsetto#可惜没如果#Mixed_Voice_Group#0018,D:\-MindEcho-main\ml_dl_models\gtsinger_multitech\dataset\raw\Chinese\ZH-Alto-1\Mixed_Voice_and_Falsetto\可惜没如果\Mixed_Voice_Group\0018.wav,Chinese/ZH-Alto-1/Mixed_Voice_and_Falsetto/可惜没如果/Mixed_Voice_Group/0018.wav,Chinese,ZH-Alto-1,可惜没如果,Mixed_Voice_Group,1,1,0,0,1,0,1,head_mix,110010,positive_mix,
Chinese#ZH-Alto-1#Mixed_Voice_and_Falsetto#可惜没如果#Mixed_Voice_Group#0019,D:\-MindEcho-main\ml_dl_models\gtsinger_multitech\dataset\raw\Chinese\ZH-Alto-1\Mixed_Voice_and_Falsetto\可惜没如果\Mixed_Voice_Group\0019.wav,Chinese/ZH-Alto-1/Mixed_Voice_and_Falsetto/可惜没如果/Mixed_Voice_Group/0019.wav,Chinese,ZH-Alto-1,可惜没如果,Mixed_Voice_Group,1,0,0,0,1,0,1,clear_mix,100010,positive_mix,
Chinese#ZH-Alto-1#Mixed_Voice_and_Falsetto#可惜没如果#Mixed_Voice_Group#0020,D:\-MindEcho-main\ml_dl_models\gtsinger_multitech\dataset\raw\Chinese\ZH-Alto-1\Mixed_Voice_and_Falsetto\可惜没如果\Mixed_Voice_Group\0020.wav,Chinese/ZH-Alto-1/Mixed_Voice_and_Falsetto/可惜没如果/Mixed_Voice_Group/0020.wav,Chinese,ZH-Alto-1,可惜没如果,Mixed_Voice_Group,1,0,0,0,1,0,1,clear_mix,100010,positive_mix,
Chinese#ZH-Alto-1#Mixed_Voice_and_Falsetto#可惜没如果#Mixed_Voice_Group#0022,D:\-MindEcho-main\ml_dl_models\gtsinger_multitech\dataset\raw\Chinese\ZH-Alto-1\Mixed_Voice_and_Falsetto\可惜没如果\Mixed_Voice_Group\0022.wav,Chinese/ZH-Alto-1/Mixed_Voice_and_Falsetto/可惜没如果/Mixed_Voice_Group/0022.wav,Chinese,ZH-Alto-1,可惜没如果,Mixed_Voice_Group,1,0,0,0,1,0,1,clear_mix,100010,positive_mix,
Chinese#ZH-Alto-1#Mixed_Voice_and_Falsetto#可惜没如果#Mixed_Voice_Group#0024,D:\-MindEcho-main\ml_dl_models\gtsinger_multitech\dataset\raw\Chinese\ZH-Alto-1\Mixed_Voice_and_Falsetto\可惜没如果\Mixed_Voice_Group\0024.wav,Chinese/ZH-Alto-1/Mixed_Voice_and_Falsetto/可惜没如果/Mixed_Voice_Group/0024.wav,Chinese,ZH-Alto-1,可惜没如果,Mixed_Voice_Group,1,1,0,0,1,0,1,head_mix,110010,positive_mix,
Chinese#ZH-Alto-1#Mixed_Voice_and_Falsetto#可惜没如果#Mixed_Voice_Group#0025,D:\-MindEcho-main\ml_dl_models\gtsinger_multitech\dataset\raw\Chinese\ZH-Alto-1\Mixed_Voice_and_Falsetto\可惜没如果\Mixed_Voice_Group\0025.wav,Chinese/ZH-Alto-1/Mixed_Voice_and_Falsetto/可惜没如果/Mixed_Voice_Group/0025.wav,Chinese,ZH-Alto-1,可惜没如果,Mixed_Voice_Group,1,1,0,0,1,0,1,head_mix,110010,positive_mix,
Chinese#ZH-Alto-1#Mixed_Voice_and_Falsetto#可惜没如果#Mixed_Voice_Group#0028,D:\-MindEcho-main\ml_dl_models\gtsinger_multitech\dataset\raw\Chinese\ZH-Alto-1\Mixed_Voice_and_Falsetto\可惜没如果\Mixed_Voice_Group\0028.wav,Chinese/ZH-Alto-1/Mixed_Voice_and_Falsetto/可惜没如果/Mixed_Voice_Group/0028.wav,Chinese,ZH-Alto-1,可惜没如果,Mixed_Voice_Group,1,1,0,0,1,0,1,head_mix,110010,positive_mix,
Chinese#ZH-Alto-1#Mixed_Voice_and_Falsetto#可惜没如果#Mixed_Voice_Group#0029,D:\-MindEcho-main\ml_dl_models\gtsinger_multitech\dataset\raw\Chinese\ZH-Alto-1\Mixed_Voice_and_Falsetto\可惜没如果\Mixed_Voice_Group\0029.wav,Chinese/ZH-Alto-1/Mixed_Voice_and_Falsetto/可惜没如果/Mixed_Voice_Group/0029.wav,Chinese,ZH-Alto-1,可惜没如果,Mixed_Voice_Group,1,1,0,0,1,0,1,head_mix,110010,positive_mix,
Chinese#ZH-Alto-1#Mixed_Voice_and_Falsetto#可惜没如果#Mixed_Voice_Group#0030,D:\-MindEcho-main\ml_dl_models\gtsinger_multitech\dataset\raw\Chinese\ZH-Alto-1\Mixed_Voice_and_Falsetto\可惜没如果\Mixed_Voice_Group\0030.wav,Chinese/ZH-Alto-1/Mixed_Voice_and_Falsetto/可惜没如果/Mixed_Voice_Group/0030.wav,Chinese,ZH-Alto-1,可惜没如果,Mixed_Voice_Group,1,0,0,0,1,0,1,clear_mix,100010,positive_mix,
Chinese#ZH-Alto-1#Mixed_Voice_and_Falsetto#后来#Mixed_Voice_Group#0000,D:\-MindEcho-main\ml_dl_models\gtsinger_multitech\dataset\raw\Chinese\ZH-Alto-1\Mixed_Voice_and_Falsetto\后来\Mixed_Voice_Group\0000.wav,Chinese/ZH-Alto-1/Mixed_Voice_and_Falsetto/后来/Mixed_Voice_Group/0000.wav,Chinese,ZH-Alto-1,后来,Mixed_Voice_Group,1,0,0,0,1,0,1,clear_mix,100010,positive_mix,
Chinese#ZH-Alto-1#Mixed_Voice_and_Falsetto#后来#Mixed_Voice_Group#0001,D:\-MindEcho-main\ml_dl_models\gtsinger_multitech\dataset\raw\Chinese\ZH-Alto-1\Mixed_Voice_and_Falsetto\后来\Mixed_Voice_Group\0001.wav,Chinese/ZH-Alto-1/Mixed_Voice_and_Falsetto/后来/Mixed_Voice_Group/0001.wav,Chinese,ZH-Alto-1,后来,Mixed_Voice_Group,1,0,0,0,1,0,1,clear_mix,100010,positive_mix,
Chinese#ZH-Alto-1#Mixed_Voice_and_Falsetto#后来#Mixed_Voice_Group#0002,D:\-MindEcho-main\ml_dl_models\gtsinger_multitech\dataset\raw\Chinese\ZH-Alto-1\Mixed_Voice_and_Falsetto\后来\Mixed_Voice_Group\0002.wav,Chinese/ZH-Alto-1/Mixed_Voice_and_Falsetto/后来/Mixed_Voice_Group/0002.wav,Chinese,ZH-Alto-1,后来,Mixed_Voice_Group,1,0,0,0,1,0,1,clear_mix,100010,positive_mix,
Chinese#ZH-Alto-1#Mixed_Voice_and_Falsetto#后来#Mixed_Voice_Group#0003,D:\-MindEcho-main\ml_dl_models\gtsinger_multitech\dataset\raw\Chinese\ZH-Alto-1\Mixed_Voice_and_Falsetto\后来\Mixed_Voice_Group\0003.wav,Chinese/ZH-Alto-1/Mixed_Voice_and_Falsetto/后来/Mixed_Voice_Group/0003.wav,Chinese,ZH-Alto-1,后来,Mixed_Voice_Group,1,0,0,0,0,0,1,clear_mix,100000,positive_mix,
Chinese#ZH-Alto-1#Mixed_Voice_and_Falsetto#后来#Mixed_Voice_Group#0004,D:\-MindEcho-main\ml_dl_models\gtsinger_multitech\dataset\raw\Chinese\ZH-Alto-1\Mixed_Voice_and_Falsetto\后来\Mixed_Voice_Group\0004.wav,Chinese/ZH-Alto-1/Mixed_Voice_and_Falsetto/后来/Mixed_Voice_Group/0004.wav,Chinese,ZH-Alto-1,后来,Mixed_Voice_Group,1,0,0,0,1,0,1,clear_mix,100010,positive_mix,
Chinese#ZH-Alto-1#Mixed_Voice_and_Falsetto#后来#Mixed_Voice_Group#0005,D:\-MindEcho-main\ml_dl_models\gtsinger_multitech\dataset\raw\Chinese\ZH-Alto-1\Mixed_Voice_and_Falsetto\后来\Mixed_Voice_Group\0005.wav,Chinese/ZH-Alto-1/Mixed_Voice_and_Falsetto/后来/Mixed_Voice_Group/0005.wav,Chinese,ZH-Alto-1,后来,Mixed_Voice_Group,1,0,0,0,1,0,1,clear_mix,100010,positive_mix,
Chinese#ZH-Alto-1#Mixed_Voice_and_Falsetto#后来#Mixed_Voice_Group#0006,D:\-MindEcho-main\ml_dl_models\gtsinger_multitech\dataset\raw\Chinese\ZH-Alto-1\Mixed_Voice_and_Falsetto\后来\Mixed_Voice_Group\0006.wav,Chinese/ZH-Alto-1/Mixed_Voice_and_Falsetto/后来/Mixed_Voice_Group/0006.wav,Chinese,ZH-Alto-1,后来,Mixed_Voice_Group,1,0,0,0,1,0,1,clear_mix,100010,positive_mix,
Chinese#ZH-Alto-1#Mixed_Voice_and_Falsetto#后来#Mixed_Voice_Group#0007,D:\-MindEcho-main\ml_dl_models\gtsinger_multitech\dataset\raw\Chinese\ZH-Alto-1\Mixed_Voice_and_Falsetto\后来\Mixed_Voice_Group\0007.wav,Chinese/ZH-Alto-1/Mixed_Voice_and_Falsetto/后来/Mixed_Voice_Group/0007.wav,Chinese,ZH-Alto-1,后来,Mixed_Voice_Group,1,0,0,0,1,0,1,clear_mix,100010,positive_mix,
Chinese#ZH-Alto-1#Mixed_Voice_and_Falsetto#后来#Mixed_Voice_Group#0008,D:\-MindEcho-main\ml_dl_models\gtsinger_multitech\dataset\raw\Chinese\ZH-Alto-1\Mixed_Voice_and_Falsetto\后来\Mixed_Voice_Group\0008.wav,Chinese/ZH-Alto-1/Mixed_Voice_and_Falsetto/后来/Mixed_Voice_Group/0008.wav,Chinese,ZH-Alto-1,后来,Mixed_Voice_Group,1,0,0,0,1,0,1,clear_mix,100010,positive_mix,
Chinese#ZH-Alto-1#Mixed_Voice_and_Falsetto#后来#Mixed_Voice_Group#0009,D:\-MindEcho-main\ml_dl_models\gtsinger_multitech\dataset\raw\Chinese\ZH-Alto-1\Mixed_Voice_and_Falsetto\后来\Mixed_Voice_Group\0009.wav,Chinese/ZH-Alto-1/Mixed_Voice_and_Falsetto/后来/Mixed_Voice_Group/0009.wav,Chinese,ZH-Alto-1,后来,Mixed_Voice_Group,1,0,0,0,1,0,1,clear_mix,100010,positive_mix,
Chinese#ZH-Alto-1#Mixed_Voice_and_Falsetto#后来#Mixed_Voice_Group#0010,D:\-MindEcho-main\ml_dl_models\gtsinger_multitech\dataset\raw\Chinese\ZH-Alto-1\Mixed_Voice_and_Falsetto\后来\Mixed_Voice_Group\0010.wav,Chinese/ZH-Alto-1/Mixed_Voice_and_Falsetto/后来/Mixed_Voice_Group/0010.wav,Chinese,ZH-Alto-1,后来,Mixed_Voice_Group,1,0,0,0,0,0,1,clear_mix,100000,positive_mix,
Chinese#ZH-Alto-1#Mixed_Voice_and_Falsetto#后来#Mixed_Voice_Group#0011,D:\-MindEcho-main\ml_dl_models\gtsinger_multitech\dataset\raw\Chinese\ZH-Alto-1\Mixed_Voice_and_Falsetto\后来\Mixed_Voice_Group\0011.wav,Chinese/ZH-Alto-1/Mixed_Voice_and_Falsetto/后来/Mixed_Voice_Group/0011.wav,Chinese,ZH-Alto-1,后来,Mixed_Voice_Group,1,0,0,0,1,0,1,clear_mix,100010,positive_mix,
Chinese#ZH-Alto-1#Mixed_Voice_and_Falsetto#后来#Mixed_Voice_Group#0012,D:\-MindEcho-main\ml_dl_models\gtsinger_multitech\dataset\raw\Chinese\ZH-Alto-1\Mixed_Voice_and_Falsetto\后来\Mixed_Voice_Group\0012.wav,Chinese/ZH-Alto-1/Mixed_Voice_and_Falsetto/后来/Mixed_Voice_Group/0012.wav,Chinese,ZH-Alto-1,后来,Mixed_Voice_Group,1,0,0,0,1,0,1,clear_mix,100010,positive_mix,
Chinese#ZH-Alto-1#Mixed_Voice_and_Falsetto#后来#Mixed_Voice_Group#0014,D:\-MindEcho-main\ml_dl_models\gtsinger_multitech\dataset\raw\Chinese\ZH-Alto-1\Mixed_Voice_and_Falsetto\后来\Mixed_Voice_Group\0014.wav,Chinese/ZH-Alto-1/Mixed_Voice_and_Falsetto/后来/Mixed_Voice_Group/0014.wav,Chinese,ZH-Alto-1,后来,Mixed_Voice_Group,1,0,0,0,1,0,1,clear_mix,100010,positive_mix,
Chinese#ZH-Alto-1#Mixed_Voice_and_Falsetto#告白气球#Mixed_Voice_Group#0000,D:\-MindEcho-main\ml_dl_models\gtsinger_multitech\dataset\raw\Chinese\ZH-Alto-1\Mixed_Voice_and_Falsetto\告白气球\Mixed_Voice_Group\0000.wav,Chinese/ZH-Alto-1/Mixed_Voice_and_Falsetto/告白气球/Mixed_Voice_Group/0000.wav,Chinese,ZH-Alto-1,告白气球,Mixed_Voice_Group,1,0,0,0,1,0,1,clear_mix,100010,positive_mix,
Chinese#ZH-Alto-1#Mixed_Voice_and_Falsetto#告白气球#Mixed_Voice_Group#0001,D:\-MindEcho-main\ml_dl_models\gtsinger_multitech\dataset\raw\Chinese\ZH-Alto-1\Mixed_Voice_and_Falsetto\告白气球\Mixed_Voice_Group\0001.wav,Chinese/ZH-Alto-1/Mixed_Voice_and_Falsetto/告白气球/Mixed_Voice_Group/0001.wav,Chinese,ZH-Alto-1,告白气球,Mixed_Voice_Group,1,0,0,0,1,0,1,clear_mix,100010,positive_mix,
Chinese#ZH-Alto-1#Mixed_Voice_and_Falsetto#告白气球#Mixed_Voice_Group#0002,D:\-MindEcho-main\ml_dl_models\gtsinger_multitech\dataset\raw\Chinese\ZH-Alto-1\Mixed_Voice_and_Falsetto\告白气球\Mixed_Voice_Group\0002.wav,Chinese/ZH-Alto-1/Mixed_Voice_and_Falsetto/告白气球/Mixed_Voice_Group/0002.wav,Chinese,ZH-Alto-1,告白气球,Mixed_Voice_Group,1,0,0,0,1,0,1,clear_mix,100010,positive_mix,
Chinese#ZH-Alto-1#Mixed_Voice_and_Falsetto#告白气球#Mixed_Voice_Group#0004,D:\-MindEcho-main\ml_dl_models\gtsinger_multitech\dataset\raw\Chinese\ZH-Alto-1\Mixed_Voice_and_Falsetto\告白气球\Mixed_Voice_Group\0004.wav,Chinese/ZH-Alto-1/Mixed_Voice_and_Falsetto/告白气球/Mixed_Voice_Group/0004.wav,Chinese,ZH-Alto-1,告白气球,Mixed_Voice_Group,1,0,0,0,1,0,1,clear_mix,100010,positive_mix,
Chinese#ZH-Alto-1#Mixed_Voice_and_Falsetto#告白气球#Mixed_Voice_Group#0006,D:\-MindEcho-main\ml_dl_models\gtsinger_multitech\dataset\raw\Chinese\ZH-Alto-1\Mixed_Voice_and_Falsetto\告白气球\Mixed_Voice_Group\0006.wav,Chinese/ZH-Alto-1/Mixed_Voice_and_Falsetto/告白气球/Mixed_Voice_Group/0006.wav,Chinese,ZH-Alto-1,告白气球,Mixed_Voice_Group,1,0,0,0,1,0,1,clear_mix,100010,positive_mix,
Chinese#ZH-Alto-1#Mixed_Voice_and_Falsetto#告白气球#Mixed_Voice_Group#0007,D:\-MindEcho-main\ml_dl_models\gtsinger_multitech\dataset\raw\Chinese\ZH-Alto-1\Mixed_Voice_and_Falsetto\告白气球\Mixed_Voice_Group\0007.wav,Chinese/ZH-Alto-1/Mixed_Voice_and_Falsetto/告白气球/Mixed_Voice_Group/0007.wav,Chinese,ZH-Alto-1,告白气球,Mixed_Voice_Group,1,0,0,0,1,0,1,clear_mix,100010,positive_mix,
Chinese#ZH-Alto-1#Mixed_Voice_and_Falsetto#告白气球#Mixed_Voice_Group#0008,D:\-MindEcho-main\ml_dl_models\gtsinger_multitech\dataset\raw\Chinese\ZH-Alto-1\Mixed_Voice_and_Falsetto\告白气球\Mixed_Voice_Group\0008.wav,Chinese/ZH-Alto-1/Mixed_Voice_and_Falsetto/告白气球/Mixed_Voice_Group/0008.wav,Chinese,ZH-Alto-1,告白气球,Mixed_Voice_Group,1,0,0,0,0,0,1,clear_mix,100000,positive_mix,
Chinese#ZH-Alto-1#Mixed_Voice_and_Falsetto#告白气球#Mixed_Voice_Group#0009,D:\-MindEcho-main\ml_dl_models\gtsinger_multitech\dataset\raw\Chinese\ZH-Alto-1\Mixed_Voice_and_Falsetto\告白气球\Mixed_Voice_Group\0009.wav,Chinese/ZH-Alto-1/Mixed_Voice_and_Falsetto/告白气球/Mixed_Voice_Group/0009.wav,Chinese,ZH-Alto-1,告白气球,Mixed_Voice_Group,1,0,0,0,1,0,1,clear_mix,100010,positive_mix,
Chinese#ZH-Alto-1#Mixed_Voice_and_Falsetto#告白气球#Mixed_Voice_Group#0010,D:\-MindEcho-main\ml_dl_models\gtsinger_multitech\dataset\raw\Chinese\ZH-Alto-1\Mixed_Voice_and_Falsetto\告白气球\Mixed_Voice_Group\0010.wav,Chinese/ZH-Alto-1/Mixed_Voice_and_Falsetto/告白气球/Mixed_Voice_Group/0010.wav,Chinese,ZH-Alto-1,告白气球,Mixed_Voice_Group,1,0,0,0,1,0,1,clear_mix,100010,positive_mix,
Chinese#ZH-Alto-1#Mixed_Voice_and_Falsetto#告白气球#Mixed_Voice_Group#0011,D:\-MindEcho-main\ml_dl_models\gtsinger_multitech\dataset\raw\Chinese\ZH-Alto-1\Mixed_Voice_and_Falsetto\告白气球\Mixed_Voice_Group\0011.wav,Chinese/ZH-Alto-1/Mixed_Voice_and_Falsetto/告白气球/Mixed_Voice_Group/0011.wav,Chinese,ZH-Alto-1,告白气球,Mixed_Voice_Group,1,0,0,0,1,0,1,clear_mix,100010,positive_mix,
Chinese#ZH-Alto-1#Mixed_Voice_and_Falsetto#奇妙能力歌#Mixed_Voice_Group#0000,D:\-MindEcho-main\ml_dl_models\gtsinger_multitech\dataset\raw\Chinese\ZH-Alto-1\Mixed_Voice_and_Falsetto\奇妙能力歌\Mixed_Voice_Group\0000.wav,Chinese/ZH-Alto-1/Mixed_Voice_and_Falsetto/奇妙能力歌/Mixed_Voice_Group/0000.wav,Chinese,ZH-Alto-1,奇妙能力歌,Mixed_Voice_Group,1,0,0,0,1,0,1,clear_mix,100010,positive_mix,
Chinese#ZH-Alto-1#Mixed_Voice_and_Falsetto#奇妙能力歌#Mixed_Voice_Group#0001,D:\-MindEcho-main\ml_dl_models\gtsinger_multitech\dataset\raw\Chinese\ZH-Alto-1\Mixed_Voice_and_Falsetto\奇妙能力歌\Mixed_Voice_Group\0001.wav,Chinese/ZH-Alto-1/Mixed_Voice_and_Falsetto/奇妙能力歌/Mixed_Voice_Group/0001.wav,Chinese,ZH-Alto-1,奇妙能力歌,Mixed_Voice_Group,1,0,0,0,1,0,1,clear_mix,100010,positive_mix,
Chinese#ZH-Alto-1#Mixed_Voice_and_Falsetto#奇妙能力歌#Mixed_Voice_Group#0002,D:\-MindEcho-main\ml_dl_models\gtsinger_multitech\dataset\raw\Chinese\ZH-Alto-1\Mixed_Voice_and_Falsetto\奇妙能力歌\Mixed_Voice_Group\0002.wav,Chinese/ZH-Alto-1/Mixed_Voice_and_Falsetto/奇妙能力歌/Mixed_Voice_Group/0002.wav,Chinese,ZH-Alto-1,奇妙能力歌,Mixed_Voice_Group,1,0,0,0,1,0,1,clear_mix,100010,positive_mix,
Chinese#ZH-Alto-1#Mixed_Voice_and_Falsetto#奇妙能力歌#Mixed_Voice_Group#0003,D:\-MindEcho-main\ml_dl_models\gtsinger_multitech\dataset\raw\Chinese\ZH-Alto-1\Mixed_Voice_and_Falsetto\奇妙能力歌\Mixed_Voice_Group\0003.wav,Chinese/ZH-Alto-1/Mixed_Voice_and_Falsetto/奇妙能力歌/Mixed_Voice_Group/0003.wav,Chinese,ZH-Alto-1,奇妙能力歌,Mixed_Voice_Group,1,0,0,0,1,0,1,clear_mix,100010,positive_mix,
Chinese#ZH-Alto-1#Mixed_Voice_and_Falsetto#岁月神偷#Mixed_Voice_Group#0000,D:\-MindEcho-main\ml_dl_models\gtsinger_multitech\dataset\raw\Chinese\ZH-Alto-1\Mixed_Voice_and_Falsetto\岁月神偷\Mixed_Voice_Group\0000.wav,Chinese/ZH-Alto-1/Mixed_Voice_and_Falsetto/岁月神偷/Mixed_Voice_Group/0000.wav,Chinese,ZH-Alto-1,岁月神偷,Mixed_Voice_Group,1,0,0,0,1,0,1,clear_mix,100010,positive_mix,
Chinese#ZH-Alto-1#Mixed_Voice_and_Falsetto#岁月神偷#Mixed_Voice_Group#0001,D:\-MindEcho-main\ml_dl_models\gtsinger_multitech\dataset\raw\Chinese\ZH-Alto-1\Mixed_Voice_and_Falsetto\岁月神偷\Mixed_Voice_Group\0001.wav,Chinese/ZH-Alto-1/Mixed_Voice_and_Falsetto/岁月神偷/Mixed_Voice_Group/0001.wav,Chinese,ZH-Alto-1,岁月神偷,Mixed_Voice_Group,1,0,0,0,1,0,1,clear_mix,100010,positive_mix,
Chinese#ZH-Alto-1#Mixed_Voice_and_Falsetto#岁月神偷#Mixed_Voice_Group#0002,D:\-MindEcho-main\ml_dl_models\gtsinger_multitech\dataset\raw\Chinese\ZH-Alto-1\Mixed_Voice_and_Falsetto\岁月神偷\Mixed_Voice_Group\0002.wav,Chinese/ZH-Alto-1/Mixed_Voice_and_Falsetto/岁月神偷/Mixed_Voice_Group/0002.wav,Chinese,ZH-Alto-1,岁月神偷,Mixed_Voice_Group,1,0,0,0,1,0,1,clear_mix,100010,positive_mix,
Chinese#ZH-Alto-1#Mixed_Voice_and_Falsetto#岁月神偷#Mixed_Voice_Group#0003,D:\-MindEcho-main\ml_dl_models\gtsinger_multitech\dataset\raw\Chinese\ZH-Alto-1\Mixed_Voice_and_Falsetto\岁月神偷\Mixed_Voice_Group\0003.wav,Chinese/ZH-Alto-1/Mixed_Voice_and_Falsetto/岁月神偷/Mixed_Voice_Group/0003.wav,Chinese,ZH-Alto-1,岁月神偷,Mixed_Voice_Group,1,0,0,0,1,0,1,clear_mix,100010,positive_mix,
Chinese#ZH-Alto-1#Mixed_Voice_and_Falsetto#平凡之路#Mixed_Voice_Group#0000,D:\-MindEcho-main\ml_dl_models\gtsinger_multitech\dataset\raw\Chinese\ZH-Alto-1\Mixed_Voice_and_Falsetto\平凡之路\Mixed_Voice_Group\0000.wav,Chinese/ZH-Alto-1/Mixed_Voice_and_Falsetto/平凡之路/Mixed_Voice_Group/0000.wav,Chinese,ZH-Alto-1,平凡之路,Mixed_Voice_Group,1,0,0,0,1,0,1,clear_mix,100010,positive_mix,
Chinese#ZH-Alto-1#Mixed_Voice_and_Falsetto#平凡之路#Mixed_Voice_Group#0001,D:\-MindEcho-main\ml_dl_models\gtsinger_multitech\dataset\raw\Chinese\ZH-Alto-1\Mixed_Voice_and_Falsetto\平凡之路\Mixed_Voice_Group\0001.wav,Chinese/ZH-Alto-1/Mixed_Voice_and_Falsetto/平凡之路/Mixed_Voice_Group/0001.wav,Chinese,ZH-Alto-1,平凡之路,Mixed_Voice_Group,1,0,0,0,1,0,1,clear_mix,100010,positive_mix,
Chinese#ZH-Alto-1#Mixed_Voice_and_Falsetto#平凡之路#Mixed_Voice_Group#0002,D:\-MindEcho-main\ml_dl_models\gtsinger_multitech\dataset\raw\Chinese\ZH-Alto-1\Mixed_Voice_and_Falsetto\平凡之路\Mixed_Voice_Group\0002.wav,Chinese/ZH-Alto-1/Mixed_Voice_and_Falsetto/平凡之路/Mixed_Voice_Group/0002.wav,Chinese,ZH-Alto-1,平凡之路,Mixed_Voice_Group,1,0,0,0,1,0,1,clear_mix,100010,positive_mix,
Chinese#ZH-Alto-1#Mixed_Voice_and_Falsetto#平凡之路#Mixed_Voice_Group#0003,D:\-MindEcho-main\ml_dl_models\gtsinger_multitech\dataset\raw\Chinese\ZH-Alto-1\Mixed_Voice_and_Falsetto\平凡之路\Mixed_Voice_Group\0003.wav,Chinese/ZH-Alto-1/Mixed_Voice_and_Falsetto/平凡之路/Mixed_Voice_Group/0003.wav,Chinese,ZH-Alto-1,平凡之路,Mixed_Voice_Group,1,0,0,0,1,0,1,clear_mix,100010,positive_mix,
Chinese#ZH-Alto-1#Mixed_Voice_and_Falsetto#平凡之路#Mixed_Voice_Group#0006,D:\-MindEcho-main\ml_dl_models\gtsinger_multitech\dataset\raw\Chinese\ZH-Alto-1\Mixed_Voice_and_Falsetto\平凡之路\Mixed_Voice_Group\0006.wav,Chinese/ZH-Alto-1/Mixed_Voice_and_Falsetto/平凡之路/Mixed_Voice_Group/0006.wav,Chinese,ZH-Alto-1,平凡之路,Mixed_Voice_Group,1,0,0,0,1,0,1,clear_mix,100010,positive_mix,
Chinese#ZH-Alto-1#Mixed_Voice_and_Falsetto#平凡之路#Mixed_Voice_Group#0007,D:\-MindEcho-main\ml_dl_models\gtsinger_multitech\dataset\raw\Chinese\ZH-Alto-1\Mixed_Voice_and_Falsetto\平凡之路\Mixed_Voice_Group\0007.wav,Chinese/ZH-Alto-1/Mixed_Voice_and_Falsetto/平凡之路/Mixed_Voice_Group/0007.wav,Chinese,ZH-Alto-1,平凡之路,Mixed_Voice_Group,1,0,0,1,1,0,1,clear_mix,100110,positive_mix,
Chinese#ZH-Alto-1#Mixed_Voice_and_Falsetto#平凡之路#Mixed_Voice_Group#0008,D:\-MindEcho-main\ml_dl_models\gtsinger_multitech\dataset\raw\Chinese\ZH-Alto-1\Mixed_Voice_and_Falsetto\平凡之路\Mixed_Voice_Group\0008.wav,Chinese/ZH-Alto-1/Mixed_Voice_and_Falsetto/平凡之路/Mixed_Voice_Group/0008.wav,Chinese,ZH-Alto-1,平凡之路,Mixed_Voice_Group,1,0,0,1,1,0,1,clear_mix,100110,positive_mix,
Chinese#ZH-Alto-1#Mixed_Voice_and_Falsetto#平凡的一天#Mixed_Voice_Group#0000,D:\-MindEcho-main\ml_dl_models\gtsinger_multitech\dataset\raw\Chinese\ZH-Alto-1\Mixed_Voice_and_Falsetto\平凡的一天\Mixed_Voice_Group\0000.wav,Chinese/ZH-Alto-1/Mixed_Voice_and_Falsetto/平凡的一天/Mixed_Voice_Group/0000.wav,Chinese,ZH-Alto-1,平凡的一天,Mixed_Voice_Group,1,0,0,0,1,0,1,clear_mix,100010,positive_mix,
Chinese#ZH-Alto-1#Mixed_Voice_and_Falsetto#平凡的一天#Mixed_Voice_Group#0001,D:\-MindEcho-main\ml_dl_models\gtsinger_multitech\dataset\raw\Chinese\ZH-Alto-1\Mixed_Voice_and_Falsetto\平凡的一天\Mixed_Voice_Group\0001.wav,Chinese/ZH-Alto-1/Mixed_Voice_and_Falsetto/平凡的一天/Mixed_Voice_Group/0001.wav,Chinese,ZH-Alto-1,平凡的一天,Mixed_Voice_Group,1,0,0,0,1,0,1,clear_mix,100010,positive_mix,
Chinese#ZH-Alto-1#Mixed_Voice_and_Falsetto#平凡的一天#Mixed_Voice_Group#0002,D:\-MindEcho-main\ml_dl_models\gtsinger_multitech\dataset\raw\Chinese\ZH-Alto-1\Mixed_Voice_and_Falsetto\平凡的一天\Mixed_Voice_Group\0002.wav,Chinese/ZH-Alto-1/Mixed_Voice_and_Falsetto/平凡的一天/Mixed_Voice_Group/0002.wav,Chinese,ZH-Alto-1,平凡的一天,Mixed_Voice_Group,1,0,0,0,0,0,1,clear_mix,100000,positive_mix,
Chinese#ZH-Alto-1#Mixed_Voice_and_Falsetto#平凡的一天#Mixed_Voice_Group#0003,D:\-MindEcho-main\ml_dl_models\gtsinger_multitech\dataset\raw\Chinese\ZH-Alto-1\Mixed_Voice_and_Falsetto\平凡的一天\Mixed_Voice_Group\0003.wav,Chinese/ZH-Alto-1/Mixed_Voice_and_Falsetto/平凡的一天/Mixed_Voice_Group/0003.wav,Chinese,ZH-Alto-1,平凡的一天,Mixed_Voice_Group,1,0,0,0,1,0,1,clear_mix,100010,positive_mix,
Chinese#ZH-Alto-1#Mixed_Voice_and_Falsetto#平凡的一天#Mixed_Voice_Group#0006,D:\-MindEcho-main\ml_dl_models\gtsinger_multitech\dataset\raw\Chinese\ZH-Alto-1\Mixed_Voice_and_Falsetto\平凡的一天\Mixed_Voice_Group\0006.wav,Chinese/ZH-Alto-1/Mixed_Voice_and_Falsetto/平凡的一天/Mixed_Voice_Group/0006.wav,Chinese,ZH-Alto-1,平凡的一天,Mixed_Voice_Group,1,0,0,0,1,0,1,clear_mix,100010,positive_mix,
Chinese#ZH-Alto-1#Mixed_Voice_and_Falsetto#平凡的一天#Mixed_Voice_Group#0007,D:\-MindEcho-main\ml_dl_models\gtsinger_multitech\dataset\raw\Chinese\ZH-Alto-1\Mixed_Voice_and_Falsetto\平凡的一天\Mixed_Voice_Group\0007.wav,Chinese/ZH-Alto-1/Mixed_Voice_and_Falsetto/平凡的一天/Mixed_Voice_Group/0007.wav,Chinese,ZH-Alto-1,平凡的一天,Mixed_Voice_Group,1,0,0,0,1,0,1,clear_mix,100010,positive_mix,
Chinese#ZH-Alto-1#Mixed_Voice_and_Falsetto#年轮#Mixed_Voice_Group#0000,D:\-MindEcho-main\ml_dl_models\gtsinger_multitech\dataset\raw\Chinese\ZH-Alto-1\Mixed_Voice_and_Falsetto\年轮\Mixed_Voice_Group\0000.wav,Chinese/ZH-Alto-1/Mixed_Voice_and_Falsetto/年轮/Mixed_Voice_Group/0000.wav,Chinese,ZH-Alto-1,年轮,Mixed_Voice_Group,1,0,0,0,1,0,1,clear_mix,100010,positive_mix,
Chinese#ZH-Alto-1#Mixed_Voice_and_Falsetto#年轮#Mixed_Voice_Group#0001,D:\-MindEcho-main\ml_dl_models\gtsinger_multitech\dataset\raw\Chinese\ZH-Alto-1\Mixed_Voice_and_Falsetto\年轮\Mixed_Voice_Group\0001.wav,Chinese/ZH-Alto-1/Mixed_Voice_and_Falsetto/年轮/Mixed_Voice_Group/0001.wav,Chinese,ZH-Alto-1,年轮,Mixed_Voice_Group,1,0,0,0,1,0,1,clear_mix,100010,positive_mix,
Chinese#ZH-Alto-1#Mixed_Voice_and_Falsetto#年轮#Mixed_Voice_Group#0002,D:\-MindEcho-main\ml_dl_models\gtsinger_multitech\dataset\raw\Chinese\ZH-Alto-1\Mixed_Voice_and_Falsetto\年轮\Mixed_Voice_Group\0002.wav,Chinese/ZH-Alto-1/Mixed_Voice_and_Falsetto/年轮/Mixed_Voice_Group/0002.wav,Chinese,ZH-Alto-1,年轮,Mixed_Voice_Group,1,0,0,1,1,0,1,clear_mix,100110,positive_mix,
Chinese#ZH-Alto-1#Mixed_Voice_and_Falsetto#忽然之间#Mixed_Voice_Group#0000,D:\-MindEcho-main\ml_dl_models\gtsinger_multitech\dataset\raw\Chinese\ZH-Alto-1\Mixed_Voice_and_Falsetto\忽然之间\Mixed_Voice_Group\0000.wav,Chinese/ZH-Alto-1/Mixed_Voice_and_Falsetto/忽然之间/Mixed_Voice_Group/0000.wav,Chinese,ZH-Alto-1,忽然之间,Mixed_Voice_Group,1,0,0,0,0,0,1,clear_mix,100000,positive_mix,
Chinese#ZH-Alto-1#Mixed_Voice_and_Falsetto#忽然之间#Mixed_Voice_Group#0001,D:\-MindEcho-main\ml_dl_models\gtsinger_multitech\dataset\raw\Chinese\ZH-Alto-1\Mixed_Voice_and_Falsetto\忽然之间\Mixed_Voice_Group\0001.wav,Chinese/ZH-Alto-1/Mixed_Voice_and_Falsetto/忽然之间/Mixed_Voice_Group/0001.wav,Chinese,ZH-Alto-1,忽然之间,Mixed_Voice_Group,1,0,0,0,1,0,1,clear_mix,100010,positive_mix,
Chinese#ZH-Alto-1#Mixed_Voice_and_Falsetto#忽然之间#Mixed_Voice_Group#0002,D:\-MindEcho-main\ml_dl_models\gtsinger_multitech\dataset\raw\Chinese\ZH-Alto-1\Mixed_Voice_and_Falsetto\忽然之间\Mixed_Voice_Group\0002.wav,Chinese/ZH-Alto-1/Mixed_Voice_and_Falsetto/忽然之间/Mixed_Voice_Group/0002.wav,Chinese,ZH-Alto-1,忽然之间,Mixed_Voice_Group,1,0,0,0,1,0,1,clear_mix,100010,positive_mix,
Chinese#ZH-Alto-1#Mixed_Voice_and_Falsetto#忽然之间#Mixed_Voice_Group#0003,D:\-MindEcho-main\ml_dl_models\gtsinger_multitech\dataset\raw\Chinese\ZH-Alto-1\Mixed_Voice_and_Falsetto\忽然之间\Mixed_Voice_Group\0003.wav,Chinese/ZH-Alto-1/Mixed_Voice_and_Falsetto/忽然之间/Mixed_Voice_Group/0003.wav,Chinese,ZH-Alto-1,忽然之间,Mixed_Voice_Group,1,0,0,0,0,0,1,clear_mix,100000,positive_mix,
Chinese#ZH-Alto-1#Mixed_Voice_and_Falsetto#忽然之间#Mixed_Voice_Group#0004,D:\-MindEcho-main\ml_dl_models\gtsinger_multitech\dataset\raw\Chinese\ZH-Alto-1\Mixed_Voice_and_Falsetto\忽然之间\Mixed_Voice_Group\0004.wav,Chinese/ZH-Alto-1/Mixed_Voice_and_Falsetto/忽然之间/Mixed_Voice_Group/0004.wav,Chinese,ZH-Alto-1,忽然之间,Mixed_Voice_Group,1,0,0,0,1,0,1,clear_mix,100010,positive_mix,
Chinese#ZH-Alto-1#Mixed_Voice_and_Falsetto#忽然之间#Mixed_Voice_Group#0006,D:\-MindEcho-main\ml_dl_models\gtsinger_multitech\dataset\raw\Chinese\ZH-Alto-1\Mixed_Voice_and_Falsetto\忽然之间\Mixed_Voice_Group\0006.wav,Chinese/ZH-Alto-1/Mixed_Voice_and_Falsetto/忽然之间/Mixed_Voice_Group/0006.wav,Chinese,ZH-Alto-1,忽然之间,Mixed_Voice_Group,1,0,0,0,1,0,1,clear_mix,100010,positive_mix,
Chinese#ZH-Alto-1#Mixed_Voice_and_Falsetto#我们的明天#Mixed_Voice_Group#0001,D:\-MindEcho-main\ml_dl_models\gtsinger_multitech\dataset\raw\Chinese\ZH-Alto-1\Mixed_Voice_and_Falsetto\我们的明天\Mixed_Voice_Group\0001.wav,Chinese/ZH-Alto-1/Mixed_Voice_and_Falsetto/我们的明天/Mixed_Voice_Group/0001.wav,Chinese,ZH-Alto-1,我们的明天,Mixed_Voice_Group,1,0,0,0,1,0,1,clear_mix,100010,positive_mix,
Chinese#ZH-Alto-1#Mixed_Voice_and_Falsetto#我们的明天#Mixed_Voice_Group#0002,D:\-MindEcho-main\ml_dl_models\gtsinger_multitech\dataset\raw\Chinese\ZH-Alto-1\Mixed_Voice_and_Falsetto\我们的明天\Mixed_Voice_Group\0002.wav,Chinese/ZH-Alto-1/Mixed_Voice_and_Falsetto/我们的明天/Mixed_Voice_Group/0002.wav,Chinese,ZH-Alto-1,我们的明天,Mixed_Voice_Group,1,0,0,0,1,0,1,clear_mix,100010,positive_mix,
Chinese#ZH-Alto-1#Mixed_Voice_and_Falsetto#我们的明天#Mixed_Voice_Group#0003,D:\-MindEcho-main\ml_dl_models\gtsinger_multitech\dataset\raw\Chinese\ZH-Alto-1\Mixed_Voice_and_Falsetto\我们的明天\Mixed_Voice_Group\0003.wav,Chinese/ZH-Alto-1/Mixed_Voice_and_Falsetto/我们的明天/Mixed_Voice_Group/0003.wav,Chinese,ZH-Alto-1,我们的明天,Mixed_Voice_Group,1,0,0,0,1,0,1,clear_mix,100010,positive_mix,
Chinese#ZH-Alto-1#Mixed_Voice_and_Falsetto#我们的明天#Mixed_Voice_Group#0004,D:\-MindEcho-main\ml_dl_models\gtsinger_multitech\dataset\raw\Chinese\ZH-Alto-1\Mixed_Voice_and_Falsetto\我们的明天\Mixed_Voice_Group\0004.wav,Chinese/ZH-Alto-1/Mixed_Voice_and_Falsetto/我们的明天/Mixed_Voice_Group/0004.wav,Chinese,ZH-Alto-1,我们的明天,Mixed_Voice_Group,1,0,0,0,1,0,1,clear_mix,100010,positive_mix,
Chinese#ZH-Alto-1#Mixed_Voice_and_Falsetto#我们的明天#Mixed_Voice_Group#0005,D:\-MindEcho-main\ml_dl_models\gtsinger_multitech\dataset\raw\Chinese\ZH-Alto-1\Mixed_Voice_and_Falsetto\我们的明天\Mixed_Voice_Group\0005.wav,Chinese/ZH-Alto-1/Mixed_Voice_and_Falsetto/我们的明天/Mixed_Voice_Group/0005.wav,Chinese,ZH-Alto-1,我们的明天,Mixed_Voice_Group,1,0,0,0,1,0,1,clear_mix,100010,positive_mix,
Chinese#ZH-Alto-1#Mixed_Voice_and_Falsetto#我们的明天#Mixed_Voice_Group#0007,D:\-MindEcho-main\ml_dl_models\gtsinger_multitech\dataset\raw\Chinese\ZH-Alto-1\Mixed_Voice_and_Falsetto\我们的明天\Mixed_Voice_Group\0007.wav,Chinese/ZH-Alto-1/Mixed_Voice_and_Falsetto/我们的明天/Mixed_Voice_Group/0007.wav,Chinese,ZH-Alto-1,我们的明天,Mixed_Voice_Group,1,0,0,0,1,0,1,clear_mix,100010,positive_mix,
Chinese#ZH-Alto-1#Mixed_Voice_and_Falsetto#我们的明天#Mixed_Voice_Group#0008,D:\-MindEcho-main\ml_dl_models\gtsinger_multitech\dataset\raw\Chinese\ZH-Alto-1\Mixed_Voice_and_Falsetto\我们的明天\Mixed_Voice_Group\0008.wav,Chinese/ZH-Alto-1/Mixed_Voice_and_Falsetto/我们的明天/Mixed_Voice_Group/0008.wav,Chinese,ZH-Alto-1,我们的明天,Mixed_Voice_Group,1,0,0,0,1,0,1,clear_mix,100010,positive_mix,
Chinese#ZH-Alto-1#Mixed_Voice_and_Falsetto#我们的明天#Mixed_Voice_Group#0010,D:\-MindEcho-main\ml_dl_models\gtsinger_multitech\dataset\raw\Chinese\ZH-Alto-1\Mixed_Voice_and_Falsetto\我们的明天\Mixed_Voice_Group\0010.wav,Chinese/ZH-Alto-1/Mixed_Voice_and_Falsetto/我们的明天/Mixed_Voice_Group/0010.wav,Chinese,ZH-Alto-1,我们的明天,Mixed_Voice_Group,1,0,0,0,1,0,1,clear_mix,100010,positive_mix,
Chinese#ZH-Alto-1#Mixed_Voice_and_Falsetto#我喜欢上你时的内心活动#Mixed_Voice_Group#0000,D:\-MindEcho-main\ml_dl_models\gtsinger_multitech\dataset\raw\Chinese\ZH-Alto-1\Mixed_Voice_and_Falsetto\我喜欢上你时的内心活动\Mixed_Voice_Group\0000.wav,Chinese/ZH-Alto-1/Mixed_Voice_and_Falsetto/我喜欢上你时的内心活动/Mixed_Voice_Group/0000.wav,Chinese,ZH-Alto-1,我喜欢上你时的内心活动,Mixed_Voice_Group,1,0,0,0,1,0,1,clear_mix,100010,positive_mix,
Chinese#ZH-Alto-1#Mixed_Voice_and_Falsetto#我喜欢上你时的内心活动#Mixed_Voice_Group#0001,D:\-MindEcho-main\ml_dl_models\gtsinger_multitech\dataset\raw\Chinese\ZH-Alto-1\Mixed_Voice_and_Falsetto\我喜欢上你时的内心活动\Mixed_Voice_Group\0001.wav,Chinese/ZH-Alto-1/Mixed_Voice_and_Falsetto/我喜欢上你时的内心活动/Mixed_Voice_Group/0001.wav,Chinese,ZH-Alto-1,我喜欢上你时的内心活动,Mixed_Voice_Group,1,0,0,0,1,0,1,clear_mix,100010,positive_mix,
Chinese#ZH-Alto-1#Mixed_Voice_and_Falsetto#我喜欢上你时的内心活动#Mixed_Voice_Group#0002,D:\-MindEcho-main\ml_dl_models\gtsinger_multitech\dataset\raw\Chinese\ZH-Alto-1\Mixed_Voice_and_Falsetto\我喜欢上你时的内心活动\Mixed_Voice_Group\0002.wav,Chinese/ZH-Alto-1/Mixed_Voice_and_Falsetto/我喜欢上你时的内心活动/Mixed_Voice_Group/0002.wav,Chinese,ZH-Alto-1,我喜欢上你时的内心活动,Mixed_Voice_Group,1,0,0,0,1,0,1,clear_mix,100010,positive_mix,
Chinese#ZH-Alto-1#Mixed_Voice_and_Falsetto#我喜欢上你时的内心活动#Mixed_Voice_Group#0003,D:\-MindEcho-main\ml_dl_models\gtsinger_multitech\dataset\raw\Chinese\ZH-Alto-1\Mixed_Voice_and_Falsetto\我喜欢上你时的内心活动\Mixed_Voice_Group\0003.wav,Chinese/ZH-Alto-1/Mixed_Voice_and_Falsetto/我喜欢上你时的内心活动/Mixed_Voice_Group/0003.wav,Chinese,ZH-Alto-1,我喜欢上你时的内心活动,Mixed_Voice_Group,1,0,0,0,1,0,1,clear_mix,100010,positive_mix,
Chinese#ZH-Alto-1#Mixed_Voice_and_Falsetto#我喜欢上你时的内心活动#Mixed_Voice_Group#0007,D:\-MindEcho-main\ml_dl_models\gtsinger_multitech\dataset\raw\Chinese\ZH-Alto-1\Mixed_Voice_and_Falsetto\我喜欢上你时的内心活动\Mixed_Voice_Group\0007.wav,Chinese/ZH-Alto-1/Mixed_Voice_and_Falsetto/我喜欢上你时的内心活动/Mixed_Voice_Group/0007.wav,Chinese,ZH-Alto-1,我喜欢上你时的内心活动,Mixed_Voice_Group,1,0,0,0,1,0,1,clear_mix,100010,positive_mix,
Chinese#ZH-Alto-1#Mixed_Voice_and_Falsetto#我喜欢上你时的内心活动#Mixed_Voice_Group#0008,D:\-MindEcho-main\ml_dl_models\gtsinger_multitech\dataset\raw\Chinese\ZH-Alto-1\Mixed_Voice_and_Falsetto\我喜欢上你时的内心活动\Mixed_Voice_Group\0008.wav,Chinese/ZH-Alto-1/Mixed_Voice_and_Falsetto/我喜欢上你时的内心活动/Mixed_Voice_Group/0008.wav,Chinese,ZH-Alto-1,我喜欢上你时的内心活动,Mixed_Voice_Group,1,0,0,0,1,0,1,clear_mix,100010,positive_mix,
Chinese#ZH-Alto-1#Mixed_Voice_and_Falsetto#我喜欢上你时的内心活动#Mixed_Voice_Group#0009,D:\-MindEcho-main\ml_dl_models\gtsinger_multitech\dataset\raw\Chinese\ZH-Alto-1\Mixed_Voice_and_Falsetto\我喜欢上你时的内心活动\Mixed_Voice_Group\0009.wav,Chinese/ZH-Alto-1/Mixed_Voice_and_Falsetto/我喜欢上你时的内心活动/Mixed_Voice_Group/0009.wav,Chinese,ZH-Alto-1,我喜欢上你时的内心活动,Mixed_Voice_Group,1,0,0,0,1,0,1,clear_mix,100010,positive_mix,
Chinese#ZH-Alto-1#Mixed_Voice_and_Falsetto#我喜欢上你时的内心活动#Mixed_Voice_Group#0010,D:\-MindEcho-main\ml_dl_models\gtsinger_multitech\dataset\raw\Chinese\ZH-Alto-1\Mixed_Voice_and_Falsetto\我喜欢上你时的内心活动\Mixed_Voice_Group\0010.wav,Chinese/ZH-Alto-1/Mixed_Voice_and_Falsetto/我喜欢上你时的内心活动/Mixed_Voice_Group/0010.wav,Chinese,ZH-Alto-1,我喜欢上你时的内心活动,Mixed_Voice_Group,1,0,0,0,1,0,1,clear_mix,100010,positive_mix,
Chinese#ZH-Alto-1#Mixed_Voice_and_Falsetto#我喜欢上你时的内心活动#Mixed_Voice_Group#0011,D:\-MindEcho-main\ml_dl_models\gtsinger_multitech\dataset\raw\Chinese\ZH-Alto-1\Mixed_Voice_and_Falsetto\我喜欢上你时的内心活动\Mixed_Voice_Group\0011.wav,Chinese/ZH-Alto-1/Mixed_Voice_and_Falsetto/我喜欢上你时的内心活动/Mixed_Voice_Group/0011.wav,Chinese,ZH-Alto-1,我喜欢上你时的内心活动,Mixed_Voice_Group,1,0,0,0,1,0,1,clear_mix,100010,positive_mix,
Chinese#ZH-Alto-1#Mixed_Voice_and_Falsetto#我喜欢上你时的内心活动#Mixed_Voice_Group#0012,D:\-MindEcho-main\ml_dl_models\gtsinger_multitech\dataset\raw\Chinese\ZH-Alto-1\Mixed_Voice_and_Falsetto\我喜欢上你时的内心活动\Mixed_Voice_Group\0012.wav,Chinese/ZH-Alto-1/Mixed_Voice_and_Falsetto/我喜欢上你时的内心活动/Mixed_Voice_Group/0012.wav,Chinese,ZH-Alto-1,我喜欢上你时的内心活动,Mixed_Voice_Group,1,0,0,0,1,0,1,clear_mix,100010,positive_mix,
Chinese#ZH-Alto-1#Mixed_Voice_and_Falsetto#我喜欢上你时的内心活动#Mixed_Voice_Group#0013,D:\-MindEcho-main\ml_dl_models\gtsinger_multitech\dataset\raw\Chinese\ZH-Alto-1\Mixed_Voice_and_Falsetto\我喜欢上你时的内心活动\Mixed_Voice_Group\0013.wav,Chinese/ZH-Alto-1/Mixed_Voice_and_Falsetto/我喜欢上你时的内心活动/Mixed_Voice_Group/0013.wav,Chinese,ZH-Alto-1,我喜欢上你时的内心活动,Mixed_Voice_Group,1,0,0,0,1,0,1,clear_mix,100010,positive_mix,
Chinese#ZH-Alto-1#Mixed_Voice_and_Falsetto#我喜欢上你时的内心活动#Mixed_Voice_Group#0014,D:\-MindEcho-main\ml_dl_models\gtsinger_multitech\dataset\raw\Chinese\ZH-Alto-1\Mixed_Voice_and_Falsetto\我喜欢上你时的内心活动\Mixed_Voice_Group\0014.wav,Chinese/ZH-Alto-1/Mixed_Voice_and_Falsetto/我喜欢上你时的内心活动/Mixed_Voice_Group/0014.wav,Chinese,ZH-Alto-1,我喜欢上你时的内心活动,Mixed_Voice_Group,1,0,0,0,1,0,1,clear_mix,100010,positive_mix,
Chinese#ZH-Alto-1#Mixed_Voice_and_Falsetto#我喜欢上你时的内心活动#Mixed_Voice_Group#0015,D:\-MindEcho-main\ml_dl_models\gtsinger_multitech\dataset\raw\Chinese\ZH-Alto-1\Mixed_Voice_and_Falsetto\我喜欢上你时的内心活动\Mixed_Voice_Group\0015.wav,Chinese/ZH-Alto-1/Mixed_Voice_and_Falsetto/我喜欢上你时的内心活动/Mixed_Voice_Group/0015.wav,Chinese,ZH-Alto-1,我喜欢上你时的内心活动,Mixed_Voice_Group,1,0,0,0,1,0,1,clear_mix,100010,positive_mix,
Chinese#ZH-Alto-1#Mixed_Voice_and_Falsetto#我喜欢上你时的内心活动#Mixed_Voice_Group#0016,D:\-MindEcho-main\ml_dl_models\gtsinger_multitech\dataset\raw\Chinese\ZH-Alto-1\Mixed_Voice_and_Falsetto\我喜欢上你时的内心活动\Mixed_Voice_Group\0016.wav,Chinese/ZH-Alto-1/Mixed_Voice_and_Falsetto/我喜欢上你时的内心活动/Mixed_Voice_Group/0016.wav,Chinese,ZH-Alto-1,我喜欢上你时的内心活动,Mixed_Voice_Group,1,0,0,0,1,0,1,clear_mix,100010,positive_mix,
Chinese#ZH-Alto-1#Mixed_Voice_and_Falsetto#我喜欢上你时的内心活动#Mixed_Voice_Group#0017,D:\-MindEcho-main\ml_dl_models\gtsinger_multitech\dataset\raw\Chinese\ZH-Alto-1\Mixed_Voice_and_Falsetto\我喜欢上你时的内心活动\Mixed_Voice_Group\0017.wav,Chinese/ZH-Alto-1/Mixed_Voice_and_Falsetto/我喜欢上你时的内心活动/Mixed_Voice_Group/0017.wav,Chinese,ZH-Alto-1,我喜欢上你时的内心活动,Mixed_Voice_Group,1,0,0,0,1,0,1,clear_mix,100010,positive_mix,
Chinese#ZH-Alto-1#Mixed_Voice_and_Falsetto#我的歌声里#Mixed_Voice_Group#0000,D:\-MindEcho-main\ml_dl_models\gtsinger_multitech\dataset\raw\Chinese\ZH-Alto-1\Mixed_Voice_and_Falsetto\我的歌声里\Mixed_Voice_Group\0000.wav,Chinese/ZH-Alto-1/Mixed_Voice_and_Falsetto/我的歌声里/Mixed_Voice_Group/0000.wav,Chinese,ZH-Alto-1,我的歌声里,Mixed_Voice_Group,1,0,0,0,1,0,1,clear_mix,100010,positive_mix,
Chinese#ZH-Alto-1#Mixed_Voice_and_Falsetto#我的歌声里#Mixed_Voice_Group#0001,D:\-MindEcho-main\ml_dl_models\gtsinger_multitech\dataset\raw\Chinese\ZH-Alto-1\Mixed_Voice_and_Falsetto\我的歌声里\Mixed_Voice_Group\0001.wav,Chinese/ZH-Alto-1/Mixed_Voice_and_Falsetto/我的歌声里/Mixed_Voice_Group/0001.wav,Chinese,ZH-Alto-1,我的歌声里,Mixed_Voice_Group,1,0,0,0,1,0,1,clear_mix,100010,positive_mix,
Chinese#ZH-Alto-1#Mixed_Voice_and_Falsetto#我的歌声里#Mixed_Voice_Group#0002,D:\-MindEcho-main\ml_dl_models\gtsinger_multitech\dataset\raw\Chinese\ZH-Alto-1\Mixed_Voice_and_Falsetto\我的歌声里\Mixed_Voice_Group\0002.wav,Chinese/ZH-Alto-1/Mixed_Voice_and_Falsetto/我的歌声里/Mixed_Voice_Group/0002.wav,Chinese,ZH-Alto-1,我的歌声里,Mixed_Voice_Group,1,0,0,0,1,0,1,clear_mix,100010,positive_mix,
Chinese#ZH-Alto-1#Mixed_Voice_and_Falsetto#我的歌声里#Mixed_Voice_Group#0005,D:\-MindEcho-main\ml_dl_models\gtsinger_multitech\dataset\raw\Chinese\ZH-Alto-1\Mixed_Voice_and_Falsetto\我的歌声里\Mixed_Voice_Group\0005.wav,Chinese/ZH-Alto-1/Mixed_Voice_and_Falsetto/我的歌声里/Mixed_Voice_Group/0005.wav,Chinese,ZH-Alto-1,我的歌声里,Mixed_Voice_Group,1,0,0,0,1,0,1,clear_mix,100010,positive_mix,
Chinese#ZH-Alto-1#Mixed_Voice_and_Falsetto#我的歌声里#Mixed_Voice_Group#0006,D:\-MindEcho-main\ml_dl_models\gtsinger_multitech\dataset\raw\Chinese\ZH-Alto-1\Mixed_Voice_and_Falsetto\我的歌声里\Mixed_Voice_Group\0006.wav,Chinese/ZH-Alto-1/Mixed_Voice_and_Falsetto/我的歌声里/Mixed_Voice_Group/0006.wav,Chinese,ZH-Alto-1,我的歌声里,Mixed_Voice_Group,1,0,0,0,1,0,1,clear_mix,100010,positive_mix,
Chinese#ZH-Alto-1#Mixed_Voice_and_Falsetto#我的歌声里#Mixed_Voice_Group#0007,D:\-MindEcho-main\ml_dl_models\gtsinger_multitech\dataset\raw\Chinese\ZH-Alto-1\Mixed_Voice_and_Falsetto\我的歌声里\Mixed_Voice_Group\0007.wav,Chinese/ZH-Alto-1/Mixed_Voice_and_Falsetto/我的歌声里/Mixed_Voice_Group/0007.wav,Chinese,ZH-Alto-1,我的歌声里,Mixed_Voice_Group,1,0,0,0,1,0,1,clear_mix,100010,positive_mix,
Chinese#ZH-Alto-1#Mixed_Voice_and_Falsetto#我的歌声里#Mixed_Voice_Group#0010,D:\-MindEcho-main\ml_dl_models\gtsinger_multitech\dataset\raw\Chinese\ZH-Alto-1\Mixed_Voice_and_Falsetto\我的歌声里\Mixed_Voice_Group\0010.wav,Chinese/ZH-Alto-1/Mixed_Voice_and_Falsetto/我的歌声里/Mixed_Voice_Group/0010.wav,Chinese,ZH-Alto-1,我的歌声里,Mixed_Voice_Group,1,0,0,0,1,0,1,clear_mix,100010,positive_mix,
Chinese#ZH-Alto-1#Mixed_Voice_and_Falsetto#我的歌声里#Mixed_Voice_Group#0012,D:\-MindEcho-main\ml_dl_models\gtsinger_multitech\dataset\raw\Chinese\ZH-Alto-1\Mixed_Voice_and_Falsetto\我的歌声里\Mixed_Voice_Group\0012.wav,Chinese/ZH-Alto-1/Mixed_Voice_and_Falsetto/我的歌声里/Mixed_Voice_Group/0012.wav,Chinese,ZH-Alto-1,我的歌声里,Mixed_Voice_Group,1,0,0,0,1,0,1,clear_mix,100010,positive_mix,
Chinese#ZH-Alto-1#Mixed_Voice_and_Falsetto#我的歌声里#Mixed_Voice_Group#0013,D:\-MindEcho-main\ml_dl_models\gtsinger_multitech\dataset\raw\Chinese\ZH-Alto-1\Mixed_Voice_and_Falsetto\我的歌声里\Mixed_Voice_Group\0013.wav,Chinese/ZH-Alto-1/Mixed_Voice_and_Falsetto/我的歌声里/Mixed_Voice_Group/0013.wav,Chinese,ZH-Alto-1,我的歌声里,Mixed_Voice_Group,1,0,0,0,1,0,1,clear_mix,100010,positive_mix,
Chinese#ZH-Alto-1#Mixed_Voice_and_Falsetto#我的歌声里#Mixed_Voice_Group#0014,D:\-MindEcho-main\ml_dl_models\gtsinger_multitech\dataset\raw\Chinese\ZH-Alto-1\Mixed_Voice_and_Falsetto\我的歌声里\Mixed_Voice_Group\0014.wav,Chinese/ZH-Alto-1/Mixed_Voice_and_Falsetto/我的歌声里/Mixed_Voice_Group/0014.wav,Chinese,ZH-Alto-1,我的歌声里,Mixed_Voice_Group,1,0,0,0,1,0,1,clear_mix,100010,positive_mix,
Chinese#ZH-Alto-1#Mixed_Voice_and_Falsetto#我的歌声里#Mixed_Voice_Group#0016,D:\-MindEcho-main\ml_dl_models\gtsinger_multitech\dataset\raw\Chinese\ZH-Alto-1\Mixed_Voice_and_Falsetto\我的歌声里\Mixed_Voice_Group\0016.wav,Chinese/ZH-Alto-1/Mixed_Voice_and_Falsetto/我的歌声里/Mixed_Voice_Group/0016.wav,Chinese,ZH-Alto-1,我的歌声里,Mixed_Voice_Group,1,0,0,0,1,0,1,clear_mix,100010,positive_mix,
Chinese#ZH-Alto-1#Mixed_Voice_and_Falsetto#我的歌声里#Mixed_Voice_Group#0017,D:\-MindEcho-main\ml_dl_models\gtsinger_multitech\dataset\raw\Chinese\ZH-Alto-1\Mixed_Voice_and_Falsetto\我的歌声里\Mixed_Voice_Group\0017.wav,Chinese/ZH-Alto-1/Mixed_Voice_and_Falsetto/我的歌声里/Mixed_Voice_Group/0017.wav,Chinese,ZH-Alto-1,我的歌声里,Mixed_Voice_Group,1,0,0,0,1,0,1,clear_mix,100010,positive_mix,
Chinese#ZH-Alto-1#Mixed_Voice_and_Falsetto#日不落#Mixed_Voice_Group#0000,D:\-MindEcho-main\ml_dl_models\gtsinger_multitech\dataset\raw\Chinese\ZH-Alto-1\Mixed_Voice_and_Falsetto\日不落\Mixed_Voice_Group\0000.wav,Chinese/ZH-Alto-1/Mixed_Voice_and_Falsetto/日不落/Mixed_Voice_Group/0000.wav,Chinese,ZH-Alto-1,日不落,Mixed_Voice_Group,1,0,0,0,1,0,1,clear_mix,100010,positive_mix,
Chinese#ZH-Alto-1#Mixed_Voice_and_Falsetto#日不落#Mixed_Voice_Group#0001,D:\-MindEcho-main\ml_dl_models\gtsinger_multitech\dataset\raw\Chinese\ZH-Alto-1\Mixed_Voice_and_Falsetto\日不落\Mixed_Voice_Group\0001.wav,Chinese/ZH-Alto-1/Mixed_Voice_and_Falsetto/日不落/Mixed_Voice_Group/0001.wav,Chinese,ZH-Alto-1,日不落,Mixed_Voice_Group,1,0,0,0,1,0,1,clear_mix,100010,positive_mix,
Chinese#ZH-Alto-1#Mixed_Voice_and_Falsetto#日不落#Mixed_Voice_Group#0003,D:\-MindEcho-main\ml_dl_models\gtsinger_multitech\dataset\raw\Chinese\ZH-Alto-1\Mixed_Voice_and_Falsetto\日不落\Mixed_Voice_Group\0003.wav,Chinese/ZH-Alto-1/Mixed_Voice_and_Falsetto/日不落/Mixed_Voice_Group/0003.wav,Chinese,ZH-Alto-1,日不落,Mixed_Voice_Group,1,0,0,0,1,0,1,clear_mix,100010,positive_mix,
Chinese#ZH-Alto-1#Mixed_Voice_and_Falsetto#时间煮雨#Mixed_Voice_Group#0000,D:\-MindEcho-main\ml_dl_models\gtsinger_multitech\dataset\raw\Chinese\ZH-Alto-1\Mixed_Voice_and_Falsetto\时间煮雨\Mixed_Voice_Group\0000.wav,Chinese/ZH-Alto-1/Mixed_Voice_and_Falsetto/时间煮雨/Mixed_Voice_Group/0000.wav,Chinese,ZH-Alto-1,时间煮雨,Mixed_Voice_Group,1,0,0,0,1,0,1,clear_mix,100010,positive_mix,
Chinese#ZH-Alto-1#Mixed_Voice_and_Falsetto#时间煮雨#Mixed_Voice_Group#0001,D:\-MindEcho-main\ml_dl_models\gtsinger_multitech\dataset\raw\Chinese\ZH-Alto-1\Mixed_Voice_and_Falsetto\时间煮雨\Mixed_Voice_Group\0001.wav,Chinese/ZH-Alto-1/Mixed_Voice_and_Falsetto/时间煮雨/Mixed_Voice_Group/0001.wav,Chinese,ZH-Alto-1,时间煮雨,Mixed_Voice_Group,1,0,0,0,1,0,1,clear_mix,100010,positive_mix,
Chinese#ZH-Alto-1#Mixed_Voice_and_Falsetto#时间煮雨#Mixed_Voice_Group#0002,D:\-MindEcho-main\ml_dl_models\gtsinger_multitech\dataset\raw\Chinese\ZH-Alto-1\Mixed_Voice_and_Falsetto\时间煮雨\Mixed_Voice_Group\0002.wav,Chinese/ZH-Alto-1/Mixed_Voice_and_Falsetto/时间煮雨/Mixed_Voice_Group/0002.wav,Chinese,ZH-Alto-1,时间煮雨,Mixed_Voice_Group,1,0,0,0,1,0,1,clear_mix,100010,positive_mix,
Chinese#ZH-Alto-1#Mixed_Voice_and_Falsetto#时间煮雨#Mixed_Voice_Group#0003,D:\-MindEcho-main\ml_dl_models\gtsinger_multitech\dataset\raw\Chinese\ZH-Alto-1\Mixed_Voice_and_Falsetto\时间煮雨\Mixed_Voice_Group\0003.wav,Chinese/ZH-Alto-1/Mixed_Voice_and_Falsetto/时间煮雨/Mixed_Voice_Group/0003.wav,Chinese,ZH-Alto-1,时间煮雨,Mixed_Voice_Group,1,0,0,0,1,0,1,clear_mix,100010,positive_mix,
Chinese#ZH-Alto-1#Mixed_Voice_and_Falsetto#时间煮雨#Mixed_Voice_Group#0004,D:\-MindEcho-main\ml_dl_models\gtsinger_multitech\dataset\raw\Chinese\ZH-Alto-1\Mixed_Voice_and_Falsetto\时间煮雨\Mixed_Voice_Group\0004.wav,Chinese/ZH-Alto-1/Mixed_Voice_and_Falsetto/时间煮雨/Mixed_Voice_Group/0004.wav,Chinese,ZH-Alto-1,时间煮雨,Mixed_Voice_Group,1,0,0,0,1,0,1,clear_mix,100010,positive_mix,
Chinese#ZH-Alto-1#Mixed_Voice_and_Falsetto#时间煮雨#Mixed_Voice_Group#0006,D:\-MindEcho-main\ml_dl_models\gtsinger_multitech\dataset\raw\Chinese\ZH-Alto-1\Mixed_Voice_and_Falsetto\时间煮雨\Mixed_Voice_Group\0006.wav,Chinese/ZH-Alto-1/Mixed_Voice_and_Falsetto/时间煮雨/Mixed_Voice_Group/0006.wav,Chinese,ZH-Alto-1,时间煮雨,Mixed_Voice_Group,1,0,0,0,1,0,1,clear_mix,100010,positive_mix,
Chinese#ZH-Alto-1#Mixed_Voice_and_Falsetto#时间煮雨#Mixed_Voice_Group#0007,D:\-MindEcho-main\ml_dl_models\gtsinger_multitech\dataset\raw\Chinese\ZH-Alto-1\Mixed_Voice_and_Falsetto\时间煮雨\Mixed_Voice_Group\0007.wav,Chinese/ZH-Alto-1/Mixed_Voice_and_Falsetto/时间煮雨/Mixed_Voice_Group/0007.wav,Chinese,ZH-Alto-1,时间煮雨,Mixed_Voice_Group,1,0,0,0,1,0,1,clear_mix,100010,positive_mix,
Chinese#ZH-Alto-1#Mixed_Voice_and_Falsetto#最长的电影#Mixed_Voice_Group#0000,D:\-MindEcho-main\ml_dl_models\gtsinger_multitech\dataset\raw\Chinese\ZH-Alto-1\Mixed_Voice_and_Falsetto\最长的电影\Mixed_Voice_Group\0000.wav,Chinese/ZH-Alto-1/Mixed_Voice_and_Falsetto/最长的电影/Mixed_Voice_Group/0000.wav,Chinese,ZH-Alto-1,最长的电影,Mixed_Voice_Group,1,0,0,0,1,0,1,clear_mix,100010,positive_mix,
Chinese#ZH-Alto-1#Mixed_Voice_and_Falsetto#最长的电影#Mixed_Voice_Group#0001,D:\-MindEcho-main\ml_dl_models\gtsinger_multitech\dataset\raw\Chinese\ZH-Alto-1\Mixed_Voice_and_Falsetto\最长的电影\Mixed_Voice_Group\0001.wav,Chinese/ZH-Alto-1/Mixed_Voice_and_Falsetto/最长的电影/Mixed_Voice_Group/0001.wav,Chinese,ZH-Alto-1,最长的电影,Mixed_Voice_Group,1,0,0,0,1,0,1,clear_mix,100010,positive_mix,
Chinese#ZH-Alto-1#Mixed_Voice_and_Falsetto#最长的电影#Mixed_Voice_Group#0002,D:\-MindEcho-main\ml_dl_models\gtsinger_multitech\dataset\raw\Chinese\ZH-Alto-1\Mixed_Voice_and_Falsetto\最长的电影\Mixed_Voice_Group\0002.wav,Chinese/ZH-Alto-1/Mixed_Voice_and_Falsetto/最长的电影/Mixed_Voice_Group/0002.wav,Chinese,ZH-Alto-1,最长的电影,Mixed_Voice_Group,1,0,0,0,1,0,1,clear_mix,100010,positive_mix,
Chinese#ZH-Alto-1#Mixed_Voice_and_Falsetto#最长的电影#Mixed_Voice_Group#0003,D:\-MindEcho-main\ml_dl_models\gtsinger_multitech\dataset\raw\Chinese\ZH-Alto-1\Mixed_Voice_and_Falsetto\最长的电影\Mixed_Voice_Group\0003.wav,Chinese/ZH-Alto-1/Mixed_Voice_and_Falsetto/最长的电影/Mixed_Voice_Group/0003.wav,Chinese,ZH-Alto-1,最长的电影,Mixed_Voice_Group,1,0,0,0,1,0,1,clear_mix,100010,positive_mix,
Chinese#ZH-Alto-1#Mixed_Voice_and_Falsetto#最长的电影#Mixed_Voice_Group#0004,D:\-MindEcho-main\ml_dl_models\gtsinger_multitech\dataset\raw\Chinese\ZH-Alto-1\Mixed_Voice_and_Falsetto\最长的电影\Mixed_Voice_Group\0004.wav,Chinese/ZH-Alto-1/Mixed_Voice_and_Falsetto/最长的电影/Mixed_Voice_Group/0004.wav,Chinese,ZH-Alto-1,最长的电影,Mixed_Voice_Group,1,0,0,0,1,0,1,clear_mix,100010,positive_mix,
Chinese#ZH-Alto-1#Mixed_Voice_and_Falsetto#最长的电影#Mixed_Voice_Group#0005,D:\-MindEcho-main\ml_dl_models\gtsinger_multitech\dataset\raw\Chinese\ZH-Alto-1\Mixed_Voice_and_Falsetto\最长的电影\Mixed_Voice_Group\0005.wav,Chinese/ZH-Alto-1/Mixed_Voice_and_Falsetto/最长的电影/Mixed_Voice_Group/0005.wav,Chinese,ZH-Alto-1,最长的电影,Mixed_Voice_Group,1,0,0,0,1,0,1,clear_mix,100010,positive_mix,
Chinese#ZH-Alto-1#Mixed_Voice_and_Falsetto#最长的电影#Mixed_Voice_Group#0006,D:\-MindEcho-main\ml_dl_models\gtsinger_multitech\dataset\raw\Chinese\ZH-Alto-1\Mixed_Voice_and_Falsetto\最长的电影\Mixed_Voice_Group\0006.wav,Chinese/ZH-Alto-1/Mixed_Voice_and_Falsetto/最长的电影/Mixed_Voice_Group/0006.wav,Chinese,ZH-Alto-1,最长的电影,Mixed_Voice_Group,1,0,0,0,1,0,1,clear_mix,100010,positive_mix,
Chinese#ZH-Alto-1#Mixed_Voice_and_Falsetto#最长的电影#Mixed_Voice_Group#0007,D:\-MindEcho-main\ml_dl_models\gtsinger_multitech\dataset\raw\Chinese\ZH-Alto-1\Mixed_Voice_and_Falsetto\最长的电影\Mixed_Voice_Group\0007.wav,Chinese/ZH-Alto-1/Mixed_Voice_and_Falsetto/最长的电影/Mixed_Voice_Group/0007.wav,Chinese,ZH-Alto-1,最长的电影,Mixed_Voice_Group,1,0,0,0,1,0,1,clear_mix,100010,positive_mix,
Chinese#ZH-Alto-1#Mixed_Voice_and_Falsetto#最长的电影#Mixed_Voice_Group#0008,D:\-MindEcho-main\ml_dl_models\gtsinger_multitech\dataset\raw\Chinese\ZH-Alto-1\Mixed_Voice_and_Falsetto\最长的电影\Mixed_Voice_Group\0008.wav,Chinese/ZH-Alto-1/Mixed_Voice_and_Falsetto/最长的电影/Mixed_Voice_Group/0008.wav,Chinese,ZH-Alto-1,最长的电影,Mixed_Voice_Group,1,0,0,0,1,0,1,clear_mix,100010,positive_mix,
Chinese#ZH-Alto-1#Mixed_Voice_and_Falsetto#最长的电影#Mixed_Voice_Group#0009,D:\-MindEcho-main\ml_dl_models\gtsinger_multitech\dataset\raw\Chinese\ZH-Alto-1\Mixed_Voice_and_Falsetto\最长的电影\Mixed_Voice_Group\0009.wav,Chinese/ZH-Alto-1/Mixed_Voice_and_Falsetto/最长的电影/Mixed_Voice_Group/0009.wav,Chinese,ZH-Alto-1,最长的电影,Mixed_Voice_Group,1,0,0,0,1,0,1,clear_mix,100010,positive_mix,
Chinese#ZH-Alto-1#Mixed_Voice_and_Falsetto#最长的电影#Mixed_Voice_Group#0010,D:\-MindEcho-main\ml_dl_models\gtsinger_multitech\dataset\raw\Chinese\ZH-Alto-1\Mixed_Voice_and_Falsetto\最长的电影\Mixed_Voice_Group\0010.wav,Chinese/ZH-Alto-1/Mixed_Voice_and_Falsetto/最长的电影/Mixed_Voice_Group/0010.wav,Chinese,ZH-Alto-1,最长的电影,Mixed_Voice_Group,1,0,0,0,1,0,1,clear_mix,100010,positive_mix,
Chinese#ZH-Alto-1#Mixed_Voice_and_Falsetto#桃花诺#Mixed_Voice_Group#0000,D:\-MindEcho-main\ml_dl_models\gtsinger_multitech\dataset\raw\Chinese\ZH-Alto-1\Mixed_Voice_and_Falsetto\桃花诺\Mixed_Voice_Group\0000.wav,Chinese/ZH-Alto-1/Mixed_Voice_and_Falsetto/桃花诺/Mixed_Voice_Group/0000.wav,Chinese,ZH-Alto-1,桃花诺,Mixed_Voice_Group,1,0,0,0,1,0,1,clear_mix,100010,positive_mix,
Chinese#ZH-Alto-1#Mixed_Voice_and_Falsetto#桃花诺#Mixed_Voice_Group#0002,D:\-MindEcho-main\ml_dl_models\gtsinger_multitech\dataset\raw\Chinese\ZH-Alto-1\Mixed_Voice_and_Falsetto\桃花诺\Mixed_Voice_Group\0002.wav,Chinese/ZH-Alto-1/Mixed_Voice_and_Falsetto/桃花诺/Mixed_Voice_Group/0002.wav,Chinese,ZH-Alto-1,桃花诺,Mixed_Voice_Group,1,0,0,0,1,0,1,clear_mix,100010,positive_mix,
Chinese#ZH-Alto-1#Mixed_Voice_and_Falsetto#桃花诺#Mixed_Voice_Group#0003,D:\-MindEcho-main\ml_dl_models\gtsinger_multitech\dataset\raw\Chinese\ZH-Alto-1\Mixed_Voice_and_Falsetto\桃花诺\Mixed_Voice_Group\0003.wav,Chinese/ZH-Alto-1/Mixed_Voice_and_Falsetto/桃花诺/Mixed_Voice_Group/0003.wav,Chinese,ZH-Alto-1,桃花诺,Mixed_Voice_Group,1,0,0,0,1,0,1,clear_mix,100010,positive_mix,
Chinese#ZH-Alto-1#Mixed_Voice_and_Falsetto#桃花诺#Mixed_Voice_Group#0004,D:\-MindEcho-main\ml_dl_models\gtsinger_multitech\dataset\raw\Chinese\ZH-Alto-1\Mixed_Voice_and_Falsetto\桃花诺\Mixed_Voice_Group\0004.wav,Chinese/ZH-Alto-1/Mixed_Voice_and_Falsetto/桃花诺/Mixed_Voice_Group/0004.wav,Chinese,ZH-Alto-1,桃花诺,Mixed_Voice_Group,1,0,0,0,1,0,1,clear_mix,100010,positive_mix,
Chinese#ZH-Alto-1#Mixed_Voice_and_Falsetto#桃花诺#Mixed_Voice_Group#0006,D:\-MindEcho-main\ml_dl_models\gtsinger_multitech\dataset\raw\Chinese\ZH-Alto-1\Mixed_Voice_and_Falsetto\桃花诺\Mixed_Voice_Group\0006.wav,Chinese/ZH-Alto-1/Mixed_Voice_and_Falsetto/桃花诺/Mixed_Voice_Group/0006.wav,Chinese,ZH-Alto-1,桃花诺,Mixed_Voice_Group,1,0,0,0,1,0,1,clear_mix,100010,positive_mix,
Chinese#ZH-Alto-1#Mixed_Voice_and_Falsetto#桃花诺#Mixed_Voice_Group#0007,D:\-MindEcho-main\ml_dl_models\gtsinger_multitech\dataset\raw\Chinese\ZH-Alto-1\Mixed_Voice_and_Falsetto\桃花诺\Mixed_Voice_Group\0007.wav,Chinese/ZH-Alto-1/Mixed_Voice_and_Falsetto/桃花诺/Mixed_Voice_Group/0007.wav,Chinese,ZH-Alto-1,桃花诺,Mixed_Voice_Group,1,0,0,0,1,0,1,clear_mix,100010,positive_mix,
Chinese#ZH-Alto-1#Mixed_Voice_and_Falsetto#桃花诺#Mixed_Voice_Group#0008,D:\-MindEcho-main\ml_dl_models\gtsinger_multitech\dataset\raw\Chinese\ZH-Alto-1\Mixed_Voice_and_Falsetto\桃花诺\Mixed_Voice_Group\0008.wav,Chinese/ZH-Alto-1/Mixed_Voice_and_Falsetto/桃花诺/Mixed_Voice_Group/0008.wav,Chinese,ZH-Alto-1,桃花诺,Mixed_Voice_Group,1,1,0,0,1,0,1,head_mix,110010,positive_mix,
Chinese#ZH-Alto-1#Mixed_Voice_and_Falsetto#桃花诺#Mixed_Voice_Group#0009,D:\-MindEcho-main\ml_dl_models\gtsinger_multitech\dataset\raw\Chinese\ZH-Alto-1\Mixed_Voice_and_Falsetto\桃花诺\Mixed_Voice_Group\0009.wav,Chinese/ZH-Alto-1/Mixed_Voice_and_Falsetto/桃花诺/Mixed_Voice_Group/0009.wav,Chinese,ZH-Alto-1,桃花诺,Mixed_Voice_Group,1,1,0,0,1,0,1,head_mix,110010,positive_mix,
Chinese#ZH-Alto-1#Mixed_Voice_and_Falsetto#桃花诺#Mixed_Voice_Group#0012,D:\-MindEcho-main\ml_dl_models\gtsinger_multitech\dataset\raw\Chinese\ZH-Alto-1\Mixed_Voice_and_Falsetto\桃花诺\Mixed_Voice_Group\0012.wav,Chinese/ZH-Alto-1/Mixed_Voice_and_Falsetto/桃花诺/Mixed_Voice_Group/0012.wav,Chinese,ZH-Alto-1,桃花诺,Mixed_Voice_Group,1,1,0,0,1,0,1,head_mix,110010,positive_mix,
Chinese#ZH-Alto-1#Mixed_Voice_and_Falsetto#桃花诺#Mixed_Voice_Group#0014,D:\-MindEcho-main\ml_dl_models\gtsinger_multitech\dataset\raw\Chinese\ZH-Alto-1\Mixed_Voice_and_Falsetto\桃花诺\Mixed_Voice_Group\0014.wav,Chinese/ZH-Alto-1/Mixed_Voice_and_Falsetto/桃花诺/Mixed_Voice_Group/0014.wav,Chinese,ZH-Alto-1,桃花诺,Mixed_Voice_Group,1,1,0,0,1,0,1,head_mix,110010,positive_mix,
Chinese#ZH-Alto-1#Mixed_Voice_and_Falsetto#演员#Mixed_Voice_Group#0000,D:\-MindEcho-main\ml_dl_models\gtsinger_multitech\dataset\raw\Chinese\ZH-Alto-1\Mixed_Voice_and_Falsetto\演员\Mixed_Voice_Group\0000.wav,Chinese/ZH-Alto-1/Mixed_Voice_and_Falsetto/演员/Mixed_Voice_Group/0000.wav,Chinese,ZH-Alto-1,演员,Mixed_Voice_Group,1,0,0,0,1,0,1,clear_mix,100010,positive_mix,
Chinese#ZH-Alto-1#Mixed_Voice_and_Falsetto#演员#Mixed_Voice_Group#0002,D:\-MindEcho-main\ml_dl_models\gtsinger_multitech\dataset\raw\Chinese\ZH-Alto-1\Mixed_Voice_and_Falsetto\演员\Mixed_Voice_Group\0002.wav,Chinese/ZH-Alto-1/Mixed_Voice_and_Falsetto/演员/Mixed_Voice_Group/0002.wav,Chinese,ZH-Alto-1,演员,Mixed_Voice_Group,1,0,0,0,1,0,1,clear_mix,100010,positive_mix,
Chinese#ZH-Alto-1#Mixed_Voice_and_Falsetto#演员#Mixed_Voice_Group#0004,D:\-MindEcho-main\ml_dl_models\gtsinger_multitech\dataset\raw\Chinese\ZH-Alto-1\Mixed_Voice_and_Falsetto\演员\Mixed_Voice_Group\0004.wav,Chinese/ZH-Alto-1/Mixed_Voice_and_Falsetto/演员/Mixed_Voice_Group/0004.wav,Chinese,ZH-Alto-1,演员,Mixed_Voice_Group,1,0,0,0,1,0,1,clear_mix,100010,positive_mix,
Chinese#ZH-Alto-1#Mixed_Voice_and_Falsetto#演员#Mixed_Voice_Group#0005,D:\-MindEcho-main\ml_dl_models\gtsinger_multitech\dataset\raw\Chinese\ZH-Alto-1\Mixed_Voice_and_Falsetto\演员\Mixed_Voice_Group\0005.wav,Chinese/ZH-Alto-1/Mixed_Voice_and_Falsetto/演员/Mixed_Voice_Group/0005.wav,Chinese,ZH-Alto-1,演员,Mixed_Voice_Group,1,0,0,0,1,0,1,clear_mix,100010,positive_mix,
Chinese#ZH-Alto-1#Mixed_Voice_and_Falsetto#演员#Mixed_Voice_Group#0007,D:\-MindEcho-main\ml_dl_models\gtsinger_multitech\dataset\raw\Chinese\ZH-Alto-1\Mixed_Voice_and_Falsetto\演员\Mixed_Voice_Group\0007.wav,Chinese/ZH-Alto-1/Mixed_Voice_and_Falsetto/演员/Mixed_Voice_Group/0007.wav,Chinese,ZH-Alto-1,演员,Mixed_Voice_Group,1,0,0,0,1,0,1,clear_mix,100010,positive_mix,
Chinese#ZH-Alto-1#Mixed_Voice_and_Falsetto#演员#Mixed_Voice_Group#0008,D:\-MindEcho-main\ml_dl_models\gtsinger_multitech\dataset\raw\Chinese\ZH-Alto-1\Mixed_Voice_and_Falsetto\演员\Mixed_Voice_Group\0008.wav,Chinese/ZH-Alto-1/Mixed_Voice_and_Falsetto/演员/Mixed_Voice_Group/0008.wav,Chinese,ZH-Alto-1,演员,Mixed_Voice_Group,1,0,0,0,1,0,1,clear_mix,100010,positive_mix,
Chinese#ZH-Alto-1#Mixed_Voice_and_Falsetto#演员#Mixed_Voice_Group#0010,D:\-MindEcho-main\ml_dl_models\gtsinger_multitech\dataset\raw\Chinese\ZH-Alto-1\Mixed_Voice_and_Falsetto\演员\Mixed_Voice_Group\0010.wav,Chinese/ZH-Alto-1/Mixed_Voice_and_Falsetto/演员/Mixed_Voice_Group/0010.wav,Chinese,ZH-Alto-1,演员,Mixed_Voice_Group,1,0,0,0,1,0,1,clear_mix,100010,positive_mix,
Chinese#ZH-Alto-1#Mixed_Voice_and_Falsetto#演员#Mixed_Voice_Group#0011,D:\-MindEcho-main\ml_dl_models\gtsinger_multitech\dataset\raw\Chinese\ZH-Alto-1\Mixed_Voice_and_Falsetto\演员\Mixed_Voice_Group\0011.wav,Chinese/ZH-Alto-1/Mixed_Voice_and_Falsetto/演员/Mixed_Voice_Group/0011.wav,Chinese,ZH-Alto-1,演员,Mixed_Voice_Group,1,0,0,0,1,0,1,clear_mix,100010,positive_mix,
Chinese#ZH-Alto-1#Mixed_Voice_and_Falsetto#演员#Mixed_Voice_Group#0012,D:\-MindEcho-main\ml_dl_models\gtsinger_multitech\dataset\raw\Chinese\ZH-Alto-1\Mixed_Voice_and_Falsetto\演员\Mixed_Voice_Group\0012.wav,Chinese/ZH-Alto-1/Mixed_Voice_and_Falsetto/演员/Mixed_Voice_Group/0012.wav,Chinese,ZH-Alto-1,演员,Mixed_Voice_Group,1,0,0,0,1,0,1,clear_mix,100010,positive_mix,
Chinese#ZH-Alto-1#Mixed_Voice_and_Falsetto#演员#Mixed_Voice_Group#0015,D:\-MindEcho-main\ml_dl_models\gtsinger_multitech\dataset\raw\Chinese\ZH-Alto-1\Mixed_Voice_and_Falsetto\演员\Mixed_Voice_Group\0015.wav,Chinese/ZH-Alto-1/Mixed_Voice_and_Falsetto/演员/Mixed_Voice_Group/0015.wav,Chinese,ZH-Alto-1,演员,Mixed_Voice_Group,1,0,0,0,1,0,1,clear_mix,100010,positive_mix,
Chinese#ZH-Alto-1#Mixed_Voice_and_Falsetto#演员#Mixed_Voice_Group#0016,D:\-MindEcho-main\ml_dl_models\gtsinger_multitech\dataset\raw\Chinese\ZH-Alto-1\Mixed_Voice_and_Falsetto\演员\Mixed_Voice_Group\0016.wav,Chinese/ZH-Alto-1/Mixed_Voice_and_Falsetto/演员/Mixed_Voice_Group/0016.wav,Chinese,ZH-Alto-1,演员,Mixed_Voice_Group,1,0,0,0,1,0,1,clear_mix,100010,positive_mix,
Chinese#ZH-Alto-1#Mixed_Voice_and_Falsetto#演员#Mixed_Voice_Group#0018,D:\-MindEcho-main\ml_dl_models\gtsinger_multitech\dataset\raw\Chinese\ZH-Alto-1\Mixed_Voice_and_Falsetto\演员\Mixed_Voice_Group\0018.wav,Chinese/ZH-Alto-1/Mixed_Voice_and_Falsetto/演员/Mixed_Voice_Group/0018.wav,Chinese,ZH-Alto-1,演员,Mixed_Voice_Group,1,0,0,0,1,0,1,clear_mix,100010,positive_mix,
Chinese#ZH-Alto-1#Mixed_Voice_and_Falsetto#演员#Mixed_Voice_Group#0020,D:\-MindEcho-main\ml_dl_models\gtsinger_multitech\dataset\raw\Chinese\ZH-Alto-1\Mixed_Voice_and_Falsetto\演员\Mixed_Voice_Group\0020.wav,Chinese/ZH-Alto-1/Mixed_Voice_and_Falsetto/演员/Mixed_Voice_Group/0020.wav,Chinese,ZH-Alto-1,演员,Mixed_Voice_Group,1,0,0,0,1,0,1,clear_mix,100010,positive_mix,
Chinese#ZH-Alto-1#Mixed_Voice_and_Falsetto#演员#Mixed_Voice_Group#0021,D:\-MindEcho-main\ml_dl_models\gtsinger_multitech\dataset\raw\Chinese\ZH-Alto-1\Mixed_Voice_and_Falsetto\演员\Mixed_Voice_Group\0021.wav,Chinese/ZH-Alto-1/Mixed_Voice_and_Falsetto/演员/Mixed_Voice_Group/0021.wav,Chinese,ZH-Alto-1,演员,Mixed_Voice_Group,1,0,0,0,1,0,1,clear_mix,100010,positive_mix,
Chinese#ZH-Alto-1#Mixed_Voice_and_Falsetto#烟花易冷#Mixed_Voice_Group#0000,D:\-MindEcho-main\ml_dl_models\gtsinger_multitech\dataset\raw\Chinese\ZH-Alto-1\Mixed_Voice_and_Falsetto\烟花易冷\Mixed_Voice_Group\0000.wav,Chinese/ZH-Alto-1/Mixed_Voice_and_Falsetto/烟花易冷/Mixed_Voice_Group/0000.wav,Chinese,ZH-Alto-1,烟花易冷,Mixed_Voice_Group,1,0,0,0,1,0,1,clear_mix,100010,positive_mix,
Chinese#ZH-Alto-1#Mixed_Voice_and_Falsetto#烟花易冷#Mixed_Voice_Group#0001,D:\-MindEcho-main\ml_dl_models\gtsinger_multitech\dataset\raw\Chinese\ZH-Alto-1\Mixed_Voice_and_Falsetto\烟花易冷\Mixed_Voice_Group\0001.wav,Chinese/ZH-Alto-1/Mixed_Voice_and_Falsetto/烟花易冷/Mixed_Voice_Group/0001.wav,Chinese,ZH-Alto-1,烟花易冷,Mixed_Voice_Group,1,0,0,0,1,0,1,clear_mix,100010,positive_mix,
Chinese#ZH-Alto-1#Mixed_Voice_and_Falsetto#烟花易冷#Mixed_Voice_Group#0007,D:\-MindEcho-main\ml_dl_models\gtsinger_multitech\dataset\raw\Chinese\ZH-Alto-1\Mixed_Voice_and_Falsetto\烟花易冷\Mixed_Voice_Group\0007.wav,Chinese/ZH-Alto-1/Mixed_Voice_and_Falsetto/烟花易冷/Mixed_Voice_Group/0007.wav,Chinese,ZH-Alto-1,烟花易冷,Mixed_Voice_Group,1,0,0,1,1,0,1,clear_mix,100110,positive_mix,
Chinese#ZH-Alto-1#Mixed_Voice_and_Falsetto#烟花易冷#Mixed_Voice_Group#0008,D:\-MindEcho-main\ml_dl_models\gtsinger_multitech\dataset\raw\Chinese\ZH-Alto-1\Mixed_Voice_and_Falsetto\烟花易冷\Mixed_Voice_Group\0008.wav,Chinese/ZH-Alto-1/Mixed_Voice_and_Falsetto/烟花易冷/Mixed_Voice_Group/0008.wav,Chinese,ZH-Alto-1,烟花易冷,Mixed_Voice_Group,1,0,0,0,1,0,1,clear_mix,100010,positive_mix,
Chinese#ZH-Alto-1#Mixed_Voice_and_Falsetto#烟花易冷#Mixed_Voice_Group#0009,D:\-MindEcho-main\ml_dl_models\gtsinger_multitech\dataset\raw\Chinese\ZH-Alto-1\Mixed_Voice_and_Falsetto\烟花易冷\Mixed_Voice_Group\0009.wav,Chinese/ZH-Alto-1/Mixed_Voice_and_Falsetto/烟花易冷/Mixed_Voice_Group/0009.wav,Chinese,ZH-Alto-1,烟花易冷,Mixed_Voice_Group,1,0,0,0,1,0,1,clear_mix,100010,positive_mix,
Chinese#ZH-Alto-1#Mixed_Voice_and_Falsetto#烟花易冷#Mixed_Voice_Group#0011,D:\-MindEcho-main\ml_dl_models\gtsinger_multitech\dataset\raw\Chinese\ZH-Alto-1\Mixed_Voice_and_Falsetto\烟花易冷\Mixed_Voice_Group\0011.wav,Chinese/ZH-Alto-1/Mixed_Voice_and_Falsetto/烟花易冷/Mixed_Voice_Group/0011.wav,Chinese,ZH-Alto-1,烟花易冷,Mixed_Voice_Group,1,0,0,0,1,0,1,clear_mix,100010,positive_mix,
Chinese#ZH-Alto-1#Mixed_Voice_and_Falsetto#烟花易冷#Mixed_Voice_Group#0012,D:\-MindEcho-main\ml_dl_models\gtsinger_multitech\dataset\raw\Chinese\ZH-Alto-1\Mixed_Voice_and_Falsetto\烟花易冷\Mixed_Voice_Group\0012.wav,Chinese/ZH-Alto-1/Mixed_Voice_and_Falsetto/烟花易冷/Mixed_Voice_Group/0012.wav,Chinese,ZH-Alto-1,烟花易冷,Mixed_Voice_Group,1,0,0,0,1,0,1,clear_mix,100010,positive_mix,
Chinese#ZH-Alto-1#Mixed_Voice_and_Falsetto#烟花易冷#Mixed_Voice_Group#0013,D:\-MindEcho-main\ml_dl_models\gtsinger_multitech\dataset\raw\Chinese\ZH-Alto-1\Mixed_Voice_and_Falsetto\烟花易冷\Mixed_Voice_Group\0013.wav,Chinese/ZH-Alto-1/Mixed_Voice_and_Falsetto/烟花易冷/Mixed_Voice_Group/0013.wav,Chinese,ZH-Alto-1,烟花易冷,Mixed_Voice_Group,1,0,0,0,1,0,1,clear_mix,100010,positive_mix,
Chinese#ZH-Alto-1#Mixed_Voice_and_Falsetto#烟花易冷#Mixed_Voice_Group#0016,D:\-MindEcho-main\ml_dl_models\gtsinger_multitech\dataset\raw\Chinese\ZH-Alto-1\Mixed_Voice_and_Falsetto\烟花易冷\Mixed_Voice_Group\0016.wav,Chinese/ZH-Alto-1/Mixed_Voice_and_Falsetto/烟花易冷/Mixed_Voice_Group/0016.wav,Chinese,ZH-Alto-1,烟花易冷,Mixed_Voice_Group,1,0,0,0,1,0,1,clear_mix,100010,positive_mix,
Chinese#ZH-Alto-1#Mixed_Voice_and_Falsetto#烟花易冷#Mixed_Voice_Group#0017,D:\-MindEcho-main\ml_dl_models\gtsinger_multitech\dataset\raw\Chinese\ZH-Alto-1\Mixed_Voice_and_Falsetto\烟花易冷\Mixed_Voice_Group\0017.wav,Chinese/ZH-Alto-1/Mixed_Voice_and_Falsetto/烟花易冷/Mixed_Voice_Group/0017.wav,Chinese,ZH-Alto-1,烟花易冷,Mixed_Voice_Group,1,0,0,0,1,0,1,clear_mix,100010,positive_mix,
Chinese#ZH-Alto-1#Mixed_Voice_and_Falsetto#烟花易冷#Mixed_Voice_Group#0020,D:\-MindEcho-main\ml_dl_models\gtsinger_multitech\dataset\raw\Chinese\ZH-Alto-1\Mixed_Voice_and_Falsetto\烟花易冷\Mixed_Voice_Group\0020.wav,Chinese/ZH-Alto-1/Mixed_Voice_and_Falsetto/烟花易冷/Mixed_Voice_Group/0020.wav,Chinese,ZH-Alto-1,烟花易冷,Mixed_Voice_Group,1,0,0,0,1,0,1,clear_mix,100010,positive_mix,
Chinese#ZH-Alto-1#Mixed_Voice_and_Falsetto#烟花易冷#Mixed_Voice_Group#0021,D:\-MindEcho-main\ml_dl_models\gtsinger_multitech\dataset\raw\Chinese\ZH-Alto-1\Mixed_Voice_and_Falsetto\烟花易冷\Mixed_Voice_Group\0021.wav,Chinese/ZH-Alto-1/Mixed_Voice_and_Falsetto/烟花易冷/Mixed_Voice_Group/0021.wav,Chinese,ZH-Alto-1,烟花易冷,Mixed_Voice_Group,1,0,0,0,1,0,1,clear_mix,100010,positive_mix,
Chinese#ZH-Alto-1#Mixed_Voice_and_Falsetto#烟花易冷#Mixed_Voice_Group#0022,D:\-MindEcho-main\ml_dl_models\gtsinger_multitech\dataset\raw\Chinese\ZH-Alto-1\Mixed_Voice_and_Falsetto\烟花易冷\Mixed_Voice_Group\0022.wav,Chinese/ZH-Alto-1/Mixed_Voice_and_Falsetto/烟花易冷/Mixed_Voice_Group/0022.wav,Chinese,ZH-Alto-1,烟花易冷,Mixed_Voice_Group,1,0,0,0,1,0,1,clear_mix,100010,positive_mix,
Chinese#ZH-Alto-1#Mixed_Voice_and_Falsetto#烟花易冷#Mixed_Voice_Group#0023,D:\-MindEcho-main\ml_dl_models\gtsinger_multitech\dataset\raw\Chinese\ZH-Alto-1\Mixed_Voice_and_Falsetto\烟花易冷\Mixed_Voice_Group\0023.wav,Chinese/ZH-Alto-1/Mixed_Voice_and_Falsetto/烟花易冷/Mixed_Voice_Group/0023.wav,Chinese,ZH-Alto-1,烟花易冷,Mixed_Voice_Group,1,0,0,0,1,0,1,clear_mix,100010,positive_mix,
Chinese#ZH-Alto-1#Mixed_Voice_and_Falsetto#热雪#Mixed_Voice_Group#0000,D:\-MindEcho-main\ml_dl_models\gtsinger_multitech\dataset\raw\Chinese\ZH-Alto-1\Mixed_Voice_and_Falsetto\热雪\Mixed_Voice_Group\0000.wav,Chinese/ZH-Alto-1/Mixed_Voice_and_Falsetto/热雪/Mixed_Voice_Group/0000.wav,Chinese,ZH-Alto-1,热雪,Mixed_Voice_Group,1,0,0,0,1,0,1,clear_mix,100010,positive_mix,
Chinese#ZH-Alto-1#Mixed_Voice_and_Falsetto#热雪#Mixed_Voice_Group#0001,D:\-MindEcho-main\ml_dl_models\gtsinger_multitech\dataset\raw\Chinese\ZH-Alto-1\Mixed_Voice_and_Falsetto\热雪\Mixed_Voice_Group\0001.wav,Chinese/ZH-Alto-1/Mixed_Voice_and_Falsetto/热雪/Mixed_Voice_Group/0001.wav,Chinese,ZH-Alto-1,热雪,Mixed_Voice_Group,1,0,0,0,1,0,1,clear_mix,100010,positive_mix,
Chinese#ZH-Alto-1#Mixed_Voice_and_Falsetto#热雪#Mixed_Voice_Group#0003,D:\-MindEcho-main\ml_dl_models\gtsinger_multitech\dataset\raw\Chinese\ZH-Alto-1\Mixed_Voice_and_Falsetto\热雪\Mixed_Voice_Group\0003.wav,Chinese/ZH-Alto-1/Mixed_Voice_and_Falsetto/热雪/Mixed_Voice_Group/0003.wav,Chinese,ZH-Alto-1,热雪,Mixed_Voice_Group,1,0,0,0,1,0,1,clear_mix,100010,positive_mix,
Chinese#ZH-Alto-1#Mixed_Voice_and_Falsetto#热雪#Mixed_Voice_Group#0004,D:\-MindEcho-main\ml_dl_models\gtsinger_multitech\dataset\raw\Chinese\ZH-Alto-1\Mixed_Voice_and_Falsetto\热雪\Mixed_Voice_Group\0004.wav,Chinese/ZH-Alto-1/Mixed_Voice_and_Falsetto/热雪/Mixed_Voice_Group/0004.wav,Chinese,ZH-Alto-1,热雪,Mixed_Voice_Group,1,0,0,0,1,0,1,clear_mix,100010,positive_mix,
Chinese#ZH-Alto-1#Mixed_Voice_and_Falsetto#热雪#Mixed_Voice_Group#0005,D:\-MindEcho-main\ml_dl_models\gtsinger_multitech\dataset\raw\Chinese\ZH-Alto-1\Mixed_Voice_and_Falsetto\热雪\Mixed_Voice_Group\0005.wav,Chinese/ZH-Alto-1/Mixed_Voice_and_Falsetto/热雪/Mixed_Voice_Group/0005.wav,Chinese,ZH-Alto-1,热雪,Mixed_Voice_Group,1,0,0,0,1,0,1,clear_mix,100010,positive_mix,
Chinese#ZH-Alto-1#Mixed_Voice_and_Falsetto#热雪#Mixed_Voice_Group#0006,D:\-MindEcho-main\ml_dl_models\gtsinger_multitech\dataset\raw\Chinese\ZH-Alto-1\Mixed_Voice_and_Falsetto\热雪\Mixed_Voice_Group\0006.wav,Chinese/ZH-Alto-1/Mixed_Voice_and_Falsetto/热雪/Mixed_Voice_Group/0006.wav,Chinese,ZH-Alto-1,热雪,Mixed_Voice_Group,1,0,0,0,1,0,1,clear_mix,100010,positive_mix,
Chinese#ZH-Alto-1#Mixed_Voice_and_Falsetto#爱情转移#Mixed_Voice_Group#0003,D:\-MindEcho-main\ml_dl_models\gtsinger_multitech\dataset\raw\Chinese\ZH-Alto-1\Mixed_Voice_and_Falsetto\爱情转移\Mixed_Voice_Group\0003.wav,Chinese/ZH-Alto-1/Mixed_Voice_and_Falsetto/爱情转移/Mixed_Voice_Group/0003.wav,Chinese,ZH-Alto-1,爱情转移,Mixed_Voice_Group,1,0,0,0,1,0,1,clear_mix,100010,positive_mix,
Chinese#ZH-Alto-1#Mixed_Voice_and_Falsetto#爱情转移#Mixed_Voice_Group#0004,D:\-MindEcho-main\ml_dl_models\gtsinger_multitech\dataset\raw\Chinese\ZH-Alto-1\Mixed_Voice_and_Falsetto\爱情转移\Mixed_Voice_Group\0004.wav,Chinese/ZH-Alto-1/Mixed_Voice_and_Falsetto/爱情转移/Mixed_Voice_Group/0004.wav,Chinese,ZH-Alto-1,爱情转移,Mixed_Voice_Group,1,0,0,0,1,0,1,clear_mix,100010,positive_mix,
Chinese#ZH-Alto-1#Mixed_Voice_and_Falsetto#爱情转移#Mixed_Voice_Group#0005,D:\-MindEcho-main\ml_dl_models\gtsinger_multitech\dataset\raw\Chinese\ZH-Alto-1\Mixed_Voice_and_Falsetto\爱情转移\Mixed_Voice_Group\0005.wav,Chinese/ZH-Alto-1/Mixed_Voice_and_Falsetto/爱情转移/Mixed_Voice_Group/0005.wav,Chinese,ZH-Alto-1,爱情转移,Mixed_Voice_Group,1,0,0,0,1,0,1,clear_mix,100010,positive_mix,
Chinese#ZH-Alto-1#Mixed_Voice_and_Falsetto#爱情转移#Mixed_Voice_Group#0006,D:\-MindEcho-main\ml_dl_models\gtsinger_multitech\dataset\raw\Chinese\ZH-Alto-1\Mixed_Voice_and_Falsetto\爱情转移\Mixed_Voice_Group\0006.wav,Chinese/ZH-Alto-1/Mixed_Voice_and_Falsetto/爱情转移/Mixed_Voice_Group/0006.wav,Chinese,ZH-Alto-1,爱情转移,Mixed_Voice_Group,1,0,0,0,1,0,1,clear_mix,100010,positive_mix,
Chinese#ZH-Alto-1#Mixed_Voice_and_Falsetto#爱情转移#Mixed_Voice_Group#0007,D:\-MindEcho-main\ml_dl_models\gtsinger_multitech\dataset\raw\Chinese\ZH-Alto-1\Mixed_Voice_and_Falsetto\爱情转移\Mixed_Voice_Group\0007.wav,Chinese/ZH-Alto-1/Mixed_Voice_and_Falsetto/爱情转移/Mixed_Voice_Group/0007.wav,Chinese,ZH-Alto-1,爱情转移,Mixed_Voice_Group,1,0,0,0,1,0,1,clear_mix,100010,positive_mix,
Chinese#ZH-Alto-1#Mixed_Voice_and_Falsetto#爱情转移#Mixed_Voice_Group#0008,D:\-MindEcho-main\ml_dl_models\gtsinger_multitech\dataset\raw\Chinese\ZH-Alto-1\Mixed_Voice_and_Falsetto\爱情转移\Mixed_Voice_Group\0008.wav,Chinese/ZH-Alto-1/Mixed_Voice_and_Falsetto/爱情转移/Mixed_Voice_Group/0008.wav,Chinese,ZH-Alto-1,爱情转移,Mixed_Voice_Group,1,0,0,0,1,0,1,clear_mix,100010,positive_mix,
Chinese#ZH-Alto-1#Mixed_Voice_and_Falsetto#爱情转移#Mixed_Voice_Group#0010,D:\-MindEcho-main\ml_dl_models\gtsinger_multitech\dataset\raw\Chinese\ZH-Alto-1\Mixed_Voice_and_Falsetto\爱情转移\Mixed_Voice_Group\0010.wav,Chinese/ZH-Alto-1/Mixed_Voice_and_Falsetto/爱情转移/Mixed_Voice_Group/0010.wav,Chinese,ZH-Alto-1,爱情转移,Mixed_Voice_Group,1,0,0,0,1,0,1,clear_mix,100010,positive_mix,
Chinese#ZH-Alto-1#Mixed_Voice_and_Falsetto#爱情转移#Mixed_Voice_Group#0011,D:\-MindEcho-main\ml_dl_models\gtsinger_multitech\dataset\raw\Chinese\ZH-Alto-1\Mixed_Voice_and_Falsetto\爱情转移\Mixed_Voice_Group\0011.wav,Chinese/ZH-Alto-1/Mixed_Voice_and_Falsetto/爱情转移/Mixed_Voice_Group/0011.wav,Chinese,ZH-Alto-1,爱情转移,Mixed_Voice_Group,1,0,0,0,1,0,1,clear_mix,100010,positive_mix,
Chinese#ZH-Alto-1#Mixed_Voice_and_Falsetto#爱情转移#Mixed_Voice_Group#0012,D:\-MindEcho-main\ml_dl_models\gtsinger_multitech\dataset\raw\Chinese\ZH-Alto-1\Mixed_Voice_and_Falsetto\爱情转移\Mixed_Voice_Group\0012.wav,Chinese/ZH-Alto-1/Mixed_Voice_and_Falsetto/爱情转移/Mixed_Voice_Group/0012.wav,Chinese,ZH-Alto-1,爱情转移,Mixed_Voice_Group,1,0,0,0,1,0,1,clear_mix,100010,positive_mix,
Chinese#ZH-Alto-1#Mixed_Voice_and_Falsetto#画#Mixed_Voice_Group#0000,D:\-MindEcho-main\ml_dl_models\gtsinger_multitech\dataset\raw\Chinese\ZH-Alto-1\Mixed_Voice_and_Falsetto\画\Mixed_Voice_Group\0000.wav,Chinese/ZH-Alto-1/Mixed_Voice_and_Falsetto/画/Mixed_Voice_Group/0000.wav,Chinese,ZH-Alto-1,画,Mixed_Voice_Group,1,0,0,0,1,0,1,clear_mix,100010,positive_mix,
Chinese#ZH-Alto-1#Mixed_Voice_and_Falsetto#画#Mixed_Voice_Group#0001,D:\-MindEcho-main\ml_dl_models\gtsinger_multitech\dataset\raw\Chinese\ZH-Alto-1\Mixed_Voice_and_Falsetto\画\Mixed_Voice_Group\0001.wav,Chinese/ZH-Alto-1/Mixed_Voice_and_Falsetto/画/Mixed_Voice_Group/0001.wav,Chinese,ZH-Alto-1,画,Mixed_Voice_Group,1,0,0,0,1,0,1,clear_mix,100010,positive_mix,
Chinese#ZH-Alto-1#Mixed_Voice_and_Falsetto#画#Mixed_Voice_Group#0002,D:\-MindEcho-main\ml_dl_models\gtsinger_multitech\dataset\raw\Chinese\ZH-Alto-1\Mixed_Voice_and_Falsetto\画\Mixed_Voice_Group\0002.wav,Chinese/ZH-Alto-1/Mixed_Voice_and_Falsetto/画/Mixed_Voice_Group/0002.wav,Chinese,ZH-Alto-1,画,Mixed_Voice_Group,1,0,0,0,1,0,1,clear_mix,100010,positive_mix,
Chinese#ZH-Alto-1#Mixed_Voice_and_Falsetto#画#Mixed_Voice_Group#0004,D:\-MindEcho-main\ml_dl_models\gtsinger_multitech\dataset\raw\Chinese\ZH-Alto-1\Mixed_Voice_and_Falsetto\画\Mixed_Voice_Group\0004.wav,Chinese/ZH-Alto-1/Mixed_Voice_and_Falsetto/画/Mixed_Voice_Group/0004.wav,Chinese,ZH-Alto-1,画,Mixed_Voice_Group,1,0,0,0,1,0,1,clear_mix,100010,positive_mix,
Chinese#ZH-Alto-1#Mixed_Voice_and_Falsetto#画#Mixed_Voice_Group#0005,D:\-MindEcho-main\ml_dl_models\gtsinger_multitech\dataset\raw\Chinese\ZH-Alto-1\Mixed_Voice_and_Falsetto\画\Mixed_Voice_Group\0005.wav,Chinese/ZH-Alto-1/Mixed_Voice_and_Falsetto/画/Mixed_Voice_Group/0005.wav,Chinese,ZH-Alto-1,画,Mixed_Voice_Group,1,0,0,0,1,0,1,clear_mix,100010,positive_mix,
Chinese#ZH-Alto-1#Mixed_Voice_and_Falsetto#画#Mixed_Voice_Group#0006,D:\-MindEcho-main\ml_dl_models\gtsinger_multitech\dataset\raw\Chinese\ZH-Alto-1\Mixed_Voice_and_Falsetto\画\Mixed_Voice_Group\0006.wav,Chinese/ZH-Alto-1/Mixed_Voice_and_Falsetto/画/Mixed_Voice_Group/0006.wav,Chinese,ZH-Alto-1,画,Mixed_Voice_Group,1,0,0,0,1,0,1,clear_mix,100010,positive_mix,
Chinese#ZH-Alto-1#Mixed_Voice_and_Falsetto#画#Mixed_Voice_Group#0007,D:\-MindEcho-main\ml_dl_models\gtsinger_multitech\dataset\raw\Chinese\ZH-Alto-1\Mixed_Voice_and_Falsetto\画\Mixed_Voice_Group\0007.wav,Chinese/ZH-Alto-1/Mixed_Voice_and_Falsetto/画/Mixed_Voice_Group/0007.wav,Chinese,ZH-Alto-1,画,Mixed_Voice_Group,1,0,0,0,1,0,1,clear_mix,100010,positive_mix,
Chinese#ZH-Alto-1#Mixed_Voice_and_Falsetto#画心#Mixed_Voice_Group#0000,D:\-MindEcho-main\ml_dl_models\gtsinger_multitech\dataset\raw\Chinese\ZH-Alto-1\Mixed_Voice_and_Falsetto\画心\Mixed_Voice_Group\0000.wav,Chinese/ZH-Alto-1/Mixed_Voice_and_Falsetto/画心/Mixed_Voice_Group/0000.wav,Chinese,ZH-Alto-1,画心,Mixed_Voice_Group,1,0,0,0,1,0,1,clear_mix,100010,positive_mix,
Chinese#ZH-Alto-1#Mixed_Voice_and_Falsetto#画心#Mixed_Voice_Group#0001,D:\-MindEcho-main\ml_dl_models\gtsinger_multitech\dataset\raw\Chinese\ZH-Alto-1\Mixed_Voice_and_Falsetto\画心\Mixed_Voice_Group\0001.wav,Chinese/ZH-Alto-1/Mixed_Voice_and_Falsetto/画心/Mixed_Voice_Group/0001.wav,Chinese,ZH-Alto-1,画心,Mixed_Voice_Group,1,0,0,0,1,0,1,clear_mix,100010,positive_mix,
Chinese#ZH-Alto-1#Mixed_Voice_and_Falsetto#画心#Mixed_Voice_Group#0002,D:\-MindEcho-main\ml_dl_models\gtsinger_multitech\dataset\raw\Chinese\ZH-Alto-1\Mixed_Voice_and_Falsetto\画心\Mixed_Voice_Group\0002.wav,Chinese/ZH-Alto-1/Mixed_Voice_and_Falsetto/画心/Mixed_Voice_Group/0002.wav,Chinese,ZH-Alto-1,画心,Mixed_Voice_Group,1,0,0,0,1,0,1,clear_mix,100010,positive_mix,
Chinese#ZH-Alto-1#Mixed_Voice_and_Falsetto#画心#Mixed_Voice_Group#0004,D:\-MindEcho-main\ml_dl_models\gtsinger_multitech\dataset\raw\Chinese\ZH-Alto-1\Mixed_Voice_and_Falsetto\画心\Mixed_Voice_Group\0004.wav,Chinese/ZH-Alto-1/Mixed_Voice_and_Falsetto/画心/Mixed_Voice_Group/0004.wav,Chinese,ZH-Alto-1,画心,Mixed_Voice_Group,1,0,0,0,1,0,1,clear_mix,100010,positive_mix,
Chinese#ZH-Alto-1#Mixed_Voice_and_Falsetto#画心#Mixed_Voice_Group#0006,D:\-MindEcho-main\ml_dl_models\gtsinger_multitech\dataset\raw\Chinese\ZH-Alto-1\Mixed_Voice_and_Falsetto\画心\Mixed_Voice_Group\0006.wav,Chinese/ZH-Alto-1/Mixed_Voice_and_Falsetto/画心/Mixed_Voice_Group/0006.wav,Chinese,ZH-Alto-1,画心,Mixed_Voice_Group,1,0,0,0,1,0,1,clear_mix,100010,positive_mix,
Chinese#ZH-Alto-1#Mixed_Voice_and_Falsetto#画心#Mixed_Voice_Group#0007,D:\-MindEcho-main\ml_dl_models\gtsinger_multitech\dataset\raw\Chinese\ZH-Alto-1\Mixed_Voice_and_Falsetto\画心\Mixed_Voice_Group\0007.wav,Chinese/ZH-Alto-1/Mixed_Voice_and_Falsetto/画心/Mixed_Voice_Group/0007.wav,Chinese,ZH-Alto-1,画心,Mixed_Voice_Group,1,0,0,0,1,0,1,clear_mix,100010,positive_mix,
Chinese#ZH-Alto-1#Mixed_Voice_and_Falsetto#画心#Mixed_Voice_Group#0008,D:\-MindEcho-main\ml_dl_models\gtsinger_multitech\dataset\raw\Chinese\ZH-Alto-1\Mixed_Voice_and_Falsetto\画心\Mixed_Voice_Group\0008.wav,Chinese/ZH-Alto-1/Mixed_Voice_and_Falsetto/画心/Mixed_Voice_Group/0008.wav,Chinese,ZH-Alto-1,画心,Mixed_Voice_Group,1,0,0,0,1,0,1,clear_mix,100010,positive_mix,
Chinese#ZH-Alto-1#Mixed_Voice_and_Falsetto#画心#Mixed_Voice_Group#0010,D:\-MindEcho-main\ml_dl_models\gtsinger_multitech\dataset\raw\Chinese\ZH-Alto-1\Mixed_Voice_and_Falsetto\画心\Mixed_Voice_Group\0010.wav,Chinese/ZH-Alto-1/Mixed_Voice_and_Falsetto/画心/Mixed_Voice_Group/0010.wav,Chinese,ZH-Alto-1,画心,Mixed_Voice_Group,1,0,0,0,1,0,1,clear_mix,100010,positive_mix,
Chinese#ZH-Alto-1#Mixed_Voice_and_Falsetto#画心#Mixed_Voice_Group#0011,D:\-MindEcho-main\ml_dl_models\gtsinger_multitech\dataset\raw\Chinese\ZH-Alto-1\Mixed_Voice_and_Falsetto\画心\Mixed_Voice_Group\0011.wav,Chinese/ZH-Alto-1/Mixed_Voice_and_Falsetto/画心/Mixed_Voice_Group/0011.wav,Chinese,ZH-Alto-1,画心,Mixed_Voice_Group,1,0,0,0,1,0,1,clear_mix,100010,positive_mix,
Chinese#ZH-Alto-1#Mixed_Voice_and_Falsetto#白月光与朱砂痣#Mixed_Voice_Group#0000,D:\-MindEcho-main\ml_dl_models\gtsinger_multitech\dataset\raw\Chinese\ZH-Alto-1\Mixed_Voice_and_Falsetto\白月光与朱砂痣\Mixed_Voice_Group\0000.wav,Chinese/ZH-Alto-1/Mixed_Voice_and_Falsetto/白月光与朱砂痣/Mixed_Voice_Group/0000.wav,Chinese,ZH-Alto-1,白月光与朱砂痣,Mixed_Voice_Group,1,0,0,0,1,0,1,clear_mix,100010,positive_mix,
Chinese#ZH-Alto-1#Mixed_Voice_and_Falsetto#白月光与朱砂痣#Mixed_Voice_Group#0001,D:\-MindEcho-main\ml_dl_models\gtsinger_multitech\dataset\raw\Chinese\ZH-Alto-1\Mixed_Voice_and_Falsetto\白月光与朱砂痣\Mixed_Voice_Group\0001.wav,Chinese/ZH-Alto-1/Mixed_Voice_and_Falsetto/白月光与朱砂痣/Mixed_Voice_Group/0001.wav,Chinese,ZH-Alto-1,白月光与朱砂痣,Mixed_Voice_Group,1,0,0,0,1,0,1,clear_mix,100010,positive_mix,
Chinese#ZH-Alto-1#Mixed_Voice_and_Falsetto#白月光与朱砂痣#Mixed_Voice_Group#0003,D:\-MindEcho-main\ml_dl_models\gtsinger_multitech\dataset\raw\Chinese\ZH-Alto-1\Mixed_Voice_and_Falsetto\白月光与朱砂痣\Mixed_Voice_Group\0003.wav,Chinese/ZH-Alto-1/Mixed_Voice_and_Falsetto/白月光与朱砂痣/Mixed_Voice_Group/0003.wav,Chinese,ZH-Alto-1,白月光与朱砂痣,Mixed_Voice_Group,1,0,0,0,1,0,1,clear_mix,100010,positive_mix,
Chinese#ZH-Alto-1#Mixed_Voice_and_Falsetto#白月光与朱砂痣#Mixed_Voice_Group#0004,D:\-MindEcho-main\ml_dl_models\gtsinger_multitech\dataset\raw\Chinese\ZH-Alto-1\Mixed_Voice_and_Falsetto\白月光与朱砂痣\Mixed_Voice_Group\0004.wav,Chinese/ZH-Alto-1/Mixed_Voice_and_Falsetto/白月光与朱砂痣/Mixed_Voice_Group/0004.wav,Chinese,ZH-Alto-1,白月光与朱砂痣,Mixed_Voice_Group,1,0,0,0,1,0,1,clear_mix,100010,positive_mix,
Chinese#ZH-Alto-1#Mixed_Voice_and_Falsetto#白月光与朱砂痣#Mixed_Voice_Group#0006,D:\-MindEcho-main\ml_dl_models\gtsinger_multitech\dataset\raw\Chinese\ZH-Alto-1\Mixed_Voice_and_Falsetto\白月光与朱砂痣\Mixed_Voice_Group\0006.wav,Chinese/ZH-Alto-1/Mixed_Voice_and_Falsetto/白月光与朱砂痣/Mixed_Voice_Group/0006.wav,Chinese,ZH-Alto-1,白月光与朱砂痣,Mixed_Voice_Group,1,0,0,0,1,0,1,clear_mix,100010,positive_mix,
Chinese#ZH-Alto-1#Mixed_Voice_and_Falsetto#白月光与朱砂痣#Mixed_Voice_Group#0007,D:\-MindEcho-main\ml_dl_models\gtsinger_multitech\dataset\raw\Chinese\ZH-Alto-1\Mixed_Voice_and_Falsetto\白月光与朱砂痣\Mixed_Voice_Group\0007.wav,Chinese/ZH-Alto-1/Mixed_Voice_and_Falsetto/白月光与朱砂痣/Mixed_Voice_Group/0007.wav,Chinese,ZH-Alto-1,白月光与朱砂痣,Mixed_Voice_Group,1,0,0,0,1,0,1,clear_mix,100010,positive_mix,
Chinese#ZH-Alto-1#Mixed_Voice_and_Falsetto#白月光与朱砂痣#Mixed_Voice_Group#0008,D:\-MindEcho-main\ml_dl_models\gtsinger_multitech\dataset\raw\Chinese\ZH-Alto-1\Mixed_Voice_and_Falsetto\白月光与朱砂痣\Mixed_Voice_Group\0008.wav,Chinese/ZH-Alto-1/Mixed_Voice_and_Falsetto/白月光与朱砂痣/Mixed_Voice_Group/0008.wav,Chinese,ZH-Alto-1,白月光与朱砂痣,Mixed_Voice_Group,1,0,0,0,1,0,1,clear_mix,100010,positive_mix,
Chinese#ZH-Alto-1#Mixed_Voice_and_Falsetto#知足#Mixed_Voice_Group#0000,D:\-MindEcho-main\ml_dl_models\gtsinger_multitech\dataset\raw\Chinese\ZH-Alto-1\Mixed_Voice_and_Falsetto\知足\Mixed_Voice_Group\0000.wav,Chinese/ZH-Alto-1/Mixed_Voice_and_Falsetto/知足/Mixed_Voice_Group/0000.wav,Chinese,ZH-Alto-1,知足,Mixed_Voice_Group,1,0,0,0,1,0,1,clear_mix,100010,positive_mix,
Chinese#ZH-Alto-1#Mixed_Voice_and_Falsetto#知足#Mixed_Voice_Group#0001,D:\-MindEcho-main\ml_dl_models\gtsinger_multitech\dataset\raw\Chinese\ZH-Alto-1\Mixed_Voice_and_Falsetto\知足\Mixed_Voice_Group\0001.wav,Chinese/ZH-Alto-1/Mixed_Voice_and_Falsetto/知足/Mixed_Voice_Group/0001.wav,Chinese,ZH-Alto-1,知足,Mixed_Voice_Group,1,0,0,0,1,0,1,clear_mix,100010,positive_mix,
Chinese#ZH-Alto-1#Mixed_Voice_and_Falsetto#知足#Mixed_Voice_Group#0002,D:\-MindEcho-main\ml_dl_models\gtsinger_multitech\dataset\raw\Chinese\ZH-Alto-1\Mixed_Voice_and_Falsetto\知足\Mixed_Voice_Group\0002.wav,Chinese/ZH-Alto-1/Mixed_Voice_and_Falsetto/知足/Mixed_Voice_Group/0002.wav,Chinese,ZH-Alto-1,知足,Mixed_Voice_Group,1,0,0,0,1,0,1,clear_mix,100010,positive_mix,
Chinese#ZH-Alto-1#Mixed_Voice_and_Falsetto#知足#Mixed_Voice_Group#0003,D:\-MindEcho-main\ml_dl_models\gtsinger_multitech\dataset\raw\Chinese\ZH-Alto-1\Mixed_Voice_and_Falsetto\知足\Mixed_Voice_Group\0003.wav,Chinese/ZH-Alto-1/Mixed_Voice_and_Falsetto/知足/Mixed_Voice_Group/0003.wav,Chinese,ZH-Alto-1,知足,Mixed_Voice_Group,1,0,0,0,1,0,1,clear_mix,100010,positive_mix,
Chinese#ZH-Alto-1#Mixed_Voice_and_Falsetto#知足#Mixed_Voice_Group#0005,D:\-MindEcho-main\ml_dl_models\gtsinger_multitech\dataset\raw\Chinese\ZH-Alto-1\Mixed_Voice_and_Falsetto\知足\Mixed_Voice_Group\0005.wav,Chinese/ZH-Alto-1/Mixed_Voice_and_Falsetto/知足/Mixed_Voice_Group/0005.wav,Chinese,ZH-Alto-1,知足,Mixed_Voice_Group,1,0,0,0,1,0,1,clear_mix,100010,positive_mix,
Chinese#ZH-Alto-1#Mixed_Voice_and_Falsetto#知足#Mixed_Voice_Group#0006,D:\-MindEcho-main\ml_dl_models\gtsinger_multitech\dataset\raw\Chinese\ZH-Alto-1\Mixed_Voice_and_Falsetto\知足\Mixed_Voice_Group\0006.wav,Chinese/ZH-Alto-1/Mixed_Voice_and_Falsetto/知足/Mixed_Voice_Group/0006.wav,Chinese,ZH-Alto-1,知足,Mixed_Voice_Group,1,0,0,0,1,0,1,clear_mix,100010,positive_mix,
Chinese#ZH-Alto-1#Mixed_Voice_and_Falsetto#知足#Mixed_Voice_Group#0007,D:\-MindEcho-main\ml_dl_models\gtsinger_multitech\dataset\raw\Chinese\ZH-Alto-1\Mixed_Voice_and_Falsetto\知足\Mixed_Voice_Group\0007.wav,Chinese/ZH-Alto-1/Mixed_Voice_and_Falsetto/知足/Mixed_Voice_Group/0007.wav,Chinese,ZH-Alto-1,知足,Mixed_Voice_Group,1,0,0,0,1,0,1,clear_mix,100010,positive_mix,
Chinese#ZH-Alto-1#Mixed_Voice_and_Falsetto#知足#Mixed_Voice_Group#0008,D:\-MindEcho-main\ml_dl_models\gtsinger_multitech\dataset\raw\Chinese\ZH-Alto-1\Mixed_Voice_and_Falsetto\知足\Mixed_Voice_Group\0008.wav,Chinese/ZH-Alto-1/Mixed_Voice_and_Falsetto/知足/Mixed_Voice_Group/0008.wav,Chinese,ZH-Alto-1,知足,Mixed_Voice_Group,1,0,0,0,1,0,1,clear_mix,100010,positive_mix,
Chinese#ZH-Alto-1#Mixed_Voice_and_Falsetto#知足#Mixed_Voice_Group#0009,D:\-MindEcho-main\ml_dl_models\gtsinger_multitech\dataset\raw\Chinese\ZH-Alto-1\Mixed_Voice_and_Falsetto\知足\Mixed_Voice_Group\0009.wav,Chinese/ZH-Alto-1/Mixed_Voice_and_Falsetto/知足/Mixed_Voice_Group/0009.wav,Chinese,ZH-Alto-1,知足,Mixed_Voice_Group,1,0,0,0,1,0,1,clear_mix,100010,positive_mix,
Chinese#ZH-Alto-1#Mixed_Voice_and_Falsetto#知足#Mixed_Voice_Group#0010,D:\-MindEcho-main\ml_dl_models\gtsinger_multitech\dataset\raw\Chinese\ZH-Alto-1\Mixed_Voice_and_Falsetto\知足\Mixed_Voice_Group\0010.wav,Chinese/ZH-Alto-1/Mixed_Voice_and_Falsetto/知足/Mixed_Voice_Group/0010.wav,Chinese,ZH-Alto-1,知足,Mixed_Voice_Group,1,0,0,0,1,0,1,clear_mix,100010,positive_mix,
Chinese#ZH-Alto-1#Mixed_Voice_and_Falsetto#知足#Mixed_Voice_Group#0012,D:\-MindEcho-main\ml_dl_models\gtsinger_multitech\dataset\raw\Chinese\ZH-Alto-1\Mixed_Voice_and_Falsetto\知足\Mixed_Voice_Group\0012.wav,Chinese/ZH-Alto-1/Mixed_Voice_and_Falsetto/知足/Mixed_Voice_Group/0012.wav,Chinese,ZH-Alto-1,知足,Mixed_Voice_Group,1,0,0,0,1,0,1,clear_mix,100010,positive_mix,
Chinese#ZH-Alto-1#Mixed_Voice_and_Falsetto#红玫瑰#Mixed_Voice_Group#0000,D:\-MindEcho-main\ml_dl_models\gtsinger_multitech\dataset\raw\Chinese\ZH-Alto-1\Mixed_Voice_and_Falsetto\红玫瑰\Mixed_Voice_Group\0000.wav,Chinese/ZH-Alto-1/Mixed_Voice_and_Falsetto/红玫瑰/Mixed_Voice_Group/0000.wav,Chinese,ZH-Alto-1,红玫瑰,Mixed_Voice_Group,1,0,0,0,0,0,1,clear_mix,100000,positive_mix,
Chinese#ZH-Alto-1#Mixed_Voice_and_Falsetto#红玫瑰#Mixed_Voice_Group#0002,D:\-MindEcho-main\ml_dl_models\gtsinger_multitech\dataset\raw\Chinese\ZH-Alto-1\Mixed_Voice_and_Falsetto\红玫瑰\Mixed_Voice_Group\0002.wav,Chinese/ZH-Alto-1/Mixed_Voice_and_Falsetto/红玫瑰/Mixed_Voice_Group/0002.wav,Chinese,ZH-Alto-1,红玫瑰,Mixed_Voice_Group,1,0,0,0,1,0,1,clear_mix,100010,positive_mix,
Chinese#ZH-Alto-1#Mixed_Voice_and_Falsetto#红玫瑰#Mixed_Voice_Group#0003,D:\-MindEcho-main\ml_dl_models\gtsinger_multitech\dataset\raw\Chinese\ZH-Alto-1\Mixed_Voice_and_Falsetto\红玫瑰\Mixed_Voice_Group\0003.wav,Chinese/ZH-Alto-1/Mixed_Voice_and_Falsetto/红玫瑰/Mixed_Voice_Group/0003.wav,Chinese,ZH-Alto-1,红玫瑰,Mixed_Voice_Group,1,0,0,0,1,0,1,clear_mix,100010,positive_mix,
Chinese#ZH-Alto-1#Mixed_Voice_and_Falsetto#红玫瑰#Mixed_Voice_Group#0004,D:\-MindEcho-main\ml_dl_models\gtsinger_multitech\dataset\raw\Chinese\ZH-Alto-1\Mixed_Voice_and_Falsetto\红玫瑰\Mixed_Voice_Group\0004.wav,Chinese/ZH-Alto-1/Mixed_Voice_and_Falsetto/红玫瑰/Mixed_Voice_Group/0004.wav,Chinese,ZH-Alto-1,红玫瑰,Mixed_Voice_Group,1,0,0,0,1,0,1,clear_mix,100010,positive_mix,
Chinese#ZH-Alto-1#Mixed_Voice_and_Falsetto#红玫瑰#Mixed_Voice_Group#0005,D:\-MindEcho-main\ml_dl_models\gtsinger_multitech\dataset\raw\Chinese\ZH-Alto-1\Mixed_Voice_and_Falsetto\红玫瑰\Mixed_Voice_Group\0005.wav,Chinese/ZH-Alto-1/Mixed_Voice_and_Falsetto/红玫瑰/Mixed_Voice_Group/0005.wav,Chinese,ZH-Alto-1,红玫瑰,Mixed_Voice_Group,1,0,0,0,1,0,1,clear_mix,100010,positive_mix,
Chinese#ZH-Alto-1#Mixed_Voice_and_Falsetto#红玫瑰#Mixed_Voice_Group#0006,D:\-MindEcho-main\ml_dl_models\gtsinger_multitech\dataset\raw\Chinese\ZH-Alto-1\Mixed_Voice_and_Falsetto\红玫瑰\Mixed_Voice_Group\0006.wav,Chinese/ZH-Alto-1/Mixed_Voice_and_Falsetto/红玫瑰/Mixed_Voice_Group/0006.wav,Chinese,ZH-Alto-1,红玫瑰,Mixed_Voice_Group,1,0,0,0,1,0,1,clear_mix,100010,positive_mix,
Chinese#ZH-Alto-1#Mixed_Voice_and_Falsetto#红玫瑰#Mixed_Voice_Group#0007,D:\-MindEcho-main\ml_dl_models\gtsinger_multitech\dataset\raw\Chinese\ZH-Alto-1\Mixed_Voice_and_Falsetto\红玫瑰\Mixed_Voice_Group\0007.wav,Chinese/ZH-Alto-1/Mixed_Voice_and_Falsetto/红玫瑰/Mixed_Voice_Group/0007.wav,Chinese,ZH-Alto-1,红玫瑰,Mixed_Voice_Group,1,0,0,0,1,0,1,clear_mix,100010,positive_mix,
Chinese#ZH-Alto-1#Mixed_Voice_and_Falsetto#红玫瑰#Mixed_Voice_Group#0010,D:\-MindEcho-main\ml_dl_models\gtsinger_multitech\dataset\raw\Chinese\ZH-Alto-1\Mixed_Voice_and_Falsetto\红玫瑰\Mixed_Voice_Group\0010.wav,Chinese/ZH-Alto-1/Mixed_Voice_and_Falsetto/红玫瑰/Mixed_Voice_Group/0010.wav,Chinese,ZH-Alto-1,红玫瑰,Mixed_Voice_Group,1,0,0,0,1,0,1,clear_mix,100010,positive_mix,
Chinese#ZH-Alto-1#Mixed_Voice_and_Falsetto#红玫瑰#Mixed_Voice_Group#0011,D:\-MindEcho-main\ml_dl_models\gtsinger_multitech\dataset\raw\Chinese\ZH-Alto-1\Mixed_Voice_and_Falsetto\红玫瑰\Mixed_Voice_Group\0011.wav,Chinese/ZH-Alto-1/Mixed_Voice_and_Falsetto/红玫瑰/Mixed_Voice_Group/0011.wav,Chinese,ZH-Alto-1,红玫瑰,Mixed_Voice_Group,1,0,0,0,1,0,1,clear_mix,100010,positive_mix,
Chinese#ZH-Alto-1#Mixed_Voice_and_Falsetto#红玫瑰#Mixed_Voice_Group#0012,D:\-MindEcho-main\ml_dl_models\gtsinger_multitech\dataset\raw\Chinese\ZH-Alto-1\Mixed_Voice_and_Falsetto\红玫瑰\Mixed_Voice_Group\0012.wav,Chinese/ZH-Alto-1/Mixed_Voice_and_Falsetto/红玫瑰/Mixed_Voice_Group/0012.wav,Chinese,ZH-Alto-1,红玫瑰,Mixed_Voice_Group,1,0,0,0,1,0,1,clear_mix,100010,positive_mix,
Chinese#ZH-Alto-1#Mixed_Voice_and_Falsetto#红玫瑰#Mixed_Voice_Group#0013,D:\-MindEcho-main\ml_dl_models\gtsinger_multitech\dataset\raw\Chinese\ZH-Alto-1\Mixed_Voice_and_Falsetto\红玫瑰\Mixed_Voice_Group\0013.wav,Chinese/ZH-Alto-1/Mixed_Voice_and_Falsetto/红玫瑰/Mixed_Voice_Group/0013.wav,Chinese,ZH-Alto-1,红玫瑰,Mixed_Voice_Group,1,0,0,0,1,0,1,clear_mix,100010,positive_mix,
Chinese#ZH-Alto-1#Mixed_Voice_and_Falsetto#红玫瑰#Mixed_Voice_Group#0014,D:\-MindEcho-main\ml_dl_models\gtsinger_multitech\dataset\raw\Chinese\ZH-Alto-1\Mixed_Voice_and_Falsetto\红玫瑰\Mixed_Voice_Group\0014.wav,Chinese/ZH-Alto-1/Mixed_Voice_and_Falsetto/红玫瑰/Mixed_Voice_Group/0014.wav,Chinese,ZH-Alto-1,红玫瑰,Mixed_Voice_Group,1,0,0,0,1,0,1,clear_mix,100010,positive_mix,
Chinese#ZH-Alto-1#Mixed_Voice_and_Falsetto#红玫瑰#Mixed_Voice_Group#0015,D:\-MindEcho-main\ml_dl_models\gtsinger_multitech\dataset\raw\Chinese\ZH-Alto-1\Mixed_Voice_and_Falsetto\红玫瑰\Mixed_Voice_Group\0015.wav,Chinese/ZH-Alto-1/Mixed_Voice_and_Falsetto/红玫瑰/Mixed_Voice_Group/0015.wav,Chinese,ZH-Alto-1,红玫瑰,Mixed_Voice_Group,1,0,0,0,1,0,1,clear_mix,100010,positive_mix,
Chinese#ZH-Alto-1#Mixed_Voice_and_Falsetto#红玫瑰#Mixed_Voice_Group#0016,D:\-MindEcho-main\ml_dl_models\gtsinger_multitech\dataset\raw\Chinese\ZH-Alto-1\Mixed_Voice_and_Falsetto\红玫瑰\Mixed_Voice_Group\0016.wav,Chinese/ZH-Alto-1/Mixed_Voice_and_Falsetto/红玫瑰/Mixed_Voice_Group/0016.wav,Chinese,ZH-Alto-1,红玫瑰,Mixed_Voice_Group,1,0,0,0,1,0,1,clear_mix,100010,positive_mix,
Chinese#ZH-Alto-1#Mixed_Voice_and_Falsetto#红玫瑰#Mixed_Voice_Group#0017,D:\-MindEcho-main\ml_dl_models\gtsinger_multitech\dataset\raw\Chinese\ZH-Alto-1\Mixed_Voice_and_Falsetto\红玫瑰\Mixed_Voice_Group\0017.wav,Chinese/ZH-Alto-1/Mixed_Voice_and_Falsetto/红玫瑰/Mixed_Voice_Group/0017.wav,Chinese,ZH-Alto-1,红玫瑰,Mixed_Voice_Group,1,0,0,0,1,0,1,clear_mix,100010,positive_mix,
Chinese#ZH-Alto-1#Mixed_Voice_and_Falsetto#终于等到你#Mixed_Voice_Group#0001,D:\-MindEcho-main\ml_dl_models\gtsinger_multitech\dataset\raw\Chinese\ZH-Alto-1\Mixed_Voice_and_Falsetto\终于等到你\Mixed_Voice_Group\0001.wav,Chinese/ZH-Alto-1/Mixed_Voice_and_Falsetto/终于等到你/Mixed_Voice_Group/0001.wav,Chinese,ZH-Alto-1,终于等到你,Mixed_Voice_Group,1,0,0,0,1,0,1,clear_mix,100010,positive_mix,
Chinese#ZH-Alto-1#Mixed_Voice_and_Falsetto#终于等到你#Mixed_Voice_Group#0004,D:\-MindEcho-main\ml_dl_models\gtsinger_multitech\dataset\raw\Chinese\ZH-Alto-1\Mixed_Voice_and_Falsetto\终于等到你\Mixed_Voice_Group\0004.wav,Chinese/ZH-Alto-1/Mixed_Voice_and_Falsetto/终于等到你/Mixed_Voice_Group/0004.wav,Chinese,ZH-Alto-1,终于等到你,Mixed_Voice_Group,1,0,0,0,1,0,1,clear_mix,100010,positive_mix,
Chinese#ZH-Alto-1#Mixed_Voice_and_Falsetto#终于等到你#Mixed_Voice_Group#0005,D:\-MindEcho-main\ml_dl_models\gtsinger_multitech\dataset\raw\Chinese\ZH-Alto-1\Mixed_Voice_and_Falsetto\终于等到你\Mixed_Voice_Group\0005.wav,Chinese/ZH-Alto-1/Mixed_Voice_and_Falsetto/终于等到你/Mixed_Voice_Group/0005.wav,Chinese,ZH-Alto-1,终于等到你,Mixed_Voice_Group,1,0,0,0,1,0,1,clear_mix,100010,positive_mix,
Chinese#ZH-Alto-1#Mixed_Voice_and_Falsetto#终于等到你#Mixed_Voice_Group#0007,D:\-MindEcho-main\ml_dl_models\gtsinger_multitech\dataset\raw\Chinese\ZH-Alto-1\Mixed_Voice_and_Falsetto\终于等到你\Mixed_Voice_Group\0007.wav,Chinese/ZH-Alto-1/Mixed_Voice_and_Falsetto/终于等到你/Mixed_Voice_Group/0007.wav,Chinese,ZH-Alto-1,终于等到你,Mixed_Voice_Group,1,1,0,0,1,0,1,head_mix,110010,positive_mix,
Chinese#ZH-Alto-1#Mixed_Voice_and_Falsetto#给电影人的情书#Mixed_Voice_Group#0001,D:\-MindEcho-main\ml_dl_models\gtsinger_multitech\dataset\raw\Chinese\ZH-Alto-1\Mixed_Voice_and_Falsetto\给电影人的情书\Mixed_Voice_Group\0001.wav,Chinese/ZH-Alto-1/Mixed_Voice_and_Falsetto/给电影人的情书/Mixed_Voice_Group/0001.wav,Chinese,ZH-Alto-1,给电影人的情书,Mixed_Voice_Group,1,0,0,0,1,0,1,clear_mix,100010,positive_mix,
Chinese#ZH-Alto-1#Mixed_Voice_and_Falsetto#给电影人的情书#Mixed_Voice_Group#0003,D:\-MindEcho-main\ml_dl_models\gtsinger_multitech\dataset\raw\Chinese\ZH-Alto-1\Mixed_Voice_and_Falsetto\给电影人的情书\Mixed_Voice_Group\0003.wav,Chinese/ZH-Alto-1/Mixed_Voice_and_Falsetto/给电影人的情书/Mixed_Voice_Group/0003.wav,Chinese,ZH-Alto-1,给电影人的情书,Mixed_Voice_Group,1,0,0,0,1,0,1,clear_mix,100010,positive_mix,
Chinese#ZH-Alto-1#Mixed_Voice_and_Falsetto#给电影人的情书#Mixed_Voice_Group#0004,D:\-MindEcho-main\ml_dl_models\gtsinger_multitech\dataset\raw\Chinese\ZH-Alto-1\Mixed_Voice_and_Falsetto\给电影人的情书\Mixed_Voice_Group\0004.wav,Chinese/ZH-Alto-1/Mixed_Voice_and_Falsetto/给电影人的情书/Mixed_Voice_Group/0004.wav,Chinese,ZH-Alto-1,给电影人的情书,Mixed_Voice_Group,1,0,0,0,1,0,1,clear_mix,100010,positive_mix,
Chinese#ZH-Alto-1#Mixed_Voice_and_Falsetto#给电影人的情书#Mixed_Voice_Group#0005,D:\-MindEcho-main\ml_dl_models\gtsinger_multitech\dataset\raw\Chinese\ZH-Alto-1\Mixed_Voice_and_Falsetto\给电影人的情书\Mixed_Voice_Group\0005.wav,Chinese/ZH-Alto-1/Mixed_Voice_and_Falsetto/给电影人的情书/Mixed_Voice_Group/0005.wav,Chinese,ZH-Alto-1,给电影人的情书,Mixed_Voice_Group,1,0,0,0,1,0,1,clear_mix,100010,positive_mix,
Chinese#ZH-Alto-1#Mixed_Voice_and_Falsetto#给电影人的情书#Mixed_Voice_Group#0006,D:\-MindEcho-main\ml_dl_models\gtsinger_multitech\dataset\raw\Chinese\ZH-Alto-1\Mixed_Voice_and_Falsetto\给电影人的情书\Mixed_Voice_Group\0006.wav,Chinese/ZH-Alto-1/Mixed_Voice_and_Falsetto/给电影人的情书/Mixed_Voice_Group/0006.wav,Chinese,ZH-Alto-1,给电影人的情书,Mixed_Voice_Group,1,0,0,0,1,0,1,clear_mix,100010,positive_mix,
Chinese#ZH-Alto-1#Mixed_Voice_and_Falsetto#给电影人的情书#Mixed_Voice_Group#0007,D:\-MindEcho-main\ml_dl_models\gtsinger_multitech\dataset\raw\Chinese\ZH-Alto-1\Mixed_Voice_and_Falsetto\给电影人的情书\Mixed_Voice_Group\0007.wav,Chinese/ZH-Alto-1/Mixed_Voice_and_Falsetto/给电影人的情书/Mixed_Voice_Group/0007.wav,Chinese,ZH-Alto-1,给电影人的情书,Mixed_Voice_Group,1,0,0,0,1,0,1,clear_mix,100010,positive_mix,
Chinese#ZH-Alto-1#Mixed_Voice_and_Falsetto#给电影人的情书#Mixed_Voice_Group#0008,D:\-MindEcho-main\ml_dl_models\gtsinger_multitech\dataset\raw\Chinese\ZH-Alto-1\Mixed_Voice_and_Falsetto\给电影人的情书\Mixed_Voice_Group\0008.wav,Chinese/ZH-Alto-1/Mixed_Voice_and_Falsetto/给电影人的情书/Mixed_Voice_Group/0008.wav,Chinese,ZH-Alto-1,给电影人的情书,Mixed_Voice_Group,1,0,0,0,1,0,1,clear_mix,100010,positive_mix,
Chinese#ZH-Alto-1#Mixed_Voice_and_Falsetto#给电影人的情书#Mixed_Voice_Group#0011,D:\-MindEcho-main\ml_dl_models\gtsinger_multitech\dataset\raw\Chinese\ZH-Alto-1\Mixed_Voice_and_Falsetto\给电影人的情书\Mixed_Voice_Group\0011.wav,Chinese/ZH-Alto-1/Mixed_Voice_and_Falsetto/给电影人的情书/Mixed_Voice_Group/0011.wav,Chinese,ZH-Alto-1,给电影人的情书,Mixed_Voice_Group,1,0,0,0,1,0,1,clear_mix,100010,positive_mix,
Chinese#ZH-Alto-1#Mixed_Voice_and_Falsetto#老男孩#Mixed_Voice_Group#0000,D:\-MindEcho-main\ml_dl_models\gtsinger_multitech\dataset\raw\Chinese\ZH-Alto-1\Mixed_Voice_and_Falsetto\老男孩\Mixed_Voice_Group\0000.wav,Chinese/ZH-Alto-1/Mixed_Voice_and_Falsetto/老男孩/Mixed_Voice_Group/0000.wav,Chinese,ZH-Alto-1,老男孩,Mixed_Voice_Group,1,0,0,0,1,0,1,clear_mix,100010,positive_mix,
Chinese#ZH-Alto-1#Mixed_Voice_and_Falsetto#老男孩#Mixed_Voice_Group#0001,D:\-MindEcho-main\ml_dl_models\gtsinger_multitech\dataset\raw\Chinese\ZH-Alto-1\Mixed_Voice_and_Falsetto\老男孩\Mixed_Voice_Group\0001.wav,Chinese/ZH-Alto-1/Mixed_Voice_and_Falsetto/老男孩/Mixed_Voice_Group/0001.wav,Chinese,ZH-Alto-1,老男孩,Mixed_Voice_Group,1,0,0,1,1,0,1,clear_mix,100110,positive_mix,
Chinese#ZH-Alto-1#Mixed_Voice_and_Falsetto#老男孩#Mixed_Voice_Group#0002,D:\-MindEcho-main\ml_dl_models\gtsinger_multitech\dataset\raw\Chinese\ZH-Alto-1\Mixed_Voice_and_Falsetto\老男孩\Mixed_Voice_Group\0002.wav,Chinese/ZH-Alto-1/Mixed_Voice_and_Falsetto/老男孩/Mixed_Voice_Group/0002.wav,Chinese,ZH-Alto-1,老男孩,Mixed_Voice_Group,1,0,0,0,1,0,1,clear_mix,100010,positive_mix,
Chinese#ZH-Alto-1#Mixed_Voice_and_Falsetto#老男孩#Mixed_Voice_Group#0003,D:\-MindEcho-main\ml_dl_models\gtsinger_multitech\dataset\raw\Chinese\ZH-Alto-1\Mixed_Voice_and_Falsetto\老男孩\Mixed_Voice_Group\0003.wav,Chinese/ZH-Alto-1/Mixed_Voice_and_Falsetto/老男孩/Mixed_Voice_Group/0003.wav,Chinese,ZH-Alto-1,老男孩,Mixed_Voice_Group,1,0,0,1,1,0,1,clear_mix,100110,positive_mix,
Chinese#ZH-Alto-1#Mixed_Voice_and_Falsetto#老男孩#Mixed_Voice_Group#0004,D:\-MindEcho-main\ml_dl_models\gtsinger_multitech\dataset\raw\Chinese\ZH-Alto-1\Mixed_Voice_and_Falsetto\老男孩\Mixed_Voice_Group\0004.wav,Chinese/ZH-Alto-1/Mixed_Voice_and_Falsetto/老男孩/Mixed_Voice_Group/0004.wav,Chinese,ZH-Alto-1,老男孩,Mixed_Voice_Group,1,0,0,1,1,0,1,clear_mix,100110,positive_mix,
Chinese#ZH-Alto-1#Mixed_Voice_and_Falsetto#老男孩#Mixed_Voice_Group#0005,D:\-MindEcho-main\ml_dl_models\gtsinger_multitech\dataset\raw\Chinese\ZH-Alto-1\Mixed_Voice_and_Falsetto\老男孩\Mixed_Voice_Group\0005.wav,Chinese/ZH-Alto-1/Mixed_Voice_and_Falsetto/老男孩/Mixed_Voice_Group/0005.wav,Chinese,ZH-Alto-1,老男孩,Mixed_Voice_Group,1,0,0,1,1,0,1,clear_mix,100110,positive_mix,
Chinese#ZH-Alto-1#Mixed_Voice_and_Falsetto#老男孩#Mixed_Voice_Group#0007,D:\-MindEcho-main\ml_dl_models\gtsinger_multitech\dataset\raw\Chinese\ZH-Alto-1\Mixed_Voice_and_Falsetto\老男孩\Mixed_Voice_Group\0007.wav,Chinese/ZH-Alto-1/Mixed_Voice_and_Falsetto/老男孩/Mixed_Voice_Group/0007.wav,Chinese,ZH-Alto-1,老男孩,Mixed_Voice_Group,1,0,0,0,1,0,1,clear_mix,100010,positive_mix,
Chinese#ZH-Alto-1#Mixed_Voice_and_Falsetto#老男孩#Mixed_Voice_Group#0008,D:\-MindEcho-main\ml_dl_models\gtsinger_multitech\dataset\raw\Chinese\ZH-Alto-1\Mixed_Voice_and_Falsetto\老男孩\Mixed_Voice_Group\0008.wav,Chinese/ZH-Alto-1/Mixed_Voice_and_Falsetto/老男孩/Mixed_Voice_Group/0008.wav,Chinese,ZH-Alto-1,老男孩,Mixed_Voice_Group,1,0,0,1,1,0,1,clear_mix,100110,positive_mix,
Chinese#ZH-Alto-1#Mixed_Voice_and_Falsetto#老男孩#Mixed_Voice_Group#0009,D:\-MindEcho-main\ml_dl_models\gtsinger_multitech\dataset\raw\Chinese\ZH-Alto-1\Mixed_Voice_and_Falsetto\老男孩\Mixed_Voice_Group\0009.wav,Chinese/ZH-Alto-1/Mixed_Voice_and_Falsetto/老男孩/Mixed_Voice_Group/0009.wav,Chinese,ZH-Alto-1,老男孩,Mixed_Voice_Group,1,0,0,0,1,0,1,clear_mix,100010,positive_mix,
Chinese#ZH-Alto-1#Mixed_Voice_and_Falsetto#老男孩#Mixed_Voice_Group#0010,D:\-MindEcho-main\ml_dl_models\gtsinger_multitech\dataset\raw\Chinese\ZH-Alto-1\Mixed_Voice_and_Falsetto\老男孩\Mixed_Voice_Group\0010.wav,Chinese/ZH-Alto-1/Mixed_Voice_and_Falsetto/老男孩/Mixed_Voice_Group/0010.wav,Chinese,ZH-Alto-1,老男孩,Mixed_Voice_Group,1,0,0,1,1,0,1,clear_mix,100110,positive_mix,
Chinese#ZH-Alto-1#Mixed_Voice_and_Falsetto#老男孩#Mixed_Voice_Group#0012,D:\-MindEcho-main\ml_dl_models\gtsinger_multitech\dataset\raw\Chinese\ZH-Alto-1\Mixed_Voice_and_Falsetto\老男孩\Mixed_Voice_Group\0012.wav,Chinese/ZH-Alto-1/Mixed_Voice_and_Falsetto/老男孩/Mixed_Voice_Group/0012.wav,Chinese,ZH-Alto-1,老男孩,Mixed_Voice_Group,1,0,0,1,1,0,1,clear_mix,100110,positive_mix,
Chinese#ZH-Alto-1#Mixed_Voice_and_Falsetto#老男孩#Mixed_Voice_Group#0013,D:\-MindEcho-main\ml_dl_models\gtsinger_multitech\dataset\raw\Chinese\ZH-Alto-1\Mixed_Voice_and_Falsetto\老男孩\Mixed_Voice_Group\0013.wav,Chinese/ZH-Alto-1/Mixed_Voice_and_Falsetto/老男孩/Mixed_Voice_Group/0013.wav,Chinese,ZH-Alto-1,老男孩,Mixed_Voice_Group,1,0,0,0,1,0,1,clear_mix,100010,positive_mix,
Chinese#ZH-Alto-1#Mixed_Voice_and_Falsetto#老男孩#Mixed_Voice_Group#0014,D:\-MindEcho-main\ml_dl_models\gtsinger_multitech\dataset\raw\Chinese\ZH-Alto-1\Mixed_Voice_and_Falsetto\老男孩\Mixed_Voice_Group\0014.wav,Chinese/ZH-Alto-1/Mixed_Voice_and_Falsetto/老男孩/Mixed_Voice_Group/0014.wav,Chinese,ZH-Alto-1,老男孩,Mixed_Voice_Group,1,0,0,1,1,0,1,clear_mix,100110,positive_mix,
Chinese#ZH-Alto-1#Mixed_Voice_and_Falsetto#老男孩#Mixed_Voice_Group#0015,D:\-MindEcho-main\ml_dl_models\gtsinger_multitech\dataset\raw\Chinese\ZH-Alto-1\Mixed_Voice_and_Falsetto\老男孩\Mixed_Voice_Group\0015.wav,Chinese/ZH-Alto-1/Mixed_Voice_and_Falsetto/老男孩/Mixed_Voice_Group/0015.wav,Chinese,ZH-Alto-1,老男孩,Mixed_Voice_Group,1,0,0,0,1,0,1,clear_mix,100010,positive_mix,
Chinese#ZH-Alto-1#Mixed_Voice_and_Falsetto#老男孩#Mixed_Voice_Group#0016,D:\-MindEcho-main\ml_dl_models\gtsinger_multitech\dataset\raw\Chinese\ZH-Alto-1\Mixed_Voice_and_Falsetto\老男孩\Mixed_Voice_Group\0016.wav,Chinese/ZH-Alto-1/Mixed_Voice_and_Falsetto/老男孩/Mixed_Voice_Group/0016.wav,Chinese,ZH-Alto-1,老男孩,Mixed_Voice_Group,1,0,0,1,1,0,1,clear_mix,100110,positive_mix,
Chinese#ZH-Alto-1#Mixed_Voice_and_Falsetto#老男孩#Mixed_Voice_Group#0017,D:\-MindEcho-main\ml_dl_models\gtsinger_multitech\dataset\raw\Chinese\ZH-Alto-1\Mixed_Voice_and_Falsetto\老男孩\Mixed_Voice_Group\0017.wav,Chinese/ZH-Alto-1/Mixed_Voice_and_Falsetto/老男孩/Mixed_Voice_Group/0017.wav,Chinese,ZH-Alto-1,老男孩,Mixed_Voice_Group,1,0,0,0,1,0,1,clear_mix,100010,positive_mix,
Chinese#ZH-Alto-1#Mixed_Voice_and_Falsetto#老男孩#Mixed_Voice_Group#0018,D:\-MindEcho-main\ml_dl_models\gtsinger_multitech\dataset\raw\Chinese\ZH-Alto-1\Mixed_Voice_and_Falsetto\老男孩\Mixed_Voice_Group\0018.wav,Chinese/ZH-Alto-1/Mixed_Voice_and_Falsetto/老男孩/Mixed_Voice_Group/0018.wav,Chinese,ZH-Alto-1,老男孩,Mixed_Voice_Group,1,0,0,1,1,0,1,clear_mix,100110,positive_mix,
Chinese#ZH-Alto-1#Mixed_Voice_and_Falsetto#老男孩#Mixed_Voice_Group#0019,D:\-MindEcho-main\ml_dl_models\gtsinger_multitech\dataset\raw\Chinese\ZH-Alto-1\Mixed_Voice_and_Falsetto\老男孩\Mixed_Voice_Group\0019.wav,Chinese/ZH-Alto-1/Mixed_Voice_and_Falsetto/老男孩/Mixed_Voice_Group/0019.wav,Chinese,ZH-Alto-1,老男孩,Mixed_Voice_Group,1,0,0,0,1,0,1,clear_mix,100010,positive_mix,
Chinese#ZH-Alto-1#Mixed_Voice_and_Falsetto#老男孩#Mixed_Voice_Group#0020,D:\-MindEcho-main\ml_dl_models\gtsinger_multitech\dataset\raw\Chinese\ZH-Alto-1\Mixed_Voice_and_Falsetto\老男孩\Mixed_Voice_Group\0020.wav,Chinese/ZH-Alto-1/Mixed_Voice_and_Falsetto/老男孩/Mixed_Voice_Group/0020.wav,Chinese,ZH-Alto-1,老男孩,Mixed_Voice_Group,1,0,0,0,1,0,1,clear_mix,100010,positive_mix,
Chinese#ZH-Alto-1#Mixed_Voice_and_Falsetto#老男孩#Mixed_Voice_Group#0021,D:\-MindEcho-main\ml_dl_models\gtsinger_multitech\dataset\raw\Chinese\ZH-Alto-1\Mixed_Voice_and_Falsetto\老男孩\Mixed_Voice_Group\0021.wav,Chinese/ZH-Alto-1/Mixed_Voice_and_Falsetto/老男孩/Mixed_Voice_Group/0021.wav,Chinese,ZH-Alto-1,老男孩,Mixed_Voice_Group,1,0,0,0,1,0,1,clear_mix,100010,positive_mix,
Chinese#ZH-Alto-1#Mixed_Voice_and_Falsetto#菊花台#Mixed_Voice_Group#0000,D:\-MindEcho-main\ml_dl_models\gtsinger_multitech\dataset\raw\Chinese\ZH-Alto-1\Mixed_Voice_and_Falsetto\菊花台\Mixed_Voice_Group\0000.wav,Chinese/ZH-Alto-1/Mixed_Voice_and_Falsetto/菊花台/Mixed_Voice_Group/0000.wav,Chinese,ZH-Alto-1,菊花台,Mixed_Voice_Group,1,0,0,0,0,0,1,clear_mix,100000,positive_mix,
Chinese#ZH-Alto-1#Mixed_Voice_and_Falsetto#菊花台#Mixed_Voice_Group#0001,D:\-MindEcho-main\ml_dl_models\gtsinger_multitech\dataset\raw\Chinese\ZH-Alto-1\Mixed_Voice_and_Falsetto\菊花台\Mixed_Voice_Group\0001.wav,Chinese/ZH-Alto-1/Mixed_Voice_and_Falsetto/菊花台/Mixed_Voice_Group/0001.wav,Chinese,ZH-Alto-1,菊花台,Mixed_Voice_Group,1,0,0,0,1,0,1,clear_mix,100010,positive_mix,
Chinese#ZH-Alto-1#Mixed_Voice_and_Falsetto#菊花台#Mixed_Voice_Group#0002,D:\-MindEcho-main\ml_dl_models\gtsinger_multitech\dataset\raw\Chinese\ZH-Alto-1\Mixed_Voice_and_Falsetto\菊花台\Mixed_Voice_Group\0002.wav,Chinese/ZH-Alto-1/Mixed_Voice_and_Falsetto/菊花台/Mixed_Voice_Group/0002.wav,Chinese,ZH-Alto-1,菊花台,Mixed_Voice_Group,1,0,0,0,1,0,1,clear_mix,100010,positive_mix,
Chinese#ZH-Alto-1#Mixed_Voice_and_Falsetto#菊花台#Mixed_Voice_Group#0004,D:\-MindEcho-main\ml_dl_models\gtsinger_multitech\dataset\raw\Chinese\ZH-Alto-1\Mixed_Voice_and_Falsetto\菊花台\Mixed_Voice_Group\0004.wav,Chinese/ZH-Alto-1/Mixed_Voice_and_Falsetto/菊花台/Mixed_Voice_Group/0004.wav,Chinese,ZH-Alto-1,菊花台,Mixed_Voice_Group,1,0,0,0,1,0,1,clear_mix,100010,positive_mix,
Chinese#ZH-Alto-1#Mixed_Voice_and_Falsetto#菊花台#Mixed_Voice_Group#0005,D:\-MindEcho-main\ml_dl_models\gtsinger_multitech\dataset\raw\Chinese\ZH-Alto-1\Mixed_Voice_and_Falsetto\菊花台\Mixed_Voice_Group\0005.wav,Chinese/ZH-Alto-1/Mixed_Voice_and_Falsetto/菊花台/Mixed_Voice_Group/0005.wav,Chinese,ZH-Alto-1,菊花台,Mixed_Voice_Group,1,0,0,0,1,0,1,clear_mix,100010,positive_mix,
Chinese#ZH-Alto-1#Mixed_Voice_and_Falsetto#菊花台#Mixed_Voice_Group#0006,D:\-MindEcho-main\ml_dl_models\gtsinger_multitech\dataset\raw\Chinese\ZH-Alto-1\Mixed_Voice_and_Falsetto\菊花台\Mixed_Voice_Group\0006.wav,Chinese/ZH-Alto-1/Mixed_Voice_and_Falsetto/菊花台/Mixed_Voice_Group/0006.wav,Chinese,ZH-Alto-1,菊花台,Mixed_Voice_Group,1,0,0,0,1,0,1,clear_mix,100010,positive_mix,
Chinese#ZH-Alto-1#Mixed_Voice_and_Falsetto#菊花台#Mixed_Voice_Group#0007,D:\-MindEcho-main\ml_dl_models\gtsinger_multitech\dataset\raw\Chinese\ZH-Alto-1\Mixed_Voice_and_Falsetto\菊花台\Mixed_Voice_Group\0007.wav,Chinese/ZH-Alto-1/Mixed_Voice_and_Falsetto/菊花台/Mixed_Voice_Group/0007.wav,Chinese,ZH-Alto-1,菊花台,Mixed_Voice_Group,1,0,0,0,0,0,1,clear_mix,100000,positive_mix,
Chinese#ZH-Alto-1#Mixed_Voice_and_Falsetto#菊花台#Mixed_Voice_Group#0008,D:\-MindEcho-main\ml_dl_models\gtsinger_multitech\dataset\raw\Chinese\ZH-Alto-1\Mixed_Voice_and_Falsetto\菊花台\Mixed_Voice_Group\0008.wav,Chinese/ZH-Alto-1/Mixed_Voice_and_Falsetto/菊花台/Mixed_Voice_Group/0008.wav,Chinese,ZH-Alto-1,菊花台,Mixed_Voice_Group,1,0,0,0,1,0,1,clear_mix,100010,positive_mix,
Chinese#ZH-Alto-1#Mixed_Voice_and_Falsetto#菊花台#Mixed_Voice_Group#0009,D:\-MindEcho-main\ml_dl_models\gtsinger_multitech\dataset\raw\Chinese\ZH-Alto-1\Mixed_Voice_and_Falsetto\菊花台\Mixed_Voice_Group\0009.wav,Chinese/ZH-Alto-1/Mixed_Voice_and_Falsetto/菊花台/Mixed_Voice_Group/0009.wav,Chinese,ZH-Alto-1,菊花台,Mixed_Voice_Group,1,0,0,0,1,0,1,clear_mix,100010,positive_mix,
Chinese#ZH-Alto-1#Mixed_Voice_and_Falsetto#菊花台#Mixed_Voice_Group#0012,D:\-MindEcho-main\ml_dl_models\gtsinger_multitech\dataset\raw\Chinese\ZH-Alto-1\Mixed_Voice_and_Falsetto\菊花台\Mixed_Voice_Group\0012.wav,Chinese/ZH-Alto-1/Mixed_Voice_and_Falsetto/菊花台/Mixed_Voice_Group/0012.wav,Chinese,ZH-Alto-1,菊花台,Mixed_Voice_Group,1,0,0,0,1,0,1,clear_mix,100010,positive_mix,
Chinese#ZH-Alto-1#Mixed_Voice_and_Falsetto#菊花台#Mixed_Voice_Group#0014,D:\-MindEcho-main\ml_dl_models\gtsinger_multitech\dataset\raw\Chinese\ZH-Alto-1\Mixed_Voice_and_Falsetto\菊花台\Mixed_Voice_Group\0014.wav,Chinese/ZH-Alto-1/Mixed_Voice_and_Falsetto/菊花台/Mixed_Voice_Group/0014.wav,Chinese,ZH-Alto-1,菊花台,Mixed_Voice_Group,1,0,0,0,1,0,1,clear_mix,100010,positive_mix,
Chinese#ZH-Alto-1#Mixed_Voice_and_Falsetto#菊花台#Mixed_Voice_Group#0015,D:\-MindEcho-main\ml_dl_models\gtsinger_multitech\dataset\raw\Chinese\ZH-Alto-1\Mixed_Voice_and_Falsetto\菊花台\Mixed_Voice_Group\0015.wav,Chinese/ZH-Alto-1/Mixed_Voice_and_Falsetto/菊花台/Mixed_Voice_Group/0015.wav,Chinese,ZH-Alto-1,菊花台,Mixed_Voice_Group,1,0,0,0,1,0,1,clear_mix,100010,positive_mix,
Chinese#ZH-Alto-1#Mixed_Voice_and_Falsetto#菊花台#Mixed_Voice_Group#0016,D:\-MindEcho-main\ml_dl_models\gtsinger_multitech\dataset\raw\Chinese\ZH-Alto-1\Mixed_Voice_and_Falsetto\菊花台\Mixed_Voice_Group\0016.wav,Chinese/ZH-Alto-1/Mixed_Voice_and_Falsetto/菊花台/Mixed_Voice_Group/0016.wav,Chinese,ZH-Alto-1,菊花台,Mixed_Voice_Group,1,0,0,0,1,0,1,clear_mix,100010,positive_mix,
Chinese#ZH-Alto-1#Mixed_Voice_and_Falsetto#菊花台#Mixed_Voice_Group#0017,D:\-MindEcho-main\ml_dl_models\gtsinger_multitech\dataset\raw\Chinese\ZH-Alto-1\Mixed_Voice_and_Falsetto\菊花台\Mixed_Voice_Group\0017.wav,Chinese/ZH-Alto-1/Mixed_Voice_and_Falsetto/菊花台/Mixed_Voice_Group/0017.wav,Chinese,ZH-Alto-1,菊花台,Mixed_Voice_Group,1,0,0,0,1,0,1,clear_mix,100010,positive_mix,
Chinese#ZH-Alto-1#Mixed_Voice_and_Falsetto#菊花台#Mixed_Voice_Group#0018,D:\-MindEcho-main\ml_dl_models\gtsinger_multitech\dataset\raw\Chinese\ZH-Alto-1\Mixed_Voice_and_Falsetto\菊花台\Mixed_Voice_Group\0018.wav,Chinese/ZH-Alto-1/Mixed_Voice_and_Falsetto/菊花台/Mixed_Voice_Group/0018.wav,Chinese,ZH-Alto-1,菊花台,Mixed_Voice_Group,1,0,0,0,1,0,1,clear_mix,100010,positive_mix,
Chinese#ZH-Alto-1#Mixed_Voice_and_Falsetto#菊花台#Mixed_Voice_Group#0019,D:\-MindEcho-main\ml_dl_models\gtsinger_multitech\dataset\raw\Chinese\ZH-Alto-1\Mixed_Voice_and_Falsetto\菊花台\Mixed_Voice_Group\0019.wav,Chinese/ZH-Alto-1/Mixed_Voice_and_Falsetto/菊花台/Mixed_Voice_Group/0019.wav,Chinese,ZH-Alto-1,菊花台,Mixed_Voice_Group,1,0,0,0,1,0,1,clear_mix,100010,positive_mix,
Chinese#ZH-Alto-1#Mixed_Voice_and_Falsetto#贝加尔湖畔#Mixed_Voice_Group#0000,D:\-MindEcho-main\ml_dl_models\gtsinger_multitech\dataset\raw\Chinese\ZH-Alto-1\Mixed_Voice_and_Falsetto\贝加尔湖畔\Mixed_Voice_Group\0000.wav,Chinese/ZH-Alto-1/Mixed_Voice_and_Falsetto/贝加尔湖畔/Mixed_Voice_Group/0000.wav,Chinese,ZH-Alto-1,贝加尔湖畔,Mixed_Voice_Group,1,0,0,0,1,0,1,clear_mix,100010,positive_mix,
Chinese#ZH-Alto-1#Mixed_Voice_and_Falsetto#贝加尔湖畔#Mixed_Voice_Group#0001,D:\-MindEcho-main\ml_dl_models\gtsinger_multitech\dataset\raw\Chinese\ZH-Alto-1\Mixed_Voice_and_Falsetto\贝加尔湖畔\Mixed_Voice_Group\0001.wav,Chinese/ZH-Alto-1/Mixed_Voice_and_Falsetto/贝加尔湖畔/Mixed_Voice_Group/0001.wav,Chinese,ZH-Alto-1,贝加尔湖畔,Mixed_Voice_Group,1,0,0,1,1,0,1,clear_mix,100110,positive_mix,
Chinese#ZH-Alto-1#Mixed_Voice_and_Falsetto#贝加尔湖畔#Mixed_Voice_Group#0003,D:\-MindEcho-main\ml_dl_models\gtsinger_multitech\dataset\raw\Chinese\ZH-Alto-1\Mixed_Voice_and_Falsetto\贝加尔湖畔\Mixed_Voice_Group\0003.wav,Chinese/ZH-Alto-1/Mixed_Voice_and_Falsetto/贝加尔湖畔/Mixed_Voice_Group/0003.wav,Chinese,ZH-Alto-1,贝加尔湖畔,Mixed_Voice_Group,1,0,0,1,1,0,1,clear_mix,100110,positive_mix,
Chinese#ZH-Alto-1#Mixed_Voice_and_Falsetto#贝加尔湖畔#Mixed_Voice_Group#0004,D:\-MindEcho-main\ml_dl_models\gtsinger_multitech\dataset\raw\Chinese\ZH-Alto-1\Mixed_Voice_and_Falsetto\贝加尔湖畔\Mixed_Voice_Group\0004.wav,Chinese/ZH-Alto-1/Mixed_Voice_and_Falsetto/贝加尔湖畔/Mixed_Voice_Group/0004.wav,Chinese,ZH-Alto-1,贝加尔湖畔,Mixed_Voice_Group,1,0,0,1,1,0,1,clear_mix,100110,positive_mix,
Chinese#ZH-Alto-1#Mixed_Voice_and_Falsetto#贝加尔湖畔#Mixed_Voice_Group#0008,D:\-MindEcho-main\ml_dl_models\gtsinger_multitech\dataset\raw\Chinese\ZH-Alto-1\Mixed_Voice_and_Falsetto\贝加尔湖畔\Mixed_Voice_Group\0008.wav,Chinese/ZH-Alto-1/Mixed_Voice_and_Falsetto/贝加尔湖畔/Mixed_Voice_Group/0008.wav,Chinese,ZH-Alto-1,贝加尔湖畔,Mixed_Voice_Group,1,0,0,0,1,0,1,clear_mix,100010,positive_mix,
Chinese#ZH-Alto-1#Mixed_Voice_and_Falsetto#贝加尔湖畔#Mixed_Voice_Group#0009,D:\-MindEcho-main\ml_dl_models\gtsinger_multitech\dataset\raw\Chinese\ZH-Alto-1\Mixed_Voice_and_Falsetto\贝加尔湖畔\Mixed_Voice_Group\0009.wav,Chinese/ZH-Alto-1/Mixed_Voice_and_Falsetto/贝加尔湖畔/Mixed_Voice_Group/0009.wav,Chinese,ZH-Alto-1,贝加尔湖畔,Mixed_Voice_Group,1,0,0,0,1,0,1,clear_mix,100010,positive_mix,
Chinese#ZH-Alto-1#Mixed_Voice_and_Falsetto#贝加尔湖畔#Mixed_Voice_Group#0010,D:\-MindEcho-main\ml_dl_models\gtsinger_multitech\dataset\raw\Chinese\ZH-Alto-1\Mixed_Voice_and_Falsetto\贝加尔湖畔\Mixed_Voice_Group\0010.wav,Chinese/ZH-Alto-1/Mixed_Voice_and_Falsetto/贝加尔湖畔/Mixed_Voice_Group/0010.wav,Chinese,ZH-Alto-1,贝加尔湖畔,Mixed_Voice_Group,1,0,0,0,1,0,1,clear_mix,100010,positive_mix,
Chinese#ZH-Alto-1#Mixed_Voice_and_Falsetto#贝加尔湖畔#Mixed_Voice_Group#0011,D:\-MindEcho-main\ml_dl_models\gtsinger_multitech\dataset\raw\Chinese\ZH-Alto-1\Mixed_Voice_and_Falsetto\贝加尔湖畔\Mixed_Voice_Group\0011.wav,Chinese/ZH-Alto-1/Mixed_Voice_and_Falsetto/贝加尔湖畔/Mixed_Voice_Group/0011.wav,Chinese,ZH-Alto-1,贝加尔湖畔,Mixed_Voice_Group,1,0,0,1,1,0,1,clear_mix,100110,positive_mix,
Chinese#ZH-Alto-1#Mixed_Voice_and_Falsetto#走马#Mixed_Voice_Group#0001,D:\-MindEcho-main\ml_dl_models\gtsinger_multitech\dataset\raw\Chinese\ZH-Alto-1\Mixed_Voice_and_Falsetto\走马\Mixed_Voice_Group\0001.wav,Chinese/ZH-Alto-1/Mixed_Voice_and_Falsetto/走马/Mixed_Voice_Group/0001.wav,Chinese,ZH-Alto-1,走马,Mixed_Voice_Group,1,0,0,0,1,0,1,clear_mix,100010,positive_mix,
Chinese#ZH-Alto-1#Mixed_Voice_and_Falsetto#逆光#Mixed_Voice_Group#0000,D:\-MindEcho-main\ml_dl_models\gtsinger_multitech\dataset\raw\Chinese\ZH-Alto-1\Mixed_Voice_and_Falsetto\逆光\Mixed_Voice_Group\0000.wav,Chinese/ZH-Alto-1/Mixed_Voice_and_Falsetto/逆光/Mixed_Voice_Group/0000.wav,Chinese,ZH-Alto-1,逆光,Mixed_Voice_Group,1,0,0,0,1,0,1,clear_mix,100010,positive_mix,
Chinese#ZH-Alto-1#Mixed_Voice_and_Falsetto#逆光#Mixed_Voice_Group#0001,D:\-MindEcho-main\ml_dl_models\gtsinger_multitech\dataset\raw\Chinese\ZH-Alto-1\Mixed_Voice_and_Falsetto\逆光\Mixed_Voice_Group\0001.wav,Chinese/ZH-Alto-1/Mixed_Voice_and_Falsetto/逆光/Mixed_Voice_Group/0001.wav,Chinese,ZH-Alto-1,逆光,Mixed_Voice_Group,1,0,0,0,1,0,1,clear_mix,100010,positive_mix,
Chinese#ZH-Alto-1#Mixed_Voice_and_Falsetto#逆光#Mixed_Voice_Group#0002,D:\-MindEcho-main\ml_dl_models\gtsinger_multitech\dataset\raw\Chinese\ZH-Alto-1\Mixed_Voice_and_Falsetto\逆光\Mixed_Voice_Group\0002.wav,Chinese/ZH-Alto-1/Mixed_Voice_and_Falsetto/逆光/Mixed_Voice_Group/0002.wav,Chinese,ZH-Alto-1,逆光,Mixed_Voice_Group,1,0,0,0,1,0,1,clear_mix,100010,positive_mix,
Chinese#ZH-Alto-1#Mixed_Voice_and_Falsetto#逆光#Mixed_Voice_Group#0003,D:\-MindEcho-main\ml_dl_models\gtsinger_multitech\dataset\raw\Chinese\ZH-Alto-1\Mixed_Voice_and_Falsetto\逆光\Mixed_Voice_Group\0003.wav,Chinese/ZH-Alto-1/Mixed_Voice_and_Falsetto/逆光/Mixed_Voice_Group/0003.wav,Chinese,ZH-Alto-1,逆光,Mixed_Voice_Group,1,0,0,1,1,0,1,clear_mix,100110,positive_mix,
Chinese#ZH-Alto-1#Mixed_Voice_and_Falsetto#青花瓷#Mixed_Voice_Group#0000,D:\-MindEcho-main\ml_dl_models\gtsinger_multitech\dataset\raw\Chinese\ZH-Alto-1\Mixed_Voice_and_Falsetto\青花瓷\Mixed_Voice_Group\0000.wav,Chinese/ZH-Alto-1/Mixed_Voice_and_Falsetto/青花瓷/Mixed_Voice_Group/0000.wav,Chinese,ZH-Alto-1,青花瓷,Mixed_Voice_Group,1,0,0,0,1,0,1,clear_mix,100010,positive_mix,
Chinese#ZH-Alto-1#Mixed_Voice_and_Falsetto#青花瓷#Mixed_Voice_Group#0001,D:\-MindEcho-main\ml_dl_models\gtsinger_multitech\dataset\raw\Chinese\ZH-Alto-1\Mixed_Voice_and_Falsetto\青花瓷\Mixed_Voice_Group\0001.wav,Chinese/ZH-Alto-1/Mixed_Voice_and_Falsetto/青花瓷/Mixed_Voice_Group/0001.wav,Chinese,ZH-Alto-1,青花瓷,Mixed_Voice_Group,1,0,0,0,1,0,1,clear_mix,100010,positive_mix,
Chinese#ZH-Alto-1#Mixed_Voice_and_Falsetto#青花瓷#Mixed_Voice_Group#0003,D:\-MindEcho-main\ml_dl_models\gtsinger_multitech\dataset\raw\Chinese\ZH-Alto-1\Mixed_Voice_and_Falsetto\青花瓷\Mixed_Voice_Group\0003.wav,Chinese/ZH-Alto-1/Mixed_Voice_and_Falsetto/青花瓷/Mixed_Voice_Group/0003.wav,Chinese,ZH-Alto-1,青花瓷,Mixed_Voice_Group,1,0,0,0,1,0,1,clear_mix,100010,positive_mix,
Chinese#ZH-Alto-1#Mixed_Voice_and_Falsetto#青花瓷#Mixed_Voice_Group#0004,D:\-MindEcho-main\ml_dl_models\gtsinger_multitech\dataset\raw\Chinese\ZH-Alto-1\Mixed_Voice_and_Falsetto\青花瓷\Mixed_Voice_Group\0004.wav,Chinese/ZH-Alto-1/Mixed_Voice_and_Falsetto/青花瓷/Mixed_Voice_Group/0004.wav,Chinese,ZH-Alto-1,青花瓷,Mixed_Voice_Group,1,0,0,0,1,0,1,clear_mix,100010,positive_mix,
Chinese#ZH-Alto-1#Mixed_Voice_and_Falsetto#青花瓷#Mixed_Voice_Group#0005,D:\-MindEcho-main\ml_dl_models\gtsinger_multitech\dataset\raw\Chinese\ZH-Alto-1\Mixed_Voice_and_Falsetto\青花瓷\Mixed_Voice_Group\0005.wav,Chinese/ZH-Alto-1/Mixed_Voice_and_Falsetto/青花瓷/Mixed_Voice_Group/0005.wav,Chinese,ZH-Alto-1,青花瓷,Mixed_Voice_Group,1,0,0,0,1,1,1,clear_mix,100011,positive_mix,
Chinese#ZH-Alto-1#Mixed_Voice_and_Falsetto#青花瓷#Mixed_Voice_Group#0006,D:\-MindEcho-main\ml_dl_models\gtsinger_multitech\dataset\raw\Chinese\ZH-Alto-1\Mixed_Voice_and_Falsetto\青花瓷\Mixed_Voice_Group\0006.wav,Chinese/ZH-Alto-1/Mixed_Voice_and_Falsetto/青花瓷/Mixed_Voice_Group/0006.wav,Chinese,ZH-Alto-1,青花瓷,Mixed_Voice_Group,1,0,0,0,0,0,1,clear_mix,100000,positive_mix,
Chinese#ZH-Alto-1#Mixed_Voice_and_Falsetto#青花瓷#Mixed_Voice_Group#0007,D:\-MindEcho-main\ml_dl_models\gtsinger_multitech\dataset\raw\Chinese\ZH-Alto-1\Mixed_Voice_and_Falsetto\青花瓷\Mixed_Voice_Group\0007.wav,Chinese/ZH-Alto-1/Mixed_Voice_and_Falsetto/青花瓷/Mixed_Voice_Group/0007.wav,Chinese,ZH-Alto-1,青花瓷,Mixed_Voice_Group,1,0,0,0,1,1,1,clear_mix,100011,positive_mix,
Chinese#ZH-Alto-1#Mixed_Voice_and_Falsetto#青花瓷#Mixed_Voice_Group#0008,D:\-MindEcho-main\ml_dl_models\gtsinger_multitech\dataset\raw\Chinese\ZH-Alto-1\Mixed_Voice_and_Falsetto\青花瓷\Mixed_Voice_Group\0008.wav,Chinese/ZH-Alto-1/Mixed_Voice_and_Falsetto/青花瓷/Mixed_Voice_Group/0008.wav,Chinese,ZH-Alto-1,青花瓷,Mixed_Voice_Group,1,0,0,0,0,0,1,clear_mix,100000,positive_mix,
Chinese#ZH-Alto-1#Mixed_Voice_and_Falsetto#青花瓷#Mixed_Voice_Group#0009,D:\-MindEcho-main\ml_dl_models\gtsinger_multitech\dataset\raw\Chinese\ZH-Alto-1\Mixed_Voice_and_Falsetto\青花瓷\Mixed_Voice_Group\0009.wav,Chinese/ZH-Alto-1/Mixed_Voice_and_Falsetto/青花瓷/Mixed_Voice_Group/0009.wav,Chinese,ZH-Alto-1,青花瓷,Mixed_Voice_Group,1,0,0,0,1,0,1,clear_mix,100010,positive_mix,
Chinese#ZH-Alto-1#Mixed_Voice_and_Falsetto#鸽子#Mixed_Voice_Group#0002,D:\-MindEcho-main\ml_dl_models\gtsinger_multitech\dataset\raw\Chinese\ZH-Alto-1\Mixed_Voice_and_Falsetto\鸽子\Mixed_Voice_Group\0002.wav,Chinese/ZH-Alto-1/Mixed_Voice_and_Falsetto/鸽子/Mixed_Voice_Group/0002.wav,Chinese,ZH-Alto-1,鸽子,Mixed_Voice_Group,1,0,0,0,1,0,1,clear_mix,100010,positive_mix,
Chinese#ZH-Alto-1#Mixed_Voice_and_Falsetto#鸽子#Mixed_Voice_Group#0003,D:\-MindEcho-main\ml_dl_models\gtsinger_multitech\dataset\raw\Chinese\ZH-Alto-1\Mixed_Voice_and_Falsetto\鸽子\Mixed_Voice_Group\0003.wav,Chinese/ZH-Alto-1/Mixed_Voice_and_Falsetto/鸽子/Mixed_Voice_Group/0003.wav,Chinese,ZH-Alto-1,鸽子,Mixed_Voice_Group,1,0,0,0,1,0,1,clear_mix,100010,positive_mix,
Chinese#ZH-Alto-1#Mixed_Voice_and_Falsetto#鸽子#Mixed_Voice_Group#0004,D:\-MindEcho-main\ml_dl_models\gtsinger_multitech\dataset\raw\Chinese\ZH-Alto-1\Mixed_Voice_and_Falsetto\鸽子\Mixed_Voice_Group\0004.wav,Chinese/ZH-Alto-1/Mixed_Voice_and_Falsetto/鸽子/Mixed_Voice_Group/0004.wav,Chinese,ZH-Alto-1,鸽子,Mixed_Voice_Group,1,0,0,0,1,0,1,clear_mix,100010,positive_mix,
Chinese#ZH-Alto-1#Mixed_Voice_and_Falsetto#鸽子#Mixed_Voice_Group#0005,D:\-MindEcho-main\ml_dl_models\gtsinger_multitech\dataset\raw\Chinese\ZH-Alto-1\Mixed_Voice_and_Falsetto\鸽子\Mixed_Voice_Group\0005.wav,Chinese/ZH-Alto-1/Mixed_Voice_and_Falsetto/鸽子/Mixed_Voice_Group/0005.wav,Chinese,ZH-Alto-1,鸽子,Mixed_Voice_Group,1,0,0,0,1,0,1,clear_mix,100010,positive_mix,
Chinese#ZH-Alto-1#Mixed_Voice_and_Falsetto#鸽子#Mixed_Voice_Group#0006,D:\-MindEcho-main\ml_dl_models\gtsinger_multitech\dataset\raw\Chinese\ZH-Alto-1\Mixed_Voice_and_Falsetto\鸽子\Mixed_Voice_Group\0006.wav,Chinese/ZH-Alto-1/Mixed_Voice_and_Falsetto/鸽子/Mixed_Voice_Group/0006.wav,Chinese,ZH-Alto-1,鸽子,Mixed_Voice_Group,1,0,0,0,1,0,1,clear_mix,100010,positive_mix,
Chinese#ZH-Alto-1#Mixed_Voice_and_Falsetto#鸽子#Mixed_Voice_Group#0007,D:\-MindEcho-main\ml_dl_models\gtsinger_multitech\dataset\raw\Chinese\ZH-Alto-1\Mixed_Voice_and_Falsetto\鸽子\Mixed_Voice_Group\0007.wav,Chinese/ZH-Alto-1/Mixed_Voice_and_Falsetto/鸽子/Mixed_Voice_Group/0007.wav,Chinese,ZH-Alto-1,鸽子,Mixed_Voice_Group,1,0,0,0,1,0,1,clear_mix,100010,positive_mix,
Chinese#ZH-Tenor-1#Mixed_Voice_and_Falsetto#一次就好#Mixed_Voice_Group#0000,D:\-MindEcho-main\ml_dl_models\gtsinger_multitech\dataset\raw\Chinese\ZH-Tenor-1\Mixed_Voice_and_Falsetto\一次就好\Mixed_Voice_Group\0000.wav,Chinese/ZH-Tenor-1/Mixed_Voice_and_Falsetto/一次就好/Mixed_Voice_Group/0000.wav,Chinese,ZH-Tenor-1,一次就好,Mixed_Voice_Group,1,0,0,0,1,0,1,clear_mix,100010,positive_mix,
Chinese#ZH-Tenor-1#Mixed_Voice_and_Falsetto#一次就好#Mixed_Voice_Group#0004,D:\-MindEcho-main\ml_dl_models\gtsinger_multitech\dataset\raw\Chinese\ZH-Tenor-1\Mixed_Voice_and_Falsetto\一次就好\Mixed_Voice_Group\0004.wav,Chinese/ZH-Tenor-1/Mixed_Voice_and_Falsetto/一次就好/Mixed_Voice_Group/0004.wav,Chinese,ZH-Tenor-1,一次就好,Mixed_Voice_Group,1,0,0,0,1,0,1,clear_mix,100010,positive_mix,
Chinese#ZH-Tenor-1#Mixed_Voice_and_Falsetto#一次就好#Mixed_Voice_Group#0005,D:\-MindEcho-main\ml_dl_models\gtsinger_multitech\dataset\raw\Chinese\ZH-Tenor-1\Mixed_Voice_and_Falsetto\一次就好\Mixed_Voice_Group\0005.wav,Chinese/ZH-Tenor-1/Mixed_Voice_and_Falsetto/一次就好/Mixed_Voice_Group/0005.wav,Chinese,ZH-Tenor-1,一次就好,Mixed_Voice_Group,1,0,0,0,1,0,1,clear_mix,100010,positive_mix,
Chinese#ZH-Tenor-1#Mixed_Voice_and_Falsetto#一次就好#Mixed_Voice_Group#0006,D:\-MindEcho-main\ml_dl_models\gtsinger_multitech\dataset\raw\Chinese\ZH-Tenor-1\Mixed_Voice_and_Falsetto\一次就好\Mixed_Voice_Group\0006.wav,Chinese/ZH-Tenor-1/Mixed_Voice_and_Falsetto/一次就好/Mixed_Voice_Group/0006.wav,Chinese,ZH-Tenor-1,一次就好,Mixed_Voice_Group,1,0,0,0,1,0,1,clear_mix,100010,positive_mix,
Chinese#ZH-Tenor-1#Mixed_Voice_and_Falsetto#一次就好#Mixed_Voice_Group#0007,D:\-MindEcho-main\ml_dl_models\gtsinger_multitech\dataset\raw\Chinese\ZH-Tenor-1\Mixed_Voice_and_Falsetto\一次就好\Mixed_Voice_Group\0007.wav,Chinese/ZH-Tenor-1/Mixed_Voice_and_Falsetto/一次就好/Mixed_Voice_Group/0007.wav,Chinese,ZH-Tenor-1,一次就好,Mixed_Voice_Group,1,0,0,0,1,0,1,clear_mix,100010,positive_mix,
Chinese#ZH-Tenor-1#Mixed_Voice_and_Falsetto#一次就好#Mixed_Voice_Group#0009,D:\-MindEcho-main\ml_dl_models\gtsinger_multitech\dataset\raw\Chinese\ZH-Tenor-1\Mixed_Voice_and_Falsetto\一次就好\Mixed_Voice_Group\0009.wav,Chinese/ZH-Tenor-1/Mixed_Voice_and_Falsetto/一次就好/Mixed_Voice_Group/0009.wav,Chinese,ZH-Tenor-1,一次就好,Mixed_Voice_Group,1,0,0,0,1,0,1,clear_mix,100010,positive_mix,
Chinese#ZH-Tenor-1#Mixed_Voice_and_Falsetto#一次就好#Mixed_Voice_Group#0010,D:\-MindEcho-main\ml_dl_models\gtsinger_multitech\dataset\raw\Chinese\ZH-Tenor-1\Mixed_Voice_and_Falsetto\一次就好\Mixed_Voice_Group\0010.wav,Chinese/ZH-Tenor-1/Mixed_Voice_and_Falsetto/一次就好/Mixed_Voice_Group/0010.wav,Chinese,ZH-Tenor-1,一次就好,Mixed_Voice_Group,1,0,0,0,1,0,1,clear_mix,100010,positive_mix,
Chinese#ZH-Tenor-1#Mixed_Voice_and_Falsetto#不能说的秘密#Mixed_Voice_Group#0000,D:\-MindEcho-main\ml_dl_models\gtsinger_multitech\dataset\raw\Chinese\ZH-Tenor-1\Mixed_Voice_and_Falsetto\不能说的秘密\Mixed_Voice_Group\0000.wav,Chinese/ZH-Tenor-1/Mixed_Voice_and_Falsetto/不能说的秘密/Mixed_Voice_Group/0000.wav,Chinese,ZH-Tenor-1,不能说的秘密,Mixed_Voice_Group,1,0,0,0,1,0,1,clear_mix,100010,positive_mix,
Chinese#ZH-Tenor-1#Mixed_Voice_and_Falsetto#不能说的秘密#Mixed_Voice_Group#0001,D:\-MindEcho-main\ml_dl_models\gtsinger_multitech\dataset\raw\Chinese\ZH-Tenor-1\Mixed_Voice_and_Falsetto\不能说的秘密\Mixed_Voice_Group\0001.wav,Chinese/ZH-Tenor-1/Mixed_Voice_and_Falsetto/不能说的秘密/Mixed_Voice_Group/0001.wav,Chinese,ZH-Tenor-1,不能说的秘密,Mixed_Voice_Group,1,0,0,0,1,0,1,clear_mix,100010,positive_mix,
Chinese#ZH-Tenor-1#Mixed_Voice_and_Falsetto#不能说的秘密#Mixed_Voice_Group#0004,D:\-MindEcho-main\ml_dl_models\gtsinger_multitech\dataset\raw\Chinese\ZH-Tenor-1\Mixed_Voice_and_Falsetto\不能说的秘密\Mixed_Voice_Group\0004.wav,Chinese/ZH-Tenor-1/Mixed_Voice_and_Falsetto/不能说的秘密/Mixed_Voice_Group/0004.wav,Chinese,ZH-Tenor-1,不能说的秘密,Mixed_Voice_Group,1,0,0,0,1,0,1,clear_mix,100010,positive_mix,
Chinese#ZH-Tenor-1#Mixed_Voice_and_Falsetto#不能说的秘密#Mixed_Voice_Group#0005,D:\-MindEcho-main\ml_dl_models\gtsinger_multitech\dataset\raw\Chinese\ZH-Tenor-1\Mixed_Voice_and_Falsetto\不能说的秘密\Mixed_Voice_Group\0005.wav,Chinese/ZH-Tenor-1/Mixed_Voice_and_Falsetto/不能说的秘密/Mixed_Voice_Group/0005.wav,Chinese,ZH-Tenor-1,不能说的秘密,Mixed_Voice_Group,1,0,0,0,1,0,1,clear_mix,100010,positive_mix,
Chinese#ZH-Tenor-1#Mixed_Voice_and_Falsetto#不能说的秘密#Mixed_Voice_Group#0008,D:\-MindEcho-main\ml_dl_models\gtsinger_multitech\dataset\raw\Chinese\ZH-Tenor-1\Mixed_Voice_and_Falsetto\不能说的秘密\Mixed_Voice_Group\0008.wav,Chinese/ZH-Tenor-1/Mixed_Voice_and_Falsetto/不能说的秘密/Mixed_Voice_Group/0008.wav,Chinese,ZH-Tenor-1,不能说的秘密,Mixed_Voice_Group,1,0,0,0,1,0,1,clear_mix,100010,positive_mix,
Chinese#ZH-Tenor-1#Mixed_Voice_and_Falsetto#不能说的秘密#Mixed_Voice_Group#0009,D:\-MindEcho-main\ml_dl_models\gtsinger_multitech\dataset\raw\Chinese\ZH-Tenor-1\Mixed_Voice_and_Falsetto\不能说的秘密\Mixed_Voice_Group\0009.wav,Chinese/ZH-Tenor-1/Mixed_Voice_and_Falsetto/不能说的秘密/Mixed_Voice_Group/0009.wav,Chinese,ZH-Tenor-1,不能说的秘密,Mixed_Voice_Group,1,0,0,0,1,0,1,clear_mix,100010,positive_mix,
Chinese#ZH-Tenor-1#Mixed_Voice_and_Falsetto#不能说的秘密#Mixed_Voice_Group#0010,D:\-MindEcho-main\ml_dl_models\gtsinger_multitech\dataset\raw\Chinese\ZH-Tenor-1\Mixed_Voice_and_Falsetto\不能说的秘密\Mixed_Voice_Group\0010.wav,Chinese/ZH-Tenor-1/Mixed_Voice_and_Falsetto/不能说的秘密/Mixed_Voice_Group/0010.wav,Chinese,ZH-Tenor-1,不能说的秘密,Mixed_Voice_Group,1,0,0,0,1,0,1,clear_mix,100010,positive_mix,
Chinese#ZH-Tenor-1#Mixed_Voice_and_Falsetto#你就不要想起我#Mixed_Voice_Group#0002,D:\-MindEcho-main\ml_dl_models\gtsinger_multitech\dataset\raw\Chinese\ZH-Tenor-1\Mixed_Voice_and_Falsetto\你就不要想起我\Mixed_Voice_Group\0002.wav,Chinese/ZH-Tenor-1/Mixed_Voice_and_Falsetto/你就不要想起我/Mixed_Voice_Group/0002.wav,Chinese,ZH-Tenor-1,你就不要想起我,Mixed_Voice_Group,1,0,0,0,1,0,1,clear_mix,100010,positive_mix,
Chinese#ZH-Tenor-1#Mixed_Voice_and_Falsetto#你就不要想起我#Mixed_Voice_Group#0003,D:\-MindEcho-main\ml_dl_models\gtsinger_multitech\dataset\raw\Chinese\ZH-Tenor-1\Mixed_Voice_and_Falsetto\你就不要想起我\Mixed_Voice_Group\0003.wav,Chinese/ZH-Tenor-1/Mixed_Voice_and_Falsetto/你就不要想起我/Mixed_Voice_Group/0003.wav,Chinese,ZH-Tenor-1,你就不要想起我,Mixed_Voice_Group,1,0,0,0,1,0,1,clear_mix,100010,positive_mix,
Chinese#ZH-Tenor-1#Mixed_Voice_and_Falsetto#你就不要想起我#Mixed_Voice_Group#0004,D:\-MindEcho-main\ml_dl_models\gtsinger_multitech\dataset\raw\Chinese\ZH-Tenor-1\Mixed_Voice_and_Falsetto\你就不要想起我\Mixed_Voice_Group\0004.wav,Chinese/ZH-Tenor-1/Mixed_Voice_and_Falsetto/你就不要想起我/Mixed_Voice_Group/0004.wav,Chinese,ZH-Tenor-1,你就不要想起我,Mixed_Voice_Group,1,0,0,0,1,0,1,clear_mix,100010,positive_mix,
Chinese#ZH-Tenor-1#Mixed_Voice_and_Falsetto#你就不要想起我#Mixed_Voice_Group#0005,D:\-MindEcho-main\ml_dl_models\gtsinger_multitech\dataset\raw\Chinese\ZH-Tenor-1\Mixed_Voice_and_Falsetto\你就不要想起我\Mixed_Voice_Group\0005.wav,Chinese/ZH-Tenor-1/Mixed_Voice_and_Falsetto/你就不要想起我/Mixed_Voice_Group/0005.wav,Chinese,ZH-Tenor-1,你就不要想起我,Mixed_Voice_Group,1,0,0,0,1,0,1,clear_mix,100010,positive_mix,
Chinese#ZH-Tenor-1#Mixed_Voice_and_Falsetto#你就不要想起我#Mixed_Voice_Group#0006,D:\-MindEcho-main\ml_dl_models\gtsinger_multitech\dataset\raw\Chinese\ZH-Tenor-1\Mixed_Voice_and_Falsetto\你就不要想起我\Mixed_Voice_Group\0006.wav,Chinese/ZH-Tenor-1/Mixed_Voice_and_Falsetto/你就不要想起我/Mixed_Voice_Group/0006.wav,Chinese,ZH-Tenor-1,你就不要想起我,Mixed_Voice_Group,1,0,0,0,1,0,1,clear_mix,100010,positive_mix,
Chinese#ZH-Tenor-1#Mixed_Voice_and_Falsetto#你就不要想起我#Mixed_Voice_Group#0007,D:\-MindEcho-main\ml_dl_models\gtsinger_multitech\dataset\raw\Chinese\ZH-Tenor-1\Mixed_Voice_and_Falsetto\你就不要想起我\Mixed_Voice_Group\0007.wav,Chinese/ZH-Tenor-1/Mixed_Voice_and_Falsetto/你就不要想起我/Mixed_Voice_Group/0007.wav,Chinese,ZH-Tenor-1,你就不要想起我,Mixed_Voice_Group,1,0,0,0,1,0,1,clear_mix,100010,positive_mix,
Chinese#ZH-Tenor-1#Mixed_Voice_and_Falsetto#你就不要想起我#Mixed_Voice_Group#0008,D:\-MindEcho-main\ml_dl_models\gtsinger_multitech\dataset\raw\Chinese\ZH-Tenor-1\Mixed_Voice_and_Falsetto\你就不要想起我\Mixed_Voice_Group\0008.wav,Chinese/ZH-Tenor-1/Mixed_Voice_and_Falsetto/你就不要想起我/Mixed_Voice_Group/0008.wav,Chinese,ZH-Tenor-1,你就不要想起我,Mixed_Voice_Group,1,0,0,0,1,0,1,clear_mix,100010,positive_mix,
Chinese#ZH-Tenor-1#Mixed_Voice_and_Falsetto#你就不要想起我#Mixed_Voice_Group#0010,D:\-MindEcho-main\ml_dl_models\gtsinger_multitech\dataset\raw\Chinese\ZH-Tenor-1\Mixed_Voice_and_Falsetto\你就不要想起我\Mixed_Voice_Group\0010.wav,Chinese/ZH-Tenor-1/Mixed_Voice_and_Falsetto/你就不要想起我/Mixed_Voice_Group/0010.wav,Chinese,ZH-Tenor-1,你就不要想起我,Mixed_Voice_Group,1,0,0,0,1,0,1,clear_mix,100010,positive_mix,
Chinese#ZH-Tenor-1#Mixed_Voice_and_Falsetto#你就不要想起我#Mixed_Voice_Group#0011,D:\-MindEcho-main\ml_dl_models\gtsinger_multitech\dataset\raw\Chinese\ZH-Tenor-1\Mixed_Voice_and_Falsetto\你就不要想起我\Mixed_Voice_Group\0011.wav,Chinese/ZH-Tenor-1/Mixed_Voice_and_Falsetto/你就不要想起我/Mixed_Voice_Group/0011.wav,Chinese,ZH-Tenor-1,你就不要想起我,Mixed_Voice_Group,1,0,0,0,1,0,1,clear_mix,100010,positive_mix,
Chinese#ZH-Tenor-1#Mixed_Voice_and_Falsetto#你就不要想起我#Mixed_Voice_Group#0014,D:\-MindEcho-main\ml_dl_models\gtsinger_multitech\dataset\raw\Chinese\ZH-Tenor-1\Mixed_Voice_and_Falsetto\你就不要想起我\Mixed_Voice_Group\0014.wav,Chinese/ZH-Tenor-1/Mixed_Voice_and_Falsetto/你就不要想起我/Mixed_Voice_Group/0014.wav,Chinese,ZH-Tenor-1,你就不要想起我,Mixed_Voice_Group,1,0,0,0,1,0,1,clear_mix,100010,positive_mix,
Chinese#ZH-Tenor-1#Mixed_Voice_and_Falsetto#你就不要想起我#Mixed_Voice_Group#0017,D:\-MindEcho-main\ml_dl_models\gtsinger_multitech\dataset\raw\Chinese\ZH-Tenor-1\Mixed_Voice_and_Falsetto\你就不要想起我\Mixed_Voice_Group\0017.wav,Chinese/ZH-Tenor-1/Mixed_Voice_and_Falsetto/你就不要想起我/Mixed_Voice_Group/0017.wav,Chinese,ZH-Tenor-1,你就不要想起我,Mixed_Voice_Group,1,0,0,0,1,0,1,clear_mix,100010,positive_mix,
Chinese#ZH-Tenor-1#Mixed_Voice_and_Falsetto#你就不要想起我#Mixed_Voice_Group#0018,D:\-MindEcho-main\ml_dl_models\gtsinger_multitech\dataset\raw\Chinese\ZH-Tenor-1\Mixed_Voice_and_Falsetto\你就不要想起我\Mixed_Voice_Group\0018.wav,Chinese/ZH-Tenor-1/Mixed_Voice_and_Falsetto/你就不要想起我/Mixed_Voice_Group/0018.wav,Chinese,ZH-Tenor-1,你就不要想起我,Mixed_Voice_Group,1,0,0,0,1,0,1,clear_mix,100010,positive_mix,
Chinese#ZH-Tenor-1#Mixed_Voice_and_Falsetto#你就不要想起我#Mixed_Voice_Group#0019,D:\-MindEcho-main\ml_dl_models\gtsinger_multitech\dataset\raw\Chinese\ZH-Tenor-1\Mixed_Voice_and_Falsetto\你就不要想起我\Mixed_Voice_Group\0019.wav,Chinese/ZH-Tenor-1/Mixed_Voice_and_Falsetto/你就不要想起我/Mixed_Voice_Group/0019.wav,Chinese,ZH-Tenor-1,你就不要想起我,Mixed_Voice_Group,1,0,0,0,1,0,1,clear_mix,100010,positive_mix,
Chinese#ZH-Tenor-1#Mixed_Voice_and_Falsetto#你就不要想起我#Mixed_Voice_Group#0020,D:\-MindEcho-main\ml_dl_models\gtsinger_multitech\dataset\raw\Chinese\ZH-Tenor-1\Mixed_Voice_and_Falsetto\你就不要想起我\Mixed_Voice_Group\0020.wav,Chinese/ZH-Tenor-1/Mixed_Voice_and_Falsetto/你就不要想起我/Mixed_Voice_Group/0020.wav,Chinese,ZH-Tenor-1,你就不要想起我,Mixed_Voice_Group,1,0,0,0,1,0,1,clear_mix,100010,positive_mix,
Chinese#ZH-Tenor-1#Mixed_Voice_and_Falsetto#修炼爱情#Mixed_Voice_Group#0000,D:\-MindEcho-main\ml_dl_models\gtsinger_multitech\dataset\raw\Chinese\ZH-Tenor-1\Mixed_Voice_and_Falsetto\修炼爱情\Mixed_Voice_Group\0000.wav,Chinese/ZH-Tenor-1/Mixed_Voice_and_Falsetto/修炼爱情/Mixed_Voice_Group/0000.wav,Chinese,ZH-Tenor-1,修炼爱情,Mixed_Voice_Group,1,0,0,0,0,0,1,clear_mix,100000,positive_mix,
Chinese#ZH-Tenor-1#Mixed_Voice_and_Falsetto#修炼爱情#Mixed_Voice_Group#0001,D:\-MindEcho-main\ml_dl_models\gtsinger_multitech\dataset\raw\Chinese\ZH-Tenor-1\Mixed_Voice_and_Falsetto\修炼爱情\Mixed_Voice_Group\0001.wav,Chinese/ZH-Tenor-1/Mixed_Voice_and_Falsetto/修炼爱情/Mixed_Voice_Group/0001.wav,Chinese,ZH-Tenor-1,修炼爱情,Mixed_Voice_Group,1,1,0,0,1,0,1,head_mix,110010,positive_mix,
Chinese#ZH-Tenor-1#Mixed_Voice_and_Falsetto#修炼爱情#Mixed_Voice_Group#0002,D:\-MindEcho-main\ml_dl_models\gtsinger_multitech\dataset\raw\Chinese\ZH-Tenor-1\Mixed_Voice_and_Falsetto\修炼爱情\Mixed_Voice_Group\0002.wav,Chinese/ZH-Tenor-1/Mixed_Voice_and_Falsetto/修炼爱情/Mixed_Voice_Group/0002.wav,Chinese,ZH-Tenor-1,修炼爱情,Mixed_Voice_Group,1,1,0,0,1,0,1,head_mix,110010,positive_mix,
Chinese#ZH-Tenor-1#Mixed_Voice_and_Falsetto#倒带#Mixed_Voice_Group#0000,D:\-MindEcho-main\ml_dl_models\gtsinger_multitech\dataset\raw\Chinese\ZH-Tenor-1\Mixed_Voice_and_Falsetto\倒带\Mixed_Voice_Group\0000.wav,Chinese/ZH-Tenor-1/Mixed_Voice_and_Falsetto/倒带/Mixed_Voice_Group/0000.wav,Chinese,ZH-Tenor-1,倒带,Mixed_Voice_Group,1,0,0,0,1,0,1,clear_mix,100010,positive_mix,
Chinese#ZH-Tenor-1#Mixed_Voice_and_Falsetto#倒带#Mixed_Voice_Group#0001,D:\-MindEcho-main\ml_dl_models\gtsinger_multitech\dataset\raw\Chinese\ZH-Tenor-1\Mixed_Voice_and_Falsetto\倒带\Mixed_Voice_Group\0001.wav,Chinese/ZH-Tenor-1/Mixed_Voice_and_Falsetto/倒带/Mixed_Voice_Group/0001.wav,Chinese,ZH-Tenor-1,倒带,Mixed_Voice_Group,1,0,0,0,1,0,1,clear_mix,100010,positive_mix,
Chinese#ZH-Tenor-1#Mixed_Voice_and_Falsetto#倒带#Mixed_Voice_Group#0003,D:\-MindEcho-main\ml_dl_models\gtsinger_multitech\dataset\raw\Chinese\ZH-Tenor-1\Mixed_Voice_and_Falsetto\倒带\Mixed_Voice_Group\0003.wav,Chinese/ZH-Tenor-1/Mixed_Voice_and_Falsetto/倒带/Mixed_Voice_Group/0003.wav,Chinese,ZH-Tenor-1,倒带,Mixed_Voice_Group,1,0,0,0,0,0,1,clear_mix,100000,positive_mix,
Chinese#ZH-Tenor-1#Mixed_Voice_and_Falsetto#倒带#Mixed_Voice_Group#0004,D:\-MindEcho-main\ml_dl_models\gtsinger_multitech\dataset\raw\Chinese\ZH-Tenor-1\Mixed_Voice_and_Falsetto\倒带\Mixed_Voice_Group\0004.wav,Chinese/ZH-Tenor-1/Mixed_Voice_and_Falsetto/倒带/Mixed_Voice_Group/0004.wav,Chinese,ZH-Tenor-1,倒带,Mixed_Voice_Group,1,0,0,0,1,0,1,clear_mix,100010,positive_mix,
Chinese#ZH-Tenor-1#Mixed_Voice_and_Falsetto#倒带#Mixed_Voice_Group#0005,D:\-MindEcho-main\ml_dl_models\gtsinger_multitech\dataset\raw\Chinese\ZH-Tenor-1\Mixed_Voice_and_Falsetto\倒带\Mixed_Voice_Group\0005.wav,Chinese/ZH-Tenor-1/Mixed_Voice_and_Falsetto/倒带/Mixed_Voice_Group/0005.wav,Chinese,ZH-Tenor-1,倒带,Mixed_Voice_Group,1,0,0,0,1,0,1,clear_mix,100010,positive_mix,
Chinese#ZH-Tenor-1#Mixed_Voice_and_Falsetto#倒带#Mixed_Voice_Group#0006,D:\-MindEcho-main\ml_dl_models\gtsinger_multitech\dataset\raw\Chinese\ZH-Tenor-1\Mixed_Voice_and_Falsetto\倒带\Mixed_Voice_Group\0006.wav,Chinese/ZH-Tenor-1/Mixed_Voice_and_Falsetto/倒带/Mixed_Voice_Group/0006.wav,Chinese,ZH-Tenor-1,倒带,Mixed_Voice_Group,1,0,0,0,1,0,1,clear_mix,100010,positive_mix,
Chinese#ZH-Tenor-1#Mixed_Voice_and_Falsetto#倒带#Mixed_Voice_Group#0007,D:\-MindEcho-main\ml_dl_models\gtsinger_multitech\dataset\raw\Chinese\ZH-Tenor-1\Mixed_Voice_and_Falsetto\倒带\Mixed_Voice_Group\0007.wav,Chinese/ZH-Tenor-1/Mixed_Voice_and_Falsetto/倒带/Mixed_Voice_Group/0007.wav,Chinese,ZH-Tenor-1,倒带,Mixed_Voice_Group,1,0,0,0,1,0,1,clear_mix,100010,positive_mix,
Chinese#ZH-Tenor-1#Mixed_Voice_and_Falsetto#倒带#Mixed_Voice_Group#0008,D:\-MindEcho-main\ml_dl_models\gtsinger_multitech\dataset\raw\Chinese\ZH-Tenor-1\Mixed_Voice_and_Falsetto\倒带\Mixed_Voice_Group\0008.wav,Chinese/ZH-Tenor-1/Mixed_Voice_and_Falsetto/倒带/Mixed_Voice_Group/0008.wav,Chinese,ZH-Tenor-1,倒带,Mixed_Voice_Group,1,0,0,0,1,0,1,clear_mix,100010,positive_mix,
Chinese#ZH-Tenor-1#Mixed_Voice_and_Falsetto#倒带#Mixed_Voice_Group#0009,D:\-MindEcho-main\ml_dl_models\gtsinger_multitech\dataset\raw\Chinese\ZH-Tenor-1\Mixed_Voice_and_Falsetto\倒带\Mixed_Voice_Group\0009.wav,Chinese/ZH-Tenor-1/Mixed_Voice_and_Falsetto/倒带/Mixed_Voice_Group/0009.wav,Chinese,ZH-Tenor-1,倒带,Mixed_Voice_Group,1,0,0,0,1,0,1,clear_mix,100010,positive_mix,
Chinese#ZH-Tenor-1#Mixed_Voice_and_Falsetto#倒带#Mixed_Voice_Group#0010,D:\-MindEcho-main\ml_dl_models\gtsinger_multitech\dataset\raw\Chinese\ZH-Tenor-1\Mixed_Voice_and_Falsetto\倒带\Mixed_Voice_Group\0010.wav,Chinese/ZH-Tenor-1/Mixed_Voice_and_Falsetto/倒带/Mixed_Voice_Group/0010.wav,Chinese,ZH-Tenor-1,倒带,Mixed_Voice_Group,1,0,0,0,1,0,1,clear_mix,100010,positive_mix,
Chinese#ZH-Tenor-1#Mixed_Voice_and_Falsetto#倒带#Mixed_Voice_Group#0012,D:\-MindEcho-main\ml_dl_models\gtsinger_multitech\dataset\raw\Chinese\ZH-Tenor-1\Mixed_Voice_and_Falsetto\倒带\Mixed_Voice_Group\0012.wav,Chinese/ZH-Tenor-1/Mixed_Voice_and_Falsetto/倒带/Mixed_Voice_Group/0012.wav,Chinese,ZH-Tenor-1,倒带,Mixed_Voice_Group,1,0,0,0,1,0,1,clear_mix,100010,positive_mix,
Chinese#ZH-Tenor-1#Mixed_Voice_and_Falsetto#倒带#Mixed_Voice_Group#0013,D:\-MindEcho-main\ml_dl_models\gtsinger_multitech\dataset\raw\Chinese\ZH-Tenor-1\Mixed_Voice_and_Falsetto\倒带\Mixed_Voice_Group\0013.wav,Chinese/ZH-Tenor-1/Mixed_Voice_and_Falsetto/倒带/Mixed_Voice_Group/0013.wav,Chinese,ZH-Tenor-1,倒带,Mixed_Voice_Group,1,0,0,0,0,0,1,clear_mix,100000,positive_mix,
Chinese#ZH-Tenor-1#Mixed_Voice_and_Falsetto#倒带#Mixed_Voice_Group#0014,D:\-MindEcho-main\ml_dl_models\gtsinger_multitech\dataset\raw\Chinese\ZH-Tenor-1\Mixed_Voice_and_Falsetto\倒带\Mixed_Voice_Group\0014.wav,Chinese/ZH-Tenor-1/Mixed_Voice_and_Falsetto/倒带/Mixed_Voice_Group/0014.wav,Chinese,ZH-Tenor-1,倒带,Mixed_Voice_Group,1,0,0,0,1,0,1,clear_mix,100010,positive_mix,
Chinese#ZH-Tenor-1#Mixed_Voice_and_Falsetto#倒带#Mixed_Voice_Group#0015,D:\-MindEcho-main\ml_dl_models\gtsinger_multitech\dataset\raw\Chinese\ZH-Tenor-1\Mixed_Voice_and_Falsetto\倒带\Mixed_Voice_Group\0015.wav,Chinese/ZH-Tenor-1/Mixed_Voice_and_Falsetto/倒带/Mixed_Voice_Group/0015.wav,Chinese,ZH-Tenor-1,倒带,Mixed_Voice_Group,1,0,0,0,1,0,1,clear_mix,100010,positive_mix,
Chinese#ZH-Tenor-1#Mixed_Voice_and_Falsetto#倒带#Mixed_Voice_Group#0016,D:\-MindEcho-main\ml_dl_models\gtsinger_multitech\dataset\raw\Chinese\ZH-Tenor-1\Mixed_Voice_and_Falsetto\倒带\Mixed_Voice_Group\0016.wav,Chinese/ZH-Tenor-1/Mixed_Voice_and_Falsetto/倒带/Mixed_Voice_Group/0016.wav,Chinese,ZH-Tenor-1,倒带,Mixed_Voice_Group,1,0,0,0,1,0,1,clear_mix,100010,positive_mix,
Chinese#ZH-Tenor-1#Mixed_Voice_and_Falsetto#倒带#Mixed_Voice_Group#0017,D:\-MindEcho-main\ml_dl_models\gtsinger_multitech\dataset\raw\Chinese\ZH-Tenor-1\Mixed_Voice_and_Falsetto\倒带\Mixed_Voice_Group\0017.wav,Chinese/ZH-Tenor-1/Mixed_Voice_and_Falsetto/倒带/Mixed_Voice_Group/0017.wav,Chinese,ZH-Tenor-1,倒带,Mixed_Voice_Group,1,0,0,0,1,0,1,clear_mix,100010,positive_mix,
Chinese#ZH-Tenor-1#Mixed_Voice_and_Falsetto#倒带#Mixed_Voice_Group#0018,D:\-MindEcho-main\ml_dl_models\gtsinger_multitech\dataset\raw\Chinese\ZH-Tenor-1\Mixed_Voice_and_Falsetto\倒带\Mixed_Voice_Group\0018.wav,Chinese/ZH-Tenor-1/Mixed_Voice_and_Falsetto/倒带/Mixed_Voice_Group/0018.wav,Chinese,ZH-Tenor-1,倒带,Mixed_Voice_Group,1,0,0,0,1,0,1,clear_mix,100010,positive_mix,
Chinese#ZH-Tenor-1#Mixed_Voice_and_Falsetto#倒带#Mixed_Voice_Group#0019,D:\-MindEcho-main\ml_dl_models\gtsinger_multitech\dataset\raw\Chinese\ZH-Tenor-1\Mixed_Voice_and_Falsetto\倒带\Mixed_Voice_Group\0019.wav,Chinese/ZH-Tenor-1/Mixed_Voice_and_Falsetto/倒带/Mixed_Voice_Group/0019.wav,Chinese,ZH-Tenor-1,倒带,Mixed_Voice_Group,1,0,0,0,1,0,1,clear_mix,100010,positive_mix,
Chinese#ZH-Tenor-1#Mixed_Voice_and_Falsetto#倒带#Mixed_Voice_Group#0020,D:\-MindEcho-main\ml_dl_models\gtsinger_multitech\dataset\raw\Chinese\ZH-Tenor-1\Mixed_Voice_and_Falsetto\倒带\Mixed_Voice_Group\0020.wav,Chinese/ZH-Tenor-1/Mixed_Voice_and_Falsetto/倒带/Mixed_Voice_Group/0020.wav,Chinese,ZH-Tenor-1,倒带,Mixed_Voice_Group,1,0,0,0,1,0,1,clear_mix,100010,positive_mix,
Chinese#ZH-Tenor-1#Mixed_Voice_and_Falsetto#倒带#Mixed_Voice_Group#0021,D:\-MindEcho-main\ml_dl_models\gtsinger_multitech\dataset\raw\Chinese\ZH-Tenor-1\Mixed_Voice_and_Falsetto\倒带\Mixed_Voice_Group\0021.wav,Chinese/ZH-Tenor-1/Mixed_Voice_and_Falsetto/倒带/Mixed_Voice_Group/0021.wav,Chinese,ZH-Tenor-1,倒带,Mixed_Voice_Group,1,0,0,0,1,0,1,clear_mix,100010,positive_mix,
Chinese#ZH-Tenor-1#Mixed_Voice_and_Falsetto#倒带#Mixed_Voice_Group#0022,D:\-MindEcho-main\ml_dl_models\gtsinger_multitech\dataset\raw\Chinese\ZH-Tenor-1\Mixed_Voice_and_Falsetto\倒带\Mixed_Voice_Group\0022.wav,Chinese/ZH-Tenor-1/Mixed_Voice_and_Falsetto/倒带/Mixed_Voice_Group/0022.wav,Chinese,ZH-Tenor-1,倒带,Mixed_Voice_Group,1,0,0,0,1,0,1,clear_mix,100010,positive_mix,
Chinese#ZH-Tenor-1#Mixed_Voice_and_Falsetto#倒带#Mixed_Voice_Group#0023,D:\-MindEcho-main\ml_dl_models\gtsinger_multitech\dataset\raw\Chinese\ZH-Tenor-1\Mixed_Voice_and_Falsetto\倒带\Mixed_Voice_Group\0023.wav,Chinese/ZH-Tenor-1/Mixed_Voice_and_Falsetto/倒带/Mixed_Voice_Group/0023.wav,Chinese,ZH-Tenor-1,倒带,Mixed_Voice_Group,1,0,0,0,1,0,1,clear_mix,100010,positive_mix,
Chinese#ZH-Tenor-1#Mixed_Voice_and_Falsetto#倒带#Mixed_Voice_Group#0024,D:\-MindEcho-main\ml_dl_models\gtsinger_multitech\dataset\raw\Chinese\ZH-Tenor-1\Mixed_Voice_and_Falsetto\倒带\Mixed_Voice_Group\0024.wav,Chinese/ZH-Tenor-1/Mixed_Voice_and_Falsetto/倒带/Mixed_Voice_Group/0024.wav,Chinese,ZH-Tenor-1,倒带,Mixed_Voice_Group,1,0,0,0,1,0,1,clear_mix,100010,positive_mix,
Chinese#ZH-Tenor-1#Mixed_Voice_and_Falsetto#偏爱#Mixed_Voice_Group#0000,D:\-MindEcho-main\ml_dl_models\gtsinger_multitech\dataset\raw\Chinese\ZH-Tenor-1\Mixed_Voice_and_Falsetto\偏爱\Mixed_Voice_Group\0000.wav,Chinese/ZH-Tenor-1/Mixed_Voice_and_Falsetto/偏爱/Mixed_Voice_Group/0000.wav,Chinese,ZH-Tenor-1,偏爱,Mixed_Voice_Group,1,0,0,0,1,0,1,clear_mix,100010,positive_mix,
Chinese#ZH-Tenor-1#Mixed_Voice_and_Falsetto#偏爱#Mixed_Voice_Group#0001,D:\-MindEcho-main\ml_dl_models\gtsinger_multitech\dataset\raw\Chinese\ZH-Tenor-1\Mixed_Voice_and_Falsetto\偏爱\Mixed_Voice_Group\0001.wav,Chinese/ZH-Tenor-1/Mixed_Voice_and_Falsetto/偏爱/Mixed_Voice_Group/0001.wav,Chinese,ZH-Tenor-1,偏爱,Mixed_Voice_Group,1,0,0,0,1,0,1,clear_mix,100010,positive_mix,
Chinese#ZH-Tenor-1#Mixed_Voice_and_Falsetto#偏爱#Mixed_Voice_Group#0002,D:\-MindEcho-main\ml_dl_models\gtsinger_multitech\dataset\raw\Chinese\ZH-Tenor-1\Mixed_Voice_and_Falsetto\偏爱\Mixed_Voice_Group\0002.wav,Chinese/ZH-Tenor-1/Mixed_Voice_and_Falsetto/偏爱/Mixed_Voice_Group/0002.wav,Chinese,ZH-Tenor-1,偏爱,Mixed_Voice_Group,1,0,0,0,1,0,1,clear_mix,100010,positive_mix,
Chinese#ZH-Tenor-1#Mixed_Voice_and_Falsetto#偏爱#Mixed_Voice_Group#0003,D:\-MindEcho-main\ml_dl_models\gtsinger_multitech\dataset\raw\Chinese\ZH-Tenor-1\Mixed_Voice_and_Falsetto\偏爱\Mixed_Voice_Group\0003.wav,Chinese/ZH-Tenor-1/Mixed_Voice_and_Falsetto/偏爱/Mixed_Voice_Group/0003.wav,Chinese,ZH-Tenor-1,偏爱,Mixed_Voice_Group,1,0,0,0,1,0,1,clear_mix,100010,positive_mix,
Chinese#ZH-Tenor-1#Mixed_Voice_and_Falsetto#偏爱#Mixed_Voice_Group#0005,D:\-MindEcho-main\ml_dl_models\gtsinger_multitech\dataset\raw\Chinese\ZH-Tenor-1\Mixed_Voice_and_Falsetto\偏爱\Mixed_Voice_Group\0005.wav,Chinese/ZH-Tenor-1/Mixed_Voice_and_Falsetto/偏爱/Mixed_Voice_Group/0005.wav,Chinese,ZH-Tenor-1,偏爱,Mixed_Voice_Group,1,0,0,0,1,0,1,clear_mix,100010,positive_mix,
Chinese#ZH-Tenor-1#Mixed_Voice_and_Falsetto#偏爱#Mixed_Voice_Group#0006,D:\-MindEcho-main\ml_dl_models\gtsinger_multitech\dataset\raw\Chinese\ZH-Tenor-1\Mixed_Voice_and_Falsetto\偏爱\Mixed_Voice_Group\0006.wav,Chinese/ZH-Tenor-1/Mixed_Voice_and_Falsetto/偏爱/Mixed_Voice_Group/0006.wav,Chinese,ZH-Tenor-1,偏爱,Mixed_Voice_Group,1,0,0,0,1,0,1,clear_mix,100010,positive_mix,
Chinese#ZH-Tenor-1#Mixed_Voice_and_Falsetto#偏爱#Mixed_Voice_Group#0007,D:\-MindEcho-main\ml_dl_models\gtsinger_multitech\dataset\raw\Chinese\ZH-Tenor-1\Mixed_Voice_and_Falsetto\偏爱\Mixed_Voice_Group\0007.wav,Chinese/ZH-Tenor-1/Mixed_Voice_and_Falsetto/偏爱/Mixed_Voice_Group/0007.wav,Chinese,ZH-Tenor-1,偏爱,Mixed_Voice_Group,1,0,0,0,1,0,1,clear_mix,100010,positive_mix,
Chinese#ZH-Tenor-1#Mixed_Voice_and_Falsetto#偏爱#Mixed_Voice_Group#0008,D:\-MindEcho-main\ml_dl_models\gtsinger_multitech\dataset\raw\Chinese\ZH-Tenor-1\Mixed_Voice_and_Falsetto\偏爱\Mixed_Voice_Group\0008.wav,Chinese/ZH-Tenor-1/Mixed_Voice_and_Falsetto/偏爱/Mixed_Voice_Group/0008.wav,Chinese,ZH-Tenor-1,偏爱,Mixed_Voice_Group,1,0,0,0,1,0,1,clear_mix,100010,positive_mix,
Chinese#ZH-Tenor-1#Mixed_Voice_and_Falsetto#偏爱#Mixed_Voice_Group#0009,D:\-MindEcho-main\ml_dl_models\gtsinger_multitech\dataset\raw\Chinese\ZH-Tenor-1\Mixed_Voice_and_Falsetto\偏爱\Mixed_Voice_Group\0009.wav,Chinese/ZH-Tenor-1/Mixed_Voice_and_Falsetto/偏爱/Mixed_Voice_Group/0009.wav,Chinese,ZH-Tenor-1,偏爱,Mixed_Voice_Group,1,0,0,0,1,0,1,clear_mix,100010,positive_mix,
Chinese#ZH-Tenor-1#Mixed_Voice_and_Falsetto#偏爱#Mixed_Voice_Group#0011,D:\-MindEcho-main\ml_dl_models\gtsinger_multitech\dataset\raw\Chinese\ZH-Tenor-1\Mixed_Voice_and_Falsetto\偏爱\Mixed_Voice_Group\0011.wav,Chinese/ZH-Tenor-1/Mixed_Voice_and_Falsetto/偏爱/Mixed_Voice_Group/0011.wav,Chinese,ZH-Tenor-1,偏爱,Mixed_Voice_Group,1,0,0,0,1,0,1,clear_mix,100010,positive_mix,
Chinese#ZH-Tenor-1#Mixed_Voice_and_Falsetto#偏爱#Mixed_Voice_Group#0012,D:\-MindEcho-main\ml_dl_models\gtsinger_multitech\dataset\raw\Chinese\ZH-Tenor-1\Mixed_Voice_and_Falsetto\偏爱\Mixed_Voice_Group\0012.wav,Chinese/ZH-Tenor-1/Mixed_Voice_and_Falsetto/偏爱/Mixed_Voice_Group/0012.wav,Chinese,ZH-Tenor-1,偏爱,Mixed_Voice_Group,1,0,0,0,1,0,1,clear_mix,100010,positive_mix,
Chinese#ZH-Tenor-1#Mixed_Voice_and_Falsetto#偏爱#Mixed_Voice_Group#0013,D:\-MindEcho-main\ml_dl_models\gtsinger_multitech\dataset\raw\Chinese\ZH-Tenor-1\Mixed_Voice_and_Falsetto\偏爱\Mixed_Voice_Group\0013.wav,Chinese/ZH-Tenor-1/Mixed_Voice_and_Falsetto/偏爱/Mixed_Voice_Group/0013.wav,Chinese,ZH-Tenor-1,偏爱,Mixed_Voice_Group,1,0,0,0,1,0,1,clear_mix,100010,positive_mix,
Chinese#ZH-Tenor-1#Mixed_Voice_and_Falsetto#偏爱#Mixed_Voice_Group#0014,D:\-MindEcho-main\ml_dl_models\gtsinger_multitech\dataset\raw\Chinese\ZH-Tenor-1\Mixed_Voice_and_Falsetto\偏爱\Mixed_Voice_Group\0014.wav,Chinese/ZH-Tenor-1/Mixed_Voice_and_Falsetto/偏爱/Mixed_Voice_Group/0014.wav,Chinese,ZH-Tenor-1,偏爱,Mixed_Voice_Group,1,0,0,0,1,0,1,clear_mix,100010,positive_mix,
Chinese#ZH-Tenor-1#Mixed_Voice_and_Falsetto#偏爱#Mixed_Voice_Group#0015,D:\-MindEcho-main\ml_dl_models\gtsinger_multitech\dataset\raw\Chinese\ZH-Tenor-1\Mixed_Voice_and_Falsetto\偏爱\Mixed_Voice_Group\0015.wav,Chinese/ZH-Tenor-1/Mixed_Voice_and_Falsetto/偏爱/Mixed_Voice_Group/0015.wav,Chinese,ZH-Tenor-1,偏爱,Mixed_Voice_Group,1,0,0,0,1,0,1,clear_mix,100010,positive_mix,
Chinese#ZH-Tenor-1#Mixed_Voice_and_Falsetto#偏爱#Mixed_Voice_Group#0016,D:\-MindEcho-main\ml_dl_models\gtsinger_multitech\dataset\raw\Chinese\ZH-Tenor-1\Mixed_Voice_and_Falsetto\偏爱\Mixed_Voice_Group\0016.wav,Chinese/ZH-Tenor-1/Mixed_Voice_and_Falsetto/偏爱/Mixed_Voice_Group/0016.wav,Chinese,ZH-Tenor-1,偏爱,Mixed_Voice_Group,1,0,0,0,1,0,1,clear_mix,100010,positive_mix,
Chinese#ZH-Tenor-1#Mixed_Voice_and_Falsetto#偏爱#Mixed_Voice_Group#0017,D:\-MindEcho-main\ml_dl_models\gtsinger_multitech\dataset\raw\Chinese\ZH-Tenor-1\Mixed_Voice_and_Falsetto\偏爱\Mixed_Voice_Group\0017.wav,Chinese/ZH-Tenor-1/Mixed_Voice_and_Falsetto/偏爱/Mixed_Voice_Group/0017.wav,Chinese,ZH-Tenor-1,偏爱,Mixed_Voice_Group,1,0,0,0,1,0,1,clear_mix,100010,positive_mix,
Chinese#ZH-Tenor-1#Mixed_Voice_and_Falsetto#偏爱#Mixed_Voice_Group#0018,D:\-MindEcho-main\ml_dl_models\gtsinger_multitech\dataset\raw\Chinese\ZH-Tenor-1\Mixed_Voice_and_Falsetto\偏爱\Mixed_Voice_Group\0018.wav,Chinese/ZH-Tenor-1/Mixed_Voice_and_Falsetto/偏爱/Mixed_Voice_Group/0018.wav,Chinese,ZH-Tenor-1,偏爱,Mixed_Voice_Group,1,0,0,0,1,0,1,clear_mix,100010,positive_mix,
Chinese#ZH-Tenor-1#Mixed_Voice_and_Falsetto#偏爱#Mixed_Voice_Group#0019,D:\-MindEcho-main\ml_dl_models\gtsinger_multitech\dataset\raw\Chinese\ZH-Tenor-1\Mixed_Voice_and_Falsetto\偏爱\Mixed_Voice_Group\0019.wav,Chinese/ZH-Tenor-1/Mixed_Voice_and_Falsetto/偏爱/Mixed_Voice_Group/0019.wav,Chinese,ZH-Tenor-1,偏爱,Mixed_Voice_Group,1,0,0,0,1,0,1,clear_mix,100010,positive_mix,
Chinese#ZH-Tenor-1#Mixed_Voice_and_Falsetto#全世界谁倾听你#Mixed_Voice_Group#0000,D:\-MindEcho-main\ml_dl_models\gtsinger_multitech\dataset\raw\Chinese\ZH-Tenor-1\Mixed_Voice_and_Falsetto\全世界谁倾听你\Mixed_Voice_Group\0000.wav,Chinese/ZH-Tenor-1/Mixed_Voice_and_Falsetto/全世界谁倾听你/Mixed_Voice_Group/0000.wav,Chinese,ZH-Tenor-1,全世界谁倾听你,Mixed_Voice_Group,1,0,0,0,1,0,1,clear_mix,100010,positive_mix,
Chinese#ZH-Tenor-1#Mixed_Voice_and_Falsetto#全世界谁倾听你#Mixed_Voice_Group#0001,D:\-MindEcho-main\ml_dl_models\gtsinger_multitech\dataset\raw\Chinese\ZH-Tenor-1\Mixed_Voice_and_Falsetto\全世界谁倾听你\Mixed_Voice_Group\0001.wav,Chinese/ZH-Tenor-1/Mixed_Voice_and_Falsetto/全世界谁倾听你/Mixed_Voice_Group/0001.wav,Chinese,ZH-Tenor-1,全世界谁倾听你,Mixed_Voice_Group,1,0,0,0,1,0,1,clear_mix,100010,positive_mix,
Chinese#ZH-Tenor-1#Mixed_Voice_and_Falsetto#全世界谁倾听你#Mixed_Voice_Group#0002,D:\-MindEcho-main\ml_dl_models\gtsinger_multitech\dataset\raw\Chinese\ZH-Tenor-1\Mixed_Voice_and_Falsetto\全世界谁倾听你\Mixed_Voice_Group\0002.wav,Chinese/ZH-Tenor-1/Mixed_Voice_and_Falsetto/全世界谁倾听你/Mixed_Voice_Group/0002.wav,Chinese,ZH-Tenor-1,全世界谁倾听你,Mixed_Voice_Group,1,0,0,0,1,0,1,clear_mix,100010,positive_mix,
Chinese#ZH-Tenor-1#Mixed_Voice_and_Falsetto#全世界谁倾听你#Mixed_Voice_Group#0003,D:\-MindEcho-main\ml_dl_models\gtsinger_multitech\dataset\raw\Chinese\ZH-Tenor-1\Mixed_Voice_and_Falsetto\全世界谁倾听你\Mixed_Voice_Group\0003.wav,Chinese/ZH-Tenor-1/Mixed_Voice_and_Falsetto/全世界谁倾听你/Mixed_Voice_Group/0003.wav,Chinese,ZH-Tenor-1,全世界谁倾听你,Mixed_Voice_Group,1,0,0,0,1,0,1,clear_mix,100010,positive_mix,
Chinese#ZH-Tenor-1#Mixed_Voice_and_Falsetto#全世界谁倾听你#Mixed_Voice_Group#0004,D:\-MindEcho-main\ml_dl_models\gtsinger_multitech\dataset\raw\Chinese\ZH-Tenor-1\Mixed_Voice_and_Falsetto\全世界谁倾听你\Mixed_Voice_Group\0004.wav,Chinese/ZH-Tenor-1/Mixed_Voice_and_Falsetto/全世界谁倾听你/Mixed_Voice_Group/0004.wav,Chinese,ZH-Tenor-1,全世界谁倾听你,Mixed_Voice_Group,1,0,0,0,1,0,1,clear_mix,100010,positive_mix,
Chinese#ZH-Tenor-1#Mixed_Voice_and_Falsetto#全世界谁倾听你#Mixed_Voice_Group#0005,D:\-MindEcho-main\ml_dl_models\gtsinger_multitech\dataset\raw\Chinese\ZH-Tenor-1\Mixed_Voice_and_Falsetto\全世界谁倾听你\Mixed_Voice_Group\0005.wav,Chinese/ZH-Tenor-1/Mixed_Voice_and_Falsetto/全世界谁倾听你/Mixed_Voice_Group/0005.wav,Chinese,ZH-Tenor-1,全世界谁倾听你,Mixed_Voice_Group,1,0,0,0,1,0,1,clear_mix,100010,positive_mix,
Chinese#ZH-Tenor-1#Mixed_Voice_and_Falsetto#全世界谁倾听你#Mixed_Voice_Group#0010,D:\-MindEcho-main\ml_dl_models\gtsinger_multitech\dataset\raw\Chinese\ZH-Tenor-1\Mixed_Voice_and_Falsetto\全世界谁倾听你\Mixed_Voice_Group\0010.wav,Chinese/ZH-Tenor-1/Mixed_Voice_and_Falsetto/全世界谁倾听你/Mixed_Voice_Group/0010.wav,Chinese,ZH-Tenor-1,全世界谁倾听你,Mixed_Voice_Group,1,0,0,0,1,0,1,clear_mix,100010,positive_mix,
Chinese#ZH-Tenor-1#Mixed_Voice_and_Falsetto#全世界谁倾听你#Mixed_Voice_Group#0011,D:\-MindEcho-main\ml_dl_models\gtsinger_multitech\dataset\raw\Chinese\ZH-Tenor-1\Mixed_Voice_and_Falsetto\全世界谁倾听你\Mixed_Voice_Group\0011.wav,Chinese/ZH-Tenor-1/Mixed_Voice_and_Falsetto/全世界谁倾听你/Mixed_Voice_Group/0011.wav,Chinese,ZH-Tenor-1,全世界谁倾听你,Mixed_Voice_Group,1,0,0,0,1,0,1,clear_mix,100010,positive_mix,
Chinese#ZH-Tenor-1#Mixed_Voice_and_Falsetto#全世界谁倾听你#Mixed_Voice_Group#0012,D:\-MindEcho-main\ml_dl_models\gtsinger_multitech\dataset\raw\Chinese\ZH-Tenor-1\Mixed_Voice_and_Falsetto\全世界谁倾听你\Mixed_Voice_Group\0012.wav,Chinese/ZH-Tenor-1/Mixed_Voice_and_Falsetto/全世界谁倾听你/Mixed_Voice_Group/0012.wav,Chinese,ZH-Tenor-1,全世界谁倾听你,Mixed_Voice_Group,1,0,0,0,1,0,1,clear_mix,100010,positive_mix,
Chinese#ZH-Tenor-1#Mixed_Voice_and_Falsetto#全世界谁倾听你#Mixed_Voice_Group#0013,D:\-MindEcho-main\ml_dl_models\gtsinger_multitech\dataset\raw\Chinese\ZH-Tenor-1\Mixed_Voice_and_Falsetto\全世界谁倾听你\Mixed_Voice_Group\0013.wav,Chinese/ZH-Tenor-1/Mixed_Voice_and_Falsetto/全世界谁倾听你/Mixed_Voice_Group/0013.wav,Chinese,ZH-Tenor-1,全世界谁倾听你,Mixed_Voice_Group,1,0,0,0,1,0,1,clear_mix,100010,positive_mix,
Chinese#ZH-Tenor-1#Mixed_Voice_and_Falsetto#全世界谁倾听你#Mixed_Voice_Group#0014,D:\-MindEcho-main\ml_dl_models\gtsinger_multitech\dataset\raw\Chinese\ZH-Tenor-1\Mixed_Voice_and_Falsetto\全世界谁倾听你\Mixed_Voice_Group\0014.wav,Chinese/ZH-Tenor-1/Mixed_Voice_and_Falsetto/全世界谁倾听你/Mixed_Voice_Group/0014.wav,Chinese,ZH-Tenor-1,全世界谁倾听你,Mixed_Voice_Group,1,0,0,0,1,0,1,clear_mix,100010,positive_mix,
Chinese#ZH-Tenor-1#Mixed_Voice_and_Falsetto#全世界谁倾听你#Mixed_Voice_Group#0016,D:\-MindEcho-main\ml_dl_models\gtsinger_multitech\dataset\raw\Chinese\ZH-Tenor-1\Mixed_Voice_and_Falsetto\全世界谁倾听你\Mixed_Voice_Group\0016.wav,Chinese/ZH-Tenor-1/Mixed_Voice_and_Falsetto/全世界谁倾听你/Mixed_Voice_Group/0016.wav,Chinese,ZH-Tenor-1,全世界谁倾听你,Mixed_Voice_Group,1,0,0,0,1,0,1,clear_mix,100010,positive_mix,
Chinese#ZH-Tenor-1#Mixed_Voice_and_Falsetto#全世界谁倾听你#Mixed_Voice_Group#0017,D:\-MindEcho-main\ml_dl_models\gtsinger_multitech\dataset\raw\Chinese\ZH-Tenor-1\Mixed_Voice_and_Falsetto\全世界谁倾听你\Mixed_Voice_Group\0017.wav,Chinese/ZH-Tenor-1/Mixed_Voice_and_Falsetto/全世界谁倾听你/Mixed_Voice_Group/0017.wav,Chinese,ZH-Tenor-1,全世界谁倾听你,Mixed_Voice_Group,1,0,0,0,1,0,1,clear_mix,100010,positive_mix,
Chinese#ZH-Tenor-1#Mixed_Voice_and_Falsetto#全世界谁倾听你#Mixed_Voice_Group#0019,D:\-MindEcho-main\ml_dl_models\gtsinger_multitech\dataset\raw\Chinese\ZH-Tenor-1\Mixed_Voice_and_Falsetto\全世界谁倾听你\Mixed_Voice_Group\0019.wav,Chinese/ZH-Tenor-1/Mixed_Voice_and_Falsetto/全世界谁倾听你/Mixed_Voice_Group/0019.wav,Chinese,ZH-Tenor-1,全世界谁倾听你,Mixed_Voice_Group,1,0,0,0,1,0,1,clear_mix,100010,positive_mix,
Chinese#ZH-Tenor-1#Mixed_Voice_and_Falsetto#可惜没如果#Mixed_Voice_Group#0000,D:\-MindEcho-main\ml_dl_models\gtsinger_multitech\dataset\raw\Chinese\ZH-Tenor-1\Mixed_Voice_and_Falsetto\可惜没如果\Mixed_Voice_Group\0000.wav,Chinese/ZH-Tenor-1/Mixed_Voice_and_Falsetto/可惜没如果/Mixed_Voice_Group/0000.wav,Chinese,ZH-Tenor-1,可惜没如果,Mixed_Voice_Group,1,0,0,0,1,0,1,clear_mix,100010,positive_mix,
Chinese#ZH-Tenor-1#Mixed_Voice_and_Falsetto#可惜没如果#Mixed_Voice_Group#0001,D:\-MindEcho-main\ml_dl_models\gtsinger_multitech\dataset\raw\Chinese\ZH-Tenor-1\Mixed_Voice_and_Falsetto\可惜没如果\Mixed_Voice_Group\0001.wav,Chinese/ZH-Tenor-1/Mixed_Voice_and_Falsetto/可惜没如果/Mixed_Voice_Group/0001.wav,Chinese,ZH-Tenor-1,可惜没如果,Mixed_Voice_Group,1,0,0,0,1,0,1,clear_mix,100010,positive_mix,
Chinese#ZH-Tenor-1#Mixed_Voice_and_Falsetto#可惜没如果#Mixed_Voice_Group#0002,D:\-MindEcho-main\ml_dl_models\gtsinger_multitech\dataset\raw\Chinese\ZH-Tenor-1\Mixed_Voice_and_Falsetto\可惜没如果\Mixed_Voice_Group\0002.wav,Chinese/ZH-Tenor-1/Mixed_Voice_and_Falsetto/可惜没如果/Mixed_Voice_Group/0002.wav,Chinese,ZH-Tenor-1,可惜没如果,Mixed_Voice_Group,1,0,0,0,1,0,1,clear_mix,100010,positive_mix,
Chinese#ZH-Tenor-1#Mixed_Voice_and_Falsetto#后来#Mixed_Voice_Group#0000,D:\-MindEcho-main\ml_dl_models\gtsinger_multitech\dataset\raw\Chinese\ZH-Tenor-1\Mixed_Voice_and_Falsetto\后来\Mixed_Voice_Group\0000.wav,Chinese/ZH-Tenor-1/Mixed_Voice_and_Falsetto/后来/Mixed_Voice_Group/0000.wav,Chinese,ZH-Tenor-1,后来,Mixed_Voice_Group,1,0,0,0,1,0,1,clear_mix,100010,positive_mix,
Chinese#ZH-Tenor-1#Mixed_Voice_and_Falsetto#后来#Mixed_Voice_Group#0001,D:\-MindEcho-main\ml_dl_models\gtsinger_multitech\dataset\raw\Chinese\ZH-Tenor-1\Mixed_Voice_and_Falsetto\后来\Mixed_Voice_Group\0001.wav,Chinese/ZH-Tenor-1/Mixed_Voice_and_Falsetto/后来/Mixed_Voice_Group/0001.wav,Chinese,ZH-Tenor-1,后来,Mixed_Voice_Group,1,0,0,0,1,0,1,clear_mix,100010,positive_mix,
Chinese#ZH-Tenor-1#Mixed_Voice_and_Falsetto#后来#Mixed_Voice_Group#0002,D:\-MindEcho-main\ml_dl_models\gtsinger_multitech\dataset\raw\Chinese\ZH-Tenor-1\Mixed_Voice_and_Falsetto\后来\Mixed_Voice_Group\0002.wav,Chinese/ZH-Tenor-1/Mixed_Voice_and_Falsetto/后来/Mixed_Voice_Group/0002.wav,Chinese,ZH-Tenor-1,后来,Mixed_Voice_Group,1,0,0,0,1,0,1,clear_mix,100010,positive_mix,
Chinese#ZH-Tenor-1#Mixed_Voice_and_Falsetto#后来#Mixed_Voice_Group#0004,D:\-MindEcho-main\ml_dl_models\gtsinger_multitech\dataset\raw\Chinese\ZH-Tenor-1\Mixed_Voice_and_Falsetto\后来\Mixed_Voice_Group\0004.wav,Chinese/ZH-Tenor-1/Mixed_Voice_and_Falsetto/后来/Mixed_Voice_Group/0004.wav,Chinese,ZH-Tenor-1,后来,Mixed_Voice_Group,1,0,0,0,1,0,1,clear_mix,100010,positive_mix,
Chinese#ZH-Tenor-1#Mixed_Voice_and_Falsetto#后来#Mixed_Voice_Group#0005,D:\-MindEcho-main\ml_dl_models\gtsinger_multitech\dataset\raw\Chinese\ZH-Tenor-1\Mixed_Voice_and_Falsetto\后来\Mixed_Voice_Group\0005.wav,Chinese/ZH-Tenor-1/Mixed_Voice_and_Falsetto/后来/Mixed_Voice_Group/0005.wav,Chinese,ZH-Tenor-1,后来,Mixed_Voice_Group,1,0,0,0,1,0,1,clear_mix,100010,positive_mix,
Chinese#ZH-Tenor-1#Mixed_Voice_and_Falsetto#后来#Mixed_Voice_Group#0006,D:\-MindEcho-main\ml_dl_models\gtsinger_multitech\dataset\raw\Chinese\ZH-Tenor-1\Mixed_Voice_and_Falsetto\后来\Mixed_Voice_Group\0006.wav,Chinese/ZH-Tenor-1/Mixed_Voice_and_Falsetto/后来/Mixed_Voice_Group/0006.wav,Chinese,ZH-Tenor-1,后来,Mixed_Voice_Group,1,0,0,0,1,0,1,clear_mix,100010,positive_mix,
Chinese#ZH-Tenor-1#Mixed_Voice_and_Falsetto#后来#Mixed_Voice_Group#0008,D:\-MindEcho-main\ml_dl_models\gtsinger_multitech\dataset\raw\Chinese\ZH-Tenor-1\Mixed_Voice_and_Falsetto\后来\Mixed_Voice_Group\0008.wav,Chinese/ZH-Tenor-1/Mixed_Voice_and_Falsetto/后来/Mixed_Voice_Group/0008.wav,Chinese,ZH-Tenor-1,后来,Mixed_Voice_Group,1,0,0,0,1,0,1,clear_mix,100010,positive_mix,
Chinese#ZH-Tenor-1#Mixed_Voice_and_Falsetto#后来#Mixed_Voice_Group#0009,D:\-MindEcho-main\ml_dl_models\gtsinger_multitech\dataset\raw\Chinese\ZH-Tenor-1\Mixed_Voice_and_Falsetto\后来\Mixed_Voice_Group\0009.wav,Chinese/ZH-Tenor-1/Mixed_Voice_and_Falsetto/后来/Mixed_Voice_Group/0009.wav,Chinese,ZH-Tenor-1,后来,Mixed_Voice_Group,1,0,0,0,1,0,1,clear_mix,100010,positive_mix,
Chinese#ZH-Tenor-1#Mixed_Voice_and_Falsetto#后来#Mixed_Voice_Group#0010,D:\-MindEcho-main\ml_dl_models\gtsinger_multitech\dataset\raw\Chinese\ZH-Tenor-1\Mixed_Voice_and_Falsetto\后来\Mixed_Voice_Group\0010.wav,Chinese/ZH-Tenor-1/Mixed_Voice_and_Falsetto/后来/Mixed_Voice_Group/0010.wav,Chinese,ZH-Tenor-1,后来,Mixed_Voice_Group,1,0,0,0,1,0,1,clear_mix,100010,positive_mix,
Chinese#ZH-Tenor-1#Mixed_Voice_and_Falsetto#后来#Mixed_Voice_Group#0011,D:\-MindEcho-main\ml_dl_models\gtsinger_multitech\dataset\raw\Chinese\ZH-Tenor-1\Mixed_Voice_and_Falsetto\后来\Mixed_Voice_Group\0011.wav,Chinese/ZH-Tenor-1/Mixed_Voice_and_Falsetto/后来/Mixed_Voice_Group/0011.wav,Chinese,ZH-Tenor-1,后来,Mixed_Voice_Group,1,0,0,0,1,0,1,clear_mix,100010,positive_mix,
Chinese#ZH-Tenor-1#Mixed_Voice_and_Falsetto#听海#Mixed_Voice_Group#0000,D:\-MindEcho-main\ml_dl_models\gtsinger_multitech\dataset\raw\Chinese\ZH-Tenor-1\Mixed_Voice_and_Falsetto\听海\Mixed_Voice_Group\0000.wav,Chinese/ZH-Tenor-1/Mixed_Voice_and_Falsetto/听海/Mixed_Voice_Group/0000.wav,Chinese,ZH-Tenor-1,听海,Mixed_Voice_Group,1,0,0,0,1,0,1,clear_mix,100010,positive_mix,
Chinese#ZH-Tenor-1#Mixed_Voice_and_Falsetto#听海#Mixed_Voice_Group#0001,D:\-MindEcho-main\ml_dl_models\gtsinger_multitech\dataset\raw\Chinese\ZH-Tenor-1\Mixed_Voice_and_Falsetto\听海\Mixed_Voice_Group\0001.wav,Chinese/ZH-Tenor-1/Mixed_Voice_and_Falsetto/听海/Mixed_Voice_Group/0001.wav,Chinese,ZH-Tenor-1,听海,Mixed_Voice_Group,1,0,0,0,1,0,1,clear_mix,100010,positive_mix,
Chinese#ZH-Tenor-1#Mixed_Voice_and_Falsetto#听海#Mixed_Voice_Group#0003,D:\-MindEcho-main\ml_dl_models\gtsinger_multitech\dataset\raw\Chinese\ZH-Tenor-1\Mixed_Voice_and_Falsetto\听海\Mixed_Voice_Group\0003.wav,Chinese/ZH-Tenor-1/Mixed_Voice_and_Falsetto/听海/Mixed_Voice_Group/0003.wav,Chinese,ZH-Tenor-1,听海,Mixed_Voice_Group,1,0,0,0,1,0,1,clear_mix,100010,positive_mix,
Chinese#ZH-Tenor-1#Mixed_Voice_and_Falsetto#听海#Mixed_Voice_Group#0004,D:\-MindEcho-main\ml_dl_models\gtsinger_multitech\dataset\raw\Chinese\ZH-Tenor-1\Mixed_Voice_and_Falsetto\听海\Mixed_Voice_Group\0004.wav,Chinese/ZH-Tenor-1/Mixed_Voice_and_Falsetto/听海/Mixed_Voice_Group/0004.wav,Chinese,ZH-Tenor-1,听海,Mixed_Voice_Group,1,0,0,0,1,0,1,clear_mix,100010,positive_mix,
Chinese#ZH-Tenor-1#Mixed_Voice_and_Falsetto#听海#Mixed_Voice_Group#0005,D:\-MindEcho-main\ml_dl_models\gtsinger_multitech\dataset\raw\Chinese\ZH-Tenor-1\Mixed_Voice_and_Falsetto\听海\Mixed_Voice_Group\0005.wav,Chinese/ZH-Tenor-1/Mixed_Voice_and_Falsetto/听海/Mixed_Voice_Group/0005.wav,Chinese,ZH-Tenor-1,听海,Mixed_Voice_Group,1,0,0,0,1,0,1,clear_mix,100010,positive_mix,
Chinese#ZH-Tenor-1#Mixed_Voice_and_Falsetto#听海#Mixed_Voice_Group#0006,D:\-MindEcho-main\ml_dl_models\gtsinger_multitech\dataset\raw\Chinese\ZH-Tenor-1\Mixed_Voice_and_Falsetto\听海\Mixed_Voice_Group\0006.wav,Chinese/ZH-Tenor-1/Mixed_Voice_and_Falsetto/听海/Mixed_Voice_Group/0006.wav,Chinese,ZH-Tenor-1,听海,Mixed_Voice_Group,1,0,0,0,1,0,1,clear_mix,100010,positive_mix,
Chinese#ZH-Tenor-1#Mixed_Voice_and_Falsetto#听海#Mixed_Voice_Group#0008,D:\-MindEcho-main\ml_dl_models\gtsinger_multitech\dataset\raw\Chinese\ZH-Tenor-1\Mixed_Voice_and_Falsetto\听海\Mixed_Voice_Group\0008.wav,Chinese/ZH-Tenor-1/Mixed_Voice_and_Falsetto/听海/Mixed_Voice_Group/0008.wav,Chinese,ZH-Tenor-1,听海,Mixed_Voice_Group,1,0,0,0,0,0,1,clear_mix,100000,positive_mix,
Chinese#ZH-Tenor-1#Mixed_Voice_and_Falsetto#听海#Mixed_Voice_Group#0009,D:\-MindEcho-main\ml_dl_models\gtsinger_multitech\dataset\raw\Chinese\ZH-Tenor-1\Mixed_Voice_and_Falsetto\听海\Mixed_Voice_Group\0009.wav,Chinese/ZH-Tenor-1/Mixed_Voice_and_Falsetto/听海/Mixed_Voice_Group/0009.wav,Chinese,ZH-Tenor-1,听海,Mixed_Voice_Group,1,0,0,0,1,0,1,clear_mix,100010,positive_mix,
Chinese#ZH-Tenor-1#Mixed_Voice_and_Falsetto#听海#Mixed_Voice_Group#0010,D:\-MindEcho-main\ml_dl_models\gtsinger_multitech\dataset\raw\Chinese\ZH-Tenor-1\Mixed_Voice_and_Falsetto\听海\Mixed_Voice_Group\0010.wav,Chinese/ZH-Tenor-1/Mixed_Voice_and_Falsetto/听海/Mixed_Voice_Group/0010.wav,Chinese,ZH-Tenor-1,听海,Mixed_Voice_Group,1,0,0,0,1,0,1,clear_mix,100010,positive_mix,
Chinese#ZH-Tenor-1#Mixed_Voice_and_Falsetto#听海#Mixed_Voice_Group#0011,D:\-MindEcho-main\ml_dl_models\gtsinger_multitech\dataset\raw\Chinese\ZH-Tenor-1\Mixed_Voice_and_Falsetto\听海\Mixed_Voice_Group\0011.wav,Chinese/ZH-Tenor-1/Mixed_Voice_and_Falsetto/听海/Mixed_Voice_Group/0011.wav,Chinese,ZH-Tenor-1,听海,Mixed_Voice_Group,1,0,0,0,1,0,1,clear_mix,100010,positive_mix,
Chinese#ZH-Tenor-1#Mixed_Voice_and_Falsetto#听海#Mixed_Voice_Group#0012,D:\-MindEcho-main\ml_dl_models\gtsinger_multitech\dataset\raw\Chinese\ZH-Tenor-1\Mixed_Voice_and_Falsetto\听海\Mixed_Voice_Group\0012.wav,Chinese/ZH-Tenor-1/Mixed_Voice_and_Falsetto/听海/Mixed_Voice_Group/0012.wav,Chinese,ZH-Tenor-1,听海,Mixed_Voice_Group,1,0,0,0,1,0,1,clear_mix,100010,positive_mix,
Chinese#ZH-Tenor-1#Mixed_Voice_and_Falsetto#听海#Mixed_Voice_Group#0013,D:\-MindEcho-main\ml_dl_models\gtsinger_multitech\dataset\raw\Chinese\ZH-Tenor-1\Mixed_Voice_and_Falsetto\听海\Mixed_Voice_Group\0013.wav,Chinese/ZH-Tenor-1/Mixed_Voice_and_Falsetto/听海/Mixed_Voice_Group/0013.wav,Chinese,ZH-Tenor-1,听海,Mixed_Voice_Group,1,0,0,0,1,0,1,clear_mix,100010,positive_mix,
Chinese#ZH-Tenor-1#Mixed_Voice_and_Falsetto#听海#Mixed_Voice_Group#0014,D:\-MindEcho-main\ml_dl_models\gtsinger_multitech\dataset\raw\Chinese\ZH-Tenor-1\Mixed_Voice_and_Falsetto\听海\Mixed_Voice_Group\0014.wav,Chinese/ZH-Tenor-1/Mixed_Voice_and_Falsetto/听海/Mixed_Voice_Group/0014.wav,Chinese,ZH-Tenor-1,听海,Mixed_Voice_Group,1,0,0,0,1,0,1,clear_mix,100010,positive_mix,
Chinese#ZH-Tenor-1#Mixed_Voice_and_Falsetto#听海#Mixed_Voice_Group#0015,D:\-MindEcho-main\ml_dl_models\gtsinger_multitech\dataset\raw\Chinese\ZH-Tenor-1\Mixed_Voice_and_Falsetto\听海\Mixed_Voice_Group\0015.wav,Chinese/ZH-Tenor-1/Mixed_Voice_and_Falsetto/听海/Mixed_Voice_Group/0015.wav,Chinese,ZH-Tenor-1,听海,Mixed_Voice_Group,1,0,0,0,0,0,1,clear_mix,100000,positive_mix,
Chinese#ZH-Tenor-1#Mixed_Voice_and_Falsetto#失落沙洲#Mixed_Voice_Group#0000,D:\-MindEcho-main\ml_dl_models\gtsinger_multitech\dataset\raw\Chinese\ZH-Tenor-1\Mixed_Voice_and_Falsetto\失落沙洲\Mixed_Voice_Group\0000.wav,Chinese/ZH-Tenor-1/Mixed_Voice_and_Falsetto/失落沙洲/Mixed_Voice_Group/0000.wav,Chinese,ZH-Tenor-1,失落沙洲,Mixed_Voice_Group,1,0,0,0,1,0,1,clear_mix,100010,positive_mix,
Chinese#ZH-Tenor-1#Mixed_Voice_and_Falsetto#失落沙洲#Mixed_Voice_Group#0001,D:\-MindEcho-main\ml_dl_models\gtsinger_multitech\dataset\raw\Chinese\ZH-Tenor-1\Mixed_Voice_and_Falsetto\失落沙洲\Mixed_Voice_Group\0001.wav,Chinese/ZH-Tenor-1/Mixed_Voice_and_Falsetto/失落沙洲/Mixed_Voice_Group/0001.wav,Chinese,ZH-Tenor-1,失落沙洲,Mixed_Voice_Group,1,0,0,0,1,0,1,clear_mix,100010,positive_mix,
Chinese#ZH-Tenor-1#Mixed_Voice_and_Falsetto#失落沙洲#Mixed_Voice_Group#0003,D:\-MindEcho-main\ml_dl_models\gtsinger_multitech\dataset\raw\Chinese\ZH-Tenor-1\Mixed_Voice_and_Falsetto\失落沙洲\Mixed_Voice_Group\0003.wav,Chinese/ZH-Tenor-1/Mixed_Voice_and_Falsetto/失落沙洲/Mixed_Voice_Group/0003.wav,Chinese,ZH-Tenor-1,失落沙洲,Mixed_Voice_Group,1,0,0,0,1,0,1,clear_mix,100010,positive_mix,
Chinese#ZH-Tenor-1#Mixed_Voice_and_Falsetto#失落沙洲#Mixed_Voice_Group#0004,D:\-MindEcho-main\ml_dl_models\gtsinger_multitech\dataset\raw\Chinese\ZH-Tenor-1\Mixed_Voice_and_Falsetto\失落沙洲\Mixed_Voice_Group\0004.wav,Chinese/ZH-Tenor-1/Mixed_Voice_and_Falsetto/失落沙洲/Mixed_Voice_Group/0004.wav,Chinese,ZH-Tenor-1,失落沙洲,Mixed_Voice_Group,1,0,0,0,1,0,1,clear_mix,100010,positive_mix,
Chinese#ZH-Tenor-1#Mixed_Voice_and_Falsetto#失落沙洲#Mixed_Voice_Group#0005,D:\-MindEcho-main\ml_dl_models\gtsinger_multitech\dataset\raw\Chinese\ZH-Tenor-1\Mixed_Voice_and_Falsetto\失落沙洲\Mixed_Voice_Group\0005.wav,Chinese/ZH-Tenor-1/Mixed_Voice_and_Falsetto/失落沙洲/Mixed_Voice_Group/0005.wav,Chinese,ZH-Tenor-1,失落沙洲,Mixed_Voice_Group,1,0,0,0,1,0,1,clear_mix,100010,positive_mix,
Chinese#ZH-Tenor-1#Mixed_Voice_and_Falsetto#失落沙洲#Mixed_Voice_Group#0006,D:\-MindEcho-main\ml_dl_models\gtsinger_multitech\dataset\raw\Chinese\ZH-Tenor-1\Mixed_Voice_and_Falsetto\失落沙洲\Mixed_Voice_Group\0006.wav,Chinese/ZH-Tenor-1/Mixed_Voice_and_Falsetto/失落沙洲/Mixed_Voice_Group/0006.wav,Chinese,ZH-Tenor-1,失落沙洲,Mixed_Voice_Group,1,0,0,0,1,0,1,clear_mix,100010,positive_mix,
Chinese#ZH-Tenor-1#Mixed_Voice_and_Falsetto#失落沙洲#Mixed_Voice_Group#0007,D:\-MindEcho-main\ml_dl_models\gtsinger_multitech\dataset\raw\Chinese\ZH-Tenor-1\Mixed_Voice_and_Falsetto\失落沙洲\Mixed_Voice_Group\0007.wav,Chinese/ZH-Tenor-1/Mixed_Voice_and_Falsetto/失落沙洲/Mixed_Voice_Group/0007.wav,Chinese,ZH-Tenor-1,失落沙洲,Mixed_Voice_Group,1,0,0,0,1,0,1,clear_mix,100010,positive_mix,
Chinese#ZH-Tenor-1#Mixed_Voice_and_Falsetto#失落沙洲#Mixed_Voice_Group#0009,D:\-MindEcho-main\ml_dl_models\gtsinger_multitech\dataset\raw\Chinese\ZH-Tenor-1\Mixed_Voice_and_Falsetto\失落沙洲\Mixed_Voice_Group\0009.wav,Chinese/ZH-Tenor-1/Mixed_Voice_and_Falsetto/失落沙洲/Mixed_Voice_Group/0009.wav,Chinese,ZH-Tenor-1,失落沙洲,Mixed_Voice_Group,1,0,0,0,1,0,1,clear_mix,100010,positive_mix,
Chinese#ZH-Tenor-1#Mixed_Voice_and_Falsetto#崇拜#Mixed_Voice_Group#0002,D:\-MindEcho-main\ml_dl_models\gtsinger_multitech\dataset\raw\Chinese\ZH-Tenor-1\Mixed_Voice_and_Falsetto\崇拜\Mixed_Voice_Group\0002.wav,Chinese/ZH-Tenor-1/Mixed_Voice_and_Falsetto/崇拜/Mixed_Voice_Group/0002.wav,Chinese,ZH-Tenor-1,崇拜,Mixed_Voice_Group,1,0,0,1,1,0,1,clear_mix,100110,positive_mix,
Chinese#ZH-Tenor-1#Mixed_Voice_and_Falsetto#崇拜#Mixed_Voice_Group#0004,D:\-MindEcho-main\ml_dl_models\gtsinger_multitech\dataset\raw\Chinese\ZH-Tenor-1\Mixed_Voice_and_Falsetto\崇拜\Mixed_Voice_Group\0004.wav,Chinese/ZH-Tenor-1/Mixed_Voice_and_Falsetto/崇拜/Mixed_Voice_Group/0004.wav,Chinese,ZH-Tenor-1,崇拜,Mixed_Voice_Group,1,0,0,0,1,0,1,clear_mix,100010,positive_mix,
Chinese#ZH-Tenor-1#Mixed_Voice_and_Falsetto#崇拜#Mixed_Voice_Group#0005,D:\-MindEcho-main\ml_dl_models\gtsinger_multitech\dataset\raw\Chinese\ZH-Tenor-1\Mixed_Voice_and_Falsetto\崇拜\Mixed_Voice_Group\0005.wav,Chinese/ZH-Tenor-1/Mixed_Voice_and_Falsetto/崇拜/Mixed_Voice_Group/0005.wav,Chinese,ZH-Tenor-1,崇拜,Mixed_Voice_Group,1,0,0,1,1,0,1,clear_mix,100110,positive_mix,
Chinese#ZH-Tenor-1#Mixed_Voice_and_Falsetto#崇拜#Mixed_Voice_Group#0006,D:\-MindEcho-main\ml_dl_models\gtsinger_multitech\dataset\raw\Chinese\ZH-Tenor-1\Mixed_Voice_and_Falsetto\崇拜\Mixed_Voice_Group\0006.wav,Chinese/ZH-Tenor-1/Mixed_Voice_and_Falsetto/崇拜/Mixed_Voice_Group/0006.wav,Chinese,ZH-Tenor-1,崇拜,Mixed_Voice_Group,1,0,0,1,1,0,1,clear_mix,100110,positive_mix,
Chinese#ZH-Tenor-1#Mixed_Voice_and_Falsetto#崇拜#Mixed_Voice_Group#0007,D:\-MindEcho-main\ml_dl_models\gtsinger_multitech\dataset\raw\Chinese\ZH-Tenor-1\Mixed_Voice_and_Falsetto\崇拜\Mixed_Voice_Group\0007.wav,Chinese/ZH-Tenor-1/Mixed_Voice_and_Falsetto/崇拜/Mixed_Voice_Group/0007.wav,Chinese,ZH-Tenor-1,崇拜,Mixed_Voice_Group,1,0,0,1,1,0,1,clear_mix,100110,positive_mix,
Chinese#ZH-Tenor-1#Mixed_Voice_and_Falsetto#平凡之路#Mixed_Voice_Group#0000,D:\-MindEcho-main\ml_dl_models\gtsinger_multitech\dataset\raw\Chinese\ZH-Tenor-1\Mixed_Voice_and_Falsetto\平凡之路\Mixed_Voice_Group\0000.wav,Chinese/ZH-Tenor-1/Mixed_Voice_and_Falsetto/平凡之路/Mixed_Voice_Group/0000.wav,Chinese,ZH-Tenor-1,平凡之路,Mixed_Voice_Group,1,0,0,0,1,0,1,clear_mix,100010,positive_mix,
Chinese#ZH-Tenor-1#Mixed_Voice_and_Falsetto#平凡之路#Mixed_Voice_Group#0001,D:\-MindEcho-main\ml_dl_models\gtsinger_multitech\dataset\raw\Chinese\ZH-Tenor-1\Mixed_Voice_and_Falsetto\平凡之路\Mixed_Voice_Group\0001.wav,Chinese/ZH-Tenor-1/Mixed_Voice_and_Falsetto/平凡之路/Mixed_Voice_Group/0001.wav,Chinese,ZH-Tenor-1,平凡之路,Mixed_Voice_Group,1,0,0,0,1,0,1,clear_mix,100010,positive_mix,
Chinese#ZH-Tenor-1#Mixed_Voice_and_Falsetto#平凡之路#Mixed_Voice_Group#0002,D:\-MindEcho-main\ml_dl_models\gtsinger_multitech\dataset\raw\Chinese\ZH-Tenor-1\Mixed_Voice_and_Falsetto\平凡之路\Mixed_Voice_Group\0002.wav,Chinese/ZH-Tenor-1/Mixed_Voice_and_Falsetto/平凡之路/Mixed_Voice_Group/0002.wav,Chinese,ZH-Tenor-1,平凡之路,Mixed_Voice_Group,1,0,0,0,1,0,1,clear_mix,100010,positive_mix,
Chinese#ZH-Tenor-1#Mixed_Voice_and_Falsetto#平凡之路#Mixed_Voice_Group#0004,D:\-MindEcho-main\ml_dl_models\gtsinger_multitech\dataset\raw\Chinese\ZH-Tenor-1\Mixed_Voice_and_Falsetto\平凡之路\Mixed_Voice_Group\0004.wav,Chinese/ZH-Tenor-1/Mixed_Voice_and_Falsetto/平凡之路/Mixed_Voice_Group/0004.wav,Chinese,ZH-Tenor-1,平凡之路,Mixed_Voice_Group,1,0,0,0,1,0,1,clear_mix,100010,positive_mix,
Chinese#ZH-Tenor-1#Mixed_Voice_and_Falsetto#平凡之路#Mixed_Voice_Group#0005,D:\-MindEcho-main\ml_dl_models\gtsinger_multitech\dataset\raw\Chinese\ZH-Tenor-1\Mixed_Voice_and_Falsetto\平凡之路\Mixed_Voice_Group\0005.wav,Chinese/ZH-Tenor-1/Mixed_Voice_and_Falsetto/平凡之路/Mixed_Voice_Group/0005.wav,Chinese,ZH-Tenor-1,平凡之路,Mixed_Voice_Group,1,0,0,0,1,0,1,clear_mix,100010,positive_mix,
Chinese#ZH-Tenor-1#Mixed_Voice_and_Falsetto#平凡之路#Mixed_Voice_Group#0006,D:\-MindEcho-main\ml_dl_models\gtsinger_multitech\dataset\raw\Chinese\ZH-Tenor-1\Mixed_Voice_and_Falsetto\平凡之路\Mixed_Voice_Group\0006.wav,Chinese/ZH-Tenor-1/Mixed_Voice_and_Falsetto/平凡之路/Mixed_Voice_Group/0006.wav,Chinese,ZH-Tenor-1,平凡之路,Mixed_Voice_Group,1,0,0,0,1,0,1,clear_mix,100010,positive_mix,
Chinese#ZH-Tenor-1#Mixed_Voice_and_Falsetto#平凡之路#Mixed_Voice_Group#0007,D:\-MindEcho-main\ml_dl_models\gtsinger_multitech\dataset\raw\Chinese\ZH-Tenor-1\Mixed_Voice_and_Falsetto\平凡之路\Mixed_Voice_Group\0007.wav,Chinese/ZH-Tenor-1/Mixed_Voice_and_Falsetto/平凡之路/Mixed_Voice_Group/0007.wav,Chinese,ZH-Tenor-1,平凡之路,Mixed_Voice_Group,1,0,0,0,1,0,1,clear_mix,100010,positive_mix,
Chinese#ZH-Tenor-1#Mixed_Voice_and_Falsetto#平凡之路#Mixed_Voice_Group#0008,D:\-MindEcho-main\ml_dl_models\gtsinger_multitech\dataset\raw\Chinese\ZH-Tenor-1\Mixed_Voice_and_Falsetto\平凡之路\Mixed_Voice_Group\0008.wav,Chinese/ZH-Tenor-1/Mixed_Voice_and_Falsetto/平凡之路/Mixed_Voice_Group/0008.wav,Chinese,ZH-Tenor-1,平凡之路,Mixed_Voice_Group,1,0,0,0,1,0,1,clear_mix,100010,positive_mix,
Chinese#ZH-Tenor-1#Mixed_Voice_and_Falsetto#平凡之路#Mixed_Voice_Group#0010,D:\-MindEcho-main\ml_dl_models\gtsinger_multitech\dataset\raw\Chinese\ZH-Tenor-1\Mixed_Voice_and_Falsetto\平凡之路\Mixed_Voice_Group\0010.wav,Chinese/ZH-Tenor-1/Mixed_Voice_and_Falsetto/平凡之路/Mixed_Voice_Group/0010.wav,Chinese,ZH-Tenor-1,平凡之路,Mixed_Voice_Group,1,0,0,0,1,0,1,clear_mix,100010,positive_mix,
Chinese#ZH-Tenor-1#Mixed_Voice_and_Falsetto#平凡之路#Mixed_Voice_Group#0011,D:\-MindEcho-main\ml_dl_models\gtsinger_multitech\dataset\raw\Chinese\ZH-Tenor-1\Mixed_Voice_and_Falsetto\平凡之路\Mixed_Voice_Group\0011.wav,Chinese/ZH-Tenor-1/Mixed_Voice_and_Falsetto/平凡之路/Mixed_Voice_Group/0011.wav,Chinese,ZH-Tenor-1,平凡之路,Mixed_Voice_Group,1,0,0,0,0,0,1,clear_mix,100000,positive_mix,
Chinese#ZH-Tenor-1#Mixed_Voice_and_Falsetto#情歌#Mixed_Voice_Group#0000,D:\-MindEcho-main\ml_dl_models\gtsinger_multitech\dataset\raw\Chinese\ZH-Tenor-1\Mixed_Voice_and_Falsetto\情歌\Mixed_Voice_Group\0000.wav,Chinese/ZH-Tenor-1/Mixed_Voice_and_Falsetto/情歌/Mixed_Voice_Group/0000.wav,Chinese,ZH-Tenor-1,情歌,Mixed_Voice_Group,1,0,0,0,1,0,1,clear_mix,100010,positive_mix,
Chinese#ZH-Tenor-1#Mixed_Voice_and_Falsetto#情歌#Mixed_Voice_Group#0001,D:\-MindEcho-main\ml_dl_models\gtsinger_multitech\dataset\raw\Chinese\ZH-Tenor-1\Mixed_Voice_and_Falsetto\情歌\Mixed_Voice_Group\0001.wav,Chinese/ZH-Tenor-1/Mixed_Voice_and_Falsetto/情歌/Mixed_Voice_Group/0001.wav,Chinese,ZH-Tenor-1,情歌,Mixed_Voice_Group,1,0,0,0,1,0,1,clear_mix,100010,positive_mix,
Chinese#ZH-Tenor-1#Mixed_Voice_and_Falsetto#情歌#Mixed_Voice_Group#0002,D:\-MindEcho-main\ml_dl_models\gtsinger_multitech\dataset\raw\Chinese\ZH-Tenor-1\Mixed_Voice_and_Falsetto\情歌\Mixed_Voice_Group\0002.wav,Chinese/ZH-Tenor-1/Mixed_Voice_and_Falsetto/情歌/Mixed_Voice_Group/0002.wav,Chinese,ZH-Tenor-1,情歌,Mixed_Voice_Group,1,0,0,0,1,0,1,clear_mix,100010,positive_mix,
Chinese#ZH-Tenor-1#Mixed_Voice_and_Falsetto#情歌#Mixed_Voice_Group#0004,D:\-MindEcho-main\ml_dl_models\gtsinger_multitech\dataset\raw\Chinese\ZH-Tenor-1\Mixed_Voice_and_Falsetto\情歌\Mixed_Voice_Group\0004.wav,Chinese/ZH-Tenor-1/Mixed_Voice_and_Falsetto/情歌/Mixed_Voice_Group/0004.wav,Chinese,ZH-Tenor-1,情歌,Mixed_Voice_Group,1,0,0,0,1,0,1,clear_mix,100010,positive_mix,
Chinese#ZH-Tenor-1#Mixed_Voice_and_Falsetto#情歌#Mixed_Voice_Group#0005,D:\-MindEcho-main\ml_dl_models\gtsinger_multitech\dataset\raw\Chinese\ZH-Tenor-1\Mixed_Voice_and_Falsetto\情歌\Mixed_Voice_Group\0005.wav,Chinese/ZH-Tenor-1/Mixed_Voice_and_Falsetto/情歌/Mixed_Voice_Group/0005.wav,Chinese,ZH-Tenor-1,情歌,Mixed_Voice_Group,1,0,0,0,1,0,1,clear_mix,100010,positive_mix,
Chinese#ZH-Tenor-1#Mixed_Voice_and_Falsetto#情歌#Mixed_Voice_Group#0007,D:\-MindEcho-main\ml_dl_models\gtsinger_multitech\dataset\raw\Chinese\ZH-Tenor-1\Mixed_Voice_and_Falsetto\情歌\Mixed_Voice_Group\0007.wav,Chinese/ZH-Tenor-1/Mixed_Voice_and_Falsetto/情歌/Mixed_Voice_Group/0007.wav,Chinese,ZH-Tenor-1,情歌,Mixed_Voice_Group,1,0,0,0,1,0,1,clear_mix,100010,positive_mix,
Chinese#ZH-Tenor-1#Mixed_Voice_and_Falsetto#情歌#Mixed_Voice_Group#0008,D:\-MindEcho-main\ml_dl_models\gtsinger_multitech\dataset\raw\Chinese\ZH-Tenor-1\Mixed_Voice_and_Falsetto\情歌\Mixed_Voice_Group\0008.wav,Chinese/ZH-Tenor-1/Mixed_Voice_and_Falsetto/情歌/Mixed_Voice_Group/0008.wav,Chinese,ZH-Tenor-1,情歌,Mixed_Voice_Group,1,0,0,0,1,0,1,clear_mix,100010,positive_mix,
Chinese#ZH-Tenor-1#Mixed_Voice_and_Falsetto#情歌#Mixed_Voice_Group#0009,D:\-MindEcho-main\ml_dl_models\gtsinger_multitech\dataset\raw\Chinese\ZH-Tenor-1\Mixed_Voice_and_Falsetto\情歌\Mixed_Voice_Group\0009.wav,Chinese/ZH-Tenor-1/Mixed_Voice_and_Falsetto/情歌/Mixed_Voice_Group/0009.wav,Chinese,ZH-Tenor-1,情歌,Mixed_Voice_Group,1,0,0,0,1,0,1,clear_mix,100010,positive_mix,
Chinese#ZH-Tenor-1#Mixed_Voice_and_Falsetto#情歌#Mixed_Voice_Group#0010,D:\-MindEcho-main\ml_dl_models\gtsinger_multitech\dataset\raw\Chinese\ZH-Tenor-1\Mixed_Voice_and_Falsetto\情歌\Mixed_Voice_Group\0010.wav,Chinese/ZH-Tenor-1/Mixed_Voice_and_Falsetto/情歌/Mixed_Voice_Group/0010.wav,Chinese,ZH-Tenor-1,情歌,Mixed_Voice_Group,1,0,0,0,1,0,1,clear_mix,100010,positive_mix,
Chinese#ZH-Tenor-1#Mixed_Voice_and_Falsetto#情歌#Mixed_Voice_Group#0011,D:\-MindEcho-main\ml_dl_models\gtsinger_multitech\dataset\raw\Chinese\ZH-Tenor-1\Mixed_Voice_and_Falsetto\情歌\Mixed_Voice_Group\0011.wav,Chinese/ZH-Tenor-1/Mixed_Voice_and_Falsetto/情歌/Mixed_Voice_Group/0011.wav,Chinese,ZH-Tenor-1,情歌,Mixed_Voice_Group,1,0,0,0,1,0,1,clear_mix,100010,positive_mix,
Chinese#ZH-Tenor-1#Mixed_Voice_and_Falsetto#情歌#Mixed_Voice_Group#0012,D:\-MindEcho-main\ml_dl_models\gtsinger_multitech\dataset\raw\Chinese\ZH-Tenor-1\Mixed_Voice_and_Falsetto\情歌\Mixed_Voice_Group\0012.wav,Chinese/ZH-Tenor-1/Mixed_Voice_and_Falsetto/情歌/Mixed_Voice_Group/0012.wav,Chinese,ZH-Tenor-1,情歌,Mixed_Voice_Group,1,0,0,0,1,0,1,clear_mix,100010,positive_mix,
Chinese#ZH-Tenor-1#Mixed_Voice_and_Falsetto#情歌#Mixed_Voice_Group#0013,D:\-MindEcho-main\ml_dl_models\gtsinger_multitech\dataset\raw\Chinese\ZH-Tenor-1\Mixed_Voice_and_Falsetto\情歌\Mixed_Voice_Group\0013.wav,Chinese/ZH-Tenor-1/Mixed_Voice_and_Falsetto/情歌/Mixed_Voice_Group/0013.wav,Chinese,ZH-Tenor-1,情歌,Mixed_Voice_Group,1,0,0,0,1,0,1,clear_mix,100010,positive_mix,
Chinese#ZH-Tenor-1#Mixed_Voice_and_Falsetto#情歌#Mixed_Voice_Group#0014,D:\-MindEcho-main\ml_dl_models\gtsinger_multitech\dataset\raw\Chinese\ZH-Tenor-1\Mixed_Voice_and_Falsetto\情歌\Mixed_Voice_Group\0014.wav,Chinese/ZH-Tenor-1/Mixed_Voice_and_Falsetto/情歌/Mixed_Voice_Group/0014.wav,Chinese,ZH-Tenor-1,情歌,Mixed_Voice_Group,1,0,0,0,1,0,1,clear_mix,100010,positive_mix,
Chinese#ZH-Tenor-1#Mixed_Voice_and_Falsetto#情歌#Mixed_Voice_Group#0015,D:\-MindEcho-main\ml_dl_models\gtsinger_multitech\dataset\raw\Chinese\ZH-Tenor-1\Mixed_Voice_and_Falsetto\情歌\Mixed_Voice_Group\0015.wav,Chinese/ZH-Tenor-1/Mixed_Voice_and_Falsetto/情歌/Mixed_Voice_Group/0015.wav,Chinese,ZH-Tenor-1,情歌,Mixed_Voice_Group,1,0,0,0,1,0,1,clear_mix,100010,positive_mix,
Chinese#ZH-Tenor-1#Mixed_Voice_and_Falsetto#情歌#Mixed_Voice_Group#0016,D:\-MindEcho-main\ml_dl_models\gtsinger_multitech\dataset\raw\Chinese\ZH-Tenor-1\Mixed_Voice_and_Falsetto\情歌\Mixed_Voice_Group\0016.wav,Chinese/ZH-Tenor-1/Mixed_Voice_and_Falsetto/情歌/Mixed_Voice_Group/0016.wav,Chinese,ZH-Tenor-1,情歌,Mixed_Voice_Group,1,0,0,0,1,0,1,clear_mix,100010,positive_mix,
Chinese#ZH-Tenor-1#Mixed_Voice_and_Falsetto#情歌#Mixed_Voice_Group#0017,D:\-MindEcho-main\ml_dl_models\gtsinger_multitech\dataset\raw\Chinese\ZH-Tenor-1\Mixed_Voice_and_Falsetto\情歌\Mixed_Voice_Group\0017.wav,Chinese/ZH-Tenor-1/Mixed_Voice_and_Falsetto/情歌/Mixed_Voice_Group/0017.wav,Chinese,ZH-Tenor-1,情歌,Mixed_Voice_Group,1,0,0,0,1,0,1,clear_mix,100010,positive_mix,
Chinese#ZH-Tenor-1#Mixed_Voice_and_Falsetto#情歌#Mixed_Voice_Group#0018,D:\-MindEcho-main\ml_dl_models\gtsinger_multitech\dataset\raw\Chinese\ZH-Tenor-1\Mixed_Voice_and_Falsetto\情歌\Mixed_Voice_Group\0018.wav,Chinese/ZH-Tenor-1/Mixed_Voice_and_Falsetto/情歌/Mixed_Voice_Group/0018.wav,Chinese,ZH-Tenor-1,情歌,Mixed_Voice_Group,1,0,0,0,0,0,1,clear_mix,100000,positive_mix,
Chinese#ZH-Tenor-1#Mixed_Voice_and_Falsetto#情歌#Mixed_Voice_Group#0020,D:\-MindEcho-main\ml_dl_models\gtsinger_multitech\dataset\raw\Chinese\ZH-Tenor-1\Mixed_Voice_and_Falsetto\情歌\Mixed_Voice_Group\0020.wav,Chinese/ZH-Tenor-1/Mixed_Voice_and_Falsetto/情歌/Mixed_Voice_Group/0020.wav,Chinese,ZH-Tenor-1,情歌,Mixed_Voice_Group,1,0,0,0,1,0,1,clear_mix,100010,positive_mix,
Chinese#ZH-Tenor-1#Mixed_Voice_and_Falsetto#情歌#Mixed_Voice_Group#0021,D:\-MindEcho-main\ml_dl_models\gtsinger_multitech\dataset\raw\Chinese\ZH-Tenor-1\Mixed_Voice_and_Falsetto\情歌\Mixed_Voice_Group\0021.wav,Chinese/ZH-Tenor-1/Mixed_Voice_and_Falsetto/情歌/Mixed_Voice_Group/0021.wav,Chinese,ZH-Tenor-1,情歌,Mixed_Voice_Group,1,0,0,0,1,0,1,clear_mix,100010,positive_mix,
Chinese#ZH-Tenor-1#Mixed_Voice_and_Falsetto#情歌#Mixed_Voice_Group#0022,D:\-MindEcho-main\ml_dl_models\gtsinger_multitech\dataset\raw\Chinese\ZH-Tenor-1\Mixed_Voice_and_Falsetto\情歌\Mixed_Voice_Group\0022.wav,Chinese/ZH-Tenor-1/Mixed_Voice_and_Falsetto/情歌/Mixed_Voice_Group/0022.wav,Chinese,ZH-Tenor-1,情歌,Mixed_Voice_Group,1,0,0,0,1,0,1,clear_mix,100010,positive_mix,
Chinese#ZH-Tenor-1#Mixed_Voice_and_Falsetto#情歌#Mixed_Voice_Group#0023,D:\-MindEcho-main\ml_dl_models\gtsinger_multitech\dataset\raw\Chinese\ZH-Tenor-1\Mixed_Voice_and_Falsetto\情歌\Mixed_Voice_Group\0023.wav,Chinese/ZH-Tenor-1/Mixed_Voice_and_Falsetto/情歌/Mixed_Voice_Group/0023.wav,Chinese,ZH-Tenor-1,情歌,Mixed_Voice_Group,1,0,0,0,1,0,1,clear_mix,100010,positive_mix,
Chinese#ZH-Tenor-1#Mixed_Voice_and_Falsetto#情歌#Mixed_Voice_Group#0024,D:\-MindEcho-main\ml_dl_models\gtsinger_multitech\dataset\raw\Chinese\ZH-Tenor-1\Mixed_Voice_and_Falsetto\情歌\Mixed_Voice_Group\0024.wav,Chinese/ZH-Tenor-1/Mixed_Voice_and_Falsetto/情歌/Mixed_Voice_Group/0024.wav,Chinese,ZH-Tenor-1,情歌,Mixed_Voice_Group,1,0,0,0,1,0,1,clear_mix,100010,positive_mix,
Chinese#ZH-Tenor-1#Mixed_Voice_and_Falsetto#情歌#Mixed_Voice_Group#0025,D:\-MindEcho-main\ml_dl_models\gtsinger_multitech\dataset\raw\Chinese\ZH-Tenor-1\Mixed_Voice_and_Falsetto\情歌\Mixed_Voice_Group\0025.wav,Chinese/ZH-Tenor-1/Mixed_Voice_and_Falsetto/情歌/Mixed_Voice_Group/0025.wav,Chinese,ZH-Tenor-1,情歌,Mixed_Voice_Group,1,0,0,0,1,0,1,clear_mix,100010,positive_mix,
Chinese#ZH-Tenor-1#Mixed_Voice_and_Falsetto#想自由#Mixed_Voice_Group#0002,D:\-MindEcho-main\ml_dl_models\gtsinger_multitech\dataset\raw\Chinese\ZH-Tenor-1\Mixed_Voice_and_Falsetto\想自由\Mixed_Voice_Group\0002.wav,Chinese/ZH-Tenor-1/Mixed_Voice_and_Falsetto/想自由/Mixed_Voice_Group/0002.wav,Chinese,ZH-Tenor-1,想自由,Mixed_Voice_Group,1,0,0,0,1,0,1,clear_mix,100010,positive_mix,
Chinese#ZH-Tenor-1#Mixed_Voice_and_Falsetto#想自由#Mixed_Voice_Group#0003,D:\-MindEcho-main\ml_dl_models\gtsinger_multitech\dataset\raw\Chinese\ZH-Tenor-1\Mixed_Voice_and_Falsetto\想自由\Mixed_Voice_Group\0003.wav,Chinese/ZH-Tenor-1/Mixed_Voice_and_Falsetto/想自由/Mixed_Voice_Group/0003.wav,Chinese,ZH-Tenor-1,想自由,Mixed_Voice_Group,1,0,0,0,1,0,1,clear_mix,100010,positive_mix,
Chinese#ZH-Tenor-1#Mixed_Voice_and_Falsetto#想自由#Mixed_Voice_Group#0004,D:\-MindEcho-main\ml_dl_models\gtsinger_multitech\dataset\raw\Chinese\ZH-Tenor-1\Mixed_Voice_and_Falsetto\想自由\Mixed_Voice_Group\0004.wav,Chinese/ZH-Tenor-1/Mixed_Voice_and_Falsetto/想自由/Mixed_Voice_Group/0004.wav,Chinese,ZH-Tenor-1,想自由,Mixed_Voice_Group,1,0,0,0,1,0,1,clear_mix,100010,positive_mix,
Chinese#ZH-Tenor-1#Mixed_Voice_and_Falsetto#想自由#Mixed_Voice_Group#0005,D:\-MindEcho-main\ml_dl_models\gtsinger_multitech\dataset\raw\Chinese\ZH-Tenor-1\Mixed_Voice_and_Falsetto\想自由\Mixed_Voice_Group\0005.wav,Chinese/ZH-Tenor-1/Mixed_Voice_and_Falsetto/想自由/Mixed_Voice_Group/0005.wav,Chinese,ZH-Tenor-1,想自由,Mixed_Voice_Group,1,0,0,0,1,0,1,clear_mix,100010,positive_mix,
Chinese#ZH-Tenor-1#Mixed_Voice_and_Falsetto#想自由#Mixed_Voice_Group#0006,D:\-MindEcho-main\ml_dl_models\gtsinger_multitech\dataset\raw\Chinese\ZH-Tenor-1\Mixed_Voice_and_Falsetto\想自由\Mixed_Voice_Group\0006.wav,Chinese/ZH-Tenor-1/Mixed_Voice_and_Falsetto/想自由/Mixed_Voice_Group/0006.wav,Chinese,ZH-Tenor-1,想自由,Mixed_Voice_Group,1,0,0,0,1,0,1,clear_mix,100010,positive_mix,
Chinese#ZH-Tenor-1#Mixed_Voice_and_Falsetto#想自由#Mixed_Voice_Group#0007,D:\-MindEcho-main\ml_dl_models\gtsinger_multitech\dataset\raw\Chinese\ZH-Tenor-1\Mixed_Voice_and_Falsetto\想自由\Mixed_Voice_Group\0007.wav,Chinese/ZH-Tenor-1/Mixed_Voice_and_Falsetto/想自由/Mixed_Voice_Group/0007.wav,Chinese,ZH-Tenor-1,想自由,Mixed_Voice_Group,1,0,0,0,1,0,1,clear_mix,100010,positive_mix,
Chinese#ZH-Tenor-1#Mixed_Voice_and_Falsetto#想自由#Mixed_Voice_Group#0008,D:\-MindEcho-main\ml_dl_models\gtsinger_multitech\dataset\raw\Chinese\ZH-Tenor-1\Mixed_Voice_and_Falsetto\想自由\Mixed_Voice_Group\0008.wav,Chinese/ZH-Tenor-1/Mixed_Voice_and_Falsetto/想自由/Mixed_Voice_Group/0008.wav,Chinese,ZH-Tenor-1,想自由,Mixed_Voice_Group,1,0,0,0,1,0,1,clear_mix,100010,positive_mix,
Chinese#ZH-Tenor-1#Mixed_Voice_and_Falsetto#想自由#Mixed_Voice_Group#0009,D:\-MindEcho-main\ml_dl_models\gtsinger_multitech\dataset\raw\Chinese\ZH-Tenor-1\Mixed_Voice_and_Falsetto\想自由\Mixed_Voice_Group\0009.wav,Chinese/ZH-Tenor-1/Mixed_Voice_and_Falsetto/想自由/Mixed_Voice_Group/0009.wav,Chinese,ZH-Tenor-1,想自由,Mixed_Voice_Group,1,0,0,0,1,0,1,clear_mix,100010,positive_mix,
Chinese#ZH-Tenor-1#Mixed_Voice_and_Falsetto#想自由#Mixed_Voice_Group#0011,D:\-MindEcho-main\ml_dl_models\gtsinger_multitech\dataset\raw\Chinese\ZH-Tenor-1\Mixed_Voice_and_Falsetto\想自由\Mixed_Voice_Group\0011.wav,Chinese/ZH-Tenor-1/Mixed_Voice_and_Falsetto/想自由/Mixed_Voice_Group/0011.wav,Chinese,ZH-Tenor-1,想自由,Mixed_Voice_Group,1,0,0,0,1,0,1,clear_mix,100010,positive_mix,
Chinese#ZH-Tenor-1#Mixed_Voice_and_Falsetto#想自由#Mixed_Voice_Group#0012,D:\-MindEcho-main\ml_dl_models\gtsinger_multitech\dataset\raw\Chinese\ZH-Tenor-1\Mixed_Voice_and_Falsetto\想自由\Mixed_Voice_Group\0012.wav,Chinese/ZH-Tenor-1/Mixed_Voice_and_Falsetto/想自由/Mixed_Voice_Group/0012.wav,Chinese,ZH-Tenor-1,想自由,Mixed_Voice_Group,1,0,0,0,1,0,1,clear_mix,100010,positive_mix,
Chinese#ZH-Tenor-1#Mixed_Voice_and_Falsetto#想自由#Mixed_Voice_Group#0013,D:\-MindEcho-main\ml_dl_models\gtsinger_multitech\dataset\raw\Chinese\ZH-Tenor-1\Mixed_Voice_and_Falsetto\想自由\Mixed_Voice_Group\0013.wav,Chinese/ZH-Tenor-1/Mixed_Voice_and_Falsetto/想自由/Mixed_Voice_Group/0013.wav,Chinese,ZH-Tenor-1,想自由,Mixed_Voice_Group,1,0,0,0,1,0,1,clear_mix,100010,positive_mix,
Chinese#ZH-Tenor-1#Mixed_Voice_and_Falsetto#想自由#Mixed_Voice_Group#0015,D:\-MindEcho-main\ml_dl_models\gtsinger_multitech\dataset\raw\Chinese\ZH-Tenor-1\Mixed_Voice_and_Falsetto\想自由\Mixed_Voice_Group\0015.wav,Chinese/ZH-Tenor-1/Mixed_Voice_and_Falsetto/想自由/Mixed_Voice_Group/0015.wav,Chinese,ZH-Tenor-1,想自由,Mixed_Voice_Group,1,0,0,0,1,0,1,clear_mix,100010,positive_mix,
Chinese#ZH-Tenor-1#Mixed_Voice_and_Falsetto#想自由#Mixed_Voice_Group#0016,D:\-MindEcho-main\ml_dl_models\gtsinger_multitech\dataset\raw\Chinese\ZH-Tenor-1\Mixed_Voice_and_Falsetto\想自由\Mixed_Voice_Group\0016.wav,Chinese/ZH-Tenor-1/Mixed_Voice_and_Falsetto/想自由/Mixed_Voice_Group/0016.wav,Chinese,ZH-Tenor-1,想自由,Mixed_Voice_Group,1,0,0,0,1,0,1,clear_mix,100010,positive_mix,
Chinese#ZH-Tenor-1#Mixed_Voice_and_Falsetto#我的歌声里#Mixed_Voice_Group#0000,D:\-MindEcho-main\ml_dl_models\gtsinger_multitech\dataset\raw\Chinese\ZH-Tenor-1\Mixed_Voice_and_Falsetto\我的歌声里\Mixed_Voice_Group\0000.wav,Chinese/ZH-Tenor-1/Mixed_Voice_and_Falsetto/我的歌声里/Mixed_Voice_Group/0000.wav,Chinese,ZH-Tenor-1,我的歌声里,Mixed_Voice_Group,1,0,0,0,1,0,1,clear_mix,100010,positive_mix,
Chinese#ZH-Tenor-1#Mixed_Voice_and_Falsetto#我的歌声里#Mixed_Voice_Group#0001,D:\-MindEcho-main\ml_dl_models\gtsinger_multitech\dataset\raw\Chinese\ZH-Tenor-1\Mixed_Voice_and_Falsetto\我的歌声里\Mixed_Voice_Group\0001.wav,Chinese/ZH-Tenor-1/Mixed_Voice_and_Falsetto/我的歌声里/Mixed_Voice_Group/0001.wav,Chinese,ZH-Tenor-1,我的歌声里,Mixed_Voice_Group,1,0,0,0,1,0,1,clear_mix,100010,positive_mix,
Chinese#ZH-Tenor-1#Mixed_Voice_and_Falsetto#我的歌声里#Mixed_Voice_Group#0003,D:\-MindEcho-main\ml_dl_models\gtsinger_multitech\dataset\raw\Chinese\ZH-Tenor-1\Mixed_Voice_and_Falsetto\我的歌声里\Mixed_Voice_Group\0003.wav,Chinese/ZH-Tenor-1/Mixed_Voice_and_Falsetto/我的歌声里/Mixed_Voice_Group/0003.wav,Chinese,ZH-Tenor-1,我的歌声里,Mixed_Voice_Group,1,0,0,0,1,0,1,clear_mix,100010,positive_mix,
Chinese#ZH-Tenor-1#Mixed_Voice_and_Falsetto#我的歌声里#Mixed_Voice_Group#0004,D:\-MindEcho-main\ml_dl_models\gtsinger_multitech\dataset\raw\Chinese\ZH-Tenor-1\Mixed_Voice_and_Falsetto\我的歌声里\Mixed_Voice_Group\0004.wav,Chinese/ZH-Tenor-1/Mixed_Voice_and_Falsetto/我的歌声里/Mixed_Voice_Group/0004.wav,Chinese,ZH-Tenor-1,我的歌声里,Mixed_Voice_Group,1,0,0,0,1,0,1,clear_mix,100010,positive_mix,
Chinese#ZH-Tenor-1#Mixed_Voice_and_Falsetto#我的歌声里#Mixed_Voice_Group#0005,D:\-MindEcho-main\ml_dl_models\gtsinger_multitech\dataset\raw\Chinese\ZH-Tenor-1\Mixed_Voice_and_Falsetto\我的歌声里\Mixed_Voice_Group\0005.wav,Chinese/ZH-Tenor-1/Mixed_Voice_and_Falsetto/我的歌声里/Mixed_Voice_Group/0005.wav,Chinese,ZH-Tenor-1,我的歌声里,Mixed_Voice_Group,1,0,0,0,1,0,1,clear_mix,100010,positive_mix,
Chinese#ZH-Tenor-1#Mixed_Voice_and_Falsetto#我的歌声里#Mixed_Voice_Group#0006,D:\-MindEcho-main\ml_dl_models\gtsinger_multitech\dataset\raw\Chinese\ZH-Tenor-1\Mixed_Voice_and_Falsetto\我的歌声里\Mixed_Voice_Group\0006.wav,Chinese/ZH-Tenor-1/Mixed_Voice_and_Falsetto/我的歌声里/Mixed_Voice_Group/0006.wav,Chinese,ZH-Tenor-1,我的歌声里,Mixed_Voice_Group,1,0,0,0,1,0,1,clear_mix,100010,positive_mix,
Chinese#ZH-Tenor-1#Mixed_Voice_and_Falsetto#我的歌声里#Mixed_Voice_Group#0007,D:\-MindEcho-main\ml_dl_models\gtsinger_multitech\dataset\raw\Chinese\ZH-Tenor-1\Mixed_Voice_and_Falsetto\我的歌声里\Mixed_Voice_Group\0007.wav,Chinese/ZH-Tenor-1/Mixed_Voice_and_Falsetto/我的歌声里/Mixed_Voice_Group/0007.wav,Chinese,ZH-Tenor-1,我的歌声里,Mixed_Voice_Group,1,0,0,0,0,0,1,clear_mix,100000,positive_mix,
Chinese#ZH-Tenor-1#Mixed_Voice_and_Falsetto#我的歌声里#Mixed_Voice_Group#0008,D:\-MindEcho-main\ml_dl_models\gtsinger_multitech\dataset\raw\Chinese\ZH-Tenor-1\Mixed_Voice_and_Falsetto\我的歌声里\Mixed_Voice_Group\0008.wav,Chinese/ZH-Tenor-1/Mixed_Voice_and_Falsetto/我的歌声里/Mixed_Voice_Group/0008.wav,Chinese,ZH-Tenor-1,我的歌声里,Mixed_Voice_Group,1,0,0,0,1,0,1,clear_mix,100010,positive_mix,
Chinese#ZH-Tenor-1#Mixed_Voice_and_Falsetto#我的歌声里#Mixed_Voice_Group#0009,D:\-MindEcho-main\ml_dl_models\gtsinger_multitech\dataset\raw\Chinese\ZH-Tenor-1\Mixed_Voice_and_Falsetto\我的歌声里\Mixed_Voice_Group\0009.wav,Chinese/ZH-Tenor-1/Mixed_Voice_and_Falsetto/我的歌声里/Mixed_Voice_Group/0009.wav,Chinese,ZH-Tenor-1,我的歌声里,Mixed_Voice_Group,1,0,0,0,1,0,1,clear_mix,100010,positive_mix,
Chinese#ZH-Tenor-1#Mixed_Voice_and_Falsetto#我的歌声里#Mixed_Voice_Group#0010,D:\-MindEcho-main\ml_dl_models\gtsinger_multitech\dataset\raw\Chinese\ZH-Tenor-1\Mixed_Voice_and_Falsetto\我的歌声里\Mixed_Voice_Group\0010.wav,Chinese/ZH-Tenor-1/Mixed_Voice_and_Falsetto/我的歌声里/Mixed_Voice_Group/0010.wav,Chinese,ZH-Tenor-1,我的歌声里,Mixed_Voice_Group,1,0,0,0,1,0,1,clear_mix,100010,positive_mix,
Chinese#ZH-Tenor-1#Mixed_Voice_and_Falsetto#我的歌声里#Mixed_Voice_Group#0012,D:\-MindEcho-main\ml_dl_models\gtsinger_multitech\dataset\raw\Chinese\ZH-Tenor-1\Mixed_Voice_and_Falsetto\我的歌声里\Mixed_Voice_Group\0012.wav,Chinese/ZH-Tenor-1/Mixed_Voice_and_Falsetto/我的歌声里/Mixed_Voice_Group/0012.wav,Chinese,ZH-Tenor-1,我的歌声里,Mixed_Voice_Group,1,0,0,0,1,0,1,clear_mix,100010,positive_mix,
Chinese#ZH-Tenor-1#Mixed_Voice_and_Falsetto#曹操#Mixed_Voice_Group#0000,D:\-MindEcho-main\ml_dl_models\gtsinger_multitech\dataset\raw\Chinese\ZH-Tenor-1\Mixed_Voice_and_Falsetto\曹操\Mixed_Voice_Group\0000.wav,Chinese/ZH-Tenor-1/Mixed_Voice_and_Falsetto/曹操/Mixed_Voice_Group/0000.wav,Chinese,ZH-Tenor-1,曹操,Mixed_Voice_Group,1,0,0,0,1,0,1,clear_mix,100010,positive_mix,
Chinese#ZH-Tenor-1#Mixed_Voice_and_Falsetto#曹操#Mixed_Voice_Group#0001,D:\-MindEcho-main\ml_dl_models\gtsinger_multitech\dataset\raw\Chinese\ZH-Tenor-1\Mixed_Voice_and_Falsetto\曹操\Mixed_Voice_Group\0001.wav,Chinese/ZH-Tenor-1/Mixed_Voice_and_Falsetto/曹操/Mixed_Voice_Group/0001.wav,Chinese,ZH-Tenor-1,曹操,Mixed_Voice_Group,1,0,0,0,1,0,1,clear_mix,100010,positive_mix,
Chinese#ZH-Tenor-1#Mixed_Voice_and_Falsetto#曹操#Mixed_Voice_Group#0002,D:\-MindEcho-main\ml_dl_models\gtsinger_multitech\dataset\raw\Chinese\ZH-Tenor-1\Mixed_Voice_and_Falsetto\曹操\Mixed_Voice_Group\0002.wav,Chinese/ZH-Tenor-1/Mixed_Voice_and_Falsetto/曹操/Mixed_Voice_Group/0002.wav,Chinese,ZH-Tenor-1,曹操,Mixed_Voice_Group,1,0,0,0,1,0,1,clear_mix,100010,positive_mix,
Chinese#ZH-Tenor-1#Mixed_Voice_and_Falsetto#曹操#Mixed_Voice_Group#0003,D:\-MindEcho-main\ml_dl_models\gtsinger_multitech\dataset\raw\Chinese\ZH-Tenor-1\Mixed_Voice_and_Falsetto\曹操\Mixed_Voice_Group\0003.wav,Chinese/ZH-Tenor-1/Mixed_Voice_and_Falsetto/曹操/Mixed_Voice_Group/0003.wav,Chinese,ZH-Tenor-1,曹操,Mixed_Voice_Group,1,0,0,0,1,0,1,clear_mix,100010,positive_mix,
Chinese#ZH-Tenor-1#Mixed_Voice_and_Falsetto#曹操#Mixed_Voice_Group#0004,D:\-MindEcho-main\ml_dl_models\gtsinger_multitech\dataset\raw\Chinese\ZH-Tenor-1\Mixed_Voice_and_Falsetto\曹操\Mixed_Voice_Group\0004.wav,Chinese/ZH-Tenor-1/Mixed_Voice_and_Falsetto/曹操/Mixed_Voice_Group/0004.wav,Chinese,ZH-Tenor-1,曹操,Mixed_Voice_Group,1,0,0,0,1,0,1,clear_mix,100010,positive_mix,
Chinese#ZH-Tenor-1#Mixed_Voice_and_Falsetto#曹操#Mixed_Voice_Group#0005,D:\-MindEcho-main\ml_dl_models\gtsinger_multitech\dataset\raw\Chinese\ZH-Tenor-1\Mixed_Voice_and_Falsetto\曹操\Mixed_Voice_Group\0005.wav,Chinese/ZH-Tenor-1/Mixed_Voice_and_Falsetto/曹操/Mixed_Voice_Group/0005.wav,Chinese,ZH-Tenor-1,曹操,Mixed_Voice_Group,1,0,0,0,1,0,1,clear_mix,100010,positive_mix,
Chinese#ZH-Tenor-1#Mixed_Voice_and_Falsetto#曹操#Mixed_Voice_Group#0006,D:\-MindEcho-main\ml_dl_models\gtsinger_multitech\dataset\raw\Chinese\ZH-Tenor-1\Mixed_Voice_and_Falsetto\曹操\Mixed_Voice_Group\0006.wav,Chinese/ZH-Tenor-1/Mixed_Voice_and_Falsetto/曹操/Mixed_Voice_Group/0006.wav,Chinese,ZH-Tenor-1,曹操,Mixed_Voice_Group,1,0,0,0,1,0,1,clear_mix,100010,positive_mix,
Chinese#ZH-Tenor-1#Mixed_Voice_and_Falsetto#曹操#Mixed_Voice_Group#0008,D:\-MindEcho-main\ml_dl_models\gtsinger_multitech\dataset\raw\Chinese\ZH-Tenor-1\Mixed_Voice_and_Falsetto\曹操\Mixed_Voice_Group\0008.wav,Chinese/ZH-Tenor-1/Mixed_Voice_and_Falsetto/曹操/Mixed_Voice_Group/0008.wav,Chinese,ZH-Tenor-1,曹操,Mixed_Voice_Group,1,0,0,0,1,0,1,clear_mix,100010,positive_mix,
Chinese#ZH-Tenor-1#Mixed_Voice_and_Falsetto#曹操#Mixed_Voice_Group#0009,D:\-MindEcho-main\ml_dl_models\gtsinger_multitech\dataset\raw\Chinese\ZH-Tenor-1\Mixed_Voice_and_Falsetto\曹操\Mixed_Voice_Group\0009.wav,Chinese/ZH-Tenor-1/Mixed_Voice_and_Falsetto/曹操/Mixed_Voice_Group/0009.wav,Chinese,ZH-Tenor-1,曹操,Mixed_Voice_Group,1,0,0,0,1,0,1,clear_mix,100010,positive_mix,
Chinese#ZH-Tenor-1#Mixed_Voice_and_Falsetto#曹操#Mixed_Voice_Group#0010,D:\-MindEcho-main\ml_dl_models\gtsinger_multitech\dataset\raw\Chinese\ZH-Tenor-1\Mixed_Voice_and_Falsetto\曹操\Mixed_Voice_Group\0010.wav,Chinese/ZH-Tenor-1/Mixed_Voice_and_Falsetto/曹操/Mixed_Voice_Group/0010.wav,Chinese,ZH-Tenor-1,曹操,Mixed_Voice_Group,1,0,0,0,1,0,1,clear_mix,100010,positive_mix,
Chinese#ZH-Tenor-1#Mixed_Voice_and_Falsetto#曹操#Mixed_Voice_Group#0011,D:\-MindEcho-main\ml_dl_models\gtsinger_multitech\dataset\raw\Chinese\ZH-Tenor-1\Mixed_Voice_and_Falsetto\曹操\Mixed_Voice_Group\0011.wav,Chinese/ZH-Tenor-1/Mixed_Voice_and_Falsetto/曹操/Mixed_Voice_Group/0011.wav,Chinese,ZH-Tenor-1,曹操,Mixed_Voice_Group,1,0,0,0,1,0,1,clear_mix,100010,positive_mix,
Chinese#ZH-Tenor-1#Mixed_Voice_and_Falsetto#最初的梦想#Mixed_Voice_Group#0000,D:\-MindEcho-main\ml_dl_models\gtsinger_multitech\dataset\raw\Chinese\ZH-Tenor-1\Mixed_Voice_and_Falsetto\最初的梦想\Mixed_Voice_Group\0000.wav,Chinese/ZH-Tenor-1/Mixed_Voice_and_Falsetto/最初的梦想/Mixed_Voice_Group/0000.wav,Chinese,ZH-Tenor-1,最初的梦想,Mixed_Voice_Group,1,0,0,0,1,0,1,clear_mix,100010,positive_mix,
Chinese#ZH-Tenor-1#Mixed_Voice_and_Falsetto#最初的梦想#Mixed_Voice_Group#0001,D:\-MindEcho-main\ml_dl_models\gtsinger_multitech\dataset\raw\Chinese\ZH-Tenor-1\Mixed_Voice_and_Falsetto\最初的梦想\Mixed_Voice_Group\0001.wav,Chinese/ZH-Tenor-1/Mixed_Voice_and_Falsetto/最初的梦想/Mixed_Voice_Group/0001.wav,Chinese,ZH-Tenor-1,最初的梦想,Mixed_Voice_Group,1,0,0,0,1,0,1,clear_mix,100010,positive_mix,
Chinese#ZH-Tenor-1#Mixed_Voice_and_Falsetto#最初的梦想#Mixed_Voice_Group#0002,D:\-MindEcho-main\ml_dl_models\gtsinger_multitech\dataset\raw\Chinese\ZH-Tenor-1\Mixed_Voice_and_Falsetto\最初的梦想\Mixed_Voice_Group\0002.wav,Chinese/ZH-Tenor-1/Mixed_Voice_and_Falsetto/最初的梦想/Mixed_Voice_Group/0002.wav,Chinese,ZH-Tenor-1,最初的梦想,Mixed_Voice_Group,1,0,0,0,1,0,1,clear_mix,100010,positive_mix,
Chinese#ZH-Tenor-1#Mixed_Voice_and_Falsetto#最初的梦想#Mixed_Voice_Group#0003,D:\-MindEcho-main\ml_dl_models\gtsinger_multitech\dataset\raw\Chinese\ZH-Tenor-1\Mixed_Voice_and_Falsetto\最初的梦想\Mixed_Voice_Group\0003.wav,Chinese/ZH-Tenor-1/Mixed_Voice_and_Falsetto/最初的梦想/Mixed_Voice_Group/0003.wav,Chinese,ZH-Tenor-1,最初的梦想,Mixed_Voice_Group,1,0,0,0,1,0,1,clear_mix,100010,positive_mix,
Chinese#ZH-Tenor-1#Mixed_Voice_and_Falsetto#最初的梦想#Mixed_Voice_Group#0004,D:\-MindEcho-main\ml_dl_models\gtsinger_multitech\dataset\raw\Chinese\ZH-Tenor-1\Mixed_Voice_and_Falsetto\最初的梦想\Mixed_Voice_Group\0004.wav,Chinese/ZH-Tenor-1/Mixed_Voice_and_Falsetto/最初的梦想/Mixed_Voice_Group/0004.wav,Chinese,ZH-Tenor-1,最初的梦想,Mixed_Voice_Group,1,0,0,0,1,0,1,clear_mix,100010,positive_mix,
Chinese#ZH-Tenor-1#Mixed_Voice_and_Falsetto#最初的梦想#Mixed_Voice_Group#0005,D:\-MindEcho-main\ml_dl_models\gtsinger_multitech\dataset\raw\Chinese\ZH-Tenor-1\Mixed_Voice_and_Falsetto\最初的梦想\Mixed_Voice_Group\0005.wav,Chinese/ZH-Tenor-1/Mixed_Voice_and_Falsetto/最初的梦想/Mixed_Voice_Group/0005.wav,Chinese,ZH-Tenor-1,最初的梦想,Mixed_Voice_Group,1,0,0,0,1,0,1,clear_mix,100010,positive_mix,
Chinese#ZH-Tenor-1#Mixed_Voice_and_Falsetto#最初的梦想#Mixed_Voice_Group#0006,D:\-MindEcho-main\ml_dl_models\gtsinger_multitech\dataset\raw\Chinese\ZH-Tenor-1\Mixed_Voice_and_Falsetto\最初的梦想\Mixed_Voice_Group\0006.wav,Chinese/ZH-Tenor-1/Mixed_Voice_and_Falsetto/最初的梦想/Mixed_Voice_Group/0006.wav,Chinese,ZH-Tenor-1,最初的梦想,Mixed_Voice_Group,1,1,0,0,1,0,1,head_mix,110010,positive_mix,
Chinese#ZH-Tenor-1#Mixed_Voice_and_Falsetto#最初的梦想#Mixed_Voice_Group#0007,D:\-MindEcho-main\ml_dl_models\gtsinger_multitech\dataset\raw\Chinese\ZH-Tenor-1\Mixed_Voice_and_Falsetto\最初的梦想\Mixed_Voice_Group\0007.wav,Chinese/ZH-Tenor-1/Mixed_Voice_and_Falsetto/最初的梦想/Mixed_Voice_Group/0007.wav,Chinese,ZH-Tenor-1,最初的梦想,Mixed_Voice_Group,1,0,0,0,1,0,1,clear_mix,100010,positive_mix,
Chinese#ZH-Tenor-1#Mixed_Voice_and_Falsetto#最初的梦想#Mixed_Voice_Group#0009,D:\-MindEcho-main\ml_dl_models\gtsinger_multitech\dataset\raw\Chinese\ZH-Tenor-1\Mixed_Voice_and_Falsetto\最初的梦想\Mixed_Voice_Group\0009.wav,Chinese/ZH-Tenor-1/Mixed_Voice_and_Falsetto/最初的梦想/Mixed_Voice_Group/0009.wav,Chinese,ZH-Tenor-1,最初的梦想,Mixed_Voice_Group,1,0,0,0,1,0,1,clear_mix,100010,positive_mix,
Chinese#ZH-Tenor-1#Mixed_Voice_and_Falsetto#最初的梦想#Mixed_Voice_Group#0010,D:\-MindEcho-main\ml_dl_models\gtsinger_multitech\dataset\raw\Chinese\ZH-Tenor-1\Mixed_Voice_and_Falsetto\最初的梦想\Mixed_Voice_Group\0010.wav,Chinese/ZH-Tenor-1/Mixed_Voice_and_Falsetto/最初的梦想/Mixed_Voice_Group/0010.wav,Chinese,ZH-Tenor-1,最初的梦想,Mixed_Voice_Group,1,0,0,0,1,0,1,clear_mix,100010,positive_mix,
Chinese#ZH-Tenor-1#Mixed_Voice_and_Falsetto#最初的梦想#Mixed_Voice_Group#0011,D:\-MindEcho-main\ml_dl_models\gtsinger_multitech\dataset\raw\Chinese\ZH-Tenor-1\Mixed_Voice_and_Falsetto\最初的梦想\Mixed_Voice_Group\0011.wav,Chinese/ZH-Tenor-1/Mixed_Voice_and_Falsetto/最初的梦想/Mixed_Voice_Group/0011.wav,Chinese,ZH-Tenor-1,最初的梦想,Mixed_Voice_Group,1,0,0,0,1,0,1,clear_mix,100010,positive_mix,
Chinese#ZH-Tenor-1#Mixed_Voice_and_Falsetto#最初的梦想#Mixed_Voice_Group#0012,D:\-MindEcho-main\ml_dl_models\gtsinger_multitech\dataset\raw\Chinese\ZH-Tenor-1\Mixed_Voice_and_Falsetto\最初的梦想\Mixed_Voice_Group\0012.wav,Chinese/ZH-Tenor-1/Mixed_Voice_and_Falsetto/最初的梦想/Mixed_Voice_Group/0012.wav,Chinese,ZH-Tenor-1,最初的梦想,Mixed_Voice_Group,1,0,0,0,1,0,1,clear_mix,100010,positive_mix,
Chinese#ZH-Tenor-1#Mixed_Voice_and_Falsetto#最初的梦想#Mixed_Voice_Group#0015,D:\-MindEcho-main\ml_dl_models\gtsinger_multitech\dataset\raw\Chinese\ZH-Tenor-1\Mixed_Voice_and_Falsetto\最初的梦想\Mixed_Voice_Group\0015.wav,Chinese/ZH-Tenor-1/Mixed_Voice_and_Falsetto/最初的梦想/Mixed_Voice_Group/0015.wav,Chinese,ZH-Tenor-1,最初的梦想,Mixed_Voice_Group,1,1,0,0,1,0,1,head_mix,110010,positive_mix,
Chinese#ZH-Tenor-1#Mixed_Voice_and_Falsetto#最初的梦想#Mixed_Voice_Group#0017,D:\-MindEcho-main\ml_dl_models\gtsinger_multitech\dataset\raw\Chinese\ZH-Tenor-1\Mixed_Voice_and_Falsetto\最初的梦想\Mixed_Voice_Group\0017.wav,Chinese/ZH-Tenor-1/Mixed_Voice_and_Falsetto/最初的梦想/Mixed_Voice_Group/0017.wav,Chinese,ZH-Tenor-1,最初的梦想,Mixed_Voice_Group,1,0,0,0,1,0,1,clear_mix,100010,positive_mix,
Chinese#ZH-Tenor-1#Mixed_Voice_and_Falsetto#最初的梦想#Mixed_Voice_Group#0018,D:\-MindEcho-main\ml_dl_models\gtsinger_multitech\dataset\raw\Chinese\ZH-Tenor-1\Mixed_Voice_and_Falsetto\最初的梦想\Mixed_Voice_Group\0018.wav,Chinese/ZH-Tenor-1/Mixed_Voice_and_Falsetto/最初的梦想/Mixed_Voice_Group/0018.wav,Chinese,ZH-Tenor-1,最初的梦想,Mixed_Voice_Group,1,0,0,0,1,0,1,clear_mix,100010,positive_mix,
Chinese#ZH-Tenor-1#Mixed_Voice_and_Falsetto#末班车#Mixed_Voice_Group#0002,D:\-MindEcho-main\ml_dl_models\gtsinger_multitech\dataset\raw\Chinese\ZH-Tenor-1\Mixed_Voice_and_Falsetto\末班车\Mixed_Voice_Group\0002.wav,Chinese/ZH-Tenor-1/Mixed_Voice_and_Falsetto/末班车/Mixed_Voice_Group/0002.wav,Chinese,ZH-Tenor-1,末班车,Mixed_Voice_Group,1,0,0,0,1,0,1,clear_mix,100010,positive_mix,
Chinese#ZH-Tenor-1#Mixed_Voice_and_Falsetto#末班车#Mixed_Voice_Group#0003,D:\-MindEcho-main\ml_dl_models\gtsinger_multitech\dataset\raw\Chinese\ZH-Tenor-1\Mixed_Voice_and_Falsetto\末班车\Mixed_Voice_Group\0003.wav,Chinese/ZH-Tenor-1/Mixed_Voice_and_Falsetto/末班车/Mixed_Voice_Group/0003.wav,Chinese,ZH-Tenor-1,末班车,Mixed_Voice_Group,1,0,1,0,1,0,1,breathy_mix,101010,positive_mix,
Chinese#ZH-Tenor-1#Mixed_Voice_and_Falsetto#末班车#Mixed_Voice_Group#0004,D:\-MindEcho-main\ml_dl_models\gtsinger_multitech\dataset\raw\Chinese\ZH-Tenor-1\Mixed_Voice_and_Falsetto\末班车\Mixed_Voice_Group\0004.wav,Chinese/ZH-Tenor-1/Mixed_Voice_and_Falsetto/末班车/Mixed_Voice_Group/0004.wav,Chinese,ZH-Tenor-1,末班车,Mixed_Voice_Group,1,0,0,0,1,0,1,clear_mix,100010,positive_mix,
Chinese#ZH-Tenor-1#Mixed_Voice_and_Falsetto#末班车#Mixed_Voice_Group#0005,D:\-MindEcho-main\ml_dl_models\gtsinger_multitech\dataset\raw\Chinese\ZH-Tenor-1\Mixed_Voice_and_Falsetto\末班车\Mixed_Voice_Group\0005.wav,Chinese/ZH-Tenor-1/Mixed_Voice_and_Falsetto/末班车/Mixed_Voice_Group/0005.wav,Chinese,ZH-Tenor-1,末班车,Mixed_Voice_Group,1,0,0,0,1,0,1,clear_mix,100010,positive_mix,
Chinese#ZH-Tenor-1#Mixed_Voice_and_Falsetto#末班车#Mixed_Voice_Group#0007,D:\-MindEcho-main\ml_dl_models\gtsinger_multitech\dataset\raw\Chinese\ZH-Tenor-1\Mixed_Voice_and_Falsetto\末班车\Mixed_Voice_Group\0007.wav,Chinese/ZH-Tenor-1/Mixed_Voice_and_Falsetto/末班车/Mixed_Voice_Group/0007.wav,Chinese,ZH-Tenor-1,末班车,Mixed_Voice_Group,1,0,0,0,1,0,1,clear_mix,100010,positive_mix,
Chinese#ZH-Tenor-1#Mixed_Voice_and_Falsetto#末班车#Mixed_Voice_Group#0008,D:\-MindEcho-main\ml_dl_models\gtsinger_multitech\dataset\raw\Chinese\ZH-Tenor-1\Mixed_Voice_and_Falsetto\末班车\Mixed_Voice_Group\0008.wav,Chinese/ZH-Tenor-1/Mixed_Voice_and_Falsetto/末班车/Mixed_Voice_Group/0008.wav,Chinese,ZH-Tenor-1,末班车,Mixed_Voice_Group,1,0,0,0,1,0,1,clear_mix,100010,positive_mix,
Chinese#ZH-Tenor-1#Mixed_Voice_and_Falsetto#枫#Mixed_Voice_Group#0000,D:\-MindEcho-main\ml_dl_models\gtsinger_multitech\dataset\raw\Chinese\ZH-Tenor-1\Mixed_Voice_and_Falsetto\枫\Mixed_Voice_Group\0000.wav,Chinese/ZH-Tenor-1/Mixed_Voice_and_Falsetto/枫/Mixed_Voice_Group/0000.wav,Chinese,ZH-Tenor-1,枫,Mixed_Voice_Group,1,0,0,0,0,0,1,clear_mix,100000,positive_mix,
Chinese#ZH-Tenor-1#Mixed_Voice_and_Falsetto#枫#Mixed_Voice_Group#0002,D:\-MindEcho-main\ml_dl_models\gtsinger_multitech\dataset\raw\Chinese\ZH-Tenor-1\Mixed_Voice_and_Falsetto\枫\Mixed_Voice_Group\0002.wav,Chinese/ZH-Tenor-1/Mixed_Voice_and_Falsetto/枫/Mixed_Voice_Group/0002.wav,Chinese,ZH-Tenor-1,枫,Mixed_Voice_Group,1,0,0,0,1,0,1,clear_mix,100010,positive_mix,
Chinese#ZH-Tenor-1#Mixed_Voice_and_Falsetto#枫#Mixed_Voice_Group#0004,D:\-MindEcho-main\ml_dl_models\gtsinger_multitech\dataset\raw\Chinese\ZH-Tenor-1\Mixed_Voice_and_Falsetto\枫\Mixed_Voice_Group\0004.wav,Chinese/ZH-Tenor-1/Mixed_Voice_and_Falsetto/枫/Mixed_Voice_Group/0004.wav,Chinese,ZH-Tenor-1,枫,Mixed_Voice_Group,1,0,0,0,1,0,1,clear_mix,100010,positive_mix,
Chinese#ZH-Tenor-1#Mixed_Voice_and_Falsetto#枫#Mixed_Voice_Group#0005,D:\-MindEcho-main\ml_dl_models\gtsinger_multitech\dataset\raw\Chinese\ZH-Tenor-1\Mixed_Voice_and_Falsetto\枫\Mixed_Voice_Group\0005.wav,Chinese/ZH-Tenor-1/Mixed_Voice_and_Falsetto/枫/Mixed_Voice_Group/0005.wav,Chinese,ZH-Tenor-1,枫,Mixed_Voice_Group,1,1,0,0,1,0,1,head_mix,110010,positive_mix,
Chinese#ZH-Tenor-1#Mixed_Voice_and_Falsetto#枫#Mixed_Voice_Group#0007,D:\-MindEcho-main\ml_dl_models\gtsinger_multitech\dataset\raw\Chinese\ZH-Tenor-1\Mixed_Voice_and_Falsetto\枫\Mixed_Voice_Group\0007.wav,Chinese/ZH-Tenor-1/Mixed_Voice_and_Falsetto/枫/Mixed_Voice_Group/0007.wav,Chinese,ZH-Tenor-1,枫,Mixed_Voice_Group,1,0,0,0,1,0,1,clear_mix,100010,positive_mix,
Chinese#ZH-Tenor-1#Mixed_Voice_and_Falsetto#枫#Mixed_Voice_Group#0010,D:\-MindEcho-main\ml_dl_models\gtsinger_multitech\dataset\raw\Chinese\ZH-Tenor-1\Mixed_Voice_and_Falsetto\枫\Mixed_Voice_Group\0010.wav,Chinese/ZH-Tenor-1/Mixed_Voice_and_Falsetto/枫/Mixed_Voice_Group/0010.wav,Chinese,ZH-Tenor-1,枫,Mixed_Voice_Group,1,0,0,0,1,0,1,clear_mix,100010,positive_mix,
Chinese#ZH-Tenor-1#Mixed_Voice_and_Falsetto#枫#Mixed_Voice_Group#0011,D:\-MindEcho-main\ml_dl_models\gtsinger_multitech\dataset\raw\Chinese\ZH-Tenor-1\Mixed_Voice_and_Falsetto\枫\Mixed_Voice_Group\0011.wav,Chinese/ZH-Tenor-1/Mixed_Voice_and_Falsetto/枫/Mixed_Voice_Group/0011.wav,Chinese,ZH-Tenor-1,枫,Mixed_Voice_Group,1,0,0,0,1,0,1,clear_mix,100010,positive_mix,
Chinese#ZH-Tenor-1#Mixed_Voice_and_Falsetto#残酷月光#Mixed_Voice_Group#0000,D:\-MindEcho-main\ml_dl_models\gtsinger_multitech\dataset\raw\Chinese\ZH-Tenor-1\Mixed_Voice_and_Falsetto\残酷月光\Mixed_Voice_Group\0000.wav,Chinese/ZH-Tenor-1/Mixed_Voice_and_Falsetto/残酷月光/Mixed_Voice_Group/0000.wav,Chinese,ZH-Tenor-1,残酷月光,Mixed_Voice_Group,1,0,0,0,1,0,1,clear_mix,100010,positive_mix,
Chinese#ZH-Tenor-1#Mixed_Voice_and_Falsetto#残酷月光#Mixed_Voice_Group#0002,D:\-MindEcho-main\ml_dl_models\gtsinger_multitech\dataset\raw\Chinese\ZH-Tenor-1\Mixed_Voice_and_Falsetto\残酷月光\Mixed_Voice_Group\0002.wav,Chinese/ZH-Tenor-1/Mixed_Voice_and_Falsetto/残酷月光/Mixed_Voice_Group/0002.wav,Chinese,ZH-Tenor-1,残酷月光,Mixed_Voice_Group,1,0,0,0,1,0,1,clear_mix,100010,positive_mix,
Chinese#ZH-Tenor-1#Mixed_Voice_and_Falsetto#残酷月光#Mixed_Voice_Group#0003,D:\-MindEcho-main\ml_dl_models\gtsinger_multitech\dataset\raw\Chinese\ZH-Tenor-1\Mixed_Voice_and_Falsetto\残酷月光\Mixed_Voice_Group\0003.wav,Chinese/ZH-Tenor-1/Mixed_Voice_and_Falsetto/残酷月光/Mixed_Voice_Group/0003.wav,Chinese,ZH-Tenor-1,残酷月光,Mixed_Voice_Group,1,0,0,0,1,0,1,clear_mix,100010,positive_mix,
Chinese#ZH-Tenor-1#Mixed_Voice_and_Falsetto#残酷月光#Mixed_Voice_Group#0004,D:\-MindEcho-main\ml_dl_models\gtsinger_multitech\dataset\raw\Chinese\ZH-Tenor-1\Mixed_Voice_and_Falsetto\残酷月光\Mixed_Voice_Group\0004.wav,Chinese/ZH-Tenor-1/Mixed_Voice_and_Falsetto/残酷月光/Mixed_Voice_Group/0004.wav,Chinese,ZH-Tenor-1,残酷月光,Mixed_Voice_Group,1,0,0,0,1,0,1,clear_mix,100010,positive_mix,
Chinese#ZH-Tenor-1#Mixed_Voice_and_Falsetto#残酷月光#Mixed_Voice_Group#0005,D:\-MindEcho-main\ml_dl_models\gtsinger_multitech\dataset\raw\Chinese\ZH-Tenor-1\Mixed_Voice_and_Falsetto\残酷月光\Mixed_Voice_Group\0005.wav,Chinese/ZH-Tenor-1/Mixed_Voice_and_Falsetto/残酷月光/Mixed_Voice_Group/0005.wav,Chinese,ZH-Tenor-1,残酷月光,Mixed_Voice_Group,1,0,0,0,1,0,1,clear_mix,100010,positive_mix,
Chinese#ZH-Tenor-1#Mixed_Voice_and_Falsetto#残酷月光#Mixed_Voice_Group#0006,D:\-MindEcho-main\ml_dl_models\gtsinger_multitech\dataset\raw\Chinese\ZH-Tenor-1\Mixed_Voice_and_Falsetto\残酷月光\Mixed_Voice_Group\0006.wav,Chinese/ZH-Tenor-1/Mixed_Voice_and_Falsetto/残酷月光/Mixed_Voice_Group/0006.wav,Chinese,ZH-Tenor-1,残酷月光,Mixed_Voice_Group,1,0,0,0,1,0,1,clear_mix,100010,positive_mix,
Chinese#ZH-Tenor-1#Mixed_Voice_and_Falsetto#残酷月光#Mixed_Voice_Group#0007,D:\-MindEcho-main\ml_dl_models\gtsinger_multitech\dataset\raw\Chinese\ZH-Tenor-1\Mixed_Voice_and_Falsetto\残酷月光\Mixed_Voice_Group\0007.wav,Chinese/ZH-Tenor-1/Mixed_Voice_and_Falsetto/残酷月光/Mixed_Voice_Group/0007.wav,Chinese,ZH-Tenor-1,残酷月光,Mixed_Voice_Group,1,0,0,0,1,0,1,clear_mix,100010,positive_mix,
Chinese#ZH-Tenor-1#Mixed_Voice_and_Falsetto#残酷月光#Mixed_Voice_Group#0008,D:\-MindEcho-main\ml_dl_models\gtsinger_multitech\dataset\raw\Chinese\ZH-Tenor-1\Mixed_Voice_and_Falsetto\残酷月光\Mixed_Voice_Group\0008.wav,Chinese/ZH-Tenor-1/Mixed_Voice_and_Falsetto/残酷月光/Mixed_Voice_Group/0008.wav,Chinese,ZH-Tenor-1,残酷月光,Mixed_Voice_Group,1,0,0,0,1,0,1,clear_mix,100010,positive_mix,
Chinese#ZH-Tenor-1#Mixed_Voice_and_Falsetto#残酷月光#Mixed_Voice_Group#0009,D:\-MindEcho-main\ml_dl_models\gtsinger_multitech\dataset\raw\Chinese\ZH-Tenor-1\Mixed_Voice_and_Falsetto\残酷月光\Mixed_Voice_Group\0009.wav,Chinese/ZH-Tenor-1/Mixed_Voice_and_Falsetto/残酷月光/Mixed_Voice_Group/0009.wav,Chinese,ZH-Tenor-1,残酷月光,Mixed_Voice_Group,1,0,0,0,1,0,1,clear_mix,100010,positive_mix,
Chinese#ZH-Tenor-1#Mixed_Voice_and_Falsetto#残酷月光#Mixed_Voice_Group#0010,D:\-MindEcho-main\ml_dl_models\gtsinger_multitech\dataset\raw\Chinese\ZH-Tenor-1\Mixed_Voice_and_Falsetto\残酷月光\Mixed_Voice_Group\0010.wav,Chinese/ZH-Tenor-1/Mixed_Voice_and_Falsetto/残酷月光/Mixed_Voice_Group/0010.wav,Chinese,ZH-Tenor-1,残酷月光,Mixed_Voice_Group,1,0,0,0,1,0,1,clear_mix,100010,positive_mix,
Chinese#ZH-Tenor-1#Mixed_Voice_and_Falsetto#残酷月光#Mixed_Voice_Group#0012,D:\-MindEcho-main\ml_dl_models\gtsinger_multitech\dataset\raw\Chinese\ZH-Tenor-1\Mixed_Voice_and_Falsetto\残酷月光\Mixed_Voice_Group\0012.wav,Chinese/ZH-Tenor-1/Mixed_Voice_and_Falsetto/残酷月光/Mixed_Voice_Group/0012.wav,Chinese,ZH-Tenor-1,残酷月光,Mixed_Voice_Group,1,0,0,0,1,0,1,clear_mix,100010,positive_mix,
Chinese#ZH-Tenor-1#Mixed_Voice_and_Falsetto#残酷月光#Mixed_Voice_Group#0014,D:\-MindEcho-main\ml_dl_models\gtsinger_multitech\dataset\raw\Chinese\ZH-Tenor-1\Mixed_Voice_and_Falsetto\残酷月光\Mixed_Voice_Group\0014.wav,Chinese/ZH-Tenor-1/Mixed_Voice_and_Falsetto/残酷月光/Mixed_Voice_Group/0014.wav,Chinese,ZH-Tenor-1,残酷月光,Mixed_Voice_Group,1,0,0,0,1,0,1,clear_mix,100010,positive_mix,
Chinese#ZH-Tenor-1#Mixed_Voice_and_Falsetto#残酷月光#Mixed_Voice_Group#0015,D:\-MindEcho-main\ml_dl_models\gtsinger_multitech\dataset\raw\Chinese\ZH-Tenor-1\Mixed_Voice_and_Falsetto\残酷月光\Mixed_Voice_Group\0015.wav,Chinese/ZH-Tenor-1/Mixed_Voice_and_Falsetto/残酷月光/Mixed_Voice_Group/0015.wav,Chinese,ZH-Tenor-1,残酷月光,Mixed_Voice_Group,1,0,0,0,1,0,1,clear_mix,100010,positive_mix,
Chinese#ZH-Tenor-1#Mixed_Voice_and_Falsetto#残酷月光#Mixed_Voice_Group#0016,D:\-MindEcho-main\ml_dl_models\gtsinger_multitech\dataset\raw\Chinese\ZH-Tenor-1\Mixed_Voice_and_Falsetto\残酷月光\Mixed_Voice_Group\0016.wav,Chinese/ZH-Tenor-1/Mixed_Voice_and_Falsetto/残酷月光/Mixed_Voice_Group/0016.wav,Chinese,ZH-Tenor-1,残酷月光,Mixed_Voice_Group,1,0,0,0,1,0,1,clear_mix,100010,positive_mix,
Chinese#ZH-Tenor-1#Mixed_Voice_and_Falsetto#残酷月光#Mixed_Voice_Group#0017,D:\-MindEcho-main\ml_dl_models\gtsinger_multitech\dataset\raw\Chinese\ZH-Tenor-1\Mixed_Voice_and_Falsetto\残酷月光\Mixed_Voice_Group\0017.wav,Chinese/ZH-Tenor-1/Mixed_Voice_and_Falsetto/残酷月光/Mixed_Voice_Group/0017.wav,Chinese,ZH-Tenor-1,残酷月光,Mixed_Voice_Group,1,0,0,0,1,0,1,clear_mix,100010,positive_mix,
Chinese#ZH-Tenor-1#Mixed_Voice_and_Falsetto#残酷月光#Mixed_Voice_Group#0018,D:\-MindEcho-main\ml_dl_models\gtsinger_multitech\dataset\raw\Chinese\ZH-Tenor-1\Mixed_Voice_and_Falsetto\残酷月光\Mixed_Voice_Group\0018.wav,Chinese/ZH-Tenor-1/Mixed_Voice_and_Falsetto/残酷月光/Mixed_Voice_Group/0018.wav,Chinese,ZH-Tenor-1,残酷月光,Mixed_Voice_Group,1,0,0,0,1,0,1,clear_mix,100010,positive_mix,
Chinese#ZH-Tenor-1#Mixed_Voice_and_Falsetto#残酷月光#Mixed_Voice_Group#0019,D:\-MindEcho-main\ml_dl_models\gtsinger_multitech\dataset\raw\Chinese\ZH-Tenor-1\Mixed_Voice_and_Falsetto\残酷月光\Mixed_Voice_Group\0019.wav,Chinese/ZH-Tenor-1/Mixed_Voice_and_Falsetto/残酷月光/Mixed_Voice_Group/0019.wav,Chinese,ZH-Tenor-1,残酷月光,Mixed_Voice_Group,1,0,0,0,1,0,1,clear_mix,100010,positive_mix,
Chinese#ZH-Tenor-1#Mixed_Voice_and_Falsetto#残酷月光#Mixed_Voice_Group#0020,D:\-MindEcho-main\ml_dl_models\gtsinger_multitech\dataset\raw\Chinese\ZH-Tenor-1\Mixed_Voice_and_Falsetto\残酷月光\Mixed_Voice_Group\0020.wav,Chinese/ZH-Tenor-1/Mixed_Voice_and_Falsetto/残酷月光/Mixed_Voice_Group/0020.wav,Chinese,ZH-Tenor-1,残酷月光,Mixed_Voice_Group,1,0,0,0,1,0,1,clear_mix,100010,positive_mix,
Chinese#ZH-Tenor-1#Mixed_Voice_and_Falsetto#残酷月光#Mixed_Voice_Group#0021,D:\-MindEcho-main\ml_dl_models\gtsinger_multitech\dataset\raw\Chinese\ZH-Tenor-1\Mixed_Voice_and_Falsetto\残酷月光\Mixed_Voice_Group\0021.wav,Chinese/ZH-Tenor-1/Mixed_Voice_and_Falsetto/残酷月光/Mixed_Voice_Group/0021.wav,Chinese,ZH-Tenor-1,残酷月光,Mixed_Voice_Group,1,0,0,0,1,0,1,clear_mix,100010,positive_mix,
Chinese#ZH-Tenor-1#Mixed_Voice_and_Falsetto#江南#Mixed_Voice_Group#0000,D:\-MindEcho-main\ml_dl_models\gtsinger_multitech\dataset\raw\Chinese\ZH-Tenor-1\Mixed_Voice_and_Falsetto\江南\Mixed_Voice_Group\0000.wav,Chinese/ZH-Tenor-1/Mixed_Voice_and_Falsetto/江南/Mixed_Voice_Group/0000.wav,Chinese,ZH-Tenor-1,江南,Mixed_Voice_Group,1,0,0,1,1,0,1,clear_mix,100110,positive_mix,
Chinese#ZH-Tenor-1#Mixed_Voice_and_Falsetto#江南#Mixed_Voice_Group#0001,D:\-MindEcho-main\ml_dl_models\gtsinger_multitech\dataset\raw\Chinese\ZH-Tenor-1\Mixed_Voice_and_Falsetto\江南\Mixed_Voice_Group\0001.wav,Chinese/ZH-Tenor-1/Mixed_Voice_and_Falsetto/江南/Mixed_Voice_Group/0001.wav,Chinese,ZH-Tenor-1,江南,Mixed_Voice_Group,1,0,0,1,1,0,1,clear_mix,100110,positive_mix,
Chinese#ZH-Tenor-1#Mixed_Voice_and_Falsetto#江南#Mixed_Voice_Group#0003,D:\-MindEcho-main\ml_dl_models\gtsinger_multitech\dataset\raw\Chinese\ZH-Tenor-1\Mixed_Voice_and_Falsetto\江南\Mixed_Voice_Group\0003.wav,Chinese/ZH-Tenor-1/Mixed_Voice_and_Falsetto/江南/Mixed_Voice_Group/0003.wav,Chinese,ZH-Tenor-1,江南,Mixed_Voice_Group,1,0,0,1,1,0,1,clear_mix,100110,positive_mix,
Chinese#ZH-Tenor-1#Mixed_Voice_and_Falsetto#江南#Mixed_Voice_Group#0004,D:\-MindEcho-main\ml_dl_models\gtsinger_multitech\dataset\raw\Chinese\ZH-Tenor-1\Mixed_Voice_and_Falsetto\江南\Mixed_Voice_Group\0004.wav,Chinese/ZH-Tenor-1/Mixed_Voice_and_Falsetto/江南/Mixed_Voice_Group/0004.wav,Chinese,ZH-Tenor-1,江南,Mixed_Voice_Group,1,0,0,0,1,0,1,clear_mix,100010,positive_mix,
Chinese#ZH-Tenor-1#Mixed_Voice_and_Falsetto#江南#Mixed_Voice_Group#0005,D:\-MindEcho-main\ml_dl_models\gtsinger_multitech\dataset\raw\Chinese\ZH-Tenor-1\Mixed_Voice_and_Falsetto\江南\Mixed_Voice_Group\0005.wav,Chinese/ZH-Tenor-1/Mixed_Voice_and_Falsetto/江南/Mixed_Voice_Group/0005.wav,Chinese,ZH-Tenor-1,江南,Mixed_Voice_Group,1,0,0,0,1,0,1,clear_mix,100010,positive_mix,
Chinese#ZH-Tenor-1#Mixed_Voice_and_Falsetto#江南#Mixed_Voice_Group#0006,D:\-MindEcho-main\ml_dl_models\gtsinger_multitech\dataset\raw\Chinese\ZH-Tenor-1\Mixed_Voice_and_Falsetto\江南\Mixed_Voice_Group\0006.wav,Chinese/ZH-Tenor-1/Mixed_Voice_and_Falsetto/江南/Mixed_Voice_Group/0006.wav,Chinese,ZH-Tenor-1,江南,Mixed_Voice_Group,1,0,0,0,1,0,1,clear_mix,100010,positive_mix,
Chinese#ZH-Tenor-1#Mixed_Voice_and_Falsetto#江南#Mixed_Voice_Group#0007,D:\-MindEcho-main\ml_dl_models\gtsinger_multitech\dataset\raw\Chinese\ZH-Tenor-1\Mixed_Voice_and_Falsetto\江南\Mixed_Voice_Group\0007.wav,Chinese/ZH-Tenor-1/Mixed_Voice_and_Falsetto/江南/Mixed_Voice_Group/0007.wav,Chinese,ZH-Tenor-1,江南,Mixed_Voice_Group,1,0,0,0,1,0,1,clear_mix,100010,positive_mix,
Chinese#ZH-Tenor-1#Mixed_Voice_and_Falsetto#江南#Mixed_Voice_Group#0008,D:\-MindEcho-main\ml_dl_models\gtsinger_multitech\dataset\raw\Chinese\ZH-Tenor-1\Mixed_Voice_and_Falsetto\江南\Mixed_Voice_Group\0008.wav,Chinese/ZH-Tenor-1/Mixed_Voice_and_Falsetto/江南/Mixed_Voice_Group/0008.wav,Chinese,ZH-Tenor-1,江南,Mixed_Voice_Group,1,0,0,0,0,0,1,clear_mix,100000,positive_mix,
Chinese#ZH-Tenor-1#Mixed_Voice_and_Falsetto#江南#Mixed_Voice_Group#0009,D:\-MindEcho-main\ml_dl_models\gtsinger_multitech\dataset\raw\Chinese\ZH-Tenor-1\Mixed_Voice_and_Falsetto\江南\Mixed_Voice_Group\0009.wav,Chinese/ZH-Tenor-1/Mixed_Voice_and_Falsetto/江南/Mixed_Voice_Group/0009.wav,Chinese,ZH-Tenor-1,江南,Mixed_Voice_Group,1,0,0,0,1,0,1,clear_mix,100010,positive_mix,
Chinese#ZH-Tenor-1#Mixed_Voice_and_Falsetto#演员#Mixed_Voice_Group#0001,D:\-MindEcho-main\ml_dl_models\gtsinger_multitech\dataset\raw\Chinese\ZH-Tenor-1\Mixed_Voice_and_Falsetto\演员\Mixed_Voice_Group\0001.wav,Chinese/ZH-Tenor-1/Mixed_Voice_and_Falsetto/演员/Mixed_Voice_Group/0001.wav,Chinese,ZH-Tenor-1,演员,Mixed_Voice_Group,1,0,0,0,1,0,1,clear_mix,100010,positive_mix,
Chinese#ZH-Tenor-1#Mixed_Voice_and_Falsetto#演员#Mixed_Voice_Group#0002,D:\-MindEcho-main\ml_dl_models\gtsinger_multitech\dataset\raw\Chinese\ZH-Tenor-1\Mixed_Voice_and_Falsetto\演员\Mixed_Voice_Group\0002.wav,Chinese/ZH-Tenor-1/Mixed_Voice_and_Falsetto/演员/Mixed_Voice_Group/0002.wav,Chinese,ZH-Tenor-1,演员,Mixed_Voice_Group,1,0,0,0,1,0,1,clear_mix,100010,positive_mix,
Chinese#ZH-Tenor-1#Mixed_Voice_and_Falsetto#演员#Mixed_Voice_Group#0003,D:\-MindEcho-main\ml_dl_models\gtsinger_multitech\dataset\raw\Chinese\ZH-Tenor-1\Mixed_Voice_and_Falsetto\演员\Mixed_Voice_Group\0003.wav,Chinese/ZH-Tenor-1/Mixed_Voice_and_Falsetto/演员/Mixed_Voice_Group/0003.wav,Chinese,ZH-Tenor-1,演员,Mixed_Voice_Group,1,0,0,0,1,0,1,clear_mix,100010,positive_mix,
Chinese#ZH-Tenor-1#Mixed_Voice_and_Falsetto#演员#Mixed_Voice_Group#0004,D:\-MindEcho-main\ml_dl_models\gtsinger_multitech\dataset\raw\Chinese\ZH-Tenor-1\Mixed_Voice_and_Falsetto\演员\Mixed_Voice_Group\0004.wav,Chinese/ZH-Tenor-1/Mixed_Voice_and_Falsetto/演员/Mixed_Voice_Group/0004.wav,Chinese,ZH-Tenor-1,演员,Mixed_Voice_Group,1,0,0,0,1,0,1,clear_mix,100010,positive_mix,
Chinese#ZH-Tenor-1#Mixed_Voice_and_Falsetto#演员#Mixed_Voice_Group#0005,D:\-MindEcho-main\ml_dl_models\gtsinger_multitech\dataset\raw\Chinese\ZH-Tenor-1\Mixed_Voice_and_Falsetto\演员\Mixed_Voice_Group\0005.wav,Chinese/ZH-Tenor-1/Mixed_Voice_and_Falsetto/演员/Mixed_Voice_Group/0005.wav,Chinese,ZH-Tenor-1,演员,Mixed_Voice_Group,1,0,0,0,1,0,1,clear_mix,100010,positive_mix,
Chinese#ZH-Tenor-1#Mixed_Voice_and_Falsetto#演员#Mixed_Voice_Group#0007,D:\-MindEcho-main\ml_dl_models\gtsinger_multitech\dataset\raw\Chinese\ZH-Tenor-1\Mixed_Voice_and_Falsetto\演员\Mixed_Voice_Group\0007.wav,Chinese/ZH-Tenor-1/Mixed_Voice_and_Falsetto/演员/Mixed_Voice_Group/0007.wav,Chinese,ZH-Tenor-1,演员,Mixed_Voice_Group,1,0,0,0,1,0,1,clear_mix,100010,positive_mix,
Chinese#ZH-Tenor-1#Mixed_Voice_and_Falsetto#演员#Mixed_Voice_Group#0008,D:\-MindEcho-main\ml_dl_models\gtsinger_multitech\dataset\raw\Chinese\ZH-Tenor-1\Mixed_Voice_and_Falsetto\演员\Mixed_Voice_Group\0008.wav,Chinese/ZH-Tenor-1/Mixed_Voice_and_Falsetto/演员/Mixed_Voice_Group/0008.wav,Chinese,ZH-Tenor-1,演员,Mixed_Voice_Group,1,0,0,0,0,0,1,clear_mix,100000,positive_mix,
Chinese#ZH-Tenor-1#Mixed_Voice_and_Falsetto#演员#Mixed_Voice_Group#0010,D:\-MindEcho-main\ml_dl_models\gtsinger_multitech\dataset\raw\Chinese\ZH-Tenor-1\Mixed_Voice_and_Falsetto\演员\Mixed_Voice_Group\0010.wav,Chinese/ZH-Tenor-1/Mixed_Voice_and_Falsetto/演员/Mixed_Voice_Group/0010.wav,Chinese,ZH-Tenor-1,演员,Mixed_Voice_Group,1,0,0,0,1,0,1,clear_mix,100010,positive_mix,
Chinese#ZH-Tenor-1#Mixed_Voice_and_Falsetto#演员#Mixed_Voice_Group#0011,D:\-MindEcho-main\ml_dl_models\gtsinger_multitech\dataset\raw\Chinese\ZH-Tenor-1\Mixed_Voice_and_Falsetto\演员\Mixed_Voice_Group\0011.wav,Chinese/ZH-Tenor-1/Mixed_Voice_and_Falsetto/演员/Mixed_Voice_Group/0011.wav,Chinese,ZH-Tenor-1,演员,Mixed_Voice_Group,1,0,0,0,1,0,1,clear_mix,100010,positive_mix,
Chinese#ZH-Tenor-1#Mixed_Voice_and_Falsetto#演员#Mixed_Voice_Group#0012,D:\-MindEcho-main\ml_dl_models\gtsinger_multitech\dataset\raw\Chinese\ZH-Tenor-1\Mixed_Voice_and_Falsetto\演员\Mixed_Voice_Group\0012.wav,Chinese/ZH-Tenor-1/Mixed_Voice_and_Falsetto/演员/Mixed_Voice_Group/0012.wav,Chinese,ZH-Tenor-1,演员,Mixed_Voice_Group,1,0,0,0,1,0,1,clear_mix,100010,positive_mix,
Chinese#ZH-Tenor-1#Mixed_Voice_and_Falsetto#演员#Mixed_Voice_Group#0013,D:\-MindEcho-main\ml_dl_models\gtsinger_multitech\dataset\raw\Chinese\ZH-Tenor-1\Mixed_Voice_and_Falsetto\演员\Mixed_Voice_Group\0013.wav,Chinese/ZH-Tenor-1/Mixed_Voice_and_Falsetto/演员/Mixed_Voice_Group/0013.wav,Chinese,ZH-Tenor-1,演员,Mixed_Voice_Group,1,0,0,0,1,0,1,clear_mix,100010,positive_mix,
Chinese#ZH-Tenor-1#Mixed_Voice_and_Falsetto#演员#Mixed_Voice_Group#0015,D:\-MindEcho-main\ml_dl_models\gtsinger_multitech\dataset\raw\Chinese\ZH-Tenor-1\Mixed_Voice_and_Falsetto\演员\Mixed_Voice_Group\0015.wav,Chinese/ZH-Tenor-1/Mixed_Voice_and_Falsetto/演员/Mixed_Voice_Group/0015.wav,Chinese,ZH-Tenor-1,演员,Mixed_Voice_Group,1,0,0,0,1,0,1,clear_mix,100010,positive_mix,
Chinese#ZH-Tenor-1#Mixed_Voice_and_Falsetto#终于等到你#Mixed_Voice_Group#0000,D:\-MindEcho-main\ml_dl_models\gtsinger_multitech\dataset\raw\Chinese\ZH-Tenor-1\Mixed_Voice_and_Falsetto\终于等到你\Mixed_Voice_Group\0000.wav,Chinese/ZH-Tenor-1/Mixed_Voice_and_Falsetto/终于等到你/Mixed_Voice_Group/0000.wav,Chinese,ZH-Tenor-1,终于等到你,Mixed_Voice_Group,1,0,0,0,1,0,1,clear_mix,100010,positive_mix,
Chinese#ZH-Tenor-1#Mixed_Voice_and_Falsetto#终于等到你#Mixed_Voice_Group#0001,D:\-MindEcho-main\ml_dl_models\gtsinger_multitech\dataset\raw\Chinese\ZH-Tenor-1\Mixed_Voice_and_Falsetto\终于等到你\Mixed_Voice_Group\0001.wav,Chinese/ZH-Tenor-1/Mixed_Voice_and_Falsetto/终于等到你/Mixed_Voice_Group/0001.wav,Chinese,ZH-Tenor-1,终于等到你,Mixed_Voice_Group,1,0,0,0,1,0,1,clear_mix,100010,positive_mix,
Chinese#ZH-Tenor-1#Mixed_Voice_and_Falsetto#终于等到你#Mixed_Voice_Group#0002,D:\-MindEcho-main\ml_dl_models\gtsinger_multitech\dataset\raw\Chinese\ZH-Tenor-1\Mixed_Voice_and_Falsetto\终于等到你\Mixed_Voice_Group\0002.wav,Chinese/ZH-Tenor-1/Mixed_Voice_and_Falsetto/终于等到你/Mixed_Voice_Group/0002.wav,Chinese,ZH-Tenor-1,终于等到你,Mixed_Voice_Group,1,0,0,0,1,0,1,clear_mix,100010,positive_mix,
Chinese#ZH-Tenor-1#Mixed_Voice_and_Falsetto#终于等到你#Mixed_Voice_Group#0003,D:\-MindEcho-main\ml_dl_models\gtsinger_multitech\dataset\raw\Chinese\ZH-Tenor-1\Mixed_Voice_and_Falsetto\终于等到你\Mixed_Voice_Group\0003.wav,Chinese/ZH-Tenor-1/Mixed_Voice_and_Falsetto/终于等到你/Mixed_Voice_Group/0003.wav,Chinese,ZH-Tenor-1,终于等到你,Mixed_Voice_Group,1,0,0,0,1,0,1,clear_mix,100010,positive_mix,
Chinese#ZH-Tenor-1#Mixed_Voice_and_Falsetto#终于等到你#Mixed_Voice_Group#0004,D:\-MindEcho-main\ml_dl_models\gtsinger_multitech\dataset\raw\Chinese\ZH-Tenor-1\Mixed_Voice_and_Falsetto\终于等到你\Mixed_Voice_Group\0004.wav,Chinese/ZH-Tenor-1/Mixed_Voice_and_Falsetto/终于等到你/Mixed_Voice_Group/0004.wav,Chinese,ZH-Tenor-1,终于等到你,Mixed_Voice_Group,1,0,0,0,1,0,1,clear_mix,100010,positive_mix,
Chinese#ZH-Tenor-1#Mixed_Voice_and_Falsetto#终于等到你#Mixed_Voice_Group#0005,D:\-MindEcho-main\ml_dl_models\gtsinger_multitech\dataset\raw\Chinese\ZH-Tenor-1\Mixed_Voice_and_Falsetto\终于等到你\Mixed_Voice_Group\0005.wav,Chinese/ZH-Tenor-1/Mixed_Voice_and_Falsetto/终于等到你/Mixed_Voice_Group/0005.wav,Chinese,ZH-Tenor-1,终于等到你,Mixed_Voice_Group,1,0,0,0,1,0,1,clear_mix,100010,positive_mix,
Chinese#ZH-Tenor-1#Mixed_Voice_and_Falsetto#终于等到你#Mixed_Voice_Group#0006,D:\-MindEcho-main\ml_dl_models\gtsinger_multitech\dataset\raw\Chinese\ZH-Tenor-1\Mixed_Voice_and_Falsetto\终于等到你\Mixed_Voice_Group\0006.wav,Chinese/ZH-Tenor-1/Mixed_Voice_and_Falsetto/终于等到你/Mixed_Voice_Group/0006.wav,Chinese,ZH-Tenor-1,终于等到你,Mixed_Voice_Group,1,0,0,0,1,0,1,clear_mix,100010,positive_mix,
Chinese#ZH-Tenor-1#Mixed_Voice_and_Falsetto#终于等到你#Mixed_Voice_Group#0008,D:\-MindEcho-main\ml_dl_models\gtsinger_multitech\dataset\raw\Chinese\ZH-Tenor-1\Mixed_Voice_and_Falsetto\终于等到你\Mixed_Voice_Group\0008.wav,Chinese/ZH-Tenor-1/Mixed_Voice_and_Falsetto/终于等到你/Mixed_Voice_Group/0008.wav,Chinese,ZH-Tenor-1,终于等到你,Mixed_Voice_Group,1,0,0,0,1,0,1,clear_mix,100010,positive_mix,
Chinese#ZH-Tenor-1#Mixed_Voice_and_Falsetto#终于等到你#Mixed_Voice_Group#0009,D:\-MindEcho-main\ml_dl_models\gtsinger_multitech\dataset\raw\Chinese\ZH-Tenor-1\Mixed_Voice_and_Falsetto\终于等到你\Mixed_Voice_Group\0009.wav,Chinese/ZH-Tenor-1/Mixed_Voice_and_Falsetto/终于等到你/Mixed_Voice_Group/0009.wav,Chinese,ZH-Tenor-1,终于等到你,Mixed_Voice_Group,1,0,0,0,1,0,1,clear_mix,100010,positive_mix,
Chinese#ZH-Tenor-1#Mixed_Voice_and_Falsetto#终于等到你#Mixed_Voice_Group#0010,D:\-MindEcho-main\ml_dl_models\gtsinger_multitech\dataset\raw\Chinese\ZH-Tenor-1\Mixed_Voice_and_Falsetto\终于等到你\Mixed_Voice_Group\0010.wav,Chinese/ZH-Tenor-1/Mixed_Voice_and_Falsetto/终于等到你/Mixed_Voice_Group/0010.wav,Chinese,ZH-Tenor-1,终于等到你,Mixed_Voice_Group,1,0,0,0,1,0,1,clear_mix,100010,positive_mix,
Chinese#ZH-Tenor-1#Mixed_Voice_and_Falsetto#终于等到你#Mixed_Voice_Group#0011,D:\-MindEcho-main\ml_dl_models\gtsinger_multitech\dataset\raw\Chinese\ZH-Tenor-1\Mixed_Voice_and_Falsetto\终于等到你\Mixed_Voice_Group\0011.wav,Chinese/ZH-Tenor-1/Mixed_Voice_and_Falsetto/终于等到你/Mixed_Voice_Group/0011.wav,Chinese,ZH-Tenor-1,终于等到你,Mixed_Voice_Group,1,0,0,0,1,0,1,clear_mix,100010,positive_mix,
Chinese#ZH-Tenor-1#Mixed_Voice_and_Falsetto#终于等到你#Mixed_Voice_Group#0012,D:\-MindEcho-main\ml_dl_models\gtsinger_multitech\dataset\raw\Chinese\ZH-Tenor-1\Mixed_Voice_and_Falsetto\终于等到你\Mixed_Voice_Group\0012.wav,Chinese/ZH-Tenor-1/Mixed_Voice_and_Falsetto/终于等到你/Mixed_Voice_Group/0012.wav,Chinese,ZH-Tenor-1,终于等到你,Mixed_Voice_Group,1,0,0,0,1,0,1,clear_mix,100010,positive_mix,
Chinese#ZH-Tenor-1#Mixed_Voice_and_Falsetto#终于等到你#Mixed_Voice_Group#0013,D:\-MindEcho-main\ml_dl_models\gtsinger_multitech\dataset\raw\Chinese\ZH-Tenor-1\Mixed_Voice_and_Falsetto\终于等到你\Mixed_Voice_Group\0013.wav,Chinese/ZH-Tenor-1/Mixed_Voice_and_Falsetto/终于等到你/Mixed_Voice_Group/0013.wav,Chinese,ZH-Tenor-1,终于等到你,Mixed_Voice_Group,1,0,0,0,1,0,1,clear_mix,100010,positive_mix,
Chinese#ZH-Tenor-1#Mixed_Voice_and_Falsetto#终于等到你#Mixed_Voice_Group#0014,D:\-MindEcho-main\ml_dl_models\gtsinger_multitech\dataset\raw\Chinese\ZH-Tenor-1\Mixed_Voice_and_Falsetto\终于等到你\Mixed_Voice_Group\0014.wav,Chinese/ZH-Tenor-1/Mixed_Voice_and_Falsetto/终于等到你/Mixed_Voice_Group/0014.wav,Chinese,ZH-Tenor-1,终于等到你,Mixed_Voice_Group,1,0,0,0,1,0,1,clear_mix,100010,positive_mix,
Chinese#ZH-Tenor-1#Mixed_Voice_and_Falsetto#终于等到你#Mixed_Voice_Group#0015,D:\-MindEcho-main\ml_dl_models\gtsinger_multitech\dataset\raw\Chinese\ZH-Tenor-1\Mixed_Voice_and_Falsetto\终于等到你\Mixed_Voice_Group\0015.wav,Chinese/ZH-Tenor-1/Mixed_Voice_and_Falsetto/终于等到你/Mixed_Voice_Group/0015.wav,Chinese,ZH-Tenor-1,终于等到你,Mixed_Voice_Group,1,0,0,0,1,0,1,clear_mix,100010,positive_mix,
Chinese#ZH-Tenor-1#Mixed_Voice_and_Falsetto#终于等到你#Mixed_Voice_Group#0016,D:\-MindEcho-main\ml_dl_models\gtsinger_multitech\dataset\raw\Chinese\ZH-Tenor-1\Mixed_Voice_and_Falsetto\终于等到你\Mixed_Voice_Group\0016.wav,Chinese/ZH-Tenor-1/Mixed_Voice_and_Falsetto/终于等到你/Mixed_Voice_Group/0016.wav,Chinese,ZH-Tenor-1,终于等到你,Mixed_Voice_Group,1,0,0,0,1,0,1,clear_mix,100010,positive_mix,
Chinese#ZH-Tenor-1#Mixed_Voice_and_Falsetto#终于等到你#Mixed_Voice_Group#0017,D:\-MindEcho-main\ml_dl_models\gtsinger_multitech\dataset\raw\Chinese\ZH-Tenor-1\Mixed_Voice_and_Falsetto\终于等到你\Mixed_Voice_Group\0017.wav,Chinese/ZH-Tenor-1/Mixed_Voice_and_Falsetto/终于等到你/Mixed_Voice_Group/0017.wav,Chinese,ZH-Tenor-1,终于等到你,Mixed_Voice_Group,1,0,0,0,1,0,1,clear_mix,100010,positive_mix,
Chinese#ZH-Tenor-1#Mixed_Voice_and_Falsetto#终于等到你#Mixed_Voice_Group#0018,D:\-MindEcho-main\ml_dl_models\gtsinger_multitech\dataset\raw\Chinese\ZH-Tenor-1\Mixed_Voice_and_Falsetto\终于等到你\Mixed_Voice_Group\0018.wav,Chinese/ZH-Tenor-1/Mixed_Voice_and_Falsetto/终于等到你/Mixed_Voice_Group/0018.wav,Chinese,ZH-Tenor-1,终于等到你,Mixed_Voice_Group,1,0,0,0,1,0,1,clear_mix,100010,positive_mix,
Chinese#ZH-Tenor-1#Mixed_Voice_and_Falsetto#终于等到你#Mixed_Voice_Group#0019,D:\-MindEcho-main\ml_dl_models\gtsinger_multitech\dataset\raw\Chinese\ZH-Tenor-1\Mixed_Voice_and_Falsetto\终于等到你\Mixed_Voice_Group\0019.wav,Chinese/ZH-Tenor-1/Mixed_Voice_and_Falsetto/终于等到你/Mixed_Voice_Group/0019.wav,Chinese,ZH-Tenor-1,终于等到你,Mixed_Voice_Group,1,0,0,0,1,0,1,clear_mix,100010,positive_mix,
Chinese#ZH-Tenor-1#Mixed_Voice_and_Falsetto#老男孩#Mixed_Voice_Group#0000,D:\-MindEcho-main\ml_dl_models\gtsinger_multitech\dataset\raw\Chinese\ZH-Tenor-1\Mixed_Voice_and_Falsetto\老男孩\Mixed_Voice_Group\0000.wav,Chinese/ZH-Tenor-1/Mixed_Voice_and_Falsetto/老男孩/Mixed_Voice_Group/0000.wav,Chinese,ZH-Tenor-1,老男孩,Mixed_Voice_Group,1,0,0,0,1,0,1,clear_mix,100010,positive_mix,
Chinese#ZH-Tenor-1#Mixed_Voice_and_Falsetto#老男孩#Mixed_Voice_Group#0001,D:\-MindEcho-main\ml_dl_models\gtsinger_multitech\dataset\raw\Chinese\ZH-Tenor-1\Mixed_Voice_and_Falsetto\老男孩\Mixed_Voice_Group\0001.wav,Chinese/ZH-Tenor-1/Mixed_Voice_and_Falsetto/老男孩/Mixed_Voice_Group/0001.wav,Chinese,ZH-Tenor-1,老男孩,Mixed_Voice_Group,1,0,0,0,1,0,1,clear_mix,100010,positive_mix,
Chinese#ZH-Tenor-1#Mixed_Voice_and_Falsetto#老男孩#Mixed_Voice_Group#0002,D:\-MindEcho-main\ml_dl_models\gtsinger_multitech\dataset\raw\Chinese\ZH-Tenor-1\Mixed_Voice_and_Falsetto\老男孩\Mixed_Voice_Group\0002.wav,Chinese/ZH-Tenor-1/Mixed_Voice_and_Falsetto/老男孩/Mixed_Voice_Group/0002.wav,Chinese,ZH-Tenor-1,老男孩,Mixed_Voice_Group,1,0,0,0,1,0,1,clear_mix,100010,positive_mix,
Chinese#ZH-Tenor-1#Mixed_Voice_and_Falsetto#老男孩#Mixed_Voice_Group#0003,D:\-MindEcho-main\ml_dl_models\gtsinger_multitech\dataset\raw\Chinese\ZH-Tenor-1\Mixed_Voice_and_Falsetto\老男孩\Mixed_Voice_Group\0003.wav,Chinese/ZH-Tenor-1/Mixed_Voice_and_Falsetto/老男孩/Mixed_Voice_Group/0003.wav,Chinese,ZH-Tenor-1,老男孩,Mixed_Voice_Group,1,0,0,0,1,0,1,clear_mix,100010,positive_mix,
Chinese#ZH-Tenor-1#Mixed_Voice_and_Falsetto#老男孩#Mixed_Voice_Group#0004,D:\-MindEcho-main\ml_dl_models\gtsinger_multitech\dataset\raw\Chinese\ZH-Tenor-1\Mixed_Voice_and_Falsetto\老男孩\Mixed_Voice_Group\0004.wav,Chinese/ZH-Tenor-1/Mixed_Voice_and_Falsetto/老男孩/Mixed_Voice_Group/0004.wav,Chinese,ZH-Tenor-1,老男孩,Mixed_Voice_Group,1,0,0,0,1,0,1,clear_mix,100010,positive_mix,
Chinese#ZH-Tenor-1#Mixed_Voice_and_Falsetto#老男孩#Mixed_Voice_Group#0005,D:\-MindEcho-main\ml_dl_models\gtsinger_multitech\dataset\raw\Chinese\ZH-Tenor-1\Mixed_Voice_and_Falsetto\老男孩\Mixed_Voice_Group\0005.wav,Chinese/ZH-Tenor-1/Mixed_Voice_and_Falsetto/老男孩/Mixed_Voice_Group/0005.wav,Chinese,ZH-Tenor-1,老男孩,Mixed_Voice_Group,1,0,0,0,1,0,1,clear_mix,100010,positive_mix,
Chinese#ZH-Tenor-1#Mixed_Voice_and_Falsetto#老男孩#Mixed_Voice_Group#0006,D:\-MindEcho-main\ml_dl_models\gtsinger_multitech\dataset\raw\Chinese\ZH-Tenor-1\Mixed_Voice_and_Falsetto\老男孩\Mixed_Voice_Group\0006.wav,Chinese/ZH-Tenor-1/Mixed_Voice_and_Falsetto/老男孩/Mixed_Voice_Group/0006.wav,Chinese,ZH-Tenor-1,老男孩,Mixed_Voice_Group,1,0,0,0,1,0,1,clear_mix,100010,positive_mix,
Chinese#ZH-Tenor-1#Mixed_Voice_and_Falsetto#老男孩#Mixed_Voice_Group#0007,D:\-MindEcho-main\ml_dl_models\gtsinger_multitech\dataset\raw\Chinese\ZH-Tenor-1\Mixed_Voice_and_Falsetto\老男孩\Mixed_Voice_Group\0007.wav,Chinese/ZH-Tenor-1/Mixed_Voice_and_Falsetto/老男孩/Mixed_Voice_Group/0007.wav,Chinese,ZH-Tenor-1,老男孩,Mixed_Voice_Group,1,0,0,0,1,0,1,clear_mix,100010,positive_mix,
Chinese#ZH-Tenor-1#Mixed_Voice_and_Falsetto#老男孩#Mixed_Voice_Group#0008,D:\-MindEcho-main\ml_dl_models\gtsinger_multitech\dataset\raw\Chinese\ZH-Tenor-1\Mixed_Voice_and_Falsetto\老男孩\Mixed_Voice_Group\0008.wav,Chinese/ZH-Tenor-1/Mixed_Voice_and_Falsetto/老男孩/Mixed_Voice_Group/0008.wav,Chinese,ZH-Tenor-1,老男孩,Mixed_Voice_Group,1,0,0,0,1,0,1,clear_mix,100010,positive_mix,
Chinese#ZH-Tenor-1#Mixed_Voice_and_Falsetto#老男孩#Mixed_Voice_Group#0009,D:\-MindEcho-main\ml_dl_models\gtsinger_multitech\dataset\raw\Chinese\ZH-Tenor-1\Mixed_Voice_and_Falsetto\老男孩\Mixed_Voice_Group\0009.wav,Chinese/ZH-Tenor-1/Mixed_Voice_and_Falsetto/老男孩/Mixed_Voice_Group/0009.wav,Chinese,ZH-Tenor-1,老男孩,Mixed_Voice_Group,1,0,0,0,1,0,1,clear_mix,100010,positive_mix,
Chinese#ZH-Tenor-1#Mixed_Voice_and_Falsetto#老男孩#Mixed_Voice_Group#0010,D:\-MindEcho-main\ml_dl_models\gtsinger_multitech\dataset\raw\Chinese\ZH-Tenor-1\Mixed_Voice_and_Falsetto\老男孩\Mixed_Voice_Group\0010.wav,Chinese/ZH-Tenor-1/Mixed_Voice_and_Falsetto/老男孩/Mixed_Voice_Group/0010.wav,Chinese,ZH-Tenor-1,老男孩,Mixed_Voice_Group,1,0,0,0,1,0,1,clear_mix,100010,positive_mix,
Chinese#ZH-Tenor-1#Mixed_Voice_and_Falsetto#老男孩#Mixed_Voice_Group#0012,D:\-MindEcho-main\ml_dl_models\gtsinger_multitech\dataset\raw\Chinese\ZH-Tenor-1\Mixed_Voice_and_Falsetto\老男孩\Mixed_Voice_Group\0012.wav,Chinese/ZH-Tenor-1/Mixed_Voice_and_Falsetto/老男孩/Mixed_Voice_Group/0012.wav,Chinese,ZH-Tenor-1,老男孩,Mixed_Voice_Group,1,0,0,0,1,0,1,clear_mix,100010,positive_mix,
Chinese#ZH-Tenor-1#Mixed_Voice_and_Falsetto#老男孩#Mixed_Voice_Group#0014,D:\-MindEcho-main\ml_dl_models\gtsinger_multitech\dataset\raw\Chinese\ZH-Tenor-1\Mixed_Voice_and_Falsetto\老男孩\Mixed_Voice_Group\0014.wav,Chinese/ZH-Tenor-1/Mixed_Voice_and_Falsetto/老男孩/Mixed_Voice_Group/0014.wav,Chinese,ZH-Tenor-1,老男孩,Mixed_Voice_Group,1,0,0,0,1,0,1,clear_mix,100010,positive_mix,
Chinese#ZH-Tenor-1#Mixed_Voice_and_Falsetto#老男孩#Mixed_Voice_Group#0015,D:\-MindEcho-main\ml_dl_models\gtsinger_multitech\dataset\raw\Chinese\ZH-Tenor-1\Mixed_Voice_and_Falsetto\老男孩\Mixed_Voice_Group\0015.wav,Chinese/ZH-Tenor-1/Mixed_Voice_and_Falsetto/老男孩/Mixed_Voice_Group/0015.wav,Chinese,ZH-Tenor-1,老男孩,Mixed_Voice_Group,1,0,0,0,1,0,1,clear_mix,100010,positive_mix,
Chinese#ZH-Tenor-1#Mixed_Voice_and_Falsetto#老男孩#Mixed_Voice_Group#0017,D:\-MindEcho-main\ml_dl_models\gtsinger_multitech\dataset\raw\Chinese\ZH-Tenor-1\Mixed_Voice_and_Falsetto\老男孩\Mixed_Voice_Group\0017.wav,Chinese/ZH-Tenor-1/Mixed_Voice_and_Falsetto/老男孩/Mixed_Voice_Group/0017.wav,Chinese,ZH-Tenor-1,老男孩,Mixed_Voice_Group,1,0,0,0,1,0,1,clear_mix,100010,positive_mix,
Chinese#ZH-Tenor-1#Mixed_Voice_and_Falsetto#老男孩#Mixed_Voice_Group#0018,D:\-MindEcho-main\ml_dl_models\gtsinger_multitech\dataset\raw\Chinese\ZH-Tenor-1\Mixed_Voice_and_Falsetto\老男孩\Mixed_Voice_Group\0018.wav,Chinese/ZH-Tenor-1/Mixed_Voice_and_Falsetto/老男孩/Mixed_Voice_Group/0018.wav,Chinese,ZH-Tenor-1,老男孩,Mixed_Voice_Group,1,0,0,0,1,0,1,clear_mix,100010,positive_mix,
Chinese#ZH-Tenor-1#Mixed_Voice_and_Falsetto#老男孩#Mixed_Voice_Group#0020,D:\-MindEcho-main\ml_dl_models\gtsinger_multitech\dataset\raw\Chinese\ZH-Tenor-1\Mixed_Voice_and_Falsetto\老男孩\Mixed_Voice_Group\0020.wav,Chinese/ZH-Tenor-1/Mixed_Voice_and_Falsetto/老男孩/Mixed_Voice_Group/0020.wav,Chinese,ZH-Tenor-1,老男孩,Mixed_Voice_Group,1,0,0,0,1,0,1,clear_mix,100010,positive_mix,
Chinese#ZH-Tenor-1#Mixed_Voice_and_Falsetto#老男孩#Mixed_Voice_Group#0021,D:\-MindEcho-main\ml_dl_models\gtsinger_multitech\dataset\raw\Chinese\ZH-Tenor-1\Mixed_Voice_and_Falsetto\老男孩\Mixed_Voice_Group\0021.wav,Chinese/ZH-Tenor-1/Mixed_Voice_and_Falsetto/老男孩/Mixed_Voice_Group/0021.wav,Chinese,ZH-Tenor-1,老男孩,Mixed_Voice_Group,1,0,0,0,1,0,1,clear_mix,100010,positive_mix,
Chinese#ZH-Tenor-1#Mixed_Voice_and_Falsetto#老男孩#Mixed_Voice_Group#0022,D:\-MindEcho-main\ml_dl_models\gtsinger_multitech\dataset\raw\Chinese\ZH-Tenor-1\Mixed_Voice_and_Falsetto\老男孩\Mixed_Voice_Group\0022.wav,Chinese/ZH-Tenor-1/Mixed_Voice_and_Falsetto/老男孩/Mixed_Voice_Group/0022.wav,Chinese,ZH-Tenor-1,老男孩,Mixed_Voice_Group,1,0,0,0,1,0,1,clear_mix,100010,positive_mix,
Chinese#ZH-Tenor-1#Mixed_Voice_and_Falsetto#菊花台#Mixed_Voice_Group#0000,D:\-MindEcho-main\ml_dl_models\gtsinger_multitech\dataset\raw\Chinese\ZH-Tenor-1\Mixed_Voice_and_Falsetto\菊花台\Mixed_Voice_Group\0000.wav,Chinese/ZH-Tenor-1/Mixed_Voice_and_Falsetto/菊花台/Mixed_Voice_Group/0000.wav,Chinese,ZH-Tenor-1,菊花台,Mixed_Voice_Group,1,0,0,0,1,0,1,clear_mix,100010,positive_mix,
Chinese#ZH-Tenor-1#Mixed_Voice_and_Falsetto#菊花台#Mixed_Voice_Group#0001,D:\-MindEcho-main\ml_dl_models\gtsinger_multitech\dataset\raw\Chinese\ZH-Tenor-1\Mixed_Voice_and_Falsetto\菊花台\Mixed_Voice_Group\0001.wav,Chinese/ZH-Tenor-1/Mixed_Voice_and_Falsetto/菊花台/Mixed_Voice_Group/0001.wav,Chinese,ZH-Tenor-1,菊花台,Mixed_Voice_Group,1,0,0,0,1,0,1,clear_mix,100010,positive_mix,
Chinese#ZH-Tenor-1#Mixed_Voice_and_Falsetto#菊花台#Mixed_Voice_Group#0003,D:\-MindEcho-main\ml_dl_models\gtsinger_multitech\dataset\raw\Chinese\ZH-Tenor-1\Mixed_Voice_and_Falsetto\菊花台\Mixed_Voice_Group\0003.wav,Chinese/ZH-Tenor-1/Mixed_Voice_and_Falsetto/菊花台/Mixed_Voice_Group/0003.wav,Chinese,ZH-Tenor-1,菊花台,Mixed_Voice_Group,1,0,0,0,1,0,1,clear_mix,100010,positive_mix,
Chinese#ZH-Tenor-1#Mixed_Voice_and_Falsetto#菊花台#Mixed_Voice_Group#0004,D:\-MindEcho-main\ml_dl_models\gtsinger_multitech\dataset\raw\Chinese\ZH-Tenor-1\Mixed_Voice_and_Falsetto\菊花台\Mixed_Voice_Group\0004.wav,Chinese/ZH-Tenor-1/Mixed_Voice_and_Falsetto/菊花台/Mixed_Voice_Group/0004.wav,Chinese,ZH-Tenor-1,菊花台,Mixed_Voice_Group,1,0,0,0,1,0,1,clear_mix,100010,positive_mix,
Chinese#ZH-Tenor-1#Mixed_Voice_and_Falsetto#菊花台#Mixed_Voice_Group#0005,D:\-MindEcho-main\ml_dl_models\gtsinger_multitech\dataset\raw\Chinese\ZH-Tenor-1\Mixed_Voice_and_Falsetto\菊花台\Mixed_Voice_Group\0005.wav,Chinese/ZH-Tenor-1/Mixed_Voice_and_Falsetto/菊花台/Mixed_Voice_Group/0005.wav,Chinese,ZH-Tenor-1,菊花台,Mixed_Voice_Group,1,0,0,0,1,0,1,clear_mix,100010,positive_mix,
Chinese#ZH-Tenor-1#Mixed_Voice_and_Falsetto#菊花台#Mixed_Voice_Group#0007,D:\-MindEcho-main\ml_dl_models\gtsinger_multitech\dataset\raw\Chinese\ZH-Tenor-1\Mixed_Voice_and_Falsetto\菊花台\Mixed_Voice_Group\0007.wav,Chinese/ZH-Tenor-1/Mixed_Voice_and_Falsetto/菊花台/Mixed_Voice_Group/0007.wav,Chinese,ZH-Tenor-1,菊花台,Mixed_Voice_Group,1,1,0,0,1,0,1,head_mix,110010,positive_mix,
Chinese#ZH-Tenor-1#Mixed_Voice_and_Falsetto#菊花台#Mixed_Voice_Group#0008,D:\-MindEcho-main\ml_dl_models\gtsinger_multitech\dataset\raw\Chinese\ZH-Tenor-1\Mixed_Voice_and_Falsetto\菊花台\Mixed_Voice_Group\0008.wav,Chinese/ZH-Tenor-1/Mixed_Voice_and_Falsetto/菊花台/Mixed_Voice_Group/0008.wav,Chinese,ZH-Tenor-1,菊花台,Mixed_Voice_Group,1,0,0,0,1,0,1,clear_mix,100010,positive_mix,
Chinese#ZH-Tenor-1#Mixed_Voice_and_Falsetto#菊花台#Mixed_Voice_Group#0010,D:\-MindEcho-main\ml_dl_models\gtsinger_multitech\dataset\raw\Chinese\ZH-Tenor-1\Mixed_Voice_and_Falsetto\菊花台\Mixed_Voice_Group\0010.wav,Chinese/ZH-Tenor-1/Mixed_Voice_and_Falsetto/菊花台/Mixed_Voice_Group/0010.wav,Chinese,ZH-Tenor-1,菊花台,Mixed_Voice_Group,1,0,0,0,1,0,1,clear_mix,100010,positive_mix,
Chinese#ZH-Tenor-1#Mixed_Voice_and_Falsetto#菊花台#Mixed_Voice_Group#0012,D:\-MindEcho-main\ml_dl_models\gtsinger_multitech\dataset\raw\Chinese\ZH-Tenor-1\Mixed_Voice_and_Falsetto\菊花台\Mixed_Voice_Group\0012.wav,Chinese/ZH-Tenor-1/Mixed_Voice_and_Falsetto/菊花台/Mixed_Voice_Group/0012.wav,Chinese,ZH-Tenor-1,菊花台,Mixed_Voice_Group,1,0,0,0,1,0,1,clear_mix,100010,positive_mix,
Chinese#ZH-Tenor-1#Mixed_Voice_and_Falsetto#菊花台#Mixed_Voice_Group#0013,D:\-MindEcho-main\ml_dl_models\gtsinger_multitech\dataset\raw\Chinese\ZH-Tenor-1\Mixed_Voice_and_Falsetto\菊花台\Mixed_Voice_Group\0013.wav,Chinese/ZH-Tenor-1/Mixed_Voice_and_Falsetto/菊花台/Mixed_Voice_Group/0013.wav,Chinese,ZH-Tenor-1,菊花台,Mixed_Voice_Group,1,0,0,0,1,0,1,clear_mix,100010,positive_mix,
Chinese#ZH-Tenor-1#Mixed_Voice_and_Falsetto#菊花台#Mixed_Voice_Group#0014,D:\-MindEcho-main\ml_dl_models\gtsinger_multitech\dataset\raw\Chinese\ZH-Tenor-1\Mixed_Voice_and_Falsetto\菊花台\Mixed_Voice_Group\0014.wav,Chinese/ZH-Tenor-1/Mixed_Voice_and_Falsetto/菊花台/Mixed_Voice_Group/0014.wav,Chinese,ZH-Tenor-1,菊花台,Mixed_Voice_Group,1,0,0,0,1,0,1,clear_mix,100010,positive_mix,
Chinese#ZH-Tenor-1#Mixed_Voice_and_Falsetto#菊花台#Mixed_Voice_Group#0015,D:\-MindEcho-main\ml_dl_models\gtsinger_multitech\dataset\raw\Chinese\ZH-Tenor-1\Mixed_Voice_and_Falsetto\菊花台\Mixed_Voice_Group\0015.wav,Chinese/ZH-Tenor-1/Mixed_Voice_and_Falsetto/菊花台/Mixed_Voice_Group/0015.wav,Chinese,ZH-Tenor-1,菊花台,Mixed_Voice_Group,1,0,0,0,1,0,1,clear_mix,100010,positive_mix,
Chinese#ZH-Tenor-1#Mixed_Voice_and_Falsetto#菊花台#Mixed_Voice_Group#0017,D:\-MindEcho-main\ml_dl_models\gtsinger_multitech\dataset\raw\Chinese\ZH-Tenor-1\Mixed_Voice_and_Falsetto\菊花台\Mixed_Voice_Group\0017.wav,Chinese/ZH-Tenor-1/Mixed_Voice_and_Falsetto/菊花台/Mixed_Voice_Group/0017.wav,Chinese,ZH-Tenor-1,菊花台,Mixed_Voice_Group,1,0,0,0,1,0,1,clear_mix,100010,positive_mix,
Chinese#ZH-Tenor-1#Mixed_Voice_and_Falsetto#菊花台#Mixed_Voice_Group#0018,D:\-MindEcho-main\ml_dl_models\gtsinger_multitech\dataset\raw\Chinese\ZH-Tenor-1\Mixed_Voice_and_Falsetto\菊花台\Mixed_Voice_Group\0018.wav,Chinese/ZH-Tenor-1/Mixed_Voice_and_Falsetto/菊花台/Mixed_Voice_Group/0018.wav,Chinese,ZH-Tenor-1,菊花台,Mixed_Voice_Group,1,1,0,0,1,0,1,head_mix,110010,positive_mix,
Chinese#ZH-Tenor-1#Mixed_Voice_and_Falsetto#菊花台#Mixed_Voice_Group#0019,D:\-MindEcho-main\ml_dl_models\gtsinger_multitech\dataset\raw\Chinese\ZH-Tenor-1\Mixed_Voice_and_Falsetto\菊花台\Mixed_Voice_Group\0019.wav,Chinese/ZH-Tenor-1/Mixed_Voice_and_Falsetto/菊花台/Mixed_Voice_Group/0019.wav,Chinese,ZH-Tenor-1,菊花台,Mixed_Voice_Group,1,1,0,0,1,0,1,head_mix,110010,positive_mix,
Chinese#ZH-Tenor-1#Mixed_Voice_and_Falsetto#菊花台#Mixed_Voice_Group#0020,D:\-MindEcho-main\ml_dl_models\gtsinger_multitech\dataset\raw\Chinese\ZH-Tenor-1\Mixed_Voice_and_Falsetto\菊花台\Mixed_Voice_Group\0020.wav,Chinese/ZH-Tenor-1/Mixed_Voice_and_Falsetto/菊花台/Mixed_Voice_Group/0020.wav,Chinese,ZH-Tenor-1,菊花台,Mixed_Voice_Group,1,0,0,0,1,0,1,clear_mix,100010,positive_mix,
Chinese#ZH-Tenor-1#Mixed_Voice_and_Falsetto#菊花台#Mixed_Voice_Group#0021,D:\-MindEcho-main\ml_dl_models\gtsinger_multitech\dataset\raw\Chinese\ZH-Tenor-1\Mixed_Voice_and_Falsetto\菊花台\Mixed_Voice_Group\0021.wav,Chinese/ZH-Tenor-1/Mixed_Voice_and_Falsetto/菊花台/Mixed_Voice_Group/0021.wav,Chinese,ZH-Tenor-1,菊花台,Mixed_Voice_Group,1,1,0,0,1,0,1,head_mix,110010,positive_mix,
Chinese#ZH-Tenor-1#Mixed_Voice_and_Falsetto#讲真的#Mixed_Voice_Group#0000,D:\-MindEcho-main\ml_dl_models\gtsinger_multitech\dataset\raw\Chinese\ZH-Tenor-1\Mixed_Voice_and_Falsetto\讲真的\Mixed_Voice_Group\0000.wav,Chinese/ZH-Tenor-1/Mixed_Voice_and_Falsetto/讲真的/Mixed_Voice_Group/0000.wav,Chinese,ZH-Tenor-1,讲真的,Mixed_Voice_Group,1,0,0,0,0,0,1,clear_mix,100000,positive_mix,
Chinese#ZH-Tenor-1#Mixed_Voice_and_Falsetto#讲真的#Mixed_Voice_Group#0001,D:\-MindEcho-main\ml_dl_models\gtsinger_multitech\dataset\raw\Chinese\ZH-Tenor-1\Mixed_Voice_and_Falsetto\讲真的\Mixed_Voice_Group\0001.wav,Chinese/ZH-Tenor-1/Mixed_Voice_and_Falsetto/讲真的/Mixed_Voice_Group/0001.wav,Chinese,ZH-Tenor-1,讲真的,Mixed_Voice_Group,1,0,0,0,1,0,1,clear_mix,100010,positive_mix,
Chinese#ZH-Tenor-1#Mixed_Voice_and_Falsetto#讲真的#Mixed_Voice_Group#0002,D:\-MindEcho-main\ml_dl_models\gtsinger_multitech\dataset\raw\Chinese\ZH-Tenor-1\Mixed_Voice_and_Falsetto\讲真的\Mixed_Voice_Group\0002.wav,Chinese/ZH-Tenor-1/Mixed_Voice_and_Falsetto/讲真的/Mixed_Voice_Group/0002.wav,Chinese,ZH-Tenor-1,讲真的,Mixed_Voice_Group,1,0,0,0,1,0,1,clear_mix,100010,positive_mix,
Chinese#ZH-Tenor-1#Mixed_Voice_and_Falsetto#讲真的#Mixed_Voice_Group#0003,D:\-MindEcho-main\ml_dl_models\gtsinger_multitech\dataset\raw\Chinese\ZH-Tenor-1\Mixed_Voice_and_Falsetto\讲真的\Mixed_Voice_Group\0003.wav,Chinese/ZH-Tenor-1/Mixed_Voice_and_Falsetto/讲真的/Mixed_Voice_Group/0003.wav,Chinese,ZH-Tenor-1,讲真的,Mixed_Voice_Group,1,0,0,0,1,0,1,clear_mix,100010,positive_mix,
Chinese#ZH-Tenor-1#Mixed_Voice_and_Falsetto#讲真的#Mixed_Voice_Group#0004,D:\-MindEcho-main\ml_dl_models\gtsinger_multitech\dataset\raw\Chinese\ZH-Tenor-1\Mixed_Voice_and_Falsetto\讲真的\Mixed_Voice_Group\0004.wav,Chinese/ZH-Tenor-1/Mixed_Voice_and_Falsetto/讲真的/Mixed_Voice_Group/0004.wav,Chinese,ZH-Tenor-1,讲真的,Mixed_Voice_Group,1,0,0,0,1,0,1,clear_mix,100010,positive_mix,
Chinese#ZH-Tenor-1#Mixed_Voice_and_Falsetto#讲真的#Mixed_Voice_Group#0005,D:\-MindEcho-main\ml_dl_models\gtsinger_multitech\dataset\raw\Chinese\ZH-Tenor-1\Mixed_Voice_and_Falsetto\讲真的\Mixed_Voice_Group\0005.wav,Chinese/ZH-Tenor-1/Mixed_Voice_and_Falsetto/讲真的/Mixed_Voice_Group/0005.wav,Chinese,ZH-Tenor-1,讲真的,Mixed_Voice_Group,1,0,0,0,1,0,1,clear_mix,100010,positive_mix,
Chinese#ZH-Tenor-1#Mixed_Voice_and_Falsetto#讲真的#Mixed_Voice_Group#0007,D:\-MindEcho-main\ml_dl_models\gtsinger_multitech\dataset\raw\Chinese\ZH-Tenor-1\Mixed_Voice_and_Falsetto\讲真的\Mixed_Voice_Group\0007.wav,Chinese/ZH-Tenor-1/Mixed_Voice_and_Falsetto/讲真的/Mixed_Voice_Group/0007.wav,Chinese,ZH-Tenor-1,讲真的,Mixed_Voice_Group,1,0,0,0,1,0,1,clear_mix,100010,positive_mix,
Chinese#ZH-Tenor-1#Mixed_Voice_and_Falsetto#讲真的#Mixed_Voice_Group#0008,D:\-MindEcho-main\ml_dl_models\gtsinger_multitech\dataset\raw\Chinese\ZH-Tenor-1\Mixed_Voice_and_Falsetto\讲真的\Mixed_Voice_Group\0008.wav,Chinese/ZH-Tenor-1/Mixed_Voice_and_Falsetto/讲真的/Mixed_Voice_Group/0008.wav,Chinese,ZH-Tenor-1,讲真的,Mixed_Voice_Group,1,0,0,0,1,0,1,clear_mix,100010,positive_mix,
Chinese#ZH-Tenor-1#Mixed_Voice_and_Falsetto#讲真的#Mixed_Voice_Group#0009,D:\-MindEcho-main\ml_dl_models\gtsinger_multitech\dataset\raw\Chinese\ZH-Tenor-1\Mixed_Voice_and_Falsetto\讲真的\Mixed_Voice_Group\0009.wav,Chinese/ZH-Tenor-1/Mixed_Voice_and_Falsetto/讲真的/Mixed_Voice_Group/0009.wav,Chinese,ZH-Tenor-1,讲真的,Mixed_Voice_Group,1,0,0,0,1,0,1,clear_mix,100010,positive_mix,
Chinese#ZH-Tenor-1#Mixed_Voice_and_Falsetto#讲真的#Mixed_Voice_Group#0010,D:\-MindEcho-main\ml_dl_models\gtsinger_multitech\dataset\raw\Chinese\ZH-Tenor-1\Mixed_Voice_and_Falsetto\讲真的\Mixed_Voice_Group\0010.wav,Chinese/ZH-Tenor-1/Mixed_Voice_and_Falsetto/讲真的/Mixed_Voice_Group/0010.wav,Chinese,ZH-Tenor-1,讲真的,Mixed_Voice_Group,1,0,0,0,1,0,1,clear_mix,100010,positive_mix,
Chinese#ZH-Tenor-1#Mixed_Voice_and_Falsetto#讲真的#Mixed_Voice_Group#0011,D:\-MindEcho-main\ml_dl_models\gtsinger_multitech\dataset\raw\Chinese\ZH-Tenor-1\Mixed_Voice_and_Falsetto\讲真的\Mixed_Voice_Group\0011.wav,Chinese/ZH-Tenor-1/Mixed_Voice_and_Falsetto/讲真的/Mixed_Voice_Group/0011.wav,Chinese,ZH-Tenor-1,讲真的,Mixed_Voice_Group,1,0,0,0,1,0,1,clear_mix,100010,positive_mix,
Chinese#ZH-Tenor-1#Mixed_Voice_and_Falsetto#讲真的#Mixed_Voice_Group#0012,D:\-MindEcho-main\ml_dl_models\gtsinger_multitech\dataset\raw\Chinese\ZH-Tenor-1\Mixed_Voice_and_Falsetto\讲真的\Mixed_Voice_Group\0012.wav,Chinese/ZH-Tenor-1/Mixed_Voice_and_Falsetto/讲真的/Mixed_Voice_Group/0012.wav,Chinese,ZH-Tenor-1,讲真的,Mixed_Voice_Group,1,0,0,0,1,0,1,clear_mix,100010,positive_mix,
Chinese#ZH-Tenor-1#Mixed_Voice_and_Falsetto#讲真的#Mixed_Voice_Group#0013,D:\-MindEcho-main\ml_dl_models\gtsinger_multitech\dataset\raw\Chinese\ZH-Tenor-1\Mixed_Voice_and_Falsetto\讲真的\Mixed_Voice_Group\0013.wav,Chinese/ZH-Tenor-1/Mixed_Voice_and_Falsetto/讲真的/Mixed_Voice_Group/0013.wav,Chinese,ZH-Tenor-1,讲真的,Mixed_Voice_Group,1,0,0,0,1,0,1,clear_mix,100010,positive_mix,
Chinese#ZH-Tenor-1#Mixed_Voice_and_Falsetto#讲真的#Mixed_Voice_Group#0015,D:\-MindEcho-main\ml_dl_models\gtsinger_multitech\dataset\raw\Chinese\ZH-Tenor-1\Mixed_Voice_and_Falsetto\讲真的\Mixed_Voice_Group\0015.wav,Chinese/ZH-Tenor-1/Mixed_Voice_and_Falsetto/讲真的/Mixed_Voice_Group/0015.wav,Chinese,ZH-Tenor-1,讲真的,Mixed_Voice_Group,1,0,0,0,1,0,1,clear_mix,100010,positive_mix,
Chinese#ZH-Tenor-1#Mixed_Voice_and_Falsetto#讲真的#Mixed_Voice_Group#0016,D:\-MindEcho-main\ml_dl_models\gtsinger_multitech\dataset\raw\Chinese\ZH-Tenor-1\Mixed_Voice_and_Falsetto\讲真的\Mixed_Voice_Group\0016.wav,Chinese/ZH-Tenor-1/Mixed_Voice_and_Falsetto/讲真的/Mixed_Voice_Group/0016.wav,Chinese,ZH-Tenor-1,讲真的,Mixed_Voice_Group,1,0,0,0,1,0,1,clear_mix,100010,positive_mix,
Chinese#ZH-Tenor-1#Mixed_Voice_and_Falsetto#讲真的#Mixed_Voice_Group#0017,D:\-MindEcho-main\ml_dl_models\gtsinger_multitech\dataset\raw\Chinese\ZH-Tenor-1\Mixed_Voice_and_Falsetto\讲真的\Mixed_Voice_Group\0017.wav,Chinese/ZH-Tenor-1/Mixed_Voice_and_Falsetto/讲真的/Mixed_Voice_Group/0017.wav,Chinese,ZH-Tenor-1,讲真的,Mixed_Voice_Group,1,0,0,0,1,0,1,clear_mix,100010,positive_mix,
Chinese#ZH-Tenor-1#Mixed_Voice_and_Falsetto#讲真的#Mixed_Voice_Group#0018,D:\-MindEcho-main\ml_dl_models\gtsinger_multitech\dataset\raw\Chinese\ZH-Tenor-1\Mixed_Voice_and_Falsetto\讲真的\Mixed_Voice_Group\0018.wav,Chinese/ZH-Tenor-1/Mixed_Voice_and_Falsetto/讲真的/Mixed_Voice_Group/0018.wav,Chinese,ZH-Tenor-1,讲真的,Mixed_Voice_Group,1,0,0,0,1,0,1,clear_mix,100010,positive_mix,
Chinese#ZH-Tenor-1#Mixed_Voice_and_Falsetto#讲真的#Mixed_Voice_Group#0019,D:\-MindEcho-main\ml_dl_models\gtsinger_multitech\dataset\raw\Chinese\ZH-Tenor-1\Mixed_Voice_and_Falsetto\讲真的\Mixed_Voice_Group\0019.wav,Chinese/ZH-Tenor-1/Mixed_Voice_and_Falsetto/讲真的/Mixed_Voice_Group/0019.wav,Chinese,ZH-Tenor-1,讲真的,Mixed_Voice_Group,1,0,0,0,1,0,1,clear_mix,100010,positive_mix,
Chinese#ZH-Tenor-1#Mixed_Voice_and_Falsetto#贝加尔湖畔#Mixed_Voice_Group#0000,D:\-MindEcho-main\ml_dl_models\gtsinger_multitech\dataset\raw\Chinese\ZH-Tenor-1\Mixed_Voice_and_Falsetto\贝加尔湖畔\Mixed_Voice_Group\0000.wav,Chinese/ZH-Tenor-1/Mixed_Voice_and_Falsetto/贝加尔湖畔/Mixed_Voice_Group/0000.wav,Chinese,ZH-Tenor-1,贝加尔湖畔,Mixed_Voice_Group,1,0,0,0,1,0,1,clear_mix,100010,positive_mix,
Chinese#ZH-Tenor-1#Mixed_Voice_and_Falsetto#贝加尔湖畔#Mixed_Voice_Group#0001,D:\-MindEcho-main\ml_dl_models\gtsinger_multitech\dataset\raw\Chinese\ZH-Tenor-1\Mixed_Voice_and_Falsetto\贝加尔湖畔\Mixed_Voice_Group\0001.wav,Chinese/ZH-Tenor-1/Mixed_Voice_and_Falsetto/贝加尔湖畔/Mixed_Voice_Group/0001.wav,Chinese,ZH-Tenor-1,贝加尔湖畔,Mixed_Voice_Group,1,0,0,0,1,0,1,clear_mix,100010,positive_mix,
Chinese#ZH-Tenor-1#Mixed_Voice_and_Falsetto#贝加尔湖畔#Mixed_Voice_Group#0002,D:\-MindEcho-main\ml_dl_models\gtsinger_multitech\dataset\raw\Chinese\ZH-Tenor-1\Mixed_Voice_and_Falsetto\贝加尔湖畔\Mixed_Voice_Group\0002.wav,Chinese/ZH-Tenor-1/Mixed_Voice_and_Falsetto/贝加尔湖畔/Mixed_Voice_Group/0002.wav,Chinese,ZH-Tenor-1,贝加尔湖畔,Mixed_Voice_Group,1,0,0,0,1,0,1,clear_mix,100010,positive_mix,
Chinese#ZH-Tenor-1#Mixed_Voice_and_Falsetto#贝加尔湖畔#Mixed_Voice_Group#0003,D:\-MindEcho-main\ml_dl_models\gtsinger_multitech\dataset\raw\Chinese\ZH-Tenor-1\Mixed_Voice_and_Falsetto\贝加尔湖畔\Mixed_Voice_Group\0003.wav,Chinese/ZH-Tenor-1/Mixed_Voice_and_Falsetto/贝加尔湖畔/Mixed_Voice_Group/0003.wav,Chinese,ZH-Tenor-1,贝加尔湖畔,Mixed_Voice_Group,1,0,0,0,1,0,1,clear_mix,100010,positive_mix,
Chinese#ZH-Tenor-1#Mixed_Voice_and_Falsetto#贝加尔湖畔#Mixed_Voice_Group#0004,D:\-MindEcho-main\ml_dl_models\gtsinger_multitech\dataset\raw\Chinese\ZH-Tenor-1\Mixed_Voice_and_Falsetto\贝加尔湖畔\Mixed_Voice_Group\0004.wav,Chinese/ZH-Tenor-1/Mixed_Voice_and_Falsetto/贝加尔湖畔/Mixed_Voice_Group/0004.wav,Chinese,ZH-Tenor-1,贝加尔湖畔,Mixed_Voice_Group,1,0,0,0,1,0,1,clear_mix,100010,positive_mix,
Chinese#ZH-Tenor-1#Mixed_Voice_and_Falsetto#贝加尔湖畔#Mixed_Voice_Group#0005,D:\-MindEcho-main\ml_dl_models\gtsinger_multitech\dataset\raw\Chinese\ZH-Tenor-1\Mixed_Voice_and_Falsetto\贝加尔湖畔\Mixed_Voice_Group\0005.wav,Chinese/ZH-Tenor-1/Mixed_Voice_and_Falsetto/贝加尔湖畔/Mixed_Voice_Group/0005.wav,Chinese,ZH-Tenor-1,贝加尔湖畔,Mixed_Voice_Group,1,0,0,0,1,0,1,clear_mix,100010,positive_mix,
Chinese#ZH-Tenor-1#Mixed_Voice_and_Falsetto#贝加尔湖畔#Mixed_Voice_Group#0006,D:\-MindEcho-main\ml_dl_models\gtsinger_multitech\dataset\raw\Chinese\ZH-Tenor-1\Mixed_Voice_and_Falsetto\贝加尔湖畔\Mixed_Voice_Group\0006.wav,Chinese/ZH-Tenor-1/Mixed_Voice_and_Falsetto/贝加尔湖畔/Mixed_Voice_Group/0006.wav,Chinese,ZH-Tenor-1,贝加尔湖畔,Mixed_Voice_Group,1,0,0,0,1,0,1,clear_mix,100010,positive_mix,
Chinese#ZH-Tenor-1#Mixed_Voice_and_Falsetto#贝加尔湖畔#Mixed_Voice_Group#0007,D:\-MindEcho-main\ml_dl_models\gtsinger_multitech\dataset\raw\Chinese\ZH-Tenor-1\Mixed_Voice_and_Falsetto\贝加尔湖畔\Mixed_Voice_Group\0007.wav,Chinese/ZH-Tenor-1/Mixed_Voice_and_Falsetto/贝加尔湖畔/Mixed_Voice_Group/0007.wav,Chinese,ZH-Tenor-1,贝加尔湖畔,Mixed_Voice_Group,1,1,0,0,1,0,1,head_mix,110010,positive_mix,
Chinese#ZH-Tenor-1#Mixed_Voice_and_Falsetto#走着走着就散了#Mixed_Voice_Group#0000,D:\-MindEcho-main\ml_dl_models\gtsinger_multitech\dataset\raw\Chinese\ZH-Tenor-1\Mixed_Voice_and_Falsetto\走着走着就散了\Mixed_Voice_Group\0000.wav,Chinese/ZH-Tenor-1/Mixed_Voice_and_Falsetto/走着走着就散了/Mixed_Voice_Group/0000.wav,Chinese,ZH-Tenor-1,走着走着就散了,Mixed_Voice_Group,1,0,0,0,1,0,1,clear_mix,100010,positive_mix,
Chinese#ZH-Tenor-1#Mixed_Voice_and_Falsetto#走着走着就散了#Mixed_Voice_Group#0001,D:\-MindEcho-main\ml_dl_models\gtsinger_multitech\dataset\raw\Chinese\ZH-Tenor-1\Mixed_Voice_and_Falsetto\走着走着就散了\Mixed_Voice_Group\0001.wav,Chinese/ZH-Tenor-1/Mixed_Voice_and_Falsetto/走着走着就散了/Mixed_Voice_Group/0001.wav,Chinese,ZH-Tenor-1,走着走着就散了,Mixed_Voice_Group,1,0,0,0,1,0,1,clear_mix,100010,positive_mix,
Chinese#ZH-Tenor-1#Mixed_Voice_and_Falsetto#走着走着就散了#Mixed_Voice_Group#0002,D:\-MindEcho-main\ml_dl_models\gtsinger_multitech\dataset\raw\Chinese\ZH-Tenor-1\Mixed_Voice_and_Falsetto\走着走着就散了\Mixed_Voice_Group\0002.wav,Chinese/ZH-Tenor-1/Mixed_Voice_and_Falsetto/走着走着就散了/Mixed_Voice_Group/0002.wav,Chinese,ZH-Tenor-1,走着走着就散了,Mixed_Voice_Group,1,0,0,0,1,0,1,clear_mix,100010,positive_mix,
Chinese#ZH-Tenor-1#Mixed_Voice_and_Falsetto#走着走着就散了#Mixed_Voice_Group#0003,D:\-MindEcho-main\ml_dl_models\gtsinger_multitech\dataset\raw\Chinese\ZH-Tenor-1\Mixed_Voice_and_Falsetto\走着走着就散了\Mixed_Voice_Group\0003.wav,Chinese/ZH-Tenor-1/Mixed_Voice_and_Falsetto/走着走着就散了/Mixed_Voice_Group/0003.wav,Chinese,ZH-Tenor-1,走着走着就散了,Mixed_Voice_Group,1,0,0,0,1,0,1,clear_mix,100010,positive_mix,
Chinese#ZH-Tenor-1#Mixed_Voice_and_Falsetto#走着走着就散了#Mixed_Voice_Group#0005,D:\-MindEcho-main\ml_dl_models\gtsinger_multitech\dataset\raw\Chinese\ZH-Tenor-1\Mixed_Voice_and_Falsetto\走着走着就散了\Mixed_Voice_Group\0005.wav,Chinese/ZH-Tenor-1/Mixed_Voice_and_Falsetto/走着走着就散了/Mixed_Voice_Group/0005.wav,Chinese,ZH-Tenor-1,走着走着就散了,Mixed_Voice_Group,1,0,0,0,1,0,1,clear_mix,100010,positive_mix,
Chinese#ZH-Tenor-1#Mixed_Voice_and_Falsetto#走着走着就散了#Mixed_Voice_Group#0006,D:\-MindEcho-main\ml_dl_models\gtsinger_multitech\dataset\raw\Chinese\ZH-Tenor-1\Mixed_Voice_and_Falsetto\走着走着就散了\Mixed_Voice_Group\0006.wav,Chinese/ZH-Tenor-1/Mixed_Voice_and_Falsetto/走着走着就散了/Mixed_Voice_Group/0006.wav,Chinese,ZH-Tenor-1,走着走着就散了,Mixed_Voice_Group,1,0,0,0,0,0,1,clear_mix,100000,positive_mix,
Chinese#ZH-Tenor-1#Mixed_Voice_and_Falsetto#走着走着就散了#Mixed_Voice_Group#0007,D:\-MindEcho-main\ml_dl_models\gtsinger_multitech\dataset\raw\Chinese\ZH-Tenor-1\Mixed_Voice_and_Falsetto\走着走着就散了\Mixed_Voice_Group\0007.wav,Chinese/ZH-Tenor-1/Mixed_Voice_and_Falsetto/走着走着就散了/Mixed_Voice_Group/0007.wav,Chinese,ZH-Tenor-1,走着走着就散了,Mixed_Voice_Group,1,0,0,0,1,0,1,clear_mix,100010,positive_mix,
Chinese#ZH-Tenor-1#Mixed_Voice_and_Falsetto#走着走着就散了#Mixed_Voice_Group#0008,D:\-MindEcho-main\ml_dl_models\gtsinger_multitech\dataset\raw\Chinese\ZH-Tenor-1\Mixed_Voice_and_Falsetto\走着走着就散了\Mixed_Voice_Group\0008.wav,Chinese/ZH-Tenor-1/Mixed_Voice_and_Falsetto/走着走着就散了/Mixed_Voice_Group/0008.wav,Chinese,ZH-Tenor-1,走着走着就散了,Mixed_Voice_Group,1,0,0,0,1,0,1,clear_mix,100010,positive_mix,
Chinese#ZH-Tenor-1#Mixed_Voice_and_Falsetto#走着走着就散了#Mixed_Voice_Group#0009,D:\-MindEcho-main\ml_dl_models\gtsinger_multitech\dataset\raw\Chinese\ZH-Tenor-1\Mixed_Voice_and_Falsetto\走着走着就散了\Mixed_Voice_Group\0009.wav,Chinese/ZH-Tenor-1/Mixed_Voice_and_Falsetto/走着走着就散了/Mixed_Voice_Group/0009.wav,Chinese,ZH-Tenor-1,走着走着就散了,Mixed_Voice_Group,1,0,0,0,1,0,1,clear_mix,100010,positive_mix,
Chinese#ZH-Tenor-1#Mixed_Voice_and_Falsetto#走着走着就散了#Mixed_Voice_Group#0010,D:\-MindEcho-main\ml_dl_models\gtsinger_multitech\dataset\raw\Chinese\ZH-Tenor-1\Mixed_Voice_and_Falsetto\走着走着就散了\Mixed_Voice_Group\0010.wav,Chinese/ZH-Tenor-1/Mixed_Voice_and_Falsetto/走着走着就散了/Mixed_Voice_Group/0010.wav,Chinese,ZH-Tenor-1,走着走着就散了,Mixed_Voice_Group,1,0,0,0,1,0,1,clear_mix,100010,positive_mix,
Chinese#ZH-Tenor-1#Mixed_Voice_and_Falsetto#走着走着就散了#Mixed_Voice_Group#0011,D:\-MindEcho-main\ml_dl_models\gtsinger_multitech\dataset\raw\Chinese\ZH-Tenor-1\Mixed_Voice_and_Falsetto\走着走着就散了\Mixed_Voice_Group\0011.wav,Chinese/ZH-Tenor-1/Mixed_Voice_and_Falsetto/走着走着就散了/Mixed_Voice_Group/0011.wav,Chinese,ZH-Tenor-1,走着走着就散了,Mixed_Voice_Group,1,0,0,0,1,0,1,clear_mix,100010,positive_mix,
Chinese#ZH-Tenor-1#Mixed_Voice_and_Falsetto#走马#Mixed_Voice_Group#0000,D:\-MindEcho-main\ml_dl_models\gtsinger_multitech\dataset\raw\Chinese\ZH-Tenor-1\Mixed_Voice_and_Falsetto\走马\Mixed_Voice_Group\0000.wav,Chinese/ZH-Tenor-1/Mixed_Voice_and_Falsetto/走马/Mixed_Voice_Group/0000.wav,Chinese,ZH-Tenor-1,走马,Mixed_Voice_Group,1,0,0,0,0,0,1,clear_mix,100000,positive_mix,
Chinese#ZH-Tenor-1#Mixed_Voice_and_Falsetto#走马#Mixed_Voice_Group#0002,D:\-MindEcho-main\ml_dl_models\gtsinger_multitech\dataset\raw\Chinese\ZH-Tenor-1\Mixed_Voice_and_Falsetto\走马\Mixed_Voice_Group\0002.wav,Chinese/ZH-Tenor-1/Mixed_Voice_and_Falsetto/走马/Mixed_Voice_Group/0002.wav,Chinese,ZH-Tenor-1,走马,Mixed_Voice_Group,1,0,0,0,0,0,1,clear_mix,100000,positive_mix,
Chinese#ZH-Tenor-1#Mixed_Voice_and_Falsetto#走马#Mixed_Voice_Group#0003,D:\-MindEcho-main\ml_dl_models\gtsinger_multitech\dataset\raw\Chinese\ZH-Tenor-1\Mixed_Voice_and_Falsetto\走马\Mixed_Voice_Group\0003.wav,Chinese/ZH-Tenor-1/Mixed_Voice_and_Falsetto/走马/Mixed_Voice_Group/0003.wav,Chinese,ZH-Tenor-1,走马,Mixed_Voice_Group,1,0,0,0,0,0,1,clear_mix,100000,positive_mix,
Chinese#ZH-Tenor-1#Mixed_Voice_and_Falsetto#走马#Mixed_Voice_Group#0004,D:\-MindEcho-main\ml_dl_models\gtsinger_multitech\dataset\raw\Chinese\ZH-Tenor-1\Mixed_Voice_and_Falsetto\走马\Mixed_Voice_Group\0004.wav,Chinese/ZH-Tenor-1/Mixed_Voice_and_Falsetto/走马/Mixed_Voice_Group/0004.wav,Chinese,ZH-Tenor-1,走马,Mixed_Voice_Group,1,0,0,0,0,0,1,clear_mix,100000,positive_mix,
Chinese#ZH-Tenor-1#Mixed_Voice_and_Falsetto#走马#Mixed_Voice_Group#0005,D:\-MindEcho-main\ml_dl_models\gtsinger_multitech\dataset\raw\Chinese\ZH-Tenor-1\Mixed_Voice_and_Falsetto\走马\Mixed_Voice_Group\0005.wav,Chinese/ZH-Tenor-1/Mixed_Voice_and_Falsetto/走马/Mixed_Voice_Group/0005.wav,Chinese,ZH-Tenor-1,走马,Mixed_Voice_Group,1,0,0,0,0,0,1,clear_mix,100000,positive_mix,
Chinese#ZH-Tenor-1#Mixed_Voice_and_Falsetto#走马#Mixed_Voice_Group#0006,D:\-MindEcho-main\ml_dl_models\gtsinger_multitech\dataset\raw\Chinese\ZH-Tenor-1\Mixed_Voice_and_Falsetto\走马\Mixed_Voice_Group\0006.wav,Chinese/ZH-Tenor-1/Mixed_Voice_and_Falsetto/走马/Mixed_Voice_Group/0006.wav,Chinese,ZH-Tenor-1,走马,Mixed_Voice_Group,1,0,0,0,1,0,1,clear_mix,100010,positive_mix,
Chinese#ZH-Tenor-1#Mixed_Voice_and_Falsetto#走马#Mixed_Voice_Group#0007,D:\-MindEcho-main\ml_dl_models\gtsinger_multitech\dataset\raw\Chinese\ZH-Tenor-1\Mixed_Voice_and_Falsetto\走马\Mixed_Voice_Group\0007.wav,Chinese/ZH-Tenor-1/Mixed_Voice_and_Falsetto/走马/Mixed_Voice_Group/0007.wav,Chinese,ZH-Tenor-1,走马,Mixed_Voice_Group,1,0,0,0,1,0,1,clear_mix,100010,positive_mix,
Chinese#ZH-Tenor-1#Mixed_Voice_and_Falsetto#走马#Mixed_Voice_Group#0008,D:\-MindEcho-main\ml_dl_models\gtsinger_multitech\dataset\raw\Chinese\ZH-Tenor-1\Mixed_Voice_and_Falsetto\走马\Mixed_Voice_Group\0008.wav,Chinese/ZH-Tenor-1/Mixed_Voice_and_Falsetto/走马/Mixed_Voice_Group/0008.wav,Chinese,ZH-Tenor-1,走马,Mixed_Voice_Group,1,0,0,0,0,0,1,clear_mix,100000,positive_mix,
Chinese#ZH-Tenor-1#Mixed_Voice_and_Falsetto#走马#Mixed_Voice_Group#0009,D:\-MindEcho-main\ml_dl_models\gtsinger_multitech\dataset\raw\Chinese\ZH-Tenor-1\Mixed_Voice_and_Falsetto\走马\Mixed_Voice_Group\0009.wav,Chinese/ZH-Tenor-1/Mixed_Voice_and_Falsetto/走马/Mixed_Voice_Group/0009.wav,Chinese,ZH-Tenor-1,走马,Mixed_Voice_Group,1,0,0,0,0,0,1,clear_mix,100000,positive_mix,
Chinese#ZH-Tenor-1#Mixed_Voice_and_Falsetto#走马#Mixed_Voice_Group#0011,D:\-MindEcho-main\ml_dl_models\gtsinger_multitech\dataset\raw\Chinese\ZH-Tenor-1\Mixed_Voice_and_Falsetto\走马\Mixed_Voice_Group\0011.wav,Chinese/ZH-Tenor-1/Mixed_Voice_and_Falsetto/走马/Mixed_Voice_Group/0011.wav,Chinese,ZH-Tenor-1,走马,Mixed_Voice_Group,1,0,0,0,1,0,1,clear_mix,100010,positive_mix,
Chinese#ZH-Tenor-1#Mixed_Voice_and_Falsetto#走马#Mixed_Voice_Group#0012,D:\-MindEcho-main\ml_dl_models\gtsinger_multitech\dataset\raw\Chinese\ZH-Tenor-1\Mixed_Voice_and_Falsetto\走马\Mixed_Voice_Group\0012.wav,Chinese/ZH-Tenor-1/Mixed_Voice_and_Falsetto/走马/Mixed_Voice_Group/0012.wav,Chinese,ZH-Tenor-1,走马,Mixed_Voice_Group,1,0,0,0,1,0,1,clear_mix,100010,positive_mix,
Chinese#ZH-Tenor-1#Mixed_Voice_and_Falsetto#走马#Mixed_Voice_Group#0013,D:\-MindEcho-main\ml_dl_models\gtsinger_multitech\dataset\raw\Chinese\ZH-Tenor-1\Mixed_Voice_and_Falsetto\走马\Mixed_Voice_Group\0013.wav,Chinese/ZH-Tenor-1/Mixed_Voice_and_Falsetto/走马/Mixed_Voice_Group/0013.wav,Chinese,ZH-Tenor-1,走马,Mixed_Voice_Group,1,0,0,0,0,0,1,clear_mix,100000,positive_mix,
Chinese#ZH-Tenor-1#Mixed_Voice_and_Falsetto#过火#Mixed_Voice_Group#0001,D:\-MindEcho-main\ml_dl_models\gtsinger_multitech\dataset\raw\Chinese\ZH-Tenor-1\Mixed_Voice_and_Falsetto\过火\Mixed_Voice_Group\0001.wav,Chinese/ZH-Tenor-1/Mixed_Voice_and_Falsetto/过火/Mixed_Voice_Group/0001.wav,Chinese,ZH-Tenor-1,过火,Mixed_Voice_Group,1,0,0,0,1,0,1,clear_mix,100010,positive_mix,
Chinese#ZH-Tenor-1#Mixed_Voice_and_Falsetto#过火#Mixed_Voice_Group#0002,D:\-MindEcho-main\ml_dl_models\gtsinger_multitech\dataset\raw\Chinese\ZH-Tenor-1\Mixed_Voice_and_Falsetto\过火\Mixed_Voice_Group\0002.wav,Chinese/ZH-Tenor-1/Mixed_Voice_and_Falsetto/过火/Mixed_Voice_Group/0002.wav,Chinese,ZH-Tenor-1,过火,Mixed_Voice_Group,1,0,0,0,1,0,1,clear_mix,100010,positive_mix,
Chinese#ZH-Tenor-1#Mixed_Voice_and_Falsetto#过火#Mixed_Voice_Group#0003,D:\-MindEcho-main\ml_dl_models\gtsinger_multitech\dataset\raw\Chinese\ZH-Tenor-1\Mixed_Voice_and_Falsetto\过火\Mixed_Voice_Group\0003.wav,Chinese/ZH-Tenor-1/Mixed_Voice_and_Falsetto/过火/Mixed_Voice_Group/0003.wav,Chinese,ZH-Tenor-1,过火,Mixed_Voice_Group,1,0,0,0,1,0,1,clear_mix,100010,positive_mix,
Chinese#ZH-Tenor-1#Mixed_Voice_and_Falsetto#过火#Mixed_Voice_Group#0004,D:\-MindEcho-main\ml_dl_models\gtsinger_multitech\dataset\raw\Chinese\ZH-Tenor-1\Mixed_Voice_and_Falsetto\过火\Mixed_Voice_Group\0004.wav,Chinese/ZH-Tenor-1/Mixed_Voice_and_Falsetto/过火/Mixed_Voice_Group/0004.wav,Chinese,ZH-Tenor-1,过火,Mixed_Voice_Group,1,1,0,0,1,0,1,head_mix,110010,positive_mix,
Chinese#ZH-Tenor-1#Mixed_Voice_and_Falsetto#过火#Mixed_Voice_Group#0005,D:\-MindEcho-main\ml_dl_models\gtsinger_multitech\dataset\raw\Chinese\ZH-Tenor-1\Mixed_Voice_and_Falsetto\过火\Mixed_Voice_Group\0005.wav,Chinese/ZH-Tenor-1/Mixed_Voice_and_Falsetto/过火/Mixed_Voice_Group/0005.wav,Chinese,ZH-Tenor-1,过火,Mixed_Voice_Group,1,0,0,0,1,0,1,clear_mix,100010,positive_mix,
Chinese#ZH-Tenor-1#Mixed_Voice_and_Falsetto#过火#Mixed_Voice_Group#0006,D:\-MindEcho-main\ml_dl_models\gtsinger_multitech\dataset\raw\Chinese\ZH-Tenor-1\Mixed_Voice_and_Falsetto\过火\Mixed_Voice_Group\0006.wav,Chinese/ZH-Tenor-1/Mixed_Voice_and_Falsetto/过火/Mixed_Voice_Group/0006.wav,Chinese,ZH-Tenor-1,过火,Mixed_Voice_Group,1,0,0,0,1,0,1,clear_mix,100010,positive_mix,
Chinese#ZH-Tenor-1#Mixed_Voice_and_Falsetto#过火#Mixed_Voice_Group#0007,D:\-MindEcho-main\ml_dl_models\gtsinger_multitech\dataset\raw\Chinese\ZH-Tenor-1\Mixed_Voice_and_Falsetto\过火\Mixed_Voice_Group\0007.wav,Chinese/ZH-Tenor-1/Mixed_Voice_and_Falsetto/过火/Mixed_Voice_Group/0007.wav,Chinese,ZH-Tenor-1,过火,Mixed_Voice_Group,1,1,0,0,1,0,1,head_mix,110010,positive_mix,
Chinese#ZH-Tenor-1#Mixed_Voice_and_Falsetto#过火#Mixed_Voice_Group#0009,D:\-MindEcho-main\ml_dl_models\gtsinger_multitech\dataset\raw\Chinese\ZH-Tenor-1\Mixed_Voice_and_Falsetto\过火\Mixed_Voice_Group\0009.wav,Chinese/ZH-Tenor-1/Mixed_Voice_and_Falsetto/过火/Mixed_Voice_Group/0009.wav,Chinese,ZH-Tenor-1,过火,Mixed_Voice_Group,1,1,0,0,1,0,1,head_mix,110010,positive_mix,
Chinese#ZH-Tenor-1#Mixed_Voice_and_Falsetto#过火#Mixed_Voice_Group#0010,D:\-MindEcho-main\ml_dl_models\gtsinger_multitech\dataset\raw\Chinese\ZH-Tenor-1\Mixed_Voice_and_Falsetto\过火\Mixed_Voice_Group\0010.wav,Chinese/ZH-Tenor-1/Mixed_Voice_and_Falsetto/过火/Mixed_Voice_Group/0010.wav,Chinese,ZH-Tenor-1,过火,Mixed_Voice_Group,1,0,0,0,0,0,1,clear_mix,100000,positive_mix,
Chinese#ZH-Tenor-1#Mixed_Voice_and_Falsetto#过火#Mixed_Voice_Group#0012,D:\-MindEcho-main\ml_dl_models\gtsinger_multitech\dataset\raw\Chinese\ZH-Tenor-1\Mixed_Voice_and_Falsetto\过火\Mixed_Voice_Group\0012.wav,Chinese/ZH-Tenor-1/Mixed_Voice_and_Falsetto/过火/Mixed_Voice_Group/0012.wav,Chinese,ZH-Tenor-1,过火,Mixed_Voice_Group,1,0,0,0,1,0,1,clear_mix,100010,positive_mix,
Chinese#ZH-Tenor-1#Mixed_Voice_and_Falsetto#过火#Mixed_Voice_Group#0013,D:\-MindEcho-main\ml_dl_models\gtsinger_multitech\dataset\raw\Chinese\ZH-Tenor-1\Mixed_Voice_and_Falsetto\过火\Mixed_Voice_Group\0013.wav,Chinese/ZH-Tenor-1/Mixed_Voice_and_Falsetto/过火/Mixed_Voice_Group/0013.wav,Chinese,ZH-Tenor-1,过火,Mixed_Voice_Group,1,0,0,0,1,0,1,clear_mix,100010,positive_mix,
Chinese#ZH-Tenor-1#Mixed_Voice_and_Falsetto#过火#Mixed_Voice_Group#0016,D:\-MindEcho-main\ml_dl_models\gtsinger_multitech\dataset\raw\Chinese\ZH-Tenor-1\Mixed_Voice_and_Falsetto\过火\Mixed_Voice_Group\0016.wav,Chinese/ZH-Tenor-1/Mixed_Voice_and_Falsetto/过火/Mixed_Voice_Group/0016.wav,Chinese,ZH-Tenor-1,过火,Mixed_Voice_Group,1,0,0,0,1,0,1,clear_mix,100010,positive_mix,
Chinese#ZH-Tenor-1#Mixed_Voice_and_Falsetto#过火#Mixed_Voice_Group#0017,D:\-MindEcho-main\ml_dl_models\gtsinger_multitech\dataset\raw\Chinese\ZH-Tenor-1\Mixed_Voice_and_Falsetto\过火\Mixed_Voice_Group\0017.wav,Chinese/ZH-Tenor-1/Mixed_Voice_and_Falsetto/过火/Mixed_Voice_Group/0017.wav,Chinese,ZH-Tenor-1,过火,Mixed_Voice_Group,1,0,0,0,1,0,1,clear_mix,100010,positive_mix,
Chinese#ZH-Tenor-1#Mixed_Voice_and_Falsetto#过火#Mixed_Voice_Group#0018,D:\-MindEcho-main\ml_dl_models\gtsinger_multitech\dataset\raw\Chinese\ZH-Tenor-1\Mixed_Voice_and_Falsetto\过火\Mixed_Voice_Group\0018.wav,Chinese/ZH-Tenor-1/Mixed_Voice_and_Falsetto/过火/Mixed_Voice_Group/0018.wav,Chinese,ZH-Tenor-1,过火,Mixed_Voice_Group,1,1,0,0,1,0,1,head_mix,110010,positive_mix,
Chinese#ZH-Tenor-1#Mixed_Voice_and_Falsetto#过火#Mixed_Voice_Group#0019,D:\-MindEcho-main\ml_dl_models\gtsinger_multitech\dataset\raw\Chinese\ZH-Tenor-1\Mixed_Voice_and_Falsetto\过火\Mixed_Voice_Group\0019.wav,Chinese/ZH-Tenor-1/Mixed_Voice_and_Falsetto/过火/Mixed_Voice_Group/0019.wav,Chinese,ZH-Tenor-1,过火,Mixed_Voice_Group,1,0,0,0,1,0,1,clear_mix,100010,positive_mix,
Chinese#ZH-Tenor-1#Mixed_Voice_and_Falsetto#过火#Mixed_Voice_Group#0021,D:\-MindEcho-main\ml_dl_models\gtsinger_multitech\dataset\raw\Chinese\ZH-Tenor-1\Mixed_Voice_and_Falsetto\过火\Mixed_Voice_Group\0021.wav,Chinese/ZH-Tenor-1/Mixed_Voice_and_Falsetto/过火/Mixed_Voice_Group/0021.wav,Chinese,ZH-Tenor-1,过火,Mixed_Voice_Group,1,0,0,0,1,0,1,clear_mix,100010,positive_mix,
Chinese#ZH-Tenor-1#Mixed_Voice_and_Falsetto#过火#Mixed_Voice_Group#0022,D:\-MindEcho-main\ml_dl_models\gtsinger_multitech\dataset\raw\Chinese\ZH-Tenor-1\Mixed_Voice_and_Falsetto\过火\Mixed_Voice_Group\0022.wav,Chinese/ZH-Tenor-1/Mixed_Voice_and_Falsetto/过火/Mixed_Voice_Group/0022.wav,Chinese,ZH-Tenor-1,过火,Mixed_Voice_Group,1,1,0,0,1,0,1,head_mix,110010,positive_mix,
Chinese#ZH-Tenor-1#Mixed_Voice_and_Falsetto#过火#Mixed_Voice_Group#0023,D:\-MindEcho-main\ml_dl_models\gtsinger_multitech\dataset\raw\Chinese\ZH-Tenor-1\Mixed_Voice_and_Falsetto\过火\Mixed_Voice_Group\0023.wav,Chinese/ZH-Tenor-1/Mixed_Voice_and_Falsetto/过火/Mixed_Voice_Group/0023.wav,Chinese,ZH-Tenor-1,过火,Mixed_Voice_Group,1,0,0,0,1,0,1,clear_mix,100010,positive_mix,
Chinese#ZH-Tenor-1#Mixed_Voice_and_Falsetto#雪落下的声音#Mixed_Voice_Group#0001,D:\-MindEcho-main\ml_dl_models\gtsinger_multitech\dataset\raw\Chinese\ZH-Tenor-1\Mixed_Voice_and_Falsetto\雪落下的声音\Mixed_Voice_Group\0001.wav,Chinese/ZH-Tenor-1/Mixed_Voice_and_Falsetto/雪落下的声音/Mixed_Voice_Group/0001.wav,Chinese,ZH-Tenor-1,雪落下的声音,Mixed_Voice_Group,1,0,0,0,1,0,1,clear_mix,100010,positive_mix,
Chinese#ZH-Tenor-1#Mixed_Voice_and_Falsetto#雪落下的声音#Mixed_Voice_Group#0002,D:\-MindEcho-main\ml_dl_models\gtsinger_multitech\dataset\raw\Chinese\ZH-Tenor-1\Mixed_Voice_and_Falsetto\雪落下的声音\Mixed_Voice_Group\0002.wav,Chinese/ZH-Tenor-1/Mixed_Voice_and_Falsetto/雪落下的声音/Mixed_Voice_Group/0002.wav,Chinese,ZH-Tenor-1,雪落下的声音,Mixed_Voice_Group,1,0,0,0,1,0,1,clear_mix,100010,positive_mix,
Chinese#ZH-Tenor-1#Mixed_Voice_and_Falsetto#雪落下的声音#Mixed_Voice_Group#0003,D:\-MindEcho-main\ml_dl_models\gtsinger_multitech\dataset\raw\Chinese\ZH-Tenor-1\Mixed_Voice_and_Falsetto\雪落下的声音\Mixed_Voice_Group\0003.wav,Chinese/ZH-Tenor-1/Mixed_Voice_and_Falsetto/雪落下的声音/Mixed_Voice_Group/0003.wav,Chinese,ZH-Tenor-1,雪落下的声音,Mixed_Voice_Group,1,0,0,0,1,0,1,clear_mix,100010,positive_mix,
Chinese#ZH-Tenor-1#Mixed_Voice_and_Falsetto#雪落下的声音#Mixed_Voice_Group#0004,D:\-MindEcho-main\ml_dl_models\gtsinger_multitech\dataset\raw\Chinese\ZH-Tenor-1\Mixed_Voice_and_Falsetto\雪落下的声音\Mixed_Voice_Group\0004.wav,Chinese/ZH-Tenor-1/Mixed_Voice_and_Falsetto/雪落下的声音/Mixed_Voice_Group/0004.wav,Chinese,ZH-Tenor-1,雪落下的声音,Mixed_Voice_Group,1,0,0,0,1,0,1,clear_mix,100010,positive_mix,
Chinese#ZH-Tenor-1#Mixed_Voice_and_Falsetto#雪落下的声音#Mixed_Voice_Group#0006,D:\-MindEcho-main\ml_dl_models\gtsinger_multitech\dataset\raw\Chinese\ZH-Tenor-1\Mixed_Voice_and_Falsetto\雪落下的声音\Mixed_Voice_Group\0006.wav,Chinese/ZH-Tenor-1/Mixed_Voice_and_Falsetto/雪落下的声音/Mixed_Voice_Group/0006.wav,Chinese,ZH-Tenor-1,雪落下的声音,Mixed_Voice_Group,1,0,0,0,1,0,1,clear_mix,100010,positive_mix,
Chinese#ZH-Tenor-1#Mixed_Voice_and_Falsetto#雪落下的声音#Mixed_Voice_Group#0007,D:\-MindEcho-main\ml_dl_models\gtsinger_multitech\dataset\raw\Chinese\ZH-Tenor-1\Mixed_Voice_and_Falsetto\雪落下的声音\Mixed_Voice_Group\0007.wav,Chinese/ZH-Tenor-1/Mixed_Voice_and_Falsetto/雪落下的声音/Mixed_Voice_Group/0007.wav,Chinese,ZH-Tenor-1,雪落下的声音,Mixed_Voice_Group,1,0,0,0,1,0,1,clear_mix,100010,positive_mix,
Chinese#ZH-Tenor-1#Mixed_Voice_and_Falsetto#雪落下的声音#Mixed_Voice_Group#0008,D:\-MindEcho-main\ml_dl_models\gtsinger_multitech\dataset\raw\Chinese\ZH-Tenor-1\Mixed_Voice_and_Falsetto\雪落下的声音\Mixed_Voice_Group\0008.wav,Chinese/ZH-Tenor-1/Mixed_Voice_and_Falsetto/雪落下的声音/Mixed_Voice_Group/0008.wav,Chinese,ZH-Tenor-1,雪落下的声音,Mixed_Voice_Group,1,0,0,0,1,0,1,clear_mix,100010,positive_mix,
Chinese#ZH-Tenor-1#Mixed_Voice_and_Falsetto#青花瓷#Mixed_Voice_Group#0001,D:\-MindEcho-main\ml_dl_models\gtsinger_multitech\dataset\raw\Chinese\ZH-Tenor-1\Mixed_Voice_and_Falsetto\青花瓷\Mixed_Voice_Group\0001.wav,Chinese/ZH-Tenor-1/Mixed_Voice_and_Falsetto/青花瓷/Mixed_Voice_Group/0001.wav,Chinese,ZH-Tenor-1,青花瓷,Mixed_Voice_Group,1,0,0,0,1,0,1,clear_mix,100010,positive_mix,
Chinese#ZH-Tenor-1#Mixed_Voice_and_Falsetto#青花瓷#Mixed_Voice_Group#0002,D:\-MindEcho-main\ml_dl_models\gtsinger_multitech\dataset\raw\Chinese\ZH-Tenor-1\Mixed_Voice_and_Falsetto\青花瓷\Mixed_Voice_Group\0002.wav,Chinese/ZH-Tenor-1/Mixed_Voice_and_Falsetto/青花瓷/Mixed_Voice_Group/0002.wav,Chinese,ZH-Tenor-1,青花瓷,Mixed_Voice_Group,1,0,0,0,1,0,1,clear_mix,100010,positive_mix,
Chinese#ZH-Tenor-1#Mixed_Voice_and_Falsetto#青花瓷#Mixed_Voice_Group#0003,D:\-MindEcho-main\ml_dl_models\gtsinger_multitech\dataset\raw\Chinese\ZH-Tenor-1\Mixed_Voice_and_Falsetto\青花瓷\Mixed_Voice_Group\0003.wav,Chinese/ZH-Tenor-1/Mixed_Voice_and_Falsetto/青花瓷/Mixed_Voice_Group/0003.wav,Chinese,ZH-Tenor-1,青花瓷,Mixed_Voice_Group,1,0,0,0,1,0,1,clear_mix,100010,positive_mix,
Chinese#ZH-Tenor-1#Mixed_Voice_and_Falsetto#青花瓷#Mixed_Voice_Group#0004,D:\-MindEcho-main\ml_dl_models\gtsinger_multitech\dataset\raw\Chinese\ZH-Tenor-1\Mixed_Voice_and_Falsetto\青花瓷\Mixed_Voice_Group\0004.wav,Chinese/ZH-Tenor-1/Mixed_Voice_and_Falsetto/青花瓷/Mixed_Voice_Group/0004.wav,Chinese,ZH-Tenor-1,青花瓷,Mixed_Voice_Group,1,0,0,0,0,0,1,clear_mix,100000,positive_mix,
Chinese#ZH-Tenor-1#Mixed_Voice_and_Falsetto#青花瓷#Mixed_Voice_Group#0007,D:\-MindEcho-main\ml_dl_models\gtsinger_multitech\dataset\raw\Chinese\ZH-Tenor-1\Mixed_Voice_and_Falsetto\青花瓷\Mixed_Voice_Group\0007.wav,Chinese/ZH-Tenor-1/Mixed_Voice_and_Falsetto/青花瓷/Mixed_Voice_Group/0007.wav,Chinese,ZH-Tenor-1,青花瓷,Mixed_Voice_Group,1,0,0,0,1,0,1,clear_mix,100010,positive_mix,
Chinese#ZH-Tenor-1#Mixed_Voice_and_Falsetto#青花瓷#Mixed_Voice_Group#0008,D:\-MindEcho-main\ml_dl_models\gtsinger_multitech\dataset\raw\Chinese\ZH-Tenor-1\Mixed_Voice_and_Falsetto\青花瓷\Mixed_Voice_Group\0008.wav,Chinese/ZH-Tenor-1/Mixed_Voice_and_Falsetto/青花瓷/Mixed_Voice_Group/0008.wav,Chinese,ZH-Tenor-1,青花瓷,Mixed_Voice_Group,1,0,0,0,0,0,1,clear_mix,100000,positive_mix,
Chinese#ZH-Tenor-1#Mixed_Voice_and_Falsetto#青花瓷#Mixed_Voice_Group#0012,D:\-MindEcho-main\ml_dl_models\gtsinger_multitech\dataset\raw\Chinese\ZH-Tenor-1\Mixed_Voice_and_Falsetto\青花瓷\Mixed_Voice_Group\0012.wav,Chinese/ZH-Tenor-1/Mixed_Voice_and_Falsetto/青花瓷/Mixed_Voice_Group/0012.wav,Chinese,ZH-Tenor-1,青花瓷,Mixed_Voice_Group,1,0,0,0,0,0,1,clear_mix,100000,positive_mix,
Chinese#ZH-Tenor-1#Mixed_Voice_and_Falsetto#青花瓷#Mixed_Voice_Group#0013,D:\-MindEcho-main\ml_dl_models\gtsinger_multitech\dataset\raw\Chinese\ZH-Tenor-1\Mixed_Voice_and_Falsetto\青花瓷\Mixed_Voice_Group\0013.wav,Chinese/ZH-Tenor-1/Mixed_Voice_and_Falsetto/青花瓷/Mixed_Voice_Group/0013.wav,Chinese,ZH-Tenor-1,青花瓷,Mixed_Voice_Group,1,0,0,0,0,0,1,clear_mix,100000,positive_mix,
Chinese#ZH-Tenor-1#Mixed_Voice_and_Falsetto#青花瓷#Mixed_Voice_Group#0015,D:\-MindEcho-main\ml_dl_models\gtsinger_multitech\dataset\raw\Chinese\ZH-Tenor-1\Mixed_Voice_and_Falsetto\青花瓷\Mixed_Voice_Group\0015.wav,Chinese/ZH-Tenor-1/Mixed_Voice_and_Falsetto/青花瓷/Mixed_Voice_Group/0015.wav,Chinese,ZH-Tenor-1,青花瓷,Mixed_Voice_Group,1,0,0,0,0,0,1,clear_mix,100000,positive_mix,
Chinese#ZH-Tenor-1#Mixed_Voice_and_Falsetto#青花瓷#Mixed_Voice_Group#0016,D:\-MindEcho-main\ml_dl_models\gtsinger_multitech\dataset\raw\Chinese\ZH-Tenor-1\Mixed_Voice_and_Falsetto\青花瓷\Mixed_Voice_Group\0016.wav,Chinese/ZH-Tenor-1/Mixed_Voice_and_Falsetto/青花瓷/Mixed_Voice_Group/0016.wav,Chinese,ZH-Tenor-1,青花瓷,Mixed_Voice_Group,1,0,0,0,1,0,1,clear_mix,100010,positive_mix,
Chinese#ZH-Tenor-1#Mixed_Voice_and_Falsetto#青花瓷#Mixed_Voice_Group#0017,D:\-MindEcho-main\ml_dl_models\gtsinger_multitech\dataset\raw\Chinese\ZH-Tenor-1\Mixed_Voice_and_Falsetto\青花瓷\Mixed_Voice_Group\0017.wav,Chinese/ZH-Tenor-1/Mixed_Voice_and_Falsetto/青花瓷/Mixed_Voice_Group/0017.wav,Chinese,ZH-Tenor-1,青花瓷,Mixed_Voice_Group,1,0,0,0,0,0,1,clear_mix,100000,positive_mix,
Chinese#ZH-Tenor-1#Mixed_Voice_and_Falsetto#青花瓷#Mixed_Voice_Group#0018,D:\-MindEcho-main\ml_dl_models\gtsinger_multitech\dataset\raw\Chinese\ZH-Tenor-1\Mixed_Voice_and_Falsetto\青花瓷\Mixed_Voice_Group\0018.wav,Chinese/ZH-Tenor-1/Mixed_Voice_and_Falsetto/青花瓷/Mixed_Voice_Group/0018.wav,Chinese,ZH-Tenor-1,青花瓷,Mixed_Voice_Group,1,0,0,0,0,0,1,clear_mix,100000,positive_mix,
Chinese#ZH-Tenor-1#Mixed_Voice_and_Falsetto#青花瓷#Mixed_Voice_Group#0021,D:\-MindEcho-main\ml_dl_models\gtsinger_multitech\dataset\raw\Chinese\ZH-Tenor-1\Mixed_Voice_and_Falsetto\青花瓷\Mixed_Voice_Group\0021.wav,Chinese/ZH-Tenor-1/Mixed_Voice_and_Falsetto/青花瓷/Mixed_Voice_Group/0021.wav,Chinese,ZH-Tenor-1,青花瓷,Mixed_Voice_Group,1,0,0,0,1,0,1,clear_mix,100010,positive_mix,
Chinese#ZH-Tenor-1#Pharyngeal#亲爱的那不是爱情#Pharyngeal_Group#0000,D:\-MindEcho-main\ml_dl_models\gtsinger_multitech\dataset\raw\Chinese\ZH-Tenor-1\Pharyngeal\亲爱的那不是爱情\Pharyngeal_Group\0000.wav,Chinese/ZH-Tenor-1/Pharyngeal/亲爱的那不是爱情/Pharyngeal_Group/0000.wav,Chinese,ZH-Tenor-1,亲爱的那不是爱情,Pharyngeal_Group,1,0,0,0,1,1,1,clear_mix,100011,positive_mix,
Chinese#ZH-Tenor-1#Pharyngeal#亲爱的那不是爱情#Pharyngeal_Group#0001,D:\-MindEcho-main\ml_dl_models\gtsinger_multitech\dataset\raw\Chinese\ZH-Tenor-1\Pharyngeal\亲爱的那不是爱情\Pharyngeal_Group\0001.wav,Chinese/ZH-Tenor-1/Pharyngeal/亲爱的那不是爱情/Pharyngeal_Group/0001.wav,Chinese,ZH-Tenor-1,亲爱的那不是爱情,Pharyngeal_Group,1,1,0,0,1,1,1,head_mix,110011,positive_mix,
Chinese#ZH-Tenor-1#Pharyngeal#亲爱的那不是爱情#Pharyngeal_Group#0002,D:\-MindEcho-main\ml_dl_models\gtsinger_multitech\dataset\raw\Chinese\ZH-Tenor-1\Pharyngeal\亲爱的那不是爱情\Pharyngeal_Group\0002.wav,Chinese/ZH-Tenor-1/Pharyngeal/亲爱的那不是爱情/Pharyngeal_Group/0002.wav,Chinese,ZH-Tenor-1,亲爱的那不是爱情,Pharyngeal_Group,1,0,0,0,1,1,1,clear_mix,100011,positive_mix,
Chinese#ZH-Tenor-1#Pharyngeal#亲爱的那不是爱情#Pharyngeal_Group#0003,D:\-MindEcho-main\ml_dl_models\gtsinger_multitech\dataset\raw\Chinese\ZH-Tenor-1\Pharyngeal\亲爱的那不是爱情\Pharyngeal_Group\0003.wav,Chinese/ZH-Tenor-1/Pharyngeal/亲爱的那不是爱情/Pharyngeal_Group/0003.wav,Chinese,ZH-Tenor-1,亲爱的那不是爱情,Pharyngeal_Group,1,1,0,0,1,1,1,head_mix,110011,positive_mix,
Chinese#ZH-Tenor-1#Vibrato#失落沙洲#Vibrato_Group#0005,D:\-MindEcho-main\ml_dl_models\gtsinger_multitech\dataset\raw\Chinese\ZH-Tenor-1\Vibrato\失落沙洲\Vibrato_Group\0005.wav,Chinese/ZH-Tenor-1/Vibrato/失落沙洲/Vibrato_Group/0005.wav,Chinese,ZH-Tenor-1,失落沙洲,Vibrato_Group,1,0,0,1,1,0,1,clear_mix,100110,positive_mix,
Chinese#ZH-Tenor-1#Vibrato#失落沙洲#Vibrato_Group#0006,D:\-MindEcho-main\ml_dl_models\gtsinger_multitech\dataset\raw\Chinese\ZH-Tenor-1\Vibrato\失落沙洲\Vibrato_Group\0006.wav,Chinese/ZH-Tenor-1/Vibrato/失落沙洲/Vibrato_Group/0006.wav,Chinese,ZH-Tenor-1,失落沙洲,Vibrato_Group,1,0,0,1,1,0,1,clear_mix,100110,positive_mix,
Chinese#ZH-Tenor-1#Vibrato#失落沙洲#Vibrato_Group#0008,D:\-MindEcho-main\ml_dl_models\gtsinger_multitech\dataset\raw\Chinese\ZH-Tenor-1\Vibrato\失落沙洲\Vibrato_Group\0008.wav,Chinese/ZH-Tenor-1/Vibrato/失落沙洲/Vibrato_Group/0008.wav,Chinese,ZH-Tenor-1,失落沙洲,Vibrato_Group,1,0,0,1,1,0,1,clear_mix,100110,positive_mix,
