item_name,singer,song_name,group_name,binary_role,mix_variant,mix_prob,threshold_gap
English#EN-Tenor-1#Vibrato#Rolling in the Deep#Vibrato_Group#0006,EN-Tenor-1,Rolling in the Deep,Vibrato_Group,positive_mix,clear_mix,0.424742,0.000258
English#EN-Alto-2#Vibrato#My Heart Will Go On#Vibrato_Group#0008,EN-Alto-2,My Heart Will Go On,Vibrato_Group,positive_mix,clear_mix,0.422815,0.002185
English#EN-Alto-2#Vibrato#You Raise Me Up#Vibrato_Group#0005,EN-Alto-2,You Raise Me Up,Vibrato_Group,positive_mix,clear_mix,0.42244,0.00256
English#EN-Alto-1#Vibrato#my heart will go on#Vibrato_Group#0007,EN-Alto-1,my heart will go on,Vibrato_Group,positive_mix,clear_mix,0.422429,0.002571
English#EN-Alto-1#Mixed_Voice_and_Falsetto#let it go#Mixed_Voice_Group#0010,EN-Alto-1,let it go,Mixed_Voice_Group,positive_mix,clear_mix,0.421898,0.003102
English#EN-Alto-1#Breathy#all is found#Control_Group#0012,EN-Alto-1,all is found,Control_Group,positive_mix,clear_mix,0.421646,0.003354
English#EN-Tenor-1#Glissando#Shallow#Glissando_Group#0005,EN-Tenor-1,Shallow,Glissando_Group,positive_mix,clear_mix,0.421425,0.003575
English#EN-Alto-1#Glissando#make it shine#Control_Group#0012,EN-Alto-1,make it shine,Control_Group,positive_mix,clear_mix,0.420845,0.004155
English#EN-Alto-2#Breathy#Someone You Loved#Control_Group#0001,EN-Alto-2,Someone You Loved,Control_Group,positive_mix,clear_mix,0.420824,0.004176
English#EN-Alto-2#Glissando#Someone You Loved#Control_Group#0001,EN-Alto-2,Someone You Loved,Control_Group,positive_mix,clear_mix,0.420824,0.004176
English#EN-Alto-2#Mixed_Voice_and_Falsetto#Someone You Loved#Mixed_Voice_Group#0001,EN-Alto-2,Someone You Loved,Mixed_Voice_Group,positive_mix,clear_mix,0.420824,0.004176
English#EN-Alto-2#Pharyngeal#Someone You Loved#Control_Group#0001,EN-Alto-2,Someone You Loved,Control_Group,positive_mix,clear_mix,0.420824,0.004176
English#EN-Alto-2#Vibrato#Someone You Loved#Control_Group#0001,EN-Alto-2,Someone You Loved,Control_Group,positive_mix,clear_mix,0.420824,0.004176
English#EN-Tenor-1#Breathy#Shallow#Control_Group#0002,EN-Tenor-1,Shallow,Control_Group,positive_mix,clear_mix,0.419958,0.005042
English#EN-Tenor-1#Glissando#Shallow#Control_Group#0002,EN-Tenor-1,Shallow,Control_Group,positive_mix,clear_mix,0.419958,0.005042
English#EN-Tenor-1#Pharyngeal#Shallow#Control_Group#0002,EN-Tenor-1,Shallow,Control_Group,positive_mix,clear_mix,0.419958,0.005042
English#EN-Alto-2#Breathy#Fly Me to the Moon#Control_Group#0000,EN-Alto-2,Fly Me to the Moon,Control_Group,positive_mix,clear_mix,0.419229,0.005771
English#EN-Alto-2#Glissando#Fly Me to the Moon#Control_Group#0000,EN-Alto-2,Fly Me to the Moon,Control_Group,positive_mix,clear_mix,0.419229,0.005771
English#EN-Alto-2#Mixed_Voice_and_Falsetto#Fly Me to the Moon#Mixed_Voice_Group#0000,EN-Alto-2,Fly Me to the Moon,Mixed_Voice_Group,positive_mix,clear_mix,0.419229,0.005771
English#EN-Alto-2#Pharyngeal#Fly Me to the Moon#Control_Group#0000,EN-Alto-2,Fly Me to the Moon,Control_Group,positive_mix,clear_mix,0.419229,0.005771
English#EN-Alto-2#Vibrato#Fly Me to the Moon#Control_Group#0000,EN-Alto-2,Fly Me to the Moon,Control_Group,positive_mix,clear_mix,0.419229,0.005771
English#EN-Alto-2#Mixed_Voice_and_Falsetto#All of Me#Mixed_Voice_Group#0004,EN-Alto-2,All of Me,Mixed_Voice_Group,positive_mix,clear_mix,0.418983,0.006017
English#EN-Alto-2#Glissando#Yesterday Once More#Glissando_Group#0001,EN-Alto-2,Yesterday Once More,Glissando_Group,positive_mix,clear_mix,0.418706,0.006294
English#EN-Alto-1#Mixed_Voice_and_Falsetto#how does a moment last forever#Mixed_Voice_Group#0004,EN-Alto-1,how does a moment last forever,Mixed_Voice_Group,positive_mix,clear_mix,0.418404,0.006596
English#EN-Alto-1#Glissando#trouble is a friend#Glissando_Group#0004,EN-Alto-1,trouble is a friend,Glissando_Group,positive_mix,clear_mix,0.418267,0.006733
English#EN-Alto-1#Mixed_Voice_and_Falsetto#how does a moment last forever#Mixed_Voice_Group#0007,EN-Alto-1,how does a moment last forever,Mixed_Voice_Group,positive_mix,clear_mix,0.417896,0.007104
English#EN-Alto-2#Glissando#All of Me#Glissando_Group#0007,EN-Alto-2,All of Me,Glissando_Group,positive_mix,clear_mix,0.417674,0.007326
English#EN-Tenor-1#Vibrato#I Knew You Were Trouble#Vibrato_Group#0001,EN-Tenor-1,I Knew You Were Trouble,Vibrato_Group,positive_mix,clear_mix,0.41731,0.00769
English#EN-Tenor-1#Glissando#Stay#Control_Group#0008,EN-Tenor-1,Stay,Control_Group,positive_mix,clear_mix,0.416679,0.008321
English#EN-Tenor-1#Breathy#What Was I Made For？#Control_Group#0002,EN-Tenor-1,What Was I Made For？,Control_Group,positive_mix,clear_mix,0.41636,0.00864
English#EN-Alto-1#Mixed_Voice_and_Falsetto#my love#Mixed_Voice_Group#0007,EN-Alto-1,my love,Mixed_Voice_Group,positive_mix,clear_mix,0.41602,0.00898
English#EN-Tenor-1#Glissando#Stay#Control_Group#0011,EN-Tenor-1,Stay,Control_Group,positive_mix,clear_mix,0.415236,0.009764
English#EN-Alto-1#Pharyngeal#clouds#Control_Group#0004,EN-Alto-1,clouds,Control_Group,positive_mix,clear_mix,0.414704,0.010296
English#EN-Tenor-1#Glissando#Enchanted#Glissando_Group#0000,EN-Tenor-1,Enchanted,Glissando_Group,positive_mix,clear_mix,0.414522,0.010478
English#EN-Alto-1#Vibrato#if you love me for me#Control_Group#0012,EN-Alto-1,if you love me for me,Control_Group,positive_mix,clear_mix,0.414344,0.010656
English#EN-Tenor-1#Vibrato#What Was I Made For？#Vibrato_Group#0001,EN-Tenor-1,What Was I Made For？,Vibrato_Group,positive_mix,clear_mix,0.413702,0.011298
English#EN-Alto-1#Glissando#trouble is a friend#Control_Group#0012,EN-Alto-1,trouble is a friend,Control_Group,positive_mix,clear_mix,0.413337,0.011663
English#EN-Tenor-1#Pharyngeal#What Was I Made For？#Control_Group#0003,EN-Tenor-1,What Was I Made For？,Control_Group,positive_mix,clear_mix,0.413109,0.011891
English#EN-Tenor-1#Vibrato#I Knew You Were Trouble#Vibrato_Group#0005,EN-Tenor-1,I Knew You Were Trouble,Vibrato_Group,positive_mix,clear_mix,0.412036,0.012964
English#EN-Tenor-1#Vibrato#What Was I Made For？#Control_Group#0002,EN-Tenor-1,What Was I Made For？,Control_Group,positive_mix,clear_mix,0.411027,0.013973
English#EN-Alto-1#Mixed_Voice_and_Falsetto#make it shine#Mixed_Voice_Group#0011,EN-Alto-1,make it shine,Mixed_Voice_Group,positive_mix,clear_mix,0.410328,0.014672
English#EN-Alto-2#Mixed_Voice_and_Falsetto#Try#Mixed_Voice_Group#0001,EN-Alto-2,Try,Mixed_Voice_Group,positive_mix,clear_mix,0.409946,0.015054
English#EN-Alto-1#Glissando#for the first time in forever#Glissando_Group#0010,EN-Alto-1,for the first time in forever,Glissando_Group,positive_mix,clear_mix,0.409938,0.015062
English#EN-Tenor-1#Mixed_Voice_and_Falsetto#Sparks Fly#Mixed_Voice_Group#0000,EN-Tenor-1,Sparks Fly,Mixed_Voice_Group,positive_mix,clear_mix,0.409415,0.015585
English#EN-Tenor-1#Mixed_Voice_and_Falsetto#Shallow#Mixed_Voice_Group#0007,EN-Tenor-1,Shallow,Mixed_Voice_Group,positive_mix,clear_mix,0.409352,0.015648
English#EN-Alto-2#Vibrato#Love Story#Vibrato_Group#0001,EN-Alto-2,Love Story,Vibrato_Group,positive_mix,clear_mix,0.409293,0.015707
English#EN-Tenor-1#Glissando#What Was I Made For？#Glissando_Group#0002,EN-Tenor-1,What Was I Made For？,Glissando_Group,positive_mix,clear_mix,0.409162,0.015838
English#EN-Alto-2#Glissando#What Are Words#Glissando_Group#0000,EN-Alto-2,What Are Words,Glissando_Group,positive_mix,clear_mix,0.408948,0.016052
English#EN-Alto-2#Vibrato#My Love#Vibrato_Group#0003,EN-Alto-2,My Love,Vibrato_Group,positive_mix,clear_mix,0.408286,0.016714
English#EN-Tenor-1#Mixed_Voice_and_Falsetto#Take a Bow#Mixed_Voice_Group#0003,EN-Tenor-1,Take a Bow,Mixed_Voice_Group,positive_mix,clear_mix,0.408247,0.016753
English#EN-Tenor-1#Breathy#Rolling in the Deep#Control_Group#0005,EN-Tenor-1,Rolling in the Deep,Control_Group,positive_mix,clear_mix,0.407312,0.017688
English#EN-Tenor-1#Pharyngeal#Rolling in the Deep#Control_Group#0005,EN-Tenor-1,Rolling in the Deep,Control_Group,positive_mix,clear_mix,0.407312,0.017688
English#EN-Tenor-1#Vibrato#Rolling in the Deep#Control_Group#0005,EN-Tenor-1,Rolling in the Deep,Control_Group,positive_mix,clear_mix,0.407312,0.017688
English#EN-Alto-1#Glissando#tell me that you love me#Glissando_Group#0013,EN-Alto-1,tell me that you love me,Glissando_Group,positive_mix,clear_mix,0.407206,0.017794
English#EN-Alto-1#Glissando#god is a girl#Glissando_Group#0001,EN-Alto-1,god is a girl,Glissando_Group,positive_mix,clear_mix,0.40655,0.01845
English#EN-Alto-1#Mixed_Voice_and_Falsetto#let it go#Mixed_Voice_Group#0016,EN-Alto-1,let it go,Mixed_Voice_Group,positive_mix,clear_mix,0.405997,0.019003
English#EN-Alto-1#Vibrato#edelweiss#Vibrato_Group#0004,EN-Alto-1,edelweiss,Vibrato_Group,positive_mix,clear_mix,0.405993,0.019007
English#EN-Alto-1#Vibrato#if you love me for me#Vibrato_Group#0000,EN-Alto-1,if you love me for me,Vibrato_Group,positive_mix,clear_mix,0.405507,0.019493
English#EN-Alto-2#Vibrato#You Raise Me Up#Vibrato_Group#0000,EN-Alto-2,You Raise Me Up,Vibrato_Group,positive_mix,clear_mix,0.40476,0.02024
English#EN-Alto-1#Mixed_Voice_and_Falsetto#Arriety's song#Mixed_Voice_Group#0008,EN-Alto-1,Arriety's song,Mixed_Voice_Group,positive_mix,clear_mix,0.404629,0.020371
English#EN-Tenor-1#Glissando#Long Live#Glissando_Group#0011,EN-Tenor-1,Long Live,Glissando_Group,positive_mix,clear_mix,0.404474,0.020526
English#EN-Alto-1#Glissando#my love#Glissando_Group#0001,EN-Alto-1,my love,Glissando_Group,positive_mix,clear_mix,0.404361,0.020639
English#EN-Alto-2#Vibrato#Someone Like You#Control_Group#0003,EN-Alto-2,Someone Like You,Control_Group,positive_mix,clear_mix,0.404309,0.020691
English#EN-Alto-1#Breathy#god is a girl#Control_Group#0002,EN-Alto-1,god is a girl,Control_Group,positive_mix,clear_mix,0.403242,0.021758
English#EN-Alto-1#Mixed_Voice_and_Falsetto#big big world#Mixed_Voice_Group#0001,EN-Alto-1,big big world,Mixed_Voice_Group,positive_mix,clear_mix,0.403227,0.021773
English#EN-Tenor-1#Glissando#Stay#Glissando_Group#0005,EN-Tenor-1,Stay,Glissando_Group,positive_mix,clear_mix,0.40292,0.02208
English#EN-Alto-1#Vibrato#my heart will go on#Control_Group#0002,EN-Alto-1,my heart will go on,Control_Group,positive_mix,clear_mix,0.40272,0.02228
English#EN-Alto-1#Pharyngeal#tell me that you love me#Control_Group#0002,EN-Alto-1,tell me that you love me,Control_Group,positive_mix,clear_mix,0.402712,0.022288
English#EN-Tenor-1#Vibrato#Stay#Vibrato_Group#0006,EN-Tenor-1,Stay,Vibrato_Group,positive_mix,clear_mix,0.402444,0.022556
English#EN-Tenor-1#Vibrato#You Belong With Me#Control_Group#0012,EN-Tenor-1,You Belong With Me,Control_Group,positive_mix,clear_mix,0.402134,0.022866
English#EN-Tenor-1#Pharyngeal#You Belong With Me#Control_Group#0012,EN-Tenor-1,You Belong With Me,Control_Group,positive_mix,clear_mix,0.401838,0.023162
English#EN-Tenor-1#Breathy#Shallow#Control_Group#0003,EN-Tenor-1,Shallow,Control_Group,positive_mix,clear_mix,0.40151,0.02349
English#EN-Tenor-1#Glissando#Shallow#Control_Group#0003,EN-Tenor-1,Shallow,Control_Group,positive_mix,clear_mix,0.40151,0.02349
English#EN-Tenor-1#Pharyngeal#Shallow#Control_Group#0003,EN-Tenor-1,Shallow,Control_Group,positive_mix,clear_mix,0.40151,0.02349
English#EN-Tenor-1#Vibrato#Shallow#Control_Group#0003,EN-Tenor-1,Shallow,Control_Group,positive_mix,clear_mix,0.40151,0.02349
English#EN-Tenor-1#Vibrato#Enchanted#Vibrato_Group#0008,EN-Tenor-1,Enchanted,Vibrato_Group,positive_mix,clear_mix,0.400743,0.024257
English#EN-Tenor-1#Vibrato#Rolling in the Deep#Vibrato_Group#0001,EN-Tenor-1,Rolling in the Deep,Vibrato_Group,positive_mix,clear_mix,0.400234,0.024766
English#EN-Alto-1#Breathy#safe and sound#Control_Group#0013,EN-Alto-1,safe and sound,Control_Group,positive_mix,clear_mix,0.399251,0.025749
English#EN-Tenor-1#Mixed_Voice_and_Falsetto#Shallow#Mixed_Voice_Group#0003,EN-Tenor-1,Shallow,Mixed_Voice_Group,positive_mix,clear_mix,0.399172,0.025828
English#EN-Tenor-1#Vibrato#Million Reasons#Control_Group#0006,EN-Tenor-1,Million Reasons,Control_Group,positive_mix,clear_mix,0.398468,0.026532
English#EN-Alto-1#Pharyngeal#tell me that you love me#Control_Group#0008,EN-Alto-1,tell me that you love me,Control_Group,positive_mix,clear_mix,0.39775,0.02725
English#EN-Alto-1#Vibrato#if you love me for me#Control_Group#0007,EN-Alto-1,if you love me for me,Control_Group,positive_mix,clear_mix,0.397294,0.027706
English#EN-Tenor-1#Glissando#You Belong With Me#Control_Group#0011,EN-Tenor-1,You Belong With Me,Control_Group,positive_mix,clear_mix,0.396808,0.028192
English#EN-Alto-2#Mixed_Voice_and_Falsetto#My Love#Mixed_Voice_Group#0003,EN-Alto-2,My Love,Mixed_Voice_Group,positive_mix,clear_mix,0.396052,0.028948
English#EN-Alto-1#Glissando#my love#Glissando_Group#0011,EN-Alto-1,my love,Glissando_Group,positive_mix,clear_mix,0.394282,0.030718
English#EN-Alto-2#Mixed_Voice_and_Falsetto#Seasons of Love#Mixed_Voice_Group#0001,EN-Alto-2,Seasons of Love,Mixed_Voice_Group,positive_mix,clear_mix,0.394218,0.030782
English#EN-Alto-1#Glissando#god is a girl#Glissando_Group#0003,EN-Alto-1,god is a girl,Glissando_Group,positive_mix,clear_mix,0.393985,0.031015
English#EN-Alto-1#Glissando#tell me that you love me#Glissando_Group#0003,EN-Alto-1,tell me that you love me,Glissando_Group,positive_mix,clear_mix,0.393571,0.031429
English#EN-Tenor-1#Glissando#Enchanted#Glissando_Group#0006,EN-Tenor-1,Enchanted,Glissando_Group,positive_mix,clear_mix,0.393343,0.031657
English#EN-Tenor-1#Mixed_Voice_and_Falsetto#Summertime Sadness#Mixed_Voice_Group#0004,EN-Tenor-1,Summertime Sadness,Mixed_Voice_Group,positive_mix,clear_mix,0.392785,0.032215
English#EN-Alto-1#Mixed_Voice_and_Falsetto#big big world#Mixed_Voice_Group#0013,EN-Alto-1,big big world,Mixed_Voice_Group,positive_mix,clear_mix,0.392762,0.032238
English#EN-Alto-1#Breathy#all is found#Control_Group#0013,EN-Alto-1,all is found,Control_Group,positive_mix,clear_mix,0.392349,0.032651
English#EN-Alto-1#Mixed_Voice_and_Falsetto#seasons in the sun#Mixed_Voice_Group#0003,EN-Alto-1,seasons in the sun,Mixed_Voice_Group,positive_mix,clear_mix,0.391542,0.033458
English#EN-Alto-1#Pharyngeal#love stroy#Control_Group#0017,EN-Alto-1,love stroy,Control_Group,positive_mix,clear_mix,0.390722,0.034278
English#EN-Tenor-1#Glissando#What Was I Made For？#Control_Group#0003,EN-Tenor-1,What Was I Made For？,Control_Group,positive_mix,clear_mix,0.389926,0.035074
English#EN-Alto-2#Glissando#Dream It Possible#Glissando_Group#0000,EN-Alto-2,Dream It Possible,Glissando_Group,positive_mix,clear_mix,0.389556,0.035444
English#EN-Alto-1#Mixed_Voice_and_Falsetto#how does a moment last forever#Mixed_Voice_Group#0002,EN-Alto-1,how does a moment last forever,Mixed_Voice_Group,positive_mix,clear_mix,0.389203,0.035797
English#EN-Alto-1#Pharyngeal#somewhere over the rainbow#Control_Group#0000,EN-Alto-1,somewhere over the rainbow,Control_Group,positive_mix,clear_mix,0.388404,0.036596
English#EN-Alto-1#Mixed_Voice_and_Falsetto#you raise me up#Mixed_Voice_Group#0008,EN-Alto-1,you raise me up,Mixed_Voice_Group,positive_mix,clear_mix,0.387989,0.037011
English#EN-Alto-1#Glissando#for the first time in forever#Glissando_Group#0013,EN-Alto-1,for the first time in forever,Glissando_Group,positive_mix,clear_mix,0.387685,0.037315
English#EN-Alto-1#Mixed_Voice_and_Falsetto#let it go#Mixed_Voice_Group#0015,EN-Alto-1,let it go,Mixed_Voice_Group,positive_mix,clear_mix,0.38695,0.03805
English#EN-Tenor-1#Mixed_Voice_and_Falsetto#Sparks Fly#Mixed_Voice_Group#0005,EN-Tenor-1,Sparks Fly,Mixed_Voice_Group,positive_mix,clear_mix,0.386557,0.038443
English#EN-Alto-1#Glissando#tell me that you love me#Control_Group#0001,EN-Alto-1,tell me that you love me,Control_Group,positive_mix,clear_mix,0.386476,0.038524
English#EN-Alto-2#Mixed_Voice_and_Falsetto#Let It Go#Mixed_Voice_Group#0002,EN-Alto-2,Let It Go,Mixed_Voice_Group,positive_mix,clear_mix,0.386431,0.038569
English#EN-Tenor-1#Glissando#What Was I Made For？#Control_Group#0002,EN-Tenor-1,What Was I Made For？,Control_Group,positive_mix,clear_mix,0.385091,0.039909
English#EN-Alto-1#Glissando#god is a girl#Control_Group#0010,EN-Alto-1,god is a girl,Control_Group,positive_mix,clear_mix,0.384764,0.040236
English#EN-Alto-1#Pharyngeal#love stroy#Control_Group#0000,EN-Alto-1,love stroy,Control_Group,positive_mix,clear_mix,0.383992,0.041008
English#EN-Tenor-1#Vibrato#What Was I Made For？#Control_Group#0005,EN-Tenor-1,What Was I Made For？,Control_Group,positive_mix,clear_mix,0.383714,0.041286
English#EN-Alto-1#Glissando#my love#Control_Group#0012,EN-Alto-1,my love,Control_Group,positive_mix,clear_mix,0.383306,0.041694
English#EN-Alto-1#Mixed_Voice_and_Falsetto#somewhere over the rainbow#Mixed_Voice_Group#0007,EN-Alto-1,somewhere over the rainbow,Mixed_Voice_Group,positive_mix,clear_mix,0.38173,0.04327
English#EN-Alto-2#Vibrato#Someone Like You#Vibrato_Group#0005,EN-Alto-2,Someone Like You,Vibrato_Group,positive_mix,clear_mix,0.381588,0.043412
English#EN-Alto-1#Mixed_Voice_and_Falsetto#yesterday once more#Mixed_Voice_Group#0018,EN-Alto-1,yesterday once more,Mixed_Voice_Group,positive_mix,clear_mix,0.381414,0.043586
English#EN-Tenor-1#Pharyngeal#What Was I Made For？#Control_Group#0002,EN-Tenor-1,What Was I Made For？,Control_Group,positive_mix,clear_mix,0.381029,0.043971
English#EN-Tenor-1#Breathy#All I Ask#Control_Group#0006,EN-Tenor-1,All I Ask,Control_Group,positive_mix,clear_mix,0.379127,0.045873
English#EN-Tenor-1#Pharyngeal#All I Ask#Control_Group#0006,EN-Tenor-1,All I Ask,Control_Group,positive_mix,clear_mix,0.379127,0.045873
English#EN-Tenor-1#Vibrato#All I Ask#Control_Group#0006,EN-Tenor-1,All I Ask,Control_Group,positive_mix,clear_mix,0.379127,0.045873
English#EN-Alto-1#Mixed_Voice_and_Falsetto#seasons in the sun#Mixed_Voice_Group#0019,EN-Alto-1,seasons in the sun,Mixed_Voice_Group,positive_mix,clear_mix,0.378771,0.046229
English#EN-Tenor-1#Glissando#You Belong With Me#Glissando_Group#0011,EN-Tenor-1,You Belong With Me,Glissando_Group,positive_mix,clear_mix,0.378685,0.046315
English#EN-Alto-1#Breathy#all is found#Breathy_Group#0003,EN-Alto-1,all is found,Breathy_Group,positive_mix,breathy_mix,0.37812,0.04688
English#EN-Alto-1#Glissando#my love#Glissando_Group#0005,EN-Alto-1,my love,Glissando_Group,positive_mix,clear_mix,0.378047,0.046953
English#EN-Alto-1#Glissando#my love#Control_Group#0004,EN-Alto-1,my love,Control_Group,positive_mix,clear_mix,0.376427,0.048573
English#EN-Alto-1#Mixed_Voice_and_Falsetto#let it go#Mixed_Voice_Group#0014,EN-Alto-1,let it go,Mixed_Voice_Group,positive_mix,clear_mix,0.376217,0.048783
English#EN-Alto-2#Mixed_Voice_and_Falsetto#Lemon Tree#Mixed_Voice_Group#0003,EN-Alto-2,Lemon Tree,Mixed_Voice_Group,positive_mix,clear_mix,0.376106,0.048894
English#EN-Alto-2#Vibrato#Someone Like You#Control_Group#0001,EN-Alto-2,Someone Like You,Control_Group,positive_mix,clear_mix,0.376004,0.048996
English#EN-Alto-1#Glissando#for the first time in forever#Glissando_Group#0011,EN-Alto-1,for the first time in forever,Glissando_Group,positive_mix,clear_mix,0.375313,0.049687
English#EN-Alto-1#Mixed_Voice_and_Falsetto#yesterday once more#Mixed_Voice_Group#0014,EN-Alto-1,yesterday once more,Mixed_Voice_Group,positive_mix,clear_mix,0.375098,0.049902
English#EN-Alto-1#Pharyngeal#monsters#Control_Group#0011,EN-Alto-1,monsters,Control_Group,positive_mix,clear_mix,0.374877,0.050123
English#EN-Alto-2#Vibrato#Fly Me to the Moon#Vibrato_Group#0004,EN-Alto-2,Fly Me to the Moon,Vibrato_Group,positive_mix,clear_mix,0.374275,0.050725
English#EN-Alto-2#Pharyngeal#Dream It Possible#Control_Group#0003,EN-Alto-2,Dream It Possible,Control_Group,positive_mix,clear_mix,0.374248,0.050752
English#EN-Tenor-1#Vibrato#Rolling in the Deep#Vibrato_Group#0005,EN-Tenor-1,Rolling in the Deep,Vibrato_Group,positive_mix,clear_mix,0.374135,0.050865
English#EN-Tenor-1#Glissando#I Knew You Were Trouble#Control_Group#0005,EN-Tenor-1,I Knew You Were Trouble,Control_Group,positive_mix,clear_mix,0.374073,0.050927
English#EN-Tenor-1#Glissando#Stay#Control_Group#0005,EN-Tenor-1,Stay,Control_Group,positive_mix,clear_mix,0.373989,0.051011
English#EN-Alto-1#Pharyngeal#who says#Pharyngeal_Group#0001,EN-Alto-1,who says,Pharyngeal_Group,positive_mix,clear_mix,0.373686,0.051314
English#EN-Alto-1#Mixed_Voice_and_Falsetto#god is a girl#Mixed_Voice_Group#0002,EN-Alto-1,god is a girl,Mixed_Voice_Group,positive_mix,clear_mix,0.373438,0.051562
English#EN-Alto-2#Mixed_Voice_and_Falsetto#Yesterday Once More#Mixed_Voice_Group#0006,EN-Alto-2,Yesterday Once More,Mixed_Voice_Group,positive_mix,clear_mix,0.373005,0.051995
English#EN-Tenor-1#Mixed_Voice_and_Falsetto#Enchanted#Mixed_Voice_Group#0000,EN-Tenor-1,Enchanted,Mixed_Voice_Group,positive_mix,clear_mix,0.37269,0.05231
English#EN-Alto-1#Mixed_Voice_and_Falsetto#seasons in the sun#Mixed_Voice_Group#0016,EN-Alto-1,seasons in the sun,Mixed_Voice_Group,positive_mix,clear_mix,0.371824,0.053176
English#EN-Alto-1#Glissando#trouble is a friend#Glissando_Group#0012,EN-Alto-1,trouble is a friend,Glissando_Group,positive_mix,clear_mix,0.37158,0.05342
English#EN-Alto-1#Mixed_Voice_and_Falsetto#god is a girl#Mixed_Voice_Group#0005,EN-Alto-1,god is a girl,Mixed_Voice_Group,positive_mix,clear_mix,0.371315,0.053685
English#EN-Tenor-1#Glissando#Million Reasons#Glissando_Group#0006,EN-Tenor-1,Million Reasons,Glissando_Group,positive_mix,clear_mix,0.370804,0.054196
English#EN-Alto-2#Vibrato#My Heart Will Go On#Vibrato_Group#0006,EN-Alto-2,My Heart Will Go On,Vibrato_Group,positive_mix,clear_mix,0.370259,0.054741
English#EN-Alto-2#Breathy#My Heart Will Go On#Breathy_Group#0007,EN-Alto-2,My Heart Will Go On,Breathy_Group,positive_mix,breathy_mix,0.36964,0.05536
English#EN-Alto-2#Vibrato#Someone You Loved#Vibrato_Group#0003,EN-Alto-2,Someone You Loved,Vibrato_Group,positive_mix,clear_mix,0.369468,0.055532
English#EN-Alto-2#Mixed_Voice_and_Falsetto#Hey Jude#Mixed_Voice_Group#0001,EN-Alto-2,Hey Jude,Mixed_Voice_Group,positive_mix,clear_mix,0.368972,0.056028
English#EN-Alto-1#Mixed_Voice_and_Falsetto#my love#Mixed_Voice_Group#0006,EN-Alto-1,my love,Mixed_Voice_Group,positive_mix,clear_mix,0.368629,0.056371
English#EN-Alto-1#Pharyngeal#clouds#Control_Group#0010,EN-Alto-1,clouds,Control_Group,positive_mix,clear_mix,0.368535,0.056465
English#EN-Tenor-1#Vibrato#Always Remember Us This Way#Control_Group#0006,EN-Tenor-1,Always Remember Us This Way,Control_Group,positive_mix,clear_mix,0.368532,0.056468
English#EN-Alto-1#Mixed_Voice_and_Falsetto#la vie en rose#Mixed_Voice_Group#0002,EN-Alto-1,la vie en rose,Mixed_Voice_Group,positive_mix,clear_mix,0.367632,0.057368
English#EN-Alto-1#Glissando#tell me that you love me#Glissando_Group#0000,EN-Alto-1,tell me that you love me,Glissando_Group,positive_mix,clear_mix,0.367147,0.057853
English#EN-Tenor-1#Mixed_Voice_and_Falsetto#Look What You Make Me Do#Mixed_Voice_Group#0000,EN-Tenor-1,Look What You Make Me Do,Mixed_Voice_Group,positive_mix,clear_mix,0.366946,0.058054
English#EN-Alto-1#Glissando#tell me that you love me#Glissando_Group#0007,EN-Alto-1,tell me that you love me,Glissando_Group,positive_mix,clear_mix,0.364621,0.060379
English#EN-Alto-1#Vibrato#my heart will go on#Control_Group#0004,EN-Alto-1,my heart will go on,Control_Group,positive_mix,clear_mix,0.364598,0.060402
English#EN-Alto-2#Breathy#My Love#Control_Group#0003,EN-Alto-2,My Love,Control_Group,positive_mix,clear_mix,0.364048,0.060952
English#EN-Alto-2#Pharyngeal#My Love#Control_Group#0003,EN-Alto-2,My Love,Control_Group,positive_mix,clear_mix,0.364048,0.060952
English#EN-Tenor-1#Vibrato#You Belong With Me#Control_Group#0010,EN-Tenor-1,You Belong With Me,Control_Group,positive_mix,clear_mix,0.36393,0.06107
English#EN-Tenor-1#Vibrato#Long Live#Vibrato_Group#0002,EN-Tenor-1,Long Live,Vibrato_Group,positive_mix,clear_mix,0.36388,0.06112
English#EN-Alto-2#Breathy#Someone Like You#Control_Group#0000,EN-Alto-2,Someone Like You,Control_Group,positive_mix,clear_mix,0.363542,0.061458
English#EN-Alto-2#Glissando#Someone Like You#Control_Group#0000,EN-Alto-2,Someone Like You,Control_Group,positive_mix,clear_mix,0.363542,0.061458
English#EN-Alto-2#Mixed_Voice_and_Falsetto#Someone Like You#Mixed_Voice_Group#0000,EN-Alto-2,Someone Like You,Mixed_Voice_Group,positive_mix,clear_mix,0.363542,0.061458
English#EN-Alto-2#Pharyngeal#Someone Like You#Control_Group#0000,EN-Alto-2,Someone Like You,Control_Group,positive_mix,clear_mix,0.363542,0.061458
English#EN-Alto-2#Vibrato#Someone Like You#Control_Group#0000,EN-Alto-2,Someone Like You,Control_Group,positive_mix,clear_mix,0.363542,0.061458
English#EN-Tenor-1#Pharyngeal#You Belong With Me#Control_Group#0010,EN-Tenor-1,You Belong With Me,Control_Group,positive_mix,clear_mix,0.363515,0.061485
English#EN-Alto-2#Vibrato#Dream It Possible#Vibrato_Group#0004,EN-Alto-2,Dream It Possible,Vibrato_Group,positive_mix,clear_mix,0.362643,0.062357
English#EN-Tenor-1#Vibrato#All I Ask#Vibrato_Group#0004,EN-Tenor-1,All I Ask,Vibrato_Group,positive_mix,clear_mix,0.36218,0.06282
English#EN-Alto-1#Mixed_Voice_and_Falsetto#all is found#Mixed_Voice_Group#0006,EN-Alto-1,all is found,Mixed_Voice_Group,positive_mix,clear_mix,0.36084,0.06416
English#EN-Alto-1#Glissando#make it shine#Glissando_Group#0005,EN-Alto-1,make it shine,Glissando_Group,positive_mix,clear_mix,0.36058,0.06442
English#EN-Alto-1#Mixed_Voice_and_Falsetto#you raise me up#Mixed_Voice_Group#0009,EN-Alto-1,you raise me up,Mixed_Voice_Group,positive_mix,clear_mix,0.360369,0.064631
English#EN-Tenor-1#Vibrato#You Belong With Me#Control_Group#0002,EN-Tenor-1,You Belong With Me,Control_Group,positive_mix,clear_mix,0.360202,0.064798
English#EN-Alto-1#Breathy#innocence#Breathy_Group#0002,EN-Alto-1,innocence,Breathy_Group,positive_mix,clear_mix,0.360077,0.064923
English#EN-Tenor-1#Breathy#All I Ask#Control_Group#0007,EN-Tenor-1,All I Ask,Control_Group,positive_mix,clear_mix,0.359716,0.065284
English#EN-Tenor-1#Pharyngeal#All I Ask#Control_Group#0007,EN-Tenor-1,All I Ask,Control_Group,positive_mix,clear_mix,0.359716,0.065284
English#EN-Tenor-1#Vibrato#All I Ask#Control_Group#0007,EN-Tenor-1,All I Ask,Control_Group,positive_mix,clear_mix,0.359716,0.065284
English#EN-Tenor-1#Pharyngeal#I Knew You Were Trouble#Control_Group#0008,EN-Tenor-1,I Knew You Were Trouble,Control_Group,positive_mix,clear_mix,0.359094,0.065906
English#EN-Alto-1#Pharyngeal#beauty and the beast#Control_Group#0006,EN-Alto-1,beauty and the beast,Control_Group,positive_mix,clear_mix,0.358908,0.066092
English#EN-Alto-2#Vibrato#Yesterday Once More#Vibrato_Group#0006,EN-Alto-2,Yesterday Once More,Vibrato_Group,positive_mix,clear_mix,0.358669,0.066331
English#EN-Alto-1#Pharyngeal#love stroy#Control_Group#0016,EN-Alto-1,love stroy,Control_Group,positive_mix,clear_mix,0.358204,0.066796
English#EN-Alto-1#Breathy#who says#Control_Group#0015,EN-Alto-1,who says,Control_Group,positive_mix,clear_mix,0.357845,0.067155
English#EN-Alto-1#Pharyngeal#who says#Control_Group#0014,EN-Alto-1,who says,Control_Group,positive_mix,clear_mix,0.357845,0.067155
English#EN-Alto-1#Pharyngeal#somewhere over the rainbow#Control_Group#0002,EN-Alto-1,somewhere over the rainbow,Control_Group,positive_mix,clear_mix,0.35779,0.06721
English#EN-Alto-1#Breathy#who says#Breathy_Group#0017,EN-Alto-1,who says,Breathy_Group,positive_mix,breathy_mix,0.356286,0.068714
English#EN-Tenor-1#Glissando#What Was I Made For？#Glissando_Group#0009,EN-Tenor-1,What Was I Made For？,Glissando_Group,positive_mix,clear_mix,0.355868,0.069132
English#EN-Alto-1#Mixed_Voice_and_Falsetto#somewhere over the rainbow#Mixed_Voice_Group#0000,EN-Alto-1,somewhere over the rainbow,Mixed_Voice_Group,positive_mix,clear_mix,0.355788,0.069212
English#EN-Alto-1#Pharyngeal#somewhere over the rainbow#Control_Group#0008,EN-Alto-1,somewhere over the rainbow,Control_Group,positive_mix,clear_mix,0.355084,0.069916
English#EN-Alto-2#Vibrato#My Heart Will Go On#Vibrato_Group#0005,EN-Alto-2,My Heart Will Go On,Vibrato_Group,positive_mix,clear_mix,0.354448,0.070552
English#EN-Alto-1#Pharyngeal#love stroy#Control_Group#0018,EN-Alto-1,love stroy,Control_Group,positive_mix,clear_mix,0.354087,0.070913
English#EN-Alto-1#Glissando#rolling in the deep#Control_Group#0001,EN-Alto-1,rolling in the deep,Control_Group,positive_mix,clear_mix,0.353969,0.071031
English#EN-Alto-2#Breathy#Yesterday Once More#Breathy_Group#0007,EN-Alto-2,Yesterday Once More,Breathy_Group,positive_mix,breathy_mix,0.352863,0.072137
English#EN-Alto-2#Vibrato#My Heart Will Go On#Vibrato_Group#0001,EN-Alto-2,My Heart Will Go On,Vibrato_Group,positive_mix,clear_mix,0.352856,0.072144
English#EN-Alto-1#Glissando#trouble is a friend#Glissando_Group#0003,EN-Alto-1,trouble is a friend,Glissando_Group,positive_mix,clear_mix,0.352659,0.072341
English#EN-Alto-1#Vibrato#memory#Control_Group#0010,EN-Alto-1,memory,Control_Group,positive_mix,clear_mix,0.352454,0.072546
English#EN-Tenor-1#Vibrato#What Was I Made For？#Control_Group#0003,EN-Tenor-1,What Was I Made For？,Control_Group,positive_mix,clear_mix,0.351985,0.073015
English#EN-Alto-1#Glissando#for the first time in forever#Control_Group#0004,EN-Alto-1,for the first time in forever,Control_Group,positive_mix,clear_mix,0.351553,0.073447
English#EN-Tenor-1#Mixed_Voice_and_Falsetto#Wildest Dreams#Mixed_Voice_Group#0000,EN-Tenor-1,Wildest Dreams,Mixed_Voice_Group,positive_mix,clear_mix,0.350646,0.074354
English#EN-Alto-1#Vibrato#memory#Control_Group#0000,EN-Alto-1,memory,Control_Group,positive_mix,clear_mix,0.349218,0.075782
English#EN-Alto-2#Mixed_Voice_and_Falsetto#City Of Stars#Mixed_Voice_Group#0005,EN-Alto-2,City Of Stars,Mixed_Voice_Group,positive_mix,clear_mix,0.348976,0.076024
English#EN-Alto-2#Vibrato#Love Story#Vibrato_Group#0002,EN-Alto-2,Love Story,Vibrato_Group,positive_mix,clear_mix,0.347939,0.077061
English#EN-Alto-2#Mixed_Voice_and_Falsetto#You Belong With Me#Mixed_Voice_Group#0000,EN-Alto-2,You Belong With Me,Mixed_Voice_Group,positive_mix,clear_mix,0.347524,0.077476
English#EN-Alto-2#Breathy#Love Me Like You Do#Breathy_Group#0004,EN-Alto-2,Love Me Like You Do,Breathy_Group,positive_mix,breathy_mix,0.347292,0.077708
English#EN-Alto-1#Breathy#all is found#Control_Group#0006,EN-Alto-1,all is found,Control_Group,positive_mix,clear_mix,0.346615,0.078385
English#EN-Tenor-1#Breathy#What Was I Made For？#Control_Group#0008,EN-Tenor-1,What Was I Made For？,Control_Group,positive_mix,clear_mix,0.34637,0.07863
English#EN-Alto-1#Breathy#safe and sound#Control_Group#0002,EN-Alto-1,safe and sound,Control_Group,positive_mix,clear_mix,0.344379,0.080621
English#EN-Alto-1#Breathy#let it go#Control_Group#0002,EN-Alto-1,let it go,Control_Group,positive_mix,clear_mix,0.344026,0.080974
English#EN-Alto-1#Mixed_Voice_and_Falsetto#how does a moment last forever#Mixed_Voice_Group#0009,EN-Alto-1,how does a moment last forever,Mixed_Voice_Group,positive_mix,clear_mix,0.342642,0.082358
English#EN-Alto-1#Breathy#all is found#Control_Group#0004,EN-Alto-1,all is found,Control_Group,positive_mix,clear_mix,0.342543,0.082457
English#EN-Tenor-1#Glissando#Long Live#Glissando_Group#0005,EN-Tenor-1,Long Live,Glissando_Group,positive_mix,clear_mix,0.342325,0.082675
English#EN-Tenor-1#Glissando#You Belong With Me#Glissando_Group#0001,EN-Tenor-1,You Belong With Me,Glissando_Group,positive_mix,clear_mix,0.342141,0.082859
English#EN-Alto-1#Mixed_Voice_and_Falsetto#make it shine#Mixed_Voice_Group#0007,EN-Alto-1,make it shine,Mixed_Voice_Group,positive_mix,clear_mix,0.342107,0.082893
English#EN-Alto-2#Breathy#Someone Like You#Control_Group#0003,EN-Alto-2,Someone Like You,Control_Group,positive_mix,clear_mix,0.341839,0.083161
English#EN-Tenor-1#Glissando#Enchanted#Glissando_Group#0003,EN-Tenor-1,Enchanted,Glissando_Group,positive_mix,head_mix,0.340469,0.084531
English#EN-Alto-1#Pharyngeal#beauty and the beast#Control_Group#0012,EN-Alto-1,beauty and the beast,Control_Group,positive_mix,clear_mix,0.339789,0.085211
English#EN-Tenor-1#Breathy#Enchanted#Control_Group#0008,EN-Tenor-1,Enchanted,Control_Group,positive_mix,clear_mix,0.33973,0.08527
English#EN-Tenor-1#Pharyngeal#Enchanted#Control_Group#0008,EN-Tenor-1,Enchanted,Control_Group,positive_mix,clear_mix,0.33973,0.08527
English#EN-Tenor-1#Vibrato#Enchanted#Control_Group#0008,EN-Tenor-1,Enchanted,Control_Group,positive_mix,clear_mix,0.33973,0.08527
English#EN-Alto-1#Glissando#my love#Glissando_Group#0012,EN-Alto-1,my love,Glissando_Group,positive_mix,clear_mix,0.339622,0.085378
English#EN-Alto-1#Glissando#make it shine#Control_Group#0005,EN-Alto-1,make it shine,Control_Group,positive_mix,clear_mix,0.339423,0.085577
English#EN-Alto-1#Vibrato#my heart will go on#Control_Group#0006,EN-Alto-1,my heart will go on,Control_Group,positive_mix,clear_mix,0.339323,0.085677
English#EN-Alto-1#Mixed_Voice_and_Falsetto#you raise me up#Mixed_Voice_Group#0011,EN-Alto-1,you raise me up,Mixed_Voice_Group,positive_mix,clear_mix,0.339189,0.085811
English#EN-Tenor-1#Vibrato#Million Reasons#Vibrato_Group#0005,EN-Tenor-1,Million Reasons,Vibrato_Group,positive_mix,clear_mix,0.338537,0.086463
English#EN-Alto-2#Mixed_Voice_and_Falsetto#You Raise Me Up#Mixed_Voice_Group#0000,EN-Alto-2,You Raise Me Up,Mixed_Voice_Group,positive_mix,clear_mix,0.338422,0.086578
English#EN-Alto-1#Breathy#all is found#Control_Group#0002,EN-Alto-1,all is found,Control_Group,positive_mix,clear_mix,0.337563,0.087437
English#EN-Alto-1#Vibrato#edelweiss#Control_Group#0003,EN-Alto-1,edelweiss,Control_Group,positive_mix,clear_mix,0.337157,0.087843
English#EN-Tenor-1#Glissando#Stay#Glissando_Group#0001,EN-Tenor-1,Stay,Glissando_Group,positive_mix,clear_mix,0.33663,0.08837
English#EN-Tenor-1#Mixed_Voice_and_Falsetto#Firework#Mixed_Voice_Group#0002,EN-Tenor-1,Firework,Mixed_Voice_Group,positive_mix,clear_mix,0.336525,0.088475
English#EN-Alto-1#Pharyngeal#beauty and the beast#Control_Group#0013,EN-Alto-1,beauty and the beast,Control_Group,positive_mix,clear_mix,0.336491,0.088509
English#EN-Alto-1#Glissando#for the first time in forever#Glissando_Group#0004,EN-Alto-1,for the first time in forever,Glissando_Group,positive_mix,clear_mix,0.336388,0.088612
English#EN-Alto-1#Glissando#trouble is a friend#Glissando_Group#0006,EN-Alto-1,trouble is a friend,Glissando_Group,positive_mix,clear_mix,0.336166,0.088834
English#EN-Alto-1#Breathy#all is found#Breathy_Group#0009,EN-Alto-1,all is found,Breathy_Group,positive_mix,breathy_mix,0.33581,0.08919
English#EN-Alto-1#Glissando#tell me that you love me#Control_Group#0013,EN-Alto-1,tell me that you love me,Control_Group,positive_mix,clear_mix,0.335768,0.089232
English#EN-Alto-1#Glissando#tell me that you love me#Control_Group#0012,EN-Alto-1,tell me that you love me,Control_Group,positive_mix,clear_mix,0.335379,0.089621
English#EN-Alto-2#Vibrato#What Are Words#Vibrato_Group#0005,EN-Alto-2,What Are Words,Vibrato_Group,positive_mix,clear_mix,0.335136,0.089864
English#EN-Alto-1#Breathy#who says#Control_Group#0006,EN-Alto-1,who says,Control_Group,positive_mix,breathy_mix,0.335129,0.089871
English#EN-Tenor-1#Breathy#What Was I Made For？#Control_Group#0013,EN-Tenor-1,What Was I Made For？,Control_Group,positive_mix,clear_mix,0.334855,0.090145
English#EN-Tenor-1#Glissando#What Was I Made For？#Control_Group#0010,EN-Tenor-1,What Was I Made For？,Control_Group,positive_mix,clear_mix,0.334855,0.090145
English#EN-Tenor-1#Pharyngeal#What Was I Made For？#Control_Group#0012,EN-Tenor-1,What Was I Made For？,Control_Group,positive_mix,clear_mix,0.334855,0.090145
English#EN-Tenor-1#Vibrato#What Was I Made For？#Control_Group#0012,EN-Tenor-1,What Was I Made For？,Control_Group,positive_mix,clear_mix,0.334855,0.090145
English#EN-Tenor-1#Mixed_Voice_and_Falsetto#Firework#Mixed_Voice_Group#0000,EN-Tenor-1,Firework,Mixed_Voice_Group,positive_mix,clear_mix,0.334634,0.090366
English#EN-Alto-2#Vibrato#My Heart Will Go On#Vibrato_Group#0007,EN-Alto-2,My Heart Will Go On,Vibrato_Group,positive_mix,clear_mix,0.334545,0.090455
English#EN-Alto-2#Breathy#Yesterday Once More#Control_Group#0002,EN-Alto-2,Yesterday Once More,Control_Group,positive_mix,clear_mix,0.334048,0.090952
English#EN-Alto-2#Glissando#Yesterday Once More#Control_Group#0002,EN-Alto-2,Yesterday Once More,Control_Group,positive_mix,clear_mix,0.334048,0.090952
English#EN-Alto-2#Pharyngeal#Yesterday Once More#Control_Group#0002,EN-Alto-2,Yesterday Once More,Control_Group,positive_mix,clear_mix,0.334048,0.090952
English#EN-Alto-2#Vibrato#Yesterday Once More#Control_Group#0002,EN-Alto-2,Yesterday Once More,Control_Group,positive_mix,clear_mix,0.334048,0.090952
English#EN-Tenor-1#Breathy#Long Live#Control_Group#0001,EN-Tenor-1,Long Live,Control_Group,positive_mix,clear_mix,0.334036,0.090964
English#EN-Tenor-1#Glissando#What Was I Made For？#Control_Group#0007,EN-Tenor-1,What Was I Made For？,Control_Group,positive_mix,clear_mix,0.333886,0.091114
English#EN-Alto-2#Glissando#My Heart Will Go On#Glissando_Group#0007,EN-Alto-2,My Heart Will Go On,Glissando_Group,positive_mix,clear_mix,0.333724,0.091276
English#EN-Alto-1#Breathy#all is found#Breathy_Group#0013,EN-Alto-1,all is found,Breathy_Group,positive_mix,breathy_mix,0.333651,0.091349
English#EN-Alto-2#Glissando#You Raise Me Up#Glissando_Group#0001,EN-Alto-2,You Raise Me Up,Glissando_Group,positive_mix,clear_mix,0.332093,0.092907
English#EN-Alto-1#Mixed_Voice_and_Falsetto#all is found#Mixed_Voice_Group#0003,EN-Alto-1,all is found,Mixed_Voice_Group,positive_mix,clear_mix,0.331902,0.093098
English#EN-Alto-2#Vibrato#Yesterday Once More#Vibrato_Group#0007,EN-Alto-2,Yesterday Once More,Vibrato_Group,positive_mix,clear_mix,0.331742,0.093258
English#EN-Tenor-1#Glissando#Long Live#Glissando_Group#0000,EN-Tenor-1,Long Live,Glissando_Group,positive_mix,clear_mix,0.331622,0.093378
English#EN-Tenor-1#Vibrato#You Belong With Me#Vibrato_Group#0010,EN-Tenor-1,You Belong With Me,Vibrato_Group,positive_mix,clear_mix,0.33082,0.09418
English#EN-Alto-1#Pharyngeal#who says#Pharyngeal_Group#0000,EN-Alto-1,who says,Pharyngeal_Group,positive_mix,clear_mix,0.330607,0.094393
English#EN-Alto-2#Vibrato#Easy On Me#Vibrato_Group#0000,EN-Alto-2,Easy On Me,Vibrato_Group,positive_mix,clear_mix,0.330506,0.094494
English#EN-Alto-1#Breathy#safe and sound#Breathy_Group#0001,EN-Alto-1,safe and sound,Breathy_Group,positive_mix,clear_mix,0.330392,0.094608
English#EN-Alto-2#Vibrato#Dream It Possible#Vibrato_Group#0003,EN-Alto-2,Dream It Possible,Vibrato_Group,positive_mix,clear_mix,0.330188,0.094812
English#EN-Alto-1#Glissando#make it shine#Control_Group#0008,EN-Alto-1,make it shine,Control_Group,positive_mix,clear_mix,0.329507,0.095493
English#EN-Alto-2#Vibrato#Love Me Like You Do#Vibrato_Group#0003,EN-Alto-2,Love Me Like You Do,Vibrato_Group,positive_mix,clear_mix,0.328752,0.096248
English#EN-Alto-1#Pharyngeal#somewhere over the rainbow#Control_Group#0010,EN-Alto-1,somewhere over the rainbow,Control_Group,positive_mix,clear_mix,0.32724,0.09776
English#EN-Alto-1#Glissando#for the first time in forever#Control_Group#0012,EN-Alto-1,for the first time in forever,Control_Group,positive_mix,clear_mix,0.327043,0.097957
English#EN-Alto-2#Glissando#Someone Like You#Glissando_Group#0000,EN-Alto-2,Someone Like You,Glissando_Group,positive_mix,clear_mix,0.326713,0.098287
English#EN-Alto-1#Glissando#for the first time in forever#Control_Group#0001,EN-Alto-1,for the first time in forever,Control_Group,positive_mix,clear_mix,0.326574,0.098426
English#EN-Alto-2#Glissando#Dream It Possible#Glissando_Group#0002,EN-Alto-2,Dream It Possible,Glissando_Group,positive_mix,clear_mix,0.326241,0.098759
English#EN-Alto-1#Breathy#all is found#Control_Group#0008,EN-Alto-1,all is found,Control_Group,positive_mix,clear_mix,0.325198,0.099802
English#EN-Alto-2#Glissando#You Raise Me Up#Control_Group#0000,EN-Alto-2,You Raise Me Up,Control_Group,positive_mix,clear_mix,0.325099,0.099901
English#EN-Alto-2#Pharyngeal#You Raise Me Up#Control_Group#0000,EN-Alto-2,You Raise Me Up,Control_Group,positive_mix,clear_mix,0.325099,0.099901
English#EN-Alto-1#Vibrato#if you love me for me#Control_Group#0010,EN-Alto-1,if you love me for me,Control_Group,positive_mix,clear_mix,0.323783,0.101217
English#EN-Alto-1#Vibrato#memory#Control_Group#0002,EN-Alto-1,memory,Control_Group,positive_mix,clear_mix,0.322724,0.102276
English#EN-Alto-1#Mixed_Voice_and_Falsetto#seasons in the sun#Mixed_Voice_Group#0007,EN-Alto-1,seasons in the sun,Mixed_Voice_Group,positive_mix,clear_mix,0.322103,0.102897
English#EN-Alto-1#Glissando#trouble is a friend#Control_Group#0009,EN-Alto-1,trouble is a friend,Control_Group,positive_mix,clear_mix,0.32122,0.10378
English#EN-Alto-1#Vibrato#my heart will go on#Control_Group#0010,EN-Alto-1,my heart will go on,Control_Group,positive_mix,clear_mix,0.320986,0.104014
English#EN-Tenor-1#Glissando#Enchanted#Glissando_Group#0004,EN-Tenor-1,Enchanted,Glissando_Group,positive_mix,clear_mix,0.319968,0.105032
English#EN-Alto-2#Vibrato#My Love#Vibrato_Group#0004,EN-Alto-2,My Love,Vibrato_Group,positive_mix,clear_mix,0.319958,0.105042
English#EN-Alto-2#Mixed_Voice_and_Falsetto#Hello#Mixed_Voice_Group#0003,EN-Alto-2,Hello,Mixed_Voice_Group,positive_mix,clear_mix,0.319661,0.105339
English#EN-Alto-1#Glissando#tell me that you love me#Glissando_Group#0001,EN-Alto-1,tell me that you love me,Glissando_Group,positive_mix,clear_mix,0.319356,0.105644
English#EN-Alto-2#Vibrato#Yesterday Once More#Vibrato_Group#0000,EN-Alto-2,Yesterday Once More,Vibrato_Group,positive_mix,clear_mix,0.318821,0.106179
English#EN-Tenor-1#Glissando#You Belong With Me#Control_Group#0009,EN-Tenor-1,You Belong With Me,Control_Group,positive_mix,clear_mix,0.318664,0.106336
English#EN-Alto-1#Glissando#god is a girl#Control_Group#0007,EN-Alto-1,god is a girl,Control_Group,positive_mix,clear_mix,0.318367,0.106633
English#EN-Alto-2#Breathy#Fly Me to the Moon#Control_Group#0001,EN-Alto-2,Fly Me to the Moon,Control_Group,positive_mix,clear_mix,0.318002,0.106998
English#EN-Alto-2#Glissando#Fly Me to the Moon#Control_Group#0001,EN-Alto-2,Fly Me to the Moon,Control_Group,positive_mix,clear_mix,0.318002,0.106998
English#EN-Alto-2#Mixed_Voice_and_Falsetto#Fly Me to the Moon#Mixed_Voice_Group#0001,EN-Alto-2,Fly Me to the Moon,Mixed_Voice_Group,positive_mix,clear_mix,0.318002,0.106998
English#EN-Alto-2#Vibrato#Fly Me to the Moon#Control_Group#0001,EN-Alto-2,Fly Me to the Moon,Control_Group,positive_mix,clear_mix,0.318002,0.106998
English#EN-Alto-1#Glissando#trouble is a friend#Control_Group#0001,EN-Alto-1,trouble is a friend,Control_Group,positive_mix,clear_mix,0.317887,0.107113
English#EN-Alto-1#Mixed_Voice_and_Falsetto#yesterday once more#Mixed_Voice_Group#0015,EN-Alto-1,yesterday once more,Mixed_Voice_Group,positive_mix,clear_mix,0.317745,0.107255
English#EN-Alto-1#Mixed_Voice_and_Falsetto#big big world#Mixed_Voice_Group#0005,EN-Alto-1,big big world,Mixed_Voice_Group,positive_mix,clear_mix,0.317354,0.107646
English#EN-Alto-2#Breathy#Dream It Possible#Control_Group#0000,EN-Alto-2,Dream It Possible,Control_Group,positive_mix,clear_mix,0.316747,0.108253
English#EN-Alto-2#Glissando#Dream It Possible#Control_Group#0000,EN-Alto-2,Dream It Possible,Control_Group,positive_mix,clear_mix,0.316747,0.108253
English#EN-Alto-2#Mixed_Voice_and_Falsetto#Dream It Possible#Mixed_Voice_Group#0000,EN-Alto-2,Dream It Possible,Mixed_Voice_Group,positive_mix,clear_mix,0.316747,0.108253
English#EN-Alto-2#Vibrato#Dream It Possible#Control_Group#0000,EN-Alto-2,Dream It Possible,Control_Group,positive_mix,clear_mix,0.316747,0.108253
English#EN-Alto-1#Glissando#my love#Control_Group#0011,EN-Alto-1,my love,Control_Group,positive_mix,clear_mix,0.316558,0.108442
English#EN-Alto-1#Mixed_Voice_and_Falsetto#seasons in the sun#Mixed_Voice_Group#0008,EN-Alto-1,seasons in the sun,Mixed_Voice_Group,positive_mix,clear_mix,0.316439,0.108561
English#EN-Alto-1#Glissando#my love#Control_Group#0007,EN-Alto-1,my love,Control_Group,positive_mix,clear_mix,0.31642,0.10858
English#EN-Alto-1#Mixed_Voice_and_Falsetto#big big world#Mixed_Voice_Group#0015,EN-Alto-1,big big world,Mixed_Voice_Group,positive_mix,clear_mix,0.315812,0.109188
English#EN-Alto-2#Glissando#Safe and Sound#Glissando_Group#0005,EN-Alto-2,Safe and Sound,Glissando_Group,positive_mix,clear_mix,0.31559,0.10941
English#EN-Tenor-1#Glissando#Stay#Control_Group#0010,EN-Tenor-1,Stay,Control_Group,positive_mix,clear_mix,0.31552,0.10948
English#EN-Alto-2#Mixed_Voice_and_Falsetto#City Of Stars#Mixed_Voice_Group#0000,EN-Alto-2,City Of Stars,Mixed_Voice_Group,positive_mix,clear_mix,0.314554,0.110446
English#EN-Alto-1#Mixed_Voice_and_Falsetto#big big world#Mixed_Voice_Group#0000,EN-Alto-1,big big world,Mixed_Voice_Group,positive_mix,clear_mix,0.314448,0.110552
English#EN-Alto-1#Mixed_Voice_and_Falsetto#big big world#Mixed_Voice_Group#0006,EN-Alto-1,big big world,Mixed_Voice_Group,positive_mix,clear_mix,0.314398,0.110602
English#EN-Alto-1#Mixed_Voice_and_Falsetto#seasons in the sun#Mixed_Voice_Group#0009,EN-Alto-1,seasons in the sun,Mixed_Voice_Group,positive_mix,clear_mix,0.314384,0.110616
English#EN-Alto-1#Breathy#who says#Breathy_Group#0011,EN-Alto-1,who says,Breathy_Group,positive_mix,breathy_mix,0.31427,0.11073
English#EN-Alto-2#Breathy#What Are Words#Control_Group#0002,EN-Alto-2,What Are Words,Control_Group,positive_mix,clear_mix,0.314202,0.110798
English#EN-Alto-2#Glissando#What Are Words#Control_Group#0002,EN-Alto-2,What Are Words,Control_Group,positive_mix,clear_mix,0.314202,0.110798
English#EN-Alto-2#Mixed_Voice_and_Falsetto#What Are Words#Mixed_Voice_Group#0002,EN-Alto-2,What Are Words,Mixed_Voice_Group,positive_mix,clear_mix,0.314202,0.110798
English#EN-Alto-2#Pharyngeal#What Are Words#Control_Group#0002,EN-Alto-2,What Are Words,Control_Group,positive_mix,clear_mix,0.314202,0.110798
English#EN-Alto-2#Vibrato#What Are Words#Control_Group#0002,EN-Alto-2,What Are Words,Control_Group,positive_mix,clear_mix,0.314202,0.110798
English#EN-Alto-1#Pharyngeal#clouds#Control_Group#0008,EN-Alto-1,clouds,Control_Group,positive_mix,clear_mix,0.31372,0.11128
English#EN-Alto-2#Mixed_Voice_and_Falsetto#My Love#Mixed_Voice_Group#0001,EN-Alto-2,My Love,Mixed_Voice_Group,positive_mix,clear_mix,0.313053,0.111947
English#EN-Alto-2#Mixed_Voice_and_Falsetto#My Heart Will Go On#Mixed_Voice_Group#0009,EN-Alto-2,My Heart Will Go On,Mixed_Voice_Group,positive_mix,clear_mix,0.312887,0.112113
English#EN-Alto-2#Mixed_Voice_and_Falsetto#Let Her Go#Mixed_Voice_Group#0002,EN-Alto-2,Let Her Go,Mixed_Voice_Group,positive_mix,clear_mix,0.312627,0.112373
English#EN-Alto-1#Glissando#tell me that you love me#Control_Group#0003,EN-Alto-1,tell me that you love me,Control_Group,positive_mix,clear_mix,0.311579,0.113421
English#EN-Alto-1#Vibrato#my heart will go on#Vibrato_Group#0012,EN-Alto-1,my heart will go on,Vibrato_Group,positive_mix,clear_mix,0.310951,0.114049
English#EN-Alto-1#Glissando#my love#Control_Group#0010,EN-Alto-1,my love,Control_Group,positive_mix,clear_mix,0.310945,0.114055
English#EN-Alto-1#Breathy#who says#Breathy_Group#0015,EN-Alto-1,who says,Breathy_Group,positive_mix,breathy_mix,0.309294,0.115706
English#EN-Alto-1#Breathy#who says#Breathy_Group#0003,EN-Alto-1,who says,Breathy_Group,positive_mix,breathy_mix,0.308348,0.116652
English#EN-Tenor-1#Glissando#All I Ask#Glissando_Group#0005,EN-Tenor-1,All I Ask,Glissando_Group,positive_mix,clear_mix,0.307941,0.117059
English#EN-Tenor-1#Mixed_Voice_and_Falsetto#Dark Paradise#Mixed_Voice_Group#0007,EN-Tenor-1,Dark Paradise,Mixed_Voice_Group,positive_mix,clear_mix,0.307654,0.117346
English#EN-Alto-2#Breathy#My Heart Will Go On#Breathy_Group#0005,EN-Alto-2,My Heart Will Go On,Breathy_Group,positive_mix,breathy_mix,0.306857,0.118143
English#EN-Alto-2#Glissando#Fly Me to the Moon#Glissando_Group#0002,EN-Alto-2,Fly Me to the Moon,Glissando_Group,positive_mix,clear_mix,0.306805,0.118195
English#EN-Alto-1#Vibrato#my heart will go on#Control_Group#0008,EN-Alto-1,my heart will go on,Control_Group,positive_mix,clear_mix,0.306663,0.118337
English#EN-Alto-1#Vibrato#my heart will go on#Control_Group#0001,EN-Alto-1,my heart will go on,Control_Group,positive_mix,clear_mix,0.306495,0.118505
English#EN-Alto-2#Mixed_Voice_and_Falsetto#Let Her Go#Mixed_Voice_Group#0001,EN-Alto-2,Let Her Go,Mixed_Voice_Group,positive_mix,clear_mix,0.306432,0.118568
English#EN-Tenor-1#Mixed_Voice_and_Falsetto#Firework#Mixed_Voice_Group#0007,EN-Tenor-1,Firework,Mixed_Voice_Group,positive_mix,clear_mix,0.306362,0.118638
English#EN-Alto-1#Mixed_Voice_and_Falsetto#my love#Mixed_Voice_Group#0004,EN-Alto-1,my love,Mixed_Voice_Group,positive_mix,clear_mix,0.305657,0.119343
English#EN-Alto-1#Glissando#my love#Control_Group#0003,EN-Alto-1,my love,Control_Group,positive_mix,clear_mix,0.305538,0.119462
English#EN-Tenor-1#Breathy#Long Live#Control_Group#0005,EN-Tenor-1,Long Live,Control_Group,positive_mix,clear_mix,0.305476,0.119524
English#EN-Tenor-1#Glissando#Long Live#Control_Group#0005,EN-Tenor-1,Long Live,Control_Group,positive_mix,clear_mix,0.305476,0.119524
English#EN-Tenor-1#Pharyngeal#Long Live#Control_Group#0005,EN-Tenor-1,Long Live,Control_Group,positive_mix,clear_mix,0.305476,0.119524
English#EN-Tenor-1#Vibrato#Long Live#Control_Group#0005,EN-Tenor-1,Long Live,Control_Group,positive_mix,clear_mix,0.305476,0.119524
English#EN-Alto-2#Vibrato#Someone You Loved#Vibrato_Group#0001,EN-Alto-2,Someone You Loved,Vibrato_Group,positive_mix,clear_mix,0.305443,0.119557
English#EN-Alto-1#Vibrato#my heart will go on#Vibrato_Group#0010,EN-Alto-1,my heart will go on,Vibrato_Group,positive_mix,clear_mix,0.305262,0.119738
English#EN-Alto-2#Vibrato#Dream It Possible#Vibrato_Group#0005,EN-Alto-2,Dream It Possible,Vibrato_Group,positive_mix,clear_mix,0.304874,0.120126
English#EN-Tenor-1#Vibrato#Always Remember Us This Way#Control_Group#0011,EN-Tenor-1,Always Remember Us This Way,Control_Group,positive_mix,clear_mix,0.304834,0.120166
English#EN-Tenor-1#Vibrato#I Knew You Were Trouble#Vibrato_Group#0000,EN-Tenor-1,I Knew You Were Trouble,Vibrato_Group,positive_mix,clear_mix,0.304193,0.120807
English#EN-Alto-1#Glissando#trouble is a friend#Control_Group#0005,EN-Alto-1,trouble is a friend,Control_Group,positive_mix,clear_mix,0.30373,0.12127
English#EN-Alto-1#Mixed_Voice_and_Falsetto#somewhere over the rainbow#Mixed_Voice_Group#0005,EN-Alto-1,somewhere over the rainbow,Mixed_Voice_Group,positive_mix,clear_mix,0.303714,0.121286
English#EN-Alto-1#Vibrato#if you love me for me#Vibrato_Group#0009,EN-Alto-1,if you love me for me,Vibrato_Group,positive_mix,clear_mix,0.303524,0.121476
English#EN-Alto-1#Breathy#who says#Breathy_Group#0002,EN-Alto-1,who says,Breathy_Group,positive_mix,breathy_mix,0.303462,0.121538
English#EN-Alto-1#Vibrato#my heart will go on#Control_Group#0012,EN-Alto-1,my heart will go on,Control_Group,positive_mix,clear_mix,0.301897,0.123103
English#EN-Tenor-1#Breathy#Rolling in the Deep#Control_Group#0006,EN-Tenor-1,Rolling in the Deep,Control_Group,positive_mix,clear_mix,0.301043,0.123957
English#EN-Tenor-1#Pharyngeal#Rolling in the Deep#Control_Group#0006,EN-Tenor-1,Rolling in the Deep,Control_Group,positive_mix,clear_mix,0.301043,0.123957
English#EN-Tenor-1#Vibrato#Rolling in the Deep#Control_Group#0006,EN-Tenor-1,Rolling in the Deep,Control_Group,positive_mix,clear_mix,0.301043,0.123957
English#EN-Alto-1#Breathy#treasure#Breathy_Group#0007,EN-Alto-1,treasure,Breathy_Group,positive_mix,clear_mix,0.300944,0.124056
English#EN-Alto-1#Breathy#safe and sound#Control_Group#0000,EN-Alto-1,safe and sound,Control_Group,positive_mix,clear_mix,0.300439,0.124561
English#EN-Alto-2#Glissando#Yesterday Once More#Glissando_Group#0000,EN-Alto-2,Yesterday Once More,Glissando_Group,positive_mix,clear_mix,0.300276,0.124724
English#EN-Alto-1#Vibrato#my heart will go on#Control_Group#0009,EN-Alto-1,my heart will go on,Control_Group,positive_mix,clear_mix,0.300141,0.124859
English#EN-Alto-1#Pharyngeal#beauty and the beast#Control_Group#0003,EN-Alto-1,beauty and the beast,Control_Group,positive_mix,clear_mix,0.299453,0.125547
English#EN-Alto-2#Pharyngeal#Fly Me to the Moon#Control_Group#0001,EN-Alto-2,Fly Me to the Moon,Control_Group,positive_mix,clear_mix,0.299343,0.125657
English#EN-Alto-2#Glissando#Someone Like You#Control_Group#0001,EN-Alto-2,Someone Like You,Control_Group,positive_mix,clear_mix,0.299326,0.125674
English#EN-Alto-1#Glissando#tell me that you love me#Glissando_Group#0002,EN-Alto-1,tell me that you love me,Glissando_Group,positive_mix,clear_mix,0.299201,0.125799
English#EN-Alto-2#Vibrato#Love Me Like You Do#Vibrato_Group#0002,EN-Alto-2,Love Me Like You Do,Vibrato_Group,positive_mix,clear_mix,0.298817,0.126183
English#EN-Alto-1#Mixed_Voice_and_Falsetto#yesterday once more#Mixed_Voice_Group#0003,EN-Alto-1,yesterday once more,Mixed_Voice_Group,positive_mix,clear_mix,0.298688,0.126312
English#EN-Alto-2#Mixed_Voice_and_Falsetto#Let It Go#Mixed_Voice_Group#0003,EN-Alto-2,Let It Go,Mixed_Voice_Group,positive_mix,clear_mix,0.298523,0.126477
English#EN-Alto-2#Vibrato#Someone You Loved#Vibrato_Group#0000,EN-Alto-2,Someone You Loved,Vibrato_Group,positive_mix,clear_mix,0.298313,0.126687
English#EN-Alto-2#Pharyngeal#Dream It Possible#Control_Group#0000,EN-Alto-2,Dream It Possible,Control_Group,positive_mix,clear_mix,0.298259,0.126741
English#EN-Alto-2#Vibrato#Young And Beautiful#Vibrato_Group#0001,EN-Alto-2,Young And Beautiful,Vibrato_Group,positive_mix,clear_mix,0.297962,0.127038
English#EN-Alto-1#Vibrato#memory#Control_Group#0003,EN-Alto-1,memory,Control_Group,positive_mix,clear_mix,0.297754,0.127246
English#EN-Tenor-1#Vibrato#Someone Like You#Control_Group#0000,EN-Tenor-1,Someone Like You,Control_Group,positive_mix,clear_mix,0.297499,0.127501
English#EN-Tenor-1#Vibrato#Million Reasons#Vibrato_Group#0006,EN-Tenor-1,Million Reasons,Vibrato_Group,positive_mix,clear_mix,0.297309,0.127691
English#EN-Alto-1#Breathy#who says#Control_Group#0010,EN-Alto-1,who says,Control_Group,positive_mix,head_mix,0.297256,0.127744
English#EN-Alto-1#Pharyngeal#who says#Control_Group#0009,EN-Alto-1,who says,Control_Group,positive_mix,head_mix,0.297256,0.127744
English#EN-Alto-2#Breathy#My Heart Will Go On#Breathy_Group#0009,EN-Alto-2,My Heart Will Go On,Breathy_Group,positive_mix,breathy_mix,0.297111,0.127889
English#EN-Alto-1#Breathy#god is a girl#Control_Group#0000,EN-Alto-1,god is a girl,Control_Group,positive_mix,clear_mix,0.296972,0.128028
English#EN-Alto-2#Mixed_Voice_and_Falsetto#Cry on My Shoulder#Mixed_Voice_Group#0003,EN-Alto-2,Cry on My Shoulder,Mixed_Voice_Group,positive_mix,clear_mix,0.296861,0.128139
English#EN-Alto-2#Glissando#All of Me#Glissando_Group#0004,EN-Alto-2,All of Me,Glissando_Group,positive_mix,clear_mix,0.29641,0.12859
English#EN-Tenor-1#Glissando#Always Remember Us This Way#Control_Group#0012,EN-Tenor-1,Always Remember Us This Way,Control_Group,positive_mix,clear_mix,0.296273,0.128727
English#EN-Alto-1#Glissando#god is a girl#Control_Group#0009,EN-Alto-1,god is a girl,Control_Group,positive_mix,clear_mix,0.296072,0.128928
English#EN-Alto-1#Pharyngeal#somewhere over the rainbow#Control_Group#0011,EN-Alto-1,somewhere over the rainbow,Control_Group,positive_mix,clear_mix,0.295142,0.129858
English#EN-Tenor-1#Glissando#I Knew You Were Trouble#Glissando_Group#0000,EN-Tenor-1,I Knew You Were Trouble,Glissando_Group,positive_mix,clear_mix,0.295009,0.129991
English#EN-Tenor-1#Glissando#Enchanted#Glissando_Group#0009,EN-Tenor-1,Enchanted,Glissando_Group,positive_mix,clear_mix,0.294909,0.130091
English#EN-Alto-2#Vibrato#Yesterday Once More#Vibrato_Group#0004,EN-Alto-2,Yesterday Once More,Vibrato_Group,positive_mix,clear_mix,0.294828,0.130172
English#EN-Alto-1#Glissando#rolling in the deep#Control_Group#0006,EN-Alto-1,rolling in the deep,Control_Group,positive_mix,clear_mix,0.29452,0.13048
English#EN-Tenor-1#Mixed_Voice_and_Falsetto#Firework#Mixed_Voice_Group#0001,EN-Tenor-1,Firework,Mixed_Voice_Group,positive_mix,clear_mix,0.294147,0.130853
English#EN-Alto-1#Mixed_Voice_and_Falsetto#you raise me up#Mixed_Voice_Group#0003,EN-Alto-1,you raise me up,Mixed_Voice_Group,positive_mix,clear_mix,0.293753,0.131247
English#EN-Alto-2#Glissando#Someone Like You#Glissando_Group#0008,EN-Alto-2,Someone Like You,Glissando_Group,positive_mix,clear_mix,0.292904,0.132096
English#EN-Alto-1#Breathy#god is a girl#Control_Group#0004,EN-Alto-1,god is a girl,Control_Group,positive_mix,clear_mix,0.292893,0.132107
English#EN-Tenor-1#Vibrato#Shallow#Control_Group#0002,EN-Tenor-1,Shallow,Control_Group,positive_mix,clear_mix,0.292415,0.132585
English#EN-Alto-2#Pharyngeal#Someone Like You#Control_Group#0003,EN-Alto-2,Someone Like You,Control_Group,positive_mix,clear_mix,0.292365,0.132635
English#EN-Tenor-1#Glissando#Rolling in the Deep#Control_Group#0003,EN-Tenor-1,Rolling in the Deep,Control_Group,positive_mix,clear_mix,0.290992,0.134008
English#EN-Alto-2#Glissando#Love Me Like You Do#Glissando_Group#0004,EN-Alto-2,Love Me Like You Do,Glissando_Group,positive_mix,clear_mix,0.290687,0.134313
English#EN-Alto-2#Pharyngeal#My Heart Will Go On#Control_Group#0009,EN-Alto-2,My Heart Will Go On,Control_Group,positive_mix,clear_mix,0.290312,0.134688
English#EN-Alto-2#Vibrato#My Love#Vibrato_Group#0006,EN-Alto-2,My Love,Vibrato_Group,positive_mix,clear_mix,0.290311,0.134689
English#EN-Alto-1#Mixed_Voice_and_Falsetto#big big world#Mixed_Voice_Group#0003,EN-Alto-1,big big world,Mixed_Voice_Group,positive_mix,clear_mix,0.290233,0.134767
English#EN-Tenor-1#Breathy#What Was I Made For？#Control_Group#0005,EN-Tenor-1,What Was I Made For？,Control_Group,positive_mix,clear_mix,0.290023,0.134977
English#EN-Alto-2#Vibrato#All of Me#Vibrato_Group#0002,EN-Alto-2,All of Me,Vibrato_Group,positive_mix,clear_mix,0.289771,0.135229
English#EN-Alto-1#Breathy#safe and sound#Breathy_Group#0011,EN-Alto-1,safe and sound,Breathy_Group,positive_mix,clear_mix,0.289349,0.135651
English#EN-Alto-2#Mixed_Voice_and_Falsetto#Cry on My Shoulder#Mixed_Voice_Group#0002,EN-Alto-2,Cry on My Shoulder,Mixed_Voice_Group,positive_mix,clear_mix,0.288912,0.136088
English#EN-Tenor-1#Vibrato#I Knew You Were Trouble#Vibrato_Group#0007,EN-Tenor-1,I Knew You Were Trouble,Vibrato_Group,positive_mix,clear_mix,0.288751,0.136249
English#EN-Alto-2#Mixed_Voice_and_Falsetto#Cry on My Shoulder#Mixed_Voice_Group#0000,EN-Alto-2,Cry on My Shoulder,Mixed_Voice_Group,positive_mix,clear_mix,0.28856,0.13644
English#EN-Alto-2#Vibrato#What Are Words#Vibrato_Group#0007,EN-Alto-2,What Are Words,Vibrato_Group,positive_mix,clear_mix,0.287057,0.137943
English#EN-Alto-2#Breathy#Someone Like You#Control_Group#0011,EN-Alto-2,Someone Like You,Control_Group,positive_mix,clear_mix,0.286995,0.138005
English#EN-Alto-2#Glissando#Someone Like You#Control_Group#0012,EN-Alto-2,Someone Like You,Control_Group,positive_mix,clear_mix,0.286995,0.138005
English#EN-Alto-2#Pharyngeal#Someone Like You#Control_Group#0011,EN-Alto-2,Someone Like You,Control_Group,positive_mix,clear_mix,0.286995,0.138005
English#EN-Alto-2#Vibrato#Someone Like You#Control_Group#0011,EN-Alto-2,Someone Like You,Control_Group,positive_mix,clear_mix,0.286995,0.138005
English#EN-Alto-2#Glissando#My Love#Glissando_Group#0005,EN-Alto-2,My Love,Glissando_Group,positive_mix,clear_mix,0.286982,0.138018
English#EN-Alto-2#Mixed_Voice_and_Falsetto#You Belong With Me#Mixed_Voice_Group#0001,EN-Alto-2,You Belong With Me,Mixed_Voice_Group,positive_mix,clear_mix,0.286788,0.138212
English#EN-Alto-1#Breathy#god is a girl#Control_Group#0003,EN-Alto-1,god is a girl,Control_Group,positive_mix,clear_mix,0.286364,0.138636
English#EN-Alto-1#Mixed_Voice_and_Falsetto#somewhere over the rainbow#Mixed_Voice_Group#0001,EN-Alto-1,somewhere over the rainbow,Mixed_Voice_Group,positive_mix,clear_mix,0.28621,0.13879
English#EN-Alto-2#Mixed_Voice_and_Falsetto#Someone Like You#Mixed_Voice_Group#0002,EN-Alto-2,Someone Like You,Mixed_Voice_Group,positive_mix,clear_mix,0.28607,0.13893
English#EN-Alto-2#Vibrato#Yesterday Once More#Vibrato_Group#0008,EN-Alto-2,Yesterday Once More,Vibrato_Group,positive_mix,clear_mix,0.285965,0.139035
English#EN-Alto-1#Pharyngeal#monsters#Control_Group#0002,EN-Alto-1,monsters,Control_Group,positive_mix,clear_mix,0.285685,0.139315
English#EN-Alto-1#Breathy#who says#Control_Group#0012,EN-Alto-1,who says,Control_Group,positive_mix,clear_mix,0.285629,0.139371
English#EN-Alto-1#Pharyngeal#who says#Control_Group#0011,EN-Alto-1,who says,Control_Group,positive_mix,clear_mix,0.285629,0.139371
English#EN-Alto-2#Breathy#My Love#Control_Group#0007,EN-Alto-2,My Love,Control_Group,positive_mix,clear_mix,0.285301,0.139699
English#EN-Alto-2#Pharyngeal#My Love#Control_Group#0007,EN-Alto-2,My Love,Control_Group,positive_mix,clear_mix,0.285301,0.139699
English#EN-Alto-1#Mixed_Voice_and_Falsetto#seasons in the sun#Mixed_Voice_Group#0000,EN-Alto-1,seasons in the sun,Mixed_Voice_Group,positive_mix,clear_mix,0.284425,0.140575
English#EN-Alto-2#Mixed_Voice_and_Falsetto#Try#Mixed_Voice_Group#0000,EN-Alto-2,Try,Mixed_Voice_Group,positive_mix,clear_mix,0.283851,0.141149
English#EN-Alto-2#Vibrato#Safe and Sound#Vibrato_Group#0005,EN-Alto-2,Safe and Sound,Vibrato_Group,positive_mix,clear_mix,0.283592,0.141408
English#EN-Tenor-1#Glissando#All I Ask#Control_Group#0007,EN-Tenor-1,All I Ask,Control_Group,positive_mix,clear_mix,0.283541,0.141459
English#EN-Alto-2#Mixed_Voice_and_Falsetto#Hello#Mixed_Voice_Group#0005,EN-Alto-2,Hello,Mixed_Voice_Group,positive_mix,clear_mix,0.282977,0.142023
English#EN-Alto-2#Glissando#Someone Like You#Glissando_Group#0011,EN-Alto-2,Someone Like You,Glissando_Group,positive_mix,clear_mix,0.282646,0.142354
English#EN-Alto-1#Vibrato#my heart will go on#Control_Group#0005,EN-Alto-1,my heart will go on,Control_Group,positive_mix,clear_mix,0.28247,0.14253
English#EN-Tenor-1#Vibrato#You Belong With Me#Vibrato_Group#0012,EN-Tenor-1,You Belong With Me,Vibrato_Group,positive_mix,clear_mix,0.282446,0.142554
English#EN-Alto-1#Glissando#trouble is a friend#Glissando_Group#0010,EN-Alto-1,trouble is a friend,Glissando_Group,positive_mix,clear_mix,0.281707,0.143293
English#EN-Alto-2#Breathy#My Heart Will Go On#Control_Group#0010,EN-Alto-2,My Heart Will Go On,Control_Group,positive_mix,clear_mix,0.280639,0.144361
English#EN-Alto-2#Glissando#All of Me#Glissando_Group#0006,EN-Alto-2,All of Me,Glissando_Group,positive_mix,clear_mix,0.280377,0.144623
English#EN-Alto-1#Vibrato#my heart will go on#Vibrato_Group#0004,EN-Alto-1,my heart will go on,Vibrato_Group,positive_mix,clear_mix,0.280263,0.144737
English#EN-Tenor-1#Breathy#Rolling in the Deep#Control_Group#0004,EN-Tenor-1,Rolling in the Deep,Control_Group,positive_mix,clear_mix,0.279812,0.145188
English#EN-Tenor-1#Pharyngeal#Rolling in the Deep#Control_Group#0004,EN-Tenor-1,Rolling in the Deep,Control_Group,positive_mix,clear_mix,0.279812,0.145188
English#EN-Tenor-1#Vibrato#Rolling in the Deep#Control_Group#0004,EN-Tenor-1,Rolling in the Deep,Control_Group,positive_mix,clear_mix,0.279812,0.145188
English#EN-Alto-2#Mixed_Voice_and_Falsetto#Seasons of Love#Mixed_Voice_Group#0000,EN-Alto-2,Seasons of Love,Mixed_Voice_Group,positive_mix,clear_mix,0.279773,0.145227
English#EN-Alto-1#Mixed_Voice_and_Falsetto#let it go#Mixed_Voice_Group#0019,EN-Alto-1,let it go,Mixed_Voice_Group,positive_mix,clear_mix,0.279229,0.145771
English#EN-Alto-1#Mixed_Voice_and_Falsetto#all is found#Mixed_Voice_Group#0001,EN-Alto-1,all is found,Mixed_Voice_Group,positive_mix,clear_mix,0.27859,0.14641
English#EN-Alto-2#Breathy#Yesterday Once More#Control_Group#0000,EN-Alto-2,Yesterday Once More,Control_Group,positive_mix,clear_mix,0.278138,0.146862
English#EN-Alto-2#Glissando#Yesterday Once More#Control_Group#0000,EN-Alto-2,Yesterday Once More,Control_Group,positive_mix,clear_mix,0.278138,0.146862
English#EN-Alto-2#Pharyngeal#Yesterday Once More#Control_Group#0000,EN-Alto-2,Yesterday Once More,Control_Group,positive_mix,clear_mix,0.278138,0.146862
English#EN-Alto-2#Vibrato#Yesterday Once More#Control_Group#0000,EN-Alto-2,Yesterday Once More,Control_Group,positive_mix,clear_mix,0.278138,0.146862
English#EN-Tenor-1#Glissando#I Knew You Were Trouble#Glissando_Group#0003,EN-Tenor-1,I Knew You Were Trouble,Glissando_Group,positive_mix,clear_mix,0.27714,0.14786
English#EN-Alto-2#Mixed_Voice_and_Falsetto#My Heart Will Go On#Mixed_Voice_Group#0001,EN-Alto-2,My Heart Will Go On,Mixed_Voice_Group,positive_mix,clear_mix,0.27613,0.14887
English#EN-Alto-1#Glissando#for the first time in forever#Glissando_Group#0001,EN-Alto-1,for the first time in forever,Glissando_Group,positive_mix,clear_mix,0.275917,0.149083
English#EN-Alto-1#Breathy#all is found#Breathy_Group#0012,EN-Alto-1,all is found,Breathy_Group,positive_mix,breathy_mix,0.275828,0.149172
English#EN-Alto-2#Breathy#Fly Me to the Moon#Control_Group#0003,EN-Alto-2,Fly Me to the Moon,Control_Group,positive_mix,clear_mix,0.275076,0.149924
English#EN-Alto-2#Glissando#Fly Me to the Moon#Control_Group#0003,EN-Alto-2,Fly Me to the Moon,Control_Group,positive_mix,clear_mix,0.275076,0.149924
English#EN-Alto-2#Pharyngeal#Fly Me to the Moon#Control_Group#0003,EN-Alto-2,Fly Me to the Moon,Control_Group,positive_mix,clear_mix,0.275076,0.149924
English#EN-Alto-2#Vibrato#Fly Me to the Moon#Control_Group#0003,EN-Alto-2,Fly Me to the Moon,Control_Group,positive_mix,clear_mix,0.275076,0.149924
English#EN-Alto-1#Glissando#for the first time in forever#Glissando_Group#0002,EN-Alto-1,for the first time in forever,Glissando_Group,positive_mix,clear_mix,0.274907,0.150093
English#EN-Alto-1#Pharyngeal#somewhere over the rainbow#Control_Group#0007,EN-Alto-1,somewhere over the rainbow,Control_Group,positive_mix,clear_mix,0.274753,0.150247
English#EN-Alto-1#Mixed_Voice_and_Falsetto#you raise me up#Mixed_Voice_Group#0014,EN-Alto-1,you raise me up,Mixed_Voice_Group,positive_mix,clear_mix,0.274144,0.150856
English#EN-Alto-2#Glissando#Young And Beautiful#Glissando_Group#0002,EN-Alto-2,Young And Beautiful,Glissando_Group,positive_mix,clear_mix,0.273724,0.151276
English#EN-Alto-1#Mixed_Voice_and_Falsetto#you raise me up#Mixed_Voice_Group#0000,EN-Alto-1,you raise me up,Mixed_Voice_Group,positive_mix,clear_mix,0.273587,0.151413
English#EN-Alto-2#Vibrato#Someone Like You#Vibrato_Group#0002,EN-Alto-2,Someone Like You,Vibrato_Group,positive_mix,clear_mix,0.273512,0.151488
English#EN-Alto-2#Breathy#Dream It Possible#Control_Group#0001,EN-Alto-2,Dream It Possible,Control_Group,positive_mix,clear_mix,0.273479,0.151521
English#EN-Alto-2#Glissando#Dream It Possible#Control_Group#0001,EN-Alto-2,Dream It Possible,Control_Group,positive_mix,clear_mix,0.273479,0.151521
English#EN-Alto-2#Mixed_Voice_and_Falsetto#Dream It Possible#Mixed_Voice_Group#0001,EN-Alto-2,Dream It Possible,Mixed_Voice_Group,positive_mix,clear_mix,0.273479,0.151521
English#EN-Alto-2#Vibrato#Dream It Possible#Control_Group#0001,EN-Alto-2,Dream It Possible,Control_Group,positive_mix,clear_mix,0.273479,0.151521
English#EN-Alto-1#Vibrato#edelweiss#Control_Group#0002,EN-Alto-1,edelweiss,Control_Group,positive_mix,clear_mix,0.273183,0.151817
English#EN-Alto-1#Mixed_Voice_and_Falsetto#seasons in the sun#Mixed_Voice_Group#0018,EN-Alto-1,seasons in the sun,Mixed_Voice_Group,positive_mix,clear_mix,0.273115,0.151885
English#EN-Alto-2#Glissando#Someone You Loved#Glissando_Group#0004,EN-Alto-2,Someone You Loved,Glissando_Group,positive_mix,clear_mix,0.272985,0.152015
English#EN-Alto-1#Pharyngeal#beauty and the beast#Control_Group#0007,EN-Alto-1,beauty and the beast,Control_Group,positive_mix,clear_mix,0.272768,0.152232
English#EN-Alto-1#Glissando#for the first time in forever#Control_Group#0006,EN-Alto-1,for the first time in forever,Control_Group,positive_mix,clear_mix,0.27274,0.15226
English#EN-Tenor-1#Vibrato#Always Remember Us This Way#Control_Group#0012,EN-Tenor-1,Always Remember Us This Way,Control_Group,positive_mix,clear_mix,0.272676,0.152324
English#EN-Alto-2#Breathy#My Heart Will Go On#Breathy_Group#0010,EN-Alto-2,My Heart Will Go On,Breathy_Group,positive_mix,breathy_mix,0.272041,0.152959
English#EN-Alto-2#Mixed_Voice_and_Falsetto#City Of Stars#Mixed_Voice_Group#0011,EN-Alto-2,City Of Stars,Mixed_Voice_Group,positive_mix,clear_mix,0.271576,0.153424
English#EN-Alto-2#Mixed_Voice_and_Falsetto#Lemon Tree#Mixed_Voice_Group#0004,EN-Alto-2,Lemon Tree,Mixed_Voice_Group,positive_mix,clear_mix,0.271529,0.153471
English#EN-Alto-2#Glissando#Love Story#Glissando_Group#0000,EN-Alto-2,Love Story,Glissando_Group,positive_mix,clear_mix,0.271496,0.153504
English#EN-Tenor-1#Glissando#Long Live#Control_Group#0001,EN-Tenor-1,Long Live,Control_Group,positive_mix,clear_mix,0.271236,0.153764
English#EN-Alto-2#Breathy#Someone Like You#Control_Group#0005,EN-Alto-2,Someone Like You,Control_Group,positive_mix,clear_mix,0.271093,0.153907
English#EN-Alto-2#Mixed_Voice_and_Falsetto#Someone Like You#Mixed_Voice_Group#0005,EN-Alto-2,Someone Like You,Mixed_Voice_Group,positive_mix,clear_mix,0.271093,0.153907
English#EN-Alto-2#Pharyngeal#Someone Like You#Control_Group#0005,EN-Alto-2,Someone Like You,Control_Group,positive_mix,clear_mix,0.271093,0.153907
English#EN-Alto-2#Vibrato#Someone Like You#Control_Group#0005,EN-Alto-2,Someone Like You,Control_Group,positive_mix,clear_mix,0.271093,0.153907
English#EN-Alto-1#Mixed_Voice_and_Falsetto#you raise me up#Mixed_Voice_Group#0010,EN-Alto-1,you raise me up,Mixed_Voice_Group,positive_mix,clear_mix,0.270793,0.154207
English#EN-Tenor-1#Mixed_Voice_and_Falsetto#I Know Places#Mixed_Voice_Group#0003,EN-Tenor-1,I Know Places,Mixed_Voice_Group,positive_mix,clear_mix,0.270696,0.154304
English#EN-Alto-1#Breathy#innocence#Control_Group#0005,EN-Alto-1,innocence,Control_Group,positive_mix,clear_mix,0.270323,0.154677
English#EN-Alto-2#Mixed_Voice_and_Falsetto#Hey Jude#Mixed_Voice_Group#0005,EN-Alto-2,Hey Jude,Mixed_Voice_Group,positive_mix,clear_mix,0.269765,0.155235
English#EN-Alto-2#Vibrato#Young And Beautiful#Vibrato_Group#0003,EN-Alto-2,Young And Beautiful,Vibrato_Group,positive_mix,clear_mix,0.269488,0.155512
English#EN-Tenor-1#Glissando#Enchanted#Glissando_Group#0002,EN-Tenor-1,Enchanted,Glissando_Group,positive_mix,clear_mix,0.269087,0.155913
English#EN-Alto-2#Mixed_Voice_and_Falsetto#Hey Jude#Mixed_Voice_Group#0008,EN-Alto-2,Hey Jude,Mixed_Voice_Group,positive_mix,clear_mix,0.268767,0.156233
English#EN-Tenor-1#Glissando#You Belong With Me#Glissando_Group#0009,EN-Tenor-1,You Belong With Me,Glissando_Group,positive_mix,clear_mix,0.268479,0.156521
English#EN-Alto-1#Breathy#innocence#Breathy_Group#0000,EN-Alto-1,innocence,Breathy_Group,positive_mix,clear_mix,0.268082,0.156918
English#EN-Tenor-1#Pharyngeal#Always Remember Us This Way#Control_Group#0011,EN-Tenor-1,Always Remember Us This Way,Control_Group,positive_mix,clear_mix,0.267516,0.157484
English#EN-Alto-2#Glissando#My Heart Will Go On#Glissando_Group#0008,EN-Alto-2,My Heart Will Go On,Glissando_Group,positive_mix,clear_mix,0.267513,0.157487
English#EN-Alto-1#Mixed_Voice_and_Falsetto#let it go#Mixed_Voice_Group#0003,EN-Alto-1,let it go,Mixed_Voice_Group,positive_mix,clear_mix,0.266514,0.158486
English#EN-Alto-1#Breathy#sleepyhead#Control_Group#0011,EN-Alto-1,sleepyhead,Control_Group,positive_mix,clear_mix,0.265646,0.159354
English#EN-Tenor-1#Glissando#Always Remember Us This Way#Control_Group#0010,EN-Tenor-1,Always Remember Us This Way,Control_Group,positive_mix,clear_mix,0.265158,0.159842
English#EN-Tenor-1#Pharyngeal#Always Remember Us This Way#Control_Group#0010,EN-Tenor-1,Always Remember Us This Way,Control_Group,positive_mix,clear_mix,0.265158,0.159842
English#EN-Tenor-1#Vibrato#Always Remember Us This Way#Control_Group#0010,EN-Tenor-1,Always Remember Us This Way,Control_Group,positive_mix,clear_mix,0.265158,0.159842
English#EN-Alto-2#Glissando#Safe and Sound#Glissando_Group#0001,EN-Alto-2,Safe and Sound,Glissando_Group,positive_mix,clear_mix,0.265153,0.159847
English#EN-Tenor-1#Glissando#All I Ask#Glissando_Group#0003,EN-Tenor-1,All I Ask,Glissando_Group,positive_mix,clear_mix,0.264639,0.160361
English#EN-Alto-1#Pharyngeal#beauty and the beast#Control_Group#0001,EN-Alto-1,beauty and the beast,Control_Group,positive_mix,clear_mix,0.263515,0.161485
English#EN-Alto-1#Breathy#innocence#Breathy_Group#0007,EN-Alto-1,innocence,Breathy_Group,positive_mix,clear_mix,0.262823,0.162177
English#EN-Alto-2#Pharyngeal#My Heart Will Go On#Control_Group#0001,EN-Alto-2,My Heart Will Go On,Control_Group,positive_mix,clear_mix,0.262699,0.162301
English#EN-Tenor-1#Glissando#What Was I Made For？#Glissando_Group#0005,EN-Tenor-1,What Was I Made For？,Glissando_Group,positive_mix,clear_mix,0.262057,0.162943
English#EN-Alto-2#Glissando#You Raise Me Up#Control_Group#0003,EN-Alto-2,You Raise Me Up,Control_Group,positive_mix,clear_mix,0.260785,0.164215
English#EN-Alto-2#Pharyngeal#You Raise Me Up#Control_Group#0003,EN-Alto-2,You Raise Me Up,Control_Group,positive_mix,clear_mix,0.260785,0.164215
English#EN-Alto-1#Mixed_Voice_and_Falsetto#seasons in the sun#Mixed_Voice_Group#0020,EN-Alto-1,seasons in the sun,Mixed_Voice_Group,positive_mix,clear_mix,0.260295,0.164705
English#EN-Alto-1#Glissando#for the first time in forever#Control_Group#0011,EN-Alto-1,for the first time in forever,Control_Group,positive_mix,clear_mix,0.260292,0.164708
English#EN-Tenor-1#Vibrato#Someone Like You#Vibrato_Group#0001,EN-Tenor-1,Someone Like You,Vibrato_Group,positive_mix,clear_mix,0.259602,0.165398
English#EN-Tenor-1#Breathy#Shallow#Control_Group#0011,EN-Tenor-1,Shallow,Control_Group,positive_mix,clear_mix,0.259563,0.165437
English#EN-Tenor-1#Breathy#Always Remember Us This Way#Control_Group#0002,EN-Tenor-1,Always Remember Us This Way,Control_Group,positive_mix,clear_mix,0.259525,0.165475
English#EN-Tenor-1#Glissando#Always Remember Us This Way#Control_Group#0002,EN-Tenor-1,Always Remember Us This Way,Control_Group,positive_mix,clear_mix,0.259525,0.165475
English#EN-Tenor-1#Pharyngeal#Always Remember Us This Way#Control_Group#0002,EN-Tenor-1,Always Remember Us This Way,Control_Group,positive_mix,clear_mix,0.259525,0.165475
English#EN-Tenor-1#Vibrato#Always Remember Us This Way#Control_Group#0002,EN-Tenor-1,Always Remember Us This Way,Control_Group,positive_mix,clear_mix,0.259525,0.165475
English#EN-Alto-1#Breathy#innocence#Control_Group#0001,EN-Alto-1,innocence,Control_Group,positive_mix,clear_mix,0.259262,0.165738
English#EN-Tenor-1#Glissando#Enchanted#Glissando_Group#0007,EN-Tenor-1,Enchanted,Glissando_Group,positive_mix,clear_mix,0.259229,0.165771
English#EN-Alto-2#Breathy#Dream It Possible#Control_Group#0002,EN-Alto-2,Dream It Possible,Control_Group,positive_mix,clear_mix,0.259094,0.165906
English#EN-Alto-2#Glissando#Dream It Possible#Control_Group#0002,EN-Alto-2,Dream It Possible,Control_Group,positive_mix,clear_mix,0.259094,0.165906
English#EN-Alto-2#Mixed_Voice_and_Falsetto#Dream It Possible#Mixed_Voice_Group#0002,EN-Alto-2,Dream It Possible,Mixed_Voice_Group,positive_mix,clear_mix,0.259094,0.165906
English#EN-Alto-2#Vibrato#Dream It Possible#Control_Group#0002,EN-Alto-2,Dream It Possible,Control_Group,positive_mix,clear_mix,0.259094,0.165906
English#EN-Alto-2#Glissando#Easy On Me#Glissando_Group#0000,EN-Alto-2,Easy On Me,Glissando_Group,positive_mix,clear_mix,0.258952,0.166048
English#EN-Alto-2#Glissando#All of Me#Glissando_Group#0005,EN-Alto-2,All of Me,Glissando_Group,positive_mix,clear_mix,0.258214,0.166786
English#EN-Tenor-1#Glissando#You Belong With Me#Glissando_Group#0003,EN-Tenor-1,You Belong With Me,Glissando_Group,positive_mix,clear_mix,0.258149,0.166851
English#EN-Alto-1#Mixed_Voice_and_Falsetto#yesterday once more#Mixed_Voice_Group#0005,EN-Alto-1,yesterday once more,Mixed_Voice_Group,positive_mix,clear_mix,0.257791,0.167209
English#EN-Alto-2#Glissando#Someone Like You#Control_Group#0003,EN-Alto-2,Someone Like You,Control_Group,positive_mix,clear_mix,0.257095,0.167905
English#EN-Alto-2#Glissando#My Heart Will Go On#Glissando_Group#0006,EN-Alto-2,My Heart Will Go On,Glissando_Group,positive_mix,clear_mix,0.256649,0.168351
English#EN-Alto-1#Breathy#innocence#Breathy_Group#0009,EN-Alto-1,innocence,Breathy_Group,positive_mix,clear_mix,0.256629,0.168371
English#EN-Alto-1#Mixed_Voice_and_Falsetto#all is found#Mixed_Voice_Group#0002,EN-Alto-1,all is found,Mixed_Voice_Group,positive_mix,clear_mix,0.25645,0.16855
English#EN-Alto-1#Glissando#rolling in the deep#Glissando_Group#0011,EN-Alto-1,rolling in the deep,Glissando_Group,positive_mix,clear_mix,0.256301,0.168699
English#EN-Tenor-1#Pharyngeal#Long Live#Control_Group#0001,EN-Tenor-1,Long Live,Control_Group,positive_mix,clear_mix,0.25616,0.16884
English#EN-Alto-1#Breathy#safe and sound#Breathy_Group#0000,EN-Alto-1,safe and sound,Breathy_Group,positive_mix,clear_mix,0.256126,0.168874
English#EN-Tenor-1#Breathy#I Knew You Were Trouble#Control_Group#0005,EN-Tenor-1,I Knew You Were Trouble,Control_Group,positive_mix,clear_mix,0.255772,0.169228
English#EN-Tenor-1#Pharyngeal#I Knew You Were Trouble#Control_Group#0005,EN-Tenor-1,I Knew You Were Trouble,Control_Group,positive_mix,clear_mix,0.255772,0.169228
English#EN-Tenor-1#Vibrato#I Knew You Were Trouble#Control_Group#0005,EN-Tenor-1,I Knew You Were Trouble,Control_Group,positive_mix,clear_mix,0.255772,0.169228
English#EN-Alto-2#Glissando#A Thousand Years#Glissando_Group#0005,EN-Alto-2,A Thousand Years,Glissando_Group,positive_mix,clear_mix,0.255495,0.169505
English#EN-Tenor-1#Mixed_Voice_and_Falsetto#Shallow#Mixed_Voice_Group#0011,EN-Tenor-1,Shallow,Mixed_Voice_Group,positive_mix,clear_mix,0.255371,0.169629
English#EN-Alto-2#Mixed_Voice_and_Falsetto#You Raise Me Up#Mixed_Voice_Group#0003,EN-Alto-2,You Raise Me Up,Mixed_Voice_Group,positive_mix,clear_mix,0.254515,0.170485
English#EN-Alto-1#Vibrato#memory#Vibrato_Group#0007,EN-Alto-1,memory,Vibrato_Group,positive_mix,clear_mix,0.254477,0.170523
English#EN-Alto-2#Mixed_Voice_and_Falsetto#Seasons of Love#Mixed_Voice_Group#0002,EN-Alto-2,Seasons of Love,Mixed_Voice_Group,positive_mix,clear_mix,0.254217,0.170783
English#EN-Alto-2#Vibrato#My Love#Control_Group#0000,EN-Alto-2,My Love,Control_Group,positive_mix,clear_mix,0.25343,0.17157
English#EN-Alto-2#Mixed_Voice_and_Falsetto#City Of Stars#Mixed_Voice_Group#0010,EN-Alto-2,City Of Stars,Mixed_Voice_Group,positive_mix,clear_mix,0.25308,0.17192
English#EN-Alto-1#Pharyngeal#beauty and the beast#Control_Group#0008,EN-Alto-1,beauty and the beast,Control_Group,positive_mix,clear_mix,0.253011,0.171989
English#EN-Tenor-1#Breathy#Unconditionally#Control_Group#0001,EN-Tenor-1,Unconditionally,Control_Group,positive_mix,clear_mix,0.252887,0.172113
English#EN-Tenor-1#Glissando#Unconditionally#Control_Group#0001,EN-Tenor-1,Unconditionally,Control_Group,positive_mix,clear_mix,0.252887,0.172113
English#EN-Tenor-1#Vibrato#Unconditionally#Control_Group#0001,EN-Tenor-1,Unconditionally,Control_Group,positive_mix,clear_mix,0.252887,0.172113
English#EN-Tenor-1#Glissando#I Knew You Were Trouble#Control_Group#0003,EN-Tenor-1,I Knew You Were Trouble,Control_Group,positive_mix,clear_mix,0.252665,0.172335
English#EN-Alto-2#Mixed_Voice_and_Falsetto#Call Me Maybe#Mixed_Voice_Group#0000,EN-Alto-2,Call Me Maybe,Mixed_Voice_Group,positive_mix,clear_mix,0.252056,0.172944
English#EN-Alto-2#Glissando#All of Me#Glissando_Group#0002,EN-Alto-2,All of Me,Glissando_Group,positive_mix,clear_mix,0.252033,0.172967
English#EN-Alto-2#Glissando#My Love#Glissando_Group#0004,EN-Alto-2,My Love,Glissando_Group,positive_mix,clear_mix,0.251432,0.173568
English#EN-Alto-2#Pharyngeal#My Heart Will Go On#Control_Group#0010,EN-Alto-2,My Heart Will Go On,Control_Group,positive_mix,clear_mix,0.251318,0.173682
English#EN-Alto-1#Vibrato#if you love me for me#Control_Group#0002,EN-Alto-1,if you love me for me,Control_Group,positive_mix,clear_mix,0.251173,0.173827
English#EN-Alto-2#Breathy#Someone You Loved#Control_Group#0000,EN-Alto-2,Someone You Loved,Control_Group,positive_mix,clear_mix,0.250953,0.174047
English#EN-Alto-2#Glissando#Someone You Loved#Control_Group#0000,EN-Alto-2,Someone You Loved,Control_Group,positive_mix,clear_mix,0.250953,0.174047
English#EN-Alto-2#Mixed_Voice_and_Falsetto#Someone You Loved#Mixed_Voice_Group#0000,EN-Alto-2,Someone You Loved,Mixed_Voice_Group,positive_mix,clear_mix,0.250953,0.174047
English#EN-Alto-2#Pharyngeal#Someone You Loved#Control_Group#0000,EN-Alto-2,Someone You Loved,Control_Group,positive_mix,clear_mix,0.250953,0.174047
English#EN-Alto-2#Vibrato#Someone You Loved#Control_Group#0000,EN-Alto-2,Someone You Loved,Control_Group,positive_mix,clear_mix,0.250953,0.174047
English#EN-Alto-1#Mixed_Voice_and_Falsetto#my love#Mixed_Voice_Group#0011,EN-Alto-1,my love,Mixed_Voice_Group,positive_mix,clear_mix,0.250198,0.174802
English#EN-Tenor-1#Glissando#Stay#Control_Group#0001,EN-Tenor-1,Stay,Control_Group,positive_mix,clear_mix,0.249129,0.175871
English#EN-Tenor-1#Breathy#Long Live#Control_Group#0004,EN-Tenor-1,Long Live,Control_Group,positive_mix,clear_mix,0.248916,0.176084
English#EN-Tenor-1#Glissando#Long Live#Control_Group#0004,EN-Tenor-1,Long Live,Control_Group,positive_mix,clear_mix,0.248916,0.176084
English#EN-Tenor-1#Pharyngeal#Long Live#Control_Group#0004,EN-Tenor-1,Long Live,Control_Group,positive_mix,clear_mix,0.248916,0.176084
English#EN-Tenor-1#Vibrato#Long Live#Control_Group#0004,EN-Tenor-1,Long Live,Control_Group,positive_mix,clear_mix,0.248916,0.176084
English#EN-Alto-2#Glissando#My Heart Will Go On#Control_Group#0003,EN-Alto-2,My Heart Will Go On,Control_Group,positive_mix,clear_mix,0.248914,0.176086
English#EN-Alto-2#Mixed_Voice_and_Falsetto#Five Hundred Miles#Mixed_Voice_Group#0003,EN-Alto-2,Five Hundred Miles,Mixed_Voice_Group,positive_mix,clear_mix,0.248486,0.176514
English#EN-Alto-2#Glissando#Someone Like You#Glissando_Group#0002,EN-Alto-2,Someone Like You,Glissando_Group,positive_mix,clear_mix,0.247704,0.177296
English#EN-Tenor-1#Glissando#Enchanted#Glissando_Group#0001,EN-Tenor-1,Enchanted,Glissando_Group,positive_mix,clear_mix,0.24769,0.17731
English#EN-Alto-2#Mixed_Voice_and_Falsetto#Let Her Go#Mixed_Voice_Group#0000,EN-Alto-2,Let Her Go,Mixed_Voice_Group,positive_mix,clear_mix,0.24744,0.17756
English#EN-Tenor-1#Vibrato#Long Live#Vibrato_Group#0010,EN-Tenor-1,Long Live,Vibrato_Group,positive_mix,clear_mix,0.247396,0.177604
English#EN-Alto-2#Vibrato#My Heart Will Go On#Vibrato_Group#0002,EN-Alto-2,My Heart Will Go On,Vibrato_Group,positive_mix,clear_mix,0.247283,0.177717
English#EN-Alto-2#Breathy#Someone Like You#Control_Group#0001,EN-Alto-2,Someone Like You,Control_Group,positive_mix,clear_mix,0.246907,0.178093
English#EN-Alto-2#Mixed_Voice_and_Falsetto#Someone Like You#Mixed_Voice_Group#0001,EN-Alto-2,Someone Like You,Mixed_Voice_Group,positive_mix,clear_mix,0.246907,0.178093
English#EN-Alto-2#Pharyngeal#Someone Like You#Control_Group#0001,EN-Alto-2,Someone Like You,Control_Group,positive_mix,clear_mix,0.246907,0.178093
English#EN-Alto-1#Pharyngeal#clouds#Control_Group#0015,EN-Alto-1,clouds,Control_Group,positive_mix,clear_mix,0.246656,0.178344
English#EN-Alto-2#Pharyngeal#Dream It Possible#Control_Group#0001,EN-Alto-2,Dream It Possible,Control_Group,positive_mix,clear_mix,0.246373,0.178627
English#EN-Alto-1#Vibrato#memory#Control_Group#0008,EN-Alto-1,memory,Control_Group,positive_mix,clear_mix,0.245648,0.179352
English#EN-Alto-1#Breathy#all is found#Control_Group#0007,EN-Alto-1,all is found,Control_Group,positive_mix,clear_mix,0.245606,0.179394
English#EN-Tenor-1#Glissando#You Belong With Me#Control_Group#0003,EN-Tenor-1,You Belong With Me,Control_Group,positive_mix,clear_mix,0.245503,0.179497
English#EN-Tenor-1#Glissando#I Knew You Were Trouble#Control_Group#0008,EN-Tenor-1,I Knew You Were Trouble,Control_Group,positive_mix,clear_mix,0.245234,0.179766
English#EN-Alto-2#Glissando#My Heart Will Go On#Glissando_Group#0005,EN-Alto-2,My Heart Will Go On,Glissando_Group,positive_mix,clear_mix,0.244737,0.180263
English#EN-Alto-1#Pharyngeal#who says#Control_Group#0002,EN-Alto-1,who says,Control_Group,positive_mix,clear_mix,0.244313,0.180687
English#EN-Alto-1#Glissando#for the first time in forever#Control_Group#0010,EN-Alto-1,for the first time in forever,Control_Group,positive_mix,clear_mix,0.243941,0.181059
English#EN-Alto-1#Glissando#god is a girl#Control_Group#0000,EN-Alto-1,god is a girl,Control_Group,positive_mix,clear_mix,0.242675,0.182325
English#EN-Alto-1#Mixed_Voice_and_Falsetto#yesterday once more#Mixed_Voice_Group#0004,EN-Alto-1,yesterday once more,Mixed_Voice_Group,positive_mix,clear_mix,0.242526,0.182474
English#EN-Alto-1#Breathy#innocence#Breathy_Group#0006,EN-Alto-1,innocence,Breathy_Group,positive_mix,clear_mix,0.242381,0.182619
English#EN-Alto-2#Glissando#Love Me Like You Do#Glissando_Group#0005,EN-Alto-2,Love Me Like You Do,Glissando_Group,positive_mix,clear_mix,0.242206,0.182794
English#EN-Alto-1#Vibrato#edelweiss#Vibrato_Group#0000,EN-Alto-1,edelweiss,Vibrato_Group,positive_mix,clear_mix,0.242197,0.182803
English#EN-Alto-2#Glissando#Yesterday Once More#Glissando_Group#0007,EN-Alto-2,Yesterday Once More,Glissando_Group,positive_mix,clear_mix,0.24203,0.18297
English#EN-Tenor-1#Vibrato#I Knew You Were Trouble#Control_Group#0006,EN-Tenor-1,I Knew You Were Trouble,Control_Group,positive_mix,clear_mix,0.240896,0.184104
English#EN-Alto-1#Breathy#let it go#Control_Group#0005,EN-Alto-1,let it go,Control_Group,positive_mix,clear_mix,0.240895,0.184105
English#EN-Tenor-1#Vibrato#Shallow#Control_Group#0001,EN-Tenor-1,Shallow,Control_Group,positive_mix,clear_mix,0.240093,0.184907
English#EN-Alto-2#Mixed_Voice_and_Falsetto#You Raise Me Up#Mixed_Voice_Group#0001,EN-Alto-2,You Raise Me Up,Mixed_Voice_Group,positive_mix,breathy_mix,0.239522,0.185478
English#EN-Alto-2#Glissando#Safe and Sound#Glissando_Group#0004,EN-Alto-2,Safe and Sound,Glissando_Group,positive_mix,clear_mix,0.239373,0.185627
English#EN-Alto-2#Mixed_Voice_and_Falsetto#Hey Jude#Mixed_Voice_Group#0006,EN-Alto-2,Hey Jude,Mixed_Voice_Group,positive_mix,clear_mix,0.239223,0.185777
English#EN-Tenor-1#Glissando#What Was I Made For？#Glissando_Group#0000,EN-Tenor-1,What Was I Made For？,Glissando_Group,positive_mix,clear_mix,0.239184,0.185816
English#EN-Tenor-1#Pharyngeal#Always Remember Us This Way#Control_Group#0012,EN-Tenor-1,Always Remember Us This Way,Control_Group,positive_mix,clear_mix,0.239139,0.185861
English#EN-Alto-2#Mixed_Voice_and_Falsetto#Five Hundred Miles#Mixed_Voice_Group#0008,EN-Alto-2,Five Hundred Miles,Mixed_Voice_Group,positive_mix,clear_mix,0.239028,0.185972
English#EN-Alto-2#Vibrato#Easy On Me#Vibrato_Group#0006,EN-Alto-2,Easy On Me,Vibrato_Group,positive_mix,clear_mix,0.238751,0.186249
English#EN-Tenor-1#Glissando#What Was I Made For？#Glissando_Group#0003,EN-Tenor-1,What Was I Made For？,Glissando_Group,positive_mix,clear_mix,0.238595,0.186405
English#EN-Tenor-1#Glissando#Rolling in the Deep#Glissando_Group#0001,EN-Tenor-1,Rolling in the Deep,Glissando_Group,positive_mix,clear_mix,0.238408,0.186592
English#EN-Tenor-1#Breathy#Shallow#Control_Group#0013,EN-Tenor-1,Shallow,Control_Group,positive_mix,clear_mix,0.238252,0.186748
English#EN-Alto-1#Glissando#for the first time in forever#Glissando_Group#0008,EN-Alto-1,for the first time in forever,Glissando_Group,positive_mix,clear_mix,0.238214,0.186786
English#EN-Tenor-1#Vibrato#You Belong With Me#Control_Group#0009,EN-Tenor-1,You Belong With Me,Control_Group,positive_mix,clear_mix,0.23803,0.18697
English#EN-Tenor-1#Breathy#You Belong With Me#Control_Group#0009,EN-Tenor-1,You Belong With Me,Control_Group,positive_mix,clear_mix,0.238002,0.186998
English#EN-Tenor-1#Pharyngeal#You Belong With Me#Control_Group#0009,EN-Tenor-1,You Belong With Me,Control_Group,positive_mix,clear_mix,0.238002,0.186998
English#EN-Alto-1#Glissando#my love#Control_Group#0005,EN-Alto-1,my love,Control_Group,positive_mix,clear_mix,0.237976,0.187024
English#EN-Alto-1#Breathy#sleepyhead#Control_Group#0005,EN-Alto-1,sleepyhead,Control_Group,positive_mix,clear_mix,0.237974,0.187026
English#EN-Alto-1#Pharyngeal#love stroy#Control_Group#0008,EN-Alto-1,love stroy,Control_Group,positive_mix,clear_mix,0.237964,0.187036
English#EN-Alto-2#Vibrato#Love Me Like You Do#Vibrato_Group#0007,EN-Alto-2,Love Me Like You Do,Vibrato_Group,positive_mix,clear_mix,0.23748,0.18752
English#EN-Alto-2#Breathy#Someone Like You#Control_Group#0002,EN-Alto-2,Someone Like You,Control_Group,positive_mix,clear_mix,0.236783,0.188217
English#EN-Alto-2#Pharyngeal#Someone Like You#Control_Group#0002,EN-Alto-2,Someone Like You,Control_Group,positive_mix,clear_mix,0.236783,0.188217
English#EN-Tenor-1#Glissando#What Was I Made For？#Control_Group#0004,EN-Tenor-1,What Was I Made For？,Control_Group,positive_mix,clear_mix,0.236596,0.188404
English#EN-Tenor-1#Breathy#Enchanted#Control_Group#0004,EN-Tenor-1,Enchanted,Control_Group,positive_mix,clear_mix,0.236066,0.188934
English#EN-Tenor-1#Pharyngeal#Enchanted#Control_Group#0004,EN-Tenor-1,Enchanted,Control_Group,positive_mix,clear_mix,0.236066,0.188934
English#EN-Tenor-1#Vibrato#Enchanted#Control_Group#0004,EN-Tenor-1,Enchanted,Control_Group,positive_mix,clear_mix,0.236066,0.188934
English#EN-Alto-1#Mixed_Voice_and_Falsetto#Arriety's song#Mixed_Voice_Group#0001,EN-Alto-1,Arriety's song,Mixed_Voice_Group,positive_mix,clear_mix,0.235581,0.189419
English#EN-Alto-1#Vibrato#if you love me for me#Control_Group#0004,EN-Alto-1,if you love me for me,Control_Group,positive_mix,clear_mix,0.235458,0.189542
English#EN-Alto-2#Vibrato#You Raise Me Up#Control_Group#0000,EN-Alto-2,You Raise Me Up,Control_Group,positive_mix,clear_mix,0.235398,0.189602
English#EN-Alto-1#Glissando#trouble is a friend#Control_Group#0007,EN-Alto-1,trouble is a friend,Control_Group,positive_mix,clear_mix,0.235227,0.189773
English#EN-Alto-2#Vibrato#You Raise Me Up#Vibrato_Group#0007,EN-Alto-2,You Raise Me Up,Vibrato_Group,positive_mix,clear_mix,0.235019,0.189981
English#EN-Alto-1#Pharyngeal#beauty and the beast#Pharyngeal_Group#0003,EN-Alto-1,beauty and the beast,Pharyngeal_Group,positive_mix,clear_mix,0.234248,0.190752
English#EN-Alto-1#Glissando#for the first time in forever#Glissando_Group#0005,EN-Alto-1,for the first time in forever,Glissando_Group,positive_mix,clear_mix,0.233905,0.191095
English#EN-Alto-2#Vibrato#My Heart Will Go On#Vibrato_Group#0010,EN-Alto-2,My Heart Will Go On,Vibrato_Group,positive_mix,clear_mix,0.233793,0.191207
English#EN-Tenor-1#Vibrato#All I Ask#Control_Group#0004,EN-Tenor-1,All I Ask,Control_Group,positive_mix,clear_mix,0.233046,0.191954
English#EN-Tenor-1#Breathy#All I Ask#Control_Group#0004,EN-Tenor-1,All I Ask,Control_Group,positive_mix,clear_mix,0.232871,0.192129
English#EN-Tenor-1#Pharyngeal#All I Ask#Control_Group#0004,EN-Tenor-1,All I Ask,Control_Group,positive_mix,clear_mix,0.232871,0.192129
English#EN-Alto-1#Glissando#god is a girl#Glissando_Group#0004,EN-Alto-1,god is a girl,Glissando_Group,positive_mix,clear_mix,0.232752,0.192248
English#EN-Tenor-1#Breathy#I Knew You Were Trouble#Control_Group#0007,EN-Tenor-1,I Knew You Were Trouble,Control_Group,positive_mix,clear_mix,0.232591,0.192409
English#EN-Tenor-1#Pharyngeal#I Knew You Were Trouble#Control_Group#0007,EN-Tenor-1,I Knew You Were Trouble,Control_Group,positive_mix,clear_mix,0.232591,0.192409
English#EN-Tenor-1#Vibrato#I Knew You Were Trouble#Control_Group#0008,EN-Tenor-1,I Knew You Were Trouble,Control_Group,positive_mix,clear_mix,0.232591,0.192409
English#EN-Tenor-1#Glissando#You Belong With Me#Control_Group#0002,EN-Tenor-1,You Belong With Me,Control_Group,positive_mix,clear_mix,0.232283,0.192717
English#EN-Tenor-1#Glissando#You Belong With Me#Glissando_Group#0004,EN-Tenor-1,You Belong With Me,Glissando_Group,positive_mix,clear_mix,0.232145,0.192855
English#EN-Tenor-1#Pharyngeal#What Was I Made For？#Control_Group#0004,EN-Tenor-1,What Was I Made For？,Control_Group,positive_mix,clear_mix,0.231952,0.193048
English#EN-Alto-1#Mixed_Voice_and_Falsetto#let it go#Mixed_Voice_Group#0001,EN-Alto-1,let it go,Mixed_Voice_Group,positive_mix,clear_mix,0.231866,0.193134
English#EN-Tenor-1#Breathy#I Knew You Were Trouble#Control_Group#0008,EN-Tenor-1,I Knew You Were Trouble,Control_Group,positive_mix,clear_mix,0.231778,0.193222
English#EN-Tenor-1#Vibrato#I Knew You Were Trouble#Control_Group#0009,EN-Tenor-1,I Knew You Were Trouble,Control_Group,positive_mix,clear_mix,0.231778,0.193222
English#EN-Tenor-1#Breathy#I Knew You Were Trouble#Control_Group#0000,EN-Tenor-1,I Knew You Were Trouble,Control_Group,positive_mix,clear_mix,0.231594,0.193406
English#EN-Tenor-1#Pharyngeal#I Knew You Were Trouble#Control_Group#0000,EN-Tenor-1,I Knew You Were Trouble,Control_Group,positive_mix,clear_mix,0.231594,0.193406
English#EN-Tenor-1#Vibrato#I Knew You Were Trouble#Control_Group#0000,EN-Tenor-1,I Knew You Were Trouble,Control_Group,positive_mix,clear_mix,0.231594,0.193406
English#EN-Tenor-1#Glissando#What Was I Made For？#Control_Group#0006,EN-Tenor-1,What Was I Made For？,Control_Group,positive_mix,clear_mix,0.23126,0.19374
English#EN-Tenor-1#Breathy#Unconditionally#Control_Group#0000,EN-Tenor-1,Unconditionally,Control_Group,positive_mix,clear_mix,0.231033,0.193967
English#EN-Tenor-1#Glissando#Unconditionally#Control_Group#0000,EN-Tenor-1,Unconditionally,Control_Group,positive_mix,clear_mix,0.231033,0.193967
English#EN-Tenor-1#Vibrato#Unconditionally#Control_Group#0000,EN-Tenor-1,Unconditionally,Control_Group,positive_mix,clear_mix,0.231033,0.193967
English#EN-Alto-1#Glissando#tell me that you love me#Glissando_Group#0004,EN-Alto-1,tell me that you love me,Glissando_Group,positive_mix,clear_mix,0.230998,0.194002
English#EN-Alto-2#Vibrato#A Thousand Years#Vibrato_Group#0005,EN-Alto-2,A Thousand Years,Vibrato_Group,positive_mix,clear_mix,0.230312,0.194688
English#EN-Alto-1#Mixed_Voice_and_Falsetto#seasons in the sun#Mixed_Voice_Group#0014,EN-Alto-1,seasons in the sun,Mixed_Voice_Group,positive_mix,clear_mix,0.230231,0.194769
English#EN-Alto-2#Vibrato#Love Story#Vibrato_Group#0004,EN-Alto-2,Love Story,Vibrato_Group,positive_mix,clear_mix,0.230139,0.194861
English#EN-Alto-1#Pharyngeal#beauty and the beast#Control_Group#0002,EN-Alto-1,beauty and the beast,Control_Group,positive_mix,clear_mix,0.229946,0.195054
English#EN-Tenor-1#Glissando#I Knew You Were Trouble#Glissando_Group#0001,EN-Tenor-1,I Knew You Were Trouble,Glissando_Group,positive_mix,clear_mix,0.229372,0.195628
English#EN-Alto-2#Mixed_Voice_and_Falsetto#Lemon Tree#Mixed_Voice_Group#0002,EN-Alto-2,Lemon Tree,Mixed_Voice_Group,positive_mix,clear_mix,0.228701,0.196299
English#EN-Alto-1#Mixed_Voice_and_Falsetto#yesterday once more#Mixed_Voice_Group#0012,EN-Alto-1,yesterday once more,Mixed_Voice_Group,positive_mix,clear_mix,0.22868,0.19632
English#EN-Alto-2#Glissando#Someone Like You#Control_Group#0006,EN-Alto-2,Someone Like You,Control_Group,positive_mix,clear_mix,0.228657,0.196343
English#EN-Alto-1#Breathy#safe and sound#Breathy_Group#0003,EN-Alto-1,safe and sound,Breathy_Group,positive_mix,clear_mix,0.228133,0.196867
English#EN-Tenor-1#Glissando#All I Ask#Control_Group#0006,EN-Tenor-1,All I Ask,Control_Group,positive_mix,clear_mix,0.227915,0.197085
English#EN-Tenor-1#Breathy#Always Remember Us This Way#Control_Group#0012,EN-Tenor-1,Always Remember Us This Way,Control_Group,positive_mix,clear_mix,0.227847,0.197153
English#EN-Alto-1#Pharyngeal#who says#Control_Group#0004,EN-Alto-1,who says,Control_Group,positive_mix,clear_mix,0.227449,0.197551
English#EN-Tenor-1#Glissando#Always Remember Us This Way#Control_Group#0011,EN-Tenor-1,Always Remember Us This Way,Control_Group,positive_mix,clear_mix,0.227226,0.197774
English#EN-Alto-1#Breathy#sleepyhead#Breathy_Group#0005,EN-Alto-1,sleepyhead,Breathy_Group,positive_mix,breathy_mix,0.226282,0.198718
English#EN-Alto-1#Mixed_Voice_and_Falsetto#seasons in the sun#Mixed_Voice_Group#0012,EN-Alto-1,seasons in the sun,Mixed_Voice_Group,positive_mix,clear_mix,0.225439,0.199561
English#EN-Alto-1#Glissando#rolling in the deep#Glissando_Group#0006,EN-Alto-1,rolling in the deep,Glissando_Group,positive_mix,clear_mix,0.225334,0.199666
English#EN-Alto-2#Vibrato#Young And Beautiful#Vibrato_Group#0000,EN-Alto-2,Young And Beautiful,Vibrato_Group,positive_mix,clear_mix,0.225144,0.199856
English#EN-Alto-1#Pharyngeal#beauty and the beast#Control_Group#0010,EN-Alto-1,beauty and the beast,Control_Group,positive_mix,clear_mix,0.224825,0.200175
English#EN-Alto-1#Mixed_Voice_and_Falsetto#let it go#Mixed_Voice_Group#0022,EN-Alto-1,let it go,Mixed_Voice_Group,positive_mix,clear_mix,0.224744,0.200256
English#EN-Alto-1#Breathy#sleepyhead#Breathy_Group#0001,EN-Alto-1,sleepyhead,Breathy_Group,positive_mix,breathy_mix,0.22463,0.20037
English#EN-Tenor-1#Breathy#I Knew You Were Trouble#Control_Group#0003,EN-Tenor-1,I Knew You Were Trouble,Control_Group,positive_mix,clear_mix,0.224147,0.200853
English#EN-Tenor-1#Pharyngeal#I Knew You Were Trouble#Control_Group#0003,EN-Tenor-1,I Knew You Were Trouble,Control_Group,positive_mix,clear_mix,0.224147,0.200853
English#EN-Tenor-1#Vibrato#I Knew You Were Trouble#Control_Group#0003,EN-Tenor-1,I Knew You Were Trouble,Control_Group,positive_mix,clear_mix,0.224147,0.200853
English#EN-Alto-1#Pharyngeal#love stroy#Control_Group#0001,EN-Alto-1,love stroy,Control_Group,positive_mix,clear_mix,0.224144,0.200856
English#EN-Alto-2#Vibrato#All of Me#Vibrato_Group#0004,EN-Alto-2,All of Me,Vibrato_Group,positive_mix,clear_mix,0.224115,0.200885
English#EN-Alto-1#Mixed_Voice_and_Falsetto#make it shine#Mixed_Voice_Group#0009,EN-Alto-1,make it shine,Mixed_Voice_Group,positive_mix,clear_mix,0.223961,0.201039
English#EN-Alto-1#Breathy#once up a dream#Breathy_Group#0000,EN-Alto-1,once up a dream,Breathy_Group,positive_mix,clear_mix,0.22378,0.20122
English#EN-Alto-2#Pharyngeal#My Heart Will Go On#Control_Group#0003,EN-Alto-2,My Heart Will Go On,Control_Group,positive_mix,clear_mix,0.223686,0.201314
English#EN-Tenor-1#Glissando#I Knew You Were Trouble#Glissando_Group#0002,EN-Tenor-1,I Knew You Were Trouble,Glissando_Group,positive_mix,clear_mix,0.22309,0.20191
English#EN-Alto-1#Breathy#safe and sound#Breathy_Group#0004,EN-Alto-1,safe and sound,Breathy_Group,positive_mix,clear_mix,0.223066,0.201934
English#EN-Tenor-1#Breathy#Someone Like You#Breathy_Group#0004,EN-Tenor-1,Someone Like You,Breathy_Group,positive_mix,breathy_mix,0.22297,0.20203
English#EN-Alto-2#Vibrato#Safe and Sound#Vibrato_Group#0001,EN-Alto-2,Safe and Sound,Vibrato_Group,positive_mix,clear_mix,0.222202,0.202798
English#EN-Tenor-1#Vibrato#What Was I Made For？#Control_Group#0007,EN-Tenor-1,What Was I Made For？,Control_Group,positive_mix,clear_mix,0.221647,0.203353
English#EN-Alto-1#Pharyngeal#clouds#Control_Group#0007,EN-Alto-1,clouds,Control_Group,positive_mix,clear_mix,0.221196,0.203804
English#EN-Alto-1#Mixed_Voice_and_Falsetto#god is a girl#Control_Group#0000,EN-Alto-1,god is a girl,Control_Group,positive_mix,clear_mix,0.221174,0.203826
English#EN-Alto-2#Mixed_Voice_and_Falsetto#Hello#Mixed_Voice_Group#0000,EN-Alto-2,Hello,Mixed_Voice_Group,positive_mix,clear_mix,0.221117,0.203883
English#EN-Alto-1#Mixed_Voice_and_Falsetto#how does a moment last forever#Mixed_Voice_Group#0015,EN-Alto-1,how does a moment last forever,Mixed_Voice_Group,positive_mix,clear_mix,0.220767,0.204233
English#EN-Alto-2#Vibrato#You Raise Me Up#Vibrato_Group#0006,EN-Alto-2,You Raise Me Up,Vibrato_Group,positive_mix,head_mix,0.220468,0.204532
English#EN-Alto-2#Breathy#Young And Beautiful#Control_Group#0002,EN-Alto-2,Young And Beautiful,Control_Group,positive_mix,clear_mix,0.220322,0.204678
English#EN-Alto-2#Glissando#Young And Beautiful#Control_Group#0002,EN-Alto-2,Young And Beautiful,Control_Group,positive_mix,clear_mix,0.220322,0.204678
English#EN-Alto-2#Mixed_Voice_and_Falsetto#Young And Beautiful#Mixed_Voice_Group#0002,EN-Alto-2,Young And Beautiful,Mixed_Voice_Group,positive_mix,clear_mix,0.220322,0.204678
English#EN-Alto-2#Pharyngeal#Young And Beautiful#Control_Group#0002,EN-Alto-2,Young And Beautiful,Control_Group,positive_mix,clear_mix,0.220322,0.204678
English#EN-Alto-2#Vibrato#Young And Beautiful#Control_Group#0002,EN-Alto-2,Young And Beautiful,Control_Group,positive_mix,clear_mix,0.220322,0.204678
English#EN-Alto-2#Vibrato#Someone Like You#Control_Group#0002,EN-Alto-2,Someone Like You,Control_Group,positive_mix,clear_mix,0.219697,0.205303
English#EN-Alto-1#Breathy#safe and sound#Control_Group#0005,EN-Alto-1,safe and sound,Control_Group,positive_mix,clear_mix,0.219569,0.205431
English#EN-Alto-2#Pharyngeal#Yesterday Once More#Control_Group#0007,EN-Alto-2,Yesterday Once More,Control_Group,positive_mix,clear_mix,0.219032,0.205968
English#EN-Alto-1#Mixed_Voice_and_Falsetto#seasons in the sun#Control_Group#0020,EN-Alto-1,seasons in the sun,Control_Group,positive_mix,clear_mix,0.218589,0.206411
English#EN-Tenor-1#Vibrato#You Belong With Me#Control_Group#0006,EN-Tenor-1,You Belong With Me,Control_Group,positive_mix,clear_mix,0.217958,0.207042
English#EN-Alto-2#Mixed_Voice_and_Falsetto#All of Me#Mixed_Voice_Group#0005,EN-Alto-2,All of Me,Mixed_Voice_Group,positive_mix,clear_mix,0.217884,0.207116
English#EN-Tenor-1#Breathy#Long Live#Control_Group#0003,EN-Tenor-1,Long Live,Control_Group,positive_mix,clear_mix,0.217827,0.207173
English#EN-Tenor-1#Glissando#Long Live#Control_Group#0003,EN-Tenor-1,Long Live,Control_Group,positive_mix,clear_mix,0.217827,0.207173
English#EN-Tenor-1#Pharyngeal#Long Live#Control_Group#0003,EN-Tenor-1,Long Live,Control_Group,positive_mix,clear_mix,0.217827,0.207173
English#EN-Tenor-1#Vibrato#Long Live#Control_Group#0003,EN-Tenor-1,Long Live,Control_Group,positive_mix,clear_mix,0.217827,0.207173
English#EN-Alto-2#Mixed_Voice_and_Falsetto#All of Me#Mixed_Voice_Group#0000,EN-Alto-2,All of Me,Mixed_Voice_Group,positive_mix,clear_mix,0.217672,0.207328
English#EN-Alto-1#Mixed_Voice_and_Falsetto#my love#Mixed_Voice_Group#0005,EN-Alto-1,my love,Mixed_Voice_Group,positive_mix,clear_mix,0.217602,0.207398
English#EN-Tenor-1#Mixed_Voice_and_Falsetto#Lavender Haze#Mixed_Voice_Group#0005,EN-Tenor-1,Lavender Haze,Mixed_Voice_Group,positive_mix,clear_mix,0.217336,0.207664
English#EN-Alto-2#Glissando#Yesterday Once More#Glissando_Group#0005,EN-Alto-2,Yesterday Once More,Glissando_Group,positive_mix,clear_mix,0.217009,0.207991
English#EN-Tenor-1#Vibrato#You Belong With Me#Vibrato_Group#0013,EN-Tenor-1,You Belong With Me,Vibrato_Group,positive_mix,clear_mix,0.216862,0.208138
English#EN-Alto-2#Breathy#Fly Me to the Moon#Control_Group#0004,EN-Alto-2,Fly Me to the Moon,Control_Group,positive_mix,clear_mix,0.216529,0.208471
English#EN-Alto-2#Glissando#Fly Me to the Moon#Control_Group#0004,EN-Alto-2,Fly Me to the Moon,Control_Group,positive_mix,clear_mix,0.216529,0.208471
English#EN-Alto-2#Pharyngeal#Fly Me to the Moon#Control_Group#0004,EN-Alto-2,Fly Me to the Moon,Control_Group,positive_mix,clear_mix,0.216529,0.208471
English#EN-Alto-2#Vibrato#Fly Me to the Moon#Control_Group#0004,EN-Alto-2,Fly Me to the Moon,Control_Group,positive_mix,clear_mix,0.216529,0.208471
English#EN-Alto-2#Mixed_Voice_and_Falsetto#Cry on My Shoulder#Mixed_Voice_Group#0001,EN-Alto-2,Cry on My Shoulder,Mixed_Voice_Group,positive_mix,clear_mix,0.216202,0.208798
English#EN-Tenor-1#Breathy#Shallow#Control_Group#0006,EN-Tenor-1,Shallow,Control_Group,positive_mix,clear_mix,0.216092,0.208908
English#EN-Tenor-1#Glissando#Shallow#Control_Group#0006,EN-Tenor-1,Shallow,Control_Group,positive_mix,clear_mix,0.216092,0.208908
English#EN-Tenor-1#Pharyngeal#Shallow#Control_Group#0006,EN-Tenor-1,Shallow,Control_Group,positive_mix,clear_mix,0.216092,0.208908
English#EN-Tenor-1#Vibrato#Shallow#Control_Group#0006,EN-Tenor-1,Shallow,Control_Group,positive_mix,clear_mix,0.216092,0.208908
English#EN-Tenor-1#Glissando#Enchanted#Control_Group#0003,EN-Tenor-1,Enchanted,Control_Group,positive_mix,clear_mix,0.216037,0.208963
English#EN-Alto-1#Glissando#trouble is a friend#Glissando_Group#0005,EN-Alto-1,trouble is a friend,Glissando_Group,positive_mix,clear_mix,0.214156,0.210844
English#EN-Alto-1#Mixed_Voice_and_Falsetto#let it go#Mixed_Voice_Group#0023,EN-Alto-1,let it go,Mixed_Voice_Group,positive_mix,clear_mix,0.213776,0.211224
English#EN-Tenor-1#Glissando#Rolling in the Deep#Glissando_Group#0002,EN-Tenor-1,Rolling in the Deep,Glissando_Group,positive_mix,clear_mix,0.213718,0.211282
English#EN-Tenor-1#Vibrato#Always Remember Us This Way#Control_Group#0007,EN-Tenor-1,Always Remember Us This Way,Control_Group,positive_mix,clear_mix,0.213573,0.211427
English#EN-Alto-2#Mixed_Voice_and_Falsetto#This Is Me#Mixed_Voice_Group#0000,EN-Alto-2,This Is Me,Mixed_Voice_Group,positive_mix,clear_mix,0.213559,0.211441
English#EN-Alto-1#Pharyngeal#beauty and the beast#Control_Group#0011,EN-Alto-1,beauty and the beast,Control_Group,positive_mix,clear_mix,0.213552,0.211448
English#EN-Tenor-1#Breathy#I Knew You Were Trouble#Control_Group#0004,EN-Tenor-1,I Knew You Were Trouble,Control_Group,positive_mix,clear_mix,0.213464,0.211536
English#EN-Tenor-1#Pharyngeal#I Knew You Were Trouble#Control_Group#0004,EN-Tenor-1,I Knew You Were Trouble,Control_Group,positive_mix,clear_mix,0.213464,0.211536
English#EN-Tenor-1#Vibrato#I Knew You Were Trouble#Control_Group#0004,EN-Tenor-1,I Knew You Were Trouble,Control_Group,positive_mix,clear_mix,0.213464,0.211536
English#EN-Alto-1#Pharyngeal#monsters#Control_Group#0012,EN-Alto-1,monsters,Control_Group,positive_mix,clear_mix,0.213321,0.211679
English#EN-Alto-2#Pharyngeal#Dream It Possible#Control_Group#0004,EN-Alto-2,Dream It Possible,Control_Group,positive_mix,clear_mix,0.212978,0.212022
English#EN-Alto-2#Breathy#Yesterday Once More#Control_Group#0001,EN-Alto-2,Yesterday Once More,Control_Group,positive_mix,clear_mix,0.212923,0.212077
English#EN-Alto-2#Glissando#Yesterday Once More#Control_Group#0001,EN-Alto-2,Yesterday Once More,Control_Group,positive_mix,clear_mix,0.212923,0.212077
English#EN-Alto-2#Pharyngeal#Yesterday Once More#Control_Group#0001,EN-Alto-2,Yesterday Once More,Control_Group,positive_mix,clear_mix,0.212923,0.212077
English#EN-Alto-2#Vibrato#Yesterday Once More#Control_Group#0001,EN-Alto-2,Yesterday Once More,Control_Group,positive_mix,clear_mix,0.212923,0.212077
English#EN-Alto-1#Mixed_Voice_and_Falsetto#big big world#Mixed_Voice_Group#0002,EN-Alto-1,big big world,Mixed_Voice_Group,positive_mix,clear_mix,0.212638,0.212362
English#EN-Alto-1#Mixed_Voice_and_Falsetto#yesterday once more#Mixed_Voice_Group#0013,EN-Alto-1,yesterday once more,Mixed_Voice_Group,positive_mix,clear_mix,0.212394,0.212606
English#EN-Alto-2#Breathy#My Love#Control_Group#0004,EN-Alto-2,My Love,Control_Group,positive_mix,clear_mix,0.211603,0.213397
English#EN-Alto-2#Pharyngeal#My Love#Control_Group#0004,EN-Alto-2,My Love,Control_Group,positive_mix,clear_mix,0.211603,0.213397
English#EN-Alto-2#Glissando#Young And Beautiful#Glissando_Group#0001,EN-Alto-2,Young And Beautiful,Glissando_Group,positive_mix,clear_mix,0.210054,0.214946
English#EN-Alto-2#Pharyngeal#Safe and Sound#Control_Group#0006,EN-Alto-2,Safe and Sound,Control_Group,positive_mix,clear_mix,0.209528,0.215472
English#EN-Alto-1#Mixed_Voice_and_Falsetto#let it go#Mixed_Voice_Group#0018,EN-Alto-1,let it go,Mixed_Voice_Group,positive_mix,clear_mix,0.208747,0.216253
English#EN-Alto-1#Breathy#who says#Control_Group#0009,EN-Alto-1,who says,Control_Group,positive_mix,clear_mix,0.208605,0.216395
English#EN-Alto-1#Pharyngeal#who says#Control_Group#0008,EN-Alto-1,who says,Control_Group,positive_mix,clear_mix,0.208605,0.216395
English#EN-Tenor-1#Pharyngeal#What Was I Made For？#Control_Group#0007,EN-Tenor-1,What Was I Made For？,Control_Group,positive_mix,clear_mix,0.208398,0.216602
English#EN-Tenor-1#Breathy#Stay#Control_Group#0008,EN-Tenor-1,Stay,Control_Group,positive_mix,clear_mix,0.207939,0.217061
English#EN-Tenor-1#Vibrato#Stay#Control_Group#0009,EN-Tenor-1,Stay,Control_Group,positive_mix,clear_mix,0.207939,0.217061
English#EN-Alto-1#Vibrato#if you love me for me#Control_Group#0009,EN-Alto-1,if you love me for me,Control_Group,positive_mix,clear_mix,0.207859,0.217141
English#EN-Alto-2#Glissando#Love Story#Glissando_Group#0002,EN-Alto-2,Love Story,Glissando_Group,positive_mix,clear_mix,0.207829,0.217171
English#EN-Alto-2#Mixed_Voice_and_Falsetto#You Belong With Me#Mixed_Voice_Group#0005,EN-Alto-2,You Belong With Me,Mixed_Voice_Group,positive_mix,clear_mix,0.207725,0.217275
English#EN-Tenor-1#Breathy#You Belong With Me#Control_Group#0006,EN-Tenor-1,You Belong With Me,Control_Group,positive_mix,clear_mix,0.207607,0.217393
English#EN-Tenor-1#Pharyngeal#You Belong With Me#Control_Group#0006,EN-Tenor-1,You Belong With Me,Control_Group,positive_mix,clear_mix,0.207607,0.217393
English#EN-Alto-2#Glissando#Someone Like You#Glissando_Group#0006,EN-Alto-2,Someone Like You,Glissando_Group,positive_mix,clear_mix,0.207475,0.217525
English#EN-Alto-2#Glissando#Yesterday Once More#Glissando_Group#0003,EN-Alto-2,Yesterday Once More,Glissando_Group,positive_mix,clear_mix,0.207286,0.217714
English#EN-Alto-1#Glissando#trouble is a friend#Glissando_Group#0013,EN-Alto-1,trouble is a friend,Glissando_Group,positive_mix,clear_mix,0.207131,0.217869
English#EN-Tenor-1#Glissando#I Knew You Were Trouble#Control_Group#0007,EN-Tenor-1,I Knew You Were Trouble,Control_Group,positive_mix,clear_mix,0.206608,0.218392
English#EN-Alto-1#Glissando#trouble is a friend#Glissando_Group#0001,EN-Alto-1,trouble is a friend,Glissando_Group,positive_mix,clear_mix,0.206211,0.218789
English#EN-Alto-2#Mixed_Voice_and_Falsetto#My Heart Will Go On#Mixed_Voice_Group#0003,EN-Alto-2,My Heart Will Go On,Mixed_Voice_Group,positive_mix,clear_mix,0.205607,0.219393
English#EN-Alto-1#Breathy#safe and sound#Breathy_Group#0013,EN-Alto-1,safe and sound,Breathy_Group,positive_mix,clear_mix,0.204887,0.220113
English#EN-Tenor-1#Vibrato#I Knew You Were Trouble#Control_Group#0007,EN-Tenor-1,I Knew You Were Trouble,Control_Group,positive_mix,clear_mix,0.204586,0.220414
English#EN-Tenor-1#Breathy#You Belong With Me#Control_Group#0010,EN-Tenor-1,You Belong With Me,Control_Group,positive_mix,clear_mix,0.204121,0.220879
English#EN-Alto-2#Glissando#My Heart Will Go On#Glissando_Group#0003,EN-Alto-2,My Heart Will Go On,Glissando_Group,positive_mix,breathy_mix,0.204022,0.220978
English#EN-Alto-1#Breathy#innocence#Control_Group#0002,EN-Alto-1,innocence,Control_Group,positive_mix,clear_mix,0.203547,0.221453
English#EN-Alto-2#Vibrato#All of Me#Vibrato_Group#0007,EN-Alto-2,All of Me,Vibrato_Group,positive_mix,clear_mix,0.203476,0.221524
English#EN-Alto-1#Pharyngeal#love stroy#Control_Group#0007,EN-Alto-1,love stroy,Control_Group,positive_mix,clear_mix,0.202664,0.222336
English#EN-Tenor-1#Breathy#Rolling in the Deep#Control_Group#0007,EN-Tenor-1,Rolling in the Deep,Control_Group,positive_mix,clear_mix,0.202281,0.222719
English#EN-Tenor-1#Pharyngeal#Rolling in the Deep#Control_Group#0007,EN-Tenor-1,Rolling in the Deep,Control_Group,positive_mix,clear_mix,0.202281,0.222719
English#EN-Tenor-1#Vibrato#Rolling in the Deep#Control_Group#0007,EN-Tenor-1,Rolling in the Deep,Control_Group,positive_mix,clear_mix,0.202281,0.222719
English#EN-Alto-1#Pharyngeal#beauty and the beast#Pharyngeal_Group#0010,EN-Alto-1,beauty and the beast,Pharyngeal_Group,positive_mix,clear_mix,0.201865,0.223135
English#EN-Alto-1#Glissando#tell me that you love me#Control_Group#0000,EN-Alto-1,tell me that you love me,Control_Group,positive_mix,clear_mix,0.201259,0.223741
English#EN-Alto-1#Glissando#tell me that you love me#Glissando_Group#0009,EN-Alto-1,tell me that you love me,Glissando_Group,positive_mix,clear_mix,0.201115,0.223885
English#EN-Alto-1#Glissando#my love#Glissando_Group#0004,EN-Alto-1,my love,Glissando_Group,positive_mix,clear_mix,0.200958,0.224042
English#EN-Alto-2#Mixed_Voice_and_Falsetto#Hey Jude#Mixed_Voice_Group#0009,EN-Alto-2,Hey Jude,Mixed_Voice_Group,positive_mix,clear_mix,0.200939,0.224061
English#EN-Alto-2#Glissando#Someone Like You#Control_Group#0002,EN-Alto-2,Someone Like You,Control_Group,positive_mix,clear_mix,0.200329,0.224671
English#EN-Alto-2#Vibrato#My Love#Vibrato_Group#0005,EN-Alto-2,My Love,Vibrato_Group,positive_mix,clear_mix,0.200031,0.224969
English#EN-Alto-1#Breathy#innocence#Control_Group#0006,EN-Alto-1,innocence,Control_Group,positive_mix,clear_mix,0.199639,0.225361
English#EN-Alto-1#Pharyngeal#clouds#Pharyngeal_Group#0010,EN-Alto-1,clouds,Pharyngeal_Group,positive_mix,clear_mix,0.199337,0.225663
English#EN-Alto-2#Mixed_Voice_and_Falsetto#Fly Me to the Moon#Mixed_Voice_Group#0003,EN-Alto-2,Fly Me to the Moon,Mixed_Voice_Group,positive_mix,clear_mix,0.199222,0.225778
English#EN-Alto-2#Breathy#Someone You Loved#Control_Group#0002,EN-Alto-2,Someone You Loved,Control_Group,positive_mix,clear_mix,0.199195,0.225805
English#EN-Alto-2#Glissando#Someone You Loved#Control_Group#0002,EN-Alto-2,Someone You Loved,Control_Group,positive_mix,clear_mix,0.199195,0.225805
English#EN-Alto-2#Mixed_Voice_and_Falsetto#Someone You Loved#Mixed_Voice_Group#0002,EN-Alto-2,Someone You Loved,Mixed_Voice_Group,positive_mix,clear_mix,0.199195,0.225805
English#EN-Alto-2#Pharyngeal#Someone You Loved#Control_Group#0002,EN-Alto-2,Someone You Loved,Control_Group,positive_mix,clear_mix,0.199195,0.225805
English#EN-Alto-2#Vibrato#Someone You Loved#Control_Group#0002,EN-Alto-2,Someone You Loved,Control_Group,positive_mix,clear_mix,0.199195,0.225805
English#EN-Alto-1#Breathy#all is found#Control_Group#0005,EN-Alto-1,all is found,Control_Group,positive_mix,clear_mix,0.199144,0.225856
English#EN-Alto-2#Mixed_Voice_and_Falsetto#Hello#Mixed_Voice_Group#0006,EN-Alto-2,Hello,Mixed_Voice_Group,positive_mix,clear_mix,0.198906,0.226094
English#EN-Alto-2#Vibrato#Yesterday Once More#Control_Group#0005,EN-Alto-2,Yesterday Once More,Control_Group,positive_mix,clear_mix,0.198502,0.226498
English#EN-Alto-1#Pharyngeal#monsters#Control_Group#0010,EN-Alto-1,monsters,Control_Group,positive_mix,clear_mix,0.198272,0.226728
English#EN-Alto-1#Pharyngeal#love stroy#Control_Group#0005,EN-Alto-1,love stroy,Control_Group,positive_mix,clear_mix,0.198074,0.226926
English#EN-Alto-1#Glissando#tell me that you love me#Control_Group#0010,EN-Alto-1,tell me that you love me,Control_Group,positive_mix,clear_mix,0.198056,0.226944
English#EN-Alto-1#Vibrato#if you love me for me#Control_Group#0006,EN-Alto-1,if you love me for me,Control_Group,positive_mix,clear_mix,0.198052,0.226948
English#EN-Alto-1#Mixed_Voice_and_Falsetto#seasons in the sun#Mixed_Voice_Group#0021,EN-Alto-1,seasons in the sun,Mixed_Voice_Group,positive_mix,clear_mix,0.197934,0.227066
English#EN-Tenor-1#Vibrato#Long Live#Control_Group#0001,EN-Tenor-1,Long Live,Control_Group,positive_mix,clear_mix,0.197551,0.227449
English#EN-Alto-1#Mixed_Voice_and_Falsetto#let it go#Mixed_Voice_Group#0008,EN-Alto-1,let it go,Mixed_Voice_Group,positive_mix,clear_mix,0.197542,0.227458
English#EN-Alto-1#Pharyngeal#love stroy#Control_Group#0004,EN-Alto-1,love stroy,Control_Group,positive_mix,clear_mix,0.197426,0.227574
English#EN-Tenor-1#Vibrato#What Was I Made For？#Control_Group#0006,EN-Tenor-1,What Was I Made For？,Control_Group,positive_mix,clear_mix,0.196576,0.228424
English#EN-Alto-2#Breathy#Love Story#Breathy_Group#0004,EN-Alto-2,Love Story,Breathy_Group,positive_mix,breathy_mix,0.196396,0.228604
English#EN-Tenor-1#Breathy#What Was I Made For？#Control_Group#0004,EN-Tenor-1,What Was I Made For？,Control_Group,positive_mix,clear_mix,0.196295,0.228705
English#EN-Alto-1#Mixed_Voice_and_Falsetto#you raise me up#Mixed_Voice_Group#0005,EN-Alto-1,you raise me up,Mixed_Voice_Group,positive_mix,clear_mix,0.195864,0.229136
English#EN-Tenor-1#Vibrato#What Was I Made For？#Control_Group#0004,EN-Tenor-1,What Was I Made For？,Control_Group,positive_mix,clear_mix,0.19581,0.22919
English#EN-Alto-1#Breathy#all is found#Breathy_Group#0007,EN-Alto-1,all is found,Breathy_Group,positive_mix,breathy_mix,0.195757,0.229243
English#EN-Alto-1#Vibrato#memory#Vibrato_Group#0012,EN-Alto-1,memory,Vibrato_Group,positive_mix,clear_mix,0.195699,0.229301
English#EN-Alto-1#Breathy#innocence#Breathy_Group#0003,EN-Alto-1,innocence,Breathy_Group,positive_mix,clear_mix,0.195623,0.229377
English#EN-Alto-2#Breathy#Love Me Like You Do#Breathy_Group#0003,EN-Alto-2,Love Me Like You Do,Breathy_Group,positive_mix,breathy_mix,0.195466,0.229534
English#EN-Tenor-1#Breathy#Long Live#Control_Group#0010,EN-Tenor-1,Long Live,Control_Group,positive_mix,clear_mix,0.195035,0.229965
English#EN-Tenor-1#Pharyngeal#Long Live#Control_Group#0010,EN-Tenor-1,Long Live,Control_Group,positive_mix,clear_mix,0.195035,0.229965
English#EN-Alto-1#Glissando#trouble is a friend#Glissando_Group#0008,EN-Alto-1,trouble is a friend,Glissando_Group,positive_mix,clear_mix,0.194712,0.230288
English#EN-Alto-2#Glissando#What Are Words#Glissando_Group#0006,EN-Alto-2,What Are Words,Glissando_Group,positive_mix,clear_mix,0.194688,0.230312
English#EN-Alto-2#Mixed_Voice_and_Falsetto#Fly Me to the Moon#Mixed_Voice_Group#0004,EN-Alto-2,Fly Me to the Moon,Mixed_Voice_Group,positive_mix,clear_mix,0.194571,0.230429
English#EN-Tenor-1#Glissando#Stay#Control_Group#0009,EN-Tenor-1,Stay,Control_Group,positive_mix,clear_mix,0.194158,0.230842
English#EN-Alto-1#Pharyngeal#who says#Pharyngeal_Group#0008,EN-Alto-1,who says,Pharyngeal_Group,positive_mix,clear_mix,0.19413,0.23087
English#EN-Tenor-1#Pharyngeal#What Was I Made For？#Control_Group#0006,EN-Tenor-1,What Was I Made For？,Control_Group,positive_mix,clear_mix,0.193862,0.231138
English#EN-Alto-2#Mixed_Voice_and_Falsetto#My Love#Mixed_Voice_Group#0000,EN-Alto-2,My Love,Mixed_Voice_Group,positive_mix,clear_mix,0.193841,0.231159
English#EN-Tenor-1#Breathy#Long Live#Control_Group#0011,EN-Tenor-1,Long Live,Control_Group,positive_mix,clear_mix,0.193759,0.231241
English#EN-Tenor-1#Glissando#Long Live#Control_Group#0011,EN-Tenor-1,Long Live,Control_Group,positive_mix,clear_mix,0.193759,0.231241
English#EN-Tenor-1#Pharyngeal#Long Live#Control_Group#0011,EN-Tenor-1,Long Live,Control_Group,positive_mix,clear_mix,0.193759,0.231241
English#EN-Alto-2#Glissando#My Love#Control_Group#0002,EN-Alto-2,My Love,Control_Group,positive_mix,clear_mix,0.193595,0.231405
English#EN-Alto-2#Mixed_Voice_and_Falsetto#Seasons of Love#Mixed_Voice_Group#0003,EN-Alto-2,Seasons of Love,Mixed_Voice_Group,positive_mix,clear_mix,0.193435,0.231565
English#EN-Tenor-1#Glissando#Enchanted#Control_Group#0006,EN-Tenor-1,Enchanted,Control_Group,positive_mix,clear_mix,0.192722,0.232278
English#EN-Alto-2#Breathy#Safe and Sound#Breathy_Group#0000,EN-Alto-2,Safe and Sound,Breathy_Group,positive_mix,breathy_mix,0.192616,0.232384
English#EN-Alto-2#Glissando#Yesterday Once More#Glissando_Group#0008,EN-Alto-2,Yesterday Once More,Glissando_Group,positive_mix,clear_mix,0.192362,0.232638
English#EN-Tenor-1#Glissando#All I Ask#Control_Group#0004,EN-Tenor-1,All I Ask,Control_Group,positive_mix,clear_mix,0.192257,0.232743
English#EN-Alto-2#Glissando#A Thousand Years#Glissando_Group#0004,EN-Alto-2,A Thousand Years,Glissando_Group,positive_mix,clear_mix,0.192191,0.232809
English#EN-Alto-2#Vibrato#My Love#Control_Group#0002,EN-Alto-2,My Love,Control_Group,positive_mix,clear_mix,0.19165,0.23335
English#EN-Alto-2#Glissando#All of Me#Glissando_Group#0008,EN-Alto-2,All of Me,Glissando_Group,positive_mix,clear_mix,0.191359,0.233641
English#EN-Alto-2#Mixed_Voice_and_Falsetto#Cry on My Shoulder#Mixed_Voice_Group#0007,EN-Alto-2,Cry on My Shoulder,Mixed_Voice_Group,positive_mix,clear_mix,0.191182,0.233818
English#EN-Alto-2#Mixed_Voice_and_Falsetto#You Belong With Me#Mixed_Voice_Group#0002,EN-Alto-2,You Belong With Me,Mixed_Voice_Group,positive_mix,clear_mix,0.19108,0.23392
English#EN-Alto-1#Vibrato#edelweiss#Control_Group#0000,EN-Alto-1,edelweiss,Control_Group,positive_mix,clear_mix,0.190966,0.234034
English#EN-Alto-1#Glissando#tell me that you love me#Control_Group#0008,EN-Alto-1,tell me that you love me,Control_Group,positive_mix,clear_mix,0.190876,0.234124
English#EN-Alto-2#Glissando#A Thousand Years#Glissando_Group#0007,EN-Alto-2,A Thousand Years,Glissando_Group,positive_mix,clear_mix,0.190525,0.234475
English#EN-Tenor-1#Glissando#Long Live#Control_Group#0010,EN-Tenor-1,Long Live,Control_Group,positive_mix,clear_mix,0.190402,0.234598
English#EN-Alto-1#Mixed_Voice_and_Falsetto#let it go#Mixed_Voice_Group#0002,EN-Alto-1,let it go,Mixed_Voice_Group,positive_mix,clear_mix,0.189978,0.235022
English#EN-Alto-1#Breathy#all is found#Breathy_Group#0008,EN-Alto-1,all is found,Breathy_Group,positive_mix,breathy_mix,0.189524,0.235476
English#EN-Alto-2#Mixed_Voice_and_Falsetto#Hello#Mixed_Voice_Group#0007,EN-Alto-2,Hello,Mixed_Voice_Group,positive_mix,clear_mix,0.189455,0.235545
English#EN-Alto-2#Glissando#Someone Like You#Control_Group#0005,EN-Alto-2,Someone Like You,Control_Group,positive_mix,clear_mix,0.189399,0.235601
English#EN-Alto-2#Mixed_Voice_and_Falsetto#Lemon Tree#Mixed_Voice_Group#0006,EN-Alto-2,Lemon Tree,Mixed_Voice_Group,positive_mix,clear_mix,0.188985,0.236015
English#EN-Alto-1#Vibrato#my heart will go on#Control_Group#0000,EN-Alto-1,my heart will go on,Control_Group,positive_mix,clear_mix,0.188537,0.236463
English#EN-Alto-1#Mixed_Voice_and_Falsetto#seasons in the sun#Mixed_Voice_Group#0004,EN-Alto-1,seasons in the sun,Mixed_Voice_Group,positive_mix,clear_mix,0.188343,0.236657
English#EN-Tenor-1#Glissando#Rolling in the Deep#Glissando_Group#0006,EN-Tenor-1,Rolling in the Deep,Glissando_Group,positive_mix,clear_mix,0.188153,0.236847
English#EN-Tenor-1#Glissando#What Was I Made For？#Control_Group#0005,EN-Tenor-1,What Was I Made For？,Control_Group,positive_mix,clear_mix,0.18792,0.23708
English#EN-Alto-1#Pharyngeal#tell me that you love me#Control_Group#0000,EN-Alto-1,tell me that you love me,Control_Group,positive_mix,clear_mix,0.18789,0.23711
English#EN-Alto-2#Mixed_Voice_and_Falsetto#Love Me Like You Do#Mixed_Voice_Group#0005,EN-Alto-2,Love Me Like You Do,Mixed_Voice_Group,positive_mix,clear_mix,0.187724,0.237276
English#EN-Alto-2#Breathy#Yesterday Once More#Control_Group#0008,EN-Alto-2,Yesterday Once More,Control_Group,positive_mix,clear_mix,0.186177,0.238823
English#EN-Alto-2#Pharyngeal#Yesterday Once More#Control_Group#0009,EN-Alto-2,Yesterday Once More,Control_Group,positive_mix,clear_mix,0.186177,0.238823
English#EN-Alto-2#Vibrato#Yesterday Once More#Control_Group#0008,EN-Alto-2,Yesterday Once More,Control_Group,positive_mix,clear_mix,0.186177,0.238823
English#EN-Tenor-1#Breathy#You Belong With Me#Control_Group#0000,EN-Tenor-1,You Belong With Me,Control_Group,positive_mix,clear_mix,0.184578,0.240422
English#EN-Tenor-1#Pharyngeal#You Belong With Me#Control_Group#0000,EN-Tenor-1,You Belong With Me,Control_Group,positive_mix,clear_mix,0.184578,0.240422
English#EN-Tenor-1#Vibrato#You Belong With Me#Control_Group#0000,EN-Tenor-1,You Belong With Me,Control_Group,positive_mix,clear_mix,0.184578,0.240422
English#EN-Tenor-1#Breathy#Stay#Control_Group#0001,EN-Tenor-1,Stay,Control_Group,positive_mix,clear_mix,0.184197,0.240803
English#EN-Tenor-1#Vibrato#Stay#Control_Group#0001,EN-Tenor-1,Stay,Control_Group,positive_mix,clear_mix,0.184197,0.240803
English#EN-Alto-2#Mixed_Voice_and_Falsetto#Safe and Sound#Mixed_Voice_Group#0006,EN-Alto-2,Safe and Sound,Mixed_Voice_Group,positive_mix,clear_mix,0.184135,0.240865
English#EN-Alto-2#Mixed_Voice_and_Falsetto#City Of Stars#Mixed_Voice_Group#0002,EN-Alto-2,City Of Stars,Mixed_Voice_Group,positive_mix,clear_mix,0.184038,0.240962
English#EN-Alto-2#Glissando#Yesterday Once More#Control_Group#0009,EN-Alto-2,Yesterday Once More,Control_Group,positive_mix,clear_mix,0.183532,0.241468
English#EN-Alto-1#Breathy#let it go#Breathy_Group#0002,EN-Alto-1,let it go,Breathy_Group,positive_mix,clear_mix,0.18304,0.24196
English#EN-Alto-2#Mixed_Voice_and_Falsetto#City Of Stars#Mixed_Voice_Group#0001,EN-Alto-2,City Of Stars,Mixed_Voice_Group,positive_mix,clear_mix,0.182941,0.242059
English#EN-Alto-2#Vibrato#Someone Like You#Vibrato_Group#0008,EN-Alto-2,Someone Like You,Vibrato_Group,positive_mix,clear_mix,0.182775,0.242225
English#EN-Alto-1#Pharyngeal#somewhere over the rainbow#Control_Group#0003,EN-Alto-1,somewhere over the rainbow,Control_Group,positive_mix,clear_mix,0.182694,0.242306
English#EN-Alto-2#Glissando#Someone Like You#Glissando_Group#0009,EN-Alto-2,Someone Like You,Glissando_Group,positive_mix,clear_mix,0.182664,0.242336
English#EN-Alto-2#Mixed_Voice_and_Falsetto#City Of Stars#Mixed_Voice_Group#0012,EN-Alto-2,City Of Stars,Mixed_Voice_Group,positive_mix,clear_mix,0.182469,0.242531
English#EN-Alto-2#Vibrato#Safe and Sound#Control_Group#0006,EN-Alto-2,Safe and Sound,Control_Group,positive_mix,clear_mix,0.181802,0.243198
English#EN-Tenor-1#Vibrato#Always Remember Us This Way#Control_Group#0005,EN-Tenor-1,Always Remember Us This Way,Control_Group,positive_mix,clear_mix,0.181675,0.243325
English#EN-Alto-2#Mixed_Voice_and_Falsetto#Try#Mixed_Voice_Group#0004,EN-Alto-2,Try,Mixed_Voice_Group,positive_mix,clear_mix,0.181483,0.243517
English#EN-Alto-1#Glissando#trouble is a friend#Control_Group#0013,EN-Alto-1,trouble is a friend,Control_Group,positive_mix,clear_mix,0.181329,0.243671
English#EN-Alto-1#Pharyngeal#who says#Pharyngeal_Group#0002,EN-Alto-1,who says,Pharyngeal_Group,positive_mix,clear_mix,0.181025,0.243975
English#EN-Alto-1#Breathy#someday or oneday#Breathy_Group#0001,EN-Alto-1,someday or oneday,Breathy_Group,positive_mix,clear_mix,0.180869,0.244131
English#EN-Tenor-1#Breathy#Always Remember Us This Way#Control_Group#0009,EN-Tenor-1,Always Remember Us This Way,Control_Group,positive_mix,clear_mix,0.18056,0.24444
English#EN-Tenor-1#Glissando#Always Remember Us This Way#Control_Group#0009,EN-Tenor-1,Always Remember Us This Way,Control_Group,positive_mix,clear_mix,0.18056,0.24444
English#EN-Tenor-1#Pharyngeal#Always Remember Us This Way#Control_Group#0009,EN-Tenor-1,Always Remember Us This Way,Control_Group,positive_mix,clear_mix,0.18056,0.24444
English#EN-Alto-2#Vibrato#All of Me#Vibrato_Group#0005,EN-Alto-2,All of Me,Vibrato_Group,positive_mix,clear_mix,0.180467,0.244533
English#EN-Alto-1#Pharyngeal#monsters#Control_Group#0004,EN-Alto-1,monsters,Control_Group,positive_mix,clear_mix,0.180403,0.244597
English#EN-Alto-1#Pharyngeal#love stroy#Control_Group#0003,EN-Alto-1,love stroy,Control_Group,positive_mix,clear_mix,0.180358,0.244642
English#EN-Alto-1#Pharyngeal#who says#Control_Group#0000,EN-Alto-1,who says,Control_Group,positive_mix,clear_mix,0.180287,0.244713
English#EN-Alto-2#Pharyngeal#Safe and Sound#Control_Group#0005,EN-Alto-2,Safe and Sound,Control_Group,positive_mix,clear_mix,0.180206,0.244794
English#EN-Alto-1#Glissando#my love#Control_Group#0006,EN-Alto-1,my love,Control_Group,positive_mix,clear_mix,0.179968,0.245032
English#EN-Tenor-1#Glissando#Rolling in the Deep#Control_Group#0005,EN-Tenor-1,Rolling in the Deep,Control_Group,positive_mix,clear_mix,0.179748,0.245252
English#EN-Alto-1#Pharyngeal#beauty and the beast#Control_Group#0004,EN-Alto-1,beauty and the beast,Control_Group,positive_mix,clear_mix,0.179595,0.245405
English#EN-Alto-1#Breathy#safe and sound#Control_Group#0008,EN-Alto-1,safe and sound,Control_Group,positive_mix,clear_mix,0.179338,0.245662
English#EN-Alto-2#Breathy#My Love#Control_Group#0002,EN-Alto-2,My Love,Control_Group,positive_mix,clear_mix,0.179026,0.245974
English#EN-Alto-2#Pharyngeal#My Love#Control_Group#0002,EN-Alto-2,My Love,Control_Group,positive_mix,clear_mix,0.179026,0.245974
English#EN-Tenor-1#Glissando#Always Remember Us This Way#Control_Group#0013,EN-Tenor-1,Always Remember Us This Way,Control_Group,positive_mix,clear_mix,0.178244,0.246756
English#EN-Tenor-1#Pharyngeal#Always Remember Us This Way#Control_Group#0013,EN-Tenor-1,Always Remember Us This Way,Control_Group,positive_mix,clear_mix,0.178244,0.246756
English#EN-Tenor-1#Vibrato#Always Remember Us This Way#Control_Group#0013,EN-Tenor-1,Always Remember Us This Way,Control_Group,positive_mix,clear_mix,0.178244,0.246756
English#EN-Alto-1#Mixed_Voice_and_Falsetto#all is found#Mixed_Voice_Group#0008,EN-Alto-1,all is found,Mixed_Voice_Group,positive_mix,clear_mix,0.1782,0.2468
English#EN-Tenor-1#Vibrato#You Belong With Me#Control_Group#0013,EN-Tenor-1,You Belong With Me,Control_Group,positive_mix,clear_mix,0.178188,0.246812
English#EN-Alto-1#Mixed_Voice_and_Falsetto#seasons in the sun#Mixed_Voice_Group#0013,EN-Alto-1,seasons in the sun,Mixed_Voice_Group,positive_mix,clear_mix,0.178086,0.246914
English#EN-Tenor-1#Breathy#You Belong With Me#Control_Group#0013,EN-Tenor-1,You Belong With Me,Control_Group,positive_mix,clear_mix,0.177944,0.247056
English#EN-Tenor-1#Pharyngeal#You Belong With Me#Control_Group#0013,EN-Tenor-1,You Belong With Me,Control_Group,positive_mix,clear_mix,0.177944,0.247056
English#EN-Alto-1#Breathy#all is found#Control_Group#0003,EN-Alto-1,all is found,Control_Group,positive_mix,clear_mix,0.177887,0.247113
English#EN-Tenor-1#Glissando#All I Ask#Control_Group#0005,EN-Tenor-1,All I Ask,Control_Group,positive_mix,clear_mix,0.177385,0.247615
English#EN-Tenor-1#Breathy#All I Ask#Control_Group#0003,EN-Tenor-1,All I Ask,Control_Group,positive_mix,clear_mix,0.176375,0.248625
English#EN-Tenor-1#Pharyngeal#All I Ask#Control_Group#0003,EN-Tenor-1,All I Ask,Control_Group,positive_mix,clear_mix,0.176375,0.248625
English#EN-Tenor-1#Vibrato#All I Ask#Control_Group#0003,EN-Tenor-1,All I Ask,Control_Group,positive_mix,clear_mix,0.176375,0.248625
English#EN-Alto-1#Vibrato#my heart will go on#Vibrato_Group#0008,EN-Alto-1,my heart will go on,Vibrato_Group,positive_mix,clear_mix,0.176345,0.248655
English#EN-Alto-1#Vibrato#memory#Vibrato_Group#0003,EN-Alto-1,memory,Vibrato_Group,positive_mix,clear_mix,0.1763,0.2487
English#EN-Alto-1#Pharyngeal#love stroy#Control_Group#0002,EN-Alto-1,love stroy,Control_Group,positive_mix,clear_mix,0.174924,0.250076
English#EN-Alto-2#Glissando#Love Story#Glissando_Group#0001,EN-Alto-2,Love Story,Glissando_Group,positive_mix,clear_mix,0.174857,0.250143
English#EN-Tenor-1#Breathy#What Was I Made For？#Control_Group#0007,EN-Tenor-1,What Was I Made For？,Control_Group,positive_mix,clear_mix,0.174659,0.250341
English#EN-Alto-1#Pharyngeal#clouds#Control_Group#0006,EN-Alto-1,clouds,Control_Group,positive_mix,clear_mix,0.174248,0.250752
English#EN-Alto-2#Vibrato#My Heart Will Go On#Vibrato_Group#0003,EN-Alto-2,My Heart Will Go On,Vibrato_Group,positive_mix,clear_mix,0.174164,0.250836
English#EN-Alto-1#Breathy#let it go#Breathy_Group#0004,EN-Alto-1,let it go,Breathy_Group,positive_mix,clear_mix,0.173239,0.251761
English#EN-Alto-1#Pharyngeal#love stroy#Control_Group#0013,EN-Alto-1,love stroy,Control_Group,positive_mix,clear_mix,0.172454,0.252546
English#EN-Alto-2#Mixed_Voice_and_Falsetto#Five Hundred Miles#Mixed_Voice_Group#0006,EN-Alto-2,Five Hundred Miles,Mixed_Voice_Group,positive_mix,clear_mix,0.172381,0.252619
English#EN-Alto-1#Mixed_Voice_and_Falsetto#Arriety's song#Mixed_Voice_Group#0002,EN-Alto-1,Arriety's song,Mixed_Voice_Group,positive_mix,clear_mix,0.172221,0.252779
English#EN-Alto-2#Mixed_Voice_and_Falsetto#City Of Stars#Mixed_Voice_Group#0003,EN-Alto-2,City Of Stars,Mixed_Voice_Group,positive_mix,clear_mix,0.172125,0.252875
English#EN-Tenor-1#Pharyngeal#What Was I Made For？#Control_Group#0008,EN-Tenor-1,What Was I Made For？,Control_Group,positive_mix,clear_mix,0.172001,0.252999
English#EN-Tenor-1#Vibrato#What Was I Made For？#Control_Group#0008,EN-Tenor-1,What Was I Made For？,Control_Group,positive_mix,clear_mix,0.172001,0.252999
English#EN-Alto-1#Vibrato#if you love me for me#Vibrato_Group#0011,EN-Alto-1,if you love me for me,Vibrato_Group,positive_mix,clear_mix,0.171751,0.253249
English#EN-Alto-2#Glissando#Yesterday Once More#Control_Group#0007,EN-Alto-2,Yesterday Once More,Control_Group,positive_mix,clear_mix,0.171637,0.253363
English#EN-Alto-2#Glissando#All of Me#Glissando_Group#0009,EN-Alto-2,All of Me,Glissando_Group,positive_mix,clear_mix,0.170677,0.254323
English#EN-Alto-2#Vibrato#All of Me#Control_Group#0002,EN-Alto-2,All of Me,Control_Group,positive_mix,clear_mix,0.17065,0.25435
English#EN-Alto-1#Vibrato#if you love me for me#Control_Group#0000,EN-Alto-1,if you love me for me,Control_Group,positive_mix,clear_mix,0.17056,0.25444
English#EN-Alto-2#Breathy#Love Me Like You Do#Control_Group#0005,EN-Alto-2,Love Me Like You Do,Control_Group,positive_mix,clear_mix,0.170503,0.254497
English#EN-Alto-2#Glissando#Love Me Like You Do#Control_Group#0005,EN-Alto-2,Love Me Like You Do,Control_Group,positive_mix,clear_mix,0.170503,0.254497
English#EN-Alto-2#Vibrato#Love Me Like You Do#Control_Group#0005,EN-Alto-2,Love Me Like You Do,Control_Group,positive_mix,clear_mix,0.170503,0.254497
English#EN-Alto-1#Mixed_Voice_and_Falsetto#you raise me up#Mixed_Voice_Group#0004,EN-Alto-1,you raise me up,Mixed_Voice_Group,positive_mix,clear_mix,0.170437,0.254563
English#EN-Alto-2#Vibrato#Someone Like You#Vibrato_Group#0007,EN-Alto-2,Someone Like You,Vibrato_Group,positive_mix,clear_mix,0.170381,0.254619
English#EN-Alto-2#Breathy#Yesterday Once More#Control_Group#0005,EN-Alto-2,Yesterday Once More,Control_Group,positive_mix,clear_mix,0.169954,0.255046
English#EN-Alto-2#Pharyngeal#Yesterday Once More#Control_Group#0005,EN-Alto-2,Yesterday Once More,Control_Group,positive_mix,clear_mix,0.169954,0.255046
English#EN-Alto-2#Breathy#What Are Words#Control_Group#0006,EN-Alto-2,What Are Words,Control_Group,positive_mix,clear_mix,0.169812,0.255188
English#EN-Alto-2#Glissando#What Are Words#Control_Group#0006,EN-Alto-2,What Are Words,Control_Group,positive_mix,clear_mix,0.169812,0.255188
English#EN-Alto-2#Mixed_Voice_and_Falsetto#What Are Words#Mixed_Voice_Group#0006,EN-Alto-2,What Are Words,Mixed_Voice_Group,positive_mix,clear_mix,0.169812,0.255188
English#EN-Alto-2#Pharyngeal#What Are Words#Control_Group#0006,EN-Alto-2,What Are Words,Control_Group,positive_mix,clear_mix,0.169812,0.255188
English#EN-Alto-2#Vibrato#What Are Words#Control_Group#0006,EN-Alto-2,What Are Words,Control_Group,positive_mix,clear_mix,0.169812,0.255188
English#EN-Alto-2#Breathy#All of Me#Control_Group#0002,EN-Alto-2,All of Me,Control_Group,positive_mix,clear_mix,0.169805,0.255195
English#EN-Alto-2#Glissando#All of Me#Control_Group#0002,EN-Alto-2,All of Me,Control_Group,positive_mix,clear_mix,0.169805,0.255195
English#EN-Alto-2#Pharyngeal#All of Me#Control_Group#0002,EN-Alto-2,All of Me,Control_Group,positive_mix,clear_mix,0.169805,0.255195
English#EN-Tenor-1#Glissando#You Belong With Me#Control_Group#0012,EN-Tenor-1,You Belong With Me,Control_Group,positive_mix,clear_mix,0.169692,0.255308
English#EN-Alto-1#Glissando#tell me that you love me#Control_Group#0006,EN-Alto-1,tell me that you love me,Control_Group,positive_mix,clear_mix,0.169415,0.255585
English#EN-Alto-1#Glissando#god is a girl#Control_Group#0004,EN-Alto-1,god is a girl,Control_Group,positive_mix,clear_mix,0.169098,0.255902
English#EN-Tenor-1#Breathy#Long Live#Control_Group#0007,EN-Tenor-1,Long Live,Control_Group,positive_mix,clear_mix,0.169041,0.255959
English#EN-Tenor-1#Glissando#Long Live#Control_Group#0007,EN-Tenor-1,Long Live,Control_Group,positive_mix,clear_mix,0.169041,0.255959
English#EN-Tenor-1#Pharyngeal#Long Live#Control_Group#0007,EN-Tenor-1,Long Live,Control_Group,positive_mix,clear_mix,0.169041,0.255959
English#EN-Tenor-1#Vibrato#Long Live#Control_Group#0007,EN-Tenor-1,Long Live,Control_Group,positive_mix,clear_mix,0.169041,0.255959
English#EN-Alto-1#Breathy#sleepyhead#Breathy_Group#0002,EN-Alto-1,sleepyhead,Breathy_Group,positive_mix,breathy_mix,0.168975,0.256025
English#EN-Alto-1#Pharyngeal#beauty and the beast#Pharyngeal_Group#0008,EN-Alto-1,beauty and the beast,Pharyngeal_Group,positive_mix,clear_mix,0.168044,0.256956
English#EN-Alto-2#Vibrato#Easy On Me#Vibrato_Group#0002,EN-Alto-2,Easy On Me,Vibrato_Group,positive_mix,clear_mix,0.167943,0.257057
English#EN-Alto-2#Breathy#Yesterday Once More#Control_Group#0003,EN-Alto-2,Yesterday Once More,Control_Group,positive_mix,clear_mix,0.167657,0.257343
English#EN-Alto-2#Glissando#Yesterday Once More#Control_Group#0003,EN-Alto-2,Yesterday Once More,Control_Group,positive_mix,clear_mix,0.167657,0.257343
English#EN-Alto-2#Pharyngeal#Yesterday Once More#Control_Group#0003,EN-Alto-2,Yesterday Once More,Control_Group,positive_mix,clear_mix,0.167657,0.257343
English#EN-Alto-2#Vibrato#Yesterday Once More#Control_Group#0003,EN-Alto-2,Yesterday Once More,Control_Group,positive_mix,clear_mix,0.167657,0.257343
English#EN-Alto-2#Glissando#Love Me Like You Do#Glissando_Group#0009,EN-Alto-2,Love Me Like You Do,Glissando_Group,positive_mix,clear_mix,0.167552,0.257448
English#EN-Alto-2#Mixed_Voice_and_Falsetto#YOUTH#Mixed_Voice_Group#0002,EN-Alto-2,YOUTH,Mixed_Voice_Group,positive_mix,clear_mix,0.167334,0.257666
English#EN-Alto-2#Glissando#Someone Like You#Glissando_Group#0012,EN-Alto-2,Someone Like You,Glissando_Group,positive_mix,clear_mix,0.166807,0.258193
English#EN-Alto-2#Mixed_Voice_and_Falsetto#City Of Stars#Mixed_Voice_Group#0006,EN-Alto-2,City Of Stars,Mixed_Voice_Group,positive_mix,clear_mix,0.166302,0.258698
English#EN-Alto-2#Breathy#Yesterday Once More#Breathy_Group#0006,EN-Alto-2,Yesterday Once More,Breathy_Group,positive_mix,breathy_mix,0.16613,0.25887
English#EN-Alto-2#Glissando#Dream It Possible#Glissando_Group#0004,EN-Alto-2,Dream It Possible,Glissando_Group,positive_mix,clear_mix,0.165823,0.259177
English#EN-Tenor-1#Vibrato#What Was I Made For？#Vibrato_Group#0004,EN-Tenor-1,What Was I Made For？,Vibrato_Group,positive_mix,clear_mix,0.165592,0.259408
English#EN-Tenor-1#Glissando#Someone Like You#Control_Group#0007,EN-Tenor-1,Someone Like You,Control_Group,positive_mix,clear_mix,0.165326,0.259674
English#EN-Alto-2#Vibrato#Love Me Like You Do#Vibrato_Group#0001,EN-Alto-2,Love Me Like You Do,Vibrato_Group,positive_mix,clear_mix,0.16531,0.25969
English#EN-Alto-2#Glissando#Dream It Possible#Glissando_Group#0003,EN-Alto-2,Dream It Possible,Glissando_Group,positive_mix,clear_mix,0.165051,0.259949
English#EN-Tenor-1#Breathy#Shallow#Control_Group#0000,EN-Tenor-1,Shallow,Control_Group,positive_mix,clear_mix,0.164794,0.260206
English#EN-Tenor-1#Glissando#Shallow#Control_Group#0000,EN-Tenor-1,Shallow,Control_Group,positive_mix,clear_mix,0.164794,0.260206
English#EN-Tenor-1#Pharyngeal#Shallow#Control_Group#0000,EN-Tenor-1,Shallow,Control_Group,positive_mix,clear_mix,0.164794,0.260206
English#EN-Tenor-1#Vibrato#Shallow#Control_Group#0000,EN-Tenor-1,Shallow,Control_Group,positive_mix,clear_mix,0.164794,0.260206
English#EN-Alto-2#Vibrato#Fly Me to the Moon#Vibrato_Group#0005,EN-Alto-2,Fly Me to the Moon,Vibrato_Group,positive_mix,clear_mix,0.164589,0.260411
English#EN-Alto-2#Vibrato#Someone You Loved#Vibrato_Group#0005,EN-Alto-2,Someone You Loved,Vibrato_Group,positive_mix,clear_mix,0.164009,0.260991
English#EN-Alto-1#Breathy#innocence#Breathy_Group#0011,EN-Alto-1,innocence,Breathy_Group,positive_mix,clear_mix,0.163746,0.261254
English#EN-Alto-2#Glissando#All of Me#Glissando_Group#0003,EN-Alto-2,All of Me,Glissando_Group,positive_mix,clear_mix,0.163474,0.261526
English#EN-Alto-2#Glissando#My Love#Glissando_Group#0000,EN-Alto-2,My Love,Glissando_Group,positive_mix,clear_mix,0.163036,0.261964
English#EN-Tenor-1#Breathy#Shallow#Control_Group#0008,EN-Tenor-1,Shallow,Control_Group,positive_mix,clear_mix,0.162921,0.262079
English#EN-Alto-1#Mixed_Voice_and_Falsetto#you raise me up#Mixed_Voice_Group#0007,EN-Alto-1,you raise me up,Mixed_Voice_Group,positive_mix,clear_mix,0.162911,0.262089
English#EN-Tenor-1#Vibrato#Rolling in the Deep#Vibrato_Group#0004,EN-Tenor-1,Rolling in the Deep,Vibrato_Group,positive_mix,clear_mix,0.162708,0.262292
English#EN-Alto-2#Vibrato#All of Me#Control_Group#0000,EN-Alto-2,All of Me,Control_Group,positive_mix,clear_mix,0.162569,0.262431
English#EN-Alto-2#Glissando#A Thousand Years#Glissando_Group#0000,EN-Alto-2,A Thousand Years,Glissando_Group,positive_mix,clear_mix,0.161917,0.263083
English#EN-Alto-2#Vibrato#Easy On Me#Vibrato_Group#0004,EN-Alto-2,Easy On Me,Vibrato_Group,positive_mix,clear_mix,0.161865,0.263135
English#EN-Alto-1#Breathy#all is found#Breathy_Group#0001,EN-Alto-1,all is found,Breathy_Group,positive_mix,breathy_mix,0.161012,0.263988
English#EN-Alto-1#Glissando#trouble is a friend#Control_Group#0004,EN-Alto-1,trouble is a friend,Control_Group,positive_mix,clear_mix,0.160932,0.264068
English#EN-Alto-1#Glissando#for the first time in forever#Control_Group#0009,EN-Alto-1,for the first time in forever,Control_Group,positive_mix,clear_mix,0.160729,0.264271
English#EN-Alto-2#Vibrato#Easy On Me#Vibrato_Group#0005,EN-Alto-2,Easy On Me,Vibrato_Group,positive_mix,clear_mix,0.160278,0.264722
English#EN-Alto-1#Breathy#let it go#Breathy_Group#0005,EN-Alto-1,let it go,Breathy_Group,positive_mix,clear_mix,0.160113,0.264887
English#EN-Alto-2#Mixed_Voice_and_Falsetto#Yesterday Once More#Mixed_Voice_Group#0008,EN-Alto-2,Yesterday Once More,Mixed_Voice_Group,positive_mix,clear_mix,0.16002,0.26498
English#EN-Alto-2#Mixed_Voice_and_Falsetto#The Show#Mixed_Voice_Group#0003,EN-Alto-2,The Show,Mixed_Voice_Group,positive_mix,clear_mix,0.158923,0.266077
English#EN-Alto-2#Vibrato#A Thousand Years#Vibrato_Group#0006,EN-Alto-2,A Thousand Years,Vibrato_Group,positive_mix,clear_mix,0.158902,0.266098
English#EN-Tenor-1#Breathy#What Was I Made For？#Control_Group#0009,EN-Tenor-1,What Was I Made For？,Control_Group,positive_mix,clear_mix,0.158766,0.266234
English#EN-Alto-2#Mixed_Voice_and_Falsetto#City Of Stars#Mixed_Voice_Group#0008,EN-Alto-2,City Of Stars,Mixed_Voice_Group,positive_mix,clear_mix,0.15875,0.26625
English#EN-Alto-1#Glissando#trouble is a friend#Control_Group#0000,EN-Alto-1,trouble is a friend,Control_Group,positive_mix,clear_mix,0.158526,0.266474
English#EN-Alto-1#Breathy#sleepyhead#Breathy_Group#0008,EN-Alto-1,sleepyhead,Breathy_Group,positive_mix,breathy_mix,0.15782,0.26718
English#EN-Alto-2#Mixed_Voice_and_Falsetto#All of Me#Mixed_Voice_Group#0009,EN-Alto-2,All of Me,Mixed_Voice_Group,positive_mix,clear_mix,0.15763,0.26737
English#EN-Alto-2#Breathy#What Are Words#Control_Group#0005,EN-Alto-2,What Are Words,Control_Group,positive_mix,clear_mix,0.157597,0.267403
English#EN-Alto-2#Glissando#What Are Words#Control_Group#0005,EN-Alto-2,What Are Words,Control_Group,positive_mix,clear_mix,0.157597,0.267403
English#EN-Alto-2#Mixed_Voice_and_Falsetto#What Are Words#Mixed_Voice_Group#0005,EN-Alto-2,What Are Words,Mixed_Voice_Group,positive_mix,clear_mix,0.157597,0.267403
English#EN-Alto-2#Pharyngeal#What Are Words#Control_Group#0005,EN-Alto-2,What Are Words,Control_Group,positive_mix,clear_mix,0.157597,0.267403
English#EN-Alto-2#Vibrato#What Are Words#Control_Group#0005,EN-Alto-2,What Are Words,Control_Group,positive_mix,clear_mix,0.157597,0.267403
English#EN-Alto-2#Mixed_Voice_and_Falsetto#City Of Stars#Mixed_Voice_Group#0013,EN-Alto-2,City Of Stars,Mixed_Voice_Group,positive_mix,clear_mix,0.157319,0.267681
English#EN-Alto-1#Breathy#all is found#Breathy_Group#0002,EN-Alto-1,all is found,Breathy_Group,positive_mix,breathy_mix,0.157262,0.267738
English#EN-Tenor-1#Glissando#I Knew You Were Trouble#Control_Group#0006,EN-Tenor-1,I Knew You Were Trouble,Control_Group,positive_mix,clear_mix,0.157213,0.267787
English#EN-Alto-1#Breathy#who says#Breathy_Group#0006,EN-Alto-1,who says,Breathy_Group,positive_mix,breathy_mix,0.157123,0.267877
English#EN-Tenor-1#Pharyngeal#What Was I Made For？#Control_Group#0011,EN-Tenor-1,What Was I Made For？,Control_Group,positive_mix,clear_mix,0.156793,0.268207
English#EN-Alto-2#Glissando#Someone You Loved#Glissando_Group#0000,EN-Alto-2,Someone You Loved,Glissando_Group,positive_mix,clear_mix,0.156587,0.268413
English#EN-Tenor-1#Breathy#Shallow#Control_Group#0007,EN-Tenor-1,Shallow,Control_Group,positive_mix,clear_mix,0.156302,0.268698
English#EN-Tenor-1#Glissando#What Was I Made For？#Glissando_Group#0006,EN-Tenor-1,What Was I Made For？,Glissando_Group,positive_mix,clear_mix,0.156171,0.268829
English#EN-Alto-1#Pharyngeal#who says#Control_Group#0001,EN-Alto-1,who says,Control_Group,positive_mix,clear_mix,0.155749,0.269251
English#EN-Alto-2#Vibrato#Safe and Sound#Control_Group#0000,EN-Alto-2,Safe and Sound,Control_Group,positive_mix,clear_mix,0.155578,0.269422
English#EN-Alto-2#Mixed_Voice_and_Falsetto#A Thousand Years#Mixed_Voice_Group#0004,EN-Alto-2,A Thousand Years,Mixed_Voice_Group,positive_mix,clear_mix,0.155532,0.269468
English#EN-Alto-2#Pharyngeal#My Heart Will Go On#Control_Group#0004,EN-Alto-2,My Heart Will Go On,Control_Group,positive_mix,clear_mix,0.155273,0.269727
English#EN-Alto-2#Glissando#Love Story#Glissando_Group#0005,EN-Alto-2,Love Story,Glissando_Group,positive_mix,clear_mix,0.15523,0.26977
English#EN-Tenor-1#Breathy#Stay#Breathy_Group#0003,EN-Tenor-1,Stay,Breathy_Group,positive_mix,breathy_mix,0.154904,0.270096
English#EN-Alto-1#Mixed_Voice_and_Falsetto#somewhere over the rainbow#Mixed_Voice_Group#0006,EN-Alto-1,somewhere over the rainbow,Mixed_Voice_Group,positive_mix,clear_mix,0.154871,0.270129
English#EN-Alto-1#Glissando#rolling in the deep#Control_Group#0011,EN-Alto-1,rolling in the deep,Control_Group,positive_mix,clear_mix,0.154843,0.270157
English#EN-Alto-2#Breathy#Someone Like You#Control_Group#0007,EN-Alto-2,Someone Like You,Control_Group,positive_mix,clear_mix,0.154761,0.270239
English#EN-Alto-2#Glissando#Someone Like You#Control_Group#0008,EN-Alto-2,Someone Like You,Control_Group,positive_mix,clear_mix,0.154761,0.270239
English#EN-Alto-2#Pharyngeal#Someone Like You#Control_Group#0007,EN-Alto-2,Someone Like You,Control_Group,positive_mix,clear_mix,0.154761,0.270239
English#EN-Alto-2#Vibrato#Someone Like You#Control_Group#0007,EN-Alto-2,Someone Like You,Control_Group,positive_mix,clear_mix,0.154761,0.270239
English#EN-Alto-1#Mixed_Voice_and_Falsetto#Arriety's song#Mixed_Voice_Group#0004,EN-Alto-1,Arriety's song,Mixed_Voice_Group,positive_mix,clear_mix,0.154525,0.270475
English#EN-Alto-1#Breathy#who says#Control_Group#0007,EN-Alto-1,who says,Control_Group,positive_mix,breathy_mix,0.154298,0.270702
English#EN-Alto-2#Glissando#You Raise Me Up#Glissando_Group#0002,EN-Alto-2,You Raise Me Up,Glissando_Group,positive_mix,clear_mix,0.154245,0.270755
English#EN-Alto-1#Pharyngeal#clouds#Control_Group#0011,EN-Alto-1,clouds,Control_Group,positive_mix,clear_mix,0.154166,0.270834
English#EN-Alto-1#Mixed_Voice_and_Falsetto#all is found#Falsetto_Group#0003,EN-Alto-1,all is found,Falsetto_Group,positive_mix,head_mix,0.153624,0.271376
English#EN-Alto-2#Breathy#Yesterday Once More#Breathy_Group#0008,EN-Alto-2,Yesterday Once More,Breathy_Group,positive_mix,breathy_mix,0.153413,0.271587
English#EN-Alto-2#Mixed_Voice_and_Falsetto#All of Me#Mixed_Voice_Group#0006,EN-Alto-2,All of Me,Mixed_Voice_Group,positive_mix,clear_mix,0.153357,0.271643
English#EN-Tenor-1#Vibrato#Someone Like You#Vibrato_Group#0000,EN-Tenor-1,Someone Like You,Vibrato_Group,positive_mix,clear_mix,0.152621,0.272379
English#EN-Tenor-1#Vibrato#What Was I Made For？#Vibrato_Group#0007,EN-Tenor-1,What Was I Made For？,Vibrato_Group,positive_mix,clear_mix,0.152608,0.272392
English#EN-Alto-2#Breathy#Safe and Sound#Control_Group#0006,EN-Alto-2,Safe and Sound,Control_Group,positive_mix,clear_mix,0.152419,0.272581
English#EN-Alto-1#Breathy#sleepyhead#Control_Group#0001,EN-Alto-1,sleepyhead,Control_Group,positive_mix,clear_mix,0.15194,0.27306
English#EN-Alto-2#Vibrato#All of Me#Vibrato_Group#0001,EN-Alto-2,All of Me,Vibrato_Group,positive_mix,clear_mix,0.151904,0.273096
English#EN-Alto-1#Breathy#who says#Control_Group#0008,EN-Alto-1,who says,Control_Group,positive_mix,clear_mix,0.151181,0.273819
English#EN-Alto-1#Pharyngeal#who says#Control_Group#0007,EN-Alto-1,who says,Control_Group,positive_mix,clear_mix,0.151181,0.273819
English#EN-Tenor-1#Mixed_Voice_and_Falsetto#Blank Space#Mixed_Voice_Group#0005,EN-Tenor-1,Blank Space,Mixed_Voice_Group,positive_mix,clear_mix,0.151009,0.273991
English#EN-Alto-2#Mixed_Voice_and_Falsetto#Love Story#Mixed_Voice_Group#0002,EN-Alto-2,Love Story,Mixed_Voice_Group,positive_mix,clear_mix,0.150987,0.274013
English#EN-Alto-2#Pharyngeal#Love Story#Control_Group#0002,EN-Alto-2,Love Story,Control_Group,positive_mix,clear_mix,0.150987,0.274013
English#EN-Alto-1#Breathy#innocence#Control_Group#0013,EN-Alto-1,innocence,Control_Group,positive_mix,clear_mix,0.150859,0.274141
English#EN-Alto-2#Mixed_Voice_and_Falsetto#Hello#Mixed_Voice_Group#0008,EN-Alto-2,Hello,Mixed_Voice_Group,positive_mix,clear_mix,0.15079,0.27421
English#EN-Alto-1#Mixed_Voice_and_Falsetto#yesterday once more#Mixed_Voice_Group#0011,EN-Alto-1,yesterday once more,Mixed_Voice_Group,positive_mix,clear_mix,0.150654,0.274346
English#EN-Alto-2#Breathy#Yesterday Once More#Breathy_Group#0004,EN-Alto-2,Yesterday Once More,Breathy_Group,positive_mix,breathy_mix,0.150514,0.274486
English#EN-Alto-2#Mixed_Voice_and_Falsetto#God is A Girl#Mixed_Voice_Group#0000,EN-Alto-2,God is A Girl,Mixed_Voice_Group,positive_mix,clear_mix,0.150484,0.274516
English#EN-Alto-2#Mixed_Voice_and_Falsetto#Hey Jude#Mixed_Voice_Group#0003,EN-Alto-2,Hey Jude,Mixed_Voice_Group,positive_mix,clear_mix,0.150204,0.274796
English#EN-Alto-1#Breathy#safe and sound#Control_Group#0001,EN-Alto-1,safe and sound,Control_Group,positive_mix,clear_mix,0.150106,0.274894
English#EN-Alto-2#Glissando#My Love#Glissando_Group#0003,EN-Alto-2,My Love,Glissando_Group,positive_mix,clear_mix,0.150101,0.274899
English#EN-Alto-1#Breathy#who says#Breathy_Group#0012,EN-Alto-1,who says,Breathy_Group,positive_mix,breathy_mix,0.149761,0.275239
English#EN-Tenor-1#Glissando#You Belong With Me#Control_Group#0000,EN-Tenor-1,You Belong With Me,Control_Group,positive_mix,clear_mix,0.149554,0.275446
English#EN-Alto-2#Mixed_Voice_and_Falsetto#Love Story#Mixed_Voice_Group#0001,EN-Alto-2,Love Story,Mixed_Voice_Group,positive_mix,clear_mix,0.149511,0.275489
English#EN-Alto-2#Mixed_Voice_and_Falsetto#My Heart Will Go On#Mixed_Voice_Group#0007,EN-Alto-2,My Heart Will Go On,Mixed_Voice_Group,positive_mix,clear_mix,0.149433,0.275567
English#EN-Alto-2#Pharyngeal#My Heart Will Go On#Control_Group#0007,EN-Alto-2,My Heart Will Go On,Control_Group,positive_mix,clear_mix,0.149433,0.275567
English#EN-Alto-2#Breathy#Love Story#Control_Group#0001,EN-Alto-2,Love Story,Control_Group,positive_mix,clear_mix,0.149394,0.275606
English#EN-Alto-2#Mixed_Voice_and_Falsetto#The Show#Mixed_Voice_Group#0001,EN-Alto-2,The Show,Mixed_Voice_Group,positive_mix,clear_mix,0.149319,0.275681
English#EN-Alto-2#Mixed_Voice_and_Falsetto#My Heart Will Go On#Mixed_Voice_Group#0011,EN-Alto-2,My Heart Will Go On,Mixed_Voice_Group,positive_mix,clear_mix,0.149285,0.275715
English#EN-Alto-2#Mixed_Voice_and_Falsetto#My Heart Will Go On#Mixed_Voice_Group#0004,EN-Alto-2,My Heart Will Go On,Mixed_Voice_Group,positive_mix,clear_mix,0.148971,0.276029
English#EN-Alto-1#Glissando#god is a girl#Control_Group#0003,EN-Alto-1,god is a girl,Control_Group,positive_mix,clear_mix,0.148869,0.276131
English#EN-Alto-2#Breathy#Yesterday Once More#Control_Group#0006,EN-Alto-2,Yesterday Once More,Control_Group,positive_mix,clear_mix,0.148585,0.276415
English#EN-Alto-2#Glissando#Yesterday Once More#Glissando_Group#0006,EN-Alto-2,Yesterday Once More,Glissando_Group,positive_mix,clear_mix,0.148406,0.276594
English#EN-Alto-1#Mixed_Voice_and_Falsetto#all is found#Mixed_Voice_Group#0000,EN-Alto-1,all is found,Mixed_Voice_Group,positive_mix,clear_mix,0.148378,0.276622
English#EN-Tenor-1#Glissando#Enchanted#Control_Group#0005,EN-Tenor-1,Enchanted,Control_Group,positive_mix,clear_mix,0.148219,0.276781
English#EN-Alto-1#Mixed_Voice_and_Falsetto#yesterday once more#Mixed_Voice_Group#0006,EN-Alto-1,yesterday once more,Mixed_Voice_Group,positive_mix,clear_mix,0.147905,0.277095
English#EN-Alto-1#Breathy#sleepyhead#Breathy_Group#0009,EN-Alto-1,sleepyhead,Breathy_Group,positive_mix,breathy_mix,0.146656,0.278344
English#EN-Alto-2#Mixed_Voice_and_Falsetto#My Love#Mixed_Voice_Group#0006,EN-Alto-2,My Love,Mixed_Voice_Group,positive_mix,clear_mix,0.14645,0.27855
English#EN-Alto-1#Breathy#sleepyhead#Breathy_Group#0007,EN-Alto-1,sleepyhead,Breathy_Group,positive_mix,breathy_mix,0.146173,0.278827
English#EN-Alto-2#Vibrato#Someone You Loved#Vibrato_Group#0004,EN-Alto-2,Someone You Loved,Vibrato_Group,positive_mix,clear_mix,0.145827,0.279173
English#EN-Alto-2#Vibrato#Safe and Sound#Vibrato_Group#0006,EN-Alto-2,Safe and Sound,Vibrato_Group,positive_mix,clear_mix,0.145593,0.279407
English#EN-Alto-1#Breathy#innocence#Breathy_Group#0012,EN-Alto-1,innocence,Breathy_Group,positive_mix,clear_mix,0.145116,0.279884
English#EN-Alto-1#Pharyngeal#clouds#Control_Group#0002,EN-Alto-1,clouds,Control_Group,positive_mix,clear_mix,0.145021,0.279979
English#EN-Tenor-1#Glissando#I Knew You Were Trouble#Control_Group#0002,EN-Tenor-1,I Knew You Were Trouble,Control_Group,positive_mix,clear_mix,0.144746,0.280254
English#EN-Alto-2#Glissando#What Are Words#Glissando_Group#0002,EN-Alto-2,What Are Words,Glissando_Group,positive_mix,clear_mix,0.144478,0.280522
English#EN-Alto-2#Mixed_Voice_and_Falsetto#Hey Jude#Mixed_Voice_Group#0000,EN-Alto-2,Hey Jude,Mixed_Voice_Group,positive_mix,clear_mix,0.144458,0.280542
English#EN-Alto-1#Breathy#let it go#Control_Group#0006,EN-Alto-1,let it go,Control_Group,positive_mix,clear_mix,0.14445,0.28055
English#EN-Alto-2#Breathy#Someone You Loved#Control_Group#0004,EN-Alto-2,Someone You Loved,Control_Group,positive_mix,clear_mix,0.144424,0.280576
English#EN-Alto-2#Glissando#Someone You Loved#Control_Group#0004,EN-Alto-2,Someone You Loved,Control_Group,positive_mix,clear_mix,0.144424,0.280576
English#EN-Alto-2#Pharyngeal#Someone You Loved#Control_Group#0004,EN-Alto-2,Someone You Loved,Control_Group,positive_mix,clear_mix,0.144424,0.280576
English#EN-Alto-2#Vibrato#Someone You Loved#Control_Group#0004,EN-Alto-2,Someone You Loved,Control_Group,positive_mix,clear_mix,0.144424,0.280576
English#EN-Tenor-1#Vibrato#What Was I Made For？#Vibrato_Group#0008,EN-Tenor-1,What Was I Made For？,Vibrato_Group,positive_mix,clear_mix,0.144381,0.280619
English#EN-Alto-2#Mixed_Voice_and_Falsetto#Yesterday Once More#Mixed_Voice_Group#0005,EN-Alto-2,Yesterday Once More,Mixed_Voice_Group,positive_mix,clear_mix,0.144092,0.280908
English#EN-Alto-1#Breathy#innocence#Breathy_Group#0013,EN-Alto-1,innocence,Breathy_Group,positive_mix,clear_mix,0.14372,0.28128
English#EN-Alto-1#Mixed_Voice_and_Falsetto#Arriety's song#Mixed_Voice_Group#0000,EN-Alto-1,Arriety's song,Mixed_Voice_Group,positive_mix,clear_mix,0.143387,0.281613
English#EN-Alto-2#Glissando#Safe and Sound#Control_Group#0006,EN-Alto-2,Safe and Sound,Control_Group,positive_mix,clear_mix,0.143036,0.281964
English#EN-Tenor-1#Mixed_Voice_and_Falsetto#Style#Mixed_Voice_Group#0000,EN-Tenor-1,Style,Mixed_Voice_Group,positive_mix,clear_mix,0.143011,0.281989
English#EN-Alto-2#Mixed_Voice_and_Falsetto#Safe and Sound#Mixed_Voice_Group#0000,EN-Alto-2,Safe and Sound,Mixed_Voice_Group,positive_mix,clear_mix,0.142476,0.282524
English#EN-Alto-2#Vibrato#Love Story#Control_Group#0001,EN-Alto-2,Love Story,Control_Group,positive_mix,clear_mix,0.142422,0.282578
English#EN-Alto-1#Breathy#innocence#Breathy_Group#0010,EN-Alto-1,innocence,Breathy_Group,positive_mix,clear_mix,0.142322,0.282678
English#EN-Alto-2#Vibrato#A Thousand Years#Vibrato_Group#0007,EN-Alto-2,A Thousand Years,Vibrato_Group,positive_mix,clear_mix,0.142227,0.282773
English#EN-Alto-2#Glissando#Fly Me to the Moon#Glissando_Group#0005,EN-Alto-2,Fly Me to the Moon,Glissando_Group,positive_mix,clear_mix,0.142218,0.282782
English#EN-Alto-1#Glissando#make it shine#Glissando_Group#0000,EN-Alto-1,make it shine,Glissando_Group,positive_mix,clear_mix,0.141688,0.283312
English#EN-Tenor-1#Breathy#Long Live#Control_Group#0002,EN-Tenor-1,Long Live,Control_Group,positive_mix,clear_mix,0.141639,0.283361
English#EN-Tenor-1#Breathy#You Belong With Me#Control_Group#0005,EN-Tenor-1,You Belong With Me,Control_Group,positive_mix,clear_mix,0.141598,0.283402
English#EN-Tenor-1#Pharyngeal#You Belong With Me#Control_Group#0005,EN-Tenor-1,You Belong With Me,Control_Group,positive_mix,clear_mix,0.141598,0.283402
English#EN-Alto-1#Breathy#who says#Breathy_Group#0004,EN-Alto-1,who says,Breathy_Group,positive_mix,breathy_mix,0.141396,0.283604
English#EN-Alto-2#Mixed_Voice_and_Falsetto#Someone You Loved#Mixed_Voice_Group#0005,EN-Alto-2,Someone You Loved,Mixed_Voice_Group,positive_mix,clear_mix,0.141241,0.283759
English#EN-Alto-2#Glissando#Safe and Sound#Control_Group#0000,EN-Alto-2,Safe and Sound,Control_Group,positive_mix,clear_mix,0.140779,0.284221
English#EN-Alto-2#Vibrato#My Love#Control_Group#0004,EN-Alto-2,My Love,Control_Group,positive_mix,clear_mix,0.140756,0.284244
English#EN-Alto-2#Mixed_Voice_and_Falsetto#My Heart Will Go On#Mixed_Voice_Group#0008,EN-Alto-2,My Heart Will Go On,Mixed_Voice_Group,positive_mix,clear_mix,0.140583,0.284417
English#EN-Alto-2#Pharyngeal#My Heart Will Go On#Control_Group#0008,EN-Alto-2,My Heart Will Go On,Control_Group,positive_mix,clear_mix,0.140583,0.284417
English#EN-Alto-1#Mixed_Voice_and_Falsetto#let it go#Mixed_Voice_Group#0009,EN-Alto-1,let it go,Mixed_Voice_Group,positive_mix,clear_mix,0.140224,0.284776
English#EN-Alto-1#Glissando#rolling in the deep#Glissando_Group#0002,EN-Alto-1,rolling in the deep,Glissando_Group,positive_mix,clear_mix,0.140115,0.284885
English#EN-Alto-2#Glissando#Someone Like You#Control_Group#0010,EN-Alto-2,Someone Like You,Control_Group,positive_mix,clear_mix,0.139914,0.285086
English#EN-Alto-1#Breathy#sleepyhead#Control_Group#0008,EN-Alto-1,sleepyhead,Control_Group,positive_mix,clear_mix,0.139911,0.285089
English#EN-Alto-2#Mixed_Voice_and_Falsetto#You Raise Me Up#Mixed_Voice_Group#0005,EN-Alto-2,You Raise Me Up,Mixed_Voice_Group,positive_mix,clear_mix,0.139731,0.285269
English#EN-Alto-2#Vibrato#Someone Like You#Control_Group#0009,EN-Alto-2,Someone Like You,Control_Group,positive_mix,clear_mix,0.139589,0.285411
English#EN-Alto-2#Mixed_Voice_and_Falsetto#Love Me Like You Do#Mixed_Voice_Group#0001,EN-Alto-2,Love Me Like You Do,Mixed_Voice_Group,positive_mix,clear_mix,0.139496,0.285504
English#EN-Tenor-1#Breathy#Stay#Control_Group#0009,EN-Tenor-1,Stay,Control_Group,positive_mix,clear_mix,0.139296,0.285704
English#EN-Tenor-1#Pharyngeal#Stay#Control_Group#0007,EN-Tenor-1,Stay,Control_Group,positive_mix,clear_mix,0.139296,0.285704
English#EN-Tenor-1#Vibrato#Stay#Control_Group#0010,EN-Tenor-1,Stay,Control_Group,positive_mix,clear_mix,0.139296,0.285704
English#EN-Alto-2#Glissando#My Heart Will Go On#Glissando_Group#0004,EN-Alto-2,My Heart Will Go On,Glissando_Group,positive_mix,clear_mix,0.139272,0.285728
English#EN-Alto-2#Glissando#What Are Words#Glissando_Group#0001,EN-Alto-2,What Are Words,Glissando_Group,positive_mix,clear_mix,0.139191,0.285809
English#EN-Alto-2#Vibrato#Someone Like You#Vibrato_Group#0010,EN-Alto-2,Someone Like You,Vibrato_Group,positive_mix,clear_mix,0.138958,0.286042
English#EN-Alto-1#Glissando#god is a girl#Control_Group#0008,EN-Alto-1,god is a girl,Control_Group,positive_mix,clear_mix,0.138822,0.286178
English#EN-Alto-2#Mixed_Voice_and_Falsetto#A Thousand Years#Mixed_Voice_Group#0003,EN-Alto-2,A Thousand Years,Mixed_Voice_Group,positive_mix,clear_mix,0.138725,0.286275
English#EN-Alto-2#Mixed_Voice_and_Falsetto#God is A Girl#Mixed_Voice_Group#0001,EN-Alto-2,God is A Girl,Mixed_Voice_Group,positive_mix,clear_mix,0.13866,0.28634
English#EN-Alto-2#Pharyngeal#My Heart Will Go On#Control_Group#0002,EN-Alto-2,My Heart Will Go On,Control_Group,positive_mix,clear_mix,0.13851,0.28649
English#EN-Alto-1#Mixed_Voice_and_Falsetto#all is found#Mixed_Voice_Group#0005,EN-Alto-1,all is found,Mixed_Voice_Group,positive_mix,clear_mix,0.138053,0.286947
English#EN-Alto-2#Glissando#Someone Like You#Glissando_Group#0005,EN-Alto-2,Someone Like You,Glissando_Group,positive_mix,clear_mix,0.138045,0.286955
English#EN-Alto-1#Breathy#safe and sound#Breathy_Group#0005,EN-Alto-1,safe and sound,Breathy_Group,positive_mix,clear_mix,0.137994,0.287006
English#EN-Alto-2#Mixed_Voice_and_Falsetto#Cry on My Shoulder#Mixed_Voice_Group#0004,EN-Alto-2,Cry on My Shoulder,Mixed_Voice_Group,positive_mix,clear_mix,0.137801,0.287199
English#EN-Tenor-1#Vibrato#Someone Like You#Control_Group#0001,EN-Tenor-1,Someone Like You,Control_Group,positive_mix,clear_mix,0.137456,0.287544
English#EN-Alto-1#Glissando#tell me that you love me#Control_Group#0014,EN-Alto-1,tell me that you love me,Control_Group,positive_mix,clear_mix,0.137438,0.287562
English#EN-Tenor-1#Glissando#You Belong With Me#Control_Group#0010,EN-Tenor-1,You Belong With Me,Control_Group,positive_mix,clear_mix,0.137225,0.287775
English#EN-Alto-2#Breathy#Safe and Sound#Control_Group#0005,EN-Alto-2,Safe and Sound,Control_Group,positive_mix,clear_mix,0.136673,0.288327
English#EN-Alto-2#Glissando#My Love#Control_Group#0003,EN-Alto-2,My Love,Control_Group,positive_mix,clear_mix,0.136671,0.288329
English#EN-Alto-1#Breathy#once up a dream#Breathy_Group#0002,EN-Alto-1,once up a dream,Breathy_Group,positive_mix,clear_mix,0.136355,0.288645
English#EN-Tenor-1#Breathy#I Knew You Were Trouble#Control_Group#0006,EN-Tenor-1,I Knew You Were Trouble,Control_Group,positive_mix,clear_mix,0.136075,0.288925
English#EN-Tenor-1#Pharyngeal#I Knew You Were Trouble#Control_Group#0006,EN-Tenor-1,I Knew You Were Trouble,Control_Group,positive_mix,clear_mix,0.136075,0.288925
English#EN-Alto-1#Breathy#let it go#Control_Group#0003,EN-Alto-1,let it go,Control_Group,positive_mix,clear_mix,0.136062,0.288938
English#EN-Alto-1#Mixed_Voice_and_Falsetto#all is found#Control_Group#0008,EN-Alto-1,all is found,Control_Group,positive_mix,clear_mix,0.135894,0.289106
English#EN-Alto-1#Mixed_Voice_and_Falsetto#yesterday once more#Mixed_Voice_Group#0000,EN-Alto-1,yesterday once more,Mixed_Voice_Group,positive_mix,clear_mix,0.135784,0.289216
English#EN-Alto-2#Mixed_Voice_and_Falsetto#Yesterday Once More#Mixed_Voice_Group#0004,EN-Alto-2,Yesterday Once More,Mixed_Voice_Group,positive_mix,clear_mix,0.135695,0.289305
English#EN-Alto-1#Pharyngeal#monsters#Control_Group#0001,EN-Alto-1,monsters,Control_Group,positive_mix,clear_mix,0.135134,0.289866
English#EN-Alto-1#Mixed_Voice_and_Falsetto#yesterday once more#Mixed_Voice_Group#0008,EN-Alto-1,yesterday once more,Mixed_Voice_Group,positive_mix,clear_mix,0.135047,0.289953
English#EN-Alto-1#Breathy#sleepyhead#Breathy_Group#0000,EN-Alto-1,sleepyhead,Breathy_Group,positive_mix,breathy_mix,0.134935,0.290065
English#EN-Alto-2#Glissando#What Are Words#Glissando_Group#0007,EN-Alto-2,What Are Words,Glissando_Group,positive_mix,clear_mix,0.134763,0.290237
English#EN-Alto-1#Glissando#tell me that you love me#Control_Group#0009,EN-Alto-1,tell me that you love me,Control_Group,positive_mix,clear_mix,0.134757,0.290243
English#EN-Alto-2#Mixed_Voice_and_Falsetto#This Is Me#Mixed_Voice_Group#0003,EN-Alto-2,This Is Me,Mixed_Voice_Group,positive_mix,clear_mix,0.134588,0.290412
English#EN-Alto-2#Mixed_Voice_and_Falsetto#Love Me Like You Do#Mixed_Voice_Group#0007,EN-Alto-2,Love Me Like You Do,Mixed_Voice_Group,positive_mix,clear_mix,0.134247,0.290753
English#EN-Tenor-1#Breathy#Always Remember Us This Way#Control_Group#0013,EN-Tenor-1,Always Remember Us This Way,Control_Group,positive_mix,clear_mix,0.133724,0.291276
English#EN-Alto-2#Glissando#Love Story#Control_Group#0001,EN-Alto-2,Love Story,Control_Group,positive_mix,clear_mix,0.133621,0.291379
English#EN-Alto-1#Breathy#all is found#Control_Group#0009,EN-Alto-1,all is found,Control_Group,positive_mix,clear_mix,0.133009,0.291991
English#EN-Alto-1#Mixed_Voice_and_Falsetto#yesterday once more#Mixed_Voice_Group#0001,EN-Alto-1,yesterday once more,Mixed_Voice_Group,positive_mix,clear_mix,0.132688,0.292312
English#EN-Tenor-1#Glissando#Rolling in the Deep#Glissando_Group#0004,EN-Tenor-1,Rolling in the Deep,Glissando_Group,positive_mix,clear_mix,0.132665,0.292335
English#EN-Alto-2#Mixed_Voice_and_Falsetto#You Raise Me Up#Mixed_Voice_Group#0004,EN-Alto-2,You Raise Me Up,Mixed_Voice_Group,positive_mix,clear_mix,0.132532,0.292468
English#EN-Alto-1#Glissando#tell me that you love me#Control_Group#0007,EN-Alto-1,tell me that you love me,Control_Group,positive_mix,clear_mix,0.131166,0.293834
English#EN-Alto-1#Glissando#tell me that you love me#Control_Group#0005,EN-Alto-1,tell me that you love me,Control_Group,positive_mix,clear_mix,0.131126,0.293874
English#EN-Alto-1#Glissando#trouble is a friend#Control_Group#0010,EN-Alto-1,trouble is a friend,Control_Group,positive_mix,clear_mix,0.131112,0.293888
English#EN-Alto-2#Vibrato#My Heart Will Go On#Vibrato_Group#0004,EN-Alto-2,My Heart Will Go On,Vibrato_Group,positive_mix,clear_mix,0.131012,0.293988
English#EN-Alto-1#Glissando#trouble is a friend#Control_Group#0006,EN-Alto-1,trouble is a friend,Control_Group,positive_mix,clear_mix,0.13059,0.29441
English#EN-Alto-2#Glissando#You Raise Me Up#Control_Group#0001,EN-Alto-2,You Raise Me Up,Control_Group,positive_mix,clear_mix,0.130251,0.294749
English#EN-Alto-2#Pharyngeal#You Raise Me Up#Control_Group#0001,EN-Alto-2,You Raise Me Up,Control_Group,positive_mix,clear_mix,0.130251,0.294749
English#EN-Tenor-1#Glissando#You Belong With Me#Glissando_Group#0006,EN-Tenor-1,You Belong With Me,Glissando_Group,positive_mix,clear_mix,0.130078,0.294922
English#EN-Alto-2#Mixed_Voice_and_Falsetto#Five Hundred Miles#Mixed_Voice_Group#0005,EN-Alto-2,Five Hundred Miles,Mixed_Voice_Group,positive_mix,clear_mix,0.129809,0.295191
English#EN-Alto-2#Glissando#Someone Like You#Glissando_Group#0001,EN-Alto-2,Someone Like You,Glissando_Group,positive_mix,clear_mix,0.129804,0.295196
English#EN-Alto-1#Glissando#tell me that you love me#Control_Group#0002,EN-Alto-1,tell me that you love me,Control_Group,positive_mix,clear_mix,0.128756,0.296244
English#EN-Alto-2#Pharyngeal#Safe and Sound#Control_Group#0000,EN-Alto-2,Safe and Sound,Control_Group,positive_mix,clear_mix,0.128405,0.296595
English#EN-Tenor-1#Breathy#Shallow#Control_Group#0004,EN-Tenor-1,Shallow,Control_Group,positive_mix,clear_mix,0.128189,0.296811
English#EN-Tenor-1#Glissando#Shallow#Control_Group#0004,EN-Tenor-1,Shallow,Control_Group,positive_mix,clear_mix,0.128189,0.296811
English#EN-Tenor-1#Pharyngeal#Shallow#Control_Group#0004,EN-Tenor-1,Shallow,Control_Group,positive_mix,clear_mix,0.128189,0.296811
English#EN-Tenor-1#Vibrato#Shallow#Control_Group#0004,EN-Tenor-1,Shallow,Control_Group,positive_mix,clear_mix,0.128189,0.296811
English#EN-Alto-1#Glissando#trouble is a friend#Glissando_Group#0011,EN-Alto-1,trouble is a friend,Glissando_Group,positive_mix,clear_mix,0.128123,0.296877
English#EN-Alto-1#Breathy#treasure#Breathy_Group#0006,EN-Alto-1,treasure,Breathy_Group,positive_mix,clear_mix,0.128117,0.296883
English#EN-Alto-2#Glissando#Young And Beautiful#Glissando_Group#0000,EN-Alto-2,Young And Beautiful,Glissando_Group,positive_mix,clear_mix,0.127952,0.297048
English#EN-Alto-1#Breathy#all is found#Breathy_Group#0004,EN-Alto-1,all is found,Breathy_Group,positive_mix,breathy_mix,0.127922,0.297078
English#EN-Alto-2#Vibrato#Safe and Sound#Vibrato_Group#0003,EN-Alto-2,Safe and Sound,Vibrato_Group,positive_mix,head_mix,0.127581,0.297419
English#EN-Alto-1#Pharyngeal#love stroy#Control_Group#0006,EN-Alto-1,love stroy,Control_Group,positive_mix,clear_mix,0.126865,0.298135
English#EN-Alto-1#Breathy#all is found#Breathy_Group#0011,EN-Alto-1,all is found,Breathy_Group,positive_mix,breathy_mix,0.126822,0.298178
English#EN-Alto-2#Vibrato#Easy On Me#Vibrato_Group#0003,EN-Alto-2,Easy On Me,Vibrato_Group,positive_mix,clear_mix,0.126596,0.298404
English#EN-Alto-2#Mixed_Voice_and_Falsetto#Lemon Tree#Mixed_Voice_Group#0005,EN-Alto-2,Lemon Tree,Mixed_Voice_Group,positive_mix,clear_mix,0.126563,0.298437
English#EN-Alto-2#Mixed_Voice_and_Falsetto#Love Story#Mixed_Voice_Group#0000,EN-Alto-2,Love Story,Mixed_Voice_Group,positive_mix,clear_mix,0.126492,0.298508
English#EN-Alto-2#Glissando#Safe and Sound#Control_Group#0005,EN-Alto-2,Safe and Sound,Control_Group,positive_mix,clear_mix,0.126203,0.298797
English#EN-Alto-2#Glissando#Easy On Me#Control_Group#0000,EN-Alto-2,Easy On Me,Control_Group,positive_mix,clear_mix,0.125017,0.299983
English#EN-Alto-2#Mixed_Voice_and_Falsetto#Easy On Me#Mixed_Voice_Group#0000,EN-Alto-2,Easy On Me,Mixed_Voice_Group,positive_mix,clear_mix,0.125017,0.299983
English#EN-Alto-2#Pharyngeal#Easy On Me#Control_Group#0000,EN-Alto-2,Easy On Me,Control_Group,positive_mix,clear_mix,0.125017,0.299983
English#EN-Alto-2#Vibrato#Easy On Me#Control_Group#0000,EN-Alto-2,Easy On Me,Control_Group,positive_mix,clear_mix,0.125017,0.299983
English#EN-Tenor-1#Vibrato#Always Remember Us This Way#Control_Group#0008,EN-Tenor-1,Always Remember Us This Way,Control_Group,positive_mix,clear_mix,0.124536,0.300464
English#EN-Alto-2#Mixed_Voice_and_Falsetto#You Raise Me Up#Mixed_Voice_Group#0007,EN-Alto-2,You Raise Me Up,Mixed_Voice_Group,positive_mix,clear_mix,0.12447,0.30053
English#EN-Alto-2#Vibrato#Love Me Like You Do#Vibrato_Group#0000,EN-Alto-2,Love Me Like You Do,Vibrato_Group,positive_mix,clear_mix,0.124273,0.300727
English#EN-Alto-2#Breathy#Love Me Like You Do#Breathy_Group#0009,EN-Alto-2,Love Me Like You Do,Breathy_Group,positive_mix,breathy_mix,0.123906,0.301094
English#EN-Tenor-1#Breathy#Always Remember Us This Way#Control_Group#0005,EN-Tenor-1,Always Remember Us This Way,Control_Group,positive_mix,clear_mix,0.123815,0.301185
English#EN-Tenor-1#Glissando#Always Remember Us This Way#Control_Group#0005,EN-Tenor-1,Always Remember Us This Way,Control_Group,positive_mix,clear_mix,0.123815,0.301185
English#EN-Tenor-1#Pharyngeal#Always Remember Us This Way#Control_Group#0005,EN-Tenor-1,Always Remember Us This Way,Control_Group,positive_mix,clear_mix,0.123815,0.301185
English#EN-Tenor-1#Vibrato#Long Live#Control_Group#0002,EN-Tenor-1,Long Live,Control_Group,positive_mix,clear_mix,0.12377,0.30123
English#EN-Alto-1#Breathy#sleepyhead#Breathy_Group#0011,EN-Alto-1,sleepyhead,Breathy_Group,positive_mix,breathy_mix,0.123721,0.301279
English#EN-Alto-2#Glissando#A Thousand Years#Control_Group#0007,EN-Alto-2,A Thousand Years,Control_Group,positive_mix,clear_mix,0.123716,0.301284
English#EN-Alto-2#Vibrato#A Thousand Years#Control_Group#0007,EN-Alto-2,A Thousand Years,Control_Group,positive_mix,clear_mix,0.123716,0.301284
English#EN-Alto-1#Breathy#all is found#Breathy_Group#0010,EN-Alto-1,all is found,Breathy_Group,positive_mix,breathy_mix,0.123536,0.301464
English#EN-Tenor-1#Glissando#What Was I Made For？#Control_Group#0009,EN-Tenor-1,What Was I Made For？,Control_Group,positive_mix,clear_mix,0.123519,0.301481
English#EN-Alto-2#Glissando#Love Me Like You Do#Glissando_Group#0007,EN-Alto-2,Love Me Like You Do,Glissando_Group,positive_mix,clear_mix,0.123477,0.301523
English#EN-Alto-2#Mixed_Voice_and_Falsetto#This Is Me#Mixed_Voice_Group#0004,EN-Alto-2,This Is Me,Mixed_Voice_Group,positive_mix,clear_mix,0.123462,0.301538
English#EN-Alto-2#Breathy#Safe and Sound#Breathy_Group#0005,EN-Alto-2,Safe and Sound,Breathy_Group,positive_mix,breathy_mix,0.12346,0.30154
English#EN-Alto-1#Glissando#god is a girl#Control_Group#0002,EN-Alto-1,god is a girl,Control_Group,positive_mix,clear_mix,0.123309,0.301691
English#EN-Tenor-1#Glissando#Long Live#Control_Group#0009,EN-Tenor-1,Long Live,Control_Group,positive_mix,clear_mix,0.123161,0.301839
English#EN-Alto-2#Vibrato#You Raise Me Up#Control_Group#0005,EN-Alto-2,You Raise Me Up,Control_Group,positive_mix,clear_mix,0.122837,0.302163
English#EN-Alto-2#Mixed_Voice_and_Falsetto#You Belong With Me#Mixed_Voice_Group#0004,EN-Alto-2,You Belong With Me,Mixed_Voice_Group,positive_mix,clear_mix,0.122693,0.302307
English#EN-Alto-1#Glissando#tell me that you love me#Glissando_Group#0006,EN-Alto-1,tell me that you love me,Glissando_Group,positive_mix,clear_mix,0.12258,0.30242
English#EN-Alto-1#Glissando#for the first time in forever#Control_Group#0008,EN-Alto-1,for the first time in forever,Control_Group,positive_mix,clear_mix,0.122162,0.302838
English#EN-Alto-2#Glissando#You Raise Me Up#Control_Group#0007,EN-Alto-2,You Raise Me Up,Control_Group,positive_mix,clear_mix,0.122037,0.302963
English#EN-Alto-2#Pharyngeal#You Raise Me Up#Control_Group#0007,EN-Alto-2,You Raise Me Up,Control_Group,positive_mix,clear_mix,0.122037,0.302963
English#EN-Alto-2#Mixed_Voice_and_Falsetto#Yesterday Once More#Mixed_Voice_Group#0007,EN-Alto-2,Yesterday Once More,Mixed_Voice_Group,positive_mix,clear_mix,0.122009,0.302991
English#EN-Tenor-1#Glissando#I Knew You Were Trouble#Control_Group#0004,EN-Tenor-1,I Knew You Were Trouble,Control_Group,positive_mix,clear_mix,0.121989,0.303011
English#EN-Tenor-1#Pharyngeal#Long Live#Control_Group#0002,EN-Tenor-1,Long Live,Control_Group,positive_mix,clear_mix,0.121838,0.303162
English#EN-Alto-2#Pharyngeal#Fly Me to the Moon#Control_Group#0002,EN-Alto-2,Fly Me to the Moon,Control_Group,positive_mix,clear_mix,0.121791,0.303209
English#EN-Alto-1#Vibrato#memory#Control_Group#0005,EN-Alto-1,memory,Control_Group,positive_mix,clear_mix,0.121276,0.303724
English#EN-Tenor-1#Breathy#Shallow#Control_Group#0014,EN-Tenor-1,Shallow,Control_Group,positive_mix,clear_mix,0.120908,0.304092
English#EN-Alto-2#Breathy#My Heart Will Go On#Control_Group#0005,EN-Alto-2,My Heart Will Go On,Control_Group,positive_mix,clear_mix,0.120426,0.304574
English#EN-Alto-2#Mixed_Voice_and_Falsetto#My Love#Mixed_Voice_Group#0004,EN-Alto-2,My Love,Mixed_Voice_Group,positive_mix,clear_mix,0.120259,0.304741
English#EN-Alto-1#Mixed_Voice_and_Falsetto#big big world#Mixed_Voice_Group#0012,EN-Alto-1,big big world,Mixed_Voice_Group,positive_mix,clear_mix,0.120194,0.304806
English#EN-Alto-2#Pharyngeal#Love Story#Control_Group#0001,EN-Alto-2,Love Story,Control_Group,positive_mix,clear_mix,0.119317,0.305683
English#EN-Tenor-1#Glissando#Rolling in the Deep#Glissando_Group#0005,EN-Tenor-1,Rolling in the Deep,Glissando_Group,positive_mix,clear_mix,0.119135,0.305865
English#EN-Alto-2#Mixed_Voice_and_Falsetto#Hello#Mixed_Voice_Group#0009,EN-Alto-2,Hello,Mixed_Voice_Group,positive_mix,clear_mix,0.119048,0.305952
English#EN-Tenor-1#Mixed_Voice_and_Falsetto#Lavender Haze#Mixed_Voice_Group#0007,EN-Tenor-1,Lavender Haze,Mixed_Voice_Group,positive_mix,clear_mix,0.118769,0.306231
English#EN-Tenor-1#Breathy#You Belong With Me#Control_Group#0004,EN-Tenor-1,You Belong With Me,Control_Group,positive_mix,clear_mix,0.118653,0.306347
English#EN-Tenor-1#Pharyngeal#You Belong With Me#Control_Group#0004,EN-Tenor-1,You Belong With Me,Control_Group,positive_mix,clear_mix,0.118653,0.306347
English#EN-Alto-2#Glissando#My Heart Will Go On#Glissando_Group#0001,EN-Alto-2,My Heart Will Go On,Glissando_Group,positive_mix,clear_mix,0.118565,0.306435
English#EN-Tenor-1#Vibrato#You Belong With Me#Control_Group#0004,EN-Tenor-1,You Belong With Me,Control_Group,positive_mix,clear_mix,0.11851,0.30649
English#EN-Alto-2#Mixed_Voice_and_Falsetto#My Love#Mixed_Voice_Group#0008,EN-Alto-2,My Love,Mixed_Voice_Group,positive_mix,clear_mix,0.118164,0.306836
English#EN-Alto-2#Vibrato#All of Me#Vibrato_Group#0003,EN-Alto-2,All of Me,Vibrato_Group,positive_mix,clear_mix,0.117153,0.307847
English#EN-Alto-2#Breathy#All of Me#Control_Group#0000,EN-Alto-2,All of Me,Control_Group,positive_mix,clear_mix,0.116924,0.308076
English#EN-Alto-2#Glissando#All of Me#Control_Group#0000,EN-Alto-2,All of Me,Control_Group,positive_mix,clear_mix,0.116924,0.308076
English#EN-Alto-2#Pharyngeal#All of Me#Control_Group#0000,EN-Alto-2,All of Me,Control_Group,positive_mix,clear_mix,0.116924,0.308076
English#EN-Alto-2#Breathy#Easy On Me#Control_Group#0006,EN-Alto-2,Easy On Me,Control_Group,positive_mix,clear_mix,0.116799,0.308201
English#EN-Alto-2#Mixed_Voice_and_Falsetto#Easy On Me#Mixed_Voice_Group#0006,EN-Alto-2,Easy On Me,Mixed_Voice_Group,positive_mix,clear_mix,0.116799,0.308201
English#EN-Alto-2#Pharyngeal#Easy On Me#Control_Group#0006,EN-Alto-2,Easy On Me,Control_Group,positive_mix,clear_mix,0.116799,0.308201
English#EN-Alto-2#Breathy#Safe and Sound#Control_Group#0000,EN-Alto-2,Safe and Sound,Control_Group,positive_mix,clear_mix,0.116641,0.308359
English#EN-Alto-1#Pharyngeal#clouds#Control_Group#0005,EN-Alto-1,clouds,Control_Group,positive_mix,clear_mix,0.116594,0.308406
English#EN-Alto-2#Glissando#Someone You Loved#Glissando_Group#0005,EN-Alto-2,Someone You Loved,Glissando_Group,positive_mix,clear_mix,0.116516,0.308484
English#EN-Alto-2#Vibrato#Easy On Me#Vibrato_Group#0007,EN-Alto-2,Easy On Me,Vibrato_Group,positive_mix,clear_mix,0.116454,0.308546
English#EN-Tenor-1#Glissando#Long Live#Glissando_Group#0004,EN-Tenor-1,Long Live,Glissando_Group,positive_mix,clear_mix,0.116354,0.308646
English#EN-Alto-2#Vibrato#Safe and Sound#Control_Group#0005,EN-Alto-2,Safe and Sound,Control_Group,positive_mix,clear_mix,0.116044,0.308956
English#EN-Alto-2#Glissando#Love Me Like You Do#Glissando_Group#0002,EN-Alto-2,Love Me Like You Do,Glissando_Group,positive_mix,clear_mix,0.115861,0.309139
English#EN-Alto-1#Breathy#all is found#Breathy_Group#0000,EN-Alto-1,all is found,Breathy_Group,positive_mix,breathy_mix,0.115207,0.309793
English#EN-Alto-2#Glissando#My Heart Will Go On#Control_Group#0010,EN-Alto-2,My Heart Will Go On,Control_Group,positive_mix,clear_mix,0.115004,0.309996
English#EN-Alto-2#Vibrato#My Heart Will Go On#Control_Group#0010,EN-Alto-2,My Heart Will Go On,Control_Group,positive_mix,clear_mix,0.115004,0.309996
English#EN-Alto-1#Mixed_Voice_and_Falsetto#Arriety's song#Mixed_Voice_Group#0007,EN-Alto-1,Arriety's song,Mixed_Voice_Group,positive_mix,clear_mix,0.114895,0.310105
English#EN-Alto-2#Pharyngeal#Love Me Like You Do#Control_Group#0001,EN-Alto-2,Love Me Like You Do,Control_Group,positive_mix,clear_mix,0.114846,0.310154
English#EN-Alto-1#Vibrato#memory#Control_Group#0012,EN-Alto-1,memory,Control_Group,positive_mix,clear_mix,0.114625,0.310375
English#EN-Alto-2#Glissando#Love Story#Control_Group#0002,EN-Alto-2,Love Story,Control_Group,positive_mix,clear_mix,0.114372,0.310628
English#EN-Alto-1#Pharyngeal#beauty and the beast#Control_Group#0009,EN-Alto-1,beauty and the beast,Control_Group,positive_mix,clear_mix,0.114072,0.310928
English#EN-Tenor-1#Glissando#Rolling in the Deep#Glissando_Group#0007,EN-Tenor-1,Rolling in the Deep,Glissando_Group,positive_mix,clear_mix,0.113944,0.311056
English#EN-Alto-2#Mixed_Voice_and_Falsetto#Let It Go#Mixed_Voice_Group#0000,EN-Alto-2,Let It Go,Mixed_Voice_Group,positive_mix,clear_mix,0.113896,0.311104
English#EN-Tenor-1#Glissando#Enchanted#Control_Group#0009,EN-Tenor-1,Enchanted,Control_Group,positive_mix,clear_mix,0.113794,0.311206
English#EN-Alto-1#Mixed_Voice_and_Falsetto#big big world#Mixed_Voice_Group#0010,EN-Alto-1,big big world,Mixed_Voice_Group,positive_mix,clear_mix,0.113581,0.311419
English#EN-Alto-2#Vibrato#Yesterday Once More#Control_Group#0006,EN-Alto-2,Yesterday Once More,Control_Group,positive_mix,clear_mix,0.113511,0.311489
English#EN-Alto-2#Breathy#Someone Like You#Control_Group#0009,EN-Alto-2,Someone Like You,Control_Group,positive_mix,clear_mix,0.11291,0.31209
English#EN-Tenor-1#Breathy#Shallow#Control_Group#0012,EN-Tenor-1,Shallow,Control_Group,positive_mix,clear_mix,0.11282,0.31218
English#EN-Alto-2#Vibrato#What Are Words#Vibrato_Group#0001,EN-Alto-2,What Are Words,Vibrato_Group,positive_mix,clear_mix,0.112458,0.312542
English#EN-Tenor-1#Glissando#Rolling in the Deep#Control_Group#0002,EN-Tenor-1,Rolling in the Deep,Control_Group,positive_mix,clear_mix,0.111967,0.313033
English#EN-Tenor-1#Vibrato#You Belong With Me#Vibrato_Group#0009,EN-Tenor-1,You Belong With Me,Vibrato_Group,positive_mix,clear_mix,0.111725,0.313275
English#EN-Alto-1#Pharyngeal#beauty and the beast#Control_Group#0000,EN-Alto-1,beauty and the beast,Control_Group,positive_mix,clear_mix,0.111544,0.313456
English#EN-Alto-2#Vibrato#My Heart Will Go On#Vibrato_Group#0000,EN-Alto-2,My Heart Will Go On,Vibrato_Group,positive_mix,clear_mix,0.111011,0.313989
English#EN-Tenor-1#Glissando#Long Live#Control_Group#0002,EN-Tenor-1,Long Live,Control_Group,positive_mix,clear_mix,0.110834,0.314166
English#EN-Alto-2#Vibrato#Someone Like You#Vibrato_Group#0004,EN-Alto-2,Someone Like You,Vibrato_Group,positive_mix,breathy_mix,0.110827,0.314173
English#EN-Alto-1#Glissando#for the first time in forever#Control_Group#0002,EN-Alto-1,for the first time in forever,Control_Group,positive_mix,clear_mix,0.110808,0.314192
English#EN-Alto-2#Glissando#A Thousand Years#Glissando_Group#0001,EN-Alto-2,A Thousand Years,Glissando_Group,positive_mix,clear_mix,0.109949,0.315051
English#EN-Tenor-1#Glissando#Someone Like You#Control_Group#0005,EN-Tenor-1,Someone Like You,Control_Group,positive_mix,clear_mix,0.109361,0.315639
English#EN-Tenor-1#Vibrato#What Was I Made For？#Vibrato_Group#0006,EN-Tenor-1,What Was I Made For？,Vibrato_Group,positive_mix,clear_mix,0.108862,0.316138
English#EN-Tenor-1#Breathy#What Was I Made For？#Control_Group#0011,EN-Tenor-1,What Was I Made For？,Control_Group,positive_mix,clear_mix,0.10876,0.31624
English#EN-Tenor-1#Vibrato#What Was I Made For？#Control_Group#0010,EN-Tenor-1,What Was I Made For？,Control_Group,positive_mix,clear_mix,0.10876,0.31624
English#EN-Alto-2#Breathy#Someone You Loved#Control_Group#0003,EN-Alto-2,Someone You Loved,Control_Group,positive_mix,clear_mix,0.108555,0.316445
English#EN-Alto-2#Glissando#Someone You Loved#Control_Group#0003,EN-Alto-2,Someone You Loved,Control_Group,positive_mix,clear_mix,0.108555,0.316445
English#EN-Alto-2#Mixed_Voice_and_Falsetto#Someone You Loved#Mixed_Voice_Group#0003,EN-Alto-2,Someone You Loved,Mixed_Voice_Group,positive_mix,clear_mix,0.108555,0.316445
English#EN-Alto-2#Pharyngeal#Someone You Loved#Control_Group#0003,EN-Alto-2,Someone You Loved,Control_Group,positive_mix,clear_mix,0.108555,0.316445
English#EN-Alto-2#Vibrato#Someone You Loved#Control_Group#0003,EN-Alto-2,Someone You Loved,Control_Group,positive_mix,clear_mix,0.108555,0.316445
English#EN-Tenor-1#Vibrato#Always Remember Us This Way#Control_Group#0009,EN-Tenor-1,Always Remember Us This Way,Control_Group,positive_mix,clear_mix,0.108243,0.316757
English#EN-Tenor-1#Breathy#I Knew You Were Trouble#Control_Group#0002,EN-Tenor-1,I Knew You Were Trouble,Control_Group,positive_mix,clear_mix,0.108212,0.316788
English#EN-Tenor-1#Pharyngeal#I Knew You Were Trouble#Control_Group#0002,EN-Tenor-1,I Knew You Were Trouble,Control_Group,positive_mix,clear_mix,0.108212,0.316788
English#EN-Tenor-1#Vibrato#I Knew You Were Trouble#Control_Group#0002,EN-Tenor-1,I Knew You Were Trouble,Control_Group,positive_mix,clear_mix,0.108212,0.316788
English#EN-Alto-1#Glissando#make it shine#Control_Group#0000,EN-Alto-1,make it shine,Control_Group,positive_mix,clear_mix,0.108189,0.316811
English#EN-Alto-2#Glissando#Someone Like You#Glissando_Group#0004,EN-Alto-2,Someone Like You,Glissando_Group,positive_mix,clear_mix,0.108004,0.316996
English#EN-Alto-2#Glissando#Young And Beautiful#Glissando_Group#0004,EN-Alto-2,Young And Beautiful,Glissando_Group,positive_mix,clear_mix,0.107667,0.317333
English#EN-Tenor-1#Glissando#You Belong With Me#Glissando_Group#0000,EN-Tenor-1,You Belong With Me,Glissando_Group,positive_mix,clear_mix,0.107218,0.317782
English#EN-Alto-1#Breathy#someday or oneday#Breathy_Group#0005,EN-Alto-1,someday or oneday,Breathy_Group,positive_mix,clear_mix,0.106832,0.318168
English#EN-Alto-2#Mixed_Voice_and_Falsetto#Love Me Like You Do#Mixed_Voice_Group#0003,EN-Alto-2,Love Me Like You Do,Mixed_Voice_Group,positive_mix,clear_mix,0.106706,0.318294
English#EN-Alto-2#Breathy#Easy On Me#Control_Group#0000,EN-Alto-2,Easy On Me,Control_Group,positive_mix,clear_mix,0.10655,0.31845
English#EN-Alto-1#Breathy#let it go#Breathy_Group#0001,EN-Alto-1,let it go,Breathy_Group,positive_mix,clear_mix,0.106539,0.318461
English#EN-Alto-1#Glissando#my love#Control_Group#0009,EN-Alto-1,my love,Control_Group,positive_mix,clear_mix,0.106142,0.318858
English#EN-Alto-2#Mixed_Voice_and_Falsetto#This Is Me#Mixed_Voice_Group#0002,EN-Alto-2,This Is Me,Mixed_Voice_Group,positive_mix,clear_mix,0.10591,0.31909
English#EN-Tenor-1#Glissando#You Belong With Me#Control_Group#0008,EN-Tenor-1,You Belong With Me,Control_Group,positive_mix,clear_mix,0.10588,0.31912
English#EN-Tenor-1#Glissando#Someone Like You#Control_Group#0008,EN-Tenor-1,Someone Like You,Control_Group,positive_mix,clear_mix,0.105527,0.319473
English#EN-Alto-2#Mixed_Voice_and_Falsetto#Safe and Sound#Mixed_Voice_Group#0005,EN-Alto-2,Safe and Sound,Mixed_Voice_Group,positive_mix,clear_mix,0.105002,0.319998
English#EN-Alto-1#Pharyngeal#who says#Control_Group#0006,EN-Alto-1,who says,Control_Group,positive_mix,breathy_mix,0.104897,0.320103
English#EN-Tenor-1#Vibrato#Rolling in the Deep#Vibrato_Group#0007,EN-Tenor-1,Rolling in the Deep,Vibrato_Group,positive_mix,clear_mix,0.103942,0.321058
English#EN-Alto-2#Mixed_Voice_and_Falsetto#Yesterday Once More#Mixed_Voice_Group#0000,EN-Alto-2,Yesterday Once More,Mixed_Voice_Group,positive_mix,clear_mix,0.103119,0.321881
English#EN-Alto-2#Glissando#Yesterday Once More#Control_Group#0005,EN-Alto-2,Yesterday Once More,Control_Group,positive_mix,clear_mix,0.103044,0.321956
English#EN-Alto-2#Mixed_Voice_and_Falsetto#God is A Girl#Mixed_Voice_Group#0004,EN-Alto-2,God is A Girl,Mixed_Voice_Group,positive_mix,clear_mix,0.102592,0.322408
English#EN-Alto-2#Mixed_Voice_and_Falsetto#Cry on My Shoulder#Mixed_Voice_Group#0006,EN-Alto-2,Cry on My Shoulder,Mixed_Voice_Group,positive_mix,clear_mix,0.102361,0.322639
English#EN-Tenor-1#Glissando#What Was I Made For？#Control_Group#0008,EN-Tenor-1,What Was I Made For？,Control_Group,positive_mix,clear_mix,0.101822,0.323178
English#EN-Alto-2#Mixed_Voice_and_Falsetto#All of Me#Mixed_Voice_Group#0001,EN-Alto-2,All of Me,Mixed_Voice_Group,positive_mix,clear_mix,0.101569,0.323431
English#EN-Alto-2#Breathy#Someone Like You#Control_Group#0010,EN-Alto-2,Someone Like You,Control_Group,positive_mix,clear_mix,0.101524,0.323476
English#EN-Alto-2#Glissando#Someone Like You#Control_Group#0011,EN-Alto-2,Someone Like You,Control_Group,positive_mix,clear_mix,0.101524,0.323476
English#EN-Alto-2#Pharyngeal#Someone Like You#Control_Group#0010,EN-Alto-2,Someone Like You,Control_Group,positive_mix,clear_mix,0.101524,0.323476
English#EN-Alto-2#Vibrato#Someone Like You#Control_Group#0010,EN-Alto-2,Someone Like You,Control_Group,positive_mix,clear_mix,0.101524,0.323476
English#EN-Alto-2#Glissando#My Heart Will Go On#Control_Group#0001,EN-Alto-2,My Heart Will Go On,Control_Group,positive_mix,clear_mix,0.101329,0.323671
English#EN-Tenor-1#Pharyngeal#What Was I Made For？#Control_Group#0010,EN-Tenor-1,What Was I Made For？,Control_Group,positive_mix,clear_mix,0.101142,0.323858
English#EN-Alto-1#Breathy#all is found#Breathy_Group#0005,EN-Alto-1,all is found,Breathy_Group,positive_mix,breathy_mix,0.101127,0.323873
English#EN-Alto-2#Breathy#Young And Beautiful#Control_Group#0001,EN-Alto-2,Young And Beautiful,Control_Group,positive_mix,clear_mix,0.100746,0.324254
English#EN-Alto-2#Glissando#Young And Beautiful#Control_Group#0001,EN-Alto-2,Young And Beautiful,Control_Group,positive_mix,clear_mix,0.100746,0.324254
English#EN-Alto-2#Mixed_Voice_and_Falsetto#Young And Beautiful#Mixed_Voice_Group#0001,EN-Alto-2,Young And Beautiful,Mixed_Voice_Group,positive_mix,clear_mix,0.100746,0.324254
English#EN-Alto-2#Pharyngeal#Young And Beautiful#Control_Group#0001,EN-Alto-2,Young And Beautiful,Control_Group,positive_mix,clear_mix,0.100746,0.324254
English#EN-Alto-2#Vibrato#Young And Beautiful#Control_Group#0001,EN-Alto-2,Young And Beautiful,Control_Group,positive_mix,clear_mix,0.100746,0.324254
English#EN-Alto-1#Mixed_Voice_and_Falsetto#make it shine#Mixed_Voice_Group#0010,EN-Alto-1,make it shine,Mixed_Voice_Group,positive_mix,clear_mix,0.099595,0.325405
English#EN-Alto-2#Breathy#A Thousand Years#Control_Group#0001,EN-Alto-2,A Thousand Years,Control_Group,positive_mix,clear_mix,0.099493,0.325507
English#EN-Alto-2#Glissando#A Thousand Years#Control_Group#0001,EN-Alto-2,A Thousand Years,Control_Group,positive_mix,clear_mix,0.099493,0.325507
English#EN-Alto-2#Mixed_Voice_and_Falsetto#A Thousand Years#Mixed_Voice_Group#0001,EN-Alto-2,A Thousand Years,Mixed_Voice_Group,positive_mix,clear_mix,0.099493,0.325507
English#EN-Alto-2#Vibrato#A Thousand Years#Control_Group#0001,EN-Alto-2,A Thousand Years,Control_Group,positive_mix,clear_mix,0.099493,0.325507
English#EN-Alto-2#Vibrato#My Love#Control_Group#0003,EN-Alto-2,My Love,Control_Group,positive_mix,clear_mix,0.099414,0.325586
English#EN-Alto-2#Pharyngeal#Someone Like You#Control_Group#0009,EN-Alto-2,Someone Like You,Control_Group,positive_mix,clear_mix,0.099157,0.325843
English#EN-Alto-2#Pharyngeal#Love Story#Control_Group#0000,EN-Alto-2,Love Story,Control_Group,positive_mix,clear_mix,0.098938,0.326062
English#EN-Alto-2#Mixed_Voice_and_Falsetto#You Raise Me Up#Mixed_Voice_Group#0002,EN-Alto-2,You Raise Me Up,Mixed_Voice_Group,positive_mix,head_mix,0.098796,0.326204
English#EN-Alto-1#Breathy#safe and sound#Breathy_Group#0007,EN-Alto-1,safe and sound,Breathy_Group,positive_mix,clear_mix,0.098649,0.326351
English#EN-Alto-1#Mixed_Voice_and_Falsetto#Arriety's song#Mixed_Voice_Group#0003,EN-Alto-1,Arriety's song,Mixed_Voice_Group,positive_mix,clear_mix,0.098553,0.326447
English#EN-Alto-2#Mixed_Voice_and_Falsetto#Love Me Like You Do#Mixed_Voice_Group#0004,EN-Alto-2,Love Me Like You Do,Mixed_Voice_Group,positive_mix,clear_mix,0.098203,0.326797
English#EN-Alto-2#Vibrato#Love Story#Control_Group#0002,EN-Alto-2,Love Story,Control_Group,positive_mix,clear_mix,0.097907,0.327093
English#EN-Alto-1#Breathy#safe and sound#Breathy_Group#0006,EN-Alto-1,safe and sound,Breathy_Group,positive_mix,clear_mix,0.097537,0.327463
English#EN-Tenor-1#Breathy#Shallow#Control_Group#0005,EN-Tenor-1,Shallow,Control_Group,positive_mix,clear_mix,0.097322,0.327678
English#EN-Tenor-1#Glissando#Shallow#Control_Group#0005,EN-Tenor-1,Shallow,Control_Group,positive_mix,clear_mix,0.097322,0.327678
English#EN-Tenor-1#Pharyngeal#Shallow#Control_Group#0005,EN-Tenor-1,Shallow,Control_Group,positive_mix,clear_mix,0.097322,0.327678
English#EN-Tenor-1#Vibrato#Shallow#Control_Group#0005,EN-Tenor-1,Shallow,Control_Group,positive_mix,clear_mix,0.097322,0.327678
English#EN-Alto-1#Glissando#tell me that you love me#Glissando_Group#0005,EN-Alto-1,tell me that you love me,Glissando_Group,positive_mix,clear_mix,0.097115,0.327885
English#EN-Alto-2#Vibrato#You Raise Me Up#Vibrato_Group#0004,EN-Alto-2,You Raise Me Up,Vibrato_Group,positive_mix,clear_mix,0.096914,0.328086
English#EN-Alto-2#Mixed_Voice_and_Falsetto#Someone You Loved#Mixed_Voice_Group#0004,EN-Alto-2,Someone You Loved,Mixed_Voice_Group,positive_mix,clear_mix,0.096595,0.328405
English#EN-Alto-2#Mixed_Voice_and_Falsetto#All of Me#Mixed_Voice_Group#0007,EN-Alto-2,All of Me,Mixed_Voice_Group,positive_mix,clear_mix,0.096585,0.328415
English#EN-Alto-2#Breathy#A Thousand Years#Control_Group#0002,EN-Alto-2,A Thousand Years,Control_Group,positive_mix,clear_mix,0.096467,0.328533
English#EN-Alto-2#Glissando#A Thousand Years#Control_Group#0002,EN-Alto-2,A Thousand Years,Control_Group,positive_mix,clear_mix,0.096467,0.328533
English#EN-Alto-2#Mixed_Voice_and_Falsetto#A Thousand Years#Mixed_Voice_Group#0002,EN-Alto-2,A Thousand Years,Mixed_Voice_Group,positive_mix,clear_mix,0.096467,0.328533
English#EN-Alto-2#Vibrato#A Thousand Years#Control_Group#0002,EN-Alto-2,A Thousand Years,Control_Group,positive_mix,clear_mix,0.096467,0.328533
English#EN-Alto-1#Mixed_Voice_and_Falsetto#la vie en rose#Mixed_Voice_Group#0004,EN-Alto-1,la vie en rose,Mixed_Voice_Group,positive_mix,clear_mix,0.096369,0.328631
English#EN-Alto-2#Vibrato#My Heart Will Go On#Control_Group#0001,EN-Alto-2,My Heart Will Go On,Control_Group,positive_mix,clear_mix,0.096161,0.328839
English#EN-Alto-1#Breathy#let it go#Control_Group#0001,EN-Alto-1,let it go,Control_Group,positive_mix,clear_mix,0.095936,0.329064
English#EN-Alto-2#Breathy#My Heart Will Go On#Breathy_Group#0006,EN-Alto-2,My Heart Will Go On,Breathy_Group,positive_mix,breathy_mix,0.095751,0.329249
English#EN-Alto-2#Breathy#What Are Words#Control_Group#0004,EN-Alto-2,What Are Words,Control_Group,positive_mix,clear_mix,0.095518,0.329482
English#EN-Alto-2#Glissando#What Are Words#Control_Group#0004,EN-Alto-2,What Are Words,Control_Group,positive_mix,clear_mix,0.095518,0.329482
English#EN-Alto-2#Mixed_Voice_and_Falsetto#What Are Words#Mixed_Voice_Group#0004,EN-Alto-2,What Are Words,Mixed_Voice_Group,positive_mix,clear_mix,0.095518,0.329482
English#EN-Alto-2#Pharyngeal#What Are Words#Control_Group#0004,EN-Alto-2,What Are Words,Control_Group,positive_mix,clear_mix,0.095518,0.329482
English#EN-Alto-2#Vibrato#What Are Words#Control_Group#0004,EN-Alto-2,What Are Words,Control_Group,positive_mix,clear_mix,0.095518,0.329482
English#EN-Alto-1#Glissando#trouble is a friend#Glissando_Group#0000,EN-Alto-1,trouble is a friend,Glissando_Group,positive_mix,clear_mix,0.095368,0.329632
English#EN-Alto-2#Glissando#What Are Words#Glissando_Group#0004,EN-Alto-2,What Are Words,Glissando_Group,positive_mix,clear_mix,0.09534,0.32966
English#EN-Alto-2#Breathy#Love Me Like You Do#Control_Group#0004,EN-Alto-2,Love Me Like You Do,Control_Group,positive_mix,clear_mix,0.095271,0.329729
English#EN-Alto-2#Glissando#Love Me Like You Do#Control_Group#0004,EN-Alto-2,Love Me Like You Do,Control_Group,positive_mix,clear_mix,0.095271,0.329729
English#EN-Alto-2#Vibrato#Love Me Like You Do#Control_Group#0004,EN-Alto-2,Love Me Like You Do,Control_Group,positive_mix,clear_mix,0.095271,0.329729
English#EN-Alto-2#Mixed_Voice_and_Falsetto#My Heart Will Go On#Mixed_Voice_Group#0000,EN-Alto-2,My Heart Will Go On,Mixed_Voice_Group,positive_mix,clear_mix,0.095176,0.329824
English#EN-Alto-2#Pharyngeal#My Heart Will Go On#Control_Group#0000,EN-Alto-2,My Heart Will Go On,Control_Group,positive_mix,clear_mix,0.095176,0.329824
English#EN-Alto-2#Mixed_Voice_and_Falsetto#My Heart Will Go On#Mixed_Voice_Group#0005,EN-Alto-2,My Heart Will Go On,Mixed_Voice_Group,positive_mix,clear_mix,0.095084,0.329916
English#EN-Alto-1#Vibrato#my heart will go on#Vibrato_Group#0011,EN-Alto-1,my heart will go on,Vibrato_Group,positive_mix,clear_mix,0.094971,0.330029
English#EN-Alto-2#Breathy#My Heart Will Go On#Control_Group#0007,EN-Alto-2,My Heart Will Go On,Control_Group,positive_mix,clear_mix,0.094958,0.330042
English#EN-Alto-2#Glissando#My Heart Will Go On#Control_Group#0007,EN-Alto-2,My Heart Will Go On,Control_Group,positive_mix,clear_mix,0.094958,0.330042
English#EN-Alto-2#Vibrato#My Heart Will Go On#Control_Group#0007,EN-Alto-2,My Heart Will Go On,Control_Group,positive_mix,clear_mix,0.094958,0.330042
English#EN-Alto-2#Mixed_Voice_and_Falsetto#Love Story#Mixed_Voice_Group#0004,EN-Alto-2,Love Story,Mixed_Voice_Group,positive_mix,clear_mix,0.094894,0.330106
English#EN-Alto-2#Vibrato#Someone Like You#Vibrato_Group#0009,EN-Alto-2,Someone Like You,Vibrato_Group,positive_mix,clear_mix,0.094636,0.330364
English#EN-Tenor-1#Glissando#Rolling in the Deep#Control_Group#0007,EN-Tenor-1,Rolling in the Deep,Control_Group,positive_mix,clear_mix,0.094229,0.330771
English#EN-Alto-2#Glissando#Dream It Possible#Glissando_Group#0005,EN-Alto-2,Dream It Possible,Glissando_Group,positive_mix,clear_mix,0.094135,0.330865
English#EN-Tenor-1#Glissando#I Knew You Were Trouble#Control_Group#0001,EN-Tenor-1,I Knew You Were Trouble,Control_Group,positive_mix,clear_mix,0.093901,0.331099
English#EN-Tenor-1#Vibrato#Long Live#Control_Group#0010,EN-Tenor-1,Long Live,Control_Group,positive_mix,clear_mix,0.093716,0.331284
English#EN-Alto-1#Breathy#safe and sound#Breathy_Group#0002,EN-Alto-1,safe and sound,Breathy_Group,positive_mix,clear_mix,0.093597,0.331403
English#EN-Alto-1#Pharyngeal#love stroy#Control_Group#0015,EN-Alto-1,love stroy,Control_Group,positive_mix,clear_mix,0.093238,0.331762
English#EN-Alto-2#Glissando#My Heart Will Go On#Control_Group#0005,EN-Alto-2,My Heart Will Go On,Control_Group,positive_mix,clear_mix,0.092956,0.332044
English#EN-Alto-2#Vibrato#My Heart Will Go On#Control_Group#0005,EN-Alto-2,My Heart Will Go On,Control_Group,positive_mix,clear_mix,0.092956,0.332044
English#EN-Alto-2#Glissando#Safe and Sound#Glissando_Group#0006,EN-Alto-2,Safe and Sound,Glissando_Group,positive_mix,clear_mix,0.092755,0.332245
English#EN-Alto-2#Glissando#My Heart Will Go On#Glissando_Group#0002,EN-Alto-2,My Heart Will Go On,Glissando_Group,positive_mix,clear_mix,0.092753,0.332247
English#EN-Alto-2#Glissando#You Raise Me Up#Control_Group#0006,EN-Alto-2,You Raise Me Up,Control_Group,positive_mix,clear_mix,0.092729,0.332271
English#EN-Alto-2#Pharyngeal#You Raise Me Up#Control_Group#0006,EN-Alto-2,You Raise Me Up,Control_Group,positive_mix,clear_mix,0.092729,0.332271
English#EN-Alto-1#Breathy#safe and sound#Breathy_Group#0010,EN-Alto-1,safe and sound,Breathy_Group,positive_mix,clear_mix,0.092524,0.332476
English#EN-Alto-2#Breathy#A Thousand Years#Control_Group#0000,EN-Alto-2,A Thousand Years,Control_Group,positive_mix,clear_mix,0.09201,0.33299
English#EN-Alto-2#Glissando#A Thousand Years#Control_Group#0000,EN-Alto-2,A Thousand Years,Control_Group,positive_mix,clear_mix,0.09201,0.33299
English#EN-Alto-2#Mixed_Voice_and_Falsetto#A Thousand Years#Mixed_Voice_Group#0000,EN-Alto-2,A Thousand Years,Mixed_Voice_Group,positive_mix,clear_mix,0.09201,0.33299
English#EN-Alto-2#Vibrato#A Thousand Years#Control_Group#0000,EN-Alto-2,A Thousand Years,Control_Group,positive_mix,clear_mix,0.09201,0.33299
English#EN-Alto-2#Glissando#Someone Like You#Glissando_Group#0010,EN-Alto-2,Someone Like You,Glissando_Group,positive_mix,clear_mix,0.091959,0.333041
English#EN-Tenor-1#Glissando#Enchanted#Control_Group#0000,EN-Tenor-1,Enchanted,Control_Group,positive_mix,clear_mix,0.091736,0.333264
English#EN-Alto-1#Mixed_Voice_and_Falsetto#la vie en rose#Mixed_Voice_Group#0005,EN-Alto-1,la vie en rose,Mixed_Voice_Group,positive_mix,clear_mix,0.091629,0.333371
English#EN-Alto-2#Breathy#What Are Words#Control_Group#0000,EN-Alto-2,What Are Words,Control_Group,positive_mix,clear_mix,0.091528,0.333472
English#EN-Alto-2#Glissando#What Are Words#Control_Group#0000,EN-Alto-2,What Are Words,Control_Group,positive_mix,clear_mix,0.091528,0.333472
English#EN-Alto-2#Mixed_Voice_and_Falsetto#What Are Words#Mixed_Voice_Group#0000,EN-Alto-2,What Are Words,Mixed_Voice_Group,positive_mix,clear_mix,0.091528,0.333472
English#EN-Alto-2#Pharyngeal#What Are Words#Control_Group#0000,EN-Alto-2,What Are Words,Control_Group,positive_mix,clear_mix,0.091528,0.333472
English#EN-Alto-2#Vibrato#What Are Words#Control_Group#0000,EN-Alto-2,What Are Words,Control_Group,positive_mix,clear_mix,0.091528,0.333472
English#EN-Alto-2#Mixed_Voice_and_Falsetto#Try#Mixed_Voice_Group#0005,EN-Alto-2,Try,Mixed_Voice_Group,positive_mix,clear_mix,0.091292,0.333708
English#EN-Alto-2#Glissando#Safe and Sound#Glissando_Group#0002,EN-Alto-2,Safe and Sound,Glissando_Group,positive_mix,clear_mix,0.09091,0.33409
English#EN-Alto-2#Breathy#A Thousand Years#Control_Group#0003,EN-Alto-2,A Thousand Years,Control_Group,positive_mix,clear_mix,0.090664,0.334336
English#EN-Alto-2#Glissando#A Thousand Years#Control_Group#0003,EN-Alto-2,A Thousand Years,Control_Group,positive_mix,clear_mix,0.090664,0.334336
English#EN-Alto-2#Vibrato#A Thousand Years#Control_Group#0003,EN-Alto-2,A Thousand Years,Control_Group,positive_mix,clear_mix,0.090664,0.334336
English#EN-Alto-1#Vibrato#my heart will go on#Vibrato_Group#0009,EN-Alto-1,my heart will go on,Vibrato_Group,positive_mix,clear_mix,0.090598,0.334402
English#EN-Tenor-1#Breathy#I Knew You Were Trouble#Control_Group#0009,EN-Tenor-1,I Knew You Were Trouble,Control_Group,positive_mix,clear_mix,0.090396,0.334604
English#EN-Tenor-1#Vibrato#I Knew You Were Trouble#Control_Group#0010,EN-Tenor-1,I Knew You Were Trouble,Control_Group,positive_mix,clear_mix,0.090396,0.334604
English#EN-Alto-2#Mixed_Voice_and_Falsetto#This Is Me#Mixed_Voice_Group#0001,EN-Alto-2,This Is Me,Mixed_Voice_Group,positive_mix,clear_mix,0.090324,0.334676
English#EN-Alto-2#Glissando#Safe and Sound#Control_Group#0001,EN-Alto-2,Safe and Sound,Control_Group,positive_mix,clear_mix,0.090298,0.334702
English#EN-Tenor-1#Breathy#Long Live#Control_Group#0009,EN-Tenor-1,Long Live,Control_Group,positive_mix,clear_mix,0.090095,0.334905
English#EN-Tenor-1#Pharyngeal#Long Live#Control_Group#0009,EN-Tenor-1,Long Live,Control_Group,positive_mix,clear_mix,0.090095,0.334905
English#EN-Tenor-1#Vibrato#Long Live#Control_Group#0009,EN-Tenor-1,Long Live,Control_Group,positive_mix,clear_mix,0.090095,0.334905
English#EN-Tenor-1#Breathy#You Belong With Me#Control_Group#0008,EN-Tenor-1,You Belong With Me,Control_Group,positive_mix,clear_mix,0.089516,0.335484
English#EN-Alto-1#Breathy#someday or oneday#Breathy_Group#0003,EN-Alto-1,someday or oneday,Breathy_Group,positive_mix,clear_mix,0.089393,0.335607
English#EN-Alto-2#Breathy#All of Me#Control_Group#0005,EN-Alto-2,All of Me,Control_Group,positive_mix,clear_mix,0.089296,0.335704
English#EN-Alto-2#Glissando#All of Me#Control_Group#0005,EN-Alto-2,All of Me,Control_Group,positive_mix,clear_mix,0.089296,0.335704
English#EN-Alto-2#Pharyngeal#All of Me#Control_Group#0005,EN-Alto-2,All of Me,Control_Group,positive_mix,clear_mix,0.089296,0.335704
English#EN-Alto-2#Mixed_Voice_and_Falsetto#My Love#Mixed_Voice_Group#0007,EN-Alto-2,My Love,Mixed_Voice_Group,positive_mix,clear_mix,0.08902,0.33598
English#EN-Alto-1#Vibrato#my heart will go on#Control_Group#0011,EN-Alto-1,my heart will go on,Control_Group,positive_mix,clear_mix,0.088818,0.336182
English#EN-Alto-2#Vibrato#You Raise Me Up#Control_Group#0007,EN-Alto-2,You Raise Me Up,Control_Group,positive_mix,clear_mix,0.088601,0.336399
English#EN-Alto-2#Glissando#A Thousand Years#Glissando_Group#0002,EN-Alto-2,A Thousand Years,Glissando_Group,positive_mix,clear_mix,0.088486,0.336514
English#EN-Tenor-1#Breathy#Always Remember Us This Way#Control_Group#0004,EN-Tenor-1,Always Remember Us This Way,Control_Group,positive_mix,clear_mix,0.088432,0.336568
English#EN-Tenor-1#Glissando#Always Remember Us This Way#Control_Group#0004,EN-Tenor-1,Always Remember Us This Way,Control_Group,positive_mix,clear_mix,0.088432,0.336568
English#EN-Tenor-1#Pharyngeal#Always Remember Us This Way#Control_Group#0004,EN-Tenor-1,Always Remember Us This Way,Control_Group,positive_mix,clear_mix,0.088432,0.336568
English#EN-Tenor-1#Vibrato#Always Remember Us This Way#Control_Group#0004,EN-Tenor-1,Always Remember Us This Way,Control_Group,positive_mix,clear_mix,0.088432,0.336568
English#EN-Alto-1#Breathy#sleepyhead#Control_Group#0007,EN-Alto-1,sleepyhead,Control_Group,positive_mix,clear_mix,0.088421,0.336579
English#EN-Alto-1#Pharyngeal#monsters#Control_Group#0006,EN-Alto-1,monsters,Control_Group,positive_mix,clear_mix,0.087805,0.337195
English#EN-Alto-2#Glissando#You Raise Me Up#Glissando_Group#0003,EN-Alto-2,You Raise Me Up,Glissando_Group,positive_mix,clear_mix,0.086883,0.338117
English#EN-Alto-2#Mixed_Voice_and_Falsetto#Cry on My Shoulder#Mixed_Voice_Group#0005,EN-Alto-2,Cry on My Shoulder,Mixed_Voice_Group,positive_mix,clear_mix,0.086111,0.338889
English#EN-Alto-2#Glissando#My Love#Glissando_Group#0006,EN-Alto-2,My Love,Glissando_Group,positive_mix,clear_mix,0.085849,0.339151
English#EN-Alto-2#Glissando#Someone You Loved#Glissando_Group#0003,EN-Alto-2,Someone You Loved,Glissando_Group,positive_mix,clear_mix,0.08557,0.33943
English#EN-Alto-2#Vibrato#Safe and Sound#Vibrato_Group#0004,EN-Alto-2,Safe and Sound,Vibrato_Group,positive_mix,clear_mix,0.085485,0.339515
English#EN-Alto-2#Mixed_Voice_and_Falsetto#The Show#Mixed_Voice_Group#0000,EN-Alto-2,The Show,Mixed_Voice_Group,positive_mix,clear_mix,0.085435,0.339565
English#EN-Alto-2#Vibrato#You Raise Me Up#Control_Group#0006,EN-Alto-2,You Raise Me Up,Control_Group,positive_mix,head_mix,0.085408,0.339592
English#EN-Alto-2#Pharyngeal#Dream It Possible#Pharyngeal_Group#0006,EN-Alto-2,Dream It Possible,Pharyngeal_Group,positive_mix,clear_mix,0.085244,0.339756
English#EN-Alto-2#Breathy#Fly Me to the Moon#Control_Group#0002,EN-Alto-2,Fly Me to the Moon,Control_Group,positive_mix,clear_mix,0.085146,0.339854
English#EN-Alto-2#Glissando#Fly Me to the Moon#Control_Group#0002,EN-Alto-2,Fly Me to the Moon,Control_Group,positive_mix,clear_mix,0.085146,0.339854
English#EN-Alto-2#Mixed_Voice_and_Falsetto#Fly Me to the Moon#Mixed_Voice_Group#0002,EN-Alto-2,Fly Me to the Moon,Mixed_Voice_Group,positive_mix,clear_mix,0.085146,0.339854
English#EN-Alto-2#Vibrato#Fly Me to the Moon#Control_Group#0002,EN-Alto-2,Fly Me to the Moon,Control_Group,positive_mix,clear_mix,0.085146,0.339854
English#EN-Alto-1#Breathy#sleepyhead#Breathy_Group#0010,EN-Alto-1,sleepyhead,Breathy_Group,positive_mix,breathy_mix,0.084764,0.340236
English#EN-Tenor-1#Glissando#Someone Like You#Control_Group#0006,EN-Tenor-1,Someone Like You,Control_Group,positive_mix,clear_mix,0.084604,0.340396
English#EN-Alto-2#Mixed_Voice_and_Falsetto#Hello#Mixed_Voice_Group#0010,EN-Alto-2,Hello,Mixed_Voice_Group,positive_mix,clear_mix,0.084532,0.340468
English#EN-Alto-1#Glissando#tell me that you love me#Control_Group#0004,EN-Alto-1,tell me that you love me,Control_Group,positive_mix,clear_mix,0.084358,0.340642
English#EN-Alto-2#Breathy#What Are Words#Control_Group#0001,EN-Alto-2,What Are Words,Control_Group,positive_mix,clear_mix,0.084342,0.340658
English#EN-Alto-2#Glissando#What Are Words#Control_Group#0001,EN-Alto-2,What Are Words,Control_Group,positive_mix,clear_mix,0.084342,0.340658
English#EN-Alto-2#Mixed_Voice_and_Falsetto#What Are Words#Mixed_Voice_Group#0001,EN-Alto-2,What Are Words,Mixed_Voice_Group,positive_mix,clear_mix,0.084342,0.340658
English#EN-Alto-2#Pharyngeal#What Are Words#Control_Group#0001,EN-Alto-2,What Are Words,Control_Group,positive_mix,clear_mix,0.084342,0.340658
English#EN-Alto-2#Vibrato#What Are Words#Control_Group#0001,EN-Alto-2,What Are Words,Control_Group,positive_mix,clear_mix,0.084342,0.340658
English#EN-Alto-1#Mixed_Voice_and_Falsetto#Arriety's song#Mixed_Voice_Group#0006,EN-Alto-1,Arriety's song,Mixed_Voice_Group,positive_mix,clear_mix,0.084265,0.340735
English#EN-Alto-1#Breathy#treasure#Breathy_Group#0008,EN-Alto-1,treasure,Breathy_Group,positive_mix,clear_mix,0.084239,0.340761
English#EN-Alto-2#Glissando#My Heart Will Go On#Control_Group#0009,EN-Alto-2,My Heart Will Go On,Control_Group,positive_mix,clear_mix,0.083613,0.341387
English#EN-Alto-2#Vibrato#My Heart Will Go On#Control_Group#0009,EN-Alto-2,My Heart Will Go On,Control_Group,positive_mix,clear_mix,0.083613,0.341387
English#EN-Alto-2#Mixed_Voice_and_Falsetto#A Thousand Years#Mixed_Voice_Group#0005,EN-Alto-2,A Thousand Years,Mixed_Voice_Group,positive_mix,clear_mix,0.083414,0.341586
English#EN-Alto-2#Breathy#My Heart Will Go On#Control_Group#0003,EN-Alto-2,My Heart Will Go On,Control_Group,positive_mix,clear_mix,0.083222,0.341778
English#EN-Alto-1#Breathy#let it go#Breathy_Group#0003,EN-Alto-1,let it go,Breathy_Group,positive_mix,clear_mix,0.083091,0.341909
English#EN-Alto-2#Glissando#Young And Beautiful#Glissando_Group#0003,EN-Alto-2,Young And Beautiful,Glissando_Group,positive_mix,clear_mix,0.082756,0.342244
English#EN-Alto-1#Glissando#trouble is a friend#Control_Group#0002,EN-Alto-1,trouble is a friend,Control_Group,positive_mix,clear_mix,0.082579,0.342421
English#EN-Alto-2#Glissando#Love Me Like You Do#Glissando_Group#0000,EN-Alto-2,Love Me Like You Do,Glissando_Group,positive_mix,clear_mix,0.082552,0.342448
English#EN-Tenor-1#Glissando#Enchanted#Control_Group#0002,EN-Tenor-1,Enchanted,Control_Group,positive_mix,clear_mix,0.08254,0.34246
English#EN-Tenor-1#Glissando#Enchanted#Control_Group#0001,EN-Tenor-1,Enchanted,Control_Group,positive_mix,clear_mix,0.082476,0.342524
English#EN-Alto-2#Mixed_Voice_and_Falsetto#Try#Mixed_Voice_Group#0002,EN-Alto-2,Try,Mixed_Voice_Group,positive_mix,clear_mix,0.081684,0.343316
English#EN-Alto-1#Breathy#sleepyhead#Control_Group#0006,EN-Alto-1,sleepyhead,Control_Group,positive_mix,clear_mix,0.081647,0.343353
English#EN-Alto-2#Breathy#Dream It Possible#Control_Group#0004,EN-Alto-2,Dream It Possible,Control_Group,positive_mix,clear_mix,0.081441,0.343559
English#EN-Alto-2#Glissando#Dream It Possible#Control_Group#0004,EN-Alto-2,Dream It Possible,Control_Group,positive_mix,clear_mix,0.081441,0.343559
English#EN-Alto-2#Mixed_Voice_and_Falsetto#Dream It Possible#Mixed_Voice_Group#0004,EN-Alto-2,Dream It Possible,Mixed_Voice_Group,positive_mix,clear_mix,0.081441,0.343559
English#EN-Alto-2#Pharyngeal#Dream It Possible#Control_Group#0005,EN-Alto-2,Dream It Possible,Control_Group,positive_mix,clear_mix,0.081441,0.343559
English#EN-Alto-2#Vibrato#Dream It Possible#Control_Group#0004,EN-Alto-2,Dream It Possible,Control_Group,positive_mix,clear_mix,0.081441,0.343559
English#EN-Alto-2#Mixed_Voice_and_Falsetto#You Belong With Me#Mixed_Voice_Group#0003,EN-Alto-2,You Belong With Me,Mixed_Voice_Group,positive_mix,clear_mix,0.081314,0.343686
English#EN-Alto-2#Vibrato#Safe and Sound#Control_Group#0001,EN-Alto-2,Safe and Sound,Control_Group,positive_mix,clear_mix,0.081133,0.343867
English#EN-Alto-1#Breathy#treasure#Breathy_Group#0004,EN-Alto-1,treasure,Breathy_Group,positive_mix,clear_mix,0.080463,0.344537
English#EN-Alto-1#Mixed_Voice_and_Falsetto#yesterday once more#Mixed_Voice_Group#0010,EN-Alto-1,yesterday once more,Mixed_Voice_Group,positive_mix,clear_mix,0.080274,0.344726
English#EN-Alto-1#Mixed_Voice_and_Falsetto#let it go#Mixed_Voice_Group#0000,EN-Alto-1,let it go,Mixed_Voice_Group,positive_mix,clear_mix,0.079744,0.345256
English#EN-Alto-1#Glissando#god is a girl#Control_Group#0001,EN-Alto-1,god is a girl,Control_Group,positive_mix,clear_mix,0.07966,0.34534
English#EN-Alto-2#Mixed_Voice_and_Falsetto#City Of Stars#Mixed_Voice_Group#0007,EN-Alto-2,City Of Stars,Mixed_Voice_Group,positive_mix,clear_mix,0.079551,0.345449
English#EN-Tenor-1#Glissando#Rolling in the Deep#Control_Group#0004,EN-Tenor-1,Rolling in the Deep,Control_Group,positive_mix,clear_mix,0.079338,0.345662
English#EN-Alto-1#Mixed_Voice_and_Falsetto#yesterday once more#Mixed_Voice_Group#0007,EN-Alto-1,yesterday once more,Mixed_Voice_Group,positive_mix,clear_mix,0.07874,0.34626
English#EN-Tenor-1#Breathy#What Was I Made For？#Control_Group#0012,EN-Tenor-1,What Was I Made For？,Control_Group,positive_mix,clear_mix,0.07857,0.34643
English#EN-Tenor-1#Vibrato#What Was I Made For？#Control_Group#0011,EN-Tenor-1,What Was I Made For？,Control_Group,positive_mix,clear_mix,0.07857,0.34643
English#EN-Alto-2#Mixed_Voice_and_Falsetto#Yesterday Once More#Mixed_Voice_Group#0001,EN-Alto-2,Yesterday Once More,Mixed_Voice_Group,positive_mix,head_mix,0.07835,0.34665
English#EN-Alto-2#Vibrato#A Thousand Years#Vibrato_Group#0002,EN-Alto-2,A Thousand Years,Vibrato_Group,positive_mix,clear_mix,0.078295,0.346705
English#EN-Alto-2#Mixed_Voice_and_Falsetto#My Heart Will Go On#Mixed_Voice_Group#0010,EN-Alto-2,My Heart Will Go On,Mixed_Voice_Group,positive_mix,clear_mix,0.07809,0.34691
English#EN-Tenor-1#Breathy#Always Remember Us This Way#Control_Group#0011,EN-Tenor-1,Always Remember Us This Way,Control_Group,positive_mix,clear_mix,0.077622,0.347378
English#EN-Alto-1#Glissando#for the first time in forever#Control_Group#0000,EN-Alto-1,for the first time in forever,Control_Group,positive_mix,clear_mix,0.077113,0.347887
English#EN-Alto-2#Vibrato#Someone Like You#Control_Group#0008,EN-Alto-2,Someone Like You,Control_Group,positive_mix,clear_mix,0.076848,0.348152
English#EN-Alto-2#Mixed_Voice_and_Falsetto#The Show#Mixed_Voice_Group#0002,EN-Alto-2,The Show,Mixed_Voice_Group,positive_mix,breathy_mix,0.076788,0.348212
English#EN-Alto-2#Vibrato#What Are Words#Vibrato_Group#0004,EN-Alto-2,What Are Words,Vibrato_Group,positive_mix,clear_mix,0.076581,0.348419
English#EN-Alto-2#Breathy#Safe and Sound#Control_Group#0003,EN-Alto-2,Safe and Sound,Control_Group,positive_mix,clear_mix,0.07635,0.34865
English#EN-Alto-2#Glissando#Safe and Sound#Control_Group#0003,EN-Alto-2,Safe and Sound,Control_Group,positive_mix,clear_mix,0.07635,0.34865
English#EN-Alto-2#Mixed_Voice_and_Falsetto#Safe and Sound#Mixed_Voice_Group#0003,EN-Alto-2,Safe and Sound,Mixed_Voice_Group,positive_mix,clear_mix,0.07635,0.34865
English#EN-Alto-2#Pharyngeal#Safe and Sound#Control_Group#0003,EN-Alto-2,Safe and Sound,Control_Group,positive_mix,clear_mix,0.07635,0.34865
English#EN-Alto-2#Vibrato#Safe and Sound#Control_Group#0003,EN-Alto-2,Safe and Sound,Control_Group,positive_mix,clear_mix,0.07635,0.34865
English#EN-Tenor-1#Vibrato#You Belong With Me#Control_Group#0005,EN-Tenor-1,You Belong With Me,Control_Group,positive_mix,clear_mix,0.075955,0.349045
English#EN-Tenor-1#Glissando#You Belong With Me#Control_Group#0006,EN-Tenor-1,You Belong With Me,Control_Group,positive_mix,clear_mix,0.07584,0.34916
English#EN-Tenor-1#Breathy#Shallow#Control_Group#0009,EN-Tenor-1,Shallow,Control_Group,positive_mix,clear_mix,0.075523,0.349477
English#EN-Alto-2#Vibrato#You Raise Me Up#Control_Group#0004,EN-Alto-2,You Raise Me Up,Control_Group,positive_mix,clear_mix,0.075172,0.349828
English#EN-Tenor-1#Glissando#I Knew You Were Trouble#Control_Group#0011,EN-Tenor-1,I Knew You Were Trouble,Control_Group,positive_mix,clear_mix,0.075124,0.349876
English#EN-Alto-2#Mixed_Voice_and_Falsetto#Five Hundred Miles#Mixed_Voice_Group#0004,EN-Alto-2,Five Hundred Miles,Mixed_Voice_Group,positive_mix,clear_mix,0.074349,0.350651
English#EN-Alto-1#Breathy#treasure#Breathy_Group#0002,EN-Alto-1,treasure,Breathy_Group,positive_mix,clear_mix,0.074177,0.350823
English#EN-Tenor-1#Glissando#Enchanted#Control_Group#0008,EN-Tenor-1,Enchanted,Control_Group,positive_mix,clear_mix,0.073918,0.351082
English#EN-Alto-2#Breathy#Someone Like You#Control_Group#0008,EN-Alto-2,Someone Like You,Control_Group,positive_mix,clear_mix,0.073811,0.351189
English#EN-Alto-2#Pharyngeal#Yesterday Once More#Control_Group#0006,EN-Alto-2,Yesterday Once More,Control_Group,positive_mix,clear_mix,0.073751,0.351249
English#EN-Alto-2#Glissando#Someone Like You#Control_Group#0004,EN-Alto-2,Someone Like You,Control_Group,positive_mix,clear_mix,0.0735,0.3515
English#EN-Alto-2#Glissando#What Are Words#Glissando_Group#0003,EN-Alto-2,What Are Words,Glissando_Group,positive_mix,clear_mix,0.073195,0.351805
English#EN-Alto-2#Mixed_Voice_and_Falsetto#My Heart Will Go On#Mixed_Voice_Group#0002,EN-Alto-2,My Heart Will Go On,Mixed_Voice_Group,positive_mix,clear_mix,0.073098,0.351902
English#EN-Alto-2#Breathy#Safe and Sound#Control_Group#0001,EN-Alto-2,Safe and Sound,Control_Group,positive_mix,clear_mix,0.073087,0.351913
English#EN-Alto-2#Vibrato#Love Me Like You Do#Vibrato_Group#0006,EN-Alto-2,Love Me Like You Do,Vibrato_Group,positive_mix,clear_mix,0.073025,0.351975
English#EN-Alto-2#Breathy#Dream It Possible#Control_Group#0005,EN-Alto-2,Dream It Possible,Control_Group,positive_mix,clear_mix,0.072663,0.352337
English#EN-Alto-2#Glissando#Dream It Possible#Control_Group#0005,EN-Alto-2,Dream It Possible,Control_Group,positive_mix,clear_mix,0.072663,0.352337
English#EN-Alto-2#Mixed_Voice_and_Falsetto#Dream It Possible#Mixed_Voice_Group#0005,EN-Alto-2,Dream It Possible,Mixed_Voice_Group,positive_mix,clear_mix,0.072663,0.352337
English#EN-Alto-2#Pharyngeal#Dream It Possible#Control_Group#0006,EN-Alto-2,Dream It Possible,Control_Group,positive_mix,clear_mix,0.072663,0.352337
English#EN-Alto-2#Vibrato#Dream It Possible#Control_Group#0005,EN-Alto-2,Dream It Possible,Control_Group,positive_mix,clear_mix,0.072663,0.352337
English#EN-Alto-2#Glissando#Love Story#Glissando_Group#0003,EN-Alto-2,Love Story,Glissando_Group,positive_mix,clear_mix,0.072455,0.352545
English#EN-Alto-1#Glissando#for the first time in forever#Control_Group#0003,EN-Alto-1,for the first time in forever,Control_Group,positive_mix,clear_mix,0.072008,0.352992
English#EN-Alto-2#Mixed_Voice_and_Falsetto#City Of Stars#Mixed_Voice_Group#0004,EN-Alto-2,City Of Stars,Mixed_Voice_Group,positive_mix,clear_mix,0.071761,0.353239
English#EN-Alto-2#Breathy#A Thousand Years#Control_Group#0005,EN-Alto-2,A Thousand Years,Control_Group,positive_mix,clear_mix,0.071389,0.353611
English#EN-Alto-2#Mixed_Voice_and_Falsetto#My Love#Mixed_Voice_Group#0002,EN-Alto-2,My Love,Mixed_Voice_Group,positive_mix,clear_mix,0.071345,0.353655
English#EN-Alto-2#Mixed_Voice_and_Falsetto#You Raise Me Up#Mixed_Voice_Group#0006,EN-Alto-2,You Raise Me Up,Mixed_Voice_Group,positive_mix,head_mix,0.071112,0.353888
English#EN-Alto-2#Breathy#Safe and Sound#Control_Group#0004,EN-Alto-2,Safe and Sound,Control_Group,positive_mix,clear_mix,0.070826,0.354174
English#EN-Alto-2#Glissando#Safe and Sound#Control_Group#0004,EN-Alto-2,Safe and Sound,Control_Group,positive_mix,clear_mix,0.070826,0.354174
English#EN-Alto-2#Mixed_Voice_and_Falsetto#Safe and Sound#Mixed_Voice_Group#0004,EN-Alto-2,Safe and Sound,Mixed_Voice_Group,positive_mix,clear_mix,0.070826,0.354174
English#EN-Alto-2#Pharyngeal#Safe and Sound#Control_Group#0004,EN-Alto-2,Safe and Sound,Control_Group,positive_mix,clear_mix,0.070826,0.354174
English#EN-Alto-2#Vibrato#Safe and Sound#Control_Group#0004,EN-Alto-2,Safe and Sound,Control_Group,positive_mix,clear_mix,0.070826,0.354174
English#EN-Alto-2#Mixed_Voice_and_Falsetto#Yesterday Once More#Mixed_Voice_Group#0002,EN-Alto-2,Yesterday Once More,Mixed_Voice_Group,positive_mix,clear_mix,0.070524,0.354476
English#EN-Alto-1#Glissando#trouble is a friend#Control_Group#0011,EN-Alto-1,trouble is a friend,Control_Group,positive_mix,clear_mix,0.069932,0.355068
English#EN-Alto-1#Glissando#for the first time in forever#Glissando_Group#0003,EN-Alto-1,for the first time in forever,Glissando_Group,positive_mix,clear_mix,0.069893,0.355107
English#EN-Alto-2#Vibrato#Love Me Like You Do#Vibrato_Group#0009,EN-Alto-2,Love Me Like You Do,Vibrato_Group,positive_mix,clear_mix,0.069745,0.355255
English#EN-Tenor-1#Glissando#You Belong With Me#Glissando_Group#0007,EN-Tenor-1,You Belong With Me,Glissando_Group,positive_mix,clear_mix,0.069663,0.355337
English#EN-Alto-2#Mixed_Voice_and_Falsetto#My Love#Mixed_Voice_Group#0005,EN-Alto-2,My Love,Mixed_Voice_Group,positive_mix,clear_mix,0.069158,0.355842
English#EN-Alto-2#Glissando#A Thousand Years#Glissando_Group#0006,EN-Alto-2,A Thousand Years,Glissando_Group,positive_mix,clear_mix,0.06894,0.35606
English#EN-Alto-2#Glissando#Love Me Like You Do#Glissando_Group#0001,EN-Alto-2,Love Me Like You Do,Glissando_Group,positive_mix,clear_mix,0.068698,0.356302
English#EN-Alto-2#Pharyngeal#Safe and Sound#Control_Group#0001,EN-Alto-2,Safe and Sound,Control_Group,positive_mix,clear_mix,0.06741,0.35759
English#EN-Alto-2#Glissando#My Heart Will Go On#Glissando_Group#0000,EN-Alto-2,My Heart Will Go On,Glissando_Group,positive_mix,clear_mix,0.067251,0.357749
English#EN-Alto-2#Pharyngeal#Someone Like You#Control_Group#0008,EN-Alto-2,Someone Like You,Control_Group,positive_mix,clear_mix,0.067249,0.357751
English#EN-Tenor-1#Glissando#Enchanted#Control_Group#0007,EN-Tenor-1,Enchanted,Control_Group,positive_mix,clear_mix,0.066014,0.358986
English#EN-Alto-2#Glissando#My Heart Will Go On#Control_Group#0006,EN-Alto-2,My Heart Will Go On,Control_Group,positive_mix,clear_mix,0.065724,0.359276
English#EN-Alto-2#Vibrato#My Heart Will Go On#Control_Group#0006,EN-Alto-2,My Heart Will Go On,Control_Group,positive_mix,clear_mix,0.065724,0.359276
English#EN-Alto-2#Glissando#Love Me Like You Do#Glissando_Group#0006,EN-Alto-2,Love Me Like You Do,Glissando_Group,positive_mix,clear_mix,0.065721,0.359279
English#EN-Alto-2#Mixed_Voice_and_Falsetto#Safe and Sound#Mixed_Voice_Group#0001,EN-Alto-2,Safe and Sound,Mixed_Voice_Group,positive_mix,clear_mix,0.065698,0.359302
English#EN-Tenor-1#Glissando#Enchanted#Control_Group#0004,EN-Tenor-1,Enchanted,Control_Group,positive_mix,clear_mix,0.065593,0.359407
English#EN-Alto-2#Vibrato#You Raise Me Up#Control_Group#0001,EN-Alto-2,You Raise Me Up,Control_Group,positive_mix,clear_mix,0.06527,0.35973
English#EN-Alto-2#Breathy#Love Me Like You Do#Control_Group#0001,EN-Alto-2,Love Me Like You Do,Control_Group,positive_mix,clear_mix,0.065104,0.359896
English#EN-Alto-2#Glissando#Love Me Like You Do#Control_Group#0001,EN-Alto-2,Love Me Like You Do,Control_Group,positive_mix,clear_mix,0.065104,0.359896
English#EN-Alto-2#Vibrato#Love Me Like You Do#Control_Group#0001,EN-Alto-2,Love Me Like You Do,Control_Group,positive_mix,clear_mix,0.065104,0.359896
English#EN-Alto-1#Breathy#sleepyhead#Breathy_Group#0006,EN-Alto-1,sleepyhead,Breathy_Group,positive_mix,breathy_mix,0.065066,0.359934
English#EN-Alto-2#Glissando#Safe and Sound#Glissando_Group#0003,EN-Alto-2,Safe and Sound,Glissando_Group,positive_mix,clear_mix,0.064892,0.360108
English#EN-Tenor-1#Glissando#Rolling in the Deep#Control_Group#0006,EN-Tenor-1,Rolling in the Deep,Control_Group,positive_mix,clear_mix,0.064745,0.360255
English#EN-Tenor-1#Pharyngeal#You Belong With Me#Control_Group#0008,EN-Tenor-1,You Belong With Me,Control_Group,positive_mix,clear_mix,0.064569,0.360431
English#EN-Alto-2#Breathy#My Love#Control_Group#0005,EN-Alto-2,My Love,Control_Group,positive_mix,clear_mix,0.064294,0.360706
English#EN-Alto-2#Glissando#My Love#Control_Group#0004,EN-Alto-2,My Love,Control_Group,positive_mix,clear_mix,0.064294,0.360706
English#EN-Alto-2#Pharyngeal#My Love#Control_Group#0005,EN-Alto-2,My Love,Control_Group,positive_mix,clear_mix,0.064294,0.360706
English#EN-Alto-2#Pharyngeal#A Thousand Years#Control_Group#0000,EN-Alto-2,A Thousand Years,Control_Group,positive_mix,clear_mix,0.063954,0.361046
English#EN-Alto-2#Glissando#Love Story#Glissando_Group#0004,EN-Alto-2,Love Story,Glissando_Group,positive_mix,clear_mix,0.063436,0.361564
English#EN-Alto-2#Breathy#My Love#Control_Group#0008,EN-Alto-2,My Love,Control_Group,positive_mix,clear_mix,0.062816,0.362184
English#EN-Alto-2#Pharyngeal#My Love#Control_Group#0008,EN-Alto-2,My Love,Control_Group,positive_mix,clear_mix,0.062816,0.362184
English#EN-Alto-2#Glissando#All of Me#Glissando_Group#0000,EN-Alto-2,All of Me,Glissando_Group,positive_mix,clear_mix,0.062543,0.362457
English#EN-Alto-1#Pharyngeal#monsters#Control_Group#0009,EN-Alto-1,monsters,Control_Group,positive_mix,clear_mix,0.062221,0.362779
English#EN-Alto-2#Vibrato#What Are Words#Vibrato_Group#0000,EN-Alto-2,What Are Words,Vibrato_Group,positive_mix,clear_mix,0.061904,0.363096
English#EN-Alto-1#Breathy#innocence#Breathy_Group#0005,EN-Alto-1,innocence,Breathy_Group,positive_mix,clear_mix,0.061655,0.363345
English#EN-Tenor-1#Glissando#Rolling in the Deep#Control_Group#0000,EN-Tenor-1,Rolling in the Deep,Control_Group,positive_mix,clear_mix,0.061364,0.363636
English#EN-Alto-2#Glissando#Easy On Me#Glissando_Group#0003,EN-Alto-2,Easy On Me,Glissando_Group,positive_mix,clear_mix,0.061328,0.363672
English#EN-Alto-1#Breathy#someday or oneday#Breathy_Group#0004,EN-Alto-1,someday or oneday,Breathy_Group,positive_mix,clear_mix,0.061038,0.363962
English#EN-Alto-2#Glissando#Yesterday Once More#Control_Group#0006,EN-Alto-2,Yesterday Once More,Control_Group,positive_mix,clear_mix,0.060974,0.364026
English#EN-Alto-1#Breathy#someday or oneday#Breathy_Group#0000,EN-Alto-1,someday or oneday,Breathy_Group,positive_mix,clear_mix,0.060963,0.364037
English#EN-Alto-2#Breathy#Easy On Me#Control_Group#0001,EN-Alto-2,Easy On Me,Control_Group,positive_mix,clear_mix,0.06089,0.36411
English#EN-Tenor-1#Vibrato#You Belong With Me#Control_Group#0008,EN-Tenor-1,You Belong With Me,Control_Group,positive_mix,clear_mix,0.060592,0.364408
English#EN-Alto-1#Breathy#sleepyhead#Control_Group#0009,EN-Alto-1,sleepyhead,Control_Group,positive_mix,clear_mix,0.060258,0.364742
English#EN-Alto-1#Mixed_Voice_and_Falsetto#how does a moment last forever#Mixed_Voice_Group#0014,EN-Alto-1,how does a moment last forever,Mixed_Voice_Group,positive_mix,clear_mix,0.060019,0.364981
English#EN-Alto-2#Vibrato#Love Me Like You Do#Vibrato_Group#0008,EN-Alto-2,Love Me Like You Do,Vibrato_Group,positive_mix,clear_mix,0.059986,0.365014
English#EN-Alto-2#Breathy#All of Me#Control_Group#0008,EN-Alto-2,All of Me,Control_Group,positive_mix,clear_mix,0.059897,0.365103
English#EN-Alto-2#Glissando#All of Me#Control_Group#0008,EN-Alto-2,All of Me,Control_Group,positive_mix,clear_mix,0.059897,0.365103
English#EN-Alto-2#Pharyngeal#All of Me#Control_Group#0008,EN-Alto-2,All of Me,Control_Group,positive_mix,clear_mix,0.059897,0.365103
English#EN-Alto-2#Mixed_Voice_and_Falsetto#Five Hundred Miles#Mixed_Voice_Group#0001,EN-Alto-2,Five Hundred Miles,Mixed_Voice_Group,positive_mix,clear_mix,0.059699,0.365301
English#EN-Alto-2#Glissando#Love Me Like You Do#Glissando_Group#0003,EN-Alto-2,Love Me Like You Do,Glissando_Group,positive_mix,clear_mix,0.059231,0.365769
English#EN-Alto-2#Breathy#Someone You Loved#Control_Group#0005,EN-Alto-2,Someone You Loved,Control_Group,positive_mix,clear_mix,0.058932,0.366068
English#EN-Alto-2#Glissando#Someone You Loved#Control_Group#0005,EN-Alto-2,Someone You Loved,Control_Group,positive_mix,clear_mix,0.058932,0.366068
English#EN-Alto-2#Pharyngeal#Someone You Loved#Control_Group#0005,EN-Alto-2,Someone You Loved,Control_Group,positive_mix,clear_mix,0.058932,0.366068
English#EN-Alto-2#Vibrato#Someone You Loved#Control_Group#0005,EN-Alto-2,Someone You Loved,Control_Group,positive_mix,clear_mix,0.058932,0.366068
English#EN-Alto-2#Glissando#Easy On Me#Glissando_Group#0001,EN-Alto-2,Easy On Me,Glissando_Group,positive_mix,clear_mix,0.058449,0.366551
English#EN-Alto-2#Mixed_Voice_and_Falsetto#Let Her Go#Mixed_Voice_Group#0004,EN-Alto-2,Let Her Go,Mixed_Voice_Group,positive_mix,clear_mix,0.058256,0.366744
English#EN-Alto-2#Vibrato#Young And Beautiful#Vibrato_Group#0004,EN-Alto-2,Young And Beautiful,Vibrato_Group,positive_mix,clear_mix,0.057936,0.367064
English#EN-Alto-2#Mixed_Voice_and_Falsetto#This Is Me#Mixed_Voice_Group#0005,EN-Alto-2,This Is Me,Mixed_Voice_Group,positive_mix,clear_mix,0.057326,0.367674
English#EN-Alto-2#Breathy#Young And Beautiful#Control_Group#0005,EN-Alto-2,Young And Beautiful,Control_Group,positive_mix,clear_mix,0.057172,0.367828
English#EN-Alto-2#Glissando#Young And Beautiful#Control_Group#0005,EN-Alto-2,Young And Beautiful,Control_Group,positive_mix,clear_mix,0.057172,0.367828
English#EN-Alto-2#Vibrato#Young And Beautiful#Control_Group#0005,EN-Alto-2,Young And Beautiful,Control_Group,positive_mix,clear_mix,0.057172,0.367828
English#EN-Alto-2#Vibrato#Safe and Sound#Vibrato_Group#0002,EN-Alto-2,Safe and Sound,Vibrato_Group,positive_mix,clear_mix,0.057088,0.367912
English#EN-Alto-2#Mixed_Voice_and_Falsetto#City Of Stars#Mixed_Voice_Group#0009,EN-Alto-2,City Of Stars,Mixed_Voice_Group,positive_mix,clear_mix,0.057018,0.367982
English#EN-Alto-2#Vibrato#All of Me#Control_Group#0007,EN-Alto-2,All of Me,Control_Group,positive_mix,clear_mix,0.056406,0.368594
English#EN-Tenor-1#Breathy#Shallow#Control_Group#0010,EN-Tenor-1,Shallow,Control_Group,positive_mix,clear_mix,0.056395,0.368605
English#EN-Alto-2#Breathy#A Thousand Years#Control_Group#0004,EN-Alto-2,A Thousand Years,Control_Group,positive_mix,clear_mix,0.056323,0.368677
English#EN-Alto-2#Glissando#A Thousand Years#Control_Group#0004,EN-Alto-2,A Thousand Years,Control_Group,positive_mix,clear_mix,0.056323,0.368677
English#EN-Alto-2#Vibrato#A Thousand Years#Control_Group#0004,EN-Alto-2,A Thousand Years,Control_Group,positive_mix,clear_mix,0.056323,0.368677
English#EN-Alto-2#Glissando#Someone Like You#Control_Group#0009,EN-Alto-2,Someone Like You,Control_Group,positive_mix,clear_mix,0.055799,0.369201
English#EN-Alto-2#Breathy#Love Story#Control_Group#0000,EN-Alto-2,Love Story,Control_Group,positive_mix,clear_mix,0.055461,0.369539
English#EN-Alto-2#Glissando#Love Story#Control_Group#0000,EN-Alto-2,Love Story,Control_Group,positive_mix,clear_mix,0.055461,0.369539
English#EN-Alto-2#Vibrato#Love Story#Control_Group#0000,EN-Alto-2,Love Story,Control_Group,positive_mix,clear_mix,0.055461,0.369539
English#EN-Alto-2#Glissando#A Thousand Years#Glissando_Group#0003,EN-Alto-2,A Thousand Years,Glissando_Group,positive_mix,clear_mix,0.055214,0.369786
English#EN-Alto-2#Breathy#Young And Beautiful#Control_Group#0000,EN-Alto-2,Young And Beautiful,Control_Group,positive_mix,clear_mix,0.055187,0.369813
English#EN-Alto-2#Glissando#Young And Beautiful#Control_Group#0000,EN-Alto-2,Young And Beautiful,Control_Group,positive_mix,clear_mix,0.055187,0.369813
English#EN-Alto-2#Mixed_Voice_and_Falsetto#Young And Beautiful#Mixed_Voice_Group#0000,EN-Alto-2,Young And Beautiful,Mixed_Voice_Group,positive_mix,clear_mix,0.055187,0.369813
English#EN-Alto-2#Pharyngeal#Young And Beautiful#Control_Group#0000,EN-Alto-2,Young And Beautiful,Control_Group,positive_mix,clear_mix,0.055187,0.369813
English#EN-Alto-2#Vibrato#Young And Beautiful#Control_Group#0000,EN-Alto-2,Young And Beautiful,Control_Group,positive_mix,clear_mix,0.055187,0.369813
English#EN-Alto-1#Breathy#once up a dream#Breathy_Group#0001,EN-Alto-1,once up a dream,Breathy_Group,positive_mix,clear_mix,0.054977,0.370023
English#EN-Alto-2#Mixed_Voice_and_Falsetto#God is A Girl#Mixed_Voice_Group#0003,EN-Alto-2,God is A Girl,Mixed_Voice_Group,positive_mix,clear_mix,0.054851,0.370149
English#EN-Tenor-1#Glissando#Always Remember Us This Way#Control_Group#0001,EN-Tenor-1,Always Remember Us This Way,Control_Group,positive_mix,clear_mix,0.054672,0.370328
English#EN-Alto-2#Vibrato#You Raise Me Up#Control_Group#0003,EN-Alto-2,You Raise Me Up,Control_Group,positive_mix,clear_mix,0.0545,0.3705
English#EN-Tenor-1#Vibrato#You Belong With Me#Vibrato_Group#0006,EN-Tenor-1,You Belong With Me,Vibrato_Group,positive_mix,clear_mix,0.054213,0.370787
English#EN-Alto-2#Glissando#Yesterday Once More#Control_Group#0008,EN-Alto-2,Yesterday Once More,Control_Group,positive_mix,clear_mix,0.054069,0.370931
English#EN-Tenor-1#Glissando#You Belong With Me#Control_Group#0007,EN-Tenor-1,You Belong With Me,Control_Group,positive_mix,clear_mix,0.053811,0.371189
English#EN-Alto-1#Breathy#once up a dream#Breathy_Group#0003,EN-Alto-1,once up a dream,Breathy_Group,positive_mix,clear_mix,0.053442,0.371558
English#EN-Alto-1#Mixed_Voice_and_Falsetto#yesterday once more#Mixed_Voice_Group#0002,EN-Alto-1,yesterday once more,Mixed_Voice_Group,positive_mix,clear_mix,0.053199,0.371801
English#EN-Alto-1#Breathy#treasure#Breathy_Group#0000,EN-Alto-1,treasure,Breathy_Group,positive_mix,clear_mix,0.052948,0.372052
English#EN-Tenor-1#Breathy#Always Remember Us This Way#Control_Group#0001,EN-Tenor-1,Always Remember Us This Way,Control_Group,positive_mix,clear_mix,0.052896,0.372104
English#EN-Alto-1#Breathy#safe and sound#Breathy_Group#0009,EN-Alto-1,safe and sound,Breathy_Group,positive_mix,clear_mix,0.05269,0.37231
English#EN-Alto-2#Glissando#Love Story#Control_Group#0003,EN-Alto-2,Love Story,Control_Group,positive_mix,clear_mix,0.051826,0.373174
English#EN-Alto-2#Vibrato#Love Story#Control_Group#0003,EN-Alto-2,Love Story,Control_Group,positive_mix,clear_mix,0.051826,0.373174
English#EN-Tenor-1#Glissando#You Belong With Me#Glissando_Group#0008,EN-Tenor-1,You Belong With Me,Glissando_Group,positive_mix,clear_mix,0.051617,0.373383
English#EN-Alto-2#Breathy#My Heart Will Go On#Control_Group#0009,EN-Alto-2,My Heart Will Go On,Control_Group,positive_mix,clear_mix,0.051558,0.373442
English#EN-Alto-2#Breathy#What Are Words#Breathy_Group#0003,EN-Alto-2,What Are Words,Breathy_Group,positive_mix,breathy_mix,0.051358,0.373642
English#EN-Alto-2#Glissando#You Raise Me Up#Control_Group#0005,EN-Alto-2,You Raise Me Up,Control_Group,positive_mix,clear_mix,0.051014,0.373986
English#EN-Alto-2#Pharyngeal#You Raise Me Up#Control_Group#0005,EN-Alto-2,You Raise Me Up,Control_Group,positive_mix,clear_mix,0.051014,0.373986
English#EN-Tenor-1#Glissando#Rolling in the Deep#Control_Group#0001,EN-Tenor-1,Rolling in the Deep,Control_Group,positive_mix,clear_mix,0.050617,0.374383
English#EN-Alto-2#Glissando#Yesterday Once More#Glissando_Group#0009,EN-Alto-2,Yesterday Once More,Glissando_Group,positive_mix,clear_mix,0.050612,0.374388
English#EN-Alto-2#Vibrato#What Are Words#Vibrato_Group#0003,EN-Alto-2,What Are Words,Vibrato_Group,positive_mix,clear_mix,0.050561,0.374439
English#EN-Alto-2#Mixed_Voice_and_Falsetto#My Heart Will Go On#Mixed_Voice_Group#0006,EN-Alto-2,My Heart Will Go On,Mixed_Voice_Group,positive_mix,clear_mix,0.050225,0.374775
English#EN-Alto-2#Pharyngeal#My Heart Will Go On#Control_Group#0006,EN-Alto-2,My Heart Will Go On,Control_Group,positive_mix,clear_mix,0.050225,0.374775
English#EN-Alto-2#Breathy#Someone Like You#Control_Group#0004,EN-Alto-2,Someone Like You,Control_Group,positive_mix,clear_mix,0.050063,0.374937
English#EN-Alto-2#Glissando#My Love#Control_Group#0006,EN-Alto-2,My Love,Control_Group,positive_mix,clear_mix,0.049874,0.375126
English#EN-Alto-1#Breathy#sleepyhead#Control_Group#0000,EN-Alto-1,sleepyhead,Control_Group,positive_mix,clear_mix,0.049755,0.375245
English#EN-Alto-2#Breathy#Love Me Like You Do#Control_Group#0000,EN-Alto-2,Love Me Like You Do,Control_Group,positive_mix,clear_mix,0.049289,0.375711
English#EN-Alto-2#Glissando#Love Me Like You Do#Control_Group#0000,EN-Alto-2,Love Me Like You Do,Control_Group,positive_mix,clear_mix,0.049289,0.375711
English#EN-Alto-2#Vibrato#Love Me Like You Do#Control_Group#0000,EN-Alto-2,Love Me Like You Do,Control_Group,positive_mix,clear_mix,0.049289,0.375711
English#EN-Alto-2#Mixed_Voice_and_Falsetto#Call Me Maybe#Mixed_Voice_Group#0002,EN-Alto-2,Call Me Maybe,Mixed_Voice_Group,positive_mix,clear_mix,0.049118,0.375882
English#EN-Alto-2#Pharyngeal#A Thousand Years#Control_Group#0002,EN-Alto-2,A Thousand Years,Control_Group,positive_mix,clear_mix,0.048991,0.376009
English#EN-Tenor-1#Pharyngeal#Always Remember Us This Way#Control_Group#0001,EN-Tenor-1,Always Remember Us This Way,Control_Group,positive_mix,clear_mix,0.048893,0.376107
English#EN-Alto-2#Vibrato#My Heart Will Go On#Control_Group#0004,EN-Alto-2,My Heart Will Go On,Control_Group,positive_mix,clear_mix,0.048806,0.376194
English#EN-Alto-2#Vibrato#Young And Beautiful#Vibrato_Group#0005,EN-Alto-2,Young And Beautiful,Vibrato_Group,positive_mix,clear_mix,0.048257,0.376743
English#EN-Tenor-1#Vibrato#You Belong With Me#Vibrato_Group#0007,EN-Tenor-1,You Belong With Me,Vibrato_Group,positive_mix,clear_mix,0.047744,0.377256
English#EN-Alto-2#Mixed_Voice_and_Falsetto#Five Hundred Miles#Mixed_Voice_Group#0000,EN-Alto-2,Five Hundred Miles,Mixed_Voice_Group,positive_mix,clear_mix,0.047584,0.377416
English#EN-Alto-2#Breathy#Young And Beautiful#Control_Group#0003,EN-Alto-2,Young And Beautiful,Control_Group,positive_mix,clear_mix,0.047386,0.377614
English#EN-Alto-2#Glissando#Young And Beautiful#Control_Group#0003,EN-Alto-2,Young And Beautiful,Control_Group,positive_mix,clear_mix,0.047386,0.377614
English#EN-Alto-2#Mixed_Voice_and_Falsetto#Young And Beautiful#Mixed_Voice_Group#0003,EN-Alto-2,Young And Beautiful,Mixed_Voice_Group,positive_mix,clear_mix,0.047386,0.377614
English#EN-Alto-2#Pharyngeal#Young And Beautiful#Control_Group#0003,EN-Alto-2,Young And Beautiful,Control_Group,positive_mix,clear_mix,0.047386,0.377614
English#EN-Alto-2#Vibrato#Young And Beautiful#Control_Group#0003,EN-Alto-2,Young And Beautiful,Control_Group,positive_mix,clear_mix,0.047386,0.377614
English#EN-Alto-2#Breathy#Love Story#Control_Group#0002,EN-Alto-2,Love Story,Control_Group,positive_mix,clear_mix,0.047362,0.377638
English#EN-Alto-2#Breathy#All of Me#Control_Group#0003,EN-Alto-2,All of Me,Control_Group,positive_mix,clear_mix,0.047273,0.377727
English#EN-Alto-2#Glissando#All of Me#Control_Group#0003,EN-Alto-2,All of Me,Control_Group,positive_mix,clear_mix,0.047273,0.377727
English#EN-Alto-2#Pharyngeal#All of Me#Control_Group#0003,EN-Alto-2,All of Me,Control_Group,positive_mix,clear_mix,0.047273,0.377727
English#EN-Tenor-1#Breathy#Always Remember Us This Way#Control_Group#0000,EN-Tenor-1,Always Remember Us This Way,Control_Group,positive_mix,clear_mix,0.04721,0.37779
English#EN-Alto-2#Vibrato#All of Me#Control_Group#0004,EN-Alto-2,All of Me,Control_Group,positive_mix,clear_mix,0.047081,0.377919
English#EN-Alto-2#Mixed_Voice_and_Falsetto#Young And Beautiful#Mixed_Voice_Group#0005,EN-Alto-2,Young And Beautiful,Mixed_Voice_Group,positive_mix,clear_mix,0.047061,0.377939
English#EN-Alto-2#Pharyngeal#Young And Beautiful#Control_Group#0005,EN-Alto-2,Young And Beautiful,Control_Group,positive_mix,clear_mix,0.047061,0.377939
English#EN-Alto-2#Mixed_Voice_and_Falsetto#YOUTH#Mixed_Voice_Group#0003,EN-Alto-2,YOUTH,Mixed_Voice_Group,positive_mix,clear_mix,0.046762,0.378238
English#EN-Alto-2#Mixed_Voice_and_Falsetto#Try#Mixed_Voice_Group#0003,EN-Alto-2,Try,Mixed_Voice_Group,positive_mix,clear_mix,0.046421,0.378579
English#EN-Alto-2#Vibrato#Love Story#Vibrato_Group#0003,EN-Alto-2,Love Story,Vibrato_Group,positive_mix,clear_mix,0.045904,0.379096
English#EN-Alto-2#Mixed_Voice_and_Falsetto#Someone Like You#Mixed_Voice_Group#0004,EN-Alto-2,Someone Like You,Mixed_Voice_Group,positive_mix,clear_mix,0.045854,0.379146
English#EN-Tenor-1#Breathy#I Knew You Were Trouble#Control_Group#0001,EN-Tenor-1,I Knew You Were Trouble,Control_Group,positive_mix,clear_mix,0.045654,0.379346
English#EN-Tenor-1#Pharyngeal#I Knew You Were Trouble#Control_Group#0001,EN-Tenor-1,I Knew You Were Trouble,Control_Group,positive_mix,clear_mix,0.045654,0.379346
English#EN-Tenor-1#Vibrato#I Knew You Were Trouble#Control_Group#0001,EN-Tenor-1,I Knew You Were Trouble,Control_Group,positive_mix,clear_mix,0.045654,0.379346
English#EN-Tenor-1#Breathy#Always Remember Us This Way#Control_Group#0008,EN-Tenor-1,Always Remember Us This Way,Control_Group,positive_mix,head_mix,0.045555,0.379445
English#EN-Tenor-1#Glissando#Always Remember Us This Way#Control_Group#0008,EN-Tenor-1,Always Remember Us This Way,Control_Group,positive_mix,clear_mix,0.045555,0.379445
English#EN-Tenor-1#Pharyngeal#Always Remember Us This Way#Control_Group#0008,EN-Tenor-1,Always Remember Us This Way,Control_Group,positive_mix,clear_mix,0.045555,0.379445
English#EN-Alto-2#Vibrato#A Thousand Years#Vibrato_Group#0003,EN-Alto-2,A Thousand Years,Vibrato_Group,positive_mix,clear_mix,0.044538,0.380462
English#EN-Alto-2#Mixed_Voice_and_Falsetto#All of Me#Mixed_Voice_Group#0008,EN-Alto-2,All of Me,Mixed_Voice_Group,positive_mix,clear_mix,0.044462,0.380538
English#EN-Alto-2#Mixed_Voice_and_Falsetto#God is A Girl#Mixed_Voice_Group#0005,EN-Alto-2,God is A Girl,Mixed_Voice_Group,positive_mix,clear_mix,0.044294,0.380706
English#EN-Alto-2#Breathy#A Thousand Years#Control_Group#0008,EN-Alto-2,A Thousand Years,Control_Group,positive_mix,clear_mix,0.043087,0.381913
English#EN-Alto-2#Mixed_Voice_and_Falsetto#A Thousand Years#Mixed_Voice_Group#0008,EN-Alto-2,A Thousand Years,Mixed_Voice_Group,positive_mix,clear_mix,0.043087,0.381913
English#EN-Alto-2#Pharyngeal#A Thousand Years#Control_Group#0003,EN-Alto-2,A Thousand Years,Control_Group,positive_mix,clear_mix,0.043087,0.381913
English#EN-Alto-2#Glissando#All of Me#Glissando_Group#0001,EN-Alto-2,All of Me,Glissando_Group,positive_mix,clear_mix,0.0427,0.3823
English#EN-Tenor-1#Vibrato#Always Remember Us This Way#Control_Group#0001,EN-Tenor-1,Always Remember Us This Way,Control_Group,positive_mix,clear_mix,0.042665,0.382335
English#EN-Tenor-1#Pharyngeal#Always Remember Us This Way#Control_Group#0000,EN-Tenor-1,Always Remember Us This Way,Control_Group,positive_mix,clear_mix,0.042584,0.382416
English#EN-Alto-2#Breathy#My Heart Will Go On#Control_Group#0004,EN-Alto-2,My Heart Will Go On,Control_Group,positive_mix,clear_mix,0.042444,0.382556
English#EN-Alto-2#Vibrato#Someone Like You#Control_Group#0004,EN-Alto-2,Someone Like You,Control_Group,positive_mix,clear_mix,0.042174,0.382826
English#EN-Alto-2#Pharyngeal#My Heart Will Go On#Control_Group#0005,EN-Alto-2,My Heart Will Go On,Control_Group,positive_mix,clear_mix,0.04206,0.38294
English#EN-Alto-2#Pharyngeal#Someone Like You#Control_Group#0004,EN-Alto-2,Someone Like You,Control_Group,positive_mix,clear_mix,0.042048,0.382952
English#EN-Alto-2#Pharyngeal#Love Story#Control_Group#0004,EN-Alto-2,Love Story,Control_Group,positive_mix,clear_mix,0.041982,0.383018
English#EN-Alto-2#Breathy#All of Me#Control_Group#0001,EN-Alto-2,All of Me,Control_Group,positive_mix,clear_mix,0.041799,0.383201
English#EN-Alto-2#Glissando#All of Me#Control_Group#0001,EN-Alto-2,All of Me,Control_Group,positive_mix,clear_mix,0.041799,0.383201
English#EN-Alto-2#Pharyngeal#All of Me#Control_Group#0001,EN-Alto-2,All of Me,Control_Group,positive_mix,clear_mix,0.041799,0.383201
English#EN-Tenor-1#Vibrato#You Belong With Me#Vibrato_Group#0004,EN-Tenor-1,You Belong With Me,Vibrato_Group,positive_mix,clear_mix,0.041433,0.383567
English#EN-Alto-2#Mixed_Voice_and_Falsetto#YOUTH#Mixed_Voice_Group#0001,EN-Alto-2,YOUTH,Mixed_Voice_Group,positive_mix,clear_mix,0.041252,0.383748
English#EN-Alto-1#Breathy#sleepyhead#Breathy_Group#0004,EN-Alto-1,sleepyhead,Breathy_Group,positive_mix,breathy_mix,0.041064,0.383936
English#EN-Alto-1#Breathy#safe and sound#Breathy_Group#0008,EN-Alto-1,safe and sound,Breathy_Group,positive_mix,clear_mix,0.040638,0.384362
English#EN-Alto-2#Mixed_Voice_and_Falsetto#Easy On Me#Mixed_Voice_Group#0004,EN-Alto-2,Easy On Me,Mixed_Voice_Group,positive_mix,clear_mix,0.040606,0.384394
English#EN-Tenor-1#Vibrato#Always Remember Us This Way#Control_Group#0000,EN-Tenor-1,Always Remember Us This Way,Control_Group,positive_mix,clear_mix,0.040473,0.384527
English#EN-Alto-2#Mixed_Voice_and_Falsetto#Love Me Like You Do#Mixed_Voice_Group#0006,EN-Alto-2,Love Me Like You Do,Mixed_Voice_Group,positive_mix,clear_mix,0.040131,0.384869
English#EN-Alto-2#Pharyngeal#Love Me Like You Do#Control_Group#0000,EN-Alto-2,Love Me Like You Do,Control_Group,positive_mix,clear_mix,0.040131,0.384869
English#EN-Alto-1#Breathy#who says#Breathy_Group#0010,EN-Alto-1,who says,Breathy_Group,positive_mix,breathy_mix,0.03995,0.38505
English#EN-Alto-1#Breathy#someday or oneday#Breathy_Group#0002,EN-Alto-1,someday or oneday,Breathy_Group,positive_mix,clear_mix,0.038236,0.386764
English#EN-Alto-1#Mixed_Voice_and_Falsetto#Arriety's song#Mixed_Voice_Group#0005,EN-Alto-1,Arriety's song,Mixed_Voice_Group,positive_mix,clear_mix,0.03804,0.38696
English#EN-Tenor-1#Glissando#Always Remember Us This Way#Control_Group#0000,EN-Tenor-1,Always Remember Us This Way,Control_Group,positive_mix,clear_mix,0.037277,0.387723
English#EN-Alto-1#Breathy#sleepyhead#Control_Group#0004,EN-Alto-1,sleepyhead,Control_Group,positive_mix,clear_mix,0.037075,0.387925
English#EN-Alto-2#Breathy#My Heart Will Go On#Control_Group#0002,EN-Alto-2,My Heart Will Go On,Control_Group,positive_mix,clear_mix,0.036734,0.388266
English#EN-Alto-2#Mixed_Voice_and_Falsetto#Call Me Maybe#Mixed_Voice_Group#0004,EN-Alto-2,Call Me Maybe,Mixed_Voice_Group,positive_mix,clear_mix,0.036507,0.388493
English#EN-Alto-2#Vibrato#All of Me#Control_Group#0001,EN-Alto-2,All of Me,Control_Group,positive_mix,clear_mix,0.036206,0.388794
English#EN-Alto-2#Pharyngeal#Easy On Me#Control_Group#0004,EN-Alto-2,Easy On Me,Control_Group,positive_mix,clear_mix,0.036095,0.388905
English#EN-Alto-2#Glissando#Yesterday Once More#Glissando_Group#0004,EN-Alto-2,Yesterday Once More,Glissando_Group,positive_mix,clear_mix,0.035834,0.389166
English#EN-Alto-1#Mixed_Voice_and_Falsetto#you raise me up#Mixed_Voice_Group#0012,EN-Alto-1,you raise me up,Mixed_Voice_Group,positive_mix,clear_mix,0.035711,0.389289
English#EN-Alto-2#Breathy#Love Me Like You Do#Control_Group#0003,EN-Alto-2,Love Me Like You Do,Control_Group,positive_mix,breathy_mix,0.035695,0.389305
English#EN-Alto-2#Glissando#Love Me Like You Do#Control_Group#0003,EN-Alto-2,Love Me Like You Do,Control_Group,positive_mix,clear_mix,0.035695,0.389305
English#EN-Alto-2#Vibrato#Love Me Like You Do#Control_Group#0003,EN-Alto-2,Love Me Like You Do,Control_Group,positive_mix,clear_mix,0.035695,0.389305
English#EN-Alto-1#Breathy#let it go#Breathy_Group#0000,EN-Alto-1,let it go,Breathy_Group,positive_mix,clear_mix,0.035642,0.389358
English#EN-Alto-2#Breathy#What Are Words#Control_Group#0007,EN-Alto-2,What Are Words,Control_Group,positive_mix,clear_mix,0.035294,0.389706
English#EN-Alto-2#Glissando#What Are Words#Control_Group#0007,EN-Alto-2,What Are Words,Control_Group,positive_mix,clear_mix,0.035294,0.389706
English#EN-Alto-2#Mixed_Voice_and_Falsetto#What Are Words#Mixed_Voice_Group#0007,EN-Alto-2,What Are Words,Mixed_Voice_Group,positive_mix,clear_mix,0.035294,0.389706
English#EN-Alto-2#Pharyngeal#What Are Words#Control_Group#0007,EN-Alto-2,What Are Words,Control_Group,positive_mix,clear_mix,0.035294,0.389706
English#EN-Alto-2#Vibrato#What Are Words#Control_Group#0007,EN-Alto-2,What Are Words,Control_Group,positive_mix,clear_mix,0.035294,0.389706
English#EN-Alto-2#Mixed_Voice_and_Falsetto#The Show#Mixed_Voice_Group#0004,EN-Alto-2,The Show,Mixed_Voice_Group,positive_mix,clear_mix,0.035108,0.389892
English#EN-Alto-2#Breathy#Love Me Like You Do#Control_Group#0009,EN-Alto-2,Love Me Like You Do,Control_Group,positive_mix,clear_mix,0.035084,0.389916
English#EN-Alto-2#Glissando#Love Me Like You Do#Control_Group#0009,EN-Alto-2,Love Me Like You Do,Control_Group,positive_mix,clear_mix,0.035084,0.389916
English#EN-Alto-2#Vibrato#Love Me Like You Do#Control_Group#0009,EN-Alto-2,Love Me Like You Do,Control_Group,positive_mix,clear_mix,0.035084,0.389916
English#EN-Alto-2#Glissando#Young And Beautiful#Glissando_Group#0005,EN-Alto-2,Young And Beautiful,Glissando_Group,positive_mix,clear_mix,0.03469,0.39031
English#EN-Tenor-1#Glissando#You Belong With Me#Control_Group#0005,EN-Tenor-1,You Belong With Me,Control_Group,positive_mix,clear_mix,0.034602,0.390398
English#EN-Alto-2#Breathy#All of Me#Control_Group#0009,EN-Alto-2,All of Me,Control_Group,positive_mix,clear_mix,0.034061,0.390939
English#EN-Alto-2#Glissando#All of Me#Control_Group#0009,EN-Alto-2,All of Me,Control_Group,positive_mix,clear_mix,0.034061,0.390939
English#EN-Alto-2#Pharyngeal#All of Me#Control_Group#0009,EN-Alto-2,All of Me,Control_Group,positive_mix,clear_mix,0.034061,0.390939
English#EN-Alto-2#Pharyngeal#Love Story#Control_Group#0005,EN-Alto-2,Love Story,Control_Group,positive_mix,clear_mix,0.03376,0.39124
English#EN-Alto-2#Breathy#Fly Me to the Moon#Control_Group#0005,EN-Alto-2,Fly Me to the Moon,Control_Group,positive_mix,clear_mix,0.033611,0.391389
English#EN-Alto-2#Glissando#Fly Me to the Moon#Control_Group#0005,EN-Alto-2,Fly Me to the Moon,Control_Group,positive_mix,clear_mix,0.033611,0.391389
English#EN-Alto-2#Pharyngeal#Fly Me to the Moon#Control_Group#0005,EN-Alto-2,Fly Me to the Moon,Control_Group,positive_mix,clear_mix,0.033611,0.391389
English#EN-Alto-2#Vibrato#Fly Me to the Moon#Control_Group#0005,EN-Alto-2,Fly Me to the Moon,Control_Group,positive_mix,clear_mix,0.033611,0.391389
English#EN-Alto-2#Breathy#What Are Words#Control_Group#0003,EN-Alto-2,What Are Words,Control_Group,positive_mix,clear_mix,0.032783,0.392217
English#EN-Alto-2#Glissando#What Are Words#Control_Group#0003,EN-Alto-2,What Are Words,Control_Group,positive_mix,clear_mix,0.032783,0.392217
English#EN-Alto-2#Mixed_Voice_and_Falsetto#What Are Words#Mixed_Voice_Group#0003,EN-Alto-2,What Are Words,Mixed_Voice_Group,positive_mix,clear_mix,0.032783,0.392217
English#EN-Alto-2#Pharyngeal#What Are Words#Control_Group#0003,EN-Alto-2,What Are Words,Control_Group,positive_mix,clear_mix,0.032783,0.392217
English#EN-Alto-2#Vibrato#What Are Words#Control_Group#0003,EN-Alto-2,What Are Words,Control_Group,positive_mix,clear_mix,0.032783,0.392217
English#EN-Alto-1#Breathy#all is found#Control_Group#0010,EN-Alto-1,all is found,Control_Group,positive_mix,clear_mix,0.032688,0.392312
English#EN-Alto-2#Breathy#All of Me#Control_Group#0004,EN-Alto-2,All of Me,Control_Group,positive_mix,clear_mix,0.032473,0.392527
English#EN-Alto-2#Glissando#All of Me#Control_Group#0004,EN-Alto-2,All of Me,Control_Group,positive_mix,clear_mix,0.032473,0.392527
English#EN-Alto-2#Pharyngeal#All of Me#Control_Group#0004,EN-Alto-2,All of Me,Control_Group,positive_mix,clear_mix,0.032473,0.392527
English#EN-Alto-2#Mixed_Voice_and_Falsetto#Let Her Go#Mixed_Voice_Group#0005,EN-Alto-2,Let Her Go,Mixed_Voice_Group,positive_mix,clear_mix,0.031777,0.393223
English#EN-Alto-1#Breathy#treasure#Breathy_Group#0003,EN-Alto-1,treasure,Breathy_Group,positive_mix,clear_mix,0.031612,0.393388
English#EN-Alto-2#Vibrato#You Raise Me Up#Control_Group#0002,EN-Alto-2,You Raise Me Up,Control_Group,positive_mix,clear_mix,0.031322,0.393678
English#EN-Alto-2#Glissando#Love Me Like You Do#Glissando_Group#0008,EN-Alto-2,Love Me Like You Do,Glissando_Group,positive_mix,clear_mix,0.03128,0.39372
English#EN-Alto-2#Glissando#A Thousand Years#Control_Group#0005,EN-Alto-2,A Thousand Years,Control_Group,positive_mix,clear_mix,0.030706,0.394294
English#EN-Alto-2#Vibrato#A Thousand Years#Control_Group#0005,EN-Alto-2,A Thousand Years,Control_Group,positive_mix,clear_mix,0.030706,0.394294
English#EN-Alto-2#Glissando#Easy On Me#Glissando_Group#0002,EN-Alto-2,Easy On Me,Glissando_Group,positive_mix,clear_mix,0.030511,0.394489
English#EN-Alto-2#Vibrato#Love Me Like You Do#Control_Group#0007,EN-Alto-2,Love Me Like You Do,Control_Group,positive_mix,clear_mix,0.030244,0.394756
English#EN-Alto-2#Glissando#Easy On Me#Control_Group#0001,EN-Alto-2,Easy On Me,Control_Group,positive_mix,clear_mix,0.030121,0.394879
English#EN-Alto-2#Mixed_Voice_and_Falsetto#Easy On Me#Mixed_Voice_Group#0001,EN-Alto-2,Easy On Me,Mixed_Voice_Group,positive_mix,clear_mix,0.030121,0.394879
English#EN-Alto-2#Pharyngeal#Easy On Me#Control_Group#0001,EN-Alto-2,Easy On Me,Control_Group,positive_mix,clear_mix,0.030121,0.394879
English#EN-Alto-2#Vibrato#Easy On Me#Control_Group#0001,EN-Alto-2,Easy On Me,Control_Group,positive_mix,clear_mix,0.030121,0.394879
English#EN-Alto-2#Pharyngeal#What Are Words#Pharyngeal_Group#0002,EN-Alto-2,What Are Words,Pharyngeal_Group,positive_mix,clear_mix,0.029669,0.395331
English#EN-Alto-1#Breathy#let it go#Control_Group#0000,EN-Alto-1,let it go,Control_Group,positive_mix,clear_mix,0.02951,0.39549
English#EN-Alto-2#Breathy#Love Story#Control_Group#0004,EN-Alto-2,Love Story,Control_Group,positive_mix,breathy_mix,0.029415,0.395585
English#EN-Alto-2#Glissando#Love Story#Control_Group#0005,EN-Alto-2,Love Story,Control_Group,positive_mix,clear_mix,0.029415,0.395585
English#EN-Alto-2#Vibrato#Love Story#Control_Group#0005,EN-Alto-2,Love Story,Control_Group,positive_mix,clear_mix,0.029415,0.395585
English#EN-Alto-2#Breathy#Safe and Sound#Control_Group#0002,EN-Alto-2,Safe and Sound,Control_Group,positive_mix,clear_mix,0.029137,0.395863
English#EN-Alto-2#Glissando#Safe and Sound#Control_Group#0002,EN-Alto-2,Safe and Sound,Control_Group,positive_mix,clear_mix,0.029137,0.395863
English#EN-Alto-2#Mixed_Voice_and_Falsetto#Safe and Sound#Mixed_Voice_Group#0002,EN-Alto-2,Safe and Sound,Mixed_Voice_Group,positive_mix,clear_mix,0.029137,0.395863
English#EN-Alto-2#Pharyngeal#Safe and Sound#Control_Group#0002,EN-Alto-2,Safe and Sound,Control_Group,positive_mix,clear_mix,0.029137,0.395863
English#EN-Alto-2#Vibrato#Safe and Sound#Control_Group#0002,EN-Alto-2,Safe and Sound,Control_Group,positive_mix,clear_mix,0.029137,0.395863
English#EN-Alto-2#Breathy#Young And Beautiful#Control_Group#0004,EN-Alto-2,Young And Beautiful,Control_Group,positive_mix,clear_mix,0.028917,0.396083
English#EN-Alto-2#Glissando#Young And Beautiful#Control_Group#0004,EN-Alto-2,Young And Beautiful,Control_Group,positive_mix,clear_mix,0.028917,0.396083
English#EN-Alto-2#Vibrato#Young And Beautiful#Control_Group#0004,EN-Alto-2,Young And Beautiful,Control_Group,positive_mix,clear_mix,0.028917,0.396083
English#EN-Alto-2#Vibrato#Love Story#Vibrato_Group#0005,EN-Alto-2,Love Story,Vibrato_Group,positive_mix,clear_mix,0.028648,0.396352
English#EN-Alto-2#Vibrato#All of Me#Control_Group#0003,EN-Alto-2,All of Me,Control_Group,positive_mix,clear_mix,0.028496,0.396504
English#EN-Alto-2#Breathy#Easy On Me#Control_Group#0004,EN-Alto-2,Easy On Me,Control_Group,positive_mix,clear_mix,0.028241,0.396759
English#EN-Alto-2#Mixed_Voice_and_Falsetto#God is A Girl#Mixed_Voice_Group#0007,EN-Alto-2,God is A Girl,Mixed_Voice_Group,positive_mix,clear_mix,0.028015,0.396985
English#EN-Alto-2#Breathy#Easy On Me#Control_Group#0005,EN-Alto-2,Easy On Me,Control_Group,positive_mix,clear_mix,0.027857,0.397143
English#EN-Alto-2#Glissando#You Raise Me Up#Control_Group#0002,EN-Alto-2,You Raise Me Up,Control_Group,positive_mix,clear_mix,0.027817,0.397183
English#EN-Alto-2#Pharyngeal#You Raise Me Up#Control_Group#0002,EN-Alto-2,You Raise Me Up,Control_Group,positive_mix,clear_mix,0.027817,0.397183
English#EN-Alto-1#Breathy#treasure#Breathy_Group#0005,EN-Alto-1,treasure,Breathy_Group,positive_mix,clear_mix,0.027741,0.397259
English#EN-Alto-2#Mixed_Voice_and_Falsetto#Five Hundred Miles#Mixed_Voice_Group#0007,EN-Alto-2,Five Hundred Miles,Mixed_Voice_Group,positive_mix,clear_mix,0.027445,0.397555
English#EN-Alto-2#Mixed_Voice_and_Falsetto#Love Story#Mixed_Voice_Group#0003,EN-Alto-2,Love Story,Mixed_Voice_Group,positive_mix,clear_mix,0.027327,0.397673
English#EN-Alto-2#Pharyngeal#Love Story#Control_Group#0003,EN-Alto-2,Love Story,Control_Group,positive_mix,clear_mix,0.027327,0.397673
English#EN-Tenor-1#Glissando#You Belong With Me#Control_Group#0004,EN-Tenor-1,You Belong With Me,Control_Group,positive_mix,clear_mix,0.027203,0.397797
English#EN-Alto-2#Mixed_Voice_and_Falsetto#Easy On Me#Mixed_Voice_Group#0005,EN-Alto-2,Easy On Me,Mixed_Voice_Group,positive_mix,clear_mix,0.026962,0.398038
English#EN-Alto-2#Breathy#Love Me Like You Do#Control_Group#0008,EN-Alto-2,Love Me Like You Do,Control_Group,positive_mix,breathy_mix,0.026343,0.398657
English#EN-Alto-2#Breathy#A Thousand Years#Control_Group#0007,EN-Alto-2,A Thousand Years,Control_Group,positive_mix,clear_mix,0.026294,0.398706
English#EN-Alto-2#Glissando#You Raise Me Up#Control_Group#0004,EN-Alto-2,You Raise Me Up,Control_Group,positive_mix,clear_mix,0.025981,0.399019
English#EN-Alto-2#Pharyngeal#You Raise Me Up#Control_Group#0004,EN-Alto-2,You Raise Me Up,Control_Group,positive_mix,clear_mix,0.025981,0.399019
English#EN-Alto-2#Vibrato#Love Me Like You Do#Control_Group#0008,EN-Alto-2,Love Me Like You Do,Control_Group,positive_mix,clear_mix,0.02557,0.39943
English#EN-Alto-2#Mixed_Voice_and_Falsetto#A Thousand Years#Mixed_Voice_Group#0007,EN-Alto-2,A Thousand Years,Mixed_Voice_Group,positive_mix,clear_mix,0.025031,0.399969
English#EN-Alto-2#Mixed_Voice_and_Falsetto#Love Me Like You Do#Mixed_Voice_Group#0002,EN-Alto-2,Love Me Like You Do,Mixed_Voice_Group,positive_mix,clear_mix,0.024933,0.400067
English#EN-Alto-2#Mixed_Voice_and_Falsetto#Five Hundred Miles#Mixed_Voice_Group#0002,EN-Alto-2,Five Hundred Miles,Mixed_Voice_Group,positive_mix,clear_mix,0.024924,0.400076
English#EN-Alto-2#Glissando#Love Me Like You Do#Control_Group#0007,EN-Alto-2,Love Me Like You Do,Control_Group,positive_mix,clear_mix,0.024823,0.400177
English#EN-Alto-2#Breathy#A Thousand Years#Control_Group#0006,EN-Alto-2,A Thousand Years,Control_Group,positive_mix,clear_mix,0.024809,0.400191
English#EN-Alto-2#Mixed_Voice_and_Falsetto#A Thousand Years#Mixed_Voice_Group#0006,EN-Alto-2,A Thousand Years,Mixed_Voice_Group,positive_mix,clear_mix,0.024801,0.400199
English#EN-Alto-2#Mixed_Voice_and_Falsetto#Love Me Like You Do#Mixed_Voice_Group#0008,EN-Alto-2,Love Me Like You Do,Mixed_Voice_Group,positive_mix,clear_mix,0.024089,0.400911
English#EN-Alto-2#Pharyngeal#Easy On Me#Control_Group#0005,EN-Alto-2,Easy On Me,Control_Group,positive_mix,clear_mix,0.024019,0.400981
English#EN-Alto-2#Mixed_Voice_and_Falsetto#Young And Beautiful#Mixed_Voice_Group#0004,EN-Alto-2,Young And Beautiful,Mixed_Voice_Group,positive_mix,clear_mix,0.023966,0.401034
English#EN-Alto-2#Pharyngeal#Young And Beautiful#Control_Group#0004,EN-Alto-2,Young And Beautiful,Control_Group,positive_mix,clear_mix,0.023966,0.401034
English#EN-Alto-2#Mixed_Voice_and_Falsetto#Yesterday Once More#Mixed_Voice_Group#0003,EN-Alto-2,Yesterday Once More,Mixed_Voice_Group,positive_mix,clear_mix,0.023951,0.401049
English#EN-Alto-2#Breathy#Yesterday Once More#Control_Group#0007,EN-Alto-2,Yesterday Once More,Control_Group,positive_mix,clear_mix,0.023106,0.401894
English#EN-Alto-2#Vibrato#Yesterday Once More#Control_Group#0007,EN-Alto-2,Yesterday Once More,Control_Group,positive_mix,clear_mix,0.023106,0.401894
English#EN-Alto-2#Vibrato#My Heart Will Go On#Control_Group#0003,EN-Alto-2,My Heart Will Go On,Control_Group,positive_mix,clear_mix,0.022952,0.402048
English#EN-Alto-2#Glissando#Love Me Like You Do#Control_Group#0008,EN-Alto-2,Love Me Like You Do,Control_Group,positive_mix,clear_mix,0.022832,0.402168
English#EN-Tenor-1#Vibrato#You Belong With Me#Control_Group#0007,EN-Tenor-1,You Belong With Me,Control_Group,positive_mix,clear_mix,0.022602,0.402398
English#EN-Alto-2#Breathy#My Heart Will Go On#Control_Group#0000,EN-Alto-2,My Heart Will Go On,Control_Group,positive_mix,clear_mix,0.022517,0.402483
English#EN-Alto-2#Breathy#Love Me Like You Do#Control_Group#0007,EN-Alto-2,Love Me Like You Do,Control_Group,positive_mix,breathy_mix,0.022143,0.402857
English#EN-Alto-2#Mixed_Voice_and_Falsetto#Call Me Maybe#Mixed_Voice_Group#0001,EN-Alto-2,Call Me Maybe,Mixed_Voice_Group,positive_mix,clear_mix,0.021873,0.403127
English#EN-Alto-2#Pharyngeal#Love Me Like You Do#Control_Group#0002,EN-Alto-2,Love Me Like You Do,Control_Group,positive_mix,clear_mix,0.021618,0.403382
English#EN-Alto-1#Breathy#let it go#Breathy_Group#0006,EN-Alto-1,let it go,Breathy_Group,positive_mix,clear_mix,0.021055,0.403945
English#EN-Alto-2#Mixed_Voice_and_Falsetto#Let It Go#Mixed_Voice_Group#0001,EN-Alto-2,Let It Go,Mixed_Voice_Group,positive_mix,clear_mix,0.020799,0.404201
English#EN-Alto-2#Vibrato#All of Me#Control_Group#0006,EN-Alto-2,All of Me,Control_Group,positive_mix,clear_mix,0.02068,0.40432
English#EN-Alto-2#Breathy#My Heart Will Go On#Control_Group#0006,EN-Alto-2,My Heart Will Go On,Control_Group,positive_mix,clear_mix,0.020409,0.404591
English#EN-Alto-2#Breathy#My Heart Will Go On#Control_Group#0001,EN-Alto-2,My Heart Will Go On,Control_Group,positive_mix,clear_mix,0.020374,0.404626
English#EN-Alto-1#Breathy#treasure#Breathy_Group#0001,EN-Alto-1,treasure,Breathy_Group,positive_mix,clear_mix,0.020332,0.404668
English#EN-Alto-2#Mixed_Voice_and_Falsetto#YOUTH#Mixed_Voice_Group#0004,EN-Alto-2,YOUTH,Mixed_Voice_Group,positive_mix,clear_mix,0.019934,0.405066
English#EN-Tenor-1#Vibrato#You Belong With Me#Vibrato_Group#0008,EN-Tenor-1,You Belong With Me,Vibrato_Group,positive_mix,clear_mix,0.019878,0.405122
English#EN-Alto-2#Breathy#Easy On Me#Control_Group#0007,EN-Alto-2,Easy On Me,Control_Group,positive_mix,clear_mix,0.019594,0.405406
English#EN-Alto-2#Mixed_Voice_and_Falsetto#Easy On Me#Mixed_Voice_Group#0007,EN-Alto-2,Easy On Me,Mixed_Voice_Group,positive_mix,clear_mix,0.019594,0.405406
English#EN-Alto-2#Pharyngeal#Easy On Me#Control_Group#0007,EN-Alto-2,Easy On Me,Control_Group,positive_mix,clear_mix,0.019594,0.405406
English#EN-Alto-2#Breathy#Yesterday Once More#Control_Group#0004,EN-Alto-2,Yesterday Once More,Control_Group,positive_mix,clear_mix,0.019531,0.405469
English#EN-Alto-2#Glissando#Yesterday Once More#Control_Group#0004,EN-Alto-2,Yesterday Once More,Control_Group,positive_mix,clear_mix,0.019531,0.405469
English#EN-Alto-2#Pharyngeal#Yesterday Once More#Control_Group#0004,EN-Alto-2,Yesterday Once More,Control_Group,positive_mix,clear_mix,0.019531,0.405469
English#EN-Alto-2#Vibrato#Yesterday Once More#Control_Group#0004,EN-Alto-2,Yesterday Once More,Control_Group,positive_mix,clear_mix,0.019531,0.405469
English#EN-Alto-2#Vibrato#My Love#Control_Group#0005,EN-Alto-2,My Love,Control_Group,positive_mix,clear_mix,0.019438,0.405562
English#EN-Alto-2#Glissando#My Heart Will Go On#Control_Group#0004,EN-Alto-2,My Heart Will Go On,Control_Group,positive_mix,clear_mix,0.019426,0.405574
English#EN-Alto-1#Breathy#all is found#Control_Group#0000,EN-Alto-1,all is found,Control_Group,positive_mix,clear_mix,0.019421,0.405579
English#EN-Alto-2#Mixed_Voice_and_Falsetto#God is A Girl#Mixed_Voice_Group#0006,EN-Alto-2,God is A Girl,Mixed_Voice_Group,positive_mix,clear_mix,0.018576,0.406424
English#EN-Alto-2#Pharyngeal#Yesterday Once More#Control_Group#0008,EN-Alto-2,Yesterday Once More,Control_Group,positive_mix,clear_mix,0.018452,0.406548
English#EN-Alto-2#Vibrato#My Heart Will Go On#Control_Group#0000,EN-Alto-2,My Heart Will Go On,Control_Group,positive_mix,clear_mix,0.018112,0.406888
English#EN-Alto-2#Glissando#My Heart Will Go On#Control_Group#0000,EN-Alto-2,My Heart Will Go On,Control_Group,positive_mix,clear_mix,0.018071,0.406929
English#EN-Alto-2#Vibrato#My Love#Control_Group#0006,EN-Alto-2,My Love,Control_Group,positive_mix,clear_mix,0.01767,0.40733
English#EN-Alto-2#Mixed_Voice_and_Falsetto#Let Her Go#Mixed_Voice_Group#0003,EN-Alto-2,Let Her Go,Mixed_Voice_Group,positive_mix,clear_mix,0.016877,0.408123
English#EN-Alto-2#Pharyngeal#Love Story#Pharyngeal_Group#0003,EN-Alto-2,Love Story,Pharyngeal_Group,positive_mix,clear_mix,0.016618,0.408382
English#EN-Alto-2#Glissando#My Love#Control_Group#0005,EN-Alto-2,My Love,Control_Group,positive_mix,clear_mix,0.01637,0.40863
English#EN-Alto-2#Breathy#All of Me#Control_Group#0007,EN-Alto-2,All of Me,Control_Group,positive_mix,clear_mix,0.016193,0.408807
English#EN-Alto-2#Glissando#All of Me#Control_Group#0007,EN-Alto-2,All of Me,Control_Group,positive_mix,clear_mix,0.016193,0.408807
English#EN-Alto-2#Pharyngeal#All of Me#Control_Group#0007,EN-Alto-2,All of Me,Control_Group,positive_mix,clear_mix,0.016193,0.408807
English#EN-Alto-2#Breathy#Easy On Me#Control_Group#0002,EN-Alto-2,Easy On Me,Control_Group,positive_mix,clear_mix,0.016153,0.408847
English#EN-Alto-2#Glissando#Easy On Me#Control_Group#0002,EN-Alto-2,Easy On Me,Control_Group,positive_mix,clear_mix,0.016153,0.408847
English#EN-Alto-2#Mixed_Voice_and_Falsetto#Easy On Me#Mixed_Voice_Group#0002,EN-Alto-2,Easy On Me,Mixed_Voice_Group,positive_mix,clear_mix,0.016153,0.408847
English#EN-Alto-2#Pharyngeal#Easy On Me#Control_Group#0002,EN-Alto-2,Easy On Me,Control_Group,positive_mix,clear_mix,0.016153,0.408847
English#EN-Alto-2#Vibrato#Easy On Me#Control_Group#0002,EN-Alto-2,Easy On Me,Control_Group,positive_mix,clear_mix,0.016153,0.408847
English#EN-Alto-2#Pharyngeal#A Thousand Years#Control_Group#0001,EN-Alto-2,A Thousand Years,Control_Group,positive_mix,clear_mix,0.015507,0.409493
English#EN-Alto-2#Pharyngeal#Love Me Like You Do#Pharyngeal_Group#0003,EN-Alto-2,Love Me Like You Do,Pharyngeal_Group,positive_mix,clear_mix,0.015003,0.409997
English#EN-Alto-2#Glissando#A Thousand Years#Control_Group#0006,EN-Alto-2,A Thousand Years,Control_Group,positive_mix,clear_mix,0.014804,0.410196
English#EN-Alto-2#Vibrato#A Thousand Years#Control_Group#0006,EN-Alto-2,A Thousand Years,Control_Group,positive_mix,clear_mix,0.014804,0.410196
English#EN-Alto-2#Mixed_Voice_and_Falsetto#YOUTH#Mixed_Voice_Group#0000,EN-Alto-2,YOUTH,Mixed_Voice_Group,positive_mix,clear_mix,0.014658,0.410342
English#EN-Alto-2#Breathy#All of Me#Control_Group#0006,EN-Alto-2,All of Me,Control_Group,positive_mix,clear_mix,0.014528,0.410472
English#EN-Alto-2#Glissando#All of Me#Control_Group#0006,EN-Alto-2,All of Me,Control_Group,positive_mix,clear_mix,0.014528,0.410472
English#EN-Alto-2#Pharyngeal#All of Me#Control_Group#0006,EN-Alto-2,All of Me,Control_Group,positive_mix,clear_mix,0.014528,0.410472
English#EN-Tenor-1#Pharyngeal#You Belong With Me#Control_Group#0007,EN-Tenor-1,You Belong With Me,Control_Group,positive_mix,clear_mix,0.014094,0.410906
English#EN-Alto-2#Mixed_Voice_and_Falsetto#Love Me Like You Do#Mixed_Voice_Group#0000,EN-Alto-2,Love Me Like You Do,Mixed_Voice_Group,positive_mix,clear_mix,0.01325,0.41175
English#EN-Tenor-1#Breathy#You Belong With Me#Control_Group#0007,EN-Tenor-1,You Belong With Me,Control_Group,positive_mix,clear_mix,0.012393,0.412607
English#EN-Alto-2#Pharyngeal#What Are Words#Pharyngeal_Group#0001,EN-Alto-2,What Are Words,Pharyngeal_Group,positive_mix,clear_mix,0.01195,0.41305
English#EN-Alto-2#Vibrato#All of Me#Control_Group#0005,EN-Alto-2,All of Me,Control_Group,positive_mix,clear_mix,0.011326,0.413674
English#EN-Alto-2#Breathy#Easy On Me#Control_Group#0003,EN-Alto-2,Easy On Me,Control_Group,positive_mix,clear_mix,0.010443,0.414557
English#EN-Alto-2#Glissando#Easy On Me#Control_Group#0003,EN-Alto-2,Easy On Me,Control_Group,positive_mix,clear_mix,0.010443,0.414557
English#EN-Alto-2#Mixed_Voice_and_Falsetto#Easy On Me#Mixed_Voice_Group#0003,EN-Alto-2,Easy On Me,Mixed_Voice_Group,positive_mix,clear_mix,0.010443,0.414557
English#EN-Alto-2#Pharyngeal#Easy On Me#Control_Group#0003,EN-Alto-2,Easy On Me,Control_Group,positive_mix,clear_mix,0.010443,0.414557
English#EN-Alto-2#Vibrato#Easy On Me#Control_Group#0003,EN-Alto-2,Easy On Me,Control_Group,positive_mix,clear_mix,0.010443,0.414557
English#EN-Alto-2#Mixed_Voice_and_Falsetto#Love Me Like You Do#Mixed_Voice_Group#0009,EN-Alto-2,Love Me Like You Do,Mixed_Voice_Group,positive_mix,clear_mix,0.00941,0.41559
English#EN-Alto-2#Pharyngeal#Love Me Like You Do#Control_Group#0003,EN-Alto-2,Love Me Like You Do,Control_Group,positive_mix,clear_mix,0.00941,0.41559
English#EN-Alto-2#Vibrato#My Heart Will Go On#Control_Group#0002,EN-Alto-2,My Heart Will Go On,Control_Group,positive_mix,clear_mix,0.009343,0.415657
English#EN-Alto-2#Breathy#My Heart Will Go On#Control_Group#0008,EN-Alto-2,My Heart Will Go On,Control_Group,positive_mix,clear_mix,0.008134,0.416866
English#EN-Alto-2#Glissando#My Heart Will Go On#Control_Group#0008,EN-Alto-2,My Heart Will Go On,Control_Group,positive_mix,clear_mix,0.008134,0.416866
English#EN-Alto-2#Vibrato#My Heart Will Go On#Control_Group#0008,EN-Alto-2,My Heart Will Go On,Control_Group,positive_mix,clear_mix,0.008134,0.416866
English#EN-Alto-2#Glissando#My Heart Will Go On#Control_Group#0002,EN-Alto-2,My Heart Will Go On,Control_Group,positive_mix,clear_mix,0.00712,0.41788
English#EN-Alto-2#Pharyngeal#Love Me Like You Do#Pharyngeal_Group#0002,EN-Alto-2,Love Me Like You Do,Pharyngeal_Group,positive_mix,clear_mix,0.006685,0.418315
English#EN-Alto-2#Breathy#Love Me Like You Do#Control_Group#0006,EN-Alto-2,Love Me Like You Do,Control_Group,positive_mix,clear_mix,0.006526,0.418474
English#EN-Alto-2#Glissando#Love Me Like You Do#Control_Group#0006,EN-Alto-2,Love Me Like You Do,Control_Group,positive_mix,clear_mix,0.006526,0.418474
English#EN-Alto-2#Vibrato#Love Me Like You Do#Control_Group#0006,EN-Alto-2,Love Me Like You Do,Control_Group,positive_mix,clear_mix,0.006526,0.418474
English#EN-Alto-2#Mixed_Voice_and_Falsetto#God is A Girl#Mixed_Voice_Group#0002,EN-Alto-2,God is A Girl,Mixed_Voice_Group,positive_mix,clear_mix,0.006127,0.418873
English#EN-Alto-2#Mixed_Voice_and_Falsetto#Call Me Maybe#Mixed_Voice_Group#0003,EN-Alto-2,Call Me Maybe,Mixed_Voice_Group,positive_mix,clear_mix,0.004663,0.420337
English#EN-Alto-2#Breathy#Love Story#Control_Group#0003,EN-Alto-2,Love Story,Control_Group,positive_mix,clear_mix,0.004057,0.420943
English#EN-Alto-2#Glissando#Love Story#Control_Group#0004,EN-Alto-2,Love Story,Control_Group,positive_mix,clear_mix,0.004057,0.420943
English#EN-Alto-2#Vibrato#Love Story#Control_Group#0004,EN-Alto-2,Love Story,Control_Group,positive_mix,clear_mix,0.004057,0.420943
English#EN-Alto-2#Breathy#My Love#Control_Group#0006,EN-Alto-2,My Love,Control_Group,positive_mix,clear_mix,0.003431,0.421569
English#EN-Alto-2#Pharyngeal#My Love#Control_Group#0006,EN-Alto-2,My Love,Control_Group,positive_mix,clear_mix,0.003431,0.421569
English#EN-Alto-2#Breathy#Love Me Like You Do#Control_Group#0002,EN-Alto-2,Love Me Like You Do,Control_Group,positive_mix,clear_mix,0.002981,0.422019
English#EN-Alto-2#Glissando#Love Me Like You Do#Control_Group#0002,EN-Alto-2,Love Me Like You Do,Control_Group,positive_mix,clear_mix,0.002981,0.422019
English#EN-Alto-2#Vibrato#Love Me Like You Do#Control_Group#0002,EN-Alto-2,Love Me Like You Do,Control_Group,positive_mix,clear_mix,0.002981,0.422019
English#EN-Alto-2#Pharyngeal#What Are Words#Pharyngeal_Group#0000,EN-Alto-2,What Are Words,Pharyngeal_Group,positive_mix,clear_mix,0.001889,0.423111
