item_name,singer,song_name,group_name,binary_role,mix_variant,mix_prob,threshold_gap
English#EN-Alto-1#Breathy#sleepyhead#Breathy_Group#0001,EN-Alto-1,sleepyhead,Breathy_Group,positive_mix,breathy_mix,0.398285,0.001715
English#EN-Alto-1#Pharyngeal#who says#Control_Group#0003,EN-Alto-1,who says,Control_Group,positive_mix,clear_mix,0.397548,0.002452
English#EN-Alto-1#Pharyngeal#somewhere over the rainbow#Control_Group#0006,EN-Alto-1,somewhere over the rainbow,Control_Group,positive_mix,clear_mix,0.396685,0.003315
English#EN-Alto-1#Mixed_Voice_and_Falsetto#yesterday once more#Mixed_Voice_Group#0004,EN-Alto-1,yesterday once more,Mixed_Voice_Group,positive_mix,clear_mix,0.395951,0.004049
English#EN-Alto-1#Mixed_Voice_and_Falsetto#let it go#Mixed_Voice_Group#0019,EN-Alto-1,let it go,Mixed_Voice_Group,positive_mix,clear_mix,0.394693,0.005307
English#EN-Alto-1#Mixed_Voice_and_Falsetto#seasons in the sun#Mixed_Voice_Group#0019,EN-Alto-1,seasons in the sun,Mixed_Voice_Group,positive_mix,clear_mix,0.394141,0.005859
English#EN-Alto-1#Glissando#make it shine#Glissando_Group#0015,EN-Alto-1,make it shine,Glissando_Group,positive_mix,clear_mix,0.393436,0.006564
English#EN-Alto-1#Vibrato#memory#Vibrato_Group#0014,EN-Alto-1,memory,Vibrato_Group,positive_mix,clear_mix,0.393065,0.006935
English#EN-Alto-2#Vibrato#My Heart Will Go On#Vibrato_Group#0003,EN-Alto-2,My Heart Will Go On,Vibrato_Group,positive_mix,clear_mix,0.391243,0.008757
English#EN-Alto-1#Breathy#who says#Breathy_Group#0015,EN-Alto-1,who says,Breathy_Group,positive_mix,breathy_mix,0.391157,0.008843
English#EN-Alto-1#Vibrato#if you love me for me#Vibrato_Group#0010,EN-Alto-1,if you love me for me,Vibrato_Group,positive_mix,clear_mix,0.390886,0.009114
English#EN-Alto-1#Glissando#trouble is a friend#Control_Group#0012,EN-Alto-1,trouble is a friend,Control_Group,positive_mix,clear_mix,0.389861,0.010139
English#EN-Alto-1#Breathy#all is found#Breathy_Group#0012,EN-Alto-1,all is found,Breathy_Group,positive_mix,breathy_mix,0.389294,0.010706
English#EN-Alto-1#Mixed_Voice_and_Falsetto#la vie en rose#Mixed_Voice_Group#0001,EN-Alto-1,la vie en rose,Mixed_Voice_Group,positive_mix,clear_mix,0.387976,0.012024
English#EN-Alto-1#Mixed_Voice_and_Falsetto#how does a moment last forever#Mixed_Voice_Group#0007,EN-Alto-1,how does a moment last forever,Mixed_Voice_Group,positive_mix,clear_mix,0.386279,0.013721
English#EN-Alto-1#Vibrato#my heart will go on#Control_Group#0009,EN-Alto-1,my heart will go on,Control_Group,positive_mix,clear_mix,0.386212,0.013788
English#EN-Alto-1#Glissando#rolling in the deep#Control_Group#0010,EN-Alto-1,rolling in the deep,Control_Group,positive_mix,clear_mix,0.38546,0.01454
English#EN-Alto-1#Vibrato#my heart will go on#Control_Group#0012,EN-Alto-1,my heart will go on,Control_Group,positive_mix,clear_mix,0.385231,0.014769
English#EN-Alto-1#Pharyngeal#monsters#Control_Group#0000,EN-Alto-1,monsters,Control_Group,positive_mix,clear_mix,0.385015,0.014985
English#EN-Alto-1#Breathy#who says#Breathy_Group#0014,EN-Alto-1,who says,Breathy_Group,positive_mix,breathy_mix,0.384151,0.015849
English#EN-Alto-1#Vibrato#my heart will go on#Control_Group#0010,EN-Alto-1,my heart will go on,Control_Group,positive_mix,clear_mix,0.383261,0.016739
English#EN-Alto-1#Mixed_Voice_and_Falsetto#yesterday once more#Mixed_Voice_Group#0013,EN-Alto-1,yesterday once more,Mixed_Voice_Group,positive_mix,clear_mix,0.382869,0.017131
English#EN-Alto-1#Glissando#tell me that you love me#Glissando_Group#0005,EN-Alto-1,tell me that you love me,Glissando_Group,positive_mix,clear_mix,0.382055,0.017945
English#EN-Alto-1#Glissando#rolling in the deep#Glissando_Group#0007,EN-Alto-1,rolling in the deep,Glissando_Group,positive_mix,clear_mix,0.381705,0.018295
English#EN-Alto-1#Mixed_Voice_and_Falsetto#my love#Mixed_Voice_Group#0006,EN-Alto-1,my love,Mixed_Voice_Group,positive_mix,clear_mix,0.378192,0.021808
English#EN-Alto-1#Breathy#treasure#Breathy_Group#0006,EN-Alto-1,treasure,Breathy_Group,positive_mix,clear_mix,0.377484,0.022516
English#EN-Alto-1#Glissando#tell me that you love me#Control_Group#0012,EN-Alto-1,tell me that you love me,Control_Group,positive_mix,clear_mix,0.376628,0.023372
English#EN-Alto-1#Breathy#all is found#Breathy_Group#0003,EN-Alto-1,all is found,Breathy_Group,positive_mix,breathy_mix,0.375583,0.024417
English#EN-Alto-1#Mixed_Voice_and_Falsetto#let it go#Mixed_Voice_Group#0015,EN-Alto-1,let it go,Mixed_Voice_Group,positive_mix,clear_mix,0.375118,0.024882
English#EN-Alto-1#Glissando#my love#Control_Group#0011,EN-Alto-1,my love,Control_Group,positive_mix,clear_mix,0.374918,0.025082
English#EN-Alto-1#Mixed_Voice_and_Falsetto#let it go#Mixed_Voice_Group#0009,EN-Alto-1,let it go,Mixed_Voice_Group,positive_mix,clear_mix,0.374231,0.025769
English#EN-Alto-1#Breathy#safe and sound#Control_Group#0001,EN-Alto-1,safe and sound,Control_Group,positive_mix,clear_mix,0.374119,0.025881
English#EN-Alto-1#Pharyngeal#somewhere over the rainbow#Control_Group#0011,EN-Alto-1,somewhere over the rainbow,Control_Group,positive_mix,clear_mix,0.373135,0.026865
English#EN-Alto-1#Mixed_Voice_and_Falsetto#all is found#Mixed_Voice_Group#0002,EN-Alto-1,all is found,Mixed_Voice_Group,positive_mix,clear_mix,0.370299,0.029701
English#EN-Alto-1#Glissando#for the first time in forever#Glissando_Group#0008,EN-Alto-1,for the first time in forever,Glissando_Group,positive_mix,clear_mix,0.37017,0.02983
English#EN-Alto-1#Glissando#trouble is a friend#Glissando_Group#0010,EN-Alto-1,trouble is a friend,Glissando_Group,positive_mix,clear_mix,0.369658,0.030342
English#EN-Alto-1#Pharyngeal#love stroy#Control_Group#0011,EN-Alto-1,love stroy,Control_Group,positive_mix,clear_mix,0.369389,0.030611
English#EN-Alto-1#Breathy#all is found#Breathy_Group#0008,EN-Alto-1,all is found,Breathy_Group,positive_mix,breathy_mix,0.368313,0.031687
English#EN-Alto-1#Mixed_Voice_and_Falsetto#Arriety's song#Mixed_Voice_Group#0004,EN-Alto-1,Arriety's song,Mixed_Voice_Group,positive_mix,clear_mix,0.367731,0.032269
English#EN-Alto-1#Mixed_Voice_and_Falsetto#yesterday once more#Mixed_Voice_Group#0008,EN-Alto-1,yesterday once more,Mixed_Voice_Group,positive_mix,clear_mix,0.366948,0.033052
English#EN-Alto-1#Glissando#rolling in the deep#Control_Group#0006,EN-Alto-1,rolling in the deep,Control_Group,positive_mix,clear_mix,0.364203,0.035797
English#EN-Alto-1#Glissando#rolling in the deep#Glissando_Group#0005,EN-Alto-1,rolling in the deep,Glissando_Group,positive_mix,clear_mix,0.363479,0.036521
English#EN-Alto-1#Pharyngeal#love stroy#Control_Group#0003,EN-Alto-1,love stroy,Control_Group,positive_mix,clear_mix,0.362997,0.037003
English#EN-Alto-1#Mixed_Voice_and_Falsetto#big big world#Mixed_Voice_Group#0000,EN-Alto-1,big big world,Mixed_Voice_Group,positive_mix,clear_mix,0.36129,0.03871
English#EN-Alto-1#Breathy#all is found#Control_Group#0005,EN-Alto-1,all is found,Control_Group,positive_mix,clear_mix,0.360948,0.039052
English#EN-Alto-1#Vibrato#my heart will go on#Control_Group#0003,EN-Alto-1,my heart will go on,Control_Group,positive_mix,clear_mix,0.360294,0.039706
English#EN-Alto-1#Pharyngeal#love stroy#Control_Group#0001,EN-Alto-1,love stroy,Control_Group,positive_mix,clear_mix,0.359528,0.040472
English#EN-Alto-1#Glissando#for the first time in forever#Control_Group#0010,EN-Alto-1,for the first time in forever,Control_Group,positive_mix,clear_mix,0.359304,0.040696
English#EN-Alto-1#Breathy#who says#Breathy_Group#0013,EN-Alto-1,who says,Breathy_Group,positive_mix,breathy_mix,0.35811,0.04189
English#EN-Alto-1#Pharyngeal#who says#Control_Group#0001,EN-Alto-1,who says,Control_Group,positive_mix,clear_mix,0.357682,0.042318
English#EN-Alto-1#Mixed_Voice_and_Falsetto#seasons in the sun#Mixed_Voice_Group#0021,EN-Alto-1,seasons in the sun,Mixed_Voice_Group,positive_mix,clear_mix,0.357653,0.042347
English#EN-Alto-1#Mixed_Voice_and_Falsetto#somewhere over the rainbow#Mixed_Voice_Group#0005,EN-Alto-1,somewhere over the rainbow,Mixed_Voice_Group,positive_mix,clear_mix,0.35691,0.04309
English#EN-Alto-1#Glissando#tell me that you love me#Control_Group#0007,EN-Alto-1,tell me that you love me,Control_Group,positive_mix,clear_mix,0.356514,0.043486
English#EN-Alto-1#Glissando#rolling in the deep#Glissando_Group#0008,EN-Alto-1,rolling in the deep,Glissando_Group,positive_mix,clear_mix,0.355237,0.044763
English#EN-Alto-1#Mixed_Voice_and_Falsetto#make it shine#Mixed_Voice_Group#0013,EN-Alto-1,make it shine,Mixed_Voice_Group,positive_mix,clear_mix,0.35445,0.04555
English#EN-Alto-1#Breathy#innocence#Breathy_Group#0010,EN-Alto-1,innocence,Breathy_Group,positive_mix,clear_mix,0.352504,0.047496
English#EN-Alto-1#Breathy#who says#Control_Group#0009,EN-Alto-1,who says,Control_Group,positive_mix,clear_mix,0.352155,0.047845
English#EN-Alto-1#Pharyngeal#who says#Control_Group#0008,EN-Alto-1,who says,Control_Group,positive_mix,clear_mix,0.352155,0.047845
English#EN-Alto-1#Pharyngeal#beauty and the beast#Control_Group#0008,EN-Alto-1,beauty and the beast,Control_Group,positive_mix,clear_mix,0.351506,0.048494
English#EN-Alto-1#Glissando#my love#Control_Group#0003,EN-Alto-1,my love,Control_Group,positive_mix,clear_mix,0.351462,0.048538
English#EN-Alto-1#Mixed_Voice_and_Falsetto#seasons in the sun#Mixed_Voice_Group#0012,EN-Alto-1,seasons in the sun,Mixed_Voice_Group,positive_mix,clear_mix,0.351449,0.048551
English#EN-Alto-1#Mixed_Voice_and_Falsetto#seasons in the sun#Mixed_Voice_Group#0009,EN-Alto-1,seasons in the sun,Mixed_Voice_Group,positive_mix,clear_mix,0.35085,0.04915
English#EN-Alto-1#Vibrato#if you love me for me#Vibrato_Group#0008,EN-Alto-1,if you love me for me,Vibrato_Group,positive_mix,clear_mix,0.35069,0.04931
English#EN-Alto-1#Vibrato#memory#Control_Group#0003,EN-Alto-1,memory,Control_Group,positive_mix,clear_mix,0.347787,0.052213
English#EN-Alto-1#Breathy#innocence#Breathy_Group#0013,EN-Alto-1,innocence,Breathy_Group,positive_mix,clear_mix,0.346817,0.053183
English#EN-Alto-1#Mixed_Voice_and_Falsetto#seasons in the sun#Control_Group#0020,EN-Alto-1,seasons in the sun,Control_Group,positive_mix,clear_mix,0.346454,0.053546
English#EN-Alto-1#Mixed_Voice_and_Falsetto#yesterday once more#Mixed_Voice_Group#0010,EN-Alto-1,yesterday once more,Mixed_Voice_Group,positive_mix,clear_mix,0.344189,0.055811
English#EN-Alto-1#Vibrato#my heart will go on#Vibrato_Group#0001,EN-Alto-1,my heart will go on,Vibrato_Group,positive_mix,clear_mix,0.344188,0.055812
English#EN-Alto-1#Pharyngeal#clouds#Control_Group#0008,EN-Alto-1,clouds,Control_Group,positive_mix,clear_mix,0.34378,0.05622
English#EN-Alto-1#Vibrato#if you love me for me#Control_Group#0010,EN-Alto-1,if you love me for me,Control_Group,positive_mix,clear_mix,0.343446,0.056554
English#EN-Alto-1#Breathy#once up a dream#Breathy_Group#0002,EN-Alto-1,once up a dream,Breathy_Group,positive_mix,clear_mix,0.343342,0.056658
English#EN-Alto-1#Glissando#rolling in the deep#Glissando_Group#0004,EN-Alto-1,rolling in the deep,Glissando_Group,positive_mix,clear_mix,0.341896,0.058104
English#EN-Alto-1#Mixed_Voice_and_Falsetto#big big world#Mixed_Voice_Group#0014,EN-Alto-1,big big world,Mixed_Voice_Group,positive_mix,clear_mix,0.341226,0.058774
English#EN-Alto-1#Glissando#tell me that you love me#Control_Group#0008,EN-Alto-1,tell me that you love me,Control_Group,positive_mix,clear_mix,0.341128,0.058872
English#EN-Alto-1#Breathy#all is found#Breathy_Group#0013,EN-Alto-1,all is found,Breathy_Group,positive_mix,breathy_mix,0.340785,0.059215
English#EN-Alto-1#Glissando#tell me that you love me#Control_Group#0013,EN-Alto-1,tell me that you love me,Control_Group,positive_mix,clear_mix,0.340628,0.059372
English#EN-Alto-1#Breathy#sleepyhead#Control_Group#0005,EN-Alto-1,sleepyhead,Control_Group,positive_mix,clear_mix,0.340088,0.059912
English#EN-Alto-1#Mixed_Voice_and_Falsetto#yesterday once more#Mixed_Voice_Group#0015,EN-Alto-1,yesterday once more,Mixed_Voice_Group,positive_mix,clear_mix,0.339569,0.060431
English#EN-Alto-1#Pharyngeal#beauty and the beast#Control_Group#0001,EN-Alto-1,beauty and the beast,Control_Group,positive_mix,clear_mix,0.33934,0.06066
English#EN-Alto-1#Breathy#sleepyhead#Breathy_Group#0007,EN-Alto-1,sleepyhead,Breathy_Group,positive_mix,breathy_mix,0.338792,0.061208
English#EN-Alto-1#Breathy#sleepyhead#Breathy_Group#0002,EN-Alto-1,sleepyhead,Breathy_Group,positive_mix,breathy_mix,0.338748,0.061252
English#EN-Alto-1#Glissando#for the first time in forever#Control_Group#0001,EN-Alto-1,for the first time in forever,Control_Group,positive_mix,clear_mix,0.335004,0.064996
English#EN-Alto-1#Glissando#god is a girl#Control_Group#0007,EN-Alto-1,god is a girl,Control_Group,positive_mix,clear_mix,0.333832,0.066168
English#EN-Alto-1#Mixed_Voice_and_Falsetto#make it shine#Mixed_Voice_Group#0011,EN-Alto-1,make it shine,Mixed_Voice_Group,positive_mix,clear_mix,0.332985,0.067015
English#EN-Alto-1#Pharyngeal#tell me that you love me#Control_Group#0008,EN-Alto-1,tell me that you love me,Control_Group,positive_mix,clear_mix,0.331908,0.068092
English#EN-Alto-1#Mixed_Voice_and_Falsetto#yesterday once more#Mixed_Voice_Group#0005,EN-Alto-1,yesterday once more,Mixed_Voice_Group,positive_mix,clear_mix,0.331553,0.068447
English#EN-Alto-1#Glissando#rolling in the deep#Glissando_Group#0009,EN-Alto-1,rolling in the deep,Glissando_Group,positive_mix,clear_mix,0.331106,0.068894
English#EN-Alto-1#Breathy#all is found#Control_Group#0013,EN-Alto-1,all is found,Control_Group,positive_mix,clear_mix,0.330572,0.069428
English#EN-Alto-1#Glissando#make it shine#Control_Group#0007,EN-Alto-1,make it shine,Control_Group,positive_mix,clear_mix,0.330543,0.069457
English#EN-Alto-1#Vibrato#my heart will go on#Control_Group#0004,EN-Alto-1,my heart will go on,Control_Group,positive_mix,clear_mix,0.330179,0.069821
English#EN-Alto-1#Pharyngeal#somewhere over the rainbow#Control_Group#0001,EN-Alto-1,somewhere over the rainbow,Control_Group,positive_mix,clear_mix,0.329385,0.070615
English#EN-Alto-1#Vibrato#if you love me for me#Control_Group#0007,EN-Alto-1,if you love me for me,Control_Group,positive_mix,clear_mix,0.329295,0.070705
English#EN-Alto-1#Mixed_Voice_and_Falsetto#let it go#Mixed_Voice_Group#0014,EN-Alto-1,let it go,Mixed_Voice_Group,positive_mix,clear_mix,0.328736,0.071264
English#EN-Alto-1#Mixed_Voice_and_Falsetto#la vie en rose#Mixed_Voice_Group#0000,EN-Alto-1,la vie en rose,Mixed_Voice_Group,positive_mix,clear_mix,0.328342,0.071658
English#EN-Alto-1#Mixed_Voice_and_Falsetto#big big world#Mixed_Voice_Group#0002,EN-Alto-1,big big world,Mixed_Voice_Group,positive_mix,clear_mix,0.327455,0.072545
English#EN-Alto-1#Mixed_Voice_and_Falsetto#let it go#Mixed_Voice_Group#0003,EN-Alto-1,let it go,Mixed_Voice_Group,positive_mix,clear_mix,0.327243,0.072757
English#EN-Alto-1#Glissando#tell me that you love me#Control_Group#0006,EN-Alto-1,tell me that you love me,Control_Group,positive_mix,clear_mix,0.326573,0.073427
English#EN-Alto-1#Pharyngeal#beauty and the beast#Control_Group#0000,EN-Alto-1,beauty and the beast,Control_Group,positive_mix,clear_mix,0.325231,0.074769
English#EN-Alto-1#Pharyngeal#beauty and the beast#Control_Group#0012,EN-Alto-1,beauty and the beast,Control_Group,positive_mix,clear_mix,0.324781,0.075219
English#EN-Alto-1#Mixed_Voice_and_Falsetto#let it go#Mixed_Voice_Group#0016,EN-Alto-1,let it go,Mixed_Voice_Group,positive_mix,clear_mix,0.323957,0.076043
English#EN-Alto-2#Vibrato#Someone Like You#Vibrato_Group#0009,EN-Alto-2,Someone Like You,Vibrato_Group,positive_mix,clear_mix,0.323566,0.076434
English#EN-Alto-1#Glissando#tell me that you love me#Control_Group#0010,EN-Alto-1,tell me that you love me,Control_Group,positive_mix,clear_mix,0.322669,0.077331
English#EN-Alto-1#Mixed_Voice_and_Falsetto#big big world#Mixed_Voice_Group#0005,EN-Alto-1,big big world,Mixed_Voice_Group,positive_mix,clear_mix,0.321903,0.078097
English#EN-Alto-1#Breathy#sleepyhead#Breathy_Group#0000,EN-Alto-1,sleepyhead,Breathy_Group,positive_mix,breathy_mix,0.320981,0.079019
English#EN-Alto-1#Breathy#safe and sound#Control_Group#0008,EN-Alto-1,safe and sound,Control_Group,positive_mix,clear_mix,0.320679,0.079321
English#EN-Alto-1#Glissando#rolling in the deep#Glissando_Group#0010,EN-Alto-1,rolling in the deep,Glissando_Group,positive_mix,clear_mix,0.319746,0.080254
English#EN-Alto-1#Breathy#who says#Control_Group#0011,EN-Alto-1,who says,Control_Group,positive_mix,clear_mix,0.317828,0.082172
English#EN-Alto-1#Pharyngeal#who says#Control_Group#0010,EN-Alto-1,who says,Control_Group,positive_mix,clear_mix,0.317828,0.082172
English#EN-Alto-1#Pharyngeal#love stroy#Control_Group#0004,EN-Alto-1,love stroy,Control_Group,positive_mix,clear_mix,0.317681,0.082319
English#EN-Alto-1#Mixed_Voice_and_Falsetto#you raise me up#Mixed_Voice_Group#0001,EN-Alto-1,you raise me up,Mixed_Voice_Group,positive_mix,clear_mix,0.316046,0.083954
English#EN-Alto-1#Glissando#for the first time in forever#Glissando_Group#0000,EN-Alto-1,for the first time in forever,Glissando_Group,positive_mix,clear_mix,0.315755,0.084245
English#EN-Alto-1#Vibrato#if you love me for me#Vibrato_Group#0007,EN-Alto-1,if you love me for me,Vibrato_Group,positive_mix,clear_mix,0.314072,0.085928
English#EN-Alto-1#Vibrato#memory#Vibrato_Group#0001,EN-Alto-1,memory,Vibrato_Group,positive_mix,clear_mix,0.313295,0.086705
English#EN-Alto-1#Glissando#god is a girl#Control_Group#0004,EN-Alto-1,god is a girl,Control_Group,positive_mix,clear_mix,0.312756,0.087244
English#EN-Alto-1#Glissando#my love#Glissando_Group#0012,EN-Alto-1,my love,Glissando_Group,positive_mix,clear_mix,0.312686,0.087314
English#EN-Alto-1#Vibrato#my heart will go on#Vibrato_Group#0007,EN-Alto-1,my heart will go on,Vibrato_Group,positive_mix,clear_mix,0.311375,0.088625
English#EN-Alto-1#Breathy#innocence#Control_Group#0011,EN-Alto-1,innocence,Control_Group,positive_mix,clear_mix,0.307777,0.092223
English#EN-Alto-1#Vibrato#memory#Vibrato_Group#0000,EN-Alto-1,memory,Vibrato_Group,positive_mix,clear_mix,0.307154,0.092846
English#EN-Alto-1#Glissando#god is a girl#Control_Group#0006,EN-Alto-1,god is a girl,Control_Group,positive_mix,clear_mix,0.306992,0.093008
English#EN-Alto-1#Glissando#rolling in the deep#Glissando_Group#0011,EN-Alto-1,rolling in the deep,Glissando_Group,positive_mix,clear_mix,0.306894,0.093106
English#EN-Alto-1#Mixed_Voice_and_Falsetto#all is found#Mixed_Voice_Group#0003,EN-Alto-1,all is found,Mixed_Voice_Group,positive_mix,clear_mix,0.305144,0.094856
English#EN-Alto-1#Mixed_Voice_and_Falsetto#big big world#Mixed_Voice_Group#0003,EN-Alto-1,big big world,Mixed_Voice_Group,positive_mix,clear_mix,0.305122,0.094878
English#EN-Alto-1#Pharyngeal#who says#Control_Group#0002,EN-Alto-1,who says,Control_Group,positive_mix,clear_mix,0.304719,0.095281
English#EN-Alto-1#Glissando#for the first time in forever#Glissando_Group#0003,EN-Alto-1,for the first time in forever,Glissando_Group,positive_mix,clear_mix,0.304477,0.095523
English#EN-Alto-1#Breathy#sleepyhead#Control_Group#0008,EN-Alto-1,sleepyhead,Control_Group,positive_mix,clear_mix,0.304177,0.095823
English#EN-Alto-1#Pharyngeal#clouds#Control_Group#0007,EN-Alto-1,clouds,Control_Group,positive_mix,clear_mix,0.302452,0.097548
English#EN-Alto-1#Pharyngeal#monsters#Control_Group#0002,EN-Alto-1,monsters,Control_Group,positive_mix,clear_mix,0.302027,0.097973
English#EN-Alto-1#Breathy#treasure#Breathy_Group#0008,EN-Alto-1,treasure,Breathy_Group,positive_mix,clear_mix,0.301747,0.098253
English#EN-Alto-1#Glissando#trouble is a friend#Glissando_Group#0013,EN-Alto-1,trouble is a friend,Glissando_Group,positive_mix,clear_mix,0.298773,0.101227
English#EN-Alto-1#Breathy#someday or oneday#Breathy_Group#0001,EN-Alto-1,someday or oneday,Breathy_Group,positive_mix,clear_mix,0.298537,0.101463
English#EN-Alto-1#Pharyngeal#monsters#Control_Group#0011,EN-Alto-1,monsters,Control_Group,positive_mix,clear_mix,0.298259,0.101741
English#EN-Alto-1#Breathy#who says#Control_Group#0006,EN-Alto-1,who says,Control_Group,positive_mix,breathy_mix,0.296987,0.103013
English#EN-Alto-1#Vibrato#my heart will go on#Control_Group#0005,EN-Alto-1,my heart will go on,Control_Group,positive_mix,clear_mix,0.296853,0.103147
English#EN-Alto-1#Breathy#god is a girl#Control_Group#0002,EN-Alto-1,god is a girl,Control_Group,positive_mix,clear_mix,0.295717,0.104283
English#EN-Alto-1#Vibrato#edelweiss#Vibrato_Group#0001,EN-Alto-1,edelweiss,Vibrato_Group,positive_mix,clear_mix,0.295242,0.104758
English#EN-Alto-1#Glissando#trouble is a friend#Control_Group#0004,EN-Alto-1,trouble is a friend,Control_Group,positive_mix,clear_mix,0.294165,0.105835
English#EN-Alto-1#Mixed_Voice_and_Falsetto#all is found#Mixed_Voice_Group#0005,EN-Alto-1,all is found,Mixed_Voice_Group,positive_mix,clear_mix,0.29335,0.10665
English#EN-Alto-1#Mixed_Voice_and_Falsetto#you raise me up#Mixed_Voice_Group#0007,EN-Alto-1,you raise me up,Mixed_Voice_Group,positive_mix,clear_mix,0.292742,0.107258
English#EN-Alto-1#Glissando#tell me that you love me#Control_Group#0003,EN-Alto-1,tell me that you love me,Control_Group,positive_mix,clear_mix,0.290126,0.109874
English#EN-Alto-1#Mixed_Voice_and_Falsetto#Arriety's song#Mixed_Voice_Group#0008,EN-Alto-1,Arriety's song,Mixed_Voice_Group,positive_mix,clear_mix,0.290022,0.109978
English#EN-Alto-1#Breathy#all is found#Control_Group#0000,EN-Alto-1,all is found,Control_Group,positive_mix,clear_mix,0.289142,0.110858
English#EN-Alto-1#Pharyngeal#somewhere over the rainbow#Control_Group#0007,EN-Alto-1,somewhere over the rainbow,Control_Group,positive_mix,clear_mix,0.287959,0.112041
English#EN-Alto-1#Vibrato#if you love me for me#Control_Group#0002,EN-Alto-1,if you love me for me,Control_Group,positive_mix,clear_mix,0.287579,0.112421
English#EN-Alto-1#Pharyngeal#who says#Pharyngeal_Group#0002,EN-Alto-1,who says,Pharyngeal_Group,positive_mix,clear_mix,0.2837,0.1163
English#EN-Alto-1#Glissando#rolling in the deep#Control_Group#0003,EN-Alto-1,rolling in the deep,Control_Group,positive_mix,clear_mix,0.282648,0.117352
English#EN-Alto-1#Vibrato#my heart will go on#Control_Group#0000,EN-Alto-1,my heart will go on,Control_Group,positive_mix,clear_mix,0.281906,0.118094
English#EN-Alto-1#Vibrato#my heart will go on#Control_Group#0006,EN-Alto-1,my heart will go on,Control_Group,positive_mix,clear_mix,0.28108,0.11892
English#EN-Alto-1#Breathy#treasure#Breathy_Group#0005,EN-Alto-1,treasure,Breathy_Group,positive_mix,clear_mix,0.279745,0.120255
English#EN-Alto-1#Glissando#make it shine#Glissando_Group#0007,EN-Alto-1,make it shine,Glissando_Group,positive_mix,clear_mix,0.279067,0.120933
English#EN-Alto-1#Glissando#tell me that you love me#Glissando_Group#0013,EN-Alto-1,tell me that you love me,Glissando_Group,positive_mix,clear_mix,0.276723,0.123277
English#EN-Alto-1#Pharyngeal#beauty and the beast#Pharyngeal_Group#0008,EN-Alto-1,beauty and the beast,Pharyngeal_Group,positive_mix,clear_mix,0.276587,0.123413
English#EN-Alto-1#Breathy#who says#Breathy_Group#0003,EN-Alto-1,who says,Breathy_Group,positive_mix,breathy_mix,0.276048,0.123952
English#EN-Alto-1#Pharyngeal#beauty and the beast#Control_Group#0010,EN-Alto-1,beauty and the beast,Control_Group,positive_mix,clear_mix,0.275785,0.124215
English#EN-Alto-1#Pharyngeal#love stroy#Control_Group#0006,EN-Alto-1,love stroy,Control_Group,positive_mix,clear_mix,0.275763,0.124237
English#EN-Alto-1#Mixed_Voice_and_Falsetto#all is found#Falsetto_Group#0003,EN-Alto-1,all is found,Falsetto_Group,positive_mix,head_mix,0.272312,0.127688
English#EN-Alto-1#Glissando#for the first time in forever#Control_Group#0011,EN-Alto-1,for the first time in forever,Control_Group,positive_mix,clear_mix,0.272168,0.127832
English#EN-Alto-1#Vibrato#memory#Vibrato_Group#0013,EN-Alto-1,memory,Vibrato_Group,positive_mix,clear_mix,0.271704,0.128296
English#EN-Alto-1#Glissando#rolling in the deep#Control_Group#0002,EN-Alto-1,rolling in the deep,Control_Group,positive_mix,clear_mix,0.269857,0.130143
English#EN-Alto-1#Mixed_Voice_and_Falsetto#you raise me up#Mixed_Voice_Group#0005,EN-Alto-1,you raise me up,Mixed_Voice_Group,positive_mix,clear_mix,0.269844,0.130156
English#EN-Alto-1#Vibrato#memory#Vibrato_Group#0006,EN-Alto-1,memory,Vibrato_Group,positive_mix,clear_mix,0.269539,0.130461
English#EN-Alto-1#Vibrato#if you love me for me#Vibrato_Group#0009,EN-Alto-1,if you love me for me,Vibrato_Group,positive_mix,clear_mix,0.269195,0.130805
English#EN-Alto-1#Vibrato#if you love me for me#Control_Group#0006,EN-Alto-1,if you love me for me,Control_Group,positive_mix,clear_mix,0.268831,0.131169
English#EN-Alto-1#Mixed_Voice_and_Falsetto#all is found#Mixed_Voice_Group#0001,EN-Alto-1,all is found,Mixed_Voice_Group,positive_mix,clear_mix,0.268434,0.131566
English#EN-Alto-2#Vibrato#What Are Words#Vibrato_Group#0003,EN-Alto-2,What Are Words,Vibrato_Group,positive_mix,clear_mix,0.267663,0.132337
English#EN-Alto-1#Vibrato#my heart will go on#Vibrato_Group#0002,EN-Alto-1,my heart will go on,Vibrato_Group,positive_mix,clear_mix,0.266716,0.133284
English#EN-Alto-1#Breathy#let it go#Breathy_Group#0004,EN-Alto-1,let it go,Breathy_Group,positive_mix,clear_mix,0.265765,0.134235
English#EN-Alto-1#Glissando#for the first time in forever#Control_Group#0008,EN-Alto-1,for the first time in forever,Control_Group,positive_mix,clear_mix,0.265485,0.134515
English#EN-Alto-1#Breathy#someday or oneday#Breathy_Group#0000,EN-Alto-1,someday or oneday,Breathy_Group,positive_mix,clear_mix,0.265453,0.134547
English#EN-Alto-1#Glissando#tell me that you love me#Glissando_Group#0004,EN-Alto-1,tell me that you love me,Glissando_Group,positive_mix,clear_mix,0.263179,0.136821
English#EN-Alto-1#Mixed_Voice_and_Falsetto#let it go#Mixed_Voice_Group#0018,EN-Alto-1,let it go,Mixed_Voice_Group,positive_mix,clear_mix,0.262994,0.137006
English#EN-Alto-1#Breathy#safe and sound#Breathy_Group#0013,EN-Alto-1,safe and sound,Breathy_Group,positive_mix,clear_mix,0.262087,0.137913
English#EN-Alto-1#Breathy#treasure#Breathy_Group#0004,EN-Alto-1,treasure,Breathy_Group,positive_mix,clear_mix,0.260979,0.139021
English#EN-Alto-1#Pharyngeal#love stroy#Control_Group#0013,EN-Alto-1,love stroy,Control_Group,positive_mix,clear_mix,0.260805,0.139195
English#EN-Alto-1#Mixed_Voice_and_Falsetto#yesterday once more#Mixed_Voice_Group#0011,EN-Alto-1,yesterday once more,Mixed_Voice_Group,positive_mix,clear_mix,0.259113,0.140887
English#EN-Alto-1#Glissando#trouble is a friend#Control_Group#0006,EN-Alto-1,trouble is a friend,Control_Group,positive_mix,clear_mix,0.258655,0.141345
English#EN-Alto-1#Breathy#sleepyhead#Breathy_Group#0011,EN-Alto-1,sleepyhead,Breathy_Group,positive_mix,breathy_mix,0.258175,0.141825
English#EN-Alto-1#Vibrato#my heart will go on#Vibrato_Group#0008,EN-Alto-1,my heart will go on,Vibrato_Group,positive_mix,clear_mix,0.257153,0.142847
English#EN-Alto-1#Vibrato#memory#Control_Group#0004,EN-Alto-1,memory,Control_Group,positive_mix,clear_mix,0.256288,0.143712
English#EN-Alto-1#Mixed_Voice_and_Falsetto#how does a moment last forever#Mixed_Voice_Group#0009,EN-Alto-1,how does a moment last forever,Mixed_Voice_Group,positive_mix,clear_mix,0.252635,0.147365
English#EN-Tenor-1#Mixed_Voice_and_Falsetto#Back to December#Mixed_Voice_Group#0000,EN-Tenor-1,Back to December,Mixed_Voice_Group,positive_mix,clear_mix,0.25113,0.14887
English#EN-Alto-1#Vibrato#memory#Vibrato_Group#0005,EN-Alto-1,memory,Vibrato_Group,positive_mix,clear_mix,0.250633,0.149367
English#EN-Alto-1#Vibrato#if you love me for me#Control_Group#0011,EN-Alto-1,if you love me for me,Control_Group,positive_mix,clear_mix,0.248105,0.151895
English#EN-Alto-1#Glissando#tell me that you love me#Control_Group#0009,EN-Alto-1,tell me that you love me,Control_Group,positive_mix,clear_mix,0.246933,0.153067
English#EN-Alto-1#Mixed_Voice_and_Falsetto#yesterday once more#Mixed_Voice_Group#0007,EN-Alto-1,yesterday once more,Mixed_Voice_Group,positive_mix,clear_mix,0.246398,0.153602
English#EN-Alto-1#Pharyngeal#love stroy#Control_Group#0015,EN-Alto-1,love stroy,Control_Group,positive_mix,clear_mix,0.244924,0.155076
English#EN-Alto-1#Breathy#someday or oneday#Breathy_Group#0002,EN-Alto-1,someday or oneday,Breathy_Group,positive_mix,clear_mix,0.244441,0.155559
English#EN-Alto-1#Pharyngeal#clouds#Control_Group#0005,EN-Alto-1,clouds,Control_Group,positive_mix,clear_mix,0.244429,0.155571
English#EN-Alto-1#Breathy#let it go#Breathy_Group#0005,EN-Alto-1,let it go,Breathy_Group,positive_mix,clear_mix,0.244229,0.155771
English#EN-Alto-1#Pharyngeal#beauty and the beast#Pharyngeal_Group#0010,EN-Alto-1,beauty and the beast,Pharyngeal_Group,positive_mix,clear_mix,0.244169,0.155831
English#EN-Alto-1#Glissando#rolling in the deep#Control_Group#0001,EN-Alto-1,rolling in the deep,Control_Group,positive_mix,clear_mix,0.243151,0.156849
English#EN-Alto-1#Mixed_Voice_and_Falsetto#let it go#Mixed_Voice_Group#0023,EN-Alto-1,let it go,Mixed_Voice_Group,positive_mix,clear_mix,0.243041,0.156959
English#EN-Alto-1#Breathy#sleepyhead#Breathy_Group#0010,EN-Alto-1,sleepyhead,Breathy_Group,positive_mix,breathy_mix,0.241825,0.158175
English#EN-Alto-1#Pharyngeal#beauty and the beast#Control_Group#0006,EN-Alto-1,beauty and the beast,Control_Group,positive_mix,clear_mix,0.240247,0.159753
English#EN-Alto-1#Glissando#my love#Control_Group#0007,EN-Alto-1,my love,Control_Group,positive_mix,clear_mix,0.23833,0.16167
English#EN-Alto-1#Mixed_Voice_and_Falsetto#Arriety's song#Mixed_Voice_Group#0006,EN-Alto-1,Arriety's song,Mixed_Voice_Group,positive_mix,clear_mix,0.23659,0.16341
English#EN-Alto-1#Mixed_Voice_and_Falsetto#yesterday once more#Mixed_Voice_Group#0000,EN-Alto-1,yesterday once more,Mixed_Voice_Group,positive_mix,clear_mix,0.235925,0.164075
English#EN-Alto-1#Pharyngeal#monsters#Control_Group#0005,EN-Alto-1,monsters,Control_Group,positive_mix,clear_mix,0.23489,0.16511
English#EN-Alto-1#Mixed_Voice_and_Falsetto#la vie en rose#Mixed_Voice_Group#0004,EN-Alto-1,la vie en rose,Mixed_Voice_Group,positive_mix,clear_mix,0.234141,0.165859
English#EN-Alto-1#Glissando#for the first time in forever#Control_Group#0006,EN-Alto-1,for the first time in forever,Control_Group,positive_mix,clear_mix,0.233874,0.166126
English#EN-Tenor-1#Mixed_Voice_and_Falsetto#Firework#Mixed_Voice_Group#0003,EN-Tenor-1,Firework,Mixed_Voice_Group,positive_mix,clear_mix,0.233426,0.166574
English#EN-Alto-1#Mixed_Voice_and_Falsetto#make it shine#Mixed_Voice_Group#0007,EN-Alto-1,make it shine,Mixed_Voice_Group,positive_mix,clear_mix,0.231545,0.168455
English#EN-Alto-1#Pharyngeal#somewhere over the rainbow#Control_Group#0000,EN-Alto-1,somewhere over the rainbow,Control_Group,positive_mix,clear_mix,0.231234,0.168766
English#EN-Alto-1#Vibrato#memory#Vibrato_Group#0009,EN-Alto-1,memory,Vibrato_Group,positive_mix,clear_mix,0.231107,0.168893
English#EN-Alto-1#Breathy#sleepyhead#Control_Group#0001,EN-Alto-1,sleepyhead,Control_Group,positive_mix,clear_mix,0.230844,0.169156
English#EN-Alto-1#Glissando#my love#Control_Group#0008,EN-Alto-1,my love,Control_Group,positive_mix,clear_mix,0.229663,0.170337
English#EN-Alto-1#Breathy#all is found#Breathy_Group#0001,EN-Alto-1,all is found,Breathy_Group,positive_mix,breathy_mix,0.229301,0.170699
English#EN-Alto-1#Breathy#let it go#Breathy_Group#0003,EN-Alto-1,let it go,Breathy_Group,positive_mix,clear_mix,0.228579,0.171421
English#EN-Alto-1#Vibrato#memory#Vibrato_Group#0012,EN-Alto-1,memory,Vibrato_Group,positive_mix,clear_mix,0.228061,0.171939
English#EN-Tenor-1#Mixed_Voice_and_Falsetto#Umbrella#Mixed_Voice_Group#0001,EN-Tenor-1,Umbrella,Mixed_Voice_Group,positive_mix,clear_mix,0.227893,0.172107
English#EN-Alto-1#Mixed_Voice_and_Falsetto#seasons in the sun#Mixed_Voice_Group#0018,EN-Alto-1,seasons in the sun,Mixed_Voice_Group,positive_mix,clear_mix,0.226602,0.173398
English#EN-Alto-1#Breathy#innocence#Control_Group#0013,EN-Alto-1,innocence,Control_Group,positive_mix,clear_mix,0.225962,0.174038
English#EN-Alto-1#Glissando#god is a girl#Control_Group#0003,EN-Alto-1,god is a girl,Control_Group,positive_mix,clear_mix,0.225241,0.174759
English#EN-Alto-1#Breathy#god is a girl#Control_Group#0003,EN-Alto-1,god is a girl,Control_Group,positive_mix,clear_mix,0.225144,0.174856
English#EN-Alto-1#Vibrato#if you love me for me#Vibrato_Group#0003,EN-Alto-1,if you love me for me,Vibrato_Group,positive_mix,clear_mix,0.22329,0.17671
English#EN-Alto-1#Breathy#let it go#Control_Group#0005,EN-Alto-1,let it go,Control_Group,positive_mix,clear_mix,0.220696,0.179304
English#EN-Alto-1#Mixed_Voice_and_Falsetto#somewhere over the rainbow#Mixed_Voice_Group#0007,EN-Alto-1,somewhere over the rainbow,Mixed_Voice_Group,positive_mix,clear_mix,0.220453,0.179547
English#EN-Alto-1#Mixed_Voice_and_Falsetto#yesterday once more#Mixed_Voice_Group#0012,EN-Alto-1,yesterday once more,Mixed_Voice_Group,positive_mix,clear_mix,0.21814,0.18186
English#EN-Alto-1#Vibrato#my heart will go on#Vibrato_Group#0010,EN-Alto-1,my heart will go on,Vibrato_Group,positive_mix,clear_mix,0.217516,0.182484
English#EN-Alto-1#Mixed_Voice_and_Falsetto#let it go#Mixed_Voice_Group#0022,EN-Alto-1,let it go,Mixed_Voice_Group,positive_mix,clear_mix,0.217424,0.182576
English#EN-Alto-1#Breathy#someday or oneday#Breathy_Group#0004,EN-Alto-1,someday or oneday,Breathy_Group,positive_mix,clear_mix,0.217103,0.182897
English#EN-Tenor-1#Mixed_Voice_and_Falsetto#Young and Beautiful#Mixed_Voice_Group#0000,EN-Tenor-1,Young and Beautiful,Mixed_Voice_Group,positive_mix,clear_mix,0.216893,0.183107
English#EN-Alto-1#Vibrato#memory#Control_Group#0008,EN-Alto-1,memory,Control_Group,positive_mix,clear_mix,0.215493,0.184507
English#EN-Alto-1#Vibrato#memory#Vibrato_Group#0011,EN-Alto-1,memory,Vibrato_Group,positive_mix,clear_mix,0.215206,0.184794
English#EN-Alto-1#Glissando#for the first time in forever#Glissando_Group#0011,EN-Alto-1,for the first time in forever,Glissando_Group,positive_mix,clear_mix,0.214804,0.185196
English#EN-Alto-1#Breathy#all is found#Breathy_Group#0009,EN-Alto-1,all is found,Breathy_Group,positive_mix,breathy_mix,0.214687,0.185313
English#EN-Alto-1#Pharyngeal#beauty and the beast#Control_Group#0013,EN-Alto-1,beauty and the beast,Control_Group,positive_mix,clear_mix,0.21223,0.18777
English#EN-Alto-1#Mixed_Voice_and_Falsetto#let it go#Mixed_Voice_Group#0005,EN-Alto-1,let it go,Mixed_Voice_Group,positive_mix,clear_mix,0.211713,0.188287
English#EN-Alto-1#Glissando#my love#Glissando_Group#0005,EN-Alto-1,my love,Glissando_Group,positive_mix,clear_mix,0.211557,0.188443
English#EN-Alto-1#Breathy#all is found#Breathy_Group#0004,EN-Alto-1,all is found,Breathy_Group,positive_mix,breathy_mix,0.211106,0.188894
English#EN-Alto-1#Breathy#who says#Breathy_Group#0010,EN-Alto-1,who says,Breathy_Group,positive_mix,breathy_mix,0.210471,0.189529
English#EN-Alto-1#Breathy#all is found#Breathy_Group#0011,EN-Alto-1,all is found,Breathy_Group,positive_mix,breathy_mix,0.209083,0.190917
English#EN-Alto-1#Glissando#for the first time in forever#Glissando_Group#0002,EN-Alto-1,for the first time in forever,Glissando_Group,positive_mix,clear_mix,0.208375,0.191625
English#EN-Alto-1#Pharyngeal#monsters#Control_Group#0010,EN-Alto-1,monsters,Control_Group,positive_mix,clear_mix,0.208212,0.191788
English#EN-Alto-1#Breathy#who says#Control_Group#0012,EN-Alto-1,who says,Control_Group,positive_mix,clear_mix,0.208168,0.191832
English#EN-Alto-1#Pharyngeal#who says#Control_Group#0011,EN-Alto-1,who says,Control_Group,positive_mix,clear_mix,0.208168,0.191832
English#EN-Alto-1#Breathy#safe and sound#Breathy_Group#0007,EN-Alto-1,safe and sound,Breathy_Group,positive_mix,clear_mix,0.207803,0.192197
English#EN-Alto-1#Mixed_Voice_and_Falsetto#yesterday once more#Mixed_Voice_Group#0003,EN-Alto-1,yesterday once more,Mixed_Voice_Group,positive_mix,clear_mix,0.20645,0.19355
English#EN-Alto-1#Vibrato#memory#Vibrato_Group#0007,EN-Alto-1,memory,Vibrato_Group,positive_mix,clear_mix,0.205144,0.194856
English#EN-Alto-1#Mixed_Voice_and_Falsetto#you raise me up#Mixed_Voice_Group#0010,EN-Alto-1,you raise me up,Mixed_Voice_Group,positive_mix,clear_mix,0.204672,0.195328
English#EN-Alto-1#Vibrato#if you love me for me#Vibrato_Group#0006,EN-Alto-1,if you love me for me,Vibrato_Group,positive_mix,clear_mix,0.202534,0.197466
English#EN-Alto-1#Mixed_Voice_and_Falsetto#all is found#Mixed_Voice_Group#0008,EN-Alto-1,all is found,Mixed_Voice_Group,positive_mix,clear_mix,0.202525,0.197475
English#EN-Alto-1#Mixed_Voice_and_Falsetto#let it go#Mixed_Voice_Group#0002,EN-Alto-1,let it go,Mixed_Voice_Group,positive_mix,clear_mix,0.201274,0.198726
English#EN-Alto-1#Vibrato#edelweiss#Vibrato_Group#0000,EN-Alto-1,edelweiss,Vibrato_Group,positive_mix,clear_mix,0.201074,0.198926
English#EN-Alto-1#Pharyngeal#beauty and the beast#Control_Group#0011,EN-Alto-1,beauty and the beast,Control_Group,positive_mix,clear_mix,0.200993,0.199007
English#EN-Alto-1#Pharyngeal#beauty and the beast#Control_Group#0002,EN-Alto-1,beauty and the beast,Control_Group,positive_mix,clear_mix,0.200193,0.199807
English#EN-Alto-1#Vibrato#if you love me for me#Control_Group#0009,EN-Alto-1,if you love me for me,Control_Group,positive_mix,clear_mix,0.19765,0.20235
English#EN-Alto-1#Vibrato#memory#Vibrato_Group#0010,EN-Alto-1,memory,Vibrato_Group,positive_mix,clear_mix,0.196711,0.203289
English#EN-Alto-1#Pharyngeal#beauty and the beast#Control_Group#0004,EN-Alto-1,beauty and the beast,Control_Group,positive_mix,clear_mix,0.195525,0.204475
English#EN-Alto-1#Breathy#safe and sound#Breathy_Group#0005,EN-Alto-1,safe and sound,Breathy_Group,positive_mix,clear_mix,0.19487,0.20513
English#EN-Alto-1#Vibrato#edelweiss#Vibrato_Group#0003,EN-Alto-1,edelweiss,Vibrato_Group,positive_mix,clear_mix,0.194574,0.205426
English#EN-Alto-1#Breathy#who says#Control_Group#0007,EN-Alto-1,who says,Control_Group,positive_mix,breathy_mix,0.193519,0.206481
English#EN-Tenor-1#Mixed_Voice_and_Falsetto#Always Remember Us This Way#Mixed_Voice_Group#0011,EN-Tenor-1,Always Remember Us This Way,Mixed_Voice_Group,positive_mix,clear_mix,0.193462,0.206538
English#EN-Alto-1#Breathy#let it go#Control_Group#0003,EN-Alto-1,let it go,Control_Group,positive_mix,clear_mix,0.193291,0.206709
English#EN-Alto-1#Glissando#my love#Control_Group#0005,EN-Alto-1,my love,Control_Group,positive_mix,clear_mix,0.191281,0.208719
English#EN-Alto-1#Glissando#rolling in the deep#Glissando_Group#0001,EN-Alto-1,rolling in the deep,Glissando_Group,positive_mix,clear_mix,0.189273,0.210727
English#EN-Tenor-1#Mixed_Voice_and_Falsetto#August#Mixed_Voice_Group#0000,EN-Tenor-1,August,Mixed_Voice_Group,positive_mix,clear_mix,0.188828,0.211172
English#EN-Alto-1#Glissando#make it shine#Control_Group#0000,EN-Alto-1,make it shine,Control_Group,positive_mix,clear_mix,0.188312,0.211688
English#EN-Alto-1#Mixed_Voice_and_Falsetto#how does a moment last forever#Mixed_Voice_Group#0008,EN-Alto-1,how does a moment last forever,Mixed_Voice_Group,positive_mix,clear_mix,0.187518,0.212482
English#EN-Alto-1#Glissando#tell me that you love me#Glissando_Group#0006,EN-Alto-1,tell me that you love me,Glissando_Group,positive_mix,clear_mix,0.187236,0.212764
English#EN-Alto-1#Glissando#trouble is a friend#Glissando_Group#0008,EN-Alto-1,trouble is a friend,Glissando_Group,positive_mix,clear_mix,0.186643,0.213357
English#EN-Alto-1#Breathy#who says#Breathy_Group#0011,EN-Alto-1,who says,Breathy_Group,positive_mix,breathy_mix,0.184616,0.215384
English#EN-Alto-1#Mixed_Voice_and_Falsetto#how does a moment last forever#Mixed_Voice_Group#0013,EN-Alto-1,how does a moment last forever,Mixed_Voice_Group,positive_mix,clear_mix,0.184601,0.215399
English#EN-Alto-1#Glissando#my love#Glissando_Group#0006,EN-Alto-1,my love,Glissando_Group,positive_mix,clear_mix,0.182404,0.217596
English#EN-Alto-1#Glissando#god is a girl#Control_Group#0008,EN-Alto-1,god is a girl,Control_Group,positive_mix,clear_mix,0.181681,0.218319
English#EN-Alto-1#Vibrato#memory#Vibrato_Group#0002,EN-Alto-1,memory,Vibrato_Group,positive_mix,clear_mix,0.180293,0.219707
English#EN-Alto-1#Breathy#innocence#Breathy_Group#0003,EN-Alto-1,innocence,Breathy_Group,positive_mix,clear_mix,0.178382,0.221618
English#EN-Alto-1#Breathy#sleepyhead#Control_Group#0007,EN-Alto-1,sleepyhead,Control_Group,positive_mix,clear_mix,0.178198,0.221802
English#EN-Tenor-1#Vibrato#All I Ask#Vibrato_Group#0007,EN-Tenor-1,All I Ask,Vibrato_Group,positive_mix,clear_mix,0.177722,0.222278
English#EN-Tenor-1#Glissando#I Knew You Were Trouble#Control_Group#0000,EN-Tenor-1,I Knew You Were Trouble,Control_Group,positive_mix,clear_mix,0.177339,0.222661
English#EN-Alto-1#Vibrato#edelweiss#Control_Group#0000,EN-Alto-1,edelweiss,Control_Group,positive_mix,clear_mix,0.176255,0.223745
English#EN-Alto-1#Pharyngeal#monsters#Control_Group#0012,EN-Alto-1,monsters,Control_Group,positive_mix,clear_mix,0.174045,0.225955
English#EN-Alto-1#Vibrato#my heart will go on#Vibrato_Group#0004,EN-Alto-1,my heart will go on,Vibrato_Group,positive_mix,clear_mix,0.170057,0.229943
English#EN-Alto-1#Breathy#innocence#Control_Group#0012,EN-Alto-1,innocence,Control_Group,positive_mix,clear_mix,0.169219,0.230781
English#EN-Alto-1#Vibrato#memory#Vibrato_Group#0004,EN-Alto-1,memory,Vibrato_Group,positive_mix,clear_mix,0.168744,0.231256
English#EN-Alto-1#Glissando#god is a girl#Glissando_Group#0004,EN-Alto-1,god is a girl,Glissando_Group,positive_mix,clear_mix,0.168118,0.231882
English#EN-Alto-1#Glissando#trouble is a friend#Control_Group#0010,EN-Alto-1,trouble is a friend,Control_Group,positive_mix,clear_mix,0.167591,0.232409
English#EN-Alto-1#Mixed_Voice_and_Falsetto#Arriety's song#Mixed_Voice_Group#0003,EN-Alto-1,Arriety's song,Mixed_Voice_Group,positive_mix,clear_mix,0.166482,0.233518
English#EN-Alto-1#Breathy#safe and sound#Breathy_Group#0004,EN-Alto-1,safe and sound,Breathy_Group,positive_mix,clear_mix,0.165656,0.234344
English#EN-Alto-1#Mixed_Voice_and_Falsetto#how does a moment last forever#Mixed_Voice_Group#0015,EN-Alto-1,how does a moment last forever,Mixed_Voice_Group,positive_mix,clear_mix,0.164567,0.235433
English#EN-Tenor-1#Vibrato#Million Reasons#Vibrato_Group#0001,EN-Tenor-1,Million Reasons,Vibrato_Group,positive_mix,clear_mix,0.162762,0.237238
English#EN-Alto-1#Glissando#make it shine#Control_Group#0008,EN-Alto-1,make it shine,Control_Group,positive_mix,clear_mix,0.162724,0.237276
English#EN-Alto-1#Pharyngeal#clouds#Control_Group#0002,EN-Alto-1,clouds,Control_Group,positive_mix,clear_mix,0.162247,0.237753
English#EN-Alto-1#Vibrato#if you love me for me#Vibrato_Group#0005,EN-Alto-1,if you love me for me,Vibrato_Group,positive_mix,clear_mix,0.161276,0.238724
English#EN-Alto-1#Vibrato#memory#Control_Group#0002,EN-Alto-1,memory,Control_Group,positive_mix,clear_mix,0.161074,0.238926
English#EN-Tenor-1#Glissando#I Knew You Were Trouble#Control_Group#0003,EN-Tenor-1,I Knew You Were Trouble,Control_Group,positive_mix,clear_mix,0.160775,0.239225
English#EN-Tenor-1#Mixed_Voice_and_Falsetto#Blank Space#Mixed_Voice_Group#0001,EN-Tenor-1,Blank Space,Mixed_Voice_Group,positive_mix,clear_mix,0.160433,0.239567
English#EN-Alto-1#Mixed_Voice_and_Falsetto#you raise me up#Mixed_Voice_Group#0011,EN-Alto-1,you raise me up,Mixed_Voice_Group,positive_mix,clear_mix,0.160256,0.239744
English#EN-Alto-1#Glissando#tell me that you love me#Glissando_Group#0003,EN-Alto-1,tell me that you love me,Glissando_Group,positive_mix,clear_mix,0.158671,0.241329
English#EN-Alto-1#Mixed_Voice_and_Falsetto#seasons in the sun#Mixed_Voice_Group#0020,EN-Alto-1,seasons in the sun,Mixed_Voice_Group,positive_mix,clear_mix,0.157751,0.242249
English#EN-Alto-1#Vibrato#edelweiss#Vibrato_Group#0004,EN-Alto-1,edelweiss,Vibrato_Group,positive_mix,clear_mix,0.157531,0.242469
English#EN-Alto-1#Pharyngeal#who says#Control_Group#0004,EN-Alto-1,who says,Control_Group,positive_mix,clear_mix,0.15449,0.24551
English#EN-Alto-1#Glissando#rolling in the deep#Control_Group#0011,EN-Alto-1,rolling in the deep,Control_Group,positive_mix,clear_mix,0.154486,0.245514
English#EN-Tenor-1#Vibrato#All I Ask#Vibrato_Group#0005,EN-Tenor-1,All I Ask,Vibrato_Group,positive_mix,clear_mix,0.153882,0.246118
English#EN-Alto-1#Mixed_Voice_and_Falsetto#make it shine#Mixed_Voice_Group#0009,EN-Alto-1,make it shine,Mixed_Voice_Group,positive_mix,clear_mix,0.153739,0.246261
English#EN-Alto-1#Mixed_Voice_and_Falsetto#let it go#Mixed_Voice_Group#0008,EN-Alto-1,let it go,Mixed_Voice_Group,positive_mix,clear_mix,0.153265,0.246735
English#EN-Alto-1#Breathy#someday or oneday#Breathy_Group#0003,EN-Alto-1,someday or oneday,Breathy_Group,positive_mix,clear_mix,0.151948,0.248052
English#EN-Alto-1#Breathy#sleepyhead#Control_Group#0009,EN-Alto-1,sleepyhead,Control_Group,positive_mix,clear_mix,0.150518,0.249482
English#EN-Tenor-1#Mixed_Voice_and_Falsetto#Firework#Mixed_Voice_Group#0004,EN-Tenor-1,Firework,Mixed_Voice_Group,positive_mix,clear_mix,0.150373,0.249627
English#EN-Alto-1#Vibrato#my heart will go on#Control_Group#0011,EN-Alto-1,my heart will go on,Control_Group,positive_mix,clear_mix,0.149979,0.250021
English#EN-Tenor-1#Vibrato#Always Remember Us This Way#Vibrato_Group#0013,EN-Tenor-1,Always Remember Us This Way,Vibrato_Group,positive_mix,clear_mix,0.149092,0.250908
English#EN-Alto-1#Mixed_Voice_and_Falsetto#somewhere over the rainbow#Mixed_Voice_Group#0002,EN-Alto-1,somewhere over the rainbow,Mixed_Voice_Group,positive_mix,clear_mix,0.148741,0.251259
English#EN-Alto-1#Breathy#who says#Breathy_Group#0006,EN-Alto-1,who says,Breathy_Group,positive_mix,breathy_mix,0.148104,0.251896
English#EN-Alto-1#Breathy#all is found#Breathy_Group#0002,EN-Alto-1,all is found,Breathy_Group,positive_mix,breathy_mix,0.146181,0.253819
English#EN-Alto-1#Pharyngeal#who says#Control_Group#0006,EN-Alto-1,who says,Control_Group,positive_mix,breathy_mix,0.144959,0.255041
English#EN-Alto-1#Mixed_Voice_and_Falsetto#let it go#Mixed_Voice_Group#0000,EN-Alto-1,let it go,Mixed_Voice_Group,positive_mix,clear_mix,0.144826,0.255174
English#EN-Alto-1#Glissando#my love#Control_Group#0010,EN-Alto-1,my love,Control_Group,positive_mix,clear_mix,0.144531,0.255469
English#EN-Alto-1#Mixed_Voice_and_Falsetto#Arriety's song#Mixed_Voice_Group#0002,EN-Alto-1,Arriety's song,Mixed_Voice_Group,positive_mix,clear_mix,0.143528,0.256472
English#EN-Alto-1#Vibrato#memory#Control_Group#0012,EN-Alto-1,memory,Control_Group,positive_mix,clear_mix,0.140979,0.259021
English#EN-Tenor-1#Breathy#Stay#Control_Group#0007,EN-Tenor-1,Stay,Control_Group,positive_mix,clear_mix,0.140911,0.259089
English#EN-Tenor-1#Vibrato#Stay#Control_Group#0008,EN-Tenor-1,Stay,Control_Group,positive_mix,clear_mix,0.140911,0.259089
English#EN-Alto-1#Glissando#for the first time in forever#Control_Group#0003,EN-Alto-1,for the first time in forever,Control_Group,positive_mix,clear_mix,0.140778,0.259222
English#EN-Tenor-1#Vibrato#Always Remember Us This Way#Vibrato_Group#0001,EN-Tenor-1,Always Remember Us This Way,Vibrato_Group,positive_mix,clear_mix,0.14024,0.25976
English#EN-Alto-1#Mixed_Voice_and_Falsetto#somewhere over the rainbow#Mixed_Voice_Group#0000,EN-Alto-1,somewhere over the rainbow,Mixed_Voice_Group,positive_mix,clear_mix,0.139456,0.260544
English#EN-Alto-1#Glissando#for the first time in forever#Control_Group#0009,EN-Alto-1,for the first time in forever,Control_Group,positive_mix,clear_mix,0.139082,0.260918
English#EN-Alto-1#Breathy#innocence#Control_Group#0005,EN-Alto-1,innocence,Control_Group,positive_mix,clear_mix,0.138701,0.261299
English#EN-Alto-1#Vibrato#edelweiss#Vibrato_Group#0002,EN-Alto-1,edelweiss,Vibrato_Group,positive_mix,clear_mix,0.138622,0.261378
English#EN-Alto-1#Glissando#for the first time in forever#Control_Group#0002,EN-Alto-1,for the first time in forever,Control_Group,positive_mix,clear_mix,0.136767,0.263233
English#EN-Alto-1#Breathy#sleepyhead#Control_Group#0006,EN-Alto-1,sleepyhead,Control_Group,positive_mix,clear_mix,0.136591,0.263409
English#EN-Alto-1#Breathy#let it go#Breathy_Group#0002,EN-Alto-1,let it go,Breathy_Group,positive_mix,clear_mix,0.134386,0.265614
English#EN-Tenor-1#Glissando#I Knew You Were Trouble#Control_Group#0008,EN-Tenor-1,I Knew You Were Trouble,Control_Group,positive_mix,clear_mix,0.133028,0.266972
English#EN-Tenor-1#Mixed_Voice_and_Falsetto#Always Remember Us This Way#Mixed_Voice_Group#0015,EN-Tenor-1,Always Remember Us This Way,Mixed_Voice_Group,positive_mix,clear_mix,0.129626,0.270374
English#EN-Tenor-1#Mixed_Voice_and_Falsetto#Love on the Brain#Mixed_Voice_Group#0011,EN-Tenor-1,Love on the Brain,Mixed_Voice_Group,positive_mix,clear_mix,0.127997,0.272003
English#EN-Alto-1#Glissando#trouble is a friend#Control_Group#0002,EN-Alto-1,trouble is a friend,Control_Group,positive_mix,clear_mix,0.127972,0.272028
English#EN-Alto-1#Vibrato#memory#Control_Group#0000,EN-Alto-1,memory,Control_Group,positive_mix,clear_mix,0.126004,0.273996
English#EN-Alto-1#Glissando#god is a girl#Control_Group#0009,EN-Alto-1,god is a girl,Control_Group,positive_mix,clear_mix,0.125712,0.274288
English#EN-Alto-1#Breathy#let it go#Breathy_Group#0001,EN-Alto-1,let it go,Breathy_Group,positive_mix,clear_mix,0.123812,0.276188
English#EN-Alto-1#Mixed_Voice_and_Falsetto#yesterday once more#Mixed_Voice_Group#0002,EN-Alto-1,yesterday once more,Mixed_Voice_Group,positive_mix,clear_mix,0.123289,0.276711
English#EN-Alto-1#Glissando#tell me that you love me#Glissando_Group#0009,EN-Alto-1,tell me that you love me,Glissando_Group,positive_mix,clear_mix,0.120672,0.279328
English#EN-Tenor-1#Mixed_Voice_and_Falsetto#August#Mixed_Voice_Group#0003,EN-Tenor-1,August,Mixed_Voice_Group,positive_mix,clear_mix,0.119513,0.280487
English#EN-Tenor-1#Pharyngeal#What Was I Made For？#Control_Group#0006,EN-Tenor-1,What Was I Made For？,Control_Group,positive_mix,clear_mix,0.119281,0.280719
English#EN-Alto-1#Mixed_Voice_and_Falsetto#la vie en rose#Mixed_Voice_Group#0002,EN-Alto-1,la vie en rose,Mixed_Voice_Group,positive_mix,clear_mix,0.119165,0.280835
English#EN-Alto-1#Mixed_Voice_and_Falsetto#all is found#Control_Group#0008,EN-Alto-1,all is found,Control_Group,positive_mix,clear_mix,0.119134,0.280866
English#EN-Alto-1#Breathy#innocence#Breathy_Group#0011,EN-Alto-1,innocence,Breathy_Group,positive_mix,clear_mix,0.118375,0.281625
English#EN-Tenor-1#Glissando#What Was I Made For？#Glissando_Group#0005,EN-Tenor-1,What Was I Made For？,Glissando_Group,positive_mix,clear_mix,0.117442,0.282558
English#EN-Tenor-1#Vibrato#What Was I Made For？#Control_Group#0006,EN-Tenor-1,What Was I Made For？,Control_Group,positive_mix,clear_mix,0.117239,0.282761
English#EN-Tenor-1#Vibrato#Million Reasons#Vibrato_Group#0003,EN-Tenor-1,Million Reasons,Vibrato_Group,positive_mix,clear_mix,0.115752,0.284248
English#EN-Tenor-1#Glissando#What Was I Made For？#Control_Group#0005,EN-Tenor-1,What Was I Made For？,Control_Group,positive_mix,clear_mix,0.115441,0.284559
English#EN-Alto-1#Mixed_Voice_and_Falsetto#how does a moment last forever#Mixed_Voice_Group#0014,EN-Alto-1,how does a moment last forever,Mixed_Voice_Group,positive_mix,clear_mix,0.115052,0.284948
English#EN-Alto-1#Glissando#trouble is a friend#Control_Group#0011,EN-Alto-1,trouble is a friend,Control_Group,positive_mix,clear_mix,0.114501,0.285499
English#EN-Alto-1#Breathy#sleepyhead#Breathy_Group#0004,EN-Alto-1,sleepyhead,Breathy_Group,positive_mix,breathy_mix,0.113763,0.286237
English#EN-Tenor-1#Mixed_Voice_and_Falsetto#Blank Space#Mixed_Voice_Group#0004,EN-Tenor-1,Blank Space,Mixed_Voice_Group,positive_mix,clear_mix,0.112693,0.287307
English#EN-Alto-1#Mixed_Voice_and_Falsetto#you raise me up#Mixed_Voice_Group#0014,EN-Alto-1,you raise me up,Mixed_Voice_Group,positive_mix,clear_mix,0.112568,0.287432
English#EN-Alto-1#Breathy#safe and sound#Breathy_Group#0010,EN-Alto-1,safe and sound,Breathy_Group,positive_mix,clear_mix,0.112249,0.287751
English#EN-Alto-1#Vibrato#memory#Vibrato_Group#0003,EN-Alto-1,memory,Vibrato_Group,positive_mix,clear_mix,0.111487,0.288513
English#EN-Tenor-1#Mixed_Voice_and_Falsetto#Firework#Mixed_Voice_Group#0010,EN-Tenor-1,Firework,Mixed_Voice_Group,positive_mix,clear_mix,0.11021,0.28979
English#EN-Tenor-1#Breathy#What Was I Made For？#Control_Group#0007,EN-Tenor-1,What Was I Made For？,Control_Group,positive_mix,clear_mix,0.109042,0.290958
English#EN-Tenor-1#Glissando#Enchanted#Control_Group#0003,EN-Tenor-1,Enchanted,Control_Group,positive_mix,clear_mix,0.10874,0.29126
English#EN-Alto-1#Breathy#once up a dream#Breathy_Group#0003,EN-Alto-1,once up a dream,Breathy_Group,positive_mix,clear_mix,0.108254,0.291746
English#EN-Alto-1#Mixed_Voice_and_Falsetto#yesterday once more#Mixed_Voice_Group#0001,EN-Alto-1,yesterday once more,Mixed_Voice_Group,positive_mix,clear_mix,0.108035,0.291965
English#EN-Tenor-1#Glissando#What Was I Made For？#Control_Group#0001,EN-Tenor-1,What Was I Made For？,Control_Group,positive_mix,clear_mix,0.106423,0.293577
English#EN-Alto-1#Vibrato#edelweiss#Vibrato_Group#0006,EN-Alto-1,edelweiss,Vibrato_Group,positive_mix,clear_mix,0.106047,0.293953
English#EN-Tenor-1#Vibrato#I Knew You Were Trouble#Vibrato_Group#0009,EN-Tenor-1,I Knew You Were Trouble,Vibrato_Group,positive_mix,clear_mix,0.105937,0.294063
English#EN-Tenor-1#Breathy#What Was I Made For？#Control_Group#0001,EN-Tenor-1,What Was I Made For？,Control_Group,positive_mix,clear_mix,0.10544,0.29456
English#EN-Tenor-1#Pharyngeal#What Was I Made For？#Control_Group#0001,EN-Tenor-1,What Was I Made For？,Control_Group,positive_mix,clear_mix,0.10544,0.29456
English#EN-Tenor-1#Vibrato#What Was I Made For？#Control_Group#0001,EN-Tenor-1,What Was I Made For？,Control_Group,positive_mix,clear_mix,0.10544,0.29456
English#EN-Alto-1#Pharyngeal#monsters#Control_Group#0009,EN-Alto-1,monsters,Control_Group,positive_mix,clear_mix,0.105381,0.294619
English#EN-Alto-1#Pharyngeal#beauty and the beast#Control_Group#0009,EN-Alto-1,beauty and the beast,Control_Group,positive_mix,clear_mix,0.101911,0.298089
English#EN-Tenor-1#Glissando#I Knew You Were Trouble#Glissando_Group#0007,EN-Tenor-1,I Knew You Were Trouble,Glissando_Group,positive_mix,clear_mix,0.10075,0.29925
English#EN-Alto-1#Mixed_Voice_and_Falsetto#big big world#Mixed_Voice_Group#0012,EN-Alto-1,big big world,Mixed_Voice_Group,positive_mix,clear_mix,0.097746,0.302254
English#EN-Alto-1#Breathy#safe and sound#Breathy_Group#0006,EN-Alto-1,safe and sound,Breathy_Group,positive_mix,clear_mix,0.09699,0.30301
English#EN-Tenor-1#Mixed_Voice_and_Falsetto#Unconditionally#Mixed_Voice_Group#0005,EN-Tenor-1,Unconditionally,Mixed_Voice_Group,positive_mix,clear_mix,0.096698,0.303302
English#EN-Tenor-1#Glissando#Stay#Glissando_Group#0007,EN-Tenor-1,Stay,Glissando_Group,positive_mix,clear_mix,0.095932,0.304068
English#EN-Alto-1#Breathy#all is found#Breathy_Group#0005,EN-Alto-1,all is found,Breathy_Group,positive_mix,breathy_mix,0.095727,0.304273
English#EN-Alto-1#Glissando#for the first time in forever#Control_Group#0000,EN-Alto-1,for the first time in forever,Control_Group,positive_mix,clear_mix,0.095012,0.304988
English#EN-Tenor-1#Glissando#Enchanted#Glissando_Group#0003,EN-Tenor-1,Enchanted,Glissando_Group,positive_mix,head_mix,0.094213,0.305787
English#EN-Alto-1#Glissando#tell me that you love me#Control_Group#0004,EN-Alto-1,tell me that you love me,Control_Group,positive_mix,clear_mix,0.093952,0.306048
English#EN-Tenor-1#Breathy#All I Ask#Control_Group#0007,EN-Tenor-1,All I Ask,Control_Group,positive_mix,clear_mix,0.093092,0.306908
English#EN-Tenor-1#Pharyngeal#All I Ask#Control_Group#0007,EN-Tenor-1,All I Ask,Control_Group,positive_mix,clear_mix,0.093092,0.306908
English#EN-Tenor-1#Vibrato#All I Ask#Control_Group#0007,EN-Tenor-1,All I Ask,Control_Group,positive_mix,clear_mix,0.093092,0.306908
English#EN-Alto-1#Breathy#who says#Breathy_Group#0004,EN-Alto-1,who says,Breathy_Group,positive_mix,breathy_mix,0.092051,0.307949
English#EN-Tenor-1#Mixed_Voice_and_Falsetto#Always Remember Us This Way#Mixed_Voice_Group#0008,EN-Tenor-1,Always Remember Us This Way,Mixed_Voice_Group,positive_mix,clear_mix,0.090306,0.309694
English#EN-Tenor-1#Mixed_Voice_and_Falsetto#You Belong With Me#Mixed_Voice_Group#0003,EN-Tenor-1,You Belong With Me,Mixed_Voice_Group,positive_mix,clear_mix,0.089041,0.310959
English#EN-Alto-1#Vibrato#memory#Control_Group#0005,EN-Alto-1,memory,Control_Group,positive_mix,clear_mix,0.088449,0.311551
English#EN-Alto-1#Breathy#treasure#Breathy_Group#0001,EN-Alto-1,treasure,Breathy_Group,positive_mix,clear_mix,0.087752,0.312248
English#EN-Alto-1#Breathy#once up a dream#Breathy_Group#0001,EN-Alto-1,once up a dream,Breathy_Group,positive_mix,clear_mix,0.087086,0.312914
English#EN-Tenor-1#Breathy#What Was I Made For？#Control_Group#0008,EN-Tenor-1,What Was I Made For？,Control_Group,positive_mix,clear_mix,0.086588,0.313412
English#EN-Tenor-1#Mixed_Voice_and_Falsetto#Love on the Brain#Mixed_Voice_Group#0006,EN-Tenor-1,Love on the Brain,Mixed_Voice_Group,positive_mix,clear_mix,0.08543,0.31457
English#EN-Tenor-1#Vibrato#I Knew You Were Trouble#Vibrato_Group#0010,EN-Tenor-1,I Knew You Were Trouble,Vibrato_Group,positive_mix,clear_mix,0.084273,0.315727
English#EN-Alto-2#Glissando#Yesterday Once More#Glissando_Group#0009,EN-Alto-2,Yesterday Once More,Glissando_Group,positive_mix,clear_mix,0.083579,0.316421
English#EN-Tenor-1#Glissando#You Belong With Me#Glissando_Group#0006,EN-Tenor-1,You Belong With Me,Glissando_Group,positive_mix,clear_mix,0.083471,0.316529
English#EN-Tenor-1#Glissando#You Belong With Me#Glissando_Group#0005,EN-Tenor-1,You Belong With Me,Glissando_Group,positive_mix,clear_mix,0.082519,0.317481
English#EN-Tenor-1#Breathy#Enchanted#Control_Group#0003,EN-Tenor-1,Enchanted,Control_Group,positive_mix,clear_mix,0.080485,0.319515
English#EN-Tenor-1#Pharyngeal#Enchanted#Control_Group#0003,EN-Tenor-1,Enchanted,Control_Group,positive_mix,clear_mix,0.080485,0.319515
English#EN-Tenor-1#Vibrato#Enchanted#Control_Group#0003,EN-Tenor-1,Enchanted,Control_Group,positive_mix,clear_mix,0.080485,0.319515
English#EN-Alto-1#Glissando#my love#Control_Group#0006,EN-Alto-1,my love,Control_Group,positive_mix,clear_mix,0.079284,0.320716
English#EN-Tenor-1#Mixed_Voice_and_Falsetto#Take a Bow#Mixed_Voice_Group#0002,EN-Tenor-1,Take a Bow,Mixed_Voice_Group,positive_mix,clear_mix,0.079166,0.320834
English#EN-Tenor-1#Breathy#Shallow#Control_Group#0011,EN-Tenor-1,Shallow,Control_Group,positive_mix,clear_mix,0.078703,0.321297
English#EN-Alto-1#Breathy#let it go#Control_Group#0000,EN-Alto-1,let it go,Control_Group,positive_mix,clear_mix,0.078545,0.321455
English#EN-Alto-1#Vibrato#if you love me for me#Vibrato_Group#0011,EN-Alto-1,if you love me for me,Vibrato_Group,positive_mix,clear_mix,0.078468,0.321532
English#EN-Alto-1#Pharyngeal#somewhere over the rainbow#Control_Group#0002,EN-Alto-1,somewhere over the rainbow,Control_Group,positive_mix,clear_mix,0.078329,0.321671
English#EN-Tenor-1#Glissando#Always Remember Us This Way#Glissando_Group#0012,EN-Tenor-1,Always Remember Us This Way,Glissando_Group,positive_mix,clear_mix,0.078251,0.321749
English#EN-Alto-1#Glissando#god is a girl#Control_Group#0002,EN-Alto-1,god is a girl,Control_Group,positive_mix,clear_mix,0.077308,0.322692
English#EN-Alto-1#Breathy#sleepyhead#Breathy_Group#0006,EN-Alto-1,sleepyhead,Breathy_Group,positive_mix,breathy_mix,0.077062,0.322938
English#EN-Tenor-1#Pharyngeal#Unconditionally#Control_Group#0000,EN-Tenor-1,Unconditionally,Control_Group,positive_mix,clear_mix,0.076651,0.323349
English#EN-Tenor-1#Vibrato#Enchanted#Vibrato_Group#0003,EN-Tenor-1,Enchanted,Vibrato_Group,positive_mix,clear_mix,0.076424,0.323576
English#EN-Tenor-1#Mixed_Voice_and_Falsetto#Always Remember Us This Way#Mixed_Voice_Group#0007,EN-Tenor-1,Always Remember Us This Way,Mixed_Voice_Group,positive_mix,clear_mix,0.075895,0.324105
English#EN-Tenor-1#Vibrato#Enchanted#Vibrato_Group#0004,EN-Tenor-1,Enchanted,Vibrato_Group,positive_mix,clear_mix,0.075882,0.324118
English#EN-Alto-1#Mixed_Voice_and_Falsetto#somewhere over the rainbow#Mixed_Voice_Group#0006,EN-Alto-1,somewhere over the rainbow,Mixed_Voice_Group,positive_mix,clear_mix,0.075665,0.324335
English#EN-Tenor-1#Glissando#Stay#Glissando_Group#0011,EN-Tenor-1,Stay,Glissando_Group,positive_mix,clear_mix,0.075638,0.324362
English#EN-Alto-1#Breathy#all is found#Control_Group#0009,EN-Alto-1,all is found,Control_Group,positive_mix,clear_mix,0.074573,0.325427
English#EN-Alto-1#Breathy#someday or oneday#Breathy_Group#0005,EN-Alto-1,someday or oneday,Breathy_Group,positive_mix,clear_mix,0.074177,0.325823
English#EN-Alto-1#Breathy#let it go#Control_Group#0006,EN-Alto-1,let it go,Control_Group,positive_mix,clear_mix,0.073173,0.326827
English#EN-Tenor-1#Breathy#Shallow#Control_Group#0007,EN-Tenor-1,Shallow,Control_Group,positive_mix,clear_mix,0.072764,0.327236
English#EN-Tenor-1#Glissando#Million Reasons#Control_Group#0006,EN-Tenor-1,Million Reasons,Control_Group,positive_mix,clear_mix,0.072394,0.327606
English#EN-Tenor-1#Pharyngeal#Million Reasons#Control_Group#0006,EN-Tenor-1,Million Reasons,Control_Group,positive_mix,clear_mix,0.072394,0.327606
English#EN-Alto-1#Breathy#sleepyhead#Control_Group#0000,EN-Alto-1,sleepyhead,Control_Group,positive_mix,clear_mix,0.07056,0.32944
English#EN-Alto-1#Mixed_Voice_and_Falsetto#Arriety's song#Mixed_Voice_Group#0005,EN-Alto-1,Arriety's song,Mixed_Voice_Group,positive_mix,clear_mix,0.070051,0.329949
English#EN-Tenor-1#Vibrato#What Was I Made For？#Vibrato_Group#0010,EN-Tenor-1,What Was I Made For？,Vibrato_Group,positive_mix,clear_mix,0.069888,0.330112
English#EN-Tenor-1#Mixed_Voice_and_Falsetto#Take a Bow#Mixed_Voice_Group#0004,EN-Tenor-1,Take a Bow,Mixed_Voice_Group,positive_mix,clear_mix,0.069233,0.330767
English#EN-Tenor-1#Pharyngeal#What Was I Made For？#Control_Group#0007,EN-Tenor-1,What Was I Made For？,Control_Group,positive_mix,clear_mix,0.069175,0.330825
English#EN-Alto-1#Vibrato#edelweiss#Vibrato_Group#0005,EN-Alto-1,edelweiss,Vibrato_Group,positive_mix,clear_mix,0.068978,0.331022
English#EN-Tenor-1#Vibrato#Enchanted#Vibrato_Group#0008,EN-Tenor-1,Enchanted,Vibrato_Group,positive_mix,clear_mix,0.068058,0.331942
English#EN-Tenor-1#Vibrato#Enchanted#Vibrato_Group#0005,EN-Tenor-1,Enchanted,Vibrato_Group,positive_mix,clear_mix,0.067192,0.332808
English#EN-Tenor-1#Mixed_Voice_and_Falsetto#Umbrella#Mixed_Voice_Group#0000,EN-Tenor-1,Umbrella,Mixed_Voice_Group,positive_mix,clear_mix,0.067176,0.332824
English#EN-Tenor-1#Mixed_Voice_and_Falsetto#Cardigan#Mixed_Voice_Group#0003,EN-Tenor-1,Cardigan,Mixed_Voice_Group,positive_mix,clear_mix,0.065605,0.334395
English#EN-Tenor-1#Mixed_Voice_and_Falsetto#Shallow#Mixed_Voice_Group#0002,EN-Tenor-1,Shallow,Mixed_Voice_Group,positive_mix,clear_mix,0.065013,0.334987
English#EN-Tenor-1#Mixed_Voice_and_Falsetto#Shallow#Mixed_Voice_Group#0003,EN-Tenor-1,Shallow,Mixed_Voice_Group,positive_mix,clear_mix,0.064919,0.335081
English#EN-Tenor-1#Mixed_Voice_and_Falsetto#Style#Mixed_Voice_Group#0003,EN-Tenor-1,Style,Mixed_Voice_Group,positive_mix,clear_mix,0.063841,0.336159
English#EN-Alto-1#Glissando#my love#Control_Group#0009,EN-Alto-1,my love,Control_Group,positive_mix,clear_mix,0.063304,0.336696
English#EN-Tenor-1#Vibrato#What Was I Made For？#Control_Group#0007,EN-Tenor-1,What Was I Made For？,Control_Group,positive_mix,clear_mix,0.062429,0.337571
English#EN-Alto-1#Breathy#innocence#Breathy_Group#0012,EN-Alto-1,innocence,Breathy_Group,positive_mix,clear_mix,0.062375,0.337625
English#EN-Tenor-1#Vibrato#Enchanted#Vibrato_Group#0001,EN-Tenor-1,Enchanted,Vibrato_Group,positive_mix,clear_mix,0.062274,0.337726
English#EN-Tenor-1#Mixed_Voice_and_Falsetto#Firework#Mixed_Voice_Group#0011,EN-Tenor-1,Firework,Mixed_Voice_Group,positive_mix,clear_mix,0.062246,0.337754
English#EN-Tenor-1#Breathy#I Knew You Were Trouble#Control_Group#0006,EN-Tenor-1,I Knew You Were Trouble,Control_Group,positive_mix,clear_mix,0.061634,0.338366
English#EN-Tenor-1#Pharyngeal#I Knew You Were Trouble#Control_Group#0006,EN-Tenor-1,I Knew You Were Trouble,Control_Group,positive_mix,clear_mix,0.061634,0.338366
English#EN-Tenor-1#Breathy#What Was I Made For？#Control_Group#0000,EN-Tenor-1,What Was I Made For？,Control_Group,positive_mix,clear_mix,0.061445,0.338555
English#EN-Tenor-1#Glissando#What Was I Made For？#Control_Group#0000,EN-Tenor-1,What Was I Made For？,Control_Group,positive_mix,clear_mix,0.061445,0.338555
English#EN-Tenor-1#Pharyngeal#What Was I Made For？#Control_Group#0000,EN-Tenor-1,What Was I Made For？,Control_Group,positive_mix,clear_mix,0.061445,0.338555
English#EN-Tenor-1#Vibrato#What Was I Made For？#Control_Group#0000,EN-Tenor-1,What Was I Made For？,Control_Group,positive_mix,clear_mix,0.061445,0.338555
English#EN-Alto-1#Pharyngeal#monsters#Control_Group#0004,EN-Alto-1,monsters,Control_Group,positive_mix,clear_mix,0.061037,0.338963
English#EN-Tenor-1#Breathy#Rolling in the Deep#Control_Group#0006,EN-Tenor-1,Rolling in the Deep,Control_Group,positive_mix,clear_mix,0.060725,0.339275
English#EN-Tenor-1#Pharyngeal#Rolling in the Deep#Control_Group#0006,EN-Tenor-1,Rolling in the Deep,Control_Group,positive_mix,clear_mix,0.060725,0.339275
English#EN-Tenor-1#Vibrato#Rolling in the Deep#Control_Group#0006,EN-Tenor-1,Rolling in the Deep,Control_Group,positive_mix,clear_mix,0.060725,0.339275
English#EN-Alto-1#Mixed_Voice_and_Falsetto#la vie en rose#Mixed_Voice_Group#0005,EN-Alto-1,la vie en rose,Mixed_Voice_Group,positive_mix,clear_mix,0.060665,0.339335
English#EN-Alto-1#Vibrato#my heart will go on#Vibrato_Group#0011,EN-Alto-1,my heart will go on,Vibrato_Group,positive_mix,clear_mix,0.060582,0.339418
English#EN-Tenor-1#Mixed_Voice_and_Falsetto#Umbrella#Mixed_Voice_Group#0004,EN-Tenor-1,Umbrella,Mixed_Voice_Group,positive_mix,clear_mix,0.060522,0.339478
English#EN-Tenor-1#Mixed_Voice_and_Falsetto#Love on the Brain#Mixed_Voice_Group#0013,EN-Tenor-1,Love on the Brain,Mixed_Voice_Group,positive_mix,clear_mix,0.060037,0.339963
English#EN-Alto-1#Vibrato#memory#Control_Group#0010,EN-Alto-1,memory,Control_Group,positive_mix,clear_mix,0.059373,0.340627
English#EN-Tenor-1#Mixed_Voice_and_Falsetto#Umbrella#Mixed_Voice_Group#0002,EN-Tenor-1,Umbrella,Mixed_Voice_Group,positive_mix,clear_mix,0.059082,0.340918
English#EN-Alto-1#Glissando#trouble is a friend#Control_Group#0013,EN-Alto-1,trouble is a friend,Control_Group,positive_mix,clear_mix,0.058966,0.341034
English#EN-Tenor-1#Breathy#You Belong With Me#Control_Group#0006,EN-Tenor-1,You Belong With Me,Control_Group,positive_mix,clear_mix,0.058723,0.341277
English#EN-Tenor-1#Pharyngeal#You Belong With Me#Control_Group#0006,EN-Tenor-1,You Belong With Me,Control_Group,positive_mix,clear_mix,0.058723,0.341277
English#EN-Alto-1#Vibrato#edelweiss#Control_Group#0002,EN-Alto-1,edelweiss,Control_Group,positive_mix,clear_mix,0.058043,0.341957
English#EN-Tenor-1#Vibrato#You Belong With Me#Control_Group#0006,EN-Tenor-1,You Belong With Me,Control_Group,positive_mix,clear_mix,0.057938,0.342062
English#EN-Tenor-1#Glissando#What Was I Made For？#Control_Group#0006,EN-Tenor-1,What Was I Made For？,Control_Group,positive_mix,clear_mix,0.057766,0.342234
English#EN-Alto-1#Glissando#rolling in the deep#Glissando_Group#0002,EN-Alto-1,rolling in the deep,Glissando_Group,positive_mix,clear_mix,0.057587,0.342413
English#EN-Tenor-1#Mixed_Voice_and_Falsetto#Exile#Mixed_Voice_Group#0003,EN-Tenor-1,Exile,Mixed_Voice_Group,positive_mix,clear_mix,0.057166,0.342834
English#EN-Tenor-1#Mixed_Voice_and_Falsetto#Exile#Mixed_Voice_Group#0005,EN-Tenor-1,Exile,Mixed_Voice_Group,positive_mix,clear_mix,0.057041,0.342959
English#EN-Tenor-1#Vibrato#Million Reasons#Control_Group#0006,EN-Tenor-1,Million Reasons,Control_Group,positive_mix,clear_mix,0.057039,0.342961
English#EN-Alto-1#Mixed_Voice_and_Falsetto#you raise me up#Mixed_Voice_Group#0004,EN-Alto-1,you raise me up,Mixed_Voice_Group,positive_mix,clear_mix,0.056655,0.343345
English#EN-Tenor-1#Mixed_Voice_and_Falsetto#Love on the Brain#Mixed_Voice_Group#0014,EN-Tenor-1,Love on the Brain,Mixed_Voice_Group,positive_mix,clear_mix,0.055549,0.344451
English#EN-Tenor-1#Glissando#You Belong With Me#Control_Group#0006,EN-Tenor-1,You Belong With Me,Control_Group,positive_mix,clear_mix,0.055046,0.344954
English#EN-Tenor-1#Mixed_Voice_and_Falsetto#Summertime Sadness#Mixed_Voice_Group#0000,EN-Tenor-1,Summertime Sadness,Mixed_Voice_Group,positive_mix,clear_mix,0.054363,0.345637
English#EN-Alto-1#Breathy#innocence#Breathy_Group#0005,EN-Alto-1,innocence,Breathy_Group,positive_mix,clear_mix,0.053778,0.346222
English#EN-Tenor-1#Mixed_Voice_and_Falsetto#Always Remember Us This Way#Mixed_Voice_Group#0000,EN-Tenor-1,Always Remember Us This Way,Mixed_Voice_Group,positive_mix,clear_mix,0.053642,0.346358
English#EN-Tenor-1#Vibrato#Stay#Vibrato_Group#0004,EN-Tenor-1,Stay,Vibrato_Group,positive_mix,clear_mix,0.053516,0.346484
English#EN-Alto-1#Pharyngeal#monsters#Control_Group#0001,EN-Alto-1,monsters,Control_Group,positive_mix,clear_mix,0.053369,0.346631
English#EN-Alto-1#Breathy#safe and sound#Breathy_Group#0002,EN-Alto-1,safe and sound,Breathy_Group,positive_mix,clear_mix,0.053358,0.346642
English#EN-Tenor-1#Glissando#Always Remember Us This Way#Control_Group#0013,EN-Tenor-1,Always Remember Us This Way,Control_Group,positive_mix,clear_mix,0.053315,0.346685
English#EN-Tenor-1#Pharyngeal#Always Remember Us This Way#Control_Group#0013,EN-Tenor-1,Always Remember Us This Way,Control_Group,positive_mix,clear_mix,0.053315,0.346685
English#EN-Tenor-1#Vibrato#Always Remember Us This Way#Control_Group#0013,EN-Tenor-1,Always Remember Us This Way,Control_Group,positive_mix,clear_mix,0.053315,0.346685
English#EN-Tenor-1#Glissando#Enchanted#Glissando_Group#0008,EN-Tenor-1,Enchanted,Glissando_Group,positive_mix,clear_mix,0.053279,0.346721
English#EN-Tenor-1#Vibrato#I Knew You Were Trouble#Vibrato_Group#0004,EN-Tenor-1,I Knew You Were Trouble,Vibrato_Group,positive_mix,clear_mix,0.053125,0.346875
English#EN-Tenor-1#Vibrato#Always Remember Us This Way#Vibrato_Group#0011,EN-Tenor-1,Always Remember Us This Way,Vibrato_Group,positive_mix,clear_mix,0.052905,0.347095
English#EN-Alto-1#Pharyngeal#somewhere over the rainbow#Control_Group#0003,EN-Alto-1,somewhere over the rainbow,Control_Group,positive_mix,clear_mix,0.052892,0.347108
English#EN-Alto-1#Mixed_Voice_and_Falsetto#Arriety's song#Mixed_Voice_Group#0007,EN-Alto-1,Arriety's song,Mixed_Voice_Group,positive_mix,clear_mix,0.05276,0.34724
English#EN-Tenor-1#Breathy#Rolling in the Deep#Control_Group#0007,EN-Tenor-1,Rolling in the Deep,Control_Group,positive_mix,clear_mix,0.05272,0.34728
English#EN-Tenor-1#Pharyngeal#Rolling in the Deep#Control_Group#0007,EN-Tenor-1,Rolling in the Deep,Control_Group,positive_mix,clear_mix,0.05272,0.34728
English#EN-Tenor-1#Vibrato#Rolling in the Deep#Control_Group#0007,EN-Tenor-1,Rolling in the Deep,Control_Group,positive_mix,clear_mix,0.05272,0.34728
English#EN-Tenor-1#Mixed_Voice_and_Falsetto#Exile#Mixed_Voice_Group#0000,EN-Tenor-1,Exile,Mixed_Voice_Group,positive_mix,clear_mix,0.052478,0.347522
English#EN-Alto-1#Glissando#god is a girl#Control_Group#0001,EN-Alto-1,god is a girl,Control_Group,positive_mix,clear_mix,0.05197,0.34803
English#EN-Tenor-1#Pharyngeal#Stay#Control_Group#0002,EN-Tenor-1,Stay,Control_Group,positive_mix,clear_mix,0.051711,0.348289
English#EN-Tenor-1#Vibrato#I Knew You Were Trouble#Vibrato_Group#0001,EN-Tenor-1,I Knew You Were Trouble,Vibrato_Group,positive_mix,clear_mix,0.051447,0.348553
English#EN-Tenor-1#Breathy#Shallow#Control_Group#0008,EN-Tenor-1,Shallow,Control_Group,positive_mix,clear_mix,0.051187,0.348813
English#EN-Tenor-1#Mixed_Voice_and_Falsetto#Take a Bow#Mixed_Voice_Group#0009,EN-Tenor-1,Take a Bow,Mixed_Voice_Group,positive_mix,clear_mix,0.050754,0.349246
English#EN-Tenor-1#Vibrato#Enchanted#Vibrato_Group#0007,EN-Tenor-1,Enchanted,Vibrato_Group,positive_mix,clear_mix,0.050568,0.349432
English#EN-Tenor-1#Breathy#I Knew You Were Trouble#Control_Group#0007,EN-Tenor-1,I Knew You Were Trouble,Control_Group,positive_mix,clear_mix,0.049197,0.350803
English#EN-Tenor-1#Pharyngeal#I Knew You Were Trouble#Control_Group#0007,EN-Tenor-1,I Knew You Were Trouble,Control_Group,positive_mix,clear_mix,0.049197,0.350803
English#EN-Tenor-1#Vibrato#I Knew You Were Trouble#Control_Group#0008,EN-Tenor-1,I Knew You Were Trouble,Control_Group,positive_mix,clear_mix,0.049197,0.350803
English#EN-Tenor-1#Breathy#Million Reasons#Control_Group#0006,EN-Tenor-1,Million Reasons,Control_Group,positive_mix,clear_mix,0.048966,0.351034
English#EN-Alto-1#Breathy#let it go#Breathy_Group#0000,EN-Alto-1,let it go,Breathy_Group,positive_mix,clear_mix,0.048375,0.351625
English#EN-Tenor-1#Mixed_Voice_and_Falsetto#Shallow#Mixed_Voice_Group#0007,EN-Tenor-1,Shallow,Mixed_Voice_Group,positive_mix,clear_mix,0.047841,0.352159
English#EN-Tenor-1#Vibrato#Stay#Control_Group#0003,EN-Tenor-1,Stay,Control_Group,positive_mix,clear_mix,0.047502,0.352498
English#EN-Tenor-1#Mixed_Voice_and_Falsetto#Talking to the Moon#Mixed_Voice_Group#0005,EN-Tenor-1,Talking to the Moon,Mixed_Voice_Group,positive_mix,clear_mix,0.047116,0.352884
English#EN-Tenor-1#Pharyngeal#Unconditionally#Control_Group#0002,EN-Tenor-1,Unconditionally,Control_Group,positive_mix,clear_mix,0.046748,0.353252
English#EN-Tenor-1#Breathy#You Belong With Me#Control_Group#0008,EN-Tenor-1,You Belong With Me,Control_Group,positive_mix,clear_mix,0.046639,0.353361
English#EN-Tenor-1#Breathy#I Knew You Were Trouble#Control_Group#0005,EN-Tenor-1,I Knew You Were Trouble,Control_Group,positive_mix,clear_mix,0.046317,0.353683
English#EN-Tenor-1#Pharyngeal#I Knew You Were Trouble#Control_Group#0005,EN-Tenor-1,I Knew You Were Trouble,Control_Group,positive_mix,clear_mix,0.046317,0.353683
English#EN-Tenor-1#Vibrato#I Knew You Were Trouble#Control_Group#0005,EN-Tenor-1,I Knew You Were Trouble,Control_Group,positive_mix,clear_mix,0.046317,0.353683
English#EN-Tenor-1#Vibrato#Stay#Vibrato_Group#0000,EN-Tenor-1,Stay,Vibrato_Group,positive_mix,clear_mix,0.04516,0.35484
English#EN-Tenor-1#Mixed_Voice_and_Falsetto#What Was I Made For？#Mixed_Voice_Group#0008,EN-Tenor-1,What Was I Made For？,Mixed_Voice_Group,positive_mix,clear_mix,0.045128,0.354872
English#EN-Alto-1#Breathy#sleepyhead#Control_Group#0004,EN-Alto-1,sleepyhead,Control_Group,positive_mix,clear_mix,0.044941,0.355059
English#EN-Tenor-1#Mixed_Voice_and_Falsetto#Umbrella#Mixed_Voice_Group#0003,EN-Tenor-1,Umbrella,Mixed_Voice_Group,positive_mix,clear_mix,0.044697,0.355303
English#EN-Tenor-1#Glissando#I Knew You Were Trouble#Glissando_Group#0004,EN-Tenor-1,I Knew You Were Trouble,Glissando_Group,positive_mix,clear_mix,0.044306,0.355694
English#EN-Tenor-1#Pharyngeal#You Belong With Me#Control_Group#0008,EN-Tenor-1,You Belong With Me,Control_Group,positive_mix,clear_mix,0.043538,0.356462
English#EN-Tenor-1#Glissando#What Was I Made For？#Glissando_Group#0010,EN-Tenor-1,What Was I Made For？,Glissando_Group,positive_mix,clear_mix,0.042947,0.357053
English#EN-Tenor-1#Glissando#Enchanted#Glissando_Group#0006,EN-Tenor-1,Enchanted,Glissando_Group,positive_mix,clear_mix,0.042938,0.357062
English#EN-Tenor-1#Mixed_Voice_and_Falsetto#Firework#Mixed_Voice_Group#0008,EN-Tenor-1,Firework,Mixed_Voice_Group,positive_mix,clear_mix,0.042658,0.357342
English#EN-Tenor-1#Pharyngeal#Million Reasons#Control_Group#0007,EN-Tenor-1,Million Reasons,Control_Group,positive_mix,clear_mix,0.042395,0.357605
English#EN-Tenor-1#Vibrato#Million Reasons#Control_Group#0007,EN-Tenor-1,Million Reasons,Control_Group,positive_mix,clear_mix,0.042395,0.357605
English#EN-Tenor-1#Mixed_Voice_and_Falsetto#Lavender Haze#Mixed_Voice_Group#0002,EN-Tenor-1,Lavender Haze,Mixed_Voice_Group,positive_mix,clear_mix,0.041896,0.358104
English#EN-Alto-1#Pharyngeal#monsters#Control_Group#0006,EN-Alto-1,monsters,Control_Group,positive_mix,clear_mix,0.041826,0.358174
English#EN-Tenor-1#Vibrato#Always Remember Us This Way#Control_Group#0012,EN-Tenor-1,Always Remember Us This Way,Control_Group,positive_mix,clear_mix,0.041361,0.358639
English#EN-Tenor-1#Glissando#I Knew You Were Trouble#Glissando_Group#0001,EN-Tenor-1,I Knew You Were Trouble,Glissando_Group,positive_mix,clear_mix,0.041179,0.358821
English#EN-Tenor-1#Vibrato#Stay#Vibrato_Group#0005,EN-Tenor-1,Stay,Vibrato_Group,positive_mix,clear_mix,0.040667,0.359333
English#EN-Tenor-1#Glissando#I Knew You Were Trouble#Control_Group#0004,EN-Tenor-1,I Knew You Were Trouble,Control_Group,positive_mix,clear_mix,0.040186,0.359814
English#EN-Tenor-1#Mixed_Voice_and_Falsetto#Cardigan#Mixed_Voice_Group#0008,EN-Tenor-1,Cardigan,Mixed_Voice_Group,positive_mix,clear_mix,0.039917,0.360083
English#EN-Tenor-1#Mixed_Voice_and_Falsetto#Someone You Loved#Mixed_Voice_Group#0000,EN-Tenor-1,Someone You Loved,Mixed_Voice_Group,positive_mix,clear_mix,0.039911,0.360089
English#EN-Tenor-1#Mixed_Voice_and_Falsetto#You Belong With Me#Mixed_Voice_Group#0010,EN-Tenor-1,You Belong With Me,Mixed_Voice_Group,positive_mix,clear_mix,0.039809,0.360191
English#EN-Tenor-1#Mixed_Voice_and_Falsetto#What Was I Made For？#Mixed_Voice_Group#0006,EN-Tenor-1,What Was I Made For？,Mixed_Voice_Group,positive_mix,clear_mix,0.039635,0.360365
English#EN-Tenor-1#Vibrato#What Was I Made For？#Vibrato_Group#0012,EN-Tenor-1,What Was I Made For？,Vibrato_Group,positive_mix,clear_mix,0.039075,0.360925
English#EN-Tenor-1#Mixed_Voice_and_Falsetto#Talking to the Moon#Mixed_Voice_Group#0007,EN-Tenor-1,Talking to the Moon,Mixed_Voice_Group,positive_mix,clear_mix,0.038402,0.361598
English#EN-Tenor-1#Pharyngeal#Unconditionally#Control_Group#0001,EN-Tenor-1,Unconditionally,Control_Group,positive_mix,clear_mix,0.038349,0.361651
English#EN-Tenor-1#Mixed_Voice_and_Falsetto#I Know Places#Mixed_Voice_Group#0003,EN-Tenor-1,I Know Places,Mixed_Voice_Group,positive_mix,clear_mix,0.038112,0.361888
English#EN-Tenor-1#Mixed_Voice_and_Falsetto#Love on the Brain#Mixed_Voice_Group#0008,EN-Tenor-1,Love on the Brain,Mixed_Voice_Group,positive_mix,clear_mix,0.037861,0.362139
English#EN-Tenor-1#Glissando#Enchanted#Control_Group#0009,EN-Tenor-1,Enchanted,Control_Group,positive_mix,clear_mix,0.037799,0.362201
English#EN-Tenor-1#Mixed_Voice_and_Falsetto#Shallow#Mixed_Voice_Group#0001,EN-Tenor-1,Shallow,Mixed_Voice_Group,positive_mix,clear_mix,0.037659,0.362341
English#EN-Tenor-1#Breathy#Stay#Control_Group#0010,EN-Tenor-1,Stay,Control_Group,positive_mix,clear_mix,0.037555,0.362445
English#EN-Tenor-1#Pharyngeal#Stay#Control_Group#0008,EN-Tenor-1,Stay,Control_Group,positive_mix,clear_mix,0.037555,0.362445
English#EN-Tenor-1#Vibrato#Stay#Control_Group#0011,EN-Tenor-1,Stay,Control_Group,positive_mix,clear_mix,0.037555,0.362445
English#EN-Tenor-1#Glissando#I Knew You Were Trouble#Control_Group#0007,EN-Tenor-1,I Knew You Were Trouble,Control_Group,positive_mix,clear_mix,0.037067,0.362933
English#EN-Tenor-1#Glissando#You Belong With Me#Glissando_Group#0012,EN-Tenor-1,You Belong With Me,Glissando_Group,positive_mix,clear_mix,0.036678,0.363322
English#EN-Tenor-1#Vibrato#What Was I Made For？#Control_Group#0004,EN-Tenor-1,What Was I Made For？,Control_Group,positive_mix,clear_mix,0.036467,0.363533
English#EN-Tenor-1#Mixed_Voice_and_Falsetto#Young and Beautiful#Mixed_Voice_Group#0001,EN-Tenor-1,Young and Beautiful,Mixed_Voice_Group,positive_mix,clear_mix,0.036272,0.363728
English#EN-Tenor-1#Vibrato#You Belong With Me#Control_Group#0011,EN-Tenor-1,You Belong With Me,Control_Group,positive_mix,clear_mix,0.036239,0.363761
English#EN-Tenor-1#Pharyngeal#You Belong With Me#Control_Group#0011,EN-Tenor-1,You Belong With Me,Control_Group,positive_mix,clear_mix,0.036213,0.363787
English#EN-Alto-1#Breathy#who says#Breathy_Group#0012,EN-Alto-1,who says,Breathy_Group,positive_mix,breathy_mix,0.035937,0.364063
English#EN-Tenor-1#Glissando#What Was I Made For？#Control_Group#0007,EN-Tenor-1,What Was I Made For？,Control_Group,positive_mix,clear_mix,0.03587,0.36413
English#EN-Tenor-1#Breathy#You Belong With Me#Control_Group#0013,EN-Tenor-1,You Belong With Me,Control_Group,positive_mix,clear_mix,0.035765,0.364235
English#EN-Tenor-1#Pharyngeal#You Belong With Me#Control_Group#0013,EN-Tenor-1,You Belong With Me,Control_Group,positive_mix,clear_mix,0.035765,0.364235
English#EN-Tenor-1#Breathy#Million Reasons#Control_Group#0007,EN-Tenor-1,Million Reasons,Control_Group,positive_mix,clear_mix,0.035763,0.364237
English#EN-Tenor-1#Vibrato#You Belong With Me#Control_Group#0013,EN-Tenor-1,You Belong With Me,Control_Group,positive_mix,clear_mix,0.035756,0.364244
English#EN-Tenor-1#Glissando#Million Reasons#Glissando_Group#0008,EN-Tenor-1,Million Reasons,Glissando_Group,positive_mix,clear_mix,0.035745,0.364255
English#EN-Tenor-1#Breathy#I Knew You Were Trouble#Control_Group#0000,EN-Tenor-1,I Knew You Were Trouble,Control_Group,positive_mix,clear_mix,0.035641,0.364359
English#EN-Tenor-1#Pharyngeal#I Knew You Were Trouble#Control_Group#0000,EN-Tenor-1,I Knew You Were Trouble,Control_Group,positive_mix,clear_mix,0.035641,0.364359
English#EN-Tenor-1#Vibrato#I Knew You Were Trouble#Control_Group#0000,EN-Tenor-1,I Knew You Were Trouble,Control_Group,positive_mix,clear_mix,0.035641,0.364359
English#EN-Tenor-1#Mixed_Voice_and_Falsetto#Firework#Mixed_Voice_Group#0009,EN-Tenor-1,Firework,Mixed_Voice_Group,positive_mix,clear_mix,0.035513,0.364487
English#EN-Tenor-1#Glissando#I Knew You Were Trouble#Control_Group#0010,EN-Tenor-1,I Knew You Were Trouble,Control_Group,positive_mix,clear_mix,0.03548,0.36452
English#EN-Tenor-1#Vibrato#What Was I Made For？#Vibrato_Group#0001,EN-Tenor-1,What Was I Made For？,Vibrato_Group,positive_mix,clear_mix,0.035351,0.364649
English#EN-Tenor-1#Breathy#Enchanted#Control_Group#0008,EN-Tenor-1,Enchanted,Control_Group,positive_mix,clear_mix,0.035213,0.364787
English#EN-Tenor-1#Pharyngeal#Enchanted#Control_Group#0008,EN-Tenor-1,Enchanted,Control_Group,positive_mix,clear_mix,0.035213,0.364787
English#EN-Tenor-1#Vibrato#Enchanted#Control_Group#0008,EN-Tenor-1,Enchanted,Control_Group,positive_mix,clear_mix,0.035213,0.364787
English#EN-Tenor-1#Breathy#Always Remember Us This Way#Control_Group#0013,EN-Tenor-1,Always Remember Us This Way,Control_Group,positive_mix,clear_mix,0.035109,0.364891
English#EN-Tenor-1#Vibrato#Stay#Vibrato_Group#0008,EN-Tenor-1,Stay,Vibrato_Group,positive_mix,clear_mix,0.035066,0.364934
English#EN-Tenor-1#Glissando#You Belong With Me#Control_Group#0008,EN-Tenor-1,You Belong With Me,Control_Group,positive_mix,clear_mix,0.034832,0.365168
English#EN-Tenor-1#Vibrato#You Belong With Me#Control_Group#0008,EN-Tenor-1,You Belong With Me,Control_Group,positive_mix,clear_mix,0.034653,0.365347
English#EN-Tenor-1#Mixed_Voice_and_Falsetto#Shallow#Mixed_Voice_Group#0004,EN-Tenor-1,Shallow,Mixed_Voice_Group,positive_mix,clear_mix,0.034516,0.365484
English#EN-Tenor-1#Breathy#What Was I Made For？#Control_Group#0004,EN-Tenor-1,What Was I Made For？,Control_Group,positive_mix,clear_mix,0.034508,0.365492
English#EN-Tenor-1#Mixed_Voice_and_Falsetto#Shallow#Mixed_Voice_Group#0006,EN-Tenor-1,Shallow,Mixed_Voice_Group,positive_mix,clear_mix,0.034151,0.365849
English#EN-Tenor-1#Vibrato#I Knew You Were Trouble#Control_Group#0006,EN-Tenor-1,I Knew You Were Trouble,Control_Group,positive_mix,clear_mix,0.034025,0.365975
English#EN-Tenor-1#Breathy#Long Live#Control_Group#0008,EN-Tenor-1,Long Live,Control_Group,positive_mix,clear_mix,0.033967,0.366033
English#EN-Tenor-1#Glissando#Long Live#Control_Group#0008,EN-Tenor-1,Long Live,Control_Group,positive_mix,clear_mix,0.033967,0.366033
English#EN-Tenor-1#Pharyngeal#Long Live#Control_Group#0008,EN-Tenor-1,Long Live,Control_Group,positive_mix,clear_mix,0.033967,0.366033
English#EN-Tenor-1#Vibrato#Long Live#Control_Group#0008,EN-Tenor-1,Long Live,Control_Group,positive_mix,clear_mix,0.033967,0.366033
English#EN-Tenor-1#Mixed_Voice_and_Falsetto#Unconditionally#Mixed_Voice_Group#0003,EN-Tenor-1,Unconditionally,Mixed_Voice_Group,positive_mix,clear_mix,0.033711,0.366289
English#EN-Tenor-1#Glissando#Million Reasons#Control_Group#0007,EN-Tenor-1,Million Reasons,Control_Group,positive_mix,clear_mix,0.033455,0.366545
English#EN-Tenor-1#Pharyngeal#I Knew You Were Trouble#Control_Group#0008,EN-Tenor-1,I Knew You Were Trouble,Control_Group,positive_mix,clear_mix,0.032821,0.367179
English#EN-Tenor-1#Vibrato#Million Reasons#Vibrato_Group#0004,EN-Tenor-1,Million Reasons,Vibrato_Group,positive_mix,clear_mix,0.032753,0.367247
English#EN-Tenor-1#Glissando#You Belong With Me#Control_Group#0012,EN-Tenor-1,You Belong With Me,Control_Group,positive_mix,clear_mix,0.032202,0.367798
English#EN-Tenor-1#Vibrato#I Knew You Were Trouble#Vibrato_Group#0008,EN-Tenor-1,I Knew You Were Trouble,Vibrato_Group,positive_mix,clear_mix,0.032097,0.367903
English#EN-Tenor-1#Vibrato#I Knew You Were Trouble#Vibrato_Group#0003,EN-Tenor-1,I Knew You Were Trouble,Vibrato_Group,positive_mix,clear_mix,0.032017,0.367983
English#EN-Tenor-1#Vibrato#Stay#Vibrato_Group#0007,EN-Tenor-1,Stay,Vibrato_Group,positive_mix,clear_mix,0.031917,0.368083
English#EN-Tenor-1#Mixed_Voice_and_Falsetto#Style#Mixed_Voice_Group#0008,EN-Tenor-1,Style,Mixed_Voice_Group,positive_mix,clear_mix,0.031846,0.368154
English#EN-Tenor-1#Mixed_Voice_and_Falsetto#Always Remember Us This Way#Mixed_Voice_Group#0012,EN-Tenor-1,Always Remember Us This Way,Mixed_Voice_Group,positive_mix,clear_mix,0.031766,0.368234
English#EN-Tenor-1#Glissando#Stay#Control_Group#0011,EN-Tenor-1,Stay,Control_Group,positive_mix,clear_mix,0.031736,0.368264
English#EN-Tenor-1#Mixed_Voice_and_Falsetto#I Know Places#Mixed_Voice_Group#0001,EN-Tenor-1,I Know Places,Mixed_Voice_Group,positive_mix,clear_mix,0.031553,0.368447
English#EN-Tenor-1#Mixed_Voice_and_Falsetto#Love Story#Control_Group#0003,EN-Tenor-1,Love Story,Control_Group,positive_mix,clear_mix,0.031483,0.368517
English#EN-Alto-1#Mixed_Voice_and_Falsetto#yesterday once more#Mixed_Voice_Group#0006,EN-Alto-1,yesterday once more,Mixed_Voice_Group,positive_mix,clear_mix,0.031385,0.368615
English#EN-Tenor-1#Glissando#What Was I Made For？#Glissando_Group#0001,EN-Tenor-1,What Was I Made For？,Glissando_Group,positive_mix,clear_mix,0.031116,0.368884
English#EN-Tenor-1#Mixed_Voice_and_Falsetto#August#Mixed_Voice_Group#0002,EN-Tenor-1,August,Mixed_Voice_Group,positive_mix,clear_mix,0.031085,0.368915
English#EN-Alto-1#Breathy#safe and sound#Breathy_Group#0009,EN-Alto-1,safe and sound,Breathy_Group,positive_mix,clear_mix,0.031037,0.368963
English#EN-Tenor-1#Glissando#I Knew You Were Trouble#Glissando_Group#0009,EN-Tenor-1,I Knew You Were Trouble,Glissando_Group,positive_mix,clear_mix,0.031033,0.368967
English#EN-Tenor-1#Glissando#Enchanted#Control_Group#0006,EN-Tenor-1,Enchanted,Control_Group,positive_mix,clear_mix,0.030986,0.369014
English#EN-Tenor-1#Vibrato#What Was I Made For？#Vibrato_Group#0007,EN-Tenor-1,What Was I Made For？,Vibrato_Group,positive_mix,clear_mix,0.030977,0.369023
English#EN-Tenor-1#Mixed_Voice_and_Falsetto#Talking to the Moon#Mixed_Voice_Group#0004,EN-Tenor-1,Talking to the Moon,Mixed_Voice_Group,positive_mix,clear_mix,0.03054,0.36946
English#EN-Tenor-1#Mixed_Voice_and_Falsetto#Rolling in the Deep#Mixed_Voice_Group#0006,EN-Tenor-1,Rolling in the Deep,Mixed_Voice_Group,positive_mix,clear_mix,0.030537,0.369463
English#EN-Tenor-1#Breathy#Stay#Control_Group#0002,EN-Tenor-1,Stay,Control_Group,positive_mix,clear_mix,0.030494,0.369506
English#EN-Tenor-1#Breathy#I Knew You Were Trouble#Control_Group#0002,EN-Tenor-1,I Knew You Were Trouble,Control_Group,positive_mix,clear_mix,0.030336,0.369664
English#EN-Tenor-1#Pharyngeal#I Knew You Were Trouble#Control_Group#0002,EN-Tenor-1,I Knew You Were Trouble,Control_Group,positive_mix,clear_mix,0.030336,0.369664
English#EN-Tenor-1#Vibrato#I Knew You Were Trouble#Control_Group#0002,EN-Tenor-1,I Knew You Were Trouble,Control_Group,positive_mix,clear_mix,0.030336,0.369664
English#EN-Tenor-1#Breathy#Rolling in the Deep#Control_Group#0005,EN-Tenor-1,Rolling in the Deep,Control_Group,positive_mix,clear_mix,0.02997,0.37003
English#EN-Tenor-1#Pharyngeal#Rolling in the Deep#Control_Group#0005,EN-Tenor-1,Rolling in the Deep,Control_Group,positive_mix,clear_mix,0.02997,0.37003
English#EN-Tenor-1#Vibrato#Rolling in the Deep#Control_Group#0005,EN-Tenor-1,Rolling in the Deep,Control_Group,positive_mix,clear_mix,0.02997,0.37003
English#EN-Tenor-1#Glissando#Always Remember Us This Way#Glissando_Group#0013,EN-Tenor-1,Always Remember Us This Way,Glissando_Group,positive_mix,clear_mix,0.029839,0.370161
English#EN-Tenor-1#Mixed_Voice_and_Falsetto#Shallow#Mixed_Voice_Group#0010,EN-Tenor-1,Shallow,Mixed_Voice_Group,positive_mix,clear_mix,0.029776,0.370224
English#EN-Tenor-1#Pharyngeal#Always Remember Us This Way#Control_Group#0011,EN-Tenor-1,Always Remember Us This Way,Control_Group,positive_mix,clear_mix,0.02956,0.37044
English#EN-Tenor-1#Mixed_Voice_and_Falsetto#Young and Beautiful#Mixed_Voice_Group#0002,EN-Tenor-1,Young and Beautiful,Mixed_Voice_Group,positive_mix,clear_mix,0.029509,0.370491
English#EN-Tenor-1#Mixed_Voice_and_Falsetto#Young and Beautiful#Mixed_Voice_Group#0003,EN-Tenor-1,Young and Beautiful,Mixed_Voice_Group,positive_mix,clear_mix,0.029353,0.370647
English#EN-Tenor-1#Mixed_Voice_and_Falsetto#Talking to the Moon#Mixed_Voice_Group#0006,EN-Tenor-1,Talking to the Moon,Mixed_Voice_Group,positive_mix,clear_mix,0.029262,0.370738
English#EN-Alto-1#Breathy#safe and sound#Breathy_Group#0008,EN-Alto-1,safe and sound,Breathy_Group,positive_mix,clear_mix,0.029142,0.370858
English#EN-Tenor-1#Glissando#Always Remember Us This Way#Glissando_Group#0008,EN-Tenor-1,Always Remember Us This Way,Glissando_Group,positive_mix,clear_mix,0.02898,0.37102
English#EN-Tenor-1#Vibrato#What Was I Made For？#Vibrato_Group#0011,EN-Tenor-1,What Was I Made For？,Vibrato_Group,positive_mix,clear_mix,0.028868,0.371132
English#EN-Tenor-1#Glissando#What Was I Made For？#Control_Group#0003,EN-Tenor-1,What Was I Made For？,Control_Group,positive_mix,clear_mix,0.028715,0.371285
English#EN-Tenor-1#Breathy#Shallow#Control_Group#0014,EN-Tenor-1,Shallow,Control_Group,positive_mix,clear_mix,0.028633,0.371367
English#EN-Tenor-1#Glissando#Always Remember Us This Way#Glissando_Group#0011,EN-Tenor-1,Always Remember Us This Way,Glissando_Group,positive_mix,clear_mix,0.028415,0.371585
English#EN-Tenor-1#Vibrato#Stay#Vibrato_Group#0006,EN-Tenor-1,Stay,Vibrato_Group,positive_mix,clear_mix,0.028386,0.371614
English#EN-Tenor-1#Glissando#Million Reasons#Glissando_Group#0007,EN-Tenor-1,Million Reasons,Glissando_Group,positive_mix,clear_mix,0.028303,0.371697
English#EN-Tenor-1#Vibrato#All I Ask#Vibrato_Group#0006,EN-Tenor-1,All I Ask,Vibrato_Group,positive_mix,clear_mix,0.028236,0.371764
English#EN-Tenor-1#Vibrato#Always Remember Us This Way#Control_Group#0011,EN-Tenor-1,Always Remember Us This Way,Control_Group,positive_mix,clear_mix,0.028166,0.371834
English#EN-Tenor-1#Glissando#I Knew You Were Trouble#Control_Group#0009,EN-Tenor-1,I Knew You Were Trouble,Control_Group,positive_mix,clear_mix,0.028043,0.371957
English#EN-Tenor-1#Pharyngeal#Unconditionally#Control_Group#0003,EN-Tenor-1,Unconditionally,Control_Group,positive_mix,clear_mix,0.027875,0.372125
English#EN-Tenor-1#Mixed_Voice_and_Falsetto#Unconditionally#Mixed_Voice_Group#0002,EN-Tenor-1,Unconditionally,Mixed_Voice_Group,positive_mix,clear_mix,0.027814,0.372186
English#EN-Tenor-1#Breathy#All I Ask#Control_Group#0005,EN-Tenor-1,All I Ask,Control_Group,positive_mix,clear_mix,0.027514,0.372486
English#EN-Tenor-1#Pharyngeal#All I Ask#Control_Group#0005,EN-Tenor-1,All I Ask,Control_Group,positive_mix,clear_mix,0.027514,0.372486
English#EN-Tenor-1#Breathy#I Knew You Were Trouble#Control_Group#0008,EN-Tenor-1,I Knew You Were Trouble,Control_Group,positive_mix,clear_mix,0.027454,0.372546
English#EN-Tenor-1#Vibrato#I Knew You Were Trouble#Control_Group#0009,EN-Tenor-1,I Knew You Were Trouble,Control_Group,positive_mix,clear_mix,0.027454,0.372546
English#EN-Tenor-1#Mixed_Voice_and_Falsetto#Love on the Brain#Mixed_Voice_Group#0002,EN-Tenor-1,Love on the Brain,Mixed_Voice_Group,positive_mix,clear_mix,0.027439,0.372561
English#EN-Tenor-1#Glissando#Enchanted#Glissando_Group#0000,EN-Tenor-1,Enchanted,Glissando_Group,positive_mix,clear_mix,0.027409,0.372591
English#EN-Tenor-1#Mixed_Voice_and_Falsetto#Shallow#Mixed_Voice_Group#0005,EN-Tenor-1,Shallow,Mixed_Voice_Group,positive_mix,clear_mix,0.027232,0.372768
English#EN-Alto-1#Mixed_Voice_and_Falsetto#make it shine#Mixed_Voice_Group#0010,EN-Alto-1,make it shine,Mixed_Voice_Group,positive_mix,clear_mix,0.027082,0.372918
English#EN-Tenor-1#Breathy#Enchanted#Control_Group#0002,EN-Tenor-1,Enchanted,Control_Group,positive_mix,clear_mix,0.027062,0.372938
English#EN-Tenor-1#Pharyngeal#Enchanted#Control_Group#0002,EN-Tenor-1,Enchanted,Control_Group,positive_mix,clear_mix,0.027062,0.372938
English#EN-Tenor-1#Vibrato#Enchanted#Control_Group#0002,EN-Tenor-1,Enchanted,Control_Group,positive_mix,clear_mix,0.027062,0.372938
English#EN-Tenor-1#Vibrato#You Belong With Me#Vibrato_Group#0013,EN-Tenor-1,You Belong With Me,Vibrato_Group,positive_mix,clear_mix,0.026977,0.373023
English#EN-Tenor-1#Breathy#Million Reasons#Control_Group#0009,EN-Tenor-1,Million Reasons,Control_Group,positive_mix,clear_mix,0.026846,0.373154
English#EN-Tenor-1#Pharyngeal#Million Reasons#Control_Group#0008,EN-Tenor-1,Million Reasons,Control_Group,positive_mix,clear_mix,0.026846,0.373154
English#EN-Tenor-1#Vibrato#Million Reasons#Control_Group#0008,EN-Tenor-1,Million Reasons,Control_Group,positive_mix,clear_mix,0.026846,0.373154
English#EN-Tenor-1#Mixed_Voice_and_Falsetto#Love on the Brain#Mixed_Voice_Group#0007,EN-Tenor-1,Love on the Brain,Mixed_Voice_Group,positive_mix,clear_mix,0.026793,0.373207
English#EN-Tenor-1#Breathy#What Was I Made For？#Control_Group#0005,EN-Tenor-1,What Was I Made For？,Control_Group,positive_mix,clear_mix,0.026576,0.373424
English#EN-Tenor-1#Glissando#You Belong With Me#Glissando_Group#0008,EN-Tenor-1,You Belong With Me,Glissando_Group,positive_mix,clear_mix,0.026217,0.373783
English#EN-Tenor-1#Vibrato#Rolling in the Deep#Vibrato_Group#0006,EN-Tenor-1,Rolling in the Deep,Vibrato_Group,positive_mix,clear_mix,0.026177,0.373823
English#EN-Tenor-1#Vibrato#Rolling in the Deep#Vibrato_Group#0007,EN-Tenor-1,Rolling in the Deep,Vibrato_Group,positive_mix,clear_mix,0.026111,0.373889
English#EN-Tenor-1#Pharyngeal#Enchanted#Control_Group#0001,EN-Tenor-1,Enchanted,Control_Group,positive_mix,clear_mix,0.026083,0.373917
English#EN-Tenor-1#Vibrato#Enchanted#Control_Group#0001,EN-Tenor-1,Enchanted,Control_Group,positive_mix,clear_mix,0.026083,0.373917
English#EN-Tenor-1#Glissando#Stay#Control_Group#0007,EN-Tenor-1,Stay,Control_Group,positive_mix,clear_mix,0.026026,0.373974
English#EN-Tenor-1#Pharyngeal#What Was I Made For？#Control_Group#0004,EN-Tenor-1,What Was I Made For？,Control_Group,positive_mix,clear_mix,0.025988,0.374012
English#EN-Tenor-1#Pharyngeal#What Was I Made For？#Control_Group#0008,EN-Tenor-1,What Was I Made For？,Control_Group,positive_mix,clear_mix,0.025936,0.374064
English#EN-Tenor-1#Vibrato#What Was I Made For？#Control_Group#0008,EN-Tenor-1,What Was I Made For？,Control_Group,positive_mix,clear_mix,0.025936,0.374064
English#EN-Tenor-1#Glissando#I Knew You Were Trouble#Control_Group#0001,EN-Tenor-1,I Knew You Were Trouble,Control_Group,positive_mix,clear_mix,0.025891,0.374109
English#EN-Tenor-1#Glissando#Rolling in the Deep#Control_Group#0005,EN-Tenor-1,Rolling in the Deep,Control_Group,positive_mix,clear_mix,0.025789,0.374211
English#EN-Tenor-1#Vibrato#Always Remember Us This Way#Control_Group#0008,EN-Tenor-1,Always Remember Us This Way,Control_Group,positive_mix,clear_mix,0.025758,0.374242
English#EN-Tenor-1#Glissando#What Was I Made For？#Glissando_Group#0007,EN-Tenor-1,What Was I Made For？,Glissando_Group,positive_mix,clear_mix,0.025623,0.374377
English#EN-Tenor-1#Pharyngeal#Stay#Control_Group#0001,EN-Tenor-1,Stay,Control_Group,positive_mix,clear_mix,0.025563,0.374437
English#EN-Tenor-1#Vibrato#Stay#Control_Group#0002,EN-Tenor-1,Stay,Control_Group,positive_mix,clear_mix,0.025563,0.374437
English#EN-Tenor-1#Glissando#Enchanted#Glissando_Group#0007,EN-Tenor-1,Enchanted,Glissando_Group,positive_mix,clear_mix,0.025508,0.374492
English#EN-Tenor-1#Glissando#What Was I Made For？#Glissando_Group#0008,EN-Tenor-1,What Was I Made For？,Glissando_Group,positive_mix,clear_mix,0.025407,0.374593
English#EN-Tenor-1#Pharyngeal#What Was I Made For？#Control_Group#0003,EN-Tenor-1,What Was I Made For？,Control_Group,positive_mix,clear_mix,0.0253,0.3747
English#EN-Tenor-1#Glissando#What Was I Made For？#Glissando_Group#0006,EN-Tenor-1,What Was I Made For？,Glissando_Group,positive_mix,clear_mix,0.025236,0.374764
English#EN-Tenor-1#Vibrato#Enchanted#Vibrato_Group#0006,EN-Tenor-1,Enchanted,Vibrato_Group,positive_mix,clear_mix,0.025232,0.374768
English#EN-Tenor-1#Vibrato#I Knew You Were Trouble#Vibrato_Group#0006,EN-Tenor-1,I Knew You Were Trouble,Vibrato_Group,positive_mix,clear_mix,0.025,0.375
English#EN-Tenor-1#Breathy#Unconditionally#Control_Group#0001,EN-Tenor-1,Unconditionally,Control_Group,positive_mix,clear_mix,0.024669,0.375331
English#EN-Tenor-1#Glissando#Unconditionally#Control_Group#0001,EN-Tenor-1,Unconditionally,Control_Group,positive_mix,clear_mix,0.024669,0.375331
English#EN-Tenor-1#Glissando#What Was I Made For？#Glissando_Group#0000,EN-Tenor-1,What Was I Made For？,Glissando_Group,positive_mix,clear_mix,0.024669,0.375331
English#EN-Tenor-1#Vibrato#Unconditionally#Control_Group#0001,EN-Tenor-1,Unconditionally,Control_Group,positive_mix,clear_mix,0.024669,0.375331
English#EN-Tenor-1#Vibrato#Always Remember Us This Way#Vibrato_Group#0002,EN-Tenor-1,Always Remember Us This Way,Vibrato_Group,positive_mix,clear_mix,0.024636,0.375364
English#EN-Tenor-1#Mixed_Voice_and_Falsetto#What Was I Made For？#Mixed_Voice_Group#0004,EN-Tenor-1,What Was I Made For？,Mixed_Voice_Group,positive_mix,clear_mix,0.024634,0.375366
English#EN-Tenor-1#Mixed_Voice_and_Falsetto#Love Story#Mixed_Voice_Group#0001,EN-Tenor-1,Love Story,Mixed_Voice_Group,positive_mix,clear_mix,0.024489,0.375511
English#EN-Tenor-1#Vibrato#All I Ask#Control_Group#0005,EN-Tenor-1,All I Ask,Control_Group,positive_mix,clear_mix,0.024413,0.375587
English#EN-Tenor-1#Mixed_Voice_and_Falsetto#Diamonds#Mixed_Voice_Group#0007,EN-Tenor-1,Diamonds,Mixed_Voice_Group,positive_mix,clear_mix,0.024401,0.375599
English#EN-Tenor-1#Breathy#What Was I Made For？#Control_Group#0003,EN-Tenor-1,What Was I Made For？,Control_Group,positive_mix,clear_mix,0.024188,0.375812
English#EN-Tenor-1#Vibrato#Shallow#Vibrato_Group#0001,EN-Tenor-1,Shallow,Vibrato_Group,positive_mix,clear_mix,0.024118,0.375882
English#EN-Tenor-1#Mixed_Voice_and_Falsetto#Unconditionally#Mixed_Voice_Group#0004,EN-Tenor-1,Unconditionally,Mixed_Voice_Group,positive_mix,clear_mix,0.024082,0.375918
English#EN-Tenor-1#Glissando#I Knew You Were Trouble#Control_Group#0011,EN-Tenor-1,I Knew You Were Trouble,Control_Group,positive_mix,clear_mix,0.024078,0.375922
English#EN-Tenor-1#Glissando#Always Remember Us This Way#Control_Group#0011,EN-Tenor-1,Always Remember Us This Way,Control_Group,positive_mix,clear_mix,0.02386,0.37614
English#EN-Tenor-1#Vibrato#What Was I Made For？#Control_Group#0002,EN-Tenor-1,What Was I Made For？,Control_Group,positive_mix,clear_mix,0.023756,0.376244
English#EN-Tenor-1#Mixed_Voice_and_Falsetto#Firework#Mixed_Voice_Group#0000,EN-Tenor-1,Firework,Mixed_Voice_Group,positive_mix,clear_mix,0.023753,0.376247
English#EN-Tenor-1#Mixed_Voice_and_Falsetto#Style#Mixed_Voice_Group#0005,EN-Tenor-1,Style,Mixed_Voice_Group,positive_mix,clear_mix,0.023727,0.376273
English#EN-Tenor-1#Breathy#Enchanted#Control_Group#0001,EN-Tenor-1,Enchanted,Control_Group,positive_mix,clear_mix,0.023635,0.376365
English#EN-Tenor-1#Glissando#Long Live#Glissando_Group#0008,EN-Tenor-1,Long Live,Glissando_Group,positive_mix,clear_mix,0.023507,0.376493
English#EN-Tenor-1#Glissando#I Knew You Were Trouble#Glissando_Group#0006,EN-Tenor-1,I Knew You Were Trouble,Glissando_Group,positive_mix,clear_mix,0.023379,0.376621
English#EN-Tenor-1#Breathy#Always Remember Us This Way#Control_Group#0005,EN-Tenor-1,Always Remember Us This Way,Control_Group,positive_mix,clear_mix,0.023292,0.376708
English#EN-Tenor-1#Glissando#Always Remember Us This Way#Control_Group#0005,EN-Tenor-1,Always Remember Us This Way,Control_Group,positive_mix,clear_mix,0.023292,0.376708
English#EN-Tenor-1#Pharyngeal#Always Remember Us This Way#Control_Group#0005,EN-Tenor-1,Always Remember Us This Way,Control_Group,positive_mix,clear_mix,0.023292,0.376708
English#EN-Tenor-1#Glissando#All I Ask#Control_Group#0005,EN-Tenor-1,All I Ask,Control_Group,positive_mix,clear_mix,0.023283,0.376717
English#EN-Tenor-1#Breathy#I Knew You Were Trouble#Control_Group#0003,EN-Tenor-1,I Knew You Were Trouble,Control_Group,positive_mix,clear_mix,0.023174,0.376826
English#EN-Tenor-1#Pharyngeal#I Knew You Were Trouble#Control_Group#0003,EN-Tenor-1,I Knew You Were Trouble,Control_Group,positive_mix,clear_mix,0.023174,0.376826
English#EN-Tenor-1#Vibrato#I Knew You Were Trouble#Control_Group#0003,EN-Tenor-1,I Knew You Were Trouble,Control_Group,positive_mix,clear_mix,0.023174,0.376826
English#EN-Tenor-1#Mixed_Voice_and_Falsetto#Firework#Mixed_Voice_Group#0002,EN-Tenor-1,Firework,Mixed_Voice_Group,positive_mix,clear_mix,0.023036,0.376964
English#EN-Tenor-1#Vibrato#Someone Like You#Vibrato_Group#0002,EN-Tenor-1,Someone Like You,Vibrato_Group,positive_mix,clear_mix,0.022993,0.377007
English#EN-Tenor-1#Vibrato#Someone Like You#Vibrato_Group#0001,EN-Tenor-1,Someone Like You,Vibrato_Group,positive_mix,clear_mix,0.022983,0.377017
English#EN-Tenor-1#Vibrato#What Was I Made For？#Control_Group#0003,EN-Tenor-1,What Was I Made For？,Control_Group,positive_mix,clear_mix,0.022956,0.377044
English#EN-Tenor-1#Breathy#Enchanted#Control_Group#0007,EN-Tenor-1,Enchanted,Control_Group,positive_mix,clear_mix,0.02295,0.37705
English#EN-Tenor-1#Pharyngeal#Enchanted#Control_Group#0007,EN-Tenor-1,Enchanted,Control_Group,positive_mix,clear_mix,0.02295,0.37705
English#EN-Tenor-1#Vibrato#Enchanted#Control_Group#0007,EN-Tenor-1,Enchanted,Control_Group,positive_mix,clear_mix,0.02295,0.37705
English#EN-Tenor-1#Glissando#You Belong With Me#Control_Group#0007,EN-Tenor-1,You Belong With Me,Control_Group,positive_mix,clear_mix,0.022897,0.377103
English#EN-Tenor-1#Breathy#Rolling in the Deep#Control_Group#0004,EN-Tenor-1,Rolling in the Deep,Control_Group,positive_mix,clear_mix,0.022813,0.377187
English#EN-Tenor-1#Pharyngeal#Rolling in the Deep#Control_Group#0004,EN-Tenor-1,Rolling in the Deep,Control_Group,positive_mix,clear_mix,0.022813,0.377187
English#EN-Tenor-1#Vibrato#Rolling in the Deep#Control_Group#0004,EN-Tenor-1,Rolling in the Deep,Control_Group,positive_mix,clear_mix,0.022813,0.377187
English#EN-Tenor-1#Mixed_Voice_and_Falsetto#Cardigan#Mixed_Voice_Group#0000,EN-Tenor-1,Cardigan,Mixed_Voice_Group,positive_mix,clear_mix,0.022495,0.377505
English#EN-Tenor-1#Breathy#Million Reasons#Control_Group#0008,EN-Tenor-1,Million Reasons,Control_Group,positive_mix,clear_mix,0.02244,0.37756
English#EN-Tenor-1#Mixed_Voice_and_Falsetto#Shallow#Mixed_Voice_Group#0008,EN-Tenor-1,Shallow,Mixed_Voice_Group,positive_mix,clear_mix,0.02237,0.37763
English#EN-Tenor-1#Vibrato#I Knew You Were Trouble#Control_Group#0007,EN-Tenor-1,I Knew You Were Trouble,Control_Group,positive_mix,clear_mix,0.022367,0.377633
English#EN-Tenor-1#Mixed_Voice_and_Falsetto#Firework#Mixed_Voice_Group#0007,EN-Tenor-1,Firework,Mixed_Voice_Group,positive_mix,clear_mix,0.022362,0.377638
English#EN-Tenor-1#Glissando#I Knew You Were Trouble#Glissando_Group#0002,EN-Tenor-1,I Knew You Were Trouble,Glissando_Group,positive_mix,clear_mix,0.022258,0.377742
English#EN-Tenor-1#Vibrato#You Belong With Me#Vibrato_Group#0004,EN-Tenor-1,You Belong With Me,Vibrato_Group,positive_mix,clear_mix,0.022139,0.377861
English#EN-Tenor-1#Mixed_Voice_and_Falsetto#Enchanted#Mixed_Voice_Group#0001,EN-Tenor-1,Enchanted,Mixed_Voice_Group,positive_mix,clear_mix,0.022114,0.377886
English#EN-Tenor-1#Glissando#You Belong With Me#Control_Group#0001,EN-Tenor-1,You Belong With Me,Control_Group,positive_mix,clear_mix,0.02208,0.37792
English#EN-Tenor-1#Breathy#Long Live#Control_Group#0011,EN-Tenor-1,Long Live,Control_Group,positive_mix,clear_mix,0.021945,0.378055
English#EN-Tenor-1#Glissando#Long Live#Control_Group#0011,EN-Tenor-1,Long Live,Control_Group,positive_mix,clear_mix,0.021945,0.378055
English#EN-Tenor-1#Pharyngeal#Long Live#Control_Group#0011,EN-Tenor-1,Long Live,Control_Group,positive_mix,clear_mix,0.021945,0.378055
English#EN-Tenor-1#Glissando#What Was I Made For？#Control_Group#0002,EN-Tenor-1,What Was I Made For？,Control_Group,positive_mix,clear_mix,0.02193,0.37807
English#EN-Tenor-1#Glissando#Stay#Control_Group#0010,EN-Tenor-1,Stay,Control_Group,positive_mix,clear_mix,0.021854,0.378146
English#EN-Tenor-1#Mixed_Voice_and_Falsetto#Cardigan#Mixed_Voice_Group#0009,EN-Tenor-1,Cardigan,Mixed_Voice_Group,positive_mix,clear_mix,0.021749,0.378251
English#EN-Tenor-1#Mixed_Voice_and_Falsetto#Blank Space#Mixed_Voice_Group#0003,EN-Tenor-1,Blank Space,Mixed_Voice_Group,positive_mix,clear_mix,0.021634,0.378366
English#EN-Tenor-1#Breathy#Unconditionally#Control_Group#0000,EN-Tenor-1,Unconditionally,Control_Group,positive_mix,clear_mix,0.021592,0.378408
English#EN-Tenor-1#Glissando#Unconditionally#Control_Group#0000,EN-Tenor-1,Unconditionally,Control_Group,positive_mix,clear_mix,0.021592,0.378408
English#EN-Tenor-1#Vibrato#Unconditionally#Control_Group#0000,EN-Tenor-1,Unconditionally,Control_Group,positive_mix,clear_mix,0.021592,0.378408
English#EN-Tenor-1#Glissando#You Belong With Me#Glissando_Group#0011,EN-Tenor-1,You Belong With Me,Glissando_Group,positive_mix,clear_mix,0.021543,0.378457
English#EN-Tenor-1#Glissando#You Belong With Me#Glissando_Group#0004,EN-Tenor-1,You Belong With Me,Glissando_Group,positive_mix,clear_mix,0.021519,0.378481
English#EN-Tenor-1#Breathy#Always Remember Us This Way#Control_Group#0007,EN-Tenor-1,Always Remember Us This Way,Control_Group,positive_mix,clear_mix,0.0215,0.3785
English#EN-Tenor-1#Glissando#Always Remember Us This Way#Control_Group#0007,EN-Tenor-1,Always Remember Us This Way,Control_Group,positive_mix,clear_mix,0.0215,0.3785
English#EN-Tenor-1#Pharyngeal#Always Remember Us This Way#Control_Group#0007,EN-Tenor-1,Always Remember Us This Way,Control_Group,positive_mix,clear_mix,0.0215,0.3785
English#EN-Tenor-1#Glissando#Long Live#Glissando_Group#0011,EN-Tenor-1,Long Live,Glissando_Group,positive_mix,clear_mix,0.021381,0.378619
English#EN-Tenor-1#Mixed_Voice_and_Falsetto#Summertime Sadness#Mixed_Voice_Group#0005,EN-Tenor-1,Summertime Sadness,Mixed_Voice_Group,positive_mix,clear_mix,0.021314,0.378686
English#EN-Tenor-1#Pharyngeal#What Was I Made For？#Control_Group#0010,EN-Tenor-1,What Was I Made For？,Control_Group,positive_mix,clear_mix,0.021174,0.378826
English#EN-Tenor-1#Vibrato#What Was I Made For？#Vibrato_Group#0006,EN-Tenor-1,What Was I Made For？,Vibrato_Group,positive_mix,clear_mix,0.021063,0.378937
English#EN-Tenor-1#Vibrato#Someone Like You#Vibrato_Group#0000,EN-Tenor-1,Someone Like You,Vibrato_Group,positive_mix,clear_mix,0.021014,0.378986
English#EN-Tenor-1#Glissando#Enchanted#Glissando_Group#0009,EN-Tenor-1,Enchanted,Glissando_Group,positive_mix,clear_mix,0.020996,0.379004
English#EN-Tenor-1#Breathy#What Was I Made For？#Control_Group#0009,EN-Tenor-1,What Was I Made For？,Control_Group,positive_mix,clear_mix,0.020966,0.379034
English#EN-Tenor-1#Mixed_Voice_and_Falsetto#Wildest Dreams#Mixed_Voice_Group#0002,EN-Tenor-1,Wildest Dreams,Mixed_Voice_Group,positive_mix,clear_mix,0.020838,0.379162
English#EN-Tenor-1#Breathy#Enchanted#Control_Group#0006,EN-Tenor-1,Enchanted,Control_Group,positive_mix,clear_mix,0.020816,0.379184
English#EN-Tenor-1#Pharyngeal#Enchanted#Control_Group#0006,EN-Tenor-1,Enchanted,Control_Group,positive_mix,clear_mix,0.020816,0.379184
English#EN-Tenor-1#Vibrato#Enchanted#Control_Group#0006,EN-Tenor-1,Enchanted,Control_Group,positive_mix,clear_mix,0.020816,0.379184
English#EN-Tenor-1#Breathy#Shallow#Control_Group#0013,EN-Tenor-1,Shallow,Control_Group,positive_mix,clear_mix,0.02077,0.37923
English#EN-Tenor-1#Vibrato#Shallow#Vibrato_Group#0004,EN-Tenor-1,Shallow,Vibrato_Group,positive_mix,clear_mix,0.02072,0.37928
English#EN-Tenor-1#Glissando#Million Reasons#Glissando_Group#0001,EN-Tenor-1,Million Reasons,Glissando_Group,positive_mix,clear_mix,0.020569,0.379431
English#EN-Tenor-1#Mixed_Voice_and_Falsetto#Summertime Sadness#Mixed_Voice_Group#0004,EN-Tenor-1,Summertime Sadness,Mixed_Voice_Group,positive_mix,clear_mix,0.020524,0.379476
English#EN-Tenor-1#Vibrato#Long Live#Vibrato_Group#0001,EN-Tenor-1,Long Live,Vibrato_Group,positive_mix,clear_mix,0.020484,0.379516
English#EN-Tenor-1#Mixed_Voice_and_Falsetto#You Belong With Me#Mixed_Voice_Group#0009,EN-Tenor-1,You Belong With Me,Mixed_Voice_Group,positive_mix,clear_mix,0.020343,0.379657
English#EN-Tenor-1#Glissando#I Knew You Were Trouble#Glissando_Group#0003,EN-Tenor-1,I Knew You Were Trouble,Glissando_Group,positive_mix,clear_mix,0.020324,0.379676
English#EN-Tenor-1#Breathy#What Was I Made For？#Control_Group#0002,EN-Tenor-1,What Was I Made For？,Control_Group,positive_mix,clear_mix,0.02025,0.37975
English#EN-Tenor-1#Mixed_Voice_and_Falsetto#I Know Places#Mixed_Voice_Group#0000,EN-Tenor-1,I Know Places,Mixed_Voice_Group,positive_mix,clear_mix,0.020204,0.379796
English#EN-Tenor-1#Vibrato#Stay#Vibrato_Group#0001,EN-Tenor-1,Stay,Vibrato_Group,positive_mix,clear_mix,0.020134,0.379866
English#EN-Tenor-1#Mixed_Voice_and_Falsetto#What Was I Made For？#Mixed_Voice_Group#0007,EN-Tenor-1,What Was I Made For？,Mixed_Voice_Group,positive_mix,clear_mix,0.020126,0.379874
English#EN-Tenor-1#Mixed_Voice_and_Falsetto#Young and Beautiful#Mixed_Voice_Group#0004,EN-Tenor-1,Young and Beautiful,Mixed_Voice_Group,positive_mix,clear_mix,0.020093,0.379907
English#EN-Tenor-1#Vibrato#Always Remember Us This Way#Vibrato_Group#0009,EN-Tenor-1,Always Remember Us This Way,Vibrato_Group,positive_mix,clear_mix,0.019998,0.380002
English#EN-Tenor-1#Vibrato#You Belong With Me#Vibrato_Group#0006,EN-Tenor-1,You Belong With Me,Vibrato_Group,positive_mix,clear_mix,0.019987,0.380013
English#EN-Tenor-1#Glissando#Stay#Control_Group#0008,EN-Tenor-1,Stay,Control_Group,positive_mix,clear_mix,0.019879,0.380121
English#EN-Tenor-1#Mixed_Voice_and_Falsetto#Always Remember Us This Way#Mixed_Voice_Group#0002,EN-Tenor-1,Always Remember Us This Way,Mixed_Voice_Group,positive_mix,clear_mix,0.019842,0.380158
English#EN-Tenor-1#Glissando#All I Ask#Control_Group#0004,EN-Tenor-1,All I Ask,Control_Group,positive_mix,clear_mix,0.019838,0.380162
English#EN-Tenor-1#Mixed_Voice_and_Falsetto#Style#Mixed_Voice_Group#0006,EN-Tenor-1,Style,Mixed_Voice_Group,positive_mix,clear_mix,0.019633,0.380367
English#EN-Tenor-1#Mixed_Voice_and_Falsetto#Love on the Brain#Mixed_Voice_Group#0009,EN-Tenor-1,Love on the Brain,Mixed_Voice_Group,positive_mix,clear_mix,0.019438,0.380562
English#EN-Tenor-1#Breathy#All I Ask#Control_Group#0006,EN-Tenor-1,All I Ask,Control_Group,positive_mix,clear_mix,0.019317,0.380683
English#EN-Tenor-1#Pharyngeal#All I Ask#Control_Group#0006,EN-Tenor-1,All I Ask,Control_Group,positive_mix,clear_mix,0.019317,0.380683
English#EN-Tenor-1#Vibrato#All I Ask#Control_Group#0006,EN-Tenor-1,All I Ask,Control_Group,positive_mix,clear_mix,0.019317,0.380683
English#EN-Tenor-1#Glissando#You Belong With Me#Control_Group#0011,EN-Tenor-1,You Belong With Me,Control_Group,positive_mix,clear_mix,0.019277,0.380723
English#EN-Tenor-1#Mixed_Voice_and_Falsetto#Unconditionally#Mixed_Voice_Group#0006,EN-Tenor-1,Unconditionally,Mixed_Voice_Group,positive_mix,clear_mix,0.019228,0.380772
English#EN-Tenor-1#Glissando#Million Reasons#Control_Group#0008,EN-Tenor-1,Million Reasons,Control_Group,positive_mix,clear_mix,0.019154,0.380846
English#EN-Tenor-1#Vibrato#Million Reasons#Vibrato_Group#0006,EN-Tenor-1,Million Reasons,Vibrato_Group,positive_mix,clear_mix,0.018941,0.381059
English#EN-Tenor-1#Mixed_Voice_and_Falsetto#Love Story#Mixed_Voice_Group#0000,EN-Tenor-1,Love Story,Mixed_Voice_Group,positive_mix,clear_mix,0.018926,0.381074
English#EN-Tenor-1#Breathy#Long Live#Control_Group#0003,EN-Tenor-1,Long Live,Control_Group,positive_mix,clear_mix,0.018882,0.381118
English#EN-Tenor-1#Glissando#Long Live#Control_Group#0003,EN-Tenor-1,Long Live,Control_Group,positive_mix,clear_mix,0.018882,0.381118
English#EN-Tenor-1#Pharyngeal#Long Live#Control_Group#0003,EN-Tenor-1,Long Live,Control_Group,positive_mix,clear_mix,0.018882,0.381118
English#EN-Tenor-1#Vibrato#Long Live#Control_Group#0003,EN-Tenor-1,Long Live,Control_Group,positive_mix,clear_mix,0.018882,0.381118
English#EN-Tenor-1#Mixed_Voice_and_Falsetto#Call Out My Name#Mixed_Voice_Group#0000,EN-Tenor-1,Call Out My Name,Mixed_Voice_Group,positive_mix,clear_mix,0.018704,0.381296
English#EN-Tenor-1#Vibrato#Someone Like You#Control_Group#0000,EN-Tenor-1,Someone Like You,Control_Group,positive_mix,clear_mix,0.018648,0.381352
English#EN-Tenor-1#Glissando#You Belong With Me#Glissando_Group#0007,EN-Tenor-1,You Belong With Me,Glissando_Group,positive_mix,clear_mix,0.01864,0.38136
English#EN-Tenor-1#Vibrato#Always Remember Us This Way#Vibrato_Group#0012,EN-Tenor-1,Always Remember Us This Way,Vibrato_Group,positive_mix,clear_mix,0.018628,0.381372
English#EN-Tenor-1#Vibrato#Million Reasons#Vibrato_Group#0008,EN-Tenor-1,Million Reasons,Vibrato_Group,positive_mix,clear_mix,0.018614,0.381386
English#EN-Tenor-1#Glissando#Rolling in the Deep#Control_Group#0002,EN-Tenor-1,Rolling in the Deep,Control_Group,positive_mix,clear_mix,0.018602,0.381398
English#EN-Tenor-1#Vibrato#Enchanted#Vibrato_Group#0002,EN-Tenor-1,Enchanted,Vibrato_Group,positive_mix,clear_mix,0.018511,0.381489
English#EN-Tenor-1#Glissando#Enchanted#Glissando_Group#0002,EN-Tenor-1,Enchanted,Glissando_Group,positive_mix,clear_mix,0.018323,0.381677
English#EN-Tenor-1#Breathy#Stay#Control_Group#0004,EN-Tenor-1,Stay,Control_Group,positive_mix,clear_mix,0.018262,0.381738
English#EN-Tenor-1#Pharyngeal#Stay#Control_Group#0004,EN-Tenor-1,Stay,Control_Group,positive_mix,clear_mix,0.018262,0.381738
English#EN-Tenor-1#Vibrato#Stay#Control_Group#0005,EN-Tenor-1,Stay,Control_Group,positive_mix,clear_mix,0.018262,0.381738
English#EN-Tenor-1#Glissando#All I Ask#Control_Group#0006,EN-Tenor-1,All I Ask,Control_Group,positive_mix,clear_mix,0.018239,0.381761
English#EN-Tenor-1#Glissando#I Knew You Were Trouble#Control_Group#0006,EN-Tenor-1,I Knew You Were Trouble,Control_Group,positive_mix,clear_mix,0.018226,0.381774
English#EN-Tenor-1#Vibrato#You Belong With Me#Vibrato_Group#0011,EN-Tenor-1,You Belong With Me,Vibrato_Group,positive_mix,clear_mix,0.018033,0.381967
English#EN-Tenor-1#Vibrato#Long Live#Vibrato_Group#0005,EN-Tenor-1,Long Live,Vibrato_Group,positive_mix,clear_mix,0.017928,0.382072
English#EN-Tenor-1#Pharyngeal#Stay#Control_Group#0000,EN-Tenor-1,Stay,Control_Group,positive_mix,clear_mix,0.017909,0.382091
English#EN-Tenor-1#Mixed_Voice_and_Falsetto#Love on the Brain#Mixed_Voice_Group#0010,EN-Tenor-1,Love on the Brain,Mixed_Voice_Group,positive_mix,clear_mix,0.017738,0.382262
English#EN-Tenor-1#Pharyngeal#What Was I Made For？#Control_Group#0011,EN-Tenor-1,What Was I Made For？,Control_Group,positive_mix,clear_mix,0.017671,0.382329
English#EN-Tenor-1#Mixed_Voice_and_Falsetto#Someone You Loved#Mixed_Voice_Group#0001,EN-Tenor-1,Someone You Loved,Mixed_Voice_Group,positive_mix,clear_mix,0.017608,0.382392
English#EN-Tenor-1#Glissando#Stay#Control_Group#0002,EN-Tenor-1,Stay,Control_Group,positive_mix,clear_mix,0.017561,0.382439
English#EN-Tenor-1#Mixed_Voice_and_Falsetto#Cardigan#Mixed_Voice_Group#0002,EN-Tenor-1,Cardigan,Mixed_Voice_Group,positive_mix,clear_mix,0.017551,0.382449
English#EN-Tenor-1#Mixed_Voice_and_Falsetto#Love on the Brain#Mixed_Voice_Group#0000,EN-Tenor-1,Love on the Brain,Mixed_Voice_Group,positive_mix,clear_mix,0.017506,0.382494
English#EN-Tenor-1#Mixed_Voice_and_Falsetto#Firework#Mixed_Voice_Group#0006,EN-Tenor-1,Firework,Mixed_Voice_Group,positive_mix,clear_mix,0.017453,0.382547
English#EN-Tenor-1#Breathy#Always Remember Us This Way#Control_Group#0006,EN-Tenor-1,Always Remember Us This Way,Control_Group,positive_mix,clear_mix,0.017392,0.382608
English#EN-Tenor-1#Glissando#Always Remember Us This Way#Control_Group#0006,EN-Tenor-1,Always Remember Us This Way,Control_Group,positive_mix,clear_mix,0.017392,0.382608
English#EN-Tenor-1#Pharyngeal#Always Remember Us This Way#Control_Group#0006,EN-Tenor-1,Always Remember Us This Way,Control_Group,positive_mix,clear_mix,0.017392,0.382608
English#EN-Tenor-1#Vibrato#Long Live#Vibrato_Group#0000,EN-Tenor-1,Long Live,Vibrato_Group,positive_mix,clear_mix,0.017375,0.382625
English#EN-Tenor-1#Mixed_Voice_and_Falsetto#Umbrella#Mixed_Voice_Group#0005,EN-Tenor-1,Umbrella,Mixed_Voice_Group,positive_mix,clear_mix,0.017317,0.382683
English#EN-Tenor-1#Vibrato#Rolling in the Deep#Vibrato_Group#0000,EN-Tenor-1,Rolling in the Deep,Vibrato_Group,positive_mix,head_mix,0.017183,0.382817
English#EN-Tenor-1#Mixed_Voice_and_Falsetto#Call Out My Name#Mixed_Voice_Group#0005,EN-Tenor-1,Call Out My Name,Mixed_Voice_Group,positive_mix,clear_mix,0.017146,0.382854
English#EN-Tenor-1#Mixed_Voice_and_Falsetto#Diamonds#Mixed_Voice_Group#0001,EN-Tenor-1,Diamonds,Mixed_Voice_Group,positive_mix,clear_mix,0.017069,0.382931
English#EN-Tenor-1#Mixed_Voice_and_Falsetto#Love Story#Mixed_Voice_Group#0005,EN-Tenor-1,Love Story,Mixed_Voice_Group,positive_mix,clear_mix,0.017052,0.382948
English#EN-Tenor-1#Mixed_Voice_and_Falsetto#Call Out My Name#Mixed_Voice_Group#0004,EN-Tenor-1,Call Out My Name,Mixed_Voice_Group,positive_mix,clear_mix,0.017002,0.382998
English#EN-Tenor-1#Mixed_Voice_and_Falsetto#Diamonds#Mixed_Voice_Group#0003,EN-Tenor-1,Diamonds,Mixed_Voice_Group,positive_mix,clear_mix,0.016981,0.383019
English#EN-Tenor-1#Breathy#Stay#Control_Group#0005,EN-Tenor-1,Stay,Control_Group,positive_mix,clear_mix,0.016976,0.383024
English#EN-Tenor-1#Vibrato#Rolling in the Deep#Vibrato_Group#0004,EN-Tenor-1,Rolling in the Deep,Vibrato_Group,positive_mix,clear_mix,0.016921,0.383079
English#EN-Tenor-1#Glissando#What Was I Made For？#Control_Group#0009,EN-Tenor-1,What Was I Made For？,Control_Group,positive_mix,clear_mix,0.016882,0.383118
English#EN-Tenor-1#Vibrato#What Was I Made For？#Vibrato_Group#0005,EN-Tenor-1,What Was I Made For？,Vibrato_Group,positive_mix,clear_mix,0.016788,0.383212
English#EN-Tenor-1#Mixed_Voice_and_Falsetto#You Belong With Me#Mixed_Voice_Group#0005,EN-Tenor-1,You Belong With Me,Mixed_Voice_Group,positive_mix,clear_mix,0.016626,0.383374
English#EN-Tenor-1#Mixed_Voice_and_Falsetto#I Know Places#Mixed_Voice_Group#0002,EN-Tenor-1,I Know Places,Mixed_Voice_Group,positive_mix,clear_mix,0.016588,0.383412
English#EN-Tenor-1#Pharyngeal#Always Remember Us This Way#Control_Group#0012,EN-Tenor-1,Always Remember Us This Way,Control_Group,positive_mix,clear_mix,0.016542,0.383458
English#EN-Tenor-1#Vibrato#Million Reasons#Vibrato_Group#0000,EN-Tenor-1,Million Reasons,Vibrato_Group,positive_mix,clear_mix,0.016271,0.383729
English#EN-Tenor-1#Vibrato#Million Reasons#Vibrato_Group#0007,EN-Tenor-1,Million Reasons,Vibrato_Group,positive_mix,clear_mix,0.016248,0.383752
English#EN-Tenor-1#Vibrato#Long Live#Vibrato_Group#0008,EN-Tenor-1,Long Live,Vibrato_Group,positive_mix,clear_mix,0.016161,0.383839
English#EN-Tenor-1#Mixed_Voice_and_Falsetto#What Was I Made For？#Mixed_Voice_Group#0003,EN-Tenor-1,What Was I Made For？,Mixed_Voice_Group,positive_mix,clear_mix,0.016127,0.383873
English#EN-Alto-1#Vibrato#my heart will go on#Vibrato_Group#0009,EN-Alto-1,my heart will go on,Vibrato_Group,positive_mix,clear_mix,0.016087,0.383913
English#EN-Tenor-1#Vibrato#Always Remember Us This Way#Control_Group#0005,EN-Tenor-1,Always Remember Us This Way,Control_Group,positive_mix,clear_mix,0.015928,0.384072
English#EN-Tenor-1#Vibrato#What Was I Made For？#Vibrato_Group#0002,EN-Tenor-1,What Was I Made For？,Vibrato_Group,positive_mix,clear_mix,0.015702,0.384298
English#EN-Tenor-1#Glissando#All I Ask#Glissando_Group#0005,EN-Tenor-1,All I Ask,Glissando_Group,positive_mix,clear_mix,0.015584,0.384416
English#EN-Tenor-1#Mixed_Voice_and_Falsetto#I Knew You Were Trouble#Mixed_Voice_Group#0000,EN-Tenor-1,I Knew You Were Trouble,Mixed_Voice_Group,positive_mix,clear_mix,0.015449,0.384551
English#EN-Tenor-1#Breathy#Shallow#Control_Group#0012,EN-Tenor-1,Shallow,Control_Group,positive_mix,clear_mix,0.015343,0.384657
English#EN-Tenor-1#Vibrato#Always Remember Us This Way#Vibrato_Group#0004,EN-Tenor-1,Always Remember Us This Way,Vibrato_Group,positive_mix,clear_mix,0.015339,0.384661
English#EN-Tenor-1#Vibrato#Long Live#Vibrato_Group#0009,EN-Tenor-1,Long Live,Vibrato_Group,positive_mix,clear_mix,0.015254,0.384746
English#EN-Tenor-1#Glissando#You Belong With Me#Control_Group#0002,EN-Tenor-1,You Belong With Me,Control_Group,positive_mix,clear_mix,0.015206,0.384794
English#EN-Tenor-1#Pharyngeal#What Was I Made For？#Control_Group#0002,EN-Tenor-1,What Was I Made For？,Control_Group,positive_mix,clear_mix,0.015187,0.384813
English#EN-Tenor-1#Breathy#Someone Like You#Breathy_Group#0004,EN-Tenor-1,Someone Like You,Breathy_Group,positive_mix,breathy_mix,0.015185,0.384815
English#EN-Tenor-1#Glissando#Stay#Control_Group#0006,EN-Tenor-1,Stay,Control_Group,positive_mix,clear_mix,0.015041,0.384959
English#EN-Tenor-1#Breathy#Long Live#Control_Group#0007,EN-Tenor-1,Long Live,Control_Group,positive_mix,clear_mix,0.015023,0.384977
English#EN-Tenor-1#Glissando#Long Live#Control_Group#0007,EN-Tenor-1,Long Live,Control_Group,positive_mix,clear_mix,0.015023,0.384977
English#EN-Tenor-1#Pharyngeal#Long Live#Control_Group#0007,EN-Tenor-1,Long Live,Control_Group,positive_mix,clear_mix,0.015023,0.384977
English#EN-Tenor-1#Vibrato#Long Live#Control_Group#0007,EN-Tenor-1,Long Live,Control_Group,positive_mix,clear_mix,0.015023,0.384977
English#EN-Alto-1#Mixed_Voice_and_Falsetto#you raise me up#Mixed_Voice_Group#0012,EN-Alto-1,you raise me up,Mixed_Voice_Group,positive_mix,clear_mix,0.014938,0.385062
English#EN-Tenor-1#Vibrato#Stay#Vibrato_Group#0009,EN-Tenor-1,Stay,Vibrato_Group,positive_mix,clear_mix,0.01488,0.38512
English#EN-Tenor-1#Mixed_Voice_and_Falsetto#Always Remember Us This Way#Mixed_Voice_Group#0001,EN-Tenor-1,Always Remember Us This Way,Mixed_Voice_Group,positive_mix,clear_mix,0.014757,0.385243
English#EN-Tenor-1#Vibrato#Always Remember Us This Way#Vibrato_Group#0006,EN-Tenor-1,Always Remember Us This Way,Vibrato_Group,positive_mix,clear_mix,0.014755,0.385245
English#EN-Tenor-1#Glissando#What Was I Made For？#Glissando_Group#0009,EN-Tenor-1,What Was I Made For？,Glissando_Group,positive_mix,clear_mix,0.01472,0.38528
English#EN-Tenor-1#Vibrato#Always Remember Us This Way#Control_Group#0006,EN-Tenor-1,Always Remember Us This Way,Control_Group,positive_mix,clear_mix,0.014713,0.385287
English#EN-Tenor-1#Mixed_Voice_and_Falsetto#Always Remember Us This Way#Mixed_Voice_Group#0013,EN-Tenor-1,Always Remember Us This Way,Mixed_Voice_Group,positive_mix,clear_mix,0.014712,0.385288
English#EN-Tenor-1#Mixed_Voice_and_Falsetto#Take a Bow#Mixed_Voice_Group#0000,EN-Tenor-1,Take a Bow,Mixed_Voice_Group,positive_mix,clear_mix,0.014653,0.385347
English#EN-Tenor-1#Vibrato#What Was I Made For？#Vibrato_Group#0003,EN-Tenor-1,What Was I Made For？,Vibrato_Group,positive_mix,clear_mix,0.014593,0.385407
English#EN-Tenor-1#Glissando#Rolling in the Deep#Control_Group#0004,EN-Tenor-1,Rolling in the Deep,Control_Group,positive_mix,clear_mix,0.014547,0.385453
English#EN-Tenor-1#Vibrato#Long Live#Control_Group#0001,EN-Tenor-1,Long Live,Control_Group,positive_mix,clear_mix,0.014502,0.385498
English#EN-Tenor-1#Breathy#What Was I Made For？#Control_Group#0006,EN-Tenor-1,What Was I Made For？,Control_Group,positive_mix,clear_mix,0.014501,0.385499
English#EN-Tenor-1#Mixed_Voice_and_Falsetto#Cardigan#Mixed_Voice_Group#0001,EN-Tenor-1,Cardigan,Mixed_Voice_Group,positive_mix,clear_mix,0.014478,0.385522
English#EN-Tenor-1#Breathy#You Belong With Me#Control_Group#0012,EN-Tenor-1,You Belong With Me,Control_Group,positive_mix,clear_mix,0.014367,0.385633
English#EN-Tenor-1#Vibrato#Stay#Vibrato_Group#0010,EN-Tenor-1,Stay,Vibrato_Group,positive_mix,clear_mix,0.014342,0.385658
English#EN-Tenor-1#Mixed_Voice_and_Falsetto#Diamonds#Mixed_Voice_Group#0008,EN-Tenor-1,Diamonds,Mixed_Voice_Group,positive_mix,clear_mix,0.014272,0.385728
English#EN-Tenor-1#Mixed_Voice_and_Falsetto#Love on the Brain#Mixed_Voice_Group#0005,EN-Tenor-1,Love on the Brain,Mixed_Voice_Group,positive_mix,clear_mix,0.01425,0.38575
English#EN-Tenor-1#Vibrato#Long Live#Vibrato_Group#0003,EN-Tenor-1,Long Live,Vibrato_Group,positive_mix,clear_mix,0.014179,0.385821
English#EN-Tenor-1#Breathy#Stay#Control_Group#0003,EN-Tenor-1,Stay,Control_Group,positive_mix,clear_mix,0.014157,0.385843
English#EN-Tenor-1#Mixed_Voice_and_Falsetto#Diamonds#Mixed_Voice_Group#0002,EN-Tenor-1,Diamonds,Mixed_Voice_Group,positive_mix,clear_mix,0.01412,0.38588
English#EN-Tenor-1#Mixed_Voice_and_Falsetto#What Was I Made For？#Mixed_Voice_Group#0001,EN-Tenor-1,What Was I Made For？,Mixed_Voice_Group,positive_mix,clear_mix,0.0141,0.3859
English#EN-Tenor-1#Glissando#Stay#Glissando_Group#0009,EN-Tenor-1,Stay,Glissando_Group,positive_mix,clear_mix,0.014039,0.385961
English#EN-Tenor-1#Mixed_Voice_and_Falsetto#Back to December#Mixed_Voice_Group#0006,EN-Tenor-1,Back to December,Mixed_Voice_Group,positive_mix,clear_mix,0.013933,0.386067
English#EN-Tenor-1#Mixed_Voice_and_Falsetto#I Knew You Were Trouble#Mixed_Voice_Group#0004,EN-Tenor-1,I Knew You Were Trouble,Mixed_Voice_Group,positive_mix,clear_mix,0.013878,0.386122
English#EN-Tenor-1#Vibrato#Million Reasons#Vibrato_Group#0005,EN-Tenor-1,Million Reasons,Vibrato_Group,positive_mix,clear_mix,0.013814,0.386186
English#EN-Tenor-1#Vibrato#I Knew You Were Trouble#Vibrato_Group#0005,EN-Tenor-1,I Knew You Were Trouble,Vibrato_Group,positive_mix,clear_mix,0.013774,0.386226
English#EN-Tenor-1#Breathy#Long Live#Control_Group#0010,EN-Tenor-1,Long Live,Control_Group,positive_mix,clear_mix,0.013764,0.386236
English#EN-Tenor-1#Pharyngeal#Long Live#Control_Group#0010,EN-Tenor-1,Long Live,Control_Group,positive_mix,clear_mix,0.013764,0.386236
English#EN-Tenor-1#Vibrato#I Knew You Were Trouble#Vibrato_Group#0007,EN-Tenor-1,I Knew You Were Trouble,Vibrato_Group,positive_mix,clear_mix,0.013735,0.386265
English#EN-Tenor-1#Breathy#What Was I Made For？#Control_Group#0012,EN-Tenor-1,What Was I Made For？,Control_Group,positive_mix,clear_mix,0.013672,0.386328
English#EN-Tenor-1#Vibrato#What Was I Made For？#Control_Group#0011,EN-Tenor-1,What Was I Made For？,Control_Group,positive_mix,clear_mix,0.013672,0.386328
English#EN-Tenor-1#Vibrato#You Belong With Me#Control_Group#0012,EN-Tenor-1,You Belong With Me,Control_Group,positive_mix,clear_mix,0.013663,0.386337
English#EN-Tenor-1#Pharyngeal#You Belong With Me#Control_Group#0012,EN-Tenor-1,You Belong With Me,Control_Group,positive_mix,clear_mix,0.013656,0.386344
English#EN-Tenor-1#Mixed_Voice_and_Falsetto#August#Mixed_Voice_Group#0001,EN-Tenor-1,August,Mixed_Voice_Group,positive_mix,clear_mix,0.013517,0.386483
English#EN-Tenor-1#Glissando#Always Remember Us This Way#Control_Group#0012,EN-Tenor-1,Always Remember Us This Way,Control_Group,positive_mix,clear_mix,0.013456,0.386544
English#EN-Tenor-1#Breathy#Enchanted#Control_Group#0005,EN-Tenor-1,Enchanted,Control_Group,positive_mix,clear_mix,0.013406,0.386594
English#EN-Tenor-1#Pharyngeal#Enchanted#Control_Group#0005,EN-Tenor-1,Enchanted,Control_Group,positive_mix,clear_mix,0.013406,0.386594
English#EN-Tenor-1#Vibrato#Enchanted#Control_Group#0005,EN-Tenor-1,Enchanted,Control_Group,positive_mix,clear_mix,0.013406,0.386594
English#EN-Tenor-1#Glissando#Stay#Glissando_Group#0006,EN-Tenor-1,Stay,Glissando_Group,positive_mix,clear_mix,0.013404,0.386596
English#EN-Tenor-1#Pharyngeal#Long Live#Control_Group#0001,EN-Tenor-1,Long Live,Control_Group,positive_mix,clear_mix,0.013381,0.386619
English#EN-Tenor-1#Mixed_Voice_and_Falsetto#Always Remember Us This Way#Mixed_Voice_Group#0014,EN-Tenor-1,Always Remember Us This Way,Mixed_Voice_Group,positive_mix,clear_mix,0.01338,0.38662
English#EN-Tenor-1#Glissando#All I Ask#Glissando_Group#0004,EN-Tenor-1,All I Ask,Glissando_Group,positive_mix,clear_mix,0.013359,0.386641
English#EN-Tenor-1#Glissando#Rolling in the Deep#Control_Group#0003,EN-Tenor-1,Rolling in the Deep,Control_Group,positive_mix,clear_mix,0.013197,0.386803
English#EN-Tenor-1#Mixed_Voice_and_Falsetto#Summertime Sadness#Mixed_Voice_Group#0007,EN-Tenor-1,Summertime Sadness,Mixed_Voice_Group,positive_mix,clear_mix,0.013148,0.386852
English#EN-Tenor-1#Breathy#Stay#Control_Group#0000,EN-Tenor-1,Stay,Control_Group,positive_mix,clear_mix,0.013108,0.386892
English#EN-Tenor-1#Vibrato#Stay#Control_Group#0000,EN-Tenor-1,Stay,Control_Group,positive_mix,clear_mix,0.013108,0.386892
English#EN-Tenor-1#Breathy#Always Remember Us This Way#Control_Group#0008,EN-Tenor-1,Always Remember Us This Way,Control_Group,positive_mix,head_mix,0.013067,0.386933
English#EN-Tenor-1#Glissando#Always Remember Us This Way#Control_Group#0008,EN-Tenor-1,Always Remember Us This Way,Control_Group,positive_mix,clear_mix,0.013067,0.386933
English#EN-Tenor-1#Pharyngeal#Always Remember Us This Way#Control_Group#0008,EN-Tenor-1,Always Remember Us This Way,Control_Group,positive_mix,clear_mix,0.013067,0.386933
English#EN-Tenor-1#Mixed_Voice_and_Falsetto#Blank Space#Mixed_Voice_Group#0002,EN-Tenor-1,Blank Space,Mixed_Voice_Group,positive_mix,clear_mix,0.013061,0.386939
English#EN-Tenor-1#Mixed_Voice_and_Falsetto#Young and Beautiful#Mixed_Voice_Group#0006,EN-Tenor-1,Young and Beautiful,Mixed_Voice_Group,positive_mix,clear_mix,0.013043,0.386957
English#EN-Tenor-1#Vibrato#Shallow#Vibrato_Group#0006,EN-Tenor-1,Shallow,Vibrato_Group,positive_mix,clear_mix,0.012982,0.387018
English#EN-Tenor-1#Vibrato#Stay#Vibrato_Group#0011,EN-Tenor-1,Stay,Vibrato_Group,positive_mix,clear_mix,0.012979,0.387021
English#EN-Tenor-1#Mixed_Voice_and_Falsetto#You Belong With Me#Mixed_Voice_Group#0002,EN-Tenor-1,You Belong With Me,Mixed_Voice_Group,positive_mix,clear_mix,0.012939,0.387061
English#EN-Tenor-1#Mixed_Voice_and_Falsetto#Style#Mixed_Voice_Group#0004,EN-Tenor-1,Style,Mixed_Voice_Group,positive_mix,clear_mix,0.012914,0.387086
English#EN-Tenor-1#Glissando#Rolling in the Deep#Glissando_Group#0004,EN-Tenor-1,Rolling in the Deep,Glissando_Group,positive_mix,clear_mix,0.012859,0.387141
English#EN-Tenor-1#Breathy#Long Live#Control_Group#0001,EN-Tenor-1,Long Live,Control_Group,positive_mix,clear_mix,0.012834,0.387166
English#EN-Tenor-1#Glissando#Rolling in the Deep#Control_Group#0006,EN-Tenor-1,Rolling in the Deep,Control_Group,positive_mix,clear_mix,0.012833,0.387167
English#EN-Tenor-1#Mixed_Voice_and_Falsetto#Call Out My Name#Mixed_Voice_Group#0002,EN-Tenor-1,Call Out My Name,Mixed_Voice_Group,positive_mix,clear_mix,0.012675,0.387325
English#EN-Tenor-1#Vibrato#Stay#Vibrato_Group#0002,EN-Tenor-1,Stay,Vibrato_Group,positive_mix,clear_mix,0.012623,0.387377
English#EN-Tenor-1#Mixed_Voice_and_Falsetto#I Knew You Were Trouble#Mixed_Voice_Group#0002,EN-Tenor-1,I Knew You Were Trouble,Mixed_Voice_Group,positive_mix,clear_mix,0.01262,0.38738
English#EN-Tenor-1#Pharyngeal#What Was I Made For？#Control_Group#0005,EN-Tenor-1,What Was I Made For？,Control_Group,positive_mix,clear_mix,0.012616,0.387384
English#EN-Tenor-1#Vibrato#Always Remember Us This Way#Vibrato_Group#0008,EN-Tenor-1,Always Remember Us This Way,Vibrato_Group,positive_mix,clear_mix,0.012584,0.387416
English#EN-Tenor-1#Glissando#What Was I Made For？#Control_Group#0008,EN-Tenor-1,What Was I Made For？,Control_Group,positive_mix,clear_mix,0.012499,0.387501
English#EN-Tenor-1#Vibrato#Long Live#Vibrato_Group#0006,EN-Tenor-1,Long Live,Vibrato_Group,positive_mix,clear_mix,0.012434,0.387566
English#EN-Tenor-1#Mixed_Voice_and_Falsetto#August#Mixed_Voice_Group#0006,EN-Tenor-1,August,Mixed_Voice_Group,positive_mix,clear_mix,0.012343,0.387657
English#EN-Tenor-1#Glissando#All I Ask#Glissando_Group#0006,EN-Tenor-1,All I Ask,Glissando_Group,positive_mix,clear_mix,0.012296,0.387704
English#EN-Tenor-1#Mixed_Voice_and_Falsetto#Someone You Loved#Mixed_Voice_Group#0007,EN-Tenor-1,Someone You Loved,Mixed_Voice_Group,positive_mix,clear_mix,0.012296,0.387704
English#EN-Tenor-1#Glissando#Always Remember Us This Way#Glissando_Group#0007,EN-Tenor-1,Always Remember Us This Way,Glissando_Group,positive_mix,clear_mix,0.01227,0.38773
English#EN-Tenor-1#Mixed_Voice_and_Falsetto#Rolling in the Deep#Control_Group#0002,EN-Tenor-1,Rolling in the Deep,Control_Group,positive_mix,clear_mix,0.012256,0.387744
English#EN-Tenor-1#Pharyngeal#Stay#Control_Group#0006,EN-Tenor-1,Stay,Control_Group,positive_mix,clear_mix,0.012212,0.387788
English#EN-Tenor-1#Glissando#Always Remember Us This Way#Glissando_Group#0006,EN-Tenor-1,Always Remember Us This Way,Glissando_Group,positive_mix,clear_mix,0.0122,0.3878
English#EN-Tenor-1#Glissando#Enchanted#Glissando_Group#0005,EN-Tenor-1,Enchanted,Glissando_Group,positive_mix,clear_mix,0.012164,0.387836
English#EN-Tenor-1#Mixed_Voice_and_Falsetto#Exile#Mixed_Voice_Group#0002,EN-Tenor-1,Exile,Mixed_Voice_Group,positive_mix,clear_mix,0.012142,0.387858
English#EN-Tenor-1#Vibrato#All I Ask#Vibrato_Group#0008,EN-Tenor-1,All I Ask,Vibrato_Group,positive_mix,clear_mix,0.012139,0.387861
English#EN-Tenor-1#Breathy#Rolling in the Deep#Control_Group#0000,EN-Tenor-1,Rolling in the Deep,Control_Group,positive_mix,head_mix,0.012087,0.387913
English#EN-Tenor-1#Pharyngeal#Rolling in the Deep#Control_Group#0000,EN-Tenor-1,Rolling in the Deep,Control_Group,positive_mix,head_mix,0.012087,0.387913
English#EN-Tenor-1#Vibrato#Rolling in the Deep#Control_Group#0000,EN-Tenor-1,Rolling in the Deep,Control_Group,positive_mix,head_mix,0.012087,0.387913
English#EN-Tenor-1#Glissando#Enchanted#Control_Group#0004,EN-Tenor-1,Enchanted,Control_Group,positive_mix,clear_mix,0.012032,0.387968
English#EN-Tenor-1#Mixed_Voice_and_Falsetto#Rolling in the Deep#Mixed_Voice_Group#0003,EN-Tenor-1,Rolling in the Deep,Mixed_Voice_Group,positive_mix,clear_mix,0.012008,0.387992
English#EN-Tenor-1#Mixed_Voice_and_Falsetto#Take a Bow#Mixed_Voice_Group#0011,EN-Tenor-1,Take a Bow,Mixed_Voice_Group,positive_mix,clear_mix,0.011947,0.388053
English#EN-Tenor-1#Mixed_Voice_and_Falsetto#Cardigan#Mixed_Voice_Group#0004,EN-Tenor-1,Cardigan,Mixed_Voice_Group,positive_mix,clear_mix,0.011939,0.388061
English#EN-Tenor-1#Mixed_Voice_and_Falsetto#August#Mixed_Voice_Group#0004,EN-Tenor-1,August,Mixed_Voice_Group,positive_mix,clear_mix,0.011925,0.388075
English#EN-Tenor-1#Breathy#All I Ask#Control_Group#0008,EN-Tenor-1,All I Ask,Control_Group,positive_mix,clear_mix,0.01189,0.38811
English#EN-Tenor-1#Pharyngeal#All I Ask#Control_Group#0008,EN-Tenor-1,All I Ask,Control_Group,positive_mix,clear_mix,0.01189,0.38811
English#EN-Tenor-1#Vibrato#All I Ask#Control_Group#0008,EN-Tenor-1,All I Ask,Control_Group,positive_mix,clear_mix,0.01189,0.38811
English#EN-Tenor-1#Mixed_Voice_and_Falsetto#Sparks Fly#Mixed_Voice_Group#0002,EN-Tenor-1,Sparks Fly,Mixed_Voice_Group,positive_mix,clear_mix,0.011826,0.388174
English#EN-Tenor-1#Breathy#Always Remember Us This Way#Control_Group#0010,EN-Tenor-1,Always Remember Us This Way,Control_Group,positive_mix,clear_mix,0.011806,0.388194
English#EN-Tenor-1#Mixed_Voice_and_Falsetto#Rolling in the Deep#Mixed_Voice_Group#0001,EN-Tenor-1,Rolling in the Deep,Mixed_Voice_Group,positive_mix,clear_mix,0.011791,0.388209
English#EN-Tenor-1#Vibrato#You Belong With Me#Control_Group#0007,EN-Tenor-1,You Belong With Me,Control_Group,positive_mix,clear_mix,0.011779,0.388221
English#EN-Tenor-1#Glissando#Someone Like You#Control_Group#0008,EN-Tenor-1,Someone Like You,Control_Group,positive_mix,clear_mix,0.01177,0.38823
English#EN-Tenor-1#Mixed_Voice_and_Falsetto#Back to December#Mixed_Voice_Group#0001,EN-Tenor-1,Back to December,Mixed_Voice_Group,positive_mix,clear_mix,0.011705,0.388295
English#EN-Tenor-1#Glissando#Enchanted#Control_Group#0005,EN-Tenor-1,Enchanted,Control_Group,positive_mix,clear_mix,0.011661,0.388339
English#EN-Tenor-1#Glissando#Long Live#Control_Group#0010,EN-Tenor-1,Long Live,Control_Group,positive_mix,clear_mix,0.011645,0.388355
English#EN-Tenor-1#Vibrato#Shallow#Control_Group#0001,EN-Tenor-1,Shallow,Control_Group,positive_mix,clear_mix,0.011633,0.388367
English#EN-Tenor-1#Breathy#Stay#Control_Group#0001,EN-Tenor-1,Stay,Control_Group,positive_mix,clear_mix,0.011618,0.388382
English#EN-Tenor-1#Vibrato#Stay#Control_Group#0001,EN-Tenor-1,Stay,Control_Group,positive_mix,clear_mix,0.011618,0.388382
English#EN-Tenor-1#Mixed_Voice_and_Falsetto#What Was I Made For？#Mixed_Voice_Group#0005,EN-Tenor-1,What Was I Made For？,Mixed_Voice_Group,positive_mix,clear_mix,0.011615,0.388385
English#EN-Tenor-1#Vibrato#Unconditionally#Vibrato_Group#0000,EN-Tenor-1,Unconditionally,Vibrato_Group,positive_mix,clear_mix,0.011436,0.388564
English#EN-Tenor-1#Mixed_Voice_and_Falsetto#Wildest Dreams#Mixed_Voice_Group#0009,EN-Tenor-1,Wildest Dreams,Mixed_Voice_Group,positive_mix,clear_mix,0.011433,0.388567
English#EN-Tenor-1#Vibrato#What Was I Made For？#Vibrato_Group#0000,EN-Tenor-1,What Was I Made For？,Vibrato_Group,positive_mix,clear_mix,0.011431,0.388569
English#EN-Tenor-1#Mixed_Voice_and_Falsetto#Firework#Mixed_Voice_Group#0005,EN-Tenor-1,Firework,Mixed_Voice_Group,positive_mix,clear_mix,0.011428,0.388572
English#EN-Tenor-1#Glissando#What Was I Made For？#Glissando_Group#0002,EN-Tenor-1,What Was I Made For？,Glissando_Group,positive_mix,clear_mix,0.011419,0.388581
English#EN-Tenor-1#Breathy#Always Remember Us This Way#Control_Group#0011,EN-Tenor-1,Always Remember Us This Way,Control_Group,positive_mix,clear_mix,0.011382,0.388618
English#EN-Tenor-1#Breathy#Rolling in the Deep#Control_Group#0002,EN-Tenor-1,Rolling in the Deep,Control_Group,positive_mix,head_mix,0.011323,0.388677
English#EN-Tenor-1#Pharyngeal#Rolling in the Deep#Control_Group#0002,EN-Tenor-1,Rolling in the Deep,Control_Group,positive_mix,head_mix,0.011323,0.388677
English#EN-Tenor-1#Vibrato#Rolling in the Deep#Control_Group#0002,EN-Tenor-1,Rolling in the Deep,Control_Group,positive_mix,head_mix,0.011323,0.388677
English#EN-Tenor-1#Vibrato#Rolling in the Deep#Vibrato_Group#0001,EN-Tenor-1,Rolling in the Deep,Vibrato_Group,positive_mix,clear_mix,0.011291,0.388709
English#EN-Alto-1#Breathy#let it go#Breathy_Group#0006,EN-Alto-1,let it go,Breathy_Group,positive_mix,clear_mix,0.011251,0.388749
English#EN-Tenor-1#Vibrato#Someone Like You#Control_Group#0001,EN-Tenor-1,Someone Like You,Control_Group,positive_mix,clear_mix,0.011143,0.388857
English#EN-Tenor-1#Breathy#Shallow#Control_Group#0003,EN-Tenor-1,Shallow,Control_Group,positive_mix,clear_mix,0.011066,0.388934
English#EN-Tenor-1#Glissando#Shallow#Control_Group#0003,EN-Tenor-1,Shallow,Control_Group,positive_mix,clear_mix,0.011066,0.388934
English#EN-Tenor-1#Pharyngeal#Shallow#Control_Group#0003,EN-Tenor-1,Shallow,Control_Group,positive_mix,clear_mix,0.011066,0.388934
English#EN-Tenor-1#Vibrato#Shallow#Control_Group#0003,EN-Tenor-1,Shallow,Control_Group,positive_mix,clear_mix,0.011066,0.388934
English#EN-Tenor-1#Glissando#Long Live#Control_Group#0001,EN-Tenor-1,Long Live,Control_Group,positive_mix,clear_mix,0.011047,0.388953
English#EN-Tenor-1#Vibrato#Stay#Control_Group#0006,EN-Tenor-1,Stay,Control_Group,positive_mix,clear_mix,0.011045,0.388955
English#EN-Tenor-1#Glissando#Stay#Glissando_Group#0004,EN-Tenor-1,Stay,Glissando_Group,positive_mix,clear_mix,0.010992,0.389008
English#EN-Tenor-1#Breathy#Someone Like You#Breathy_Group#0003,EN-Tenor-1,Someone Like You,Breathy_Group,positive_mix,breathy_mix,0.010973,0.389027
English#EN-Tenor-1#Mixed_Voice_and_Falsetto#Cardigan#Mixed_Voice_Group#0007,EN-Tenor-1,Cardigan,Mixed_Voice_Group,positive_mix,clear_mix,0.010908,0.389092
English#EN-Tenor-1#Mixed_Voice_and_Falsetto#You Belong With Me#Mixed_Voice_Group#0004,EN-Tenor-1,You Belong With Me,Mixed_Voice_Group,positive_mix,clear_mix,0.010889,0.389111
English#EN-Tenor-1#Vibrato#What Was I Made For？#Vibrato_Group#0008,EN-Tenor-1,What Was I Made For？,Vibrato_Group,positive_mix,clear_mix,0.010878,0.389122
English#EN-Tenor-1#Vibrato#Rolling in the Deep#Vibrato_Group#0005,EN-Tenor-1,Rolling in the Deep,Vibrato_Group,positive_mix,clear_mix,0.010859,0.389141
English#EN-Tenor-1#Breathy#What Was I Made For？#Control_Group#0011,EN-Tenor-1,What Was I Made For？,Control_Group,positive_mix,clear_mix,0.010797,0.389203
English#EN-Tenor-1#Vibrato#What Was I Made For？#Control_Group#0010,EN-Tenor-1,What Was I Made For？,Control_Group,positive_mix,clear_mix,0.010797,0.389203
English#EN-Tenor-1#Glissando#All I Ask#Control_Group#0007,EN-Tenor-1,All I Ask,Control_Group,positive_mix,clear_mix,0.010792,0.389208
English#EN-Tenor-1#Vibrato#Shallow#Control_Group#0002,EN-Tenor-1,Shallow,Control_Group,positive_mix,clear_mix,0.010721,0.389279
English#EN-Tenor-1#Glissando#Enchanted#Control_Group#0008,EN-Tenor-1,Enchanted,Control_Group,positive_mix,clear_mix,0.010717,0.389283
English#EN-Tenor-1#Breathy#Million Reasons#Control_Group#0004,EN-Tenor-1,Million Reasons,Control_Group,positive_mix,clear_mix,0.010708,0.389292
English#EN-Tenor-1#Glissando#Million Reasons#Control_Group#0004,EN-Tenor-1,Million Reasons,Control_Group,positive_mix,clear_mix,0.010708,0.389292
English#EN-Tenor-1#Pharyngeal#Million Reasons#Control_Group#0004,EN-Tenor-1,Million Reasons,Control_Group,positive_mix,clear_mix,0.010708,0.389292
English#EN-Tenor-1#Vibrato#Million Reasons#Control_Group#0004,EN-Tenor-1,Million Reasons,Control_Group,positive_mix,clear_mix,0.010708,0.389292
English#EN-Tenor-1#Breathy#Shallow#Control_Group#0002,EN-Tenor-1,Shallow,Control_Group,positive_mix,clear_mix,0.010665,0.389335
English#EN-Tenor-1#Glissando#Shallow#Control_Group#0002,EN-Tenor-1,Shallow,Control_Group,positive_mix,clear_mix,0.010665,0.389335
English#EN-Tenor-1#Pharyngeal#Shallow#Control_Group#0002,EN-Tenor-1,Shallow,Control_Group,positive_mix,clear_mix,0.010665,0.389335
English#EN-Tenor-1#Vibrato#Long Live#Vibrato_Group#0004,EN-Tenor-1,Long Live,Vibrato_Group,positive_mix,clear_mix,0.010612,0.389388
English#EN-Tenor-1#Breathy#Million Reasons#Control_Group#0003,EN-Tenor-1,Million Reasons,Control_Group,positive_mix,clear_mix,0.010559,0.389441
English#EN-Tenor-1#Glissando#Million Reasons#Control_Group#0003,EN-Tenor-1,Million Reasons,Control_Group,positive_mix,clear_mix,0.010559,0.389441
English#EN-Tenor-1#Pharyngeal#Million Reasons#Control_Group#0003,EN-Tenor-1,Million Reasons,Control_Group,positive_mix,clear_mix,0.010559,0.389441
English#EN-Tenor-1#Vibrato#Million Reasons#Control_Group#0003,EN-Tenor-1,Million Reasons,Control_Group,positive_mix,clear_mix,0.010559,0.389441
English#EN-Tenor-1#Vibrato#Someone Like You#Control_Group#0002,EN-Tenor-1,Someone Like You,Control_Group,positive_mix,clear_mix,0.010551,0.389449
English#EN-Tenor-1#Glissando#I Knew You Were Trouble#Glissando_Group#0008,EN-Tenor-1,I Knew You Were Trouble,Glissando_Group,positive_mix,clear_mix,0.010508,0.389492
English#EN-Tenor-1#Glissando#Rolling in the Deep#Control_Group#0007,EN-Tenor-1,Rolling in the Deep,Control_Group,positive_mix,clear_mix,0.010449,0.389551
English#EN-Tenor-1#Glissando#Stay#Glissando_Group#0003,EN-Tenor-1,Stay,Glissando_Group,positive_mix,clear_mix,0.010426,0.389574
English#EN-Tenor-1#Vibrato#Long Live#Vibrato_Group#0010,EN-Tenor-1,Long Live,Vibrato_Group,positive_mix,clear_mix,0.010417,0.389583
English#EN-Tenor-1#Breathy#You Belong With Me#Control_Group#0005,EN-Tenor-1,You Belong With Me,Control_Group,positive_mix,clear_mix,0.010314,0.389686
English#EN-Tenor-1#Pharyngeal#You Belong With Me#Control_Group#0005,EN-Tenor-1,You Belong With Me,Control_Group,positive_mix,clear_mix,0.010314,0.389686
English#EN-Tenor-1#Glissando#You Belong With Me#Glissando_Group#0002,EN-Tenor-1,You Belong With Me,Glissando_Group,positive_mix,clear_mix,0.01029,0.38971
English#EN-Tenor-1#Mixed_Voice_and_Falsetto#I Knew You Were Trouble#Mixed_Voice_Group#0003,EN-Tenor-1,I Knew You Were Trouble,Mixed_Voice_Group,positive_mix,clear_mix,0.010218,0.389782
English#EN-Tenor-1#Mixed_Voice_and_Falsetto#Lavender Haze#Mixed_Voice_Group#0005,EN-Tenor-1,Lavender Haze,Mixed_Voice_Group,positive_mix,clear_mix,0.010212,0.389788
English#EN-Tenor-1#Glissando#You Belong With Me#Control_Group#0004,EN-Tenor-1,You Belong With Me,Control_Group,positive_mix,clear_mix,0.010208,0.389792
English#EN-Tenor-1#Mixed_Voice_and_Falsetto#Back to December#Mixed_Voice_Group#0004,EN-Tenor-1,Back to December,Mixed_Voice_Group,positive_mix,clear_mix,0.0102,0.3898
English#EN-Tenor-1#Vibrato#Always Remember Us This Way#Control_Group#0009,EN-Tenor-1,Always Remember Us This Way,Control_Group,positive_mix,clear_mix,0.010198,0.389802
English#EN-Tenor-1#Glissando#Rolling in the Deep#Glissando_Group#0000,EN-Tenor-1,Rolling in the Deep,Glissando_Group,positive_mix,clear_mix,0.010037,0.389963
English#EN-Tenor-1#Vibrato#Shallow#Vibrato_Group#0005,EN-Tenor-1,Shallow,Vibrato_Group,positive_mix,clear_mix,0.010029,0.389971
English#EN-Tenor-1#Glissando#You Belong With Me#Control_Group#0010,EN-Tenor-1,You Belong With Me,Control_Group,positive_mix,clear_mix,0.010019,0.389981
English#EN-Tenor-1#Mixed_Voice_and_Falsetto#Love Story#Mixed_Voice_Group#0002,EN-Tenor-1,Love Story,Mixed_Voice_Group,positive_mix,clear_mix,0.009992,0.390008
English#EN-Tenor-1#Mixed_Voice_and_Falsetto#Dark Paradise#Mixed_Voice_Group#0004,EN-Tenor-1,Dark Paradise,Mixed_Voice_Group,positive_mix,clear_mix,0.009952,0.390048
English#EN-Tenor-1#Mixed_Voice_and_Falsetto#Lavender Haze#Mixed_Voice_Group#0006,EN-Tenor-1,Lavender Haze,Mixed_Voice_Group,positive_mix,clear_mix,0.009924,0.390076
English#EN-Tenor-1#Mixed_Voice_and_Falsetto#Firework#Mixed_Voice_Group#0001,EN-Tenor-1,Firework,Mixed_Voice_Group,positive_mix,clear_mix,0.009916,0.390084
English#EN-Tenor-1#Glissando#Someone Like You#Control_Group#0007,EN-Tenor-1,Someone Like You,Control_Group,positive_mix,clear_mix,0.00983,0.39017
English#EN-Tenor-1#Breathy#Shallow#Control_Group#0001,EN-Tenor-1,Shallow,Control_Group,positive_mix,clear_mix,0.009817,0.390183
English#EN-Tenor-1#Glissando#Shallow#Control_Group#0001,EN-Tenor-1,Shallow,Control_Group,positive_mix,clear_mix,0.009817,0.390183
English#EN-Tenor-1#Pharyngeal#Shallow#Control_Group#0001,EN-Tenor-1,Shallow,Control_Group,positive_mix,clear_mix,0.009817,0.390183
English#EN-Tenor-1#Mixed_Voice_and_Falsetto#Dark Paradise#Mixed_Voice_Group#0006,EN-Tenor-1,Dark Paradise,Mixed_Voice_Group,positive_mix,clear_mix,0.009804,0.390196
English#EN-Tenor-1#Breathy#I Knew You Were Trouble#Control_Group#0004,EN-Tenor-1,I Knew You Were Trouble,Control_Group,positive_mix,clear_mix,0.009737,0.390263
English#EN-Tenor-1#Pharyngeal#I Knew You Were Trouble#Control_Group#0004,EN-Tenor-1,I Knew You Were Trouble,Control_Group,positive_mix,clear_mix,0.009737,0.390263
English#EN-Tenor-1#Vibrato#I Knew You Were Trouble#Control_Group#0004,EN-Tenor-1,I Knew You Were Trouble,Control_Group,positive_mix,clear_mix,0.009737,0.390263
English#EN-Tenor-1#Mixed_Voice_and_Falsetto#What Was I Made For？#Mixed_Voice_Group#0009,EN-Tenor-1,What Was I Made For？,Mixed_Voice_Group,positive_mix,clear_mix,0.00973,0.39027
English#EN-Tenor-1#Vibrato#Always Remember Us This Way#Control_Group#0007,EN-Tenor-1,Always Remember Us This Way,Control_Group,positive_mix,clear_mix,0.009709,0.390291
English#EN-Tenor-1#Vibrato#You Belong With Me#Vibrato_Group#0001,EN-Tenor-1,You Belong With Me,Vibrato_Group,positive_mix,clear_mix,0.009699,0.390301
English#EN-Tenor-1#Glissando#What Was I Made For？#Glissando_Group#0003,EN-Tenor-1,What Was I Made For？,Glissando_Group,positive_mix,clear_mix,0.009665,0.390335
English#EN-Tenor-1#Mixed_Voice_and_Falsetto#Wildest Dreams#Mixed_Voice_Group#0005,EN-Tenor-1,Wildest Dreams,Mixed_Voice_Group,positive_mix,clear_mix,0.009626,0.390374
English#EN-Tenor-1#Mixed_Voice_and_Falsetto#Dark Paradise#Mixed_Voice_Group#0001,EN-Tenor-1,Dark Paradise,Mixed_Voice_Group,positive_mix,clear_mix,0.0096,0.3904
English#EN-Tenor-1#Mixed_Voice_and_Falsetto#Dark Paradise#Mixed_Voice_Group#0000,EN-Tenor-1,Dark Paradise,Mixed_Voice_Group,positive_mix,clear_mix,0.009557,0.390443
English#EN-Tenor-1#Glissando#Enchanted#Glissando_Group#0001,EN-Tenor-1,Enchanted,Glissando_Group,positive_mix,clear_mix,0.009536,0.390464
English#EN-Tenor-1#Vibrato#Stay#Control_Group#0004,EN-Tenor-1,Stay,Control_Group,positive_mix,clear_mix,0.009496,0.390504
English#EN-Tenor-1#Breathy#You Belong With Me#Control_Group#0004,EN-Tenor-1,You Belong With Me,Control_Group,positive_mix,clear_mix,0.009454,0.390546
English#EN-Tenor-1#Pharyngeal#You Belong With Me#Control_Group#0004,EN-Tenor-1,You Belong With Me,Control_Group,positive_mix,clear_mix,0.009454,0.390546
English#EN-Tenor-1#Vibrato#You Belong With Me#Control_Group#0004,EN-Tenor-1,You Belong With Me,Control_Group,positive_mix,clear_mix,0.00945,0.39055
English#EN-Tenor-1#Mixed_Voice_and_Falsetto#I Knew You Were Trouble#Mixed_Voice_Group#0006,EN-Tenor-1,I Knew You Were Trouble,Mixed_Voice_Group,positive_mix,clear_mix,0.009412,0.390588
English#EN-Tenor-1#Glissando#Rolling in the Deep#Glissando_Group#0006,EN-Tenor-1,Rolling in the Deep,Glissando_Group,positive_mix,clear_mix,0.009391,0.390609
English#EN-Tenor-1#Vibrato#Unconditionally#Vibrato_Group#0001,EN-Tenor-1,Unconditionally,Vibrato_Group,positive_mix,clear_mix,0.009383,0.390617
English#EN-Tenor-1#Glissando#Always Remember Us This Way#Glissando_Group#0005,EN-Tenor-1,Always Remember Us This Way,Glissando_Group,positive_mix,clear_mix,0.00933,0.39067
English#EN-Tenor-1#Mixed_Voice_and_Falsetto#Always Remember Us This Way#Mixed_Voice_Group#0003,EN-Tenor-1,Always Remember Us This Way,Mixed_Voice_Group,positive_mix,clear_mix,0.009308,0.390692
English#EN-Tenor-1#Breathy#What Was I Made For？#Control_Group#0010,EN-Tenor-1,What Was I Made For？,Control_Group,positive_mix,clear_mix,0.009216,0.390784
English#EN-Tenor-1#Pharyngeal#What Was I Made For？#Control_Group#0009,EN-Tenor-1,What Was I Made For？,Control_Group,positive_mix,clear_mix,0.009216,0.390784
English#EN-Tenor-1#Vibrato#What Was I Made For？#Control_Group#0009,EN-Tenor-1,What Was I Made For？,Control_Group,positive_mix,clear_mix,0.009216,0.390784
English#EN-Tenor-1#Breathy#Shallow#Control_Group#0004,EN-Tenor-1,Shallow,Control_Group,positive_mix,clear_mix,0.009195,0.390805
English#EN-Tenor-1#Glissando#Shallow#Control_Group#0004,EN-Tenor-1,Shallow,Control_Group,positive_mix,clear_mix,0.009195,0.390805
English#EN-Tenor-1#Pharyngeal#Shallow#Control_Group#0004,EN-Tenor-1,Shallow,Control_Group,positive_mix,clear_mix,0.009195,0.390805
English#EN-Tenor-1#Vibrato#Shallow#Control_Group#0004,EN-Tenor-1,Shallow,Control_Group,positive_mix,clear_mix,0.009195,0.390805
English#EN-Tenor-1#Glissando#Stay#Control_Group#0005,EN-Tenor-1,Stay,Control_Group,positive_mix,clear_mix,0.009192,0.390808
English#EN-Tenor-1#Mixed_Voice_and_Falsetto#Diamonds#Mixed_Voice_Group#0000,EN-Tenor-1,Diamonds,Mixed_Voice_Group,positive_mix,clear_mix,0.009097,0.390903
English#EN-Tenor-1#Pharyngeal#You Belong With Me#Control_Group#0007,EN-Tenor-1,You Belong With Me,Control_Group,positive_mix,clear_mix,0.00908,0.39092
English#EN-Tenor-1#Glissando#Million Reasons#Glissando_Group#0009,EN-Tenor-1,Million Reasons,Glissando_Group,positive_mix,clear_mix,0.009077,0.390923
English#EN-Tenor-1#Vibrato#Long Live#Control_Group#0010,EN-Tenor-1,Long Live,Control_Group,positive_mix,clear_mix,0.009065,0.390935
English#EN-Tenor-1#Glissando#Rolling in the Deep#Control_Group#0001,EN-Tenor-1,Rolling in the Deep,Control_Group,positive_mix,clear_mix,0.009013,0.390987
English#EN-Tenor-1#Vibrato#You Belong With Me#Vibrato_Group#0002,EN-Tenor-1,You Belong With Me,Vibrato_Group,positive_mix,clear_mix,0.008998,0.391002
English#EN-Tenor-1#Mixed_Voice_and_Falsetto#Enchanted#Mixed_Voice_Group#0002,EN-Tenor-1,Enchanted,Mixed_Voice_Group,positive_mix,clear_mix,0.008983,0.391017
English#EN-Tenor-1#Mixed_Voice_and_Falsetto#Someone You Loved#Mixed_Voice_Group#0006,EN-Tenor-1,Someone You Loved,Mixed_Voice_Group,positive_mix,clear_mix,0.008982,0.391018
English#EN-Tenor-1#Pharyngeal#You Belong With Me#Control_Group#0010,EN-Tenor-1,You Belong With Me,Control_Group,positive_mix,clear_mix,0.008934,0.391066
English#EN-Tenor-1#Vibrato#You Belong With Me#Control_Group#0010,EN-Tenor-1,You Belong With Me,Control_Group,positive_mix,clear_mix,0.00892,0.39108
English#EN-Tenor-1#Glissando#Enchanted#Control_Group#0001,EN-Tenor-1,Enchanted,Control_Group,positive_mix,clear_mix,0.008905,0.391095
English#EN-Tenor-1#Breathy#Long Live#Control_Group#0006,EN-Tenor-1,Long Live,Control_Group,positive_mix,clear_mix,0.008904,0.391096
English#EN-Tenor-1#Glissando#Long Live#Control_Group#0006,EN-Tenor-1,Long Live,Control_Group,positive_mix,clear_mix,0.008904,0.391096
English#EN-Tenor-1#Pharyngeal#Long Live#Control_Group#0006,EN-Tenor-1,Long Live,Control_Group,positive_mix,clear_mix,0.008904,0.391096
English#EN-Tenor-1#Vibrato#Long Live#Control_Group#0006,EN-Tenor-1,Long Live,Control_Group,positive_mix,clear_mix,0.008904,0.391096
English#EN-Tenor-1#Mixed_Voice_and_Falsetto#Wildest Dreams#Mixed_Voice_Group#0000,EN-Tenor-1,Wildest Dreams,Mixed_Voice_Group,positive_mix,clear_mix,0.008867,0.391133
English#EN-Tenor-1#Mixed_Voice_and_Falsetto#What Was I Made For？#Mixed_Voice_Group#0000,EN-Tenor-1,What Was I Made For？,Mixed_Voice_Group,positive_mix,clear_mix,0.008863,0.391137
English#EN-Tenor-1#Mixed_Voice_and_Falsetto#Look What You Make Me Do#Mixed_Voice_Group#0001,EN-Tenor-1,Look What You Make Me Do,Mixed_Voice_Group,positive_mix,clear_mix,0.008795,0.391205
English#EN-Tenor-1#Vibrato#What Was I Made For？#Vibrato_Group#0004,EN-Tenor-1,What Was I Made For？,Vibrato_Group,positive_mix,clear_mix,0.008788,0.391212
English#EN-Tenor-1#Breathy#Long Live#Control_Group#0005,EN-Tenor-1,Long Live,Control_Group,positive_mix,clear_mix,0.008603,0.391397
English#EN-Tenor-1#Glissando#Long Live#Control_Group#0005,EN-Tenor-1,Long Live,Control_Group,positive_mix,clear_mix,0.008603,0.391397
English#EN-Tenor-1#Pharyngeal#Long Live#Control_Group#0005,EN-Tenor-1,Long Live,Control_Group,positive_mix,clear_mix,0.008603,0.391397
English#EN-Tenor-1#Vibrato#Long Live#Control_Group#0005,EN-Tenor-1,Long Live,Control_Group,positive_mix,clear_mix,0.008603,0.391397
English#EN-Tenor-1#Glissando#Million Reasons#Glissando_Group#0003,EN-Tenor-1,Million Reasons,Glissando_Group,positive_mix,clear_mix,0.008553,0.391447
English#EN-Tenor-1#Breathy#Always Remember Us This Way#Control_Group#0012,EN-Tenor-1,Always Remember Us This Way,Control_Group,positive_mix,clear_mix,0.008488,0.391512
English#EN-Tenor-1#Vibrato#What Was I Made For？#Vibrato_Group#0009,EN-Tenor-1,What Was I Made For？,Vibrato_Group,positive_mix,clear_mix,0.008482,0.391518
English#EN-Tenor-1#Glissando#Long Live#Glissando_Group#0009,EN-Tenor-1,Long Live,Glissando_Group,positive_mix,clear_mix,0.008445,0.391555
English#EN-Tenor-1#Mixed_Voice_and_Falsetto#Summertime Sadness#Mixed_Voice_Group#0001,EN-Tenor-1,Summertime Sadness,Mixed_Voice_Group,positive_mix,clear_mix,0.008428,0.391572
English#EN-Tenor-1#Pharyngeal#Stay#Control_Group#0003,EN-Tenor-1,Stay,Control_Group,positive_mix,clear_mix,0.008388,0.391612
English#EN-Tenor-1#Glissando#Long Live#Control_Group#0009,EN-Tenor-1,Long Live,Control_Group,positive_mix,clear_mix,0.008379,0.391621
English#EN-Tenor-1#Glissando#Million Reasons#Glissando_Group#0006,EN-Tenor-1,Million Reasons,Glissando_Group,positive_mix,clear_mix,0.00837,0.39163
English#EN-Tenor-1#Mixed_Voice_and_Falsetto#Umbrella#Mixed_Voice_Group#0006,EN-Tenor-1,Umbrella,Mixed_Voice_Group,positive_mix,clear_mix,0.008367,0.391633
English#EN-Tenor-1#Mixed_Voice_and_Falsetto#Always Remember Us This Way#Mixed_Voice_Group#0010,EN-Tenor-1,Always Remember Us This Way,Mixed_Voice_Group,positive_mix,clear_mix,0.008266,0.391734
English#EN-Tenor-1#Breathy#Always Remember Us This Way#Control_Group#0003,EN-Tenor-1,Always Remember Us This Way,Control_Group,positive_mix,clear_mix,0.008243,0.391757
English#EN-Tenor-1#Glissando#Always Remember Us This Way#Control_Group#0003,EN-Tenor-1,Always Remember Us This Way,Control_Group,positive_mix,clear_mix,0.008243,0.391757
English#EN-Tenor-1#Pharyngeal#Always Remember Us This Way#Control_Group#0003,EN-Tenor-1,Always Remember Us This Way,Control_Group,positive_mix,clear_mix,0.008243,0.391757
English#EN-Tenor-1#Vibrato#Always Remember Us This Way#Control_Group#0003,EN-Tenor-1,Always Remember Us This Way,Control_Group,positive_mix,clear_mix,0.008243,0.391757
English#EN-Tenor-1#Vibrato#Long Live#Vibrato_Group#0007,EN-Tenor-1,Long Live,Vibrato_Group,positive_mix,clear_mix,0.008236,0.391764
English#EN-Tenor-1#Glissando#Rolling in the Deep#Control_Group#0000,EN-Tenor-1,Rolling in the Deep,Control_Group,positive_mix,clear_mix,0.008218,0.391782
English#EN-Tenor-1#Mixed_Voice_and_Falsetto#I Knew You Were Trouble#Mixed_Voice_Group#0001,EN-Tenor-1,I Knew You Were Trouble,Mixed_Voice_Group,positive_mix,clear_mix,0.008214,0.391786
English#EN-Tenor-1#Vibrato#What Was I Made For？#Control_Group#0005,EN-Tenor-1,What Was I Made For？,Control_Group,positive_mix,clear_mix,0.008156,0.391844
English#EN-Tenor-1#Glissando#I Knew You Were Trouble#Glissando_Group#0011,EN-Tenor-1,I Knew You Were Trouble,Glissando_Group,positive_mix,clear_mix,0.008115,0.391885
English#EN-Tenor-1#Breathy#Million Reasons#Control_Group#0002,EN-Tenor-1,Million Reasons,Control_Group,positive_mix,clear_mix,0.008105,0.391895
English#EN-Tenor-1#Glissando#Million Reasons#Control_Group#0002,EN-Tenor-1,Million Reasons,Control_Group,positive_mix,clear_mix,0.008105,0.391895
English#EN-Tenor-1#Pharyngeal#Million Reasons#Control_Group#0002,EN-Tenor-1,Million Reasons,Control_Group,positive_mix,clear_mix,0.008105,0.391895
English#EN-Tenor-1#Vibrato#Million Reasons#Control_Group#0002,EN-Tenor-1,Million Reasons,Control_Group,positive_mix,clear_mix,0.008105,0.391895
English#EN-Tenor-1#Mixed_Voice_and_Falsetto#Enchanted#Mixed_Voice_Group#0000,EN-Tenor-1,Enchanted,Mixed_Voice_Group,positive_mix,clear_mix,0.008084,0.391916
English#EN-Tenor-1#Mixed_Voice_and_Falsetto#Take a Bow#Mixed_Voice_Group#0010,EN-Tenor-1,Take a Bow,Mixed_Voice_Group,positive_mix,clear_mix,0.008077,0.391923
English#EN-Tenor-1#Glissando#Stay#Control_Group#0001,EN-Tenor-1,Stay,Control_Group,positive_mix,clear_mix,0.008069,0.391931
English#EN-Tenor-1#Vibrato#You Belong With Me#Vibrato_Group#0010,EN-Tenor-1,You Belong With Me,Vibrato_Group,positive_mix,clear_mix,0.008068,0.391932
English#EN-Tenor-1#Mixed_Voice_and_Falsetto#Rolling in the Deep#Mixed_Voice_Group#0002,EN-Tenor-1,Rolling in the Deep,Mixed_Voice_Group,positive_mix,clear_mix,0.00804,0.39196
English#EN-Tenor-1#Glissando#I Knew You Were Trouble#Glissando_Group#0000,EN-Tenor-1,I Knew You Were Trouble,Glissando_Group,positive_mix,clear_mix,0.008006,0.391994
English#EN-Tenor-1#Breathy#Always Remember Us This Way#Control_Group#0009,EN-Tenor-1,Always Remember Us This Way,Control_Group,positive_mix,clear_mix,0.007967,0.392033
English#EN-Tenor-1#Glissando#Always Remember Us This Way#Control_Group#0009,EN-Tenor-1,Always Remember Us This Way,Control_Group,positive_mix,clear_mix,0.007967,0.392033
English#EN-Tenor-1#Pharyngeal#Always Remember Us This Way#Control_Group#0009,EN-Tenor-1,Always Remember Us This Way,Control_Group,positive_mix,clear_mix,0.007967,0.392033
English#EN-Tenor-1#Mixed_Voice_and_Falsetto#Back to December#Mixed_Voice_Group#0005,EN-Tenor-1,Back to December,Mixed_Voice_Group,positive_mix,clear_mix,0.007945,0.392055
English#EN-Tenor-1#Vibrato#All I Ask#Control_Group#0004,EN-Tenor-1,All I Ask,Control_Group,positive_mix,clear_mix,0.007938,0.392062
English#EN-Tenor-1#Breathy#Always Remember Us This Way#Control_Group#0001,EN-Tenor-1,Always Remember Us This Way,Control_Group,positive_mix,clear_mix,0.007925,0.392075
English#EN-Tenor-1#Breathy#You Belong With Me#Control_Group#0010,EN-Tenor-1,You Belong With Me,Control_Group,positive_mix,clear_mix,0.007881,0.392119
English#EN-Tenor-1#Glissando#Shallow#Glissando_Group#0006,EN-Tenor-1,Shallow,Glissando_Group,positive_mix,clear_mix,0.007837,0.392163
English#EN-Tenor-1#Breathy#Stay#Control_Group#0009,EN-Tenor-1,Stay,Control_Group,positive_mix,clear_mix,0.007829,0.392171
English#EN-Tenor-1#Pharyngeal#Stay#Control_Group#0007,EN-Tenor-1,Stay,Control_Group,positive_mix,clear_mix,0.007829,0.392171
English#EN-Tenor-1#Vibrato#Stay#Control_Group#0010,EN-Tenor-1,Stay,Control_Group,positive_mix,clear_mix,0.007829,0.392171
English#EN-Tenor-1#Mixed_Voice_and_Falsetto#Wildest Dreams#Mixed_Voice_Group#0007,EN-Tenor-1,Wildest Dreams,Mixed_Voice_Group,positive_mix,clear_mix,0.007804,0.392196
English#EN-Tenor-1#Vibrato#Always Remember Us This Way#Vibrato_Group#0000,EN-Tenor-1,Always Remember Us This Way,Vibrato_Group,positive_mix,clear_mix,0.007799,0.392201
English#EN-Tenor-1#Glissando#You Belong With Me#Control_Group#0005,EN-Tenor-1,You Belong With Me,Control_Group,positive_mix,clear_mix,0.007795,0.392205
English#EN-Tenor-1#Glissando#Million Reasons#Control_Group#0009,EN-Tenor-1,Million Reasons,Control_Group,positive_mix,clear_mix,0.007699,0.392301
English#EN-Tenor-1#Mixed_Voice_and_Falsetto#Blank Space#Mixed_Voice_Group#0000,EN-Tenor-1,Blank Space,Mixed_Voice_Group,positive_mix,clear_mix,0.007623,0.392377
English#EN-Tenor-1#Breathy#You Belong With Me#Control_Group#0007,EN-Tenor-1,You Belong With Me,Control_Group,positive_mix,clear_mix,0.007614,0.392386
English#EN-Tenor-1#Glissando#Enchanted#Control_Group#0002,EN-Tenor-1,Enchanted,Control_Group,positive_mix,clear_mix,0.007609,0.392391
English#EN-Tenor-1#Glissando#Long Live#Glissando_Group#0005,EN-Tenor-1,Long Live,Glissando_Group,positive_mix,clear_mix,0.007527,0.392473
English#EN-Tenor-1#Glissando#Always Remember Us This Way#Glissando_Group#0004,EN-Tenor-1,Always Remember Us This Way,Glissando_Group,positive_mix,clear_mix,0.007487,0.392513
English#EN-Tenor-1#Mixed_Voice_and_Falsetto#What Was I Made For？#Mixed_Voice_Group#0002,EN-Tenor-1,What Was I Made For？,Mixed_Voice_Group,positive_mix,clear_mix,0.007437,0.392563
English#EN-Tenor-1#Vibrato#All I Ask#Vibrato_Group#0004,EN-Tenor-1,All I Ask,Vibrato_Group,positive_mix,clear_mix,0.007436,0.392564
English#EN-Tenor-1#Mixed_Voice_and_Falsetto#Someone You Loved#Mixed_Voice_Group#0008,EN-Tenor-1,Someone You Loved,Mixed_Voice_Group,positive_mix,clear_mix,0.007415,0.392585
English#EN-Tenor-1#Mixed_Voice_and_Falsetto#Love Story#Mixed_Voice_Group#0006,EN-Tenor-1,Love Story,Mixed_Voice_Group,positive_mix,clear_mix,0.007386,0.392614
English#EN-Tenor-1#Glissando#Long Live#Glissando_Group#0007,EN-Tenor-1,Long Live,Glissando_Group,positive_mix,clear_mix,0.007374,0.392626
English#EN-Tenor-1#Breathy#I Knew You Were Trouble#Control_Group#0001,EN-Tenor-1,I Knew You Were Trouble,Control_Group,positive_mix,clear_mix,0.00737,0.39263
English#EN-Tenor-1#Pharyngeal#I Knew You Were Trouble#Control_Group#0001,EN-Tenor-1,I Knew You Were Trouble,Control_Group,positive_mix,clear_mix,0.00737,0.39263
English#EN-Tenor-1#Vibrato#I Knew You Were Trouble#Control_Group#0001,EN-Tenor-1,I Knew You Were Trouble,Control_Group,positive_mix,clear_mix,0.00737,0.39263
English#EN-Tenor-1#Glissando#Rolling in the Deep#Glissando_Group#0005,EN-Tenor-1,Rolling in the Deep,Glissando_Group,positive_mix,clear_mix,0.007336,0.392664
English#EN-Tenor-1#Mixed_Voice_and_Falsetto#I Knew You Were Trouble#Mixed_Voice_Group#0007,EN-Tenor-1,I Knew You Were Trouble,Mixed_Voice_Group,positive_mix,clear_mix,0.007327,0.392673
English#EN-Tenor-1#Glissando#I Knew You Were Trouble#Glissando_Group#0005,EN-Tenor-1,I Knew You Were Trouble,Glissando_Group,positive_mix,clear_mix,0.007216,0.392784
English#EN-Tenor-1#Glissando#Stay#Glissando_Group#0008,EN-Tenor-1,Stay,Glissando_Group,positive_mix,clear_mix,0.007184,0.392816
English#EN-Tenor-1#Vibrato#You Belong With Me#Vibrato_Group#0009,EN-Tenor-1,You Belong With Me,Vibrato_Group,positive_mix,clear_mix,0.007144,0.392856
English#EN-Tenor-1#Glissando#I Knew You Were Trouble#Glissando_Group#0010,EN-Tenor-1,I Knew You Were Trouble,Glissando_Group,positive_mix,clear_mix,0.007137,0.392863
English#EN-Tenor-1#Glissando#Enchanted#Control_Group#0000,EN-Tenor-1,Enchanted,Control_Group,positive_mix,clear_mix,0.007112,0.392888
English#EN-Tenor-1#Glissando#Always Remember Us This Way#Control_Group#0001,EN-Tenor-1,Always Remember Us This Way,Control_Group,positive_mix,clear_mix,0.007111,0.392889
English#EN-Tenor-1#Glissando#Stay#Glissando_Group#0000,EN-Tenor-1,Stay,Glissando_Group,positive_mix,clear_mix,0.0071,0.3929
English#EN-Tenor-1#Breathy#Million Reasons#Control_Group#0000,EN-Tenor-1,Million Reasons,Control_Group,positive_mix,clear_mix,0.007074,0.392926
English#EN-Tenor-1#Pharyngeal#Million Reasons#Control_Group#0000,EN-Tenor-1,Million Reasons,Control_Group,positive_mix,clear_mix,0.007074,0.392926
English#EN-Tenor-1#Vibrato#You Belong With Me#Control_Group#0009,EN-Tenor-1,You Belong With Me,Control_Group,positive_mix,clear_mix,0.007059,0.392941
English#EN-Tenor-1#Mixed_Voice_and_Falsetto#Always Remember Us This Way#Mixed_Voice_Group#0009,EN-Tenor-1,Always Remember Us This Way,Mixed_Voice_Group,positive_mix,clear_mix,0.007056,0.392944
English#EN-Tenor-1#Breathy#You Belong With Me#Control_Group#0009,EN-Tenor-1,You Belong With Me,Control_Group,positive_mix,clear_mix,0.007052,0.392948
English#EN-Tenor-1#Pharyngeal#You Belong With Me#Control_Group#0009,EN-Tenor-1,You Belong With Me,Control_Group,positive_mix,clear_mix,0.007052,0.392948
English#EN-Tenor-1#Breathy#What Was I Made For？#Control_Group#0013,EN-Tenor-1,What Was I Made For？,Control_Group,positive_mix,clear_mix,0.006981,0.393019
English#EN-Tenor-1#Glissando#What Was I Made For？#Control_Group#0010,EN-Tenor-1,What Was I Made For？,Control_Group,positive_mix,clear_mix,0.006981,0.393019
English#EN-Tenor-1#Pharyngeal#What Was I Made For？#Control_Group#0012,EN-Tenor-1,What Was I Made For？,Control_Group,positive_mix,clear_mix,0.006981,0.393019
English#EN-Tenor-1#Vibrato#What Was I Made For？#Control_Group#0012,EN-Tenor-1,What Was I Made For？,Control_Group,positive_mix,clear_mix,0.006981,0.393019
English#EN-Tenor-1#Glissando#Always Remember Us This Way#Glissando_Group#0001,EN-Tenor-1,Always Remember Us This Way,Glissando_Group,positive_mix,clear_mix,0.006979,0.393021
English#EN-Tenor-1#Breathy#Enchanted#Control_Group#0004,EN-Tenor-1,Enchanted,Control_Group,positive_mix,clear_mix,0.006972,0.393028
English#EN-Tenor-1#Pharyngeal#Enchanted#Control_Group#0004,EN-Tenor-1,Enchanted,Control_Group,positive_mix,clear_mix,0.006972,0.393028
English#EN-Tenor-1#Vibrato#Enchanted#Control_Group#0004,EN-Tenor-1,Enchanted,Control_Group,positive_mix,clear_mix,0.006972,0.393028
English#EN-Tenor-1#Glissando#Shallow#Glissando_Group#0003,EN-Tenor-1,Shallow,Glissando_Group,positive_mix,clear_mix,0.006957,0.393043
English#EN-Tenor-1#Glissando#Someone Like You#Glissando_Group#0006,EN-Tenor-1,Someone Like You,Glissando_Group,positive_mix,clear_mix,0.006923,0.393077
English#EN-Tenor-1#Vibrato#You Belong With Me#Vibrato_Group#0007,EN-Tenor-1,You Belong With Me,Vibrato_Group,positive_mix,clear_mix,0.006895,0.393105
English#EN-Tenor-1#Breathy#Long Live#Control_Group#0000,EN-Tenor-1,Long Live,Control_Group,positive_mix,clear_mix,0.006868,0.393132
English#EN-Tenor-1#Glissando#Long Live#Control_Group#0000,EN-Tenor-1,Long Live,Control_Group,positive_mix,clear_mix,0.006868,0.393132
English#EN-Tenor-1#Pharyngeal#Long Live#Control_Group#0000,EN-Tenor-1,Long Live,Control_Group,positive_mix,clear_mix,0.006868,0.393132
English#EN-Tenor-1#Vibrato#Long Live#Control_Group#0000,EN-Tenor-1,Long Live,Control_Group,positive_mix,clear_mix,0.006868,0.393132
English#EN-Tenor-1#Glissando#Stay#Glissando_Group#0001,EN-Tenor-1,Stay,Glissando_Group,positive_mix,clear_mix,0.006856,0.393144
English#EN-Tenor-1#Mixed_Voice_and_Falsetto#Love Story#Mixed_Voice_Group#0003,EN-Tenor-1,Love Story,Mixed_Voice_Group,positive_mix,clear_mix,0.006851,0.393149
English#EN-Tenor-1#Glissando#Always Remember Us This Way#Glissando_Group#0009,EN-Tenor-1,Always Remember Us This Way,Glissando_Group,positive_mix,clear_mix,0.006789,0.393211
English#EN-Tenor-1#Pharyngeal#Always Remember Us This Way#Control_Group#0001,EN-Tenor-1,Always Remember Us This Way,Control_Group,positive_mix,clear_mix,0.006785,0.393215
English#EN-Tenor-1#Mixed_Voice_and_Falsetto#Call Out My Name#Mixed_Voice_Group#0003,EN-Tenor-1,Call Out My Name,Mixed_Voice_Group,positive_mix,clear_mix,0.006773,0.393227
English#EN-Tenor-1#Mixed_Voice_and_Falsetto#Someone You Loved#Mixed_Voice_Group#0003,EN-Tenor-1,Someone You Loved,Mixed_Voice_Group,positive_mix,clear_mix,0.00676,0.39324
English#EN-Tenor-1#Glissando#You Belong With Me#Control_Group#0003,EN-Tenor-1,You Belong With Me,Control_Group,positive_mix,clear_mix,0.006752,0.393248
English#EN-Tenor-1#Mixed_Voice_and_Falsetto#Style#Mixed_Voice_Group#0007,EN-Tenor-1,Style,Mixed_Voice_Group,positive_mix,clear_mix,0.006629,0.393371
English#EN-Tenor-1#Breathy#Always Remember Us This Way#Control_Group#0000,EN-Tenor-1,Always Remember Us This Way,Control_Group,positive_mix,clear_mix,0.006617,0.393383
English#EN-Tenor-1#Mixed_Voice_and_Falsetto#You Belong With Me#Mixed_Voice_Group#0008,EN-Tenor-1,You Belong With Me,Mixed_Voice_Group,positive_mix,clear_mix,0.006582,0.393418
English#EN-Tenor-1#Glissando#All I Ask#Glissando_Group#0003,EN-Tenor-1,All I Ask,Glissando_Group,positive_mix,clear_mix,0.006544,0.393456
English#EN-Tenor-1#Breathy#Long Live#Control_Group#0009,EN-Tenor-1,Long Live,Control_Group,positive_mix,clear_mix,0.006542,0.393458
English#EN-Tenor-1#Pharyngeal#Long Live#Control_Group#0009,EN-Tenor-1,Long Live,Control_Group,positive_mix,clear_mix,0.006542,0.393458
English#EN-Tenor-1#Vibrato#Long Live#Control_Group#0009,EN-Tenor-1,Long Live,Control_Group,positive_mix,clear_mix,0.006542,0.393458
English#EN-Tenor-1#Vibrato#Always Remember Us This Way#Vibrato_Group#0005,EN-Tenor-1,Always Remember Us This Way,Vibrato_Group,positive_mix,clear_mix,0.006515,0.393485
English#EN-Tenor-1#Glissando#Long Live#Glissando_Group#0006,EN-Tenor-1,Long Live,Glissando_Group,positive_mix,clear_mix,0.00651,0.39349
English#EN-Tenor-1#Glissando#Stay#Glissando_Group#0005,EN-Tenor-1,Stay,Glissando_Group,positive_mix,clear_mix,0.006506,0.393494
English#EN-Tenor-1#Mixed_Voice_and_Falsetto#Love on the Brain#Mixed_Voice_Group#0012,EN-Tenor-1,Love on the Brain,Mixed_Voice_Group,positive_mix,clear_mix,0.006474,0.393526
English#EN-Tenor-1#Mixed_Voice_and_Falsetto#You Belong With Me#Mixed_Voice_Group#0000,EN-Tenor-1,You Belong With Me,Mixed_Voice_Group,positive_mix,clear_mix,0.006473,0.393527
English#EN-Tenor-1#Glissando#Shallow#Glissando_Group#0001,EN-Tenor-1,Shallow,Glissando_Group,positive_mix,clear_mix,0.006467,0.393533
English#EN-Tenor-1#Glissando#Stay#Control_Group#0000,EN-Tenor-1,Stay,Control_Group,positive_mix,clear_mix,0.006464,0.393536
English#EN-Tenor-1#Glissando#Million Reasons#Glissando_Group#0000,EN-Tenor-1,Million Reasons,Glissando_Group,positive_mix,clear_mix,0.006438,0.393562
English#EN-Tenor-1#Breathy#All I Ask#Control_Group#0004,EN-Tenor-1,All I Ask,Control_Group,positive_mix,clear_mix,0.00642,0.39358
English#EN-Tenor-1#Pharyngeal#All I Ask#Control_Group#0004,EN-Tenor-1,All I Ask,Control_Group,positive_mix,clear_mix,0.00642,0.39358
English#EN-Tenor-1#Mixed_Voice_and_Falsetto#Call Out My Name#Mixed_Voice_Group#0001,EN-Tenor-1,Call Out My Name,Mixed_Voice_Group,positive_mix,clear_mix,0.006379,0.393621
English#EN-Tenor-1#Mixed_Voice_and_Falsetto#Summertime Sadness#Mixed_Voice_Group#0003,EN-Tenor-1,Summertime Sadness,Mixed_Voice_Group,positive_mix,clear_mix,0.006361,0.393639
English#EN-Tenor-1#Mixed_Voice_and_Falsetto#Take a Bow#Mixed_Voice_Group#0006,EN-Tenor-1,Take a Bow,Mixed_Voice_Group,positive_mix,clear_mix,0.006358,0.393642
English#EN-Tenor-1#Glissando#Rolling in the Deep#Glissando_Group#0007,EN-Tenor-1,Rolling in the Deep,Glissando_Group,positive_mix,clear_mix,0.006352,0.393648
English#EN-Tenor-1#Glissando#Someone Like You#Glissando_Group#0008,EN-Tenor-1,Someone Like You,Glissando_Group,positive_mix,clear_mix,0.006329,0.393671
English#EN-Tenor-1#Glissando#Enchanted#Glissando_Group#0004,EN-Tenor-1,Enchanted,Glissando_Group,positive_mix,clear_mix,0.006324,0.393676
English#EN-Tenor-1#Mixed_Voice_and_Falsetto#Style#Mixed_Voice_Group#0002,EN-Tenor-1,Style,Mixed_Voice_Group,positive_mix,clear_mix,0.00632,0.39368
English#EN-Tenor-1#Vibrato#You Belong With Me#Control_Group#0005,EN-Tenor-1,You Belong With Me,Control_Group,positive_mix,clear_mix,0.006315,0.393685
English#EN-Tenor-1#Mixed_Voice_and_Falsetto#Summertime Sadness#Mixed_Voice_Group#0006,EN-Tenor-1,Summertime Sadness,Mixed_Voice_Group,positive_mix,clear_mix,0.006297,0.393703
English#EN-Tenor-1#Glissando#Someone Like You#Control_Group#0005,EN-Tenor-1,Someone Like You,Control_Group,positive_mix,clear_mix,0.006249,0.393751
English#EN-Tenor-1#Glissando#Million Reasons#Control_Group#0001,EN-Tenor-1,Million Reasons,Control_Group,positive_mix,clear_mix,0.006218,0.393782
English#EN-Tenor-1#Vibrato#Million Reasons#Control_Group#0001,EN-Tenor-1,Million Reasons,Control_Group,positive_mix,clear_mix,0.006218,0.393782
English#EN-Tenor-1#Glissando#Million Reasons#Control_Group#0005,EN-Tenor-1,Million Reasons,Control_Group,positive_mix,clear_mix,0.006217,0.393783
English#EN-Tenor-1#Pharyngeal#Million Reasons#Control_Group#0005,EN-Tenor-1,Million Reasons,Control_Group,positive_mix,clear_mix,0.006217,0.393783
English#EN-Tenor-1#Glissando#Always Remember Us This Way#Glissando_Group#0002,EN-Tenor-1,Always Remember Us This Way,Glissando_Group,positive_mix,clear_mix,0.006165,0.393835
English#EN-Tenor-1#Breathy#You Belong With Me#Control_Group#0000,EN-Tenor-1,You Belong With Me,Control_Group,positive_mix,clear_mix,0.006137,0.393863
English#EN-Tenor-1#Pharyngeal#You Belong With Me#Control_Group#0000,EN-Tenor-1,You Belong With Me,Control_Group,positive_mix,clear_mix,0.006137,0.393863
English#EN-Tenor-1#Vibrato#You Belong With Me#Control_Group#0000,EN-Tenor-1,You Belong With Me,Control_Group,positive_mix,clear_mix,0.006137,0.393863
English#EN-Tenor-1#Mixed_Voice_and_Falsetto#Take a Bow#Mixed_Voice_Group#0001,EN-Tenor-1,Take a Bow,Mixed_Voice_Group,positive_mix,clear_mix,0.006099,0.393901
English#EN-Tenor-1#Pharyngeal#Enchanted#Control_Group#0000,EN-Tenor-1,Enchanted,Control_Group,positive_mix,clear_mix,0.00608,0.39392
English#EN-Tenor-1#Vibrato#Enchanted#Control_Group#0000,EN-Tenor-1,Enchanted,Control_Group,positive_mix,clear_mix,0.00608,0.39392
English#EN-Tenor-1#Mixed_Voice_and_Falsetto#Talking to the Moon#Mixed_Voice_Group#0000,EN-Tenor-1,Talking to the Moon,Mixed_Voice_Group,positive_mix,clear_mix,0.006066,0.393934
English#EN-Tenor-1#Pharyngeal#Always Remember Us This Way#Control_Group#0000,EN-Tenor-1,Always Remember Us This Way,Control_Group,positive_mix,clear_mix,0.006033,0.393967
English#EN-Tenor-1#Vibrato#Always Remember Us This Way#Control_Group#0001,EN-Tenor-1,Always Remember Us This Way,Control_Group,positive_mix,clear_mix,0.006022,0.393978
English#EN-Tenor-1#Mixed_Voice_and_Falsetto#Blank Space#Mixed_Voice_Group#0005,EN-Tenor-1,Blank Space,Mixed_Voice_Group,positive_mix,clear_mix,0.006005,0.393995
English#EN-Tenor-1#Vibrato#You Belong With Me#Vibrato_Group#0003,EN-Tenor-1,You Belong With Me,Vibrato_Group,positive_mix,clear_mix,0.006001,0.393999
English#EN-Tenor-1#Vibrato#Always Remember Us This Way#Vibrato_Group#0010,EN-Tenor-1,Always Remember Us This Way,Vibrato_Group,positive_mix,clear_mix,0.005948,0.394052
English#EN-Tenor-1#Glissando#I Knew You Were Trouble#Control_Group#0002,EN-Tenor-1,I Knew You Were Trouble,Control_Group,positive_mix,clear_mix,0.005944,0.394056
English#EN-Tenor-1#Mixed_Voice_and_Falsetto#Love on the Brain#Mixed_Voice_Group#0001,EN-Tenor-1,Love on the Brain,Mixed_Voice_Group,positive_mix,clear_mix,0.005915,0.394085
English#EN-Tenor-1#Vibrato#Always Remember Us This Way#Vibrato_Group#0007,EN-Tenor-1,Always Remember Us This Way,Vibrato_Group,positive_mix,clear_mix,0.005901,0.394099
English#EN-Tenor-1#Vibrato#Always Remember Us This Way#Control_Group#0000,EN-Tenor-1,Always Remember Us This Way,Control_Group,positive_mix,clear_mix,0.005895,0.394105
English#EN-Tenor-1#Glissando#Million Reasons#Glissando_Group#0004,EN-Tenor-1,Million Reasons,Glissando_Group,positive_mix,clear_mix,0.005865,0.394135
English#EN-Tenor-1#Vibrato#Stay#Control_Group#0007,EN-Tenor-1,Stay,Control_Group,positive_mix,clear_mix,0.005854,0.394146
English#EN-Tenor-1#Glissando#Long Live#Glissando_Group#0002,EN-Tenor-1,Long Live,Glissando_Group,positive_mix,clear_mix,0.005843,0.394157
English#EN-Tenor-1#Mixed_Voice_and_Falsetto#Back to December#Mixed_Voice_Group#0003,EN-Tenor-1,Back to December,Mixed_Voice_Group,positive_mix,clear_mix,0.005823,0.394177
English#EN-Tenor-1#Glissando#Someone Like You#Control_Group#0006,EN-Tenor-1,Someone Like You,Control_Group,positive_mix,clear_mix,0.005801,0.394199
English#EN-Tenor-1#Breathy#Million Reasons#Control_Group#0001,EN-Tenor-1,Million Reasons,Control_Group,positive_mix,clear_mix,0.005739,0.394261
English#EN-Tenor-1#Pharyngeal#Million Reasons#Control_Group#0001,EN-Tenor-1,Million Reasons,Control_Group,positive_mix,clear_mix,0.005739,0.394261
English#EN-Tenor-1#Mixed_Voice_and_Falsetto#Take a Bow#Mixed_Voice_Group#0008,EN-Tenor-1,Take a Bow,Mixed_Voice_Group,positive_mix,clear_mix,0.005726,0.394274
English#EN-Tenor-1#Breathy#Shallow#Control_Group#0009,EN-Tenor-1,Shallow,Control_Group,positive_mix,clear_mix,0.005717,0.394283
English#EN-Tenor-1#Glissando#Unconditionally#Glissando_Group#0001,EN-Tenor-1,Unconditionally,Glissando_Group,positive_mix,clear_mix,0.005696,0.394304
English#EN-Tenor-1#Mixed_Voice_and_Falsetto#Someone You Loved#Mixed_Voice_Group#0004,EN-Tenor-1,Someone You Loved,Mixed_Voice_Group,positive_mix,clear_mix,0.005696,0.394304
English#EN-Tenor-1#Vibrato#Shallow#Vibrato_Group#0003,EN-Tenor-1,Shallow,Vibrato_Group,positive_mix,clear_mix,0.005687,0.394313
English#EN-Tenor-1#Vibrato#Enchanted#Vibrato_Group#0000,EN-Tenor-1,Enchanted,Vibrato_Group,positive_mix,clear_mix,0.00565,0.39435
English#EN-Tenor-1#Vibrato#I Knew You Were Trouble#Vibrato_Group#0002,EN-Tenor-1,I Knew You Were Trouble,Vibrato_Group,positive_mix,clear_mix,0.005611,0.394389
English#EN-Tenor-1#Glissando#Enchanted#Control_Group#0007,EN-Tenor-1,Enchanted,Control_Group,positive_mix,clear_mix,0.005544,0.394456
English#EN-Tenor-1#Glissando#What Was I Made For？#Glissando_Group#0004,EN-Tenor-1,What Was I Made For？,Glissando_Group,positive_mix,clear_mix,0.00549,0.39451
English#EN-Tenor-1#Glissando#Always Remember Us This Way#Control_Group#0000,EN-Tenor-1,Always Remember Us This Way,Control_Group,positive_mix,clear_mix,0.00546,0.39454
English#EN-Tenor-1#Glissando#Long Live#Glissando_Group#0001,EN-Tenor-1,Long Live,Glissando_Group,positive_mix,clear_mix,0.005432,0.394568
English#EN-Tenor-1#Mixed_Voice_and_Falsetto#Exile#Mixed_Voice_Group#0001,EN-Tenor-1,Exile,Mixed_Voice_Group,positive_mix,clear_mix,0.005414,0.394586
English#EN-Tenor-1#Vibrato#Stay#Vibrato_Group#0003,EN-Tenor-1,Stay,Vibrato_Group,positive_mix,clear_mix,0.005407,0.394593
English#EN-Tenor-1#Mixed_Voice_and_Falsetto#Rolling in the Deep#Mixed_Voice_Group#0007,EN-Tenor-1,Rolling in the Deep,Mixed_Voice_Group,positive_mix,clear_mix,0.005401,0.394599
English#EN-Tenor-1#Glissando#I Knew You Were Trouble#Control_Group#0005,EN-Tenor-1,I Knew You Were Trouble,Control_Group,positive_mix,clear_mix,0.005399,0.394601
English#EN-Tenor-1#Mixed_Voice_and_Falsetto#Dark Paradise#Mixed_Voice_Group#0003,EN-Tenor-1,Dark Paradise,Mixed_Voice_Group,positive_mix,clear_mix,0.005364,0.394636
English#EN-Tenor-1#Glissando#Shallow#Glissando_Group#0005,EN-Tenor-1,Shallow,Glissando_Group,positive_mix,clear_mix,0.005341,0.394659
English#EN-Tenor-1#Glissando#What Was I Made For？#Control_Group#0004,EN-Tenor-1,What Was I Made For？,Control_Group,positive_mix,clear_mix,0.005302,0.394698
English#EN-Tenor-1#Vibrato#You Belong With Me#Vibrato_Group#0012,EN-Tenor-1,You Belong With Me,Vibrato_Group,positive_mix,clear_mix,0.005266,0.394734
English#EN-Tenor-1#Mixed_Voice_and_Falsetto#Call Out My Name#Mixed_Voice_Group#0006,EN-Tenor-1,Call Out My Name,Mixed_Voice_Group,positive_mix,clear_mix,0.005265,0.394735
English#EN-Tenor-1#Mixed_Voice_and_Falsetto#Talking to the Moon#Mixed_Voice_Group#0002,EN-Tenor-1,Talking to the Moon,Mixed_Voice_Group,positive_mix,clear_mix,0.005212,0.394788
English#EN-Tenor-1#Mixed_Voice_and_Falsetto#Always Remember Us This Way#Mixed_Voice_Group#0006,EN-Tenor-1,Always Remember Us This Way,Mixed_Voice_Group,positive_mix,clear_mix,0.005204,0.394796
English#EN-Tenor-1#Mixed_Voice_and_Falsetto#Rolling in the Deep#Control_Group#0003,EN-Tenor-1,Rolling in the Deep,Control_Group,positive_mix,clear_mix,0.005192,0.394808
English#EN-Tenor-1#Mixed_Voice_and_Falsetto#Look What You Make Me Do#Mixed_Voice_Group#0002,EN-Tenor-1,Look What You Make Me Do,Mixed_Voice_Group,positive_mix,clear_mix,0.00519,0.39481
English#EN-Tenor-1#Vibrato#Shallow#Vibrato_Group#0002,EN-Tenor-1,Shallow,Vibrato_Group,positive_mix,clear_mix,0.005175,0.394825
English#EN-Tenor-1#Mixed_Voice_and_Falsetto#Rolling in the Deep#Mixed_Voice_Group#0004,EN-Tenor-1,Rolling in the Deep,Mixed_Voice_Group,positive_mix,clear_mix,0.005171,0.394829
English#EN-Tenor-1#Vibrato#Always Remember Us This Way#Vibrato_Group#0003,EN-Tenor-1,Always Remember Us This Way,Vibrato_Group,positive_mix,clear_mix,0.005169,0.394831
English#EN-Tenor-1#Vibrato#Rolling in the Deep#Vibrato_Group#0002,EN-Tenor-1,Rolling in the Deep,Vibrato_Group,positive_mix,clear_mix,0.005166,0.394834
English#EN-Tenor-1#Mixed_Voice_and_Falsetto#Shallow#Mixed_Voice_Group#0000,EN-Tenor-1,Shallow,Mixed_Voice_Group,positive_mix,clear_mix,0.005149,0.394851
English#EN-Tenor-1#Vibrato#Long Live#Control_Group#0002,EN-Tenor-1,Long Live,Control_Group,positive_mix,clear_mix,0.005123,0.394877
English#EN-Tenor-1#Mixed_Voice_and_Falsetto#Diamonds#Mixed_Voice_Group#0005,EN-Tenor-1,Diamonds,Mixed_Voice_Group,positive_mix,clear_mix,0.005066,0.394934
English#EN-Tenor-1#Mixed_Voice_and_Falsetto#Unconditionally#Mixed_Voice_Group#0001,EN-Tenor-1,Unconditionally,Mixed_Voice_Group,positive_mix,clear_mix,0.005037,0.394963
English#EN-Tenor-1#Breathy#Enchanted#Control_Group#0000,EN-Tenor-1,Enchanted,Control_Group,positive_mix,clear_mix,0.005003,0.394997
English#EN-Tenor-1#Breathy#Rolling in the Deep#Control_Group#0003,EN-Tenor-1,Rolling in the Deep,Control_Group,positive_mix,head_mix,0.004977,0.395023
English#EN-Tenor-1#Pharyngeal#Rolling in the Deep#Control_Group#0003,EN-Tenor-1,Rolling in the Deep,Control_Group,positive_mix,head_mix,0.004977,0.395023
English#EN-Tenor-1#Vibrato#Rolling in the Deep#Control_Group#0003,EN-Tenor-1,Rolling in the Deep,Control_Group,positive_mix,head_mix,0.004977,0.395023
English#EN-Tenor-1#Glissando#You Belong With Me#Control_Group#0009,EN-Tenor-1,You Belong With Me,Control_Group,positive_mix,clear_mix,0.00497,0.39503
English#EN-Tenor-1#Vibrato#Million Reasons#Vibrato_Group#0002,EN-Tenor-1,Million Reasons,Vibrato_Group,positive_mix,clear_mix,0.00497,0.39503
English#EN-Tenor-1#Breathy#Shallow#Control_Group#0006,EN-Tenor-1,Shallow,Control_Group,positive_mix,clear_mix,0.004931,0.395069
English#EN-Tenor-1#Glissando#Shallow#Control_Group#0006,EN-Tenor-1,Shallow,Control_Group,positive_mix,clear_mix,0.004931,0.395069
English#EN-Tenor-1#Pharyngeal#Shallow#Control_Group#0006,EN-Tenor-1,Shallow,Control_Group,positive_mix,clear_mix,0.004931,0.395069
English#EN-Tenor-1#Vibrato#Shallow#Control_Group#0006,EN-Tenor-1,Shallow,Control_Group,positive_mix,clear_mix,0.004931,0.395069
English#EN-Tenor-1#Mixed_Voice_and_Falsetto#Look What You Make Me Do#Mixed_Voice_Group#0000,EN-Tenor-1,Look What You Make Me Do,Mixed_Voice_Group,positive_mix,clear_mix,0.004913,0.395087
English#EN-Tenor-1#Pharyngeal#Stay#Control_Group#0005,EN-Tenor-1,Stay,Control_Group,positive_mix,clear_mix,0.004897,0.395103
English#EN-Tenor-1#Breathy#Long Live#Control_Group#0004,EN-Tenor-1,Long Live,Control_Group,positive_mix,clear_mix,0.004876,0.395124
English#EN-Tenor-1#Glissando#Long Live#Control_Group#0004,EN-Tenor-1,Long Live,Control_Group,positive_mix,clear_mix,0.004876,0.395124
English#EN-Tenor-1#Pharyngeal#Long Live#Control_Group#0004,EN-Tenor-1,Long Live,Control_Group,positive_mix,clear_mix,0.004876,0.395124
English#EN-Tenor-1#Vibrato#Long Live#Control_Group#0004,EN-Tenor-1,Long Live,Control_Group,positive_mix,clear_mix,0.004876,0.395124
English#EN-Tenor-1#Glissando#Million Reasons#Glissando_Group#0005,EN-Tenor-1,Million Reasons,Glissando_Group,positive_mix,clear_mix,0.004852,0.395148
English#EN-Tenor-1#Glissando#Always Remember Us This Way#Control_Group#0010,EN-Tenor-1,Always Remember Us This Way,Control_Group,positive_mix,clear_mix,0.004795,0.395205
English#EN-Tenor-1#Pharyngeal#Always Remember Us This Way#Control_Group#0010,EN-Tenor-1,Always Remember Us This Way,Control_Group,positive_mix,clear_mix,0.004795,0.395205
English#EN-Tenor-1#Vibrato#Always Remember Us This Way#Control_Group#0010,EN-Tenor-1,Always Remember Us This Way,Control_Group,positive_mix,clear_mix,0.004795,0.395205
English#EN-Tenor-1#Glissando#Stay#Glissando_Group#0002,EN-Tenor-1,Stay,Glissando_Group,positive_mix,clear_mix,0.004737,0.395263
English#EN-Tenor-1#Mixed_Voice_and_Falsetto#Young and Beautiful#Mixed_Voice_Group#0007,EN-Tenor-1,Young and Beautiful,Mixed_Voice_Group,positive_mix,clear_mix,0.004722,0.395278
English#EN-Tenor-1#Mixed_Voice_and_Falsetto#Enchanted#Mixed_Voice_Group#0003,EN-Tenor-1,Enchanted,Mixed_Voice_Group,positive_mix,clear_mix,0.004719,0.395281
English#EN-Tenor-1#Breathy#Always Remember Us This Way#Control_Group#0002,EN-Tenor-1,Always Remember Us This Way,Control_Group,positive_mix,clear_mix,0.004696,0.395304
English#EN-Tenor-1#Glissando#Always Remember Us This Way#Control_Group#0002,EN-Tenor-1,Always Remember Us This Way,Control_Group,positive_mix,clear_mix,0.004696,0.395304
English#EN-Tenor-1#Pharyngeal#Always Remember Us This Way#Control_Group#0002,EN-Tenor-1,Always Remember Us This Way,Control_Group,positive_mix,clear_mix,0.004696,0.395304
English#EN-Tenor-1#Vibrato#Always Remember Us This Way#Control_Group#0002,EN-Tenor-1,Always Remember Us This Way,Control_Group,positive_mix,clear_mix,0.004696,0.395304
English#EN-Tenor-1#Mixed_Voice_and_Falsetto#Take a Bow#Mixed_Voice_Group#0007,EN-Tenor-1,Take a Bow,Mixed_Voice_Group,positive_mix,clear_mix,0.00469,0.39531
English#EN-Tenor-1#Glissando#You Belong With Me#Glissando_Group#0010,EN-Tenor-1,You Belong With Me,Glissando_Group,positive_mix,clear_mix,0.004643,0.395357
English#EN-Tenor-1#Vibrato#You Belong With Me#Vibrato_Group#0008,EN-Tenor-1,You Belong With Me,Vibrato_Group,positive_mix,clear_mix,0.004631,0.395369
English#EN-Tenor-1#Mixed_Voice_and_Falsetto#Lavender Haze#Mixed_Voice_Group#0007,EN-Tenor-1,Lavender Haze,Mixed_Voice_Group,positive_mix,clear_mix,0.004597,0.395403
English#EN-Tenor-1#Mixed_Voice_and_Falsetto#Love Story#Mixed_Voice_Group#0004,EN-Tenor-1,Love Story,Mixed_Voice_Group,positive_mix,clear_mix,0.004582,0.395418
English#EN-Tenor-1#Glissando#Million Reasons#Control_Group#0000,EN-Tenor-1,Million Reasons,Control_Group,positive_mix,clear_mix,0.004574,0.395426
English#EN-Tenor-1#Glissando#Shallow#Glissando_Group#0002,EN-Tenor-1,Shallow,Glissando_Group,positive_mix,clear_mix,0.004574,0.395426
English#EN-Tenor-1#Vibrato#Million Reasons#Control_Group#0000,EN-Tenor-1,Million Reasons,Control_Group,positive_mix,clear_mix,0.004574,0.395426
English#EN-Tenor-1#Breathy#You Belong With Me#Control_Group#0011,EN-Tenor-1,You Belong With Me,Control_Group,positive_mix,clear_mix,0.004457,0.395543
English#EN-Tenor-1#Vibrato#You Belong With Me#Vibrato_Group#0005,EN-Tenor-1,You Belong With Me,Vibrato_Group,positive_mix,clear_mix,0.00439,0.39561
English#EN-Tenor-1#Mixed_Voice_and_Falsetto#Lavender Haze#Mixed_Voice_Group#0001,EN-Tenor-1,Lavender Haze,Mixed_Voice_Group,positive_mix,clear_mix,0.004372,0.395628
English#EN-Tenor-1#Mixed_Voice_and_Falsetto#Rolling in the Deep#Mixed_Voice_Group#0000,EN-Tenor-1,Rolling in the Deep,Mixed_Voice_Group,positive_mix,clear_mix,0.004361,0.395639
English#EN-Tenor-1#Mixed_Voice_and_Falsetto#Enchanted#Mixed_Voice_Group#0005,EN-Tenor-1,Enchanted,Mixed_Voice_Group,positive_mix,clear_mix,0.00435,0.39565
English#EN-Tenor-1#Breathy#Stay#Control_Group#0006,EN-Tenor-1,Stay,Control_Group,positive_mix,clear_mix,0.004341,0.395659
English#EN-Tenor-1#Glissando#You Belong With Me#Control_Group#0000,EN-Tenor-1,You Belong With Me,Control_Group,positive_mix,clear_mix,0.004333,0.395667
English#EN-Tenor-1#Breathy#Rolling in the Deep#Control_Group#0001,EN-Tenor-1,Rolling in the Deep,Control_Group,positive_mix,head_mix,0.004313,0.395687
English#EN-Tenor-1#Pharyngeal#Rolling in the Deep#Control_Group#0001,EN-Tenor-1,Rolling in the Deep,Control_Group,positive_mix,head_mix,0.004313,0.395687
English#EN-Tenor-1#Vibrato#Rolling in the Deep#Control_Group#0001,EN-Tenor-1,Rolling in the Deep,Control_Group,positive_mix,head_mix,0.004313,0.395687
English#EN-Tenor-1#Mixed_Voice_and_Falsetto#Take a Bow#Mixed_Voice_Group#0005,EN-Tenor-1,Take a Bow,Mixed_Voice_Group,positive_mix,clear_mix,0.004255,0.395745
English#EN-Tenor-1#Glissando#Long Live#Glissando_Group#0010,EN-Tenor-1,Long Live,Glissando_Group,positive_mix,clear_mix,0.004231,0.395769
English#EN-Tenor-1#Mixed_Voice_and_Falsetto#Talking to the Moon#Mixed_Voice_Group#0001,EN-Tenor-1,Talking to the Moon,Mixed_Voice_Group,positive_mix,clear_mix,0.00413,0.39587
English#EN-Tenor-1#Mixed_Voice_and_Falsetto#Rolling in the Deep#Control_Group#0001,EN-Tenor-1,Rolling in the Deep,Control_Group,positive_mix,clear_mix,0.004122,0.395878
English#EN-Tenor-1#Glissando#Always Remember Us This Way#Glissando_Group#0000,EN-Tenor-1,Always Remember Us This Way,Glissando_Group,positive_mix,clear_mix,0.00408,0.39592
English#EN-Tenor-1#Vibrato#All I Ask#Vibrato_Group#0003,EN-Tenor-1,All I Ask,Vibrato_Group,positive_mix,clear_mix,0.004056,0.395944
English#EN-Tenor-1#Mixed_Voice_and_Falsetto#Cardigan#Mixed_Voice_Group#0006,EN-Tenor-1,Cardigan,Mixed_Voice_Group,positive_mix,clear_mix,0.004035,0.395965
English#EN-Tenor-1#Breathy#Long Live#Control_Group#0002,EN-Tenor-1,Long Live,Control_Group,positive_mix,clear_mix,0.004027,0.395973
English#EN-Tenor-1#Vibrato#Shallow#Vibrato_Group#0000,EN-Tenor-1,Shallow,Vibrato_Group,positive_mix,clear_mix,0.003968,0.396032
English#EN-Tenor-1#Vibrato#Long Live#Vibrato_Group#0002,EN-Tenor-1,Long Live,Vibrato_Group,positive_mix,clear_mix,0.003937,0.396063
English#EN-Tenor-1#Mixed_Voice_and_Falsetto#Wildest Dreams#Mixed_Voice_Group#0001,EN-Tenor-1,Wildest Dreams,Mixed_Voice_Group,positive_mix,clear_mix,0.003909,0.396091
English#EN-Tenor-1#Mixed_Voice_and_Falsetto#Back to December#Mixed_Voice_Group#0002,EN-Tenor-1,Back to December,Mixed_Voice_Group,positive_mix,clear_mix,0.003832,0.396168
English#EN-Tenor-1#Breathy#Always Remember Us This Way#Control_Group#0004,EN-Tenor-1,Always Remember Us This Way,Control_Group,positive_mix,clear_mix,0.003791,0.396209
English#EN-Tenor-1#Glissando#Always Remember Us This Way#Control_Group#0004,EN-Tenor-1,Always Remember Us This Way,Control_Group,positive_mix,clear_mix,0.003791,0.396209
English#EN-Tenor-1#Pharyngeal#Always Remember Us This Way#Control_Group#0004,EN-Tenor-1,Always Remember Us This Way,Control_Group,positive_mix,clear_mix,0.003791,0.396209
English#EN-Tenor-1#Vibrato#Always Remember Us This Way#Control_Group#0004,EN-Tenor-1,Always Remember Us This Way,Control_Group,positive_mix,clear_mix,0.003791,0.396209
English#EN-Tenor-1#Glissando#Long Live#Control_Group#0002,EN-Tenor-1,Long Live,Control_Group,positive_mix,clear_mix,0.003755,0.396245
English#EN-Tenor-1#Mixed_Voice_and_Falsetto#Someone You Loved#Mixed_Voice_Group#0005,EN-Tenor-1,Someone You Loved,Mixed_Voice_Group,positive_mix,clear_mix,0.003749,0.396251
English#EN-Tenor-1#Mixed_Voice_and_Falsetto#Lavender Haze#Mixed_Voice_Group#0004,EN-Tenor-1,Lavender Haze,Mixed_Voice_Group,positive_mix,clear_mix,0.003668,0.396332
English#EN-Tenor-1#Pharyngeal#Long Live#Control_Group#0002,EN-Tenor-1,Long Live,Control_Group,positive_mix,clear_mix,0.003663,0.396337
English#EN-Tenor-1#Mixed_Voice_and_Falsetto#You Belong With Me#Mixed_Voice_Group#0006,EN-Tenor-1,You Belong With Me,Mixed_Voice_Group,positive_mix,clear_mix,0.003615,0.396385
English#EN-Tenor-1#Vibrato#Rolling in the Deep#Vibrato_Group#0003,EN-Tenor-1,Rolling in the Deep,Vibrato_Group,positive_mix,head_mix,0.003611,0.396389
English#EN-Tenor-1#Mixed_Voice_and_Falsetto#Wildest Dreams#Mixed_Voice_Group#0006,EN-Tenor-1,Wildest Dreams,Mixed_Voice_Group,positive_mix,clear_mix,0.003593,0.396407
English#EN-Tenor-1#Glissando#Rolling in the Deep#Glissando_Group#0001,EN-Tenor-1,Rolling in the Deep,Glissando_Group,positive_mix,clear_mix,0.003556,0.396444
English#EN-Tenor-1#Mixed_Voice_and_Falsetto#Sparks Fly#Mixed_Voice_Group#0007,EN-Tenor-1,Sparks Fly,Mixed_Voice_Group,positive_mix,clear_mix,0.003469,0.396531
English#EN-Tenor-1#Mixed_Voice_and_Falsetto#I Knew You Were Trouble#Mixed_Voice_Group#0005,EN-Tenor-1,I Knew You Were Trouble,Mixed_Voice_Group,positive_mix,clear_mix,0.003402,0.396598
English#EN-Tenor-1#Mixed_Voice_and_Falsetto#Look What You Make Me Do#Mixed_Voice_Group#0003,EN-Tenor-1,Look What You Make Me Do,Mixed_Voice_Group,positive_mix,clear_mix,0.003386,0.396614
English#EN-Tenor-1#Mixed_Voice_and_Falsetto#Sparks Fly#Mixed_Voice_Group#0008,EN-Tenor-1,Sparks Fly,Mixed_Voice_Group,positive_mix,clear_mix,0.003372,0.396628
English#EN-Tenor-1#Mixed_Voice_and_Falsetto#Talking to the Moon#Mixed_Voice_Group#0003,EN-Tenor-1,Talking to the Moon,Mixed_Voice_Group,positive_mix,clear_mix,0.00336,0.39664
English#EN-Tenor-1#Breathy#I Knew You Were Trouble#Control_Group#0009,EN-Tenor-1,I Knew You Were Trouble,Control_Group,positive_mix,clear_mix,0.003356,0.396644
English#EN-Tenor-1#Vibrato#I Knew You Were Trouble#Control_Group#0010,EN-Tenor-1,I Knew You Were Trouble,Control_Group,positive_mix,clear_mix,0.003356,0.396644
English#EN-Tenor-1#Glissando#Long Live#Glissando_Group#0004,EN-Tenor-1,Long Live,Glissando_Group,positive_mix,clear_mix,0.003322,0.396678
English#EN-Tenor-1#Mixed_Voice_and_Falsetto#Love on the Brain#Mixed_Voice_Group#0003,EN-Tenor-1,Love on the Brain,Mixed_Voice_Group,positive_mix,clear_mix,0.003277,0.396723
English#EN-Tenor-1#Mixed_Voice_and_Falsetto#Enchanted#Mixed_Voice_Group#0004,EN-Tenor-1,Enchanted,Mixed_Voice_Group,positive_mix,clear_mix,0.003261,0.396739
English#EN-Tenor-1#Vibrato#You Belong With Me#Control_Group#0001,EN-Tenor-1,You Belong With Me,Control_Group,positive_mix,clear_mix,0.003232,0.396768
English#EN-Tenor-1#Breathy#You Belong With Me#Control_Group#0001,EN-Tenor-1,You Belong With Me,Control_Group,positive_mix,clear_mix,0.003131,0.396869
English#EN-Tenor-1#Pharyngeal#You Belong With Me#Control_Group#0001,EN-Tenor-1,You Belong With Me,Control_Group,positive_mix,clear_mix,0.003131,0.396869
English#EN-Tenor-1#Glissando#Someone Like You#Glissando_Group#0005,EN-Tenor-1,Someone Like You,Glissando_Group,positive_mix,clear_mix,0.003127,0.396873
English#EN-Tenor-1#Mixed_Voice_and_Falsetto#Always Remember Us This Way#Mixed_Voice_Group#0005,EN-Tenor-1,Always Remember Us This Way,Mixed_Voice_Group,positive_mix,clear_mix,0.003052,0.396948
English#EN-Tenor-1#Glissando#Stay#Control_Group#0009,EN-Tenor-1,Stay,Control_Group,positive_mix,clear_mix,0.00304,0.39696
English#EN-Tenor-1#Mixed_Voice_and_Falsetto#Sparks Fly#Mixed_Voice_Group#0006,EN-Tenor-1,Sparks Fly,Mixed_Voice_Group,positive_mix,clear_mix,0.003026,0.396974
English#EN-Tenor-1#Vibrato#You Belong With Me#Vibrato_Group#0000,EN-Tenor-1,You Belong With Me,Vibrato_Group,positive_mix,clear_mix,0.003018,0.396982
English#EN-Tenor-1#Mixed_Voice_and_Falsetto#Style#Mixed_Voice_Group#0001,EN-Tenor-1,Style,Mixed_Voice_Group,positive_mix,clear_mix,0.002992,0.397008
English#EN-Tenor-1#Mixed_Voice_and_Falsetto#Diamonds#Mixed_Voice_Group#0004,EN-Tenor-1,Diamonds,Mixed_Voice_Group,positive_mix,clear_mix,0.002904,0.397096
English#EN-Tenor-1#Mixed_Voice_and_Falsetto#Call Out My Name#Mixed_Voice_Group#0007,EN-Tenor-1,Call Out My Name,Mixed_Voice_Group,positive_mix,clear_mix,0.002864,0.397136
English#EN-Tenor-1#Mixed_Voice_and_Falsetto#Someone You Loved#Mixed_Voice_Group#0002,EN-Tenor-1,Someone You Loved,Mixed_Voice_Group,positive_mix,clear_mix,0.0028,0.3972
English#EN-Tenor-1#Glissando#Unconditionally#Glissando_Group#0000,EN-Tenor-1,Unconditionally,Glissando_Group,positive_mix,clear_mix,0.002781,0.397219
English#EN-Tenor-1#Mixed_Voice_and_Falsetto#Cardigan#Mixed_Voice_Group#0005,EN-Tenor-1,Cardigan,Mixed_Voice_Group,positive_mix,clear_mix,0.002771,0.397229
English#EN-Tenor-1#Glissando#Someone Like You#Glissando_Group#0007,EN-Tenor-1,Someone Like You,Glissando_Group,positive_mix,clear_mix,0.002759,0.397241
English#EN-Tenor-1#Mixed_Voice_and_Falsetto#Sparks Fly#Mixed_Voice_Group#0001,EN-Tenor-1,Sparks Fly,Mixed_Voice_Group,positive_mix,clear_mix,0.002727,0.397273
English#EN-Tenor-1#Mixed_Voice_and_Falsetto#Shallow#Mixed_Voice_Group#0009,EN-Tenor-1,Shallow,Mixed_Voice_Group,positive_mix,clear_mix,0.002718,0.397282
English#EN-Tenor-1#Mixed_Voice_and_Falsetto#Wildest Dreams#Mixed_Voice_Group#0008,EN-Tenor-1,Wildest Dreams,Mixed_Voice_Group,positive_mix,clear_mix,0.002709,0.397291
English#EN-Tenor-1#Breathy#All I Ask#Control_Group#0003,EN-Tenor-1,All I Ask,Control_Group,positive_mix,clear_mix,0.002671,0.397329
English#EN-Tenor-1#Pharyngeal#All I Ask#Control_Group#0003,EN-Tenor-1,All I Ask,Control_Group,positive_mix,clear_mix,0.002671,0.397329
English#EN-Tenor-1#Vibrato#All I Ask#Control_Group#0003,EN-Tenor-1,All I Ask,Control_Group,positive_mix,clear_mix,0.002671,0.397329
English#EN-Tenor-1#Mixed_Voice_and_Falsetto#August#Mixed_Voice_Group#0005,EN-Tenor-1,August,Mixed_Voice_Group,positive_mix,clear_mix,0.002636,0.397364
English#EN-Tenor-1#Glissando#All I Ask#Glissando_Group#0007,EN-Tenor-1,All I Ask,Glissando_Group,positive_mix,clear_mix,0.002579,0.397421
English#EN-Tenor-1#Vibrato#Million Reasons#Control_Group#0005,EN-Tenor-1,Million Reasons,Control_Group,positive_mix,clear_mix,0.00257,0.39743
English#EN-Tenor-1#Mixed_Voice_and_Falsetto#Exile#Mixed_Voice_Group#0004,EN-Tenor-1,Exile,Mixed_Voice_Group,positive_mix,clear_mix,0.002524,0.397476
English#EN-Tenor-1#Mixed_Voice_and_Falsetto#Summertime Sadness#Mixed_Voice_Group#0002,EN-Tenor-1,Summertime Sadness,Mixed_Voice_Group,positive_mix,clear_mix,0.002516,0.397484
English#EN-Tenor-1#Breathy#Stay#Control_Group#0008,EN-Tenor-1,Stay,Control_Group,positive_mix,clear_mix,0.0025,0.3975
English#EN-Tenor-1#Vibrato#Stay#Control_Group#0009,EN-Tenor-1,Stay,Control_Group,positive_mix,clear_mix,0.0025,0.3975
English#EN-Tenor-1#Glissando#Rolling in the Deep#Glissando_Group#0003,EN-Tenor-1,Rolling in the Deep,Glissando_Group,positive_mix,clear_mix,0.002491,0.397509
English#EN-Tenor-1#Mixed_Voice_and_Falsetto#Lavender Haze#Mixed_Voice_Group#0003,EN-Tenor-1,Lavender Haze,Mixed_Voice_Group,positive_mix,clear_mix,0.00247,0.39753
English#EN-Tenor-1#Glissando#You Belong With Me#Glissando_Group#0009,EN-Tenor-1,You Belong With Me,Glissando_Group,positive_mix,clear_mix,0.002426,0.397574
English#EN-Tenor-1#Mixed_Voice_and_Falsetto#Lavender Haze#Mixed_Voice_Group#0000,EN-Tenor-1,Lavender Haze,Mixed_Voice_Group,positive_mix,clear_mix,0.002389,0.397611
English#EN-Tenor-1#Breathy#Million Reasons#Control_Group#0005,EN-Tenor-1,Million Reasons,Control_Group,positive_mix,clear_mix,0.002384,0.397616
English#EN-Tenor-1#Mixed_Voice_and_Falsetto#Take a Bow#Mixed_Voice_Group#0003,EN-Tenor-1,Take a Bow,Mixed_Voice_Group,positive_mix,clear_mix,0.002367,0.397633
English#EN-Tenor-1#Mixed_Voice_and_Falsetto#Wildest Dreams#Mixed_Voice_Group#0003,EN-Tenor-1,Wildest Dreams,Mixed_Voice_Group,positive_mix,clear_mix,0.002345,0.397655
English#EN-Tenor-1#Glissando#Always Remember Us This Way#Glissando_Group#0010,EN-Tenor-1,Always Remember Us This Way,Glissando_Group,positive_mix,clear_mix,0.002304,0.397696
English#EN-Tenor-1#Mixed_Voice_and_Falsetto#Shallow#Mixed_Voice_Group#0011,EN-Tenor-1,Shallow,Mixed_Voice_Group,positive_mix,clear_mix,0.002303,0.397697
English#EN-Tenor-1#Vibrato#You Belong With Me#Control_Group#0003,EN-Tenor-1,You Belong With Me,Control_Group,positive_mix,clear_mix,0.002282,0.397718
English#EN-Tenor-1#Breathy#You Belong With Me#Control_Group#0003,EN-Tenor-1,You Belong With Me,Control_Group,positive_mix,clear_mix,0.002279,0.397721
English#EN-Tenor-1#Pharyngeal#You Belong With Me#Control_Group#0003,EN-Tenor-1,You Belong With Me,Control_Group,positive_mix,clear_mix,0.002279,0.397721
English#EN-Tenor-1#Mixed_Voice_and_Falsetto#Young and Beautiful#Mixed_Voice_Group#0005,EN-Tenor-1,Young and Beautiful,Mixed_Voice_Group,positive_mix,clear_mix,0.002271,0.397729
English#EN-Tenor-1#Mixed_Voice_and_Falsetto#Style#Mixed_Voice_Group#0000,EN-Tenor-1,Style,Mixed_Voice_Group,positive_mix,clear_mix,0.00227,0.39773
English#EN-Tenor-1#Breathy#You Belong With Me#Control_Group#0002,EN-Tenor-1,You Belong With Me,Control_Group,positive_mix,clear_mix,0.002241,0.397759
English#EN-Tenor-1#Pharyngeal#You Belong With Me#Control_Group#0002,EN-Tenor-1,You Belong With Me,Control_Group,positive_mix,clear_mix,0.002241,0.397759
English#EN-Tenor-1#Glissando#You Belong With Me#Glissando_Group#0003,EN-Tenor-1,You Belong With Me,Glissando_Group,positive_mix,clear_mix,0.002233,0.397767
English#EN-Tenor-1#Mixed_Voice_and_Falsetto#Dark Paradise#Mixed_Voice_Group#0005,EN-Tenor-1,Dark Paradise,Mixed_Voice_Group,positive_mix,clear_mix,0.002203,0.397797
English#EN-Tenor-1#Glissando#Long Live#Glissando_Group#0000,EN-Tenor-1,Long Live,Glissando_Group,positive_mix,clear_mix,0.002163,0.397837
English#EN-Tenor-1#Breathy#Shallow#Control_Group#0010,EN-Tenor-1,Shallow,Control_Group,positive_mix,clear_mix,0.002123,0.397877
English#EN-Tenor-1#Glissando#Million Reasons#Glissando_Group#0002,EN-Tenor-1,Million Reasons,Glissando_Group,positive_mix,clear_mix,0.002115,0.397885
English#EN-Tenor-1#Mixed_Voice_and_Falsetto#Wildest Dreams#Mixed_Voice_Group#0004,EN-Tenor-1,Wildest Dreams,Mixed_Voice_Group,positive_mix,clear_mix,0.002077,0.397923
English#EN-Tenor-1#Vibrato#You Belong With Me#Control_Group#0002,EN-Tenor-1,You Belong With Me,Control_Group,positive_mix,clear_mix,0.002021,0.397979
English#EN-Tenor-1#Glissando#Long Live#Glissando_Group#0003,EN-Tenor-1,Long Live,Glissando_Group,positive_mix,clear_mix,0.002003,0.397997
English#EN-Tenor-1#Mixed_Voice_and_Falsetto#Back to December#Mixed_Voice_Group#0007,EN-Tenor-1,Back to December,Mixed_Voice_Group,positive_mix,clear_mix,0.001938,0.398062
English#EN-Tenor-1#Glissando#Shallow#Glissando_Group#0000,EN-Tenor-1,Shallow,Glissando_Group,positive_mix,clear_mix,0.001916,0.398084
English#EN-Tenor-1#Breathy#Shallow#Control_Group#0000,EN-Tenor-1,Shallow,Control_Group,positive_mix,clear_mix,0.001914,0.398086
English#EN-Tenor-1#Glissando#Shallow#Control_Group#0000,EN-Tenor-1,Shallow,Control_Group,positive_mix,clear_mix,0.001914,0.398086
English#EN-Tenor-1#Pharyngeal#Shallow#Control_Group#0000,EN-Tenor-1,Shallow,Control_Group,positive_mix,clear_mix,0.001914,0.398086
English#EN-Tenor-1#Vibrato#Shallow#Control_Group#0000,EN-Tenor-1,Shallow,Control_Group,positive_mix,clear_mix,0.001914,0.398086
English#EN-Tenor-1#Mixed_Voice_and_Falsetto#Sparks Fly#Mixed_Voice_Group#0005,EN-Tenor-1,Sparks Fly,Mixed_Voice_Group,positive_mix,clear_mix,0.001892,0.398108
English#EN-Tenor-1#Mixed_Voice_and_Falsetto#Dark Paradise#Mixed_Voice_Group#0008,EN-Tenor-1,Dark Paradise,Mixed_Voice_Group,positive_mix,clear_mix,0.001883,0.398117
English#EN-Tenor-1#Mixed_Voice_and_Falsetto#Rolling in the Deep#Mixed_Voice_Group#0005,EN-Tenor-1,Rolling in the Deep,Mixed_Voice_Group,positive_mix,clear_mix,0.00187,0.39813
English#EN-Tenor-1#Glissando#Stay#Control_Group#0004,EN-Tenor-1,Stay,Control_Group,positive_mix,clear_mix,0.001858,0.398142
English#EN-Tenor-1#Glissando#Shallow#Glissando_Group#0004,EN-Tenor-1,Shallow,Glissando_Group,positive_mix,clear_mix,0.001831,0.398169
English#EN-Tenor-1#Mixed_Voice_and_Falsetto#Sparks Fly#Mixed_Voice_Group#0000,EN-Tenor-1,Sparks Fly,Mixed_Voice_Group,positive_mix,clear_mix,0.001713,0.398287
English#EN-Tenor-1#Glissando#Stay#Glissando_Group#0010,EN-Tenor-1,Stay,Glissando_Group,positive_mix,clear_mix,0.001702,0.398298
English#EN-Tenor-1#Mixed_Voice_and_Falsetto#You Belong With Me#Mixed_Voice_Group#0007,EN-Tenor-1,You Belong With Me,Mixed_Voice_Group,positive_mix,clear_mix,0.001701,0.398299
English#EN-Tenor-1#Mixed_Voice_and_Falsetto#Dark Paradise#Mixed_Voice_Group#0007,EN-Tenor-1,Dark Paradise,Mixed_Voice_Group,positive_mix,clear_mix,0.001673,0.398327
English#EN-Tenor-1#Mixed_Voice_and_Falsetto#Unconditionally#Mixed_Voice_Group#0000,EN-Tenor-1,Unconditionally,Mixed_Voice_Group,positive_mix,clear_mix,0.001557,0.398443
English#EN-Tenor-1#Breathy#Shallow#Control_Group#0005,EN-Tenor-1,Shallow,Control_Group,positive_mix,clear_mix,0.001453,0.398547
English#EN-Tenor-1#Glissando#Shallow#Control_Group#0005,EN-Tenor-1,Shallow,Control_Group,positive_mix,clear_mix,0.001453,0.398547
English#EN-Tenor-1#Pharyngeal#Shallow#Control_Group#0005,EN-Tenor-1,Shallow,Control_Group,positive_mix,clear_mix,0.001453,0.398547
English#EN-Tenor-1#Vibrato#Shallow#Control_Group#0005,EN-Tenor-1,Shallow,Control_Group,positive_mix,clear_mix,0.001453,0.398547
English#EN-Tenor-1#Glissando#Always Remember Us This Way#Glissando_Group#0003,EN-Tenor-1,Always Remember Us This Way,Glissando_Group,positive_mix,clear_mix,0.001451,0.398549
English#EN-Tenor-1#Mixed_Voice_and_Falsetto#Diamonds#Mixed_Voice_Group#0006,EN-Tenor-1,Diamonds,Mixed_Voice_Group,positive_mix,clear_mix,0.001349,0.398651
English#EN-Tenor-1#Glissando#You Belong With Me#Glissando_Group#0000,EN-Tenor-1,You Belong With Me,Glissando_Group,positive_mix,clear_mix,0.001262,0.398738
English#EN-Tenor-1#Mixed_Voice_and_Falsetto#Sparks Fly#Mixed_Voice_Group#0003,EN-Tenor-1,Sparks Fly,Mixed_Voice_Group,positive_mix,clear_mix,0.001223,0.398777
English#EN-Tenor-1#Vibrato#I Knew You Were Trouble#Vibrato_Group#0000,EN-Tenor-1,I Knew You Were Trouble,Vibrato_Group,positive_mix,clear_mix,0.00114,0.39886
English#EN-Tenor-1#Mixed_Voice_and_Falsetto#Dark Paradise#Mixed_Voice_Group#0002,EN-Tenor-1,Dark Paradise,Mixed_Voice_Group,positive_mix,clear_mix,0.00107,0.39893
English#EN-Tenor-1#Glissando#You Belong With Me#Glissando_Group#0001,EN-Tenor-1,You Belong With Me,Glissando_Group,positive_mix,clear_mix,0.001068,0.398932
English#EN-Tenor-1#Mixed_Voice_and_Falsetto#Love on the Brain#Mixed_Voice_Group#0004,EN-Tenor-1,Love on the Brain,Mixed_Voice_Group,positive_mix,clear_mix,0.001051,0.398949
English#EN-Tenor-1#Glissando#Stay#Control_Group#0003,EN-Tenor-1,Stay,Control_Group,positive_mix,clear_mix,0.00104,0.39896
English#EN-Tenor-1#Mixed_Voice_and_Falsetto#Always Remember Us This Way#Mixed_Voice_Group#0004,EN-Tenor-1,Always Remember Us This Way,Mixed_Voice_Group,positive_mix,clear_mix,0.000996,0.399004
English#EN-Tenor-1#Mixed_Voice_and_Falsetto#Sparks Fly#Mixed_Voice_Group#0004,EN-Tenor-1,Sparks Fly,Mixed_Voice_Group,positive_mix,clear_mix,0.000693,0.399307
English#EN-Tenor-1#Breathy#Stay#Breathy_Group#0003,EN-Tenor-1,Stay,Breathy_Group,positive_mix,breathy_mix,0.00057,0.39943
English#EN-Tenor-1#Glissando#Rolling in the Deep#Glissando_Group#0002,EN-Tenor-1,Rolling in the Deep,Glissando_Group,positive_mix,clear_mix,0.000543,0.399457
English#EN-Tenor-1#Mixed_Voice_and_Falsetto#Rolling in the Deep#Control_Group#0000,EN-Tenor-1,Rolling in the Deep,Control_Group,positive_mix,clear_mix,0.000266,0.399734
