item_name,singer,song_name,group_name,binary_role,mix_variant,mix_prob,fp_margin
English#EN-Alto-2#Mixed_Voice_and_Falsetto#Fly Me to the Moon#Falsetto_Group#0000,EN-Alto-2,Fly Me to the Moon,Falsetto_Group,falsetto_group,non_mix,0.999157,0.599157
English#EN-Alto-2#Mixed_Voice_and_Falsetto#Love Me Like You Do#Falsetto_Group#0002,EN-Alto-2,Love Me Like You Do,Falsetto_Group,falsetto_group,non_mix,0.999098,0.599098
English#EN-Alto-2#Mixed_Voice_and_Falsetto#Love Me Like You Do#Control_Group#0002,EN-Alto-2,Love Me Like You Do,Control_Group,control_negative,non_mix,0.998981,0.598981
English#EN-Alto-2#Mixed_Voice_and_Falsetto#Young And Beautiful#Control_Group#0004,EN-Alto-2,Young And Beautiful,Control_Group,control_negative,non_mix,0.998845,0.598845
English#EN-Alto-2#Mixed_Voice_and_Falsetto#Love Me Like You Do#Falsetto_Group#0000,EN-Alto-2,Love Me Like You Do,Falsetto_Group,falsetto_group,non_mix,0.99882,0.59882
English#EN-Alto-2#Mixed_Voice_and_Falsetto#Young And Beautiful#Control_Group#0003,EN-Alto-2,Young And Beautiful,Control_Group,control_negative,non_mix,0.998799,0.598799
English#EN-Alto-2#Mixed_Voice_and_Falsetto#You Raise Me Up#Falsetto_Group#0000,EN-Alto-2,You Raise Me Up,Falsetto_Group,falsetto_group,non_mix,0.998365,0.598365
English#EN-Alto-2#Mixed_Voice_and_Falsetto#Dream It Possible#Control_Group#0002,EN-Alto-2,Dream It Possible,Control_Group,control_negative,non_mix,0.998333,0.598333
English#EN-Alto-2#Mixed_Voice_and_Falsetto#Love Story#Control_Group#0000,EN-Alto-2,Love Story,Control_Group,control_negative,non_mix,0.998076,0.598076
English#EN-Alto-2#Mixed_Voice_and_Falsetto#Dream It Possible#Falsetto_Group#0003,EN-Alto-2,Dream It Possible,Falsetto_Group,falsetto_group,non_mix,0.998013,0.598013
English#EN-Alto-2#Mixed_Voice_and_Falsetto#Love Story#Falsetto_Group#0000,EN-Alto-2,Love Story,Falsetto_Group,falsetto_group,non_mix,0.997914,0.597914
English#EN-Alto-2#Mixed_Voice_and_Falsetto#God is A Girl#Control_Group#0000,EN-Alto-2,God is A Girl,Control_Group,control_negative,non_mix,0.9979,0.5979
English#EN-Alto-2#Mixed_Voice_and_Falsetto#This Is Me#Falsetto_Group#0002,EN-Alto-2,This Is Me,Falsetto_Group,falsetto_group,non_mix,0.997704,0.597704
English#EN-Alto-2#Mixed_Voice_and_Falsetto#A Thousand Years#Falsetto_Group#0006,EN-Alto-2,A Thousand Years,Falsetto_Group,falsetto_group,non_mix,0.997526,0.597526
English#EN-Alto-2#Mixed_Voice_and_Falsetto#YOUTH#Falsetto_Group#0001,EN-Alto-2,YOUTH,Falsetto_Group,falsetto_group,non_mix,0.997513,0.597513
English#EN-Alto-2#Mixed_Voice_and_Falsetto#This Is Me#Falsetto_Group#0001,EN-Alto-2,This Is Me,Falsetto_Group,falsetto_group,non_mix,0.997371,0.597371
English#EN-Alto-2#Mixed_Voice_and_Falsetto#Hello#Control_Group#0004,EN-Alto-2,Hello,Control_Group,control_negative,non_mix,0.997354,0.597354
English#EN-Alto-2#Mixed_Voice_and_Falsetto#This Is Me#Falsetto_Group#0005,EN-Alto-2,This Is Me,Falsetto_Group,falsetto_group,non_mix,0.997233,0.597233
English#EN-Alto-2#Mixed_Voice_and_Falsetto#You Raise Me Up#Control_Group#0002,EN-Alto-2,You Raise Me Up,Control_Group,control_negative,non_mix,0.997218,0.597218
English#EN-Alto-2#Mixed_Voice_and_Falsetto#Fly Me to the Moon#Falsetto_Group#0003,EN-Alto-2,Fly Me to the Moon,Falsetto_Group,falsetto_group,non_mix,0.997194,0.597194
English#EN-Alto-2#Mixed_Voice_and_Falsetto#This Is Me#Control_Group#0000,EN-Alto-2,This Is Me,Control_Group,control_negative,non_mix,0.997162,0.597162
English#EN-Alto-2#Mixed_Voice_and_Falsetto#Love Story#Control_Group#0003,EN-Alto-2,Love Story,Control_Group,control_negative,non_mix,0.996857,0.596857
English#EN-Alto-2#Mixed_Voice_and_Falsetto#Lemon Tree#Falsetto_Group#0002,EN-Alto-2,Lemon Tree,Falsetto_Group,falsetto_group,non_mix,0.996781,0.596781
English#EN-Alto-2#Mixed_Voice_and_Falsetto#My Heart Will Go On#Control_Group#0008,EN-Alto-2,My Heart Will Go On,Control_Group,control_negative,non_mix,0.99673,0.59673
English#EN-Alto-2#Pharyngeal#My Heart Will Go On#Pharyngeal_Group#0008,EN-Alto-2,My Heart Will Go On,Pharyngeal_Group,other_negative,non_mix,0.99673,0.59673
English#EN-Alto-2#Mixed_Voice_and_Falsetto#City Of Stars#Control_Group#0010,EN-Alto-2,City Of Stars,Control_Group,control_negative,non_mix,0.996696,0.596696
English#EN-Alto-2#Mixed_Voice_and_Falsetto#Young And Beautiful#Control_Group#0001,EN-Alto-2,Young And Beautiful,Control_Group,control_negative,non_mix,0.996632,0.596632
English#EN-Alto-2#Mixed_Voice_and_Falsetto#My Heart Will Go On#Control_Group#0002,EN-Alto-2,My Heart Will Go On,Control_Group,control_negative,non_mix,0.996597,0.596597
English#EN-Alto-2#Mixed_Voice_and_Falsetto#All of Me#Falsetto_Group#0009,EN-Alto-2,All of Me,Falsetto_Group,falsetto_group,non_mix,0.996595,0.596595
English#EN-Alto-2#Mixed_Voice_and_Falsetto#Easy On Me#Control_Group#0001,EN-Alto-2,Easy On Me,Control_Group,control_negative,non_mix,0.996475,0.596475
English#EN-Alto-2#Mixed_Voice_and_Falsetto#All of Me#Falsetto_Group#0002,EN-Alto-2,All of Me,Falsetto_Group,falsetto_group,non_mix,0.996459,0.596459
English#EN-Alto-2#Mixed_Voice_and_Falsetto#Hey Jude#Control_Group#0002,EN-Alto-2,Hey Jude,Control_Group,control_negative,non_mix,0.996252,0.596252
English#EN-Alto-2#Mixed_Voice_and_Falsetto#YOUTH#Falsetto_Group#0004,EN-Alto-2,YOUTH,Falsetto_Group,falsetto_group,non_mix,0.99616,0.59616
English#EN-Alto-2#Mixed_Voice_and_Falsetto#God is A Girl#Falsetto_Group#0003,EN-Alto-2,God is A Girl,Falsetto_Group,falsetto_group,non_mix,0.996132,0.596132
English#EN-Alto-2#Mixed_Voice_and_Falsetto#A Thousand Years#Falsetto_Group#0005,EN-Alto-2,A Thousand Years,Falsetto_Group,falsetto_group,non_mix,0.99612,0.59612
English#EN-Alto-2#Mixed_Voice_and_Falsetto#God is A Girl#Falsetto_Group#0007,EN-Alto-2,God is A Girl,Falsetto_Group,falsetto_group,non_mix,0.996079,0.596079
English#EN-Alto-2#Mixed_Voice_and_Falsetto#Fly Me to the Moon#Falsetto_Group#0004,EN-Alto-2,Fly Me to the Moon,Falsetto_Group,falsetto_group,non_mix,0.996023,0.596023
English#EN-Alto-2#Mixed_Voice_and_Falsetto#Safe and Sound#Control_Group#0002,EN-Alto-2,Safe and Sound,Control_Group,control_negative,non_mix,0.996018,0.596018
English#EN-Alto-2#Mixed_Voice_and_Falsetto#City Of Stars#Control_Group#0007,EN-Alto-2,City Of Stars,Control_Group,control_negative,non_mix,0.995819,0.595819
English#EN-Alto-2#Mixed_Voice_and_Falsetto#Five Hundred Miles#Control_Group#0001,EN-Alto-2,Five Hundred Miles,Control_Group,control_negative,non_mix,0.995756,0.595756
English#EN-Alto-2#Mixed_Voice_and_Falsetto#Young And Beautiful#Control_Group#0000,EN-Alto-2,Young And Beautiful,Control_Group,control_negative,non_mix,0.995742,0.595742
English#EN-Alto-2#Mixed_Voice_and_Falsetto#God is A Girl#Falsetto_Group#0002,EN-Alto-2,God is A Girl,Falsetto_Group,falsetto_group,non_mix,0.9957,0.5957
English#EN-Alto-2#Mixed_Voice_and_Falsetto#Someone You Loved#Control_Group#0003,EN-Alto-2,Someone You Loved,Control_Group,control_negative,non_mix,0.995554,0.595554
English#EN-Alto-2#Mixed_Voice_and_Falsetto#Love Story#Falsetto_Group#0002,EN-Alto-2,Love Story,Falsetto_Group,falsetto_group,non_mix,0.995398,0.595398
English#EN-Alto-2#Mixed_Voice_and_Falsetto#Easy On Me#Control_Group#0002,EN-Alto-2,Easy On Me,Control_Group,control_negative,non_mix,0.995332,0.595332
English#EN-Alto-2#Pharyngeal#You Raise Me Up#Pharyngeal_Group#0002,EN-Alto-2,You Raise Me Up,Pharyngeal_Group,other_negative,non_mix,0.995171,0.595171
English#EN-Alto-2#Mixed_Voice_and_Falsetto#Fly Me to the Moon#Control_Group#0004,EN-Alto-2,Fly Me to the Moon,Control_Group,control_negative,non_mix,0.995102,0.595102
English#EN-Alto-2#Mixed_Voice_and_Falsetto#Fly Me to the Moon#Control_Group#0000,EN-Alto-2,Fly Me to the Moon,Control_Group,control_negative,non_mix,0.995037,0.595037
English#EN-Alto-2#Mixed_Voice_and_Falsetto#A Thousand Years#Falsetto_Group#0007,EN-Alto-2,A Thousand Years,Falsetto_Group,falsetto_group,non_mix,0.995027,0.595027
English#EN-Alto-2#Breathy#Young And Beautiful#Breathy_Group#0005,EN-Alto-2,Young And Beautiful,Breathy_Group,breathy_group,non_mix,0.995004,0.595004
English#EN-Alto-2#Mixed_Voice_and_Falsetto#Fly Me to the Moon#Control_Group#0001,EN-Alto-2,Fly Me to the Moon,Control_Group,control_negative,non_mix,0.99491,0.59491
English#EN-Alto-2#Mixed_Voice_and_Falsetto#Safe and Sound#Control_Group#0004,EN-Alto-2,Safe and Sound,Control_Group,control_negative,non_mix,0.994799,0.594799
English#EN-Alto-2#Mixed_Voice_and_Falsetto#Fly Me to the Moon#Falsetto_Group#0001,EN-Alto-2,Fly Me to the Moon,Falsetto_Group,falsetto_group,non_mix,0.994798,0.594798
English#EN-Alto-2#Pharyngeal#Safe and Sound#Pharyngeal_Group#0004,EN-Alto-2,Safe and Sound,Pharyngeal_Group,other_negative,non_mix,0.994658,0.594658
English#EN-Alto-2#Mixed_Voice_and_Falsetto#This Is Me#Control_Group#0002,EN-Alto-2,This Is Me,Control_Group,control_negative,non_mix,0.994402,0.594402
English#EN-Alto-2#Mixed_Voice_and_Falsetto#Lemon Tree#Falsetto_Group#0001,EN-Alto-2,Lemon Tree,Falsetto_Group,falsetto_group,non_mix,0.994398,0.594398
English#EN-Alto-2#Mixed_Voice_and_Falsetto#Fly Me to the Moon#Control_Group#0002,EN-Alto-2,Fly Me to the Moon,Control_Group,control_negative,non_mix,0.994329,0.594329
English#EN-Alto-2#Mixed_Voice_and_Falsetto#Dream It Possible#Control_Group#0001,EN-Alto-2,Dream It Possible,Control_Group,control_negative,non_mix,0.993945,0.593945
English#EN-Alto-2#Breathy#Love Me Like You Do#Breathy_Group#0007,EN-Alto-2,Love Me Like You Do,Breathy_Group,breathy_group,non_mix,0.993923,0.593923
English#EN-Alto-2#Mixed_Voice_and_Falsetto#Five Hundred Miles#Control_Group#0007,EN-Alto-2,Five Hundred Miles,Control_Group,control_negative,non_mix,0.993866,0.593866
English#EN-Alto-2#Mixed_Voice_and_Falsetto#Hey Jude#Control_Group#0001,EN-Alto-2,Hey Jude,Control_Group,control_negative,non_mix,0.993865,0.593865
English#EN-Alto-2#Mixed_Voice_and_Falsetto#Easy On Me#Falsetto_Group#0002,EN-Alto-2,Easy On Me,Falsetto_Group,falsetto_group,non_mix,0.993826,0.593826
English#EN-Alto-2#Mixed_Voice_and_Falsetto#A Thousand Years#Control_Group#0006,EN-Alto-2,A Thousand Years,Control_Group,control_negative,non_mix,0.993766,0.593766
English#EN-Alto-2#Pharyngeal#Fly Me to the Moon#Pharyngeal_Group#0001,EN-Alto-2,Fly Me to the Moon,Pharyngeal_Group,other_negative,non_mix,0.993657,0.593657
English#EN-Alto-2#Mixed_Voice_and_Falsetto#Fly Me to the Moon#Falsetto_Group#0002,EN-Alto-2,Fly Me to the Moon,Falsetto_Group,falsetto_group,non_mix,0.993654,0.593654
English#EN-Alto-2#Mixed_Voice_and_Falsetto#Love Story#Falsetto_Group#0003,EN-Alto-2,Love Story,Falsetto_Group,falsetto_group,non_mix,0.993583,0.593583
English#EN-Alto-2#Mixed_Voice_and_Falsetto#Call Me Maybe#Falsetto_Group#0002,EN-Alto-2,Call Me Maybe,Falsetto_Group,falsetto_group,non_mix,0.993517,0.593517
English#EN-Alto-2#Pharyngeal#Someone Like You#Pharyngeal_Group#0002,EN-Alto-2,Someone Like You,Pharyngeal_Group,other_negative,non_mix,0.993404,0.593404
English#EN-Alto-2#Mixed_Voice_and_Falsetto#City Of Stars#Control_Group#0008,EN-Alto-2,City Of Stars,Control_Group,control_negative,non_mix,0.993383,0.593383
English#EN-Alto-2#Mixed_Voice_and_Falsetto#Love Me Like You Do#Control_Group#0001,EN-Alto-2,Love Me Like You Do,Control_Group,control_negative,non_mix,0.993376,0.593376
English#EN-Alto-2#Mixed_Voice_and_Falsetto#God is A Girl#Control_Group#0001,EN-Alto-2,God is A Girl,Control_Group,control_negative,non_mix,0.993316,0.593316
English#EN-Alto-2#Mixed_Voice_and_Falsetto#You Raise Me Up#Control_Group#0006,EN-Alto-2,You Raise Me Up,Control_Group,control_negative,non_mix,0.993215,0.593215
English#EN-Alto-2#Breathy#All of Me#Breathy_Group#0005,EN-Alto-2,All of Me,Breathy_Group,breathy_group,non_mix,0.993208,0.593208
English#EN-Alto-2#Mixed_Voice_and_Falsetto#Easy On Me#Control_Group#0000,EN-Alto-2,Easy On Me,Control_Group,control_negative,non_mix,0.993205,0.593205
English#EN-Alto-2#Mixed_Voice_and_Falsetto#YOUTH#Control_Group#0001,EN-Alto-2,YOUTH,Control_Group,control_negative,non_mix,0.993135,0.593135
English#EN-Alto-2#Mixed_Voice_and_Falsetto#Young And Beautiful#Control_Group#0005,EN-Alto-2,Young And Beautiful,Control_Group,control_negative,non_mix,0.992945,0.592945
English#EN-Alto-2#Mixed_Voice_and_Falsetto#Young And Beautiful#Falsetto_Group#0004,EN-Alto-2,Young And Beautiful,Falsetto_Group,falsetto_group,non_mix,0.992917,0.592917
English#EN-Alto-2#Mixed_Voice_and_Falsetto#The Show#Control_Group#0000,EN-Alto-2,The Show,Control_Group,control_negative,non_mix,0.992844,0.592844
English#EN-Alto-2#Mixed_Voice_and_Falsetto#City Of Stars#Control_Group#0009,EN-Alto-2,City Of Stars,Control_Group,control_negative,non_mix,0.992665,0.592665
English#EN-Alto-2#Mixed_Voice_and_Falsetto#Seasons of Love#Falsetto_Group#0002,EN-Alto-2,Seasons of Love,Falsetto_Group,falsetto_group,non_mix,0.992475,0.592475
English#EN-Alto-2#Mixed_Voice_and_Falsetto#Love Me Like You Do#Control_Group#0000,EN-Alto-2,Love Me Like You Do,Control_Group,control_negative,non_mix,0.992471,0.592471
English#EN-Alto-2#Mixed_Voice_and_Falsetto#My Heart Will Go On#Control_Group#0006,EN-Alto-2,My Heart Will Go On,Control_Group,control_negative,non_mix,0.992436,0.592436
English#EN-Alto-2#Pharyngeal#My Heart Will Go On#Pharyngeal_Group#0006,EN-Alto-2,My Heart Will Go On,Pharyngeal_Group,other_negative,non_mix,0.992436,0.592436
English#EN-Alto-2#Mixed_Voice_and_Falsetto#Fly Me to the Moon#Control_Group#0003,EN-Alto-2,Fly Me to the Moon,Control_Group,control_negative,non_mix,0.992423,0.592423
English#EN-Alto-2#Pharyngeal#Safe and Sound#Pharyngeal_Group#0000,EN-Alto-2,Safe and Sound,Pharyngeal_Group,other_negative,non_mix,0.99238,0.59238
English#EN-Alto-2#Mixed_Voice_and_Falsetto#YOUTH#Falsetto_Group#0003,EN-Alto-2,YOUTH,Falsetto_Group,falsetto_group,non_mix,0.992359,0.592359
English#EN-Alto-2#Mixed_Voice_and_Falsetto#Safe and Sound#Control_Group#0005,EN-Alto-2,Safe and Sound,Control_Group,control_negative,non_mix,0.992333,0.592333
English#EN-Alto-2#Mixed_Voice_and_Falsetto#Hello#Control_Group#0007,EN-Alto-2,Hello,Control_Group,control_negative,non_mix,0.992275,0.592275
English#EN-Alto-2#Pharyngeal#Young And Beautiful#Pharyngeal_Group#0003,EN-Alto-2,Young And Beautiful,Pharyngeal_Group,other_negative,non_mix,0.992181,0.592181
English#EN-Alto-2#Mixed_Voice_and_Falsetto#The Show#Control_Group#0003,EN-Alto-2,The Show,Control_Group,control_negative,non_mix,0.99218,0.59218
English#EN-Alto-2#Mixed_Voice_and_Falsetto#The Show#Control_Group#0002,EN-Alto-2,The Show,Control_Group,control_negative,non_mix,0.992174,0.592174
English#EN-Alto-2#Mixed_Voice_and_Falsetto#Call Me Maybe#Falsetto_Group#0000,EN-Alto-2,Call Me Maybe,Falsetto_Group,falsetto_group,non_mix,0.9921,0.5921
English#EN-Alto-2#Mixed_Voice_and_Falsetto#All of Me#Falsetto_Group#0007,EN-Alto-2,All of Me,Falsetto_Group,falsetto_group,non_mix,0.992042,0.592042
English#EN-Alto-2#Pharyngeal#Safe and Sound#Pharyngeal_Group#0002,EN-Alto-2,Safe and Sound,Pharyngeal_Group,other_negative,non_mix,0.992025,0.592025
English#EN-Alto-2#Mixed_Voice_and_Falsetto#Five Hundred Miles#Control_Group#0002,EN-Alto-2,Five Hundred Miles,Control_Group,control_negative,non_mix,0.991973,0.591973
English#EN-Alto-2#Mixed_Voice_and_Falsetto#Love Me Like You Do#Falsetto_Group#0004,EN-Alto-2,Love Me Like You Do,Falsetto_Group,falsetto_group,non_mix,0.991971,0.591971
English#EN-Alto-2#Mixed_Voice_and_Falsetto#Cry on My Shoulder#Falsetto_Group#0005,EN-Alto-2,Cry on My Shoulder,Falsetto_Group,falsetto_group,non_mix,0.991931,0.591931
English#EN-Alto-2#Mixed_Voice_and_Falsetto#God is A Girl#Control_Group#0003,EN-Alto-2,God is A Girl,Control_Group,control_negative,non_mix,0.991885,0.591885
English#EN-Alto-2#Mixed_Voice_and_Falsetto#Cry on My Shoulder#Control_Group#0002,EN-Alto-2,Cry on My Shoulder,Control_Group,control_negative,non_mix,0.991749,0.591749
English#EN-Alto-2#Pharyngeal#You Raise Me Up#Pharyngeal_Group#0004,EN-Alto-2,You Raise Me Up,Pharyngeal_Group,other_negative,non_mix,0.991662,0.591662
English#EN-Alto-2#Mixed_Voice_and_Falsetto#Five Hundred Miles#Control_Group#0004,EN-Alto-2,Five Hundred Miles,Control_Group,control_negative,non_mix,0.991634,0.591634
English#EN-Alto-2#Mixed_Voice_and_Falsetto#My Love#Falsetto_Group#0005,EN-Alto-2,My Love,Falsetto_Group,falsetto_group,non_mix,0.991587,0.591587
English#EN-Alto-2#Mixed_Voice_and_Falsetto#Hey Jude#Falsetto_Group#0000,EN-Alto-2,Hey Jude,Falsetto_Group,falsetto_group,non_mix,0.991546,0.591546
English#EN-Alto-2#Pharyngeal#Love Me Like You Do#Pharyngeal_Group#0000,EN-Alto-2,Love Me Like You Do,Pharyngeal_Group,other_negative,non_mix,0.991546,0.591546
English#EN-Alto-2#Mixed_Voice_and_Falsetto#God is A Girl#Falsetto_Group#0000,EN-Alto-2,God is A Girl,Falsetto_Group,falsetto_group,non_mix,0.991354,0.591354
English#EN-Alto-2#Mixed_Voice_and_Falsetto#Young And Beautiful#Control_Group#0002,EN-Alto-2,Young And Beautiful,Control_Group,control_negative,non_mix,0.991348,0.591348
English#EN-Alto-2#Mixed_Voice_and_Falsetto#This Is Me#Falsetto_Group#0004,EN-Alto-2,This Is Me,Falsetto_Group,falsetto_group,non_mix,0.991343,0.591343
English#EN-Alto-2#Mixed_Voice_and_Falsetto#My Heart Will Go On#Control_Group#0000,EN-Alto-2,My Heart Will Go On,Control_Group,control_negative,non_mix,0.991303,0.591303
English#EN-Alto-2#Pharyngeal#My Heart Will Go On#Pharyngeal_Group#0000,EN-Alto-2,My Heart Will Go On,Pharyngeal_Group,other_negative,non_mix,0.991303,0.591303
English#EN-Alto-2#Mixed_Voice_and_Falsetto#Let Her Go#Control_Group#0000,EN-Alto-2,Let Her Go,Control_Group,control_negative,non_mix,0.991298,0.591298
English#EN-Alto-2#Vibrato#Easy On Me#Control_Group#0004,EN-Alto-2,Easy On Me,Control_Group,control_negative,non_mix,0.991192,0.591192
English#EN-Alto-2#Pharyngeal#Dream It Possible#Pharyngeal_Group#0002,EN-Alto-2,Dream It Possible,Pharyngeal_Group,other_negative,non_mix,0.990911,0.590911
English#EN-Alto-2#Breathy#Love Me Like You Do#Breathy_Group#0006,EN-Alto-2,Love Me Like You Do,Breathy_Group,breathy_group,non_mix,0.990899,0.590899
English#EN-Alto-2#Mixed_Voice_and_Falsetto#Dream It Possible#Control_Group#0004,EN-Alto-2,Dream It Possible,Control_Group,control_negative,non_mix,0.990876,0.590876
English#EN-Alto-2#Mixed_Voice_and_Falsetto#Dream It Possible#Falsetto_Group#0002,EN-Alto-2,Dream It Possible,Falsetto_Group,falsetto_group,non_mix,0.990847,0.590847
English#EN-Alto-2#Pharyngeal#Young And Beautiful#Pharyngeal_Group#0000,EN-Alto-2,Young And Beautiful,Pharyngeal_Group,other_negative,non_mix,0.990799,0.590799
English#EN-Alto-2#Mixed_Voice_and_Falsetto#Safe and Sound#Control_Group#0000,EN-Alto-2,Safe and Sound,Control_Group,control_negative,non_mix,0.990756,0.590756
English#EN-Alto-2#Mixed_Voice_and_Falsetto#What Are Words#Falsetto_Group#0001,EN-Alto-2,What Are Words,Falsetto_Group,falsetto_group,non_mix,0.990694,0.590694
English#EN-Alto-2#Mixed_Voice_and_Falsetto#YOUTH#Control_Group#0000,EN-Alto-2,YOUTH,Control_Group,control_negative,non_mix,0.990668,0.590668
English#EN-Alto-2#Pharyngeal#Dream It Possible#Pharyngeal_Group#0003,EN-Alto-2,Dream It Possible,Pharyngeal_Group,other_negative,non_mix,0.990663,0.590663
English#EN-Alto-2#Pharyngeal#Easy On Me#Pharyngeal_Group#0000,EN-Alto-2,Easy On Me,Pharyngeal_Group,other_negative,non_mix,0.990605,0.590605
English#EN-Alto-2#Breathy#Easy On Me#Breathy_Group#0002,EN-Alto-2,Easy On Me,Breathy_Group,breathy_group,non_mix,0.990554,0.590554
English#EN-Alto-2#Mixed_Voice_and_Falsetto#Call Me Maybe#Falsetto_Group#0004,EN-Alto-2,Call Me Maybe,Falsetto_Group,falsetto_group,non_mix,0.990535,0.590535
English#EN-Alto-2#Mixed_Voice_and_Falsetto#Call Me Maybe#Falsetto_Group#0001,EN-Alto-2,Call Me Maybe,Falsetto_Group,falsetto_group,non_mix,0.990523,0.590523
English#EN-Alto-2#Breathy#Young And Beautiful#Breathy_Group#0003,EN-Alto-2,Young And Beautiful,Breathy_Group,breathy_group,non_mix,0.990511,0.590511
English#EN-Alto-2#Pharyngeal#Someone Like You#Pharyngeal_Group#0000,EN-Alto-2,Someone Like You,Pharyngeal_Group,other_negative,non_mix,0.990444,0.590444
English#EN-Alto-2#Mixed_Voice_and_Falsetto#Hey Jude#Falsetto_Group#0005,EN-Alto-2,Hey Jude,Falsetto_Group,falsetto_group,non_mix,0.990255,0.590255
English#EN-Alto-2#Mixed_Voice_and_Falsetto#The Show#Falsetto_Group#0002,EN-Alto-2,The Show,Falsetto_Group,falsetto_group,non_mix,0.989989,0.589989
English#EN-Alto-2#Mixed_Voice_and_Falsetto#All of Me#Falsetto_Group#0000,EN-Alto-2,All of Me,Falsetto_Group,falsetto_group,non_mix,0.989777,0.589777
English#EN-Alto-2#Mixed_Voice_and_Falsetto#A Thousand Years#Control_Group#0003,EN-Alto-2,A Thousand Years,Control_Group,control_negative,non_mix,0.989769,0.589769
English#EN-Alto-2#Mixed_Voice_and_Falsetto#Dream It Possible#Control_Group#0003,EN-Alto-2,Dream It Possible,Control_Group,control_negative,non_mix,0.989659,0.589659
English#EN-Alto-2#Mixed_Voice_and_Falsetto#Five Hundred Miles#Control_Group#0008,EN-Alto-2,Five Hundred Miles,Control_Group,control_negative,non_mix,0.989647,0.589647
English#EN-Alto-2#Mixed_Voice_and_Falsetto#God is A Girl#Falsetto_Group#0006,EN-Alto-2,God is A Girl,Falsetto_Group,falsetto_group,non_mix,0.989576,0.589576
English#EN-Alto-2#Mixed_Voice_and_Falsetto#Hello#Control_Group#0003,EN-Alto-2,Hello,Control_Group,control_negative,non_mix,0.989416,0.589416
English#EN-Alto-2#Mixed_Voice_and_Falsetto#God is A Girl#Falsetto_Group#0005,EN-Alto-2,God is A Girl,Falsetto_Group,falsetto_group,non_mix,0.989306,0.589306
English#EN-Alto-2#Mixed_Voice_and_Falsetto#A Thousand Years#Control_Group#0007,EN-Alto-2,A Thousand Years,Control_Group,control_negative,non_mix,0.989222,0.589222
English#EN-Alto-2#Mixed_Voice_and_Falsetto#Safe and Sound#Falsetto_Group#0000,EN-Alto-2,Safe and Sound,Falsetto_Group,falsetto_group,non_mix,0.989018,0.589018
English#EN-Alto-2#Mixed_Voice_and_Falsetto#Cry on My Shoulder#Falsetto_Group#0007,EN-Alto-2,Cry on My Shoulder,Falsetto_Group,falsetto_group,non_mix,0.988854,0.588854
English#EN-Alto-2#Mixed_Voice_and_Falsetto#Five Hundred Miles#Control_Group#0003,EN-Alto-2,Five Hundred Miles,Control_Group,control_negative,non_mix,0.98883,0.58883
English#EN-Alto-2#Mixed_Voice_and_Falsetto#Love Story#Control_Group#0001,EN-Alto-2,Love Story,Control_Group,control_negative,non_mix,0.988828,0.588828
English#EN-Alto-2#Mixed_Voice_and_Falsetto#Young And Beautiful#Falsetto_Group#0003,EN-Alto-2,Young And Beautiful,Falsetto_Group,falsetto_group,non_mix,0.988738,0.588738
English#EN-Alto-2#Mixed_Voice_and_Falsetto#What Are Words#Falsetto_Group#0007,EN-Alto-2,What Are Words,Falsetto_Group,falsetto_group,non_mix,0.988293,0.588293
English#EN-Alto-2#Mixed_Voice_and_Falsetto#Lemon Tree#Control_Group#0002,EN-Alto-2,Lemon Tree,Control_Group,control_negative,non_mix,0.988274,0.588274
English#EN-Alto-2#Breathy#Someone You Loved#Breathy_Group#0005,EN-Alto-2,Someone You Loved,Breathy_Group,breathy_group,non_mix,0.988092,0.588092
English#EN-Alto-2#Pharyngeal#Fly Me to the Moon#Pharyngeal_Group#0000,EN-Alto-2,Fly Me to the Moon,Pharyngeal_Group,other_negative,non_mix,0.988071,0.588071
English#EN-Alto-2#Mixed_Voice_and_Falsetto#Yesterday Once More#Control_Group#0005,EN-Alto-2,Yesterday Once More,Control_Group,control_negative,non_mix,0.987993,0.587993
English#EN-Alto-2#Mixed_Voice_and_Falsetto#Seasons of Love#Falsetto_Group#0000,EN-Alto-2,Seasons of Love,Falsetto_Group,falsetto_group,non_mix,0.987808,0.587808
English#EN-Alto-2#Mixed_Voice_and_Falsetto#God is A Girl#Falsetto_Group#0004,EN-Alto-2,God is A Girl,Falsetto_Group,falsetto_group,non_mix,0.987768,0.587768
English#EN-Alto-2#Mixed_Voice_and_Falsetto#Love Me Like You Do#Falsetto_Group#0007,EN-Alto-2,Love Me Like You Do,Falsetto_Group,falsetto_group,non_mix,0.987722,0.587722
English#EN-Alto-2#Mixed_Voice_and_Falsetto#Love Me Like You Do#Falsetto_Group#0001,EN-Alto-2,Love Me Like You Do,Falsetto_Group,falsetto_group,non_mix,0.987682,0.587682
English#EN-Alto-2#Mixed_Voice_and_Falsetto#My Heart Will Go On#Control_Group#0010,EN-Alto-2,My Heart Will Go On,Control_Group,control_negative,non_mix,0.987613,0.587613
English#EN-Alto-2#Mixed_Voice_and_Falsetto#A Thousand Years#Control_Group#0005,EN-Alto-2,A Thousand Years,Control_Group,control_negative,non_mix,0.98754,0.58754
English#EN-Alto-2#Mixed_Voice_and_Falsetto#A Thousand Years#Control_Group#0000,EN-Alto-2,A Thousand Years,Control_Group,control_negative,non_mix,0.987427,0.587427
English#EN-Alto-2#Pharyngeal#My Heart Will Go On#Pharyngeal_Group#0004,EN-Alto-2,My Heart Will Go On,Pharyngeal_Group,other_negative,non_mix,0.987407,0.587407
English#EN-Alto-2#Mixed_Voice_and_Falsetto#You Raise Me Up#Control_Group#0001,EN-Alto-2,You Raise Me Up,Control_Group,control_negative,non_mix,0.987381,0.587381
English#EN-Alto-2#Mixed_Voice_and_Falsetto#Someone Like You#Control_Group#0004,EN-Alto-2,Someone Like You,Control_Group,control_negative,non_mix,0.987379,0.587379
English#EN-Alto-2#Mixed_Voice_and_Falsetto#Someone Like You#Control_Group#0002,EN-Alto-2,Someone Like You,Control_Group,control_negative,non_mix,0.987365,0.587365
English#EN-Alto-2#Mixed_Voice_and_Falsetto#Easy On Me#Falsetto_Group#0000,EN-Alto-2,Easy On Me,Falsetto_Group,falsetto_group,non_mix,0.987318,0.587318
English#EN-Alto-2#Pharyngeal#My Love#Pharyngeal_Group#0004,EN-Alto-2,My Love,Pharyngeal_Group,other_negative,non_mix,0.987291,0.587291
English#EN-Alto-2#Pharyngeal#My Heart Will Go On#Pharyngeal_Group#0001,EN-Alto-2,My Heart Will Go On,Pharyngeal_Group,other_negative,non_mix,0.987257,0.587257
English#EN-Alto-2#Mixed_Voice_and_Falsetto#What Are Words#Falsetto_Group#0005,EN-Alto-2,What Are Words,Falsetto_Group,falsetto_group,non_mix,0.987203,0.587203
English#EN-Alto-2#Mixed_Voice_and_Falsetto#Dream It Possible#Falsetto_Group#0001,EN-Alto-2,Dream It Possible,Falsetto_Group,falsetto_group,non_mix,0.987188,0.587188
English#EN-Alto-2#Mixed_Voice_and_Falsetto#Five Hundred Miles#Falsetto_Group#0000,EN-Alto-2,Five Hundred Miles,Falsetto_Group,falsetto_group,non_mix,0.986917,0.586917
English#EN-Alto-2#Mixed_Voice_and_Falsetto#Love Me Like You Do#Falsetto_Group#0003,EN-Alto-2,Love Me Like You Do,Falsetto_Group,falsetto_group,non_mix,0.986786,0.586786
English#EN-Alto-2#Mixed_Voice_and_Falsetto#Love Me Like You Do#Falsetto_Group#0006,EN-Alto-2,Love Me Like You Do,Falsetto_Group,falsetto_group,non_mix,0.986786,0.586786
English#EN-Alto-2#Vibrato#Easy On Me#Control_Group#0006,EN-Alto-2,Easy On Me,Control_Group,control_negative,non_mix,0.986716,0.586716
English#EN-Alto-2#Mixed_Voice_and_Falsetto#Cry on My Shoulder#Control_Group#0004,EN-Alto-2,Cry on My Shoulder,Control_Group,control_negative,non_mix,0.986694,0.586694
English#EN-Alto-2#Pharyngeal#Yesterday Once More#Pharyngeal_Group#0001,EN-Alto-2,Yesterday Once More,Pharyngeal_Group,other_negative,non_mix,0.986597,0.586597
English#EN-Alto-2#Mixed_Voice_and_Falsetto#Lemon Tree#Control_Group#0003,EN-Alto-2,Lemon Tree,Control_Group,control_negative,non_mix,0.986447,0.586447
English#EN-Alto-2#Mixed_Voice_and_Falsetto#Someone Like You#Falsetto_Group#0002,EN-Alto-2,Someone Like You,Falsetto_Group,falsetto_group,non_mix,0.98644,0.58644
English#EN-Alto-2#Mixed_Voice_and_Falsetto#Let Her Go#Control_Group#0003,EN-Alto-2,Let Her Go,Control_Group,control_negative,non_mix,0.986344,0.586344
English#EN-Alto-2#Vibrato#Easy On Me#Control_Group#0005,EN-Alto-2,Easy On Me,Control_Group,control_negative,non_mix,0.986323,0.586323
English#EN-Alto-2#Breathy#Easy On Me#Breathy_Group#0003,EN-Alto-2,Easy On Me,Breathy_Group,breathy_group,non_mix,0.986205,0.586205
English#EN-Alto-2#Mixed_Voice_and_Falsetto#Hey Jude#Falsetto_Group#0004,EN-Alto-2,Hey Jude,Falsetto_Group,falsetto_group,non_mix,0.986138,0.586138
English#EN-Alto-2#Mixed_Voice_and_Falsetto#YOUTH#Falsetto_Group#0000,EN-Alto-2,YOUTH,Falsetto_Group,falsetto_group,non_mix,0.986076,0.586076
English#EN-Alto-2#Mixed_Voice_and_Falsetto#You Belong With Me#Falsetto_Group#0001,EN-Alto-2,You Belong With Me,Falsetto_Group,falsetto_group,non_mix,0.985847,0.585847
English#EN-Alto-2#Pharyngeal#My Heart Will Go On#Pharyngeal_Group#0002,EN-Alto-2,My Heart Will Go On,Pharyngeal_Group,other_negative,non_mix,0.985827,0.585827
English#EN-Alto-2#Mixed_Voice_and_Falsetto#Lemon Tree#Falsetto_Group#0003,EN-Alto-2,Lemon Tree,Falsetto_Group,falsetto_group,non_mix,0.985659,0.585659
English#EN-Alto-2#Mixed_Voice_and_Falsetto#Someone You Loved#Control_Group#0002,EN-Alto-2,Someone You Loved,Control_Group,control_negative,non_mix,0.985556,0.585556
English#EN-Alto-2#Mixed_Voice_and_Falsetto#The Show#Falsetto_Group#0000,EN-Alto-2,The Show,Falsetto_Group,falsetto_group,non_mix,0.985041,0.585041
English#EN-Alto-2#Mixed_Voice_and_Falsetto#Try#Control_Group#0000,EN-Alto-2,Try,Control_Group,control_negative,non_mix,0.984727,0.584727
English#EN-Alto-2#Mixed_Voice_and_Falsetto#This Is Me#Control_Group#0003,EN-Alto-2,This Is Me,Control_Group,control_negative,non_mix,0.984659,0.584659
English#EN-Alto-2#Mixed_Voice_and_Falsetto#City Of Stars#Control_Group#0012,EN-Alto-2,City Of Stars,Control_Group,control_negative,non_mix,0.984604,0.584604
English#EN-Alto-2#Mixed_Voice_and_Falsetto#Someone Like You#Control_Group#0010,EN-Alto-2,Someone Like You,Control_Group,control_negative,non_mix,0.984578,0.584578
English#EN-Alto-2#Mixed_Voice_and_Falsetto#Five Hundred Miles#Falsetto_Group#0007,EN-Alto-2,Five Hundred Miles,Falsetto_Group,falsetto_group,non_mix,0.984553,0.584553
English#EN-Alto-2#Mixed_Voice_and_Falsetto#Seasons of Love#Control_Group#0000,EN-Alto-2,Seasons of Love,Control_Group,control_negative,non_mix,0.984503,0.584503
English#EN-Alto-2#Mixed_Voice_and_Falsetto#Easy On Me#Control_Group#0006,EN-Alto-2,Easy On Me,Control_Group,control_negative,non_mix,0.984478,0.584478
English#EN-Alto-2#Pharyngeal#Someone You Loved#Pharyngeal_Group#0005,EN-Alto-2,Someone You Loved,Pharyngeal_Group,other_negative,non_mix,0.984381,0.584381
English#EN-Alto-2#Mixed_Voice_and_Falsetto#God is A Girl#Falsetto_Group#0001,EN-Alto-2,God is A Girl,Falsetto_Group,falsetto_group,non_mix,0.984377,0.584377
English#EN-Alto-2#Mixed_Voice_and_Falsetto#Lemon Tree#Falsetto_Group#0000,EN-Alto-2,Lemon Tree,Falsetto_Group,falsetto_group,non_mix,0.984268,0.584268
English#EN-Alto-2#Mixed_Voice_and_Falsetto#Five Hundred Miles#Control_Group#0000,EN-Alto-2,Five Hundred Miles,Control_Group,control_negative,non_mix,0.984191,0.584191
English#EN-Alto-2#Mixed_Voice_and_Falsetto#City Of Stars#Control_Group#0001,EN-Alto-2,City Of Stars,Control_Group,control_negative,non_mix,0.984075,0.584075
English#EN-Alto-2#Pharyngeal#Someone You Loved#Pharyngeal_Group#0002,EN-Alto-2,Someone You Loved,Pharyngeal_Group,other_negative,non_mix,0.983979,0.583979
English#EN-Alto-2#Mixed_Voice_and_Falsetto#Hello#Falsetto_Group#0004,EN-Alto-2,Hello,Falsetto_Group,falsetto_group,non_mix,0.983952,0.583952
English#EN-Alto-2#Breathy#Love Me Like You Do#Breathy_Group#0002,EN-Alto-2,Love Me Like You Do,Breathy_Group,breathy_group,non_mix,0.983897,0.583897
English#EN-Alto-2#Mixed_Voice_and_Falsetto#Someone You Loved#Falsetto_Group#0001,EN-Alto-2,Someone You Loved,Falsetto_Group,falsetto_group,non_mix,0.983888,0.583888
English#EN-Alto-2#Mixed_Voice_and_Falsetto#Someone Like You#Mixed_Voice_Group#0011,EN-Alto-2,Someone Like You,Mixed_Voice_Group,other_negative,non_mix,0.983683,0.583683
English#EN-Alto-2#Mixed_Voice_and_Falsetto#Someone Like You#Falsetto_Group#0006,EN-Alto-2,Someone Like You,Falsetto_Group,falsetto_group,non_mix,0.983678,0.583678
English#EN-Alto-2#Mixed_Voice_and_Falsetto#Love Me Like You Do#Control_Group#0007,EN-Alto-2,Love Me Like You Do,Control_Group,control_negative,non_mix,0.98362,0.58362
English#EN-Alto-2#Mixed_Voice_and_Falsetto#Love Me Like You Do#Control_Group#0006,EN-Alto-2,Love Me Like You Do,Control_Group,control_negative,non_mix,0.983616,0.583616
English#EN-Alto-2#Mixed_Voice_and_Falsetto#A Thousand Years#Falsetto_Group#0000,EN-Alto-2,A Thousand Years,Falsetto_Group,falsetto_group,non_mix,0.983582,0.583582
English#EN-Alto-2#Mixed_Voice_and_Falsetto#My Heart Will Go On#Falsetto_Group#0008,EN-Alto-2,My Heart Will Go On,Falsetto_Group,falsetto_group,non_mix,0.983579,0.583579
English#EN-Alto-2#Mixed_Voice_and_Falsetto#Young And Beautiful#Falsetto_Group#0005,EN-Alto-2,Young And Beautiful,Falsetto_Group,falsetto_group,non_mix,0.983496,0.583496
English#EN-Alto-2#Mixed_Voice_and_Falsetto#YOUTH#Control_Group#0003,EN-Alto-2,YOUTH,Control_Group,control_negative,non_mix,0.983422,0.583422
English#EN-Alto-2#Mixed_Voice_and_Falsetto#Hey Jude#Control_Group#0008,EN-Alto-2,Hey Jude,Control_Group,control_negative,non_mix,0.983384,0.583384
English#EN-Alto-2#Mixed_Voice_and_Falsetto#A Thousand Years#Control_Group#0001,EN-Alto-2,A Thousand Years,Control_Group,control_negative,non_mix,0.983295,0.583295
English#EN-Alto-2#Mixed_Voice_and_Falsetto#Try#Falsetto_Group#0003,EN-Alto-2,Try,Falsetto_Group,falsetto_group,non_mix,0.983294,0.583294
English#EN-Alto-2#Mixed_Voice_and_Falsetto#Hello#Control_Group#0001,EN-Alto-2,Hello,Control_Group,control_negative,non_mix,0.983247,0.583247
English#EN-Alto-2#Mixed_Voice_and_Falsetto#This Is Me#Falsetto_Group#0003,EN-Alto-2,This Is Me,Falsetto_Group,falsetto_group,non_mix,0.983166,0.583166
English#EN-Alto-2#Pharyngeal#My Heart Will Go On#Pharyngeal_Group#0010,EN-Alto-2,My Heart Will Go On,Pharyngeal_Group,other_negative,non_mix,0.982968,0.582968
English#EN-Alto-2#Mixed_Voice_and_Falsetto#Someone Like You#Falsetto_Group#0001,EN-Alto-2,Someone Like You,Falsetto_Group,falsetto_group,non_mix,0.98293,0.58293
English#EN-Alto-2#Pharyngeal#Yesterday Once More#Pharyngeal_Group#0004,EN-Alto-2,Yesterday Once More,Pharyngeal_Group,other_negative,non_mix,0.982674,0.582674
English#EN-Alto-2#Mixed_Voice_and_Falsetto#Cry on My Shoulder#Falsetto_Group#0004,EN-Alto-2,Cry on My Shoulder,Falsetto_Group,falsetto_group,non_mix,0.98254,0.58254
English#EN-Alto-2#Mixed_Voice_and_Falsetto#Lemon Tree#Falsetto_Group#0004,EN-Alto-2,Lemon Tree,Falsetto_Group,falsetto_group,non_mix,0.982416,0.582416
English#EN-Alto-2#Mixed_Voice_and_Falsetto#Hello#Falsetto_Group#0008,EN-Alto-2,Hello,Falsetto_Group,falsetto_group,non_mix,0.982331,0.582331
English#EN-Alto-2#Mixed_Voice_and_Falsetto#All of Me#Falsetto_Group#0004,EN-Alto-2,All of Me,Falsetto_Group,falsetto_group,non_mix,0.982301,0.582301
English#EN-Alto-2#Mixed_Voice_and_Falsetto#You Belong With Me#Falsetto_Group#0003,EN-Alto-2,You Belong With Me,Falsetto_Group,falsetto_group,non_mix,0.982291,0.582291
English#EN-Alto-2#Mixed_Voice_and_Falsetto#Seasons of Love#Falsetto_Group#0003,EN-Alto-2,Seasons of Love,Falsetto_Group,falsetto_group,non_mix,0.982226,0.582226
English#EN-Alto-2#Mixed_Voice_and_Falsetto#The Show#Control_Group#0001,EN-Alto-2,The Show,Control_Group,control_negative,non_mix,0.982124,0.582124
English#EN-Alto-2#Mixed_Voice_and_Falsetto#Try#Falsetto_Group#0002,EN-Alto-2,Try,Falsetto_Group,falsetto_group,non_mix,0.982016,0.582016
English#EN-Alto-2#Pharyngeal#Yesterday Once More#Pharyngeal_Group#0007,EN-Alto-2,Yesterday Once More,Pharyngeal_Group,other_negative,non_mix,0.981955,0.581955
English#EN-Alto-2#Mixed_Voice_and_Falsetto#Try#Control_Group#0001,EN-Alto-2,Try,Control_Group,control_negative,non_mix,0.981809,0.581809
English#EN-Alto-2#Mixed_Voice_and_Falsetto#Hey Jude#Falsetto_Group#0009,EN-Alto-2,Hey Jude,Falsetto_Group,falsetto_group,non_mix,0.981337,0.581337
English#EN-Alto-2#Pharyngeal#Yesterday Once More#Pharyngeal_Group#0003,EN-Alto-2,Yesterday Once More,Pharyngeal_Group,other_negative,non_mix,0.981195,0.581195
English#EN-Alto-2#Pharyngeal#Someone Like You#Pharyngeal_Group#0001,EN-Alto-2,Someone Like You,Pharyngeal_Group,other_negative,non_mix,0.981165,0.581165
English#EN-Alto-2#Mixed_Voice_and_Falsetto#Easy On Me#Falsetto_Group#0001,EN-Alto-2,Easy On Me,Falsetto_Group,falsetto_group,non_mix,0.980938,0.580938
English#EN-Alto-2#Mixed_Voice_and_Falsetto#Seasons of Love#Control_Group#0001,EN-Alto-2,Seasons of Love,Control_Group,control_negative,non_mix,0.980932,0.580932
English#EN-Alto-2#Mixed_Voice_and_Falsetto#My Heart Will Go On#Control_Group#0004,EN-Alto-2,My Heart Will Go On,Control_Group,control_negative,non_mix,0.980873,0.580873
English#EN-Alto-2#Mixed_Voice_and_Falsetto#Let It Go#Falsetto_Group#0001,EN-Alto-2,Let It Go,Falsetto_Group,falsetto_group,non_mix,0.980807,0.580807
English#EN-Alto-2#Mixed_Voice_and_Falsetto#Cry on My Shoulder#Falsetto_Group#0001,EN-Alto-2,Cry on My Shoulder,Falsetto_Group,falsetto_group,non_mix,0.98066,0.58066
English#EN-Alto-2#Mixed_Voice_and_Falsetto#Yesterday Once More#Control_Group#0006,EN-Alto-2,Yesterday Once More,Control_Group,control_negative,non_mix,0.980621,0.580621
English#EN-Alto-2#Mixed_Voice_and_Falsetto#Hello#Falsetto_Group#0005,EN-Alto-2,Hello,Falsetto_Group,falsetto_group,non_mix,0.980483,0.580483
English#EN-Alto-2#Mixed_Voice_and_Falsetto#Someone Like You#Falsetto_Group#0005,EN-Alto-2,Someone Like You,Falsetto_Group,falsetto_group,non_mix,0.980254,0.580254
English#EN-Alto-2#Pharyngeal#Love Story#Pharyngeal_Group#0000,EN-Alto-2,Love Story,Pharyngeal_Group,other_negative,non_mix,0.98024,0.58024
English#EN-Alto-2#Mixed_Voice_and_Falsetto#My Love#Control_Group#0004,EN-Alto-2,My Love,Control_Group,control_negative,non_mix,0.980217,0.580217
English#EN-Alto-2#Breathy#Love Story#Breathy_Group#0001,EN-Alto-2,Love Story,Breathy_Group,breathy_group,non_mix,0.980179,0.580179
English#EN-Alto-2#Mixed_Voice_and_Falsetto#Hello#Falsetto_Group#0007,EN-Alto-2,Hello,Falsetto_Group,falsetto_group,non_mix,0.979967,0.579967
English#EN-Alto-2#Glissando#You Raise Me Up#Glissando_Group#0004,EN-Alto-2,You Raise Me Up,Glissando_Group,other_negative,non_mix,0.979656,0.579656
English#EN-Alto-2#Mixed_Voice_and_Falsetto#Someone You Loved#Control_Group#0001,EN-Alto-2,Someone You Loved,Control_Group,control_negative,non_mix,0.979631,0.579631
English#EN-Alto-2#Pharyngeal#A Thousand Years#Pharyngeal_Group#0001,EN-Alto-2,A Thousand Years,Pharyngeal_Group,other_negative,non_mix,0.979526,0.579526
English#EN-Alto-2#Pharyngeal#My Heart Will Go On#Pharyngeal_Group#0009,EN-Alto-2,My Heart Will Go On,Pharyngeal_Group,other_negative,non_mix,0.979408,0.579408
English#EN-Alto-2#Breathy#Young And Beautiful#Breathy_Group#0000,EN-Alto-2,Young And Beautiful,Breathy_Group,breathy_group,non_mix,0.979348,0.579348
English#EN-Alto-2#Mixed_Voice_and_Falsetto#City Of Stars#Control_Group#0003,EN-Alto-2,City Of Stars,Control_Group,control_negative,non_mix,0.979283,0.579283
English#EN-Alto-2#Pharyngeal#Young And Beautiful#Pharyngeal_Group#0002,EN-Alto-2,Young And Beautiful,Pharyngeal_Group,other_negative,non_mix,0.978963,0.578963
English#EN-Alto-2#Pharyngeal#Love Me Like You Do#Pharyngeal_Group#0001,EN-Alto-2,Love Me Like You Do,Pharyngeal_Group,other_negative,non_mix,0.978855,0.578855
English#EN-Alto-2#Mixed_Voice_and_Falsetto#Love Story#Falsetto_Group#0001,EN-Alto-2,Love Story,Falsetto_Group,falsetto_group,non_mix,0.978761,0.578761
English#EN-Alto-2#Mixed_Voice_and_Falsetto#Hello#Falsetto_Group#0001,EN-Alto-2,Hello,Falsetto_Group,falsetto_group,non_mix,0.978707,0.578707
English#EN-Alto-2#Pharyngeal#Easy On Me#Pharyngeal_Group#0006,EN-Alto-2,Easy On Me,Pharyngeal_Group,other_negative,non_mix,0.978631,0.578631
English#EN-Alto-2#Mixed_Voice_and_Falsetto#Yesterday Once More#Control_Group#0000,EN-Alto-2,Yesterday Once More,Control_Group,control_negative,non_mix,0.978624,0.578624
English#EN-Alto-2#Mixed_Voice_and_Falsetto#Hello#Control_Group#0009,EN-Alto-2,Hello,Control_Group,control_negative,non_mix,0.978471,0.578471
English#EN-Alto-2#Mixed_Voice_and_Falsetto#Try#Control_Group#0003,EN-Alto-2,Try,Control_Group,control_negative,non_mix,0.978172,0.578172
English#EN-Alto-2#Mixed_Voice_and_Falsetto#You Belong With Me#Falsetto_Group#0002,EN-Alto-2,You Belong With Me,Falsetto_Group,falsetto_group,non_mix,0.978068,0.578068
English#EN-Alto-2#Mixed_Voice_and_Falsetto#All of Me#Control_Group#0002,EN-Alto-2,All of Me,Control_Group,control_negative,non_mix,0.977969,0.577969
English#EN-Alto-2#Mixed_Voice_and_Falsetto#You Raise Me Up#Falsetto_Group#0001,EN-Alto-2,You Raise Me Up,Falsetto_Group,falsetto_group,non_mix,0.977893,0.577893
English#EN-Alto-2#Mixed_Voice_and_Falsetto#Five Hundred Miles#Control_Group#0005,EN-Alto-2,Five Hundred Miles,Control_Group,control_negative,non_mix,0.977751,0.577751
English#EN-Alto-2#Mixed_Voice_and_Falsetto#Lemon Tree#Control_Group#0001,EN-Alto-2,Lemon Tree,Control_Group,control_negative,non_mix,0.977219,0.577219
English#EN-Alto-2#Mixed_Voice_and_Falsetto#This Is Me#Falsetto_Group#0000,EN-Alto-2,This Is Me,Falsetto_Group,falsetto_group,non_mix,0.976978,0.576978
English#EN-Alto-2#Mixed_Voice_and_Falsetto#My Heart Will Go On#Control_Group#0007,EN-Alto-2,My Heart Will Go On,Control_Group,control_negative,non_mix,0.976919,0.576919
English#EN-Alto-2#Pharyngeal#My Heart Will Go On#Pharyngeal_Group#0007,EN-Alto-2,My Heart Will Go On,Pharyngeal_Group,other_negative,non_mix,0.976919,0.576919
English#EN-Alto-2#Mixed_Voice_and_Falsetto#Five Hundred Miles#Falsetto_Group#0002,EN-Alto-2,Five Hundred Miles,Falsetto_Group,falsetto_group,non_mix,0.976769,0.576769
English#EN-Alto-2#Mixed_Voice_and_Falsetto#What Are Words#Falsetto_Group#0000,EN-Alto-2,What Are Words,Falsetto_Group,falsetto_group,non_mix,0.976757,0.576757
English#EN-Alto-2#Mixed_Voice_and_Falsetto#Hello#Falsetto_Group#0011,EN-Alto-2,Hello,Falsetto_Group,falsetto_group,non_mix,0.976551,0.576551
English#EN-Alto-2#Mixed_Voice_and_Falsetto#Hey Jude#Control_Group#0005,EN-Alto-2,Hey Jude,Control_Group,control_negative,non_mix,0.976543,0.576543
English#EN-Alto-2#Pharyngeal#Someone Like You#Pharyngeal_Group#0010,EN-Alto-2,Someone Like You,Pharyngeal_Group,other_negative,non_mix,0.97651,0.57651
English#EN-Alto-2#Mixed_Voice_and_Falsetto#City Of Stars#Control_Group#0011,EN-Alto-2,City Of Stars,Control_Group,control_negative,non_mix,0.976326,0.576326
English#EN-Alto-2#Pharyngeal#Someone You Loved#Pharyngeal_Group#0003,EN-Alto-2,Someone You Loved,Pharyngeal_Group,other_negative,non_mix,0.976308,0.576308
English#EN-Alto-2#Mixed_Voice_and_Falsetto#Seasons of Love#Control_Group#0002,EN-Alto-2,Seasons of Love,Control_Group,control_negative,non_mix,0.976184,0.576184
English#EN-Alto-2#Mixed_Voice_and_Falsetto#Cry on My Shoulder#Falsetto_Group#0003,EN-Alto-2,Cry on My Shoulder,Falsetto_Group,falsetto_group,non_mix,0.976174,0.576174
English#EN-Alto-2#Mixed_Voice_and_Falsetto#Yesterday Once More#Control_Group#0007,EN-Alto-2,Yesterday Once More,Control_Group,control_negative,non_mix,0.976094,0.576094
English#EN-Alto-2#Mixed_Voice_and_Falsetto#Easy On Me#Falsetto_Group#0005,EN-Alto-2,Easy On Me,Falsetto_Group,falsetto_group,non_mix,0.976058,0.576058
English#EN-Alto-2#Mixed_Voice_and_Falsetto#Dream It Possible#Falsetto_Group#0005,EN-Alto-2,Dream It Possible,Falsetto_Group,falsetto_group,non_mix,0.975827,0.575827
English#EN-Alto-2#Mixed_Voice_and_Falsetto#Someone Like You#Mixed_Voice_Group#0010,EN-Alto-2,Someone Like You,Mixed_Voice_Group,other_negative,non_mix,0.975571,0.575571
English#EN-Alto-2#Mixed_Voice_and_Falsetto#Let Her Go#Falsetto_Group#0003,EN-Alto-2,Let Her Go,Falsetto_Group,falsetto_group,non_mix,0.975451,0.575451
English#EN-Alto-2#Mixed_Voice_and_Falsetto#A Thousand Years#Control_Group#0002,EN-Alto-2,A Thousand Years,Control_Group,control_negative,non_mix,0.97512,0.57512
English#EN-Alto-2#Breathy#Love Me Like You Do#Breathy_Group#0001,EN-Alto-2,Love Me Like You Do,Breathy_Group,breathy_group,non_mix,0.974886,0.574886
English#EN-Alto-2#Mixed_Voice_and_Falsetto#Cry on My Shoulder#Control_Group#0000,EN-Alto-2,Cry on My Shoulder,Control_Group,control_negative,non_mix,0.974692,0.574692
English#EN-Alto-2#Mixed_Voice_and_Falsetto#My Love#Falsetto_Group#0000,EN-Alto-2,My Love,Falsetto_Group,falsetto_group,non_mix,0.974488,0.574488
English#EN-Alto-2#Breathy#Love Me Like You Do#Breathy_Group#0000,EN-Alto-2,Love Me Like You Do,Breathy_Group,breathy_group,non_mix,0.974197,0.574197
English#EN-Alto-2#Pharyngeal#Young And Beautiful#Pharyngeal_Group#0001,EN-Alto-2,Young And Beautiful,Pharyngeal_Group,other_negative,non_mix,0.973939,0.573939
English#EN-Alto-2#Mixed_Voice_and_Falsetto#You Belong With Me#Falsetto_Group#0000,EN-Alto-2,You Belong With Me,Falsetto_Group,falsetto_group,non_mix,0.973786,0.573786
English#EN-Alto-2#Mixed_Voice_and_Falsetto#Safe and Sound#Control_Group#0006,EN-Alto-2,Safe and Sound,Control_Group,control_negative,non_mix,0.973748,0.573748
English#EN-Alto-2#Pharyngeal#You Raise Me Up#Pharyngeal_Group#0001,EN-Alto-2,You Raise Me Up,Pharyngeal_Group,other_negative,non_mix,0.973593,0.573593
English#EN-Alto-2#Mixed_Voice_and_Falsetto#Hello#Control_Group#0011,EN-Alto-2,Hello,Control_Group,control_negative,non_mix,0.973526,0.573526
English#EN-Alto-2#Pharyngeal#Love Story#Pharyngeal_Group#0002,EN-Alto-2,Love Story,Pharyngeal_Group,other_negative,non_mix,0.97314,0.57314
English#EN-Alto-2#Mixed_Voice_and_Falsetto#Hello#Control_Group#0000,EN-Alto-2,Hello,Control_Group,control_negative,non_mix,0.97293,0.57293
English#EN-Alto-2#Pharyngeal#Someone You Loved#Pharyngeal_Group#0004,EN-Alto-2,Someone You Loved,Pharyngeal_Group,other_negative,non_mix,0.972529,0.572529
English#EN-Alto-2#Mixed_Voice_and_Falsetto#The Show#Falsetto_Group#0003,EN-Alto-2,The Show,Falsetto_Group,falsetto_group,non_mix,0.972494,0.572494
English#EN-Alto-2#Mixed_Voice_and_Falsetto#Try#Falsetto_Group#0000,EN-Alto-2,Try,Falsetto_Group,falsetto_group,non_mix,0.972494,0.572494
English#EN-Alto-2#Mixed_Voice_and_Falsetto#Someone You Loved#Falsetto_Group#0002,EN-Alto-2,Someone You Loved,Falsetto_Group,falsetto_group,non_mix,0.972282,0.572282
English#EN-Alto-2#Mixed_Voice_and_Falsetto#The Show#Falsetto_Group#0001,EN-Alto-2,The Show,Falsetto_Group,falsetto_group,non_mix,0.972176,0.572176
English#EN-Alto-2#Pharyngeal#Dream It Possible#Pharyngeal_Group#0000,EN-Alto-2,Dream It Possible,Pharyngeal_Group,other_negative,non_mix,0.972022,0.572022
English#EN-Alto-2#Mixed_Voice_and_Falsetto#Safe and Sound#Falsetto_Group#0005,EN-Alto-2,Safe and Sound,Falsetto_Group,falsetto_group,non_mix,0.971892,0.571892
English#EN-Alto-2#Mixed_Voice_and_Falsetto#Hey Jude#Falsetto_Group#0001,EN-Alto-2,Hey Jude,Falsetto_Group,falsetto_group,non_mix,0.971868,0.571868
English#EN-Alto-2#Breathy#Young And Beautiful#Breathy_Group#0004,EN-Alto-2,Young And Beautiful,Breathy_Group,breathy_group,non_mix,0.971747,0.571747
English#EN-Alto-2#Mixed_Voice_and_Falsetto#Hey Jude#Falsetto_Group#0002,EN-Alto-2,Hey Jude,Falsetto_Group,falsetto_group,non_mix,0.971319,0.571319
English#EN-Alto-2#Mixed_Voice_and_Falsetto#Easy On Me#Falsetto_Group#0006,EN-Alto-2,Easy On Me,Falsetto_Group,falsetto_group,non_mix,0.971135,0.571135
English#EN-Alto-2#Mixed_Voice_and_Falsetto#Five Hundred Miles#Falsetto_Group#0001,EN-Alto-2,Five Hundred Miles,Falsetto_Group,falsetto_group,non_mix,0.97088,0.57088
English#EN-Alto-2#Mixed_Voice_and_Falsetto#Call Me Maybe#Control_Group#0004,EN-Alto-2,Call Me Maybe,Control_Group,control_negative,non_mix,0.970628,0.570628
English#EN-Alto-2#Mixed_Voice_and_Falsetto#Let It Go#Falsetto_Group#0000,EN-Alto-2,Let It Go,Falsetto_Group,falsetto_group,non_mix,0.97059,0.57059
English#EN-Alto-2#Pharyngeal#Someone You Loved#Pharyngeal_Group#0001,EN-Alto-2,Someone You Loved,Pharyngeal_Group,other_negative,non_mix,0.970544,0.570544
English#EN-Alto-2#Mixed_Voice_and_Falsetto#Hello#Falsetto_Group#0010,EN-Alto-2,Hello,Falsetto_Group,falsetto_group,non_mix,0.970414,0.570414
English#EN-Alto-2#Vibrato#Easy On Me#Control_Group#0007,EN-Alto-2,Easy On Me,Control_Group,control_negative,non_mix,0.970381,0.570381
English#EN-Alto-2#Mixed_Voice_and_Falsetto#Cry on My Shoulder#Falsetto_Group#0006,EN-Alto-2,Cry on My Shoulder,Falsetto_Group,falsetto_group,non_mix,0.969864,0.569864
English#EN-Alto-2#Mixed_Voice_and_Falsetto#Easy On Me#Control_Group#0004,EN-Alto-2,Easy On Me,Control_Group,control_negative,non_mix,0.969822,0.569822
English#EN-Alto-2#Mixed_Voice_and_Falsetto#Love Me Like You Do#Falsetto_Group#0005,EN-Alto-2,Love Me Like You Do,Falsetto_Group,falsetto_group,non_mix,0.969725,0.569725
English#EN-Alto-2#Pharyngeal#You Raise Me Up#Pharyngeal_Group#0006,EN-Alto-2,You Raise Me Up,Pharyngeal_Group,other_negative,non_mix,0.969535,0.569535
English#EN-Alto-2#Mixed_Voice_and_Falsetto#Hello#Control_Group#0008,EN-Alto-2,Hello,Control_Group,control_negative,non_mix,0.96932,0.56932
English#EN-Alto-2#Mixed_Voice_and_Falsetto#This Is Me#Control_Group#0004,EN-Alto-2,This Is Me,Control_Group,control_negative,non_mix,0.969314,0.569314
English#EN-Alto-2#Mixed_Voice_and_Falsetto#Hey Jude#Control_Group#0009,EN-Alto-2,Hey Jude,Control_Group,control_negative,non_mix,0.96907,0.56907
English#EN-Alto-2#Mixed_Voice_and_Falsetto#You Belong With Me#Control_Group#0003,EN-Alto-2,You Belong With Me,Control_Group,control_negative,non_mix,0.968965,0.568965
English#EN-Alto-2#Mixed_Voice_and_Falsetto#My Love#Falsetto_Group#0002,EN-Alto-2,My Love,Falsetto_Group,falsetto_group,non_mix,0.968906,0.568906
English#EN-Alto-2#Mixed_Voice_and_Falsetto#Love Me Like You Do#Control_Group#0003,EN-Alto-2,Love Me Like You Do,Control_Group,control_negative,non_mix,0.968688,0.568688
English#EN-Alto-2#Mixed_Voice_and_Falsetto#Call Me Maybe#Control_Group#0001,EN-Alto-2,Call Me Maybe,Control_Group,control_negative,non_mix,0.968672,0.568672
English#EN-Alto-2#Mixed_Voice_and_Falsetto#What Are Words#Falsetto_Group#0006,EN-Alto-2,What Are Words,Falsetto_Group,falsetto_group,non_mix,0.968499,0.568499
English#EN-Alto-2#Pharyngeal#Fly Me to the Moon#Pharyngeal_Group#0004,EN-Alto-2,Fly Me to the Moon,Pharyngeal_Group,other_negative,non_mix,0.968429,0.568429
English#EN-Alto-2#Mixed_Voice_and_Falsetto#City Of Stars#Control_Group#0004,EN-Alto-2,City Of Stars,Control_Group,control_negative,non_mix,0.968364,0.568364
English#EN-Alto-2#Breathy#Safe and Sound#Breathy_Group#0003,EN-Alto-2,Safe and Sound,Breathy_Group,breathy_group,non_mix,0.968328,0.568328
English#EN-Alto-2#Mixed_Voice_and_Falsetto#My Heart Will Go On#Control_Group#0009,EN-Alto-2,My Heart Will Go On,Control_Group,control_negative,non_mix,0.968289,0.568289
English#EN-Alto-2#Mixed_Voice_and_Falsetto#My Heart Will Go On#Falsetto_Group#0000,EN-Alto-2,My Heart Will Go On,Falsetto_Group,falsetto_group,non_mix,0.968102,0.568102
English#EN-Alto-2#Mixed_Voice_and_Falsetto#Hey Jude#Control_Group#0004,EN-Alto-2,Hey Jude,Control_Group,control_negative,non_mix,0.967666,0.567666
English#EN-Alto-2#Mixed_Voice_and_Falsetto#City Of Stars#Control_Group#0013,EN-Alto-2,City Of Stars,Control_Group,control_negative,non_mix,0.967457,0.567457
English#EN-Alto-2#Mixed_Voice_and_Falsetto#My Heart Will Go On#Control_Group#0005,EN-Alto-2,My Heart Will Go On,Control_Group,control_negative,non_mix,0.967374,0.567374
English#EN-Alto-2#Mixed_Voice_and_Falsetto#Lemon Tree#Control_Group#0000,EN-Alto-2,Lemon Tree,Control_Group,control_negative,non_mix,0.967297,0.567297
English#EN-Alto-2#Mixed_Voice_and_Falsetto#YOUTH#Control_Group#0002,EN-Alto-2,YOUTH,Control_Group,control_negative,non_mix,0.966794,0.566794
English#EN-Alto-2#Mixed_Voice_and_Falsetto#The Show#Control_Group#0004,EN-Alto-2,The Show,Control_Group,control_negative,non_mix,0.966673,0.566673
English#EN-Alto-2#Pharyngeal#Easy On Me#Pharyngeal_Group#0005,EN-Alto-2,Easy On Me,Pharyngeal_Group,other_negative,non_mix,0.966137,0.566137
English#EN-Alto-2#Breathy#My Heart Will Go On#Breathy_Group#0000,EN-Alto-2,My Heart Will Go On,Breathy_Group,breathy_group,non_mix,0.96609,0.56609
English#EN-Alto-2#Pharyngeal#My Heart Will Go On#Pharyngeal_Group#0003,EN-Alto-2,My Heart Will Go On,Pharyngeal_Group,other_negative,non_mix,0.966086,0.566086
English#EN-Alto-2#Mixed_Voice_and_Falsetto#My Heart Will Go On#Control_Group#0003,EN-Alto-2,My Heart Will Go On,Control_Group,control_negative,non_mix,0.965986,0.565986
English#EN-Alto-2#Pharyngeal#Someone Like You#Pharyngeal_Group#0008,EN-Alto-2,Someone Like You,Pharyngeal_Group,other_negative,non_mix,0.965941,0.565941
English#EN-Alto-2#Mixed_Voice_and_Falsetto#God is A Girl#Control_Group#0007,EN-Alto-2,God is A Girl,Control_Group,control_negative,non_mix,0.965929,0.565929
English#EN-Alto-2#Mixed_Voice_and_Falsetto#City Of Stars#Control_Group#0005,EN-Alto-2,City Of Stars,Control_Group,control_negative,non_mix,0.965807,0.565807
English#EN-Alto-2#Mixed_Voice_and_Falsetto#Call Me Maybe#Control_Group#0002,EN-Alto-2,Call Me Maybe,Control_Group,control_negative,non_mix,0.965699,0.565699
English#EN-Alto-2#Pharyngeal#Easy On Me#Pharyngeal_Group#0002,EN-Alto-2,Easy On Me,Pharyngeal_Group,other_negative,non_mix,0.965683,0.565683
English#EN-Alto-2#Mixed_Voice_and_Falsetto#You Belong With Me#Control_Group#0001,EN-Alto-2,You Belong With Me,Control_Group,control_negative,non_mix,0.965677,0.565677
English#EN-Alto-2#Mixed_Voice_and_Falsetto#Safe and Sound#Falsetto_Group#0006,EN-Alto-2,Safe and Sound,Falsetto_Group,falsetto_group,non_mix,0.965229,0.565229
English#EN-Alto-2#Breathy#Someone You Loved#Breathy_Group#0004,EN-Alto-2,Someone You Loved,Breathy_Group,breathy_group,non_mix,0.965066,0.565066
English#EN-Alto-2#Pharyngeal#Safe and Sound#Pharyngeal_Group#0001,EN-Alto-2,Safe and Sound,Pharyngeal_Group,other_negative,non_mix,0.965028,0.565028
English#EN-Alto-2#Pharyngeal#Easy On Me#Pharyngeal_Group#0007,EN-Alto-2,Easy On Me,Pharyngeal_Group,other_negative,non_mix,0.964611,0.564611
English#EN-Alto-2#Mixed_Voice_and_Falsetto#Young And Beautiful#Falsetto_Group#0002,EN-Alto-2,Young And Beautiful,Falsetto_Group,falsetto_group,non_mix,0.964374,0.564374
English#EN-Alto-2#Mixed_Voice_and_Falsetto#My Love#Falsetto_Group#0003,EN-Alto-2,My Love,Falsetto_Group,falsetto_group,non_mix,0.964122,0.564122
English#EN-Alto-2#Mixed_Voice_and_Falsetto#Someone Like You#Falsetto_Group#0011,EN-Alto-2,Someone Like You,Falsetto_Group,falsetto_group,non_mix,0.964025,0.564025
English#EN-Alto-2#Mixed_Voice_and_Falsetto#You Belong With Me#Falsetto_Group#0005,EN-Alto-2,You Belong With Me,Falsetto_Group,falsetto_group,non_mix,0.963682,0.563682
English#EN-Alto-2#Pharyngeal#Someone Like You#Pharyngeal_Group#0011,EN-Alto-2,Someone Like You,Pharyngeal_Group,other_negative,non_mix,0.96271,0.56271
English#EN-Alto-2#Mixed_Voice_and_Falsetto#Someone Like You#Control_Group#0005,EN-Alto-2,Someone Like You,Control_Group,control_negative,non_mix,0.962568,0.562568
English#EN-Alto-2#Breathy#My Heart Will Go On#Breathy_Group#0008,EN-Alto-2,My Heart Will Go On,Breathy_Group,breathy_group,non_mix,0.962475,0.562475
English#EN-Alto-2#Mixed_Voice_and_Falsetto#My Love#Control_Group#0006,EN-Alto-2,My Love,Control_Group,control_negative,non_mix,0.962124,0.562124
English#EN-Alto-2#Breathy#Someone You Loved#Breathy_Group#0003,EN-Alto-2,Someone You Loved,Breathy_Group,breathy_group,non_mix,0.962081,0.562081
English#EN-Alto-2#Mixed_Voice_and_Falsetto#Five Hundred Miles#Falsetto_Group#0003,EN-Alto-2,Five Hundred Miles,Falsetto_Group,falsetto_group,non_mix,0.961704,0.561704
English#EN-Alto-2#Breathy#Love Story#Breathy_Group#0003,EN-Alto-2,Love Story,Breathy_Group,breathy_group,non_mix,0.961669,0.561669
English#EN-Alto-2#Mixed_Voice_and_Falsetto#Hello#Control_Group#0005,EN-Alto-2,Hello,Control_Group,control_negative,non_mix,0.961374,0.561374
English#EN-Alto-2#Mixed_Voice_and_Falsetto#Love Story#Control_Group#0002,EN-Alto-2,Love Story,Control_Group,control_negative,non_mix,0.961204,0.561204
English#EN-Alto-2#Breathy#Someone Like You#Breathy_Group#0001,EN-Alto-2,Someone Like You,Breathy_Group,breathy_group,non_mix,0.961203,0.561203
English#EN-Alto-2#Mixed_Voice_and_Falsetto#YOUTH#Falsetto_Group#0002,EN-Alto-2,YOUTH,Falsetto_Group,falsetto_group,non_mix,0.960886,0.560886
English#EN-Alto-2#Mixed_Voice_and_Falsetto#Lemon Tree#Control_Group#0005,EN-Alto-2,Lemon Tree,Control_Group,control_negative,non_mix,0.960555,0.560555
English#EN-Alto-2#Mixed_Voice_and_Falsetto#Hey Jude#Falsetto_Group#0006,EN-Alto-2,Hey Jude,Falsetto_Group,falsetto_group,non_mix,0.960252,0.560252
English#EN-Alto-2#Mixed_Voice_and_Falsetto#Easy On Me#Falsetto_Group#0007,EN-Alto-2,Easy On Me,Falsetto_Group,falsetto_group,non_mix,0.960109,0.560109
English#EN-Alto-2#Breathy#Someone Like You#Breathy_Group#0000,EN-Alto-2,Someone Like You,Breathy_Group,breathy_group,non_mix,0.960086,0.560086
English#EN-Alto-2#Mixed_Voice_and_Falsetto#Let Her Go#Control_Group#0002,EN-Alto-2,Let Her Go,Control_Group,control_negative,non_mix,0.959538,0.559538
English#EN-Alto-2#Mixed_Voice_and_Falsetto#Try#Falsetto_Group#0001,EN-Alto-2,Try,Falsetto_Group,falsetto_group,non_mix,0.959448,0.559448
English#EN-Alto-2#Pharyngeal#A Thousand Years#Pharyngeal_Group#0000,EN-Alto-2,A Thousand Years,Pharyngeal_Group,other_negative,non_mix,0.959224,0.559224
English#EN-Alto-2#Mixed_Voice_and_Falsetto#Hey Jude#Falsetto_Group#0003,EN-Alto-2,Hey Jude,Falsetto_Group,falsetto_group,non_mix,0.95918,0.55918
English#EN-Alto-2#Pharyngeal#My Love#Pharyngeal_Group#0000,EN-Alto-2,My Love,Pharyngeal_Group,other_negative,non_mix,0.958747,0.558747
English#EN-Alto-2#Mixed_Voice_and_Falsetto#City Of Stars#Control_Group#0000,EN-Alto-2,City Of Stars,Control_Group,control_negative,non_mix,0.958593,0.558593
English#EN-Alto-2#Breathy#Love Story#Breathy_Group#0000,EN-Alto-2,Love Story,Breathy_Group,breathy_group,non_mix,0.957762,0.557762
English#EN-Alto-2#Pharyngeal#Dream It Possible#Pharyngeal_Group#0005,EN-Alto-2,Dream It Possible,Pharyngeal_Group,other_negative,non_mix,0.95764,0.55764
English#EN-Alto-2#Mixed_Voice_and_Falsetto#Let Her Go#Falsetto_Group#0000,EN-Alto-2,Let Her Go,Falsetto_Group,falsetto_group,non_mix,0.957368,0.557368
English#EN-Alto-2#Mixed_Voice_and_Falsetto#A Thousand Years#Falsetto_Group#0001,EN-Alto-2,A Thousand Years,Falsetto_Group,falsetto_group,non_mix,0.957114,0.557114
English#EN-Alto-2#Mixed_Voice_and_Falsetto#A Thousand Years#Falsetto_Group#0004,EN-Alto-2,A Thousand Years,Falsetto_Group,falsetto_group,non_mix,0.957099,0.557099
English#EN-Alto-2#Pharyngeal#Easy On Me#Pharyngeal_Group#0003,EN-Alto-2,Easy On Me,Pharyngeal_Group,other_negative,non_mix,0.957073,0.557073
English#EN-Alto-2#Mixed_Voice_and_Falsetto#Cry on My Shoulder#Falsetto_Group#0000,EN-Alto-2,Cry on My Shoulder,Falsetto_Group,falsetto_group,non_mix,0.956697,0.556697
English#EN-Alto-2#Pharyngeal#All of Me#Pharyngeal_Group#0005,EN-Alto-2,All of Me,Pharyngeal_Group,other_negative,non_mix,0.956599,0.556599
English#EN-Alto-2#Pharyngeal#Safe and Sound#Pharyngeal_Group#0003,EN-Alto-2,Safe and Sound,Pharyngeal_Group,other_negative,non_mix,0.956581,0.556581
English#EN-Alto-2#Mixed_Voice_and_Falsetto#My Love#Control_Group#0003,EN-Alto-2,My Love,Control_Group,control_negative,non_mix,0.956548,0.556548
English#EN-Alto-2#Mixed_Voice_and_Falsetto#Seasons of Love#Falsetto_Group#0001,EN-Alto-2,Seasons of Love,Falsetto_Group,falsetto_group,non_mix,0.956187,0.556187
English#EN-Alto-2#Mixed_Voice_and_Falsetto#Safe and Sound#Control_Group#0001,EN-Alto-2,Safe and Sound,Control_Group,control_negative,non_mix,0.956119,0.556119
English#EN-Alto-2#Mixed_Voice_and_Falsetto#Someone You Loved#Control_Group#0005,EN-Alto-2,Someone You Loved,Control_Group,control_negative,non_mix,0.955932,0.555932
English#EN-Alto-2#Mixed_Voice_and_Falsetto#All of Me#Falsetto_Group#0005,EN-Alto-2,All of Me,Falsetto_Group,falsetto_group,non_mix,0.955867,0.555867
English#EN-Alto-2#Mixed_Voice_and_Falsetto#Love Me Like You Do#Control_Group#0004,EN-Alto-2,Love Me Like You Do,Control_Group,control_negative,non_mix,0.955837,0.555837
English#EN-Alto-2#Mixed_Voice_and_Falsetto#Let Her Go#Control_Group#0004,EN-Alto-2,Let Her Go,Control_Group,control_negative,non_mix,0.955456,0.555456
English#EN-Alto-2#Mixed_Voice_and_Falsetto#City Of Stars#Falsetto_Group#0007,EN-Alto-2,City Of Stars,Falsetto_Group,falsetto_group,non_mix,0.955099,0.555099
English#EN-Alto-2#Pharyngeal#A Thousand Years#Pharyngeal_Group#0002,EN-Alto-2,A Thousand Years,Pharyngeal_Group,other_negative,non_mix,0.954813,0.554813
English#EN-Alto-2#Mixed_Voice_and_Falsetto#Let It Go#Control_Group#0000,EN-Alto-2,Let It Go,Control_Group,control_negative,non_mix,0.954781,0.554781
English#EN-Alto-2#Pharyngeal#A Thousand Years#Pharyngeal_Group#0003,EN-Alto-2,A Thousand Years,Pharyngeal_Group,other_negative,non_mix,0.954657,0.554657
English#EN-Alto-2#Mixed_Voice_and_Falsetto#Let Her Go#Falsetto_Group#0002,EN-Alto-2,Let Her Go,Falsetto_Group,falsetto_group,non_mix,0.954534,0.554534
English#EN-Alto-2#Mixed_Voice_and_Falsetto#Easy On Me#Falsetto_Group#0004,EN-Alto-2,Easy On Me,Falsetto_Group,falsetto_group,non_mix,0.954266,0.554266
English#EN-Alto-2#Pharyngeal#Someone Like You#Pharyngeal_Group#0005,EN-Alto-2,Someone Like You,Pharyngeal_Group,other_negative,non_mix,0.953275,0.553275
English#EN-Alto-2#Mixed_Voice_and_Falsetto#A Thousand Years#Control_Group#0004,EN-Alto-2,A Thousand Years,Control_Group,control_negative,non_mix,0.953198,0.553198
English#EN-Alto-2#Mixed_Voice_and_Falsetto#City Of Stars#Falsetto_Group#0006,EN-Alto-2,City Of Stars,Falsetto_Group,falsetto_group,non_mix,0.953021,0.553021
English#EN-Alto-2#Mixed_Voice_and_Falsetto#Cry on My Shoulder#Control_Group#0007,EN-Alto-2,Cry on My Shoulder,Control_Group,control_negative,non_mix,0.952941,0.552941
English#EN-Alto-2#Mixed_Voice_and_Falsetto#A Thousand Years#Control_Group#0008,EN-Alto-2,A Thousand Years,Control_Group,control_negative,non_mix,0.95231,0.55231
English#EN-Alto-2#Pharyngeal#Easy On Me#Pharyngeal_Group#0001,EN-Alto-2,Easy On Me,Pharyngeal_Group,other_negative,non_mix,0.952245,0.552245
English#EN-Alto-2#Breathy#Easy On Me#Breathy_Group#0005,EN-Alto-2,Easy On Me,Breathy_Group,breathy_group,non_mix,0.952105,0.552105
English#EN-Alto-2#Mixed_Voice_and_Falsetto#Yesterday Once More#Control_Group#0001,EN-Alto-2,Yesterday Once More,Control_Group,control_negative,non_mix,0.952099,0.552099
English#EN-Alto-2#Pharyngeal#Yesterday Once More#Pharyngeal_Group#0006,EN-Alto-2,Yesterday Once More,Pharyngeal_Group,other_negative,non_mix,0.952092,0.552092
English#EN-Alto-2#Mixed_Voice_and_Falsetto#Easy On Me#Falsetto_Group#0003,EN-Alto-2,Easy On Me,Falsetto_Group,falsetto_group,non_mix,0.952061,0.552061
English#EN-Alto-2#Mixed_Voice_and_Falsetto#Someone Like You#Control_Group#0006,EN-Alto-2,Someone Like You,Control_Group,control_negative,non_mix,0.952043,0.552043
English#EN-Alto-2#Mixed_Voice_and_Falsetto#God is A Girl#Control_Group#0002,EN-Alto-2,God is A Girl,Control_Group,control_negative,non_mix,0.95181,0.55181
English#EN-Alto-2#Mixed_Voice_and_Falsetto#Hello#Control_Group#0006,EN-Alto-2,Hello,Control_Group,control_negative,non_mix,0.951791,0.551791
English#EN-Alto-2#Pharyngeal#What Are Words#Pharyngeal_Group#0005,EN-Alto-2,What Are Words,Pharyngeal_Group,other_negative,non_mix,0.951682,0.551682
English#EN-Alto-2#Mixed_Voice_and_Falsetto#Five Hundred Miles#Control_Group#0006,EN-Alto-2,Five Hundred Miles,Control_Group,control_negative,non_mix,0.951681,0.551681
English#EN-Alto-2#Pharyngeal#Fly Me to the Moon#Pharyngeal_Group#0002,EN-Alto-2,Fly Me to the Moon,Pharyngeal_Group,other_negative,non_mix,0.951674,0.551674
English#EN-Alto-2#Mixed_Voice_and_Falsetto#City Of Stars#Falsetto_Group#0008,EN-Alto-2,City Of Stars,Falsetto_Group,falsetto_group,non_mix,0.951644,0.551644
English#EN-Alto-2#Mixed_Voice_and_Falsetto#Someone Like You#Mixed_Voice_Group#0008,EN-Alto-2,Someone Like You,Mixed_Voice_Group,other_negative,non_mix,0.951606,0.551606
English#EN-Alto-2#Mixed_Voice_and_Falsetto#Hello#Falsetto_Group#0006,EN-Alto-2,Hello,Falsetto_Group,falsetto_group,non_mix,0.95133,0.55133
English#EN-Alto-2#Pharyngeal#Fly Me to the Moon#Pharyngeal_Group#0003,EN-Alto-2,Fly Me to the Moon,Pharyngeal_Group,other_negative,non_mix,0.951243,0.551243
English#EN-Alto-2#Pharyngeal#My Love#Pharyngeal_Group#0008,EN-Alto-2,My Love,Pharyngeal_Group,other_negative,non_mix,0.950091,0.550091
English#EN-Alto-2#Pharyngeal#Yesterday Once More#Pharyngeal_Group#0002,EN-Alto-2,Yesterday Once More,Pharyngeal_Group,other_negative,non_mix,0.950082,0.550082
English#EN-Alto-2#Mixed_Voice_and_Falsetto#Love Story#Control_Group#0004,EN-Alto-2,Love Story,Control_Group,control_negative,non_mix,0.949312,0.549312
English#EN-Alto-2#Mixed_Voice_and_Falsetto#All of Me#Falsetto_Group#0001,EN-Alto-2,All of Me,Falsetto_Group,falsetto_group,non_mix,0.949284,0.549284
English#EN-Alto-2#Pharyngeal#Love Story#Pharyngeal_Group#0001,EN-Alto-2,Love Story,Pharyngeal_Group,other_negative,non_mix,0.948824,0.548824
English#EN-Alto-2#Mixed_Voice_and_Falsetto#A Thousand Years#Falsetto_Group#0002,EN-Alto-2,A Thousand Years,Falsetto_Group,falsetto_group,non_mix,0.948631,0.548631
English#EN-Alto-2#Mixed_Voice_and_Falsetto#Easy On Me#Control_Group#0005,EN-Alto-2,Easy On Me,Control_Group,control_negative,non_mix,0.948411,0.548411
English#EN-Alto-2#Mixed_Voice_and_Falsetto#Dream It Possible#Control_Group#0005,EN-Alto-2,Dream It Possible,Control_Group,control_negative,non_mix,0.948288,0.548288
English#EN-Alto-2#Mixed_Voice_and_Falsetto#Lemon Tree#Falsetto_Group#0006,EN-Alto-2,Lemon Tree,Falsetto_Group,falsetto_group,non_mix,0.947908,0.547908
English#EN-Alto-2#Mixed_Voice_and_Falsetto#Someone Like You#Control_Group#0001,EN-Alto-2,Someone Like You,Control_Group,control_negative,non_mix,0.947836,0.547836
English#EN-Alto-2#Mixed_Voice_and_Falsetto#City Of Stars#Falsetto_Group#0003,EN-Alto-2,City Of Stars,Falsetto_Group,falsetto_group,non_mix,0.947514,0.547514
English#EN-Alto-2#Breathy#Someone Like You#Breathy_Group#0010,EN-Alto-2,Someone Like You,Breathy_Group,breathy_group,non_mix,0.947512,0.547512
English#EN-Alto-2#Mixed_Voice_and_Falsetto#Someone Like You#Falsetto_Group#0010,EN-Alto-2,Someone Like You,Falsetto_Group,falsetto_group,non_mix,0.947448,0.547448
English#EN-Alto-2#Mixed_Voice_and_Falsetto#Lemon Tree#Control_Group#0004,EN-Alto-2,Lemon Tree,Control_Group,control_negative,non_mix,0.947314,0.547314
English#EN-Alto-2#Pharyngeal#Love Story#Pharyngeal_Group#0005,EN-Alto-2,Love Story,Pharyngeal_Group,other_negative,non_mix,0.947013,0.547013
English#EN-Alto-2#Mixed_Voice_and_Falsetto#Five Hundred Miles#Falsetto_Group#0006,EN-Alto-2,Five Hundred Miles,Falsetto_Group,falsetto_group,non_mix,0.945348,0.545348
English#EN-Alto-2#Mixed_Voice_and_Falsetto#This Is Me#Control_Group#0001,EN-Alto-2,This Is Me,Control_Group,control_negative,non_mix,0.945294,0.545294
English#EN-Alto-2#Mixed_Voice_and_Falsetto#All of Me#Control_Group#0003,EN-Alto-2,All of Me,Control_Group,control_negative,non_mix,0.944698,0.544698
English#EN-Alto-2#Mixed_Voice_and_Falsetto#Dream It Possible#Falsetto_Group#0004,EN-Alto-2,Dream It Possible,Falsetto_Group,falsetto_group,non_mix,0.944277,0.544277
English#EN-Alto-2#Mixed_Voice_and_Falsetto#A Thousand Years#Falsetto_Group#0003,EN-Alto-2,A Thousand Years,Falsetto_Group,falsetto_group,non_mix,0.943904,0.543904
English#EN-Alto-2#Mixed_Voice_and_Falsetto#City Of Stars#Falsetto_Group#0002,EN-Alto-2,City Of Stars,Falsetto_Group,falsetto_group,non_mix,0.941984,0.541984
English#EN-Alto-2#Mixed_Voice_and_Falsetto#Let Her Go#Control_Group#0005,EN-Alto-2,Let Her Go,Control_Group,control_negative,non_mix,0.941914,0.541914
English#EN-Alto-2#Pharyngeal#You Raise Me Up#Pharyngeal_Group#0000,EN-Alto-2,You Raise Me Up,Pharyngeal_Group,other_negative,non_mix,0.941835,0.541835
English#EN-Alto-2#Mixed_Voice_and_Falsetto#Hey Jude#Control_Group#0006,EN-Alto-2,Hey Jude,Control_Group,control_negative,non_mix,0.941686,0.541686
English#EN-Alto-2#Mixed_Voice_and_Falsetto#You Raise Me Up#Control_Group#0007,EN-Alto-2,You Raise Me Up,Control_Group,control_negative,non_mix,0.941151,0.541151
English#EN-Alto-2#Breathy#Love Me Like You Do#Breathy_Group#0008,EN-Alto-2,Love Me Like You Do,Breathy_Group,breathy_group,non_mix,0.941115,0.541115
English#EN-Alto-2#Mixed_Voice_and_Falsetto#Yesterday Once More#Falsetto_Group#0002,EN-Alto-2,Yesterday Once More,Falsetto_Group,falsetto_group,non_mix,0.940899,0.540899
English#EN-Alto-2#Mixed_Voice_and_Falsetto#What Are Words#Control_Group#0005,EN-Alto-2,What Are Words,Control_Group,control_negative,non_mix,0.940463,0.540463
English#EN-Alto-2#Mixed_Voice_and_Falsetto#My Love#Control_Group#0007,EN-Alto-2,My Love,Control_Group,control_negative,non_mix,0.940198,0.540198
English#EN-Alto-2#Breathy#Dream It Possible#Breathy_Group#0002,EN-Alto-2,Dream It Possible,Breathy_Group,breathy_group,non_mix,0.939993,0.539993
English#EN-Alto-2#Breathy#My Heart Will Go On#Breathy_Group#0002,EN-Alto-2,My Heart Will Go On,Breathy_Group,breathy_group,non_mix,0.939192,0.539192
English#EN-Alto-2#Mixed_Voice_and_Falsetto#Cry on My Shoulder#Falsetto_Group#0002,EN-Alto-2,Cry on My Shoulder,Falsetto_Group,falsetto_group,non_mix,0.938712,0.538712
English#EN-Alto-2#Mixed_Voice_and_Falsetto#Someone Like You#Falsetto_Group#0003,EN-Alto-2,Someone Like You,Falsetto_Group,falsetto_group,non_mix,0.938552,0.538552
English#EN-Alto-2#Mixed_Voice_and_Falsetto#Hey Jude#Control_Group#0007,EN-Alto-2,Hey Jude,Control_Group,control_negative,non_mix,0.938156,0.538156
English#EN-Alto-2#Mixed_Voice_and_Falsetto#Hello#Falsetto_Group#0000,EN-Alto-2,Hello,Falsetto_Group,falsetto_group,non_mix,0.937959,0.537959
English#EN-Alto-2#Mixed_Voice_and_Falsetto#Call Me Maybe#Control_Group#0003,EN-Alto-2,Call Me Maybe,Control_Group,control_negative,non_mix,0.937829,0.537829
English#EN-Alto-2#Pharyngeal#My Love#Pharyngeal_Group#0007,EN-Alto-2,My Love,Pharyngeal_Group,other_negative,non_mix,0.93769,0.53769
English#EN-Alto-2#Mixed_Voice_and_Falsetto#You Raise Me Up#Falsetto_Group#0003,EN-Alto-2,You Raise Me Up,Falsetto_Group,falsetto_group,non_mix,0.936502,0.536502
English#EN-Alto-2#Mixed_Voice_and_Falsetto#Hello#Control_Group#0002,EN-Alto-2,Hello,Control_Group,control_negative,non_mix,0.936497,0.536497
English#EN-Alto-2#Mixed_Voice_and_Falsetto#Cry on My Shoulder#Control_Group#0006,EN-Alto-2,Cry on My Shoulder,Control_Group,control_negative,non_mix,0.936336,0.536336
English#EN-Alto-2#Pharyngeal#Safe and Sound#Pharyngeal_Group#0005,EN-Alto-2,Safe and Sound,Pharyngeal_Group,other_negative,non_mix,0.935782,0.535782
English#EN-Alto-2#Mixed_Voice_and_Falsetto#You Belong With Me#Control_Group#0004,EN-Alto-2,You Belong With Me,Control_Group,control_negative,non_mix,0.935773,0.535773
English#EN-Alto-2#Pharyngeal#Someone Like You#Pharyngeal_Group#0004,EN-Alto-2,Someone Like You,Pharyngeal_Group,other_negative,non_mix,0.93571,0.53571
English#EN-Alto-2#Mixed_Voice_and_Falsetto#Hey Jude#Falsetto_Group#0007,EN-Alto-2,Hey Jude,Falsetto_Group,falsetto_group,non_mix,0.935507,0.535507
English#EN-Alto-2#Mixed_Voice_and_Falsetto#Cry on My Shoulder#Control_Group#0001,EN-Alto-2,Cry on My Shoulder,Control_Group,control_negative,non_mix,0.93348,0.53348
English#EN-Alto-2#Mixed_Voice_and_Falsetto#God is A Girl#Control_Group#0004,EN-Alto-2,God is A Girl,Control_Group,control_negative,non_mix,0.932571,0.532571
English#EN-Alto-2#Mixed_Voice_and_Falsetto#Call Me Maybe#Falsetto_Group#0003,EN-Alto-2,Call Me Maybe,Falsetto_Group,falsetto_group,non_mix,0.932444,0.532444
English#EN-Alto-2#Mixed_Voice_and_Falsetto#Someone You Loved#Control_Group#0000,EN-Alto-2,Someone You Loved,Control_Group,control_negative,non_mix,0.931249,0.531249
English#EN-Alto-2#Mixed_Voice_and_Falsetto#Try#Falsetto_Group#0004,EN-Alto-2,Try,Falsetto_Group,falsetto_group,non_mix,0.931233,0.531233
English#EN-Alto-2#Pharyngeal#My Love#Pharyngeal_Group#0003,EN-Alto-2,My Love,Pharyngeal_Group,other_negative,non_mix,0.931166,0.531166
English#EN-Alto-2#Mixed_Voice_and_Falsetto#All of Me#Falsetto_Group#0008,EN-Alto-2,All of Me,Falsetto_Group,falsetto_group,non_mix,0.930977,0.530977
English#EN-Alto-2#Mixed_Voice_and_Falsetto#Love Me Like You Do#Falsetto_Group#0008,EN-Alto-2,Love Me Like You Do,Falsetto_Group,falsetto_group,non_mix,0.930275,0.530275
English#EN-Alto-2#Breathy#My Love#Breathy_Group#0004,EN-Alto-2,My Love,Breathy_Group,breathy_group,non_mix,0.93022,0.53022
English#EN-Alto-2#Breathy#My Heart Will Go On#Breathy_Group#0001,EN-Alto-2,My Heart Will Go On,Breathy_Group,breathy_group,non_mix,0.930075,0.530075
English#EN-Alto-2#Mixed_Voice_and_Falsetto#Try#Control_Group#0005,EN-Alto-2,Try,Control_Group,control_negative,non_mix,0.929724,0.529724
English#EN-Alto-2#Mixed_Voice_and_Falsetto#Someone Like You#Control_Group#0011,EN-Alto-2,Someone Like You,Control_Group,control_negative,non_mix,0.929396,0.529396
English#EN-Alto-2#Mixed_Voice_and_Falsetto#City Of Stars#Falsetto_Group#0009,EN-Alto-2,City Of Stars,Falsetto_Group,falsetto_group,non_mix,0.929264,0.529264
English#EN-Alto-2#Mixed_Voice_and_Falsetto#Yesterday Once More#Control_Group#0002,EN-Alto-2,Yesterday Once More,Control_Group,control_negative,non_mix,0.928924,0.528924
English#EN-Alto-2#Mixed_Voice_and_Falsetto#All of Me#Control_Group#0005,EN-Alto-2,All of Me,Control_Group,control_negative,non_mix,0.928886,0.528886
English#EN-Alto-2#Mixed_Voice_and_Falsetto#Someone You Loved#Falsetto_Group#0003,EN-Alto-2,Someone You Loved,Falsetto_Group,falsetto_group,non_mix,0.928638,0.528638
English#EN-Alto-2#Mixed_Voice_and_Falsetto#Lemon Tree#Control_Group#0006,EN-Alto-2,Lemon Tree,Control_Group,control_negative,non_mix,0.928092,0.528092
English#EN-Alto-2#Breathy#Easy On Me#Breathy_Group#0004,EN-Alto-2,Easy On Me,Breathy_Group,breathy_group,non_mix,0.927876,0.527876
English#EN-Alto-2#Mixed_Voice_and_Falsetto#Call Me Maybe#Control_Group#0000,EN-Alto-2,Call Me Maybe,Control_Group,control_negative,non_mix,0.927822,0.527822
English#EN-Alto-2#Pharyngeal#Young And Beautiful#Pharyngeal_Group#0004,EN-Alto-2,Young And Beautiful,Pharyngeal_Group,other_negative,non_mix,0.927091,0.527091
English#EN-Alto-2#Mixed_Voice_and_Falsetto#You Belong With Me#Control_Group#0002,EN-Alto-2,You Belong With Me,Control_Group,control_negative,non_mix,0.925907,0.525907
English#EN-Alto-2#Mixed_Voice_and_Falsetto#Hello#Control_Group#0010,EN-Alto-2,Hello,Control_Group,control_negative,non_mix,0.925807,0.525807
English#EN-Alto-2#Breathy#Someone Like You#Breathy_Group#0002,EN-Alto-2,Someone Like You,Breathy_Group,breathy_group,non_mix,0.925236,0.525236
English#EN-Alto-2#Mixed_Voice_and_Falsetto#Safe and Sound#Falsetto_Group#0004,EN-Alto-2,Safe and Sound,Falsetto_Group,falsetto_group,non_mix,0.923708,0.523708
English#EN-Alto-2#Pharyngeal#Dream It Possible#Pharyngeal_Group#0004,EN-Alto-2,Dream It Possible,Pharyngeal_Group,other_negative,non_mix,0.923018,0.523018
English#EN-Alto-2#Mixed_Voice_and_Falsetto#Five Hundred Miles#Falsetto_Group#0008,EN-Alto-2,Five Hundred Miles,Falsetto_Group,falsetto_group,non_mix,0.922283,0.522283
English#EN-Alto-2#Mixed_Voice_and_Falsetto#Try#Control_Group#0002,EN-Alto-2,Try,Control_Group,control_negative,non_mix,0.922097,0.522097
English#EN-Alto-2#Mixed_Voice_and_Falsetto#All of Me#Control_Group#0000,EN-Alto-2,All of Me,Control_Group,control_negative,non_mix,0.922003,0.522003
English#EN-Alto-2#Mixed_Voice_and_Falsetto#My Love#Falsetto_Group#0006,EN-Alto-2,My Love,Falsetto_Group,falsetto_group,non_mix,0.92183,0.52183
English#EN-Alto-2#Mixed_Voice_and_Falsetto#Cry on My Shoulder#Control_Group#0003,EN-Alto-2,Cry on My Shoulder,Control_Group,control_negative,non_mix,0.921131,0.521131
English#EN-Alto-2#Mixed_Voice_and_Falsetto#YOUTH#Control_Group#0004,EN-Alto-2,YOUTH,Control_Group,control_negative,non_mix,0.920989,0.520989
English#EN-Alto-2#Mixed_Voice_and_Falsetto#You Raise Me Up#Control_Group#0005,EN-Alto-2,You Raise Me Up,Control_Group,control_negative,non_mix,0.92082,0.52082
English#EN-Alto-2#Mixed_Voice_and_Falsetto#Cry on My Shoulder#Control_Group#0005,EN-Alto-2,Cry on My Shoulder,Control_Group,control_negative,non_mix,0.920744,0.520744
English#EN-Alto-2#Mixed_Voice_and_Falsetto#Love Story#Falsetto_Group#0004,EN-Alto-2,Love Story,Falsetto_Group,falsetto_group,non_mix,0.920388,0.520388
English#EN-Alto-2#Mixed_Voice_and_Falsetto#Someone Like You#Falsetto_Group#0000,EN-Alto-2,Someone Like You,Falsetto_Group,falsetto_group,non_mix,0.920042,0.520042
English#EN-Alto-2#Mixed_Voice_and_Falsetto#Safe and Sound#Control_Group#0003,EN-Alto-2,Safe and Sound,Control_Group,control_negative,non_mix,0.91961,0.51961
English#EN-Alto-2#Mixed_Voice_and_Falsetto#My Love#Control_Group#0002,EN-Alto-2,My Love,Control_Group,control_negative,non_mix,0.918728,0.518728
English#EN-Alto-2#Mixed_Voice_and_Falsetto#Safe and Sound#Falsetto_Group#0001,EN-Alto-2,Safe and Sound,Falsetto_Group,falsetto_group,non_mix,0.918471,0.518471
English#EN-Alto-2#Pharyngeal#You Raise Me Up#Pharyngeal_Group#0003,EN-Alto-2,You Raise Me Up,Pharyngeal_Group,other_negative,non_mix,0.917605,0.517605
English#EN-Alto-2#Pharyngeal#You Raise Me Up#Pharyngeal_Group#0007,EN-Alto-2,You Raise Me Up,Pharyngeal_Group,other_negative,non_mix,0.917485,0.517485
English#EN-Alto-2#Mixed_Voice_and_Falsetto#My Heart Will Go On#Falsetto_Group#0010,EN-Alto-2,My Heart Will Go On,Falsetto_Group,falsetto_group,non_mix,0.916832,0.516832
English#EN-Alto-2#Pharyngeal#My Love#Pharyngeal_Group#0002,EN-Alto-2,My Love,Pharyngeal_Group,other_negative,non_mix,0.915819,0.515819
English#EN-Alto-2#Mixed_Voice_and_Falsetto#Yesterday Once More#Falsetto_Group#0005,EN-Alto-2,Yesterday Once More,Falsetto_Group,falsetto_group,non_mix,0.91426,0.51426
English#EN-Alto-2#Breathy#Someone Like You#Breathy_Group#0011,EN-Alto-2,Someone Like You,Breathy_Group,breathy_group,non_mix,0.914136,0.514136
English#EN-Alto-2#Mixed_Voice_and_Falsetto#Someone Like You#Control_Group#0009,EN-Alto-2,Someone Like You,Control_Group,control_negative,non_mix,0.914121,0.514121
English#EN-Alto-2#Mixed_Voice_and_Falsetto#Yesterday Once More#Falsetto_Group#0007,EN-Alto-2,Yesterday Once More,Falsetto_Group,falsetto_group,non_mix,0.913843,0.513843
English#EN-Alto-2#Mixed_Voice_and_Falsetto#City Of Stars#Falsetto_Group#0010,EN-Alto-2,City Of Stars,Falsetto_Group,falsetto_group,non_mix,0.913532,0.513532
English#EN-Alto-2#Pharyngeal#Love Story#Pharyngeal_Group#0004,EN-Alto-2,Love Story,Pharyngeal_Group,other_negative,non_mix,0.913329,0.513329
English#EN-Alto-2#Mixed_Voice_and_Falsetto#Yesterday Once More#Control_Group#0004,EN-Alto-2,Yesterday Once More,Control_Group,control_negative,non_mix,0.913254,0.513254
English#EN-Alto-2#Breathy#All of Me#Breathy_Group#0002,EN-Alto-2,All of Me,Breathy_Group,breathy_group,non_mix,0.913213,0.513213
English#EN-Alto-2#Mixed_Voice_and_Falsetto#My Heart Will Go On#Falsetto_Group#0002,EN-Alto-2,My Heart Will Go On,Falsetto_Group,falsetto_group,non_mix,0.912739,0.512739
English#EN-Alto-2#Mixed_Voice_and_Falsetto#Someone You Loved#Control_Group#0004,EN-Alto-2,Someone You Loved,Control_Group,control_negative,non_mix,0.912699,0.512699
English#EN-Alto-2#Mixed_Voice_and_Falsetto#All of Me#Falsetto_Group#0006,EN-Alto-2,All of Me,Falsetto_Group,falsetto_group,non_mix,0.911197,0.511197
English#EN-Alto-2#Mixed_Voice_and_Falsetto#You Belong With Me#Control_Group#0005,EN-Alto-2,You Belong With Me,Control_Group,control_negative,non_mix,0.910463,0.510463
English#EN-Alto-2#Mixed_Voice_and_Falsetto#What Are Words#Falsetto_Group#0002,EN-Alto-2,What Are Words,Falsetto_Group,falsetto_group,non_mix,0.910323,0.510323
English#EN-Alto-2#Breathy#Easy On Me#Breathy_Group#0007,EN-Alto-2,Easy On Me,Breathy_Group,breathy_group,non_mix,0.910131,0.510131
English#EN-Alto-2#Breathy#A Thousand Years#Breathy_Group#0000,EN-Alto-2,A Thousand Years,Breathy_Group,breathy_group,non_mix,0.910083,0.510083
English#EN-Alto-2#Breathy#My Love#Breathy_Group#0008,EN-Alto-2,My Love,Breathy_Group,breathy_group,non_mix,0.909815,0.509815
English#EN-Alto-2#Breathy#Easy On Me#Breathy_Group#0001,EN-Alto-2,Easy On Me,Breathy_Group,breathy_group,non_mix,0.908813,0.508813
English#EN-Alto-2#Mixed_Voice_and_Falsetto#City Of Stars#Control_Group#0002,EN-Alto-2,City Of Stars,Control_Group,control_negative,non_mix,0.908421,0.508421
English#EN-Alto-2#Mixed_Voice_and_Falsetto#All of Me#Control_Group#0001,EN-Alto-2,All of Me,Control_Group,control_negative,non_mix,0.908003,0.508003
English#EN-Alto-2#Glissando#You Raise Me Up#Glissando_Group#0006,EN-Alto-2,You Raise Me Up,Glissando_Group,other_negative,non_mix,0.907812,0.507812
English#EN-Alto-2#Mixed_Voice_and_Falsetto#You Belong With Me#Control_Group#0000,EN-Alto-2,You Belong With Me,Control_Group,control_negative,non_mix,0.907428,0.507428
English#EN-Alto-2#Mixed_Voice_and_Falsetto#Let It Go#Control_Group#0001,EN-Alto-2,Let It Go,Control_Group,control_negative,non_mix,0.907366,0.507366
English#EN-Alto-2#Mixed_Voice_and_Falsetto#All of Me#Falsetto_Group#0003,EN-Alto-2,All of Me,Falsetto_Group,falsetto_group,non_mix,0.906203,0.506203
English#EN-Alto-2#Breathy#Easy On Me#Breathy_Group#0006,EN-Alto-2,Easy On Me,Breathy_Group,breathy_group,non_mix,0.90615,0.50615
English#EN-Alto-2#Mixed_Voice_and_Falsetto#City Of Stars#Falsetto_Group#0012,EN-Alto-2,City Of Stars,Falsetto_Group,falsetto_group,non_mix,0.9046,0.5046
English#EN-Alto-2#Breathy#All of Me#Breathy_Group#0008,EN-Alto-2,All of Me,Breathy_Group,breathy_group,non_mix,0.90397,0.50397
English#EN-Alto-2#Mixed_Voice_and_Falsetto#Yesterday Once More#Falsetto_Group#0006,EN-Alto-2,Yesterday Once More,Falsetto_Group,falsetto_group,non_mix,0.903157,0.503157
English#EN-Alto-2#Mixed_Voice_and_Falsetto#Let Her Go#Falsetto_Group#0004,EN-Alto-2,Let Her Go,Falsetto_Group,falsetto_group,non_mix,0.90269,0.50269
English#EN-Alto-2#Mixed_Voice_and_Falsetto#My Love#Control_Group#0000,EN-Alto-2,My Love,Control_Group,control_negative,non_mix,0.902028,0.502028
English#EN-Alto-2#Breathy#Safe and Sound#Breathy_Group#0006,EN-Alto-2,Safe and Sound,Breathy_Group,breathy_group,non_mix,0.901642,0.501642
English#EN-Alto-2#Mixed_Voice_and_Falsetto#My Love#Falsetto_Group#0001,EN-Alto-2,My Love,Falsetto_Group,falsetto_group,non_mix,0.901466,0.501466
English#EN-Alto-1#Mixed_Voice_and_Falsetto#yesterday once more#Control_Group#0004,EN-Alto-1,yesterday once more,Control_Group,control_negative,non_mix,0.900927,0.500927
English#EN-Alto-2#Mixed_Voice_and_Falsetto#Let Her Go#Falsetto_Group#0005,EN-Alto-2,Let Her Go,Falsetto_Group,falsetto_group,non_mix,0.900239,0.500239
English#EN-Alto-2#Pharyngeal#Someone Like You#Pharyngeal_Group#0006,EN-Alto-2,Someone Like You,Pharyngeal_Group,other_negative,non_mix,0.899736,0.499736
English#EN-Alto-2#Breathy#Someone Like You#Breathy_Group#0006,EN-Alto-2,Someone Like You,Breathy_Group,breathy_group,non_mix,0.899424,0.499424
English#EN-Alto-2#Pharyngeal#Safe and Sound#Pharyngeal_Group#0006,EN-Alto-2,Safe and Sound,Pharyngeal_Group,other_negative,non_mix,0.899301,0.499301
English#EN-Alto-2#Pharyngeal#All of Me#Pharyngeal_Group#0009,EN-Alto-2,All of Me,Pharyngeal_Group,other_negative,non_mix,0.899028,0.499028
English#EN-Alto-2#Breathy#All of Me#Breathy_Group#0009,EN-Alto-2,All of Me,Breathy_Group,breathy_group,non_mix,0.898753,0.498753
English#EN-Alto-2#Pharyngeal#Yesterday Once More#Pharyngeal_Group#0008,EN-Alto-2,Yesterday Once More,Pharyngeal_Group,other_negative,non_mix,0.898513,0.498513
English#EN-Alto-2#Mixed_Voice_and_Falsetto#Let Her Go#Falsetto_Group#0001,EN-Alto-2,Let Her Go,Falsetto_Group,falsetto_group,non_mix,0.897879,0.497879
English#EN-Alto-2#Breathy#Young And Beautiful#Breathy_Group#0002,EN-Alto-2,Young And Beautiful,Breathy_Group,breathy_group,non_mix,0.897065,0.497065
English#EN-Alto-2#Mixed_Voice_and_Falsetto#You Raise Me Up#Control_Group#0004,EN-Alto-2,You Raise Me Up,Control_Group,control_negative,non_mix,0.89637,0.49637
English#EN-Alto-2#Mixed_Voice_and_Falsetto#Safe and Sound#Falsetto_Group#0002,EN-Alto-2,Safe and Sound,Falsetto_Group,falsetto_group,non_mix,0.896104,0.496104
English#EN-Alto-2#Mixed_Voice_and_Falsetto#Easy On Me#Control_Group#0007,EN-Alto-2,Easy On Me,Control_Group,control_negative,non_mix,0.895146,0.495146
English#EN-Alto-2#Mixed_Voice_and_Falsetto#Hello#Falsetto_Group#0002,EN-Alto-2,Hello,Falsetto_Group,falsetto_group,non_mix,0.89473,0.49473
English#EN-Alto-2#Mixed_Voice_and_Falsetto#What Are Words#Control_Group#0000,EN-Alto-2,What Are Words,Control_Group,control_negative,non_mix,0.894622,0.494622
English#EN-Alto-2#Mixed_Voice_and_Falsetto#Dream It Possible#Control_Group#0000,EN-Alto-2,Dream It Possible,Control_Group,control_negative,non_mix,0.89431,0.49431
English#EN-Alto-2#Breathy#Dream It Possible#Breathy_Group#0005,EN-Alto-2,Dream It Possible,Breathy_Group,breathy_group,non_mix,0.893637,0.493637
English#EN-Alto-2#Mixed_Voice_and_Falsetto#My Love#Falsetto_Group#0008,EN-Alto-2,My Love,Falsetto_Group,falsetto_group,non_mix,0.893253,0.493253
English#EN-Alto-2#Pharyngeal#Yesterday Once More#Pharyngeal_Group#0005,EN-Alto-2,Yesterday Once More,Pharyngeal_Group,other_negative,non_mix,0.89303,0.49303
English#EN-Alto-2#Mixed_Voice_and_Falsetto#My Heart Will Go On#Control_Group#0011,EN-Alto-2,My Heart Will Go On,Control_Group,control_negative,non_mix,0.892306,0.492306
English#EN-Alto-2#Pharyngeal#Young And Beautiful#Pharyngeal_Group#0005,EN-Alto-2,Young And Beautiful,Pharyngeal_Group,other_negative,non_mix,0.892182,0.492182
English#EN-Alto-2#Breathy#A Thousand Years#Breathy_Group#0008,EN-Alto-2,A Thousand Years,Breathy_Group,breathy_group,non_mix,0.891396,0.491396
English#EN-Alto-1#Pharyngeal#clouds#Pharyngeal_Group#0014,EN-Alto-1,clouds,Pharyngeal_Group,other_negative,non_mix,0.890573,0.490573
English#EN-Alto-2#Mixed_Voice_and_Falsetto#City Of Stars#Falsetto_Group#0000,EN-Alto-2,City Of Stars,Falsetto_Group,falsetto_group,non_mix,0.890485,0.490485
English#EN-Alto-2#Mixed_Voice_and_Falsetto#My Love#Control_Group#0008,EN-Alto-2,My Love,Control_Group,control_negative,non_mix,0.890047,0.490047
English#EN-Alto-2#Mixed_Voice_and_Falsetto#God is A Girl#Control_Group#0005,EN-Alto-2,God is A Girl,Control_Group,control_negative,non_mix,0.887975,0.487975
English#EN-Alto-2#Breathy#Safe and Sound#Breathy_Group#0004,EN-Alto-2,Safe and Sound,Breathy_Group,breathy_group,non_mix,0.88769,0.48769
English#EN-Alto-2#Breathy#Young And Beautiful#Breathy_Group#0001,EN-Alto-2,Young And Beautiful,Breathy_Group,breathy_group,non_mix,0.886587,0.486587
English#EN-Alto-2#Pharyngeal#All of Me#Pharyngeal_Group#0002,EN-Alto-2,All of Me,Pharyngeal_Group,other_negative,non_mix,0.886504,0.486504
English#EN-Alto-2#Mixed_Voice_and_Falsetto#Safe and Sound#Falsetto_Group#0003,EN-Alto-2,Safe and Sound,Falsetto_Group,falsetto_group,non_mix,0.886316,0.486316
English#EN-Alto-2#Mixed_Voice_and_Falsetto#Try#Falsetto_Group#0005,EN-Alto-2,Try,Falsetto_Group,falsetto_group,non_mix,0.885358,0.485358
English#EN-Alto-2#Pharyngeal#All of Me#Pharyngeal_Group#0008,EN-Alto-2,All of Me,Pharyngeal_Group,other_negative,non_mix,0.883408,0.483408
English#EN-Alto-2#Mixed_Voice_and_Falsetto#You Raise Me Up#Control_Group#0003,EN-Alto-2,You Raise Me Up,Control_Group,control_negative,non_mix,0.88244,0.48244
English#EN-Alto-2#Pharyngeal#Someone Like You#Pharyngeal_Group#0007,EN-Alto-2,Someone Like You,Pharyngeal_Group,other_negative,non_mix,0.882383,0.482383
English#EN-Alto-2#Mixed_Voice_and_Falsetto#You Raise Me Up#Falsetto_Group#0002,EN-Alto-2,You Raise Me Up,Falsetto_Group,falsetto_group,non_mix,0.881248,0.481248
English#EN-Alto-2#Mixed_Voice_and_Falsetto#Someone Like You#Control_Group#0008,EN-Alto-2,Someone Like You,Control_Group,control_negative,non_mix,0.880867,0.480867
English#EN-Alto-2#Breathy#Yesterday Once More#Breathy_Group#0005,EN-Alto-2,Yesterday Once More,Breathy_Group,breathy_group,non_mix,0.880576,0.480576
English#EN-Alto-2#Mixed_Voice_and_Falsetto#Five Hundred Miles#Falsetto_Group#0004,EN-Alto-2,Five Hundred Miles,Falsetto_Group,falsetto_group,non_mix,0.879831,0.479831
English#EN-Alto-2#Mixed_Voice_and_Falsetto#All of Me#Control_Group#0004,EN-Alto-2,All of Me,Control_Group,control_negative,non_mix,0.879767,0.479767
English#EN-Alto-2#Mixed_Voice_and_Falsetto#Someone Like You#Mixed_Voice_Group#0007,EN-Alto-2,Someone Like You,Mixed_Voice_Group,other_negative,non_mix,0.87926,0.47926
English#EN-Alto-2#Pharyngeal#You Raise Me Up#Pharyngeal_Group#0005,EN-Alto-2,You Raise Me Up,Pharyngeal_Group,other_negative,non_mix,0.877576,0.477576
English#EN-Alto-2#Mixed_Voice_and_Falsetto#Seasons of Love#Control_Group#0003,EN-Alto-2,Seasons of Love,Control_Group,control_negative,non_mix,0.877473,0.477473
English#EN-Alto-2#Mixed_Voice_and_Falsetto#City Of Stars#Control_Group#0006,EN-Alto-2,City Of Stars,Control_Group,control_negative,non_mix,0.877028,0.477028
English#EN-Alto-2#Mixed_Voice_and_Falsetto#Someone Like You#Control_Group#0007,EN-Alto-2,Someone Like You,Control_Group,control_negative,non_mix,0.876174,0.476174
English#EN-Alto-2#Mixed_Voice_and_Falsetto#What Are Words#Control_Group#0003,EN-Alto-2,What Are Words,Control_Group,control_negative,non_mix,0.87544,0.47544
English#EN-Alto-2#Breathy#Someone You Loved#Breathy_Group#0002,EN-Alto-2,Someone You Loved,Breathy_Group,breathy_group,non_mix,0.874284,0.474284
English#EN-Alto-2#Glissando#You Raise Me Up#Glissando_Group#0005,EN-Alto-2,You Raise Me Up,Glissando_Group,other_negative,non_mix,0.872073,0.472073
English#EN-Alto-2#Mixed_Voice_and_Falsetto#Someone Like You#Control_Group#0003,EN-Alto-2,Someone Like You,Control_Group,control_negative,non_mix,0.87062,0.47062
English#EN-Alto-2#Pharyngeal#Someone You Loved#Pharyngeal_Group#0000,EN-Alto-2,Someone You Loved,Pharyngeal_Group,other_negative,non_mix,0.870454,0.470454
English#EN-Alto-2#Mixed_Voice_and_Falsetto#All of Me#Control_Group#0009,EN-Alto-2,All of Me,Control_Group,control_negative,non_mix,0.870407,0.470407
English#EN-Alto-2#Mixed_Voice_and_Falsetto#Love Me Like You Do#Control_Group#0005,EN-Alto-2,Love Me Like You Do,Control_Group,control_negative,non_mix,0.869768,0.469768
English#EN-Alto-2#Mixed_Voice_and_Falsetto#You Belong With Me#Falsetto_Group#0004,EN-Alto-2,You Belong With Me,Falsetto_Group,falsetto_group,non_mix,0.869567,0.469567
English#EN-Alto-2#Pharyngeal#My Love#Pharyngeal_Group#0005,EN-Alto-2,My Love,Pharyngeal_Group,other_negative,non_mix,0.868764,0.468764
English#EN-Alto-2#Mixed_Voice_and_Falsetto#Someone You Loved#Falsetto_Group#0005,EN-Alto-2,Someone You Loved,Falsetto_Group,falsetto_group,non_mix,0.868531,0.468531
English#EN-Alto-2#Mixed_Voice_and_Falsetto#My Love#Falsetto_Group#0007,EN-Alto-2,My Love,Falsetto_Group,falsetto_group,non_mix,0.868343,0.468343
English#EN-Alto-1#Mixed_Voice_and_Falsetto#let it go#Control_Group#0010,EN-Alto-1,let it go,Control_Group,control_negative,non_mix,0.86827,0.46827
English#EN-Alto-2#Pharyngeal#My Love#Pharyngeal_Group#0006,EN-Alto-2,My Love,Pharyngeal_Group,other_negative,non_mix,0.868223,0.468223
English#EN-Alto-2#Mixed_Voice_and_Falsetto#Let It Go#Falsetto_Group#0003,EN-Alto-2,Let It Go,Falsetto_Group,falsetto_group,non_mix,0.867953,0.467953
English#EN-Alto-2#Mixed_Voice_and_Falsetto#Love Me Like You Do#Control_Group#0008,EN-Alto-2,Love Me Like You Do,Control_Group,control_negative,non_mix,0.867554,0.467554
English#EN-Alto-1#Mixed_Voice_and_Falsetto#seasons in the sun#Control_Group#0006,EN-Alto-1,seasons in the sun,Control_Group,control_negative,non_mix,0.867498,0.467498
English#EN-Alto-2#Mixed_Voice_and_Falsetto#A Thousand Years#Falsetto_Group#0008,EN-Alto-2,A Thousand Years,Falsetto_Group,falsetto_group,non_mix,0.867109,0.467109
English#EN-Alto-2#Mixed_Voice_and_Falsetto#All of Me#Control_Group#0007,EN-Alto-2,All of Me,Control_Group,control_negative,non_mix,0.867007,0.467007
English#EN-Alto-2#Mixed_Voice_and_Falsetto#Yesterday Once More#Falsetto_Group#0008,EN-Alto-2,Yesterday Once More,Falsetto_Group,falsetto_group,non_mix,0.866572,0.466572
English#EN-Alto-2#Mixed_Voice_and_Falsetto#Yesterday Once More#Falsetto_Group#0001,EN-Alto-2,Yesterday Once More,Falsetto_Group,falsetto_group,non_mix,0.866399,0.466399
English#EN-Alto-2#Mixed_Voice_and_Falsetto#My Love#Control_Group#0001,EN-Alto-2,My Love,Control_Group,control_negative,non_mix,0.866142,0.466142
English#EN-Alto-2#Breathy#Love Story#Breathy_Group#0002,EN-Alto-2,Love Story,Breathy_Group,breathy_group,non_mix,0.86484,0.46484
English#EN-Alto-2#Breathy#All of Me#Breathy_Group#0003,EN-Alto-2,All of Me,Breathy_Group,breathy_group,non_mix,0.864408,0.464408
English#EN-Alto-2#Pharyngeal#My Love#Pharyngeal_Group#0001,EN-Alto-2,My Love,Pharyngeal_Group,other_negative,non_mix,0.862569,0.462569
English#EN-Alto-2#Mixed_Voice_and_Falsetto#Someone Like You#Control_Group#0000,EN-Alto-2,Someone Like You,Control_Group,control_negative,non_mix,0.86227,0.46227
English#EN-Alto-1#Pharyngeal#love stroy#Pharyngeal_Group#0005,EN-Alto-1,love stroy,Pharyngeal_Group,other_negative,non_mix,0.860465,0.460465
English#EN-Alto-2#Mixed_Voice_and_Falsetto#Someone Like You#Falsetto_Group#0008,EN-Alto-2,Someone Like You,Falsetto_Group,falsetto_group,non_mix,0.859901,0.459901
English#EN-Alto-2#Mixed_Voice_and_Falsetto#This Is Me#Control_Group#0005,EN-Alto-2,This Is Me,Control_Group,control_negative,non_mix,0.859197,0.459197
English#EN-Alto-2#Mixed_Voice_and_Falsetto#City Of Stars#Falsetto_Group#0001,EN-Alto-2,City Of Stars,Falsetto_Group,falsetto_group,non_mix,0.859,0.459
English#EN-Alto-2#Mixed_Voice_and_Falsetto#Lemon Tree#Falsetto_Group#0005,EN-Alto-2,Lemon Tree,Falsetto_Group,falsetto_group,non_mix,0.858453,0.458453
English#EN-Alto-2#Mixed_Voice_and_Falsetto#My Heart Will Go On#Control_Group#0001,EN-Alto-2,My Heart Will Go On,Control_Group,control_negative,non_mix,0.85797,0.45797
English#EN-Alto-2#Breathy#Dream It Possible#Breathy_Group#0004,EN-Alto-2,Dream It Possible,Breathy_Group,breathy_group,non_mix,0.857062,0.457062
English#EN-Alto-2#Mixed_Voice_and_Falsetto#You Raise Me Up#Falsetto_Group#0007,EN-Alto-2,You Raise Me Up,Falsetto_Group,falsetto_group,non_mix,0.856151,0.456151
English#EN-Alto-1#Pharyngeal#clouds#Pharyngeal_Group#0016,EN-Alto-1,clouds,Pharyngeal_Group,other_negative,non_mix,0.855325,0.455325
English#EN-Alto-2#Mixed_Voice_and_Falsetto#Love Me Like You Do#Falsetto_Group#0009,EN-Alto-2,Love Me Like You Do,Falsetto_Group,falsetto_group,non_mix,0.854957,0.454957
English#EN-Alto-1#Mixed_Voice_and_Falsetto#let it go#Control_Group#0021,EN-Alto-1,let it go,Control_Group,control_negative,non_mix,0.854523,0.454523
English#EN-Alto-1#Pharyngeal#clouds#Pharyngeal_Group#0017,EN-Alto-1,clouds,Pharyngeal_Group,other_negative,non_mix,0.853384,0.453384
English#EN-Alto-1#Mixed_Voice_and_Falsetto#my love#Control_Group#0007,EN-Alto-1,my love,Control_Group,control_negative,non_mix,0.852608,0.452608
English#EN-Alto-1#Pharyngeal#clouds#Pharyngeal_Group#0006,EN-Alto-1,clouds,Pharyngeal_Group,other_negative,non_mix,0.851554,0.451554
English#EN-Alto-2#Mixed_Voice_and_Falsetto#City Of Stars#Falsetto_Group#0011,EN-Alto-2,City Of Stars,Falsetto_Group,falsetto_group,non_mix,0.850013,0.450013
English#EN-Alto-2#Mixed_Voice_and_Falsetto#My Heart Will Go On#Falsetto_Group#0004,EN-Alto-2,My Heart Will Go On,Falsetto_Group,falsetto_group,non_mix,0.849928,0.449928
English#EN-Alto-1#Mixed_Voice_and_Falsetto#let it go#Control_Group#0001,EN-Alto-1,let it go,Control_Group,control_negative,non_mix,0.84988,0.44988
English#EN-Alto-2#Breathy#All of Me#Breathy_Group#0006,EN-Alto-2,All of Me,Breathy_Group,breathy_group,non_mix,0.849511,0.449511
English#EN-Alto-1#Mixed_Voice_and_Falsetto#how does a moment last forever#Control_Group#0011,EN-Alto-1,how does a moment last forever,Control_Group,control_negative,non_mix,0.846633,0.446633
English#EN-Alto-2#Pharyngeal#Dream It Possible#Pharyngeal_Group#0001,EN-Alto-2,Dream It Possible,Pharyngeal_Group,other_negative,non_mix,0.845639,0.445639
English#EN-Alto-2#Mixed_Voice_and_Falsetto#Young And Beautiful#Falsetto_Group#0000,EN-Alto-2,Young And Beautiful,Falsetto_Group,falsetto_group,non_mix,0.843396,0.443396
English#EN-Alto-2#Mixed_Voice_and_Falsetto#Yesterday Once More#Control_Group#0003,EN-Alto-2,Yesterday Once More,Control_Group,control_negative,non_mix,0.842328,0.442328
English#EN-Alto-1#Mixed_Voice_and_Falsetto#my love#Control_Group#0004,EN-Alto-1,my love,Control_Group,control_negative,non_mix,0.84043,0.44043
English#EN-Alto-2#Mixed_Voice_and_Falsetto#You Raise Me Up#Falsetto_Group#0004,EN-Alto-2,You Raise Me Up,Falsetto_Group,falsetto_group,non_mix,0.840093,0.440093
English#EN-Alto-2#Mixed_Voice_and_Falsetto#Someone Like You#Falsetto_Group#0007,EN-Alto-2,Someone Like You,Falsetto_Group,falsetto_group,non_mix,0.837789,0.437789
English#EN-Alto-1#Pharyngeal#love stroy#Pharyngeal_Group#0000,EN-Alto-1,love stroy,Pharyngeal_Group,other_negative,non_mix,0.83719,0.43719
English#EN-Alto-1#Mixed_Voice_and_Falsetto#yesterday once more#Control_Group#0017,EN-Alto-1,yesterday once more,Control_Group,control_negative,non_mix,0.835581,0.435581
English#EN-Alto-2#Mixed_Voice_and_Falsetto#My Heart Will Go On#Falsetto_Group#0009,EN-Alto-2,My Heart Will Go On,Falsetto_Group,falsetto_group,non_mix,0.834858,0.434858
English#EN-Alto-2#Mixed_Voice_and_Falsetto#Let It Go#Falsetto_Group#0002,EN-Alto-2,Let It Go,Falsetto_Group,falsetto_group,non_mix,0.833614,0.433614
English#EN-Alto-2#Mixed_Voice_and_Falsetto#The Show#Falsetto_Group#0004,EN-Alto-2,The Show,Falsetto_Group,falsetto_group,non_mix,0.83299,0.43299
English#EN-Alto-2#Mixed_Voice_and_Falsetto#My Heart Will Go On#Falsetto_Group#0005,EN-Alto-2,My Heart Will Go On,Falsetto_Group,falsetto_group,non_mix,0.832806,0.432806
English#EN-Alto-1#Mixed_Voice_and_Falsetto#all is found#Control_Group#0004,EN-Alto-1,all is found,Control_Group,control_negative,non_mix,0.832325,0.432325
English#EN-Alto-2#Mixed_Voice_and_Falsetto#Hey Jude#Falsetto_Group#0008,EN-Alto-2,Hey Jude,Falsetto_Group,falsetto_group,non_mix,0.831036,0.431036
English#EN-Alto-1#Mixed_Voice_and_Falsetto#let it go#Control_Group#0022,EN-Alto-1,let it go,Control_Group,control_negative,non_mix,0.830868,0.430868
English#EN-Alto-2#Breathy#Dream It Possible#Breathy_Group#0003,EN-Alto-2,Dream It Possible,Breathy_Group,breathy_group,non_mix,0.830304,0.430304
English#EN-Alto-2#Mixed_Voice_and_Falsetto#What Are Words#Control_Group#0001,EN-Alto-2,What Are Words,Control_Group,control_negative,non_mix,0.829511,0.429511
English#EN-Alto-1#Mixed_Voice_and_Falsetto#seasons in the sun#Control_Group#0013,EN-Alto-1,seasons in the sun,Control_Group,control_negative,non_mix,0.829303,0.429303
English#EN-Alto-2#Mixed_Voice_and_Falsetto#Easy On Me#Control_Group#0003,EN-Alto-2,Easy On Me,Control_Group,control_negative,non_mix,0.827819,0.427819
English#EN-Alto-2#Mixed_Voice_and_Falsetto#Someone Like You#Falsetto_Group#0004,EN-Alto-2,Someone Like You,Falsetto_Group,falsetto_group,non_mix,0.827719,0.427719
English#EN-Alto-1#Mixed_Voice_and_Falsetto#make it shine#Control_Group#0013,EN-Alto-1,make it shine,Control_Group,control_negative,non_mix,0.82683,0.42683
English#EN-Alto-1#Mixed_Voice_and_Falsetto#you raise me up#Control_Group#0000,EN-Alto-1,you raise me up,Control_Group,control_negative,non_mix,0.825779,0.425779
English#EN-Alto-2#Mixed_Voice_and_Falsetto#My Heart Will Go On#Falsetto_Group#0011,EN-Alto-2,My Heart Will Go On,Falsetto_Group,falsetto_group,non_mix,0.82562,0.42562
English#EN-Alto-2#Breathy#What Are Words#Breathy_Group#0006,EN-Alto-2,What Are Words,Breathy_Group,breathy_group,non_mix,0.82436,0.42436
English#EN-Alto-2#Pharyngeal#My Heart Will Go On#Pharyngeal_Group#0005,EN-Alto-2,My Heart Will Go On,Pharyngeal_Group,other_negative,non_mix,0.823883,0.423883
English#EN-Alto-2#Mixed_Voice_and_Falsetto#Yesterday Once More#Falsetto_Group#0000,EN-Alto-2,Yesterday Once More,Falsetto_Group,falsetto_group,non_mix,0.823778,0.423778
English#EN-Alto-2#Breathy#A Thousand Years#Breathy_Group#0001,EN-Alto-2,A Thousand Years,Breathy_Group,breathy_group,non_mix,0.821522,0.421522
English#EN-Alto-1#Breathy#treasure#Control_Group#0005,EN-Alto-1,treasure,Control_Group,control_negative,non_mix,0.820183,0.420183
English#EN-Alto-1#Pharyngeal#clouds#Pharyngeal_Group#0015,EN-Alto-1,clouds,Pharyngeal_Group,other_negative,non_mix,0.819292,0.419292
English#EN-Alto-2#Pharyngeal#All of Me#Pharyngeal_Group#0007,EN-Alto-2,All of Me,Pharyngeal_Group,other_negative,non_mix,0.818702,0.418702
English#EN-Alto-1#Mixed_Voice_and_Falsetto#let it go#Control_Group#0005,EN-Alto-1,let it go,Control_Group,control_negative,non_mix,0.815835,0.415835
English#EN-Alto-2#Mixed_Voice_and_Falsetto#My Heart Will Go On#Falsetto_Group#0006,EN-Alto-2,My Heart Will Go On,Falsetto_Group,falsetto_group,non_mix,0.815148,0.415148
English#EN-Alto-2#Breathy#My Love#Breathy_Group#0006,EN-Alto-2,My Love,Breathy_Group,breathy_group,non_mix,0.813635,0.413635
English#EN-Alto-1#Mixed_Voice_and_Falsetto#seasons in the sun#Control_Group#0000,EN-Alto-1,seasons in the sun,Control_Group,control_negative,non_mix,0.812936,0.412936
English#EN-Alto-2#Mixed_Voice_and_Falsetto#My Love#Control_Group#0005,EN-Alto-2,My Love,Control_Group,control_negative,non_mix,0.81244,0.41244
English#EN-Alto-1#Mixed_Voice_and_Falsetto#all is found#Control_Group#0000,EN-Alto-1,all is found,Control_Group,control_negative,non_mix,0.811695,0.411695
English#EN-Alto-1#Mixed_Voice_and_Falsetto#yesterday once more#Control_Group#0006,EN-Alto-1,yesterday once more,Control_Group,control_negative,non_mix,0.811591,0.411591
English#EN-Alto-2#Mixed_Voice_and_Falsetto#Hello#Falsetto_Group#0009,EN-Alto-2,Hello,Falsetto_Group,falsetto_group,non_mix,0.811439,0.411439
English#EN-Alto-2#Breathy#All of Me#Breathy_Group#0001,EN-Alto-2,All of Me,Breathy_Group,breathy_group,non_mix,0.810434,0.410434
English#EN-Alto-2#Breathy#Dream It Possible#Breathy_Group#0001,EN-Alto-2,Dream It Possible,Breathy_Group,breathy_group,non_mix,0.809018,0.409018
English#EN-Alto-2#Mixed_Voice_and_Falsetto#Hey Jude#Control_Group#0003,EN-Alto-2,Hey Jude,Control_Group,control_negative,non_mix,0.80793,0.40793
English#EN-Alto-1#Mixed_Voice_and_Falsetto#Arriety's song#Control_Group#0012,EN-Alto-1,Arriety's song,Control_Group,control_negative,non_mix,0.807928,0.407928
English#EN-Alto-1#Pharyngeal#clouds#Pharyngeal_Group#0011,EN-Alto-1,clouds,Pharyngeal_Group,other_negative,non_mix,0.807744,0.407744
English#EN-Alto-1#Mixed_Voice_and_Falsetto#let it go#Control_Group#0017,EN-Alto-1,let it go,Control_Group,control_negative,non_mix,0.807652,0.407652
English#EN-Alto-2#Mixed_Voice_and_Falsetto#God is A Girl#Control_Group#0006,EN-Alto-2,God is A Girl,Control_Group,control_negative,non_mix,0.807431,0.407431
English#EN-Alto-1#Mixed_Voice_and_Falsetto#let it go#Control_Group#0012,EN-Alto-1,let it go,Control_Group,control_negative,non_mix,0.804731,0.404731
English#EN-Alto-2#Mixed_Voice_and_Falsetto#City Of Stars#Falsetto_Group#0013,EN-Alto-2,City Of Stars,Falsetto_Group,falsetto_group,non_mix,0.80398,0.40398
English#EN-Alto-2#Glissando#You Raise Me Up#Glissando_Group#0007,EN-Alto-2,You Raise Me Up,Glissando_Group,other_negative,non_mix,0.802104,0.402104
English#EN-Alto-2#Pharyngeal#Someone Like You#Pharyngeal_Group#0009,EN-Alto-2,Someone Like You,Pharyngeal_Group,other_negative,non_mix,0.801297,0.401297
English#EN-Alto-2#Breathy#A Thousand Years#Breathy_Group#0005,EN-Alto-2,A Thousand Years,Breathy_Group,breathy_group,non_mix,0.798793,0.398793
English#EN-Alto-2#Breathy#Safe and Sound#Breathy_Group#0002,EN-Alto-2,Safe and Sound,Breathy_Group,breathy_group,non_mix,0.798219,0.398219
English#EN-Alto-1#Mixed_Voice_and_Falsetto#let it go#Control_Group#0015,EN-Alto-1,let it go,Control_Group,control_negative,non_mix,0.79025,0.39025
English#EN-Alto-2#Breathy#Someone Like You#Breathy_Group#0004,EN-Alto-2,Someone Like You,Breathy_Group,breathy_group,non_mix,0.789443,0.389443
English#EN-Alto-1#Mixed_Voice_and_Falsetto#all is found#Control_Group#0003,EN-Alto-1,all is found,Control_Group,control_negative,non_mix,0.788421,0.388421
English#EN-Alto-2#Mixed_Voice_and_Falsetto#Let It Go#Control_Group#0002,EN-Alto-2,Let It Go,Control_Group,control_negative,non_mix,0.786195,0.386195
English#EN-Alto-2#Mixed_Voice_and_Falsetto#You Raise Me Up#Control_Group#0000,EN-Alto-2,You Raise Me Up,Control_Group,control_negative,non_mix,0.785973,0.385973
English#EN-Alto-1#Mixed_Voice_and_Falsetto#yesterday once more#Control_Group#0003,EN-Alto-1,yesterday once more,Control_Group,control_negative,non_mix,0.785584,0.385584
English#EN-Alto-2#Mixed_Voice_and_Falsetto#Love Me Like You Do#Control_Group#0009,EN-Alto-2,Love Me Like You Do,Control_Group,control_negative,non_mix,0.785346,0.385346
English#EN-Alto-2#Breathy#Yesterday Once More#Breathy_Group#0001,EN-Alto-2,Yesterday Once More,Breathy_Group,breathy_group,non_mix,0.780855,0.380855
English#EN-Alto-2#Mixed_Voice_and_Falsetto#Someone You Loved#Falsetto_Group#0004,EN-Alto-2,Someone You Loved,Falsetto_Group,falsetto_group,non_mix,0.77852,0.37852
English#EN-Alto-2#Mixed_Voice_and_Falsetto#Hey Jude#Control_Group#0000,EN-Alto-2,Hey Jude,Control_Group,control_negative,non_mix,0.777944,0.377944
English#EN-Alto-2#Mixed_Voice_and_Falsetto#City Of Stars#Falsetto_Group#0004,EN-Alto-2,City Of Stars,Falsetto_Group,falsetto_group,non_mix,0.776994,0.376994
English#EN-Alto-2#Mixed_Voice_and_Falsetto#What Are Words#Falsetto_Group#0004,EN-Alto-2,What Are Words,Falsetto_Group,falsetto_group,non_mix,0.776689,0.376689
English#EN-Alto-2#Mixed_Voice_and_Falsetto#Let Her Go#Control_Group#0001,EN-Alto-2,Let Her Go,Control_Group,control_negative,non_mix,0.775396,0.375396
English#EN-Alto-1#Pharyngeal#who says#Pharyngeal_Group#0012,EN-Alto-1,who says,Pharyngeal_Group,other_negative,non_mix,0.773999,0.373999
English#EN-Alto-2#Mixed_Voice_and_Falsetto#Five Hundred Miles#Falsetto_Group#0005,EN-Alto-2,Five Hundred Miles,Falsetto_Group,falsetto_group,non_mix,0.772259,0.372259
English#EN-Alto-2#Pharyngeal#Someone Like You#Pharyngeal_Group#0003,EN-Alto-2,Someone Like You,Pharyngeal_Group,other_negative,non_mix,0.771276,0.371276
English#EN-Alto-2#Breathy#Safe and Sound#Breathy_Group#0001,EN-Alto-2,Safe and Sound,Breathy_Group,breathy_group,non_mix,0.770789,0.370789
English#EN-Alto-2#Breathy#Fly Me to the Moon#Breathy_Group#0005,EN-Alto-2,Fly Me to the Moon,Breathy_Group,breathy_group,non_mix,0.770738,0.370738
English#EN-Alto-1#Mixed_Voice_and_Falsetto#let it go#Control_Group#0013,EN-Alto-1,let it go,Control_Group,control_negative,non_mix,0.767398,0.367398
English#EN-Alto-2#Breathy#All of Me#Breathy_Group#0007,EN-Alto-2,All of Me,Breathy_Group,breathy_group,non_mix,0.767073,0.367073
English#EN-Alto-1#Mixed_Voice_and_Falsetto#Arriety's song#Control_Group#0003,EN-Alto-1,Arriety's song,Control_Group,control_negative,non_mix,0.764094,0.364094
English#EN-Alto-2#Breathy#Yesterday Once More#Breathy_Group#0003,EN-Alto-2,Yesterday Once More,Breathy_Group,breathy_group,non_mix,0.76009,0.36009
English#EN-Alto-1#Breathy#god is a girl#Breathy_Group#0004,EN-Alto-1,god is a girl,Breathy_Group,breathy_group,non_mix,0.75999,0.35999
English#EN-Alto-1#Pharyngeal#tell me that you love me#Pharyngeal_Group#0007,EN-Alto-1,tell me that you love me,Pharyngeal_Group,other_negative,non_mix,0.758327,0.358327
English#EN-Alto-2#Mixed_Voice_and_Falsetto#My Heart Will Go On#Falsetto_Group#0007,EN-Alto-2,My Heart Will Go On,Falsetto_Group,falsetto_group,non_mix,0.757625,0.357625
English#EN-Alto-2#Mixed_Voice_and_Falsetto#What Are Words#Control_Group#0002,EN-Alto-2,What Are Words,Control_Group,control_negative,non_mix,0.756709,0.356709
English#EN-Alto-2#Breathy#Someone Like You#Breathy_Group#0007,EN-Alto-2,Someone Like You,Breathy_Group,breathy_group,non_mix,0.756123,0.356123
English#EN-Alto-1#Mixed_Voice_and_Falsetto#how does a moment last forever#Control_Group#0003,EN-Alto-1,how does a moment last forever,Control_Group,control_negative,non_mix,0.755787,0.355787
English#EN-Alto-1#Pharyngeal#clouds#Pharyngeal_Group#0000,EN-Alto-1,clouds,Pharyngeal_Group,other_negative,non_mix,0.752818,0.352818
English#EN-Alto-1#Mixed_Voice_and_Falsetto#all is found#Control_Group#0005,EN-Alto-1,all is found,Control_Group,control_negative,non_mix,0.750771,0.350771
English#EN-Alto-2#Mixed_Voice_and_Falsetto#Let It Go#Control_Group#0003,EN-Alto-2,Let It Go,Control_Group,control_negative,non_mix,0.749519,0.349519
English#EN-Alto-1#Mixed_Voice_and_Falsetto#make it shine#Control_Group#0008,EN-Alto-1,make it shine,Control_Group,control_negative,non_mix,0.748573,0.348573
English#EN-Alto-2#Mixed_Voice_and_Falsetto#All of Me#Control_Group#0008,EN-Alto-2,All of Me,Control_Group,control_negative,non_mix,0.747621,0.347621
English#EN-Alto-1#Mixed_Voice_and_Falsetto#let it go#Control_Group#0011,EN-Alto-1,let it go,Control_Group,control_negative,non_mix,0.746188,0.346188
English#EN-Alto-2#Mixed_Voice_and_Falsetto#Hello#Falsetto_Group#0003,EN-Alto-2,Hello,Falsetto_Group,falsetto_group,non_mix,0.74492,0.34492
English#EN-Alto-1#Mixed_Voice_and_Falsetto#yesterday once more#Control_Group#0016,EN-Alto-1,yesterday once more,Control_Group,control_negative,non_mix,0.743809,0.343809
English#EN-Alto-2#Breathy#My Love#Breathy_Group#0007,EN-Alto-2,My Love,Breathy_Group,breathy_group,non_mix,0.743569,0.343569
English#EN-Alto-1#Mixed_Voice_and_Falsetto#make it shine#Control_Group#0002,EN-Alto-1,make it shine,Control_Group,control_negative,non_mix,0.742356,0.342356
English#EN-Alto-1#Mixed_Voice_and_Falsetto#let it go#Control_Group#0004,EN-Alto-1,let it go,Control_Group,control_negative,non_mix,0.74024,0.34024
English#EN-Alto-2#Mixed_Voice_and_Falsetto#What Are Words#Control_Group#0004,EN-Alto-2,What Are Words,Control_Group,control_negative,non_mix,0.739635,0.339635
English#EN-Alto-2#Breathy#A Thousand Years#Breathy_Group#0004,EN-Alto-2,A Thousand Years,Breathy_Group,breathy_group,non_mix,0.733738,0.333738
English#EN-Alto-1#Mixed_Voice_and_Falsetto#yesterday once more#Control_Group#0018,EN-Alto-1,yesterday once more,Control_Group,control_negative,non_mix,0.731828,0.331828
English#EN-Alto-1#Mixed_Voice_and_Falsetto#let it go#Control_Group#0016,EN-Alto-1,let it go,Control_Group,control_negative,non_mix,0.731815,0.331815
English#EN-Alto-1#Breathy#who says#Control_Group#0016,EN-Alto-1,who says,Control_Group,control_negative,non_mix,0.731773,0.331773
English#EN-Alto-2#Pharyngeal#Yesterday Once More#Pharyngeal_Group#0000,EN-Alto-2,Yesterday Once More,Pharyngeal_Group,other_negative,non_mix,0.730129,0.330129
English#EN-Alto-2#Mixed_Voice_and_Falsetto#All of Me#Control_Group#0006,EN-Alto-2,All of Me,Control_Group,control_negative,non_mix,0.729578,0.329578
English#EN-Alto-1#Mixed_Voice_and_Falsetto#Arriety's song#Falsetto_Group#0000,EN-Alto-1,Arriety's song,Falsetto_Group,falsetto_group,non_mix,0.728998,0.328998
English#EN-Alto-2#Mixed_Voice_and_Falsetto#City Of Stars#Falsetto_Group#0005,EN-Alto-2,City Of Stars,Falsetto_Group,falsetto_group,non_mix,0.728911,0.328911
English#EN-Alto-2#Breathy#Someone Like You#Breathy_Group#0008,EN-Alto-2,Someone Like You,Breathy_Group,breathy_group,non_mix,0.728407,0.328407
English#EN-Alto-1#Mixed_Voice_and_Falsetto#seasons in the sun#Control_Group#0016,EN-Alto-1,seasons in the sun,Control_Group,control_negative,non_mix,0.725613,0.325613
English#EN-Alto-1#Mixed_Voice_and_Falsetto#make it shine#Control_Group#0009,EN-Alto-1,make it shine,Control_Group,control_negative,non_mix,0.723569,0.323569
English#EN-Alto-2#Breathy#Easy On Me#Breathy_Group#0000,EN-Alto-2,Easy On Me,Breathy_Group,breathy_group,non_mix,0.722868,0.322868
English#EN-Alto-1#Mixed_Voice_and_Falsetto#seasons in the sun#Control_Group#0001,EN-Alto-1,seasons in the sun,Control_Group,control_negative,non_mix,0.720644,0.320644
English#EN-Alto-1#Mixed_Voice_and_Falsetto#you raise me up#Control_Group#0003,EN-Alto-1,you raise me up,Control_Group,control_negative,non_mix,0.718389,0.318389
English#EN-Alto-2#Pharyngeal#Fly Me to the Moon#Pharyngeal_Group#0005,EN-Alto-2,Fly Me to the Moon,Pharyngeal_Group,other_negative,non_mix,0.718327,0.318327
English#EN-Alto-2#Pharyngeal#Easy On Me#Pharyngeal_Group#0004,EN-Alto-2,Easy On Me,Pharyngeal_Group,other_negative,non_mix,0.718096,0.318096
English#EN-Alto-1#Breathy#god is a girl#Breathy_Group#0001,EN-Alto-1,god is a girl,Breathy_Group,breathy_group,non_mix,0.716238,0.316238
English#EN-Alto-2#Mixed_Voice_and_Falsetto#Yesterday Once More#Falsetto_Group#0003,EN-Alto-2,Yesterday Once More,Falsetto_Group,falsetto_group,non_mix,0.715008,0.315008
English#EN-Alto-2#Breathy#A Thousand Years#Breathy_Group#0003,EN-Alto-2,A Thousand Years,Breathy_Group,breathy_group,non_mix,0.714037,0.314037
English#EN-Alto-2#Breathy#What Are Words#Breathy_Group#0001,EN-Alto-2,What Are Words,Breathy_Group,breathy_group,non_mix,0.712648,0.312648
English#EN-Alto-1#Mixed_Voice_and_Falsetto#you raise me up#Control_Group#0001,EN-Alto-1,you raise me up,Control_Group,control_negative,non_mix,0.712435,0.312435
English#EN-Alto-2#Pharyngeal#What Are Words#Pharyngeal_Group#0004,EN-Alto-2,What Are Words,Pharyngeal_Group,other_negative,non_mix,0.708432,0.308432
English#EN-Alto-1#Mixed_Voice_and_Falsetto#my love#Control_Group#0000,EN-Alto-1,my love,Control_Group,control_negative,non_mix,0.706351,0.306351
English#EN-Alto-1#Mixed_Voice_and_Falsetto#how does a moment last forever#Control_Group#0012,EN-Alto-1,how does a moment last forever,Control_Group,control_negative,non_mix,0.705361,0.305361
English#EN-Alto-1#Mixed_Voice_and_Falsetto#yesterday once more#Control_Group#0007,EN-Alto-1,yesterday once more,Control_Group,control_negative,non_mix,0.701403,0.301403
English#EN-Alto-2#Pharyngeal#All of Me#Pharyngeal_Group#0006,EN-Alto-2,All of Me,Pharyngeal_Group,other_negative,non_mix,0.699898,0.299898
English#EN-Alto-2#Breathy#Love Me Like You Do#Breathy_Group#0005,EN-Alto-2,Love Me Like You Do,Breathy_Group,breathy_group,non_mix,0.699262,0.299262
English#EN-Alto-1#Mixed_Voice_and_Falsetto#god is a girl#Control_Group#0001,EN-Alto-1,god is a girl,Control_Group,control_negative,non_mix,0.698572,0.298572
English#EN-Alto-2#Mixed_Voice_and_Falsetto#Yesterday Once More#Control_Group#0008,EN-Alto-2,Yesterday Once More,Control_Group,control_negative,non_mix,0.697417,0.297417
English#EN-Alto-1#Pharyngeal#love stroy#Pharyngeal_Group#0017,EN-Alto-1,love stroy,Pharyngeal_Group,other_negative,non_mix,0.695472,0.295472
English#EN-Alto-1#Mixed_Voice_and_Falsetto#my love#Falsetto_Group#0009,EN-Alto-1,my love,Falsetto_Group,falsetto_group,non_mix,0.694477,0.294477
English#EN-Alto-2#Pharyngeal#All of Me#Pharyngeal_Group#0001,EN-Alto-2,All of Me,Pharyngeal_Group,other_negative,non_mix,0.690279,0.290279
English#EN-Alto-1#Mixed_Voice_and_Falsetto#Arriety's song#Control_Group#0008,EN-Alto-1,Arriety's song,Control_Group,control_negative,non_mix,0.689422,0.289422
English#EN-Alto-1#Mixed_Voice_and_Falsetto#how does a moment last forever#Control_Group#0010,EN-Alto-1,how does a moment last forever,Control_Group,control_negative,non_mix,0.688756,0.288756
English#EN-Alto-1#Pharyngeal#love stroy#Pharyngeal_Group#0010,EN-Alto-1,love stroy,Pharyngeal_Group,other_negative,non_mix,0.68695,0.28695
English#EN-Alto-2#Mixed_Voice_and_Falsetto#Young And Beautiful#Falsetto_Group#0001,EN-Alto-2,Young And Beautiful,Falsetto_Group,falsetto_group,non_mix,0.686681,0.286681
English#EN-Alto-1#Pharyngeal#tell me that you love me#Pharyngeal_Group#0006,EN-Alto-1,tell me that you love me,Pharyngeal_Group,other_negative,non_mix,0.686483,0.286483
English#EN-Alto-1#Mixed_Voice_and_Falsetto#make it shine#Control_Group#0001,EN-Alto-1,make it shine,Control_Group,control_negative,non_mix,0.686052,0.286052
English#EN-Alto-1#Pharyngeal#tell me that you love me#Pharyngeal_Group#0003,EN-Alto-1,tell me that you love me,Pharyngeal_Group,other_negative,non_mix,0.684774,0.284774
English#EN-Alto-1#Mixed_Voice_and_Falsetto#my love#Control_Group#0001,EN-Alto-1,my love,Control_Group,control_negative,non_mix,0.684471,0.284471
English#EN-Alto-1#Pharyngeal#who says#Pharyngeal_Group#0010,EN-Alto-1,who says,Pharyngeal_Group,other_negative,non_mix,0.684093,0.284093
English#EN-Alto-2#Pharyngeal#All of Me#Pharyngeal_Group#0004,EN-Alto-2,All of Me,Pharyngeal_Group,other_negative,non_mix,0.682674,0.282674
English#EN-Alto-1#Pharyngeal#who says#Pharyngeal_Group#0007,EN-Alto-1,who says,Pharyngeal_Group,other_negative,non_mix,0.675166,0.275166
English#EN-Alto-1#Pharyngeal#love stroy#Pharyngeal_Group#0002,EN-Alto-1,love stroy,Pharyngeal_Group,other_negative,non_mix,0.674384,0.274384
English#EN-Alto-2#Breathy#What Are Words#Breathy_Group#0007,EN-Alto-2,What Are Words,Breathy_Group,breathy_group,non_mix,0.673821,0.273821
English#EN-Alto-2#Breathy#What Are Words#Breathy_Group#0004,EN-Alto-2,What Are Words,Breathy_Group,breathy_group,non_mix,0.672172,0.272172
English#EN-Alto-2#Breathy#My Heart Will Go On#Breathy_Group#0004,EN-Alto-2,My Heart Will Go On,Breathy_Group,breathy_group,non_mix,0.670515,0.270515
English#EN-Alto-1#Mixed_Voice_and_Falsetto#make it shine#Control_Group#0004,EN-Alto-1,make it shine,Control_Group,control_negative,non_mix,0.66837,0.26837
English#EN-Alto-2#Breathy#My Heart Will Go On#Breathy_Group#0003,EN-Alto-2,My Heart Will Go On,Breathy_Group,breathy_group,non_mix,0.665187,0.265187
English#EN-Alto-2#Breathy#Yesterday Once More#Breathy_Group#0000,EN-Alto-2,Yesterday Once More,Breathy_Group,breathy_group,non_mix,0.66131,0.26131
English#EN-Alto-1#Breathy#treasure#Control_Group#0007,EN-Alto-1,treasure,Control_Group,control_negative,non_mix,0.660586,0.260586
English#EN-Alto-1#Mixed_Voice_and_Falsetto#my love#Control_Group#0010,EN-Alto-1,my love,Control_Group,control_negative,non_mix,0.659583,0.259583
English#EN-Alto-2#Mixed_Voice_and_Falsetto#What Are Words#Control_Group#0006,EN-Alto-2,What Are Words,Control_Group,control_negative,non_mix,0.658303,0.258303
English#EN-Alto-2#Breathy#What Are Words#Breathy_Group#0000,EN-Alto-2,What Are Words,Breathy_Group,breathy_group,non_mix,0.658242,0.258242
English#EN-Alto-1#Mixed_Voice_and_Falsetto#let it go#Control_Group#0007,EN-Alto-1,let it go,Control_Group,control_negative,non_mix,0.657676,0.257676
English#EN-Alto-1#Pharyngeal#clouds#Pharyngeal_Group#0004,EN-Alto-1,clouds,Pharyngeal_Group,other_negative,non_mix,0.656951,0.256951
English#EN-Alto-1#Pharyngeal#who says#Pharyngeal_Group#0005,EN-Alto-1,who says,Pharyngeal_Group,other_negative,non_mix,0.656821,0.256821
English#EN-Alto-1#Mixed_Voice_and_Falsetto#yesterday once more#Control_Group#0008,EN-Alto-1,yesterday once more,Control_Group,control_negative,non_mix,0.654669,0.254669
English#EN-Alto-2#Mixed_Voice_and_Falsetto#My Love#Falsetto_Group#0004,EN-Alto-2,My Love,Falsetto_Group,falsetto_group,non_mix,0.653261,0.253261
English#EN-Alto-1#Mixed_Voice_and_Falsetto#my love#Control_Group#0011,EN-Alto-1,my love,Control_Group,control_negative,non_mix,0.651678,0.251678
English#EN-Alto-1#Mixed_Voice_and_Falsetto#seasons in the sun#Control_Group#0015,EN-Alto-1,seasons in the sun,Control_Group,control_negative,non_mix,0.65149,0.25149
English#EN-Alto-1#Mixed_Voice_and_Falsetto#how does a moment last forever#Control_Group#0007,EN-Alto-1,how does a moment last forever,Control_Group,control_negative,non_mix,0.651048,0.251048
English#EN-Alto-1#Mixed_Voice_and_Falsetto#my love#Control_Group#0008,EN-Alto-1,my love,Control_Group,control_negative,non_mix,0.649891,0.249891
English#EN-Alto-1#Mixed_Voice_and_Falsetto#seasons in the sun#Control_Group#0004,EN-Alto-1,seasons in the sun,Control_Group,control_negative,non_mix,0.648819,0.248819
English#EN-Alto-1#Mixed_Voice_and_Falsetto#you raise me up#Control_Group#0006,EN-Alto-1,you raise me up,Control_Group,control_negative,non_mix,0.647083,0.247083
English#EN-Alto-2#Mixed_Voice_and_Falsetto#What Are Words#Control_Group#0007,EN-Alto-2,What Are Words,Control_Group,control_negative,non_mix,0.646326,0.246326
English#EN-Alto-2#Mixed_Voice_and_Falsetto#Dream It Possible#Falsetto_Group#0000,EN-Alto-2,Dream It Possible,Falsetto_Group,falsetto_group,non_mix,0.645372,0.245372
English#EN-Alto-1#Mixed_Voice_and_Falsetto#Arriety's song#Control_Group#0004,EN-Alto-1,Arriety's song,Control_Group,control_negative,non_mix,0.644183,0.244183
English#EN-Alto-2#Breathy#Someone Like You#Breathy_Group#0005,EN-Alto-2,Someone Like You,Breathy_Group,breathy_group,non_mix,0.643914,0.243914
English#EN-Alto-2#Pharyngeal#All of Me#Pharyngeal_Group#0003,EN-Alto-2,All of Me,Pharyngeal_Group,other_negative,non_mix,0.643368,0.243368
English#EN-Alto-2#Pharyngeal#What Are Words#Pharyngeal_Group#0006,EN-Alto-2,What Are Words,Pharyngeal_Group,other_negative,non_mix,0.641847,0.241847
English#EN-Alto-2#Mixed_Voice_and_Falsetto#Yesterday Once More#Falsetto_Group#0004,EN-Alto-2,Yesterday Once More,Falsetto_Group,falsetto_group,non_mix,0.639142,0.239142
English#EN-Alto-1#Mixed_Voice_and_Falsetto#my love#Control_Group#0005,EN-Alto-1,my love,Control_Group,control_negative,non_mix,0.635573,0.235573
English#EN-Alto-1#Pharyngeal#clouds#Pharyngeal_Group#0013,EN-Alto-1,clouds,Pharyngeal_Group,other_negative,non_mix,0.6325,0.2325
English#EN-Alto-1#Pharyngeal#clouds#Pharyngeal_Group#0003,EN-Alto-1,clouds,Pharyngeal_Group,other_negative,non_mix,0.631998,0.231998
English#EN-Alto-1#Mixed_Voice_and_Falsetto#big big world#Control_Group#0010,EN-Alto-1,big big world,Control_Group,control_negative,non_mix,0.631522,0.231522
English#EN-Alto-1#Mixed_Voice_and_Falsetto#Arriety's song#Control_Group#0001,EN-Alto-1,Arriety's song,Control_Group,control_negative,non_mix,0.628228,0.228228
English#EN-Alto-1#Mixed_Voice_and_Falsetto#make it shine#Control_Group#0005,EN-Alto-1,make it shine,Control_Group,control_negative,non_mix,0.623685,0.223685
English#EN-Alto-2#Breathy#Someone Like You#Breathy_Group#0009,EN-Alto-2,Someone Like You,Breathy_Group,breathy_group,non_mix,0.620558,0.220558
English#EN-Alto-1#Breathy#god is a girl#Breathy_Group#0002,EN-Alto-1,god is a girl,Breathy_Group,breathy_group,non_mix,0.618906,0.218906
English#EN-Alto-1#Pharyngeal#tell me that you love me#Pharyngeal_Group#0001,EN-Alto-1,tell me that you love me,Pharyngeal_Group,other_negative,non_mix,0.615891,0.215891
English#EN-Alto-2#Breathy#My Love#Breathy_Group#0000,EN-Alto-2,My Love,Breathy_Group,breathy_group,non_mix,0.614995,0.214995
English#EN-Alto-1#Mixed_Voice_and_Falsetto#how does a moment last forever#Control_Group#0006,EN-Alto-1,how does a moment last forever,Control_Group,control_negative,non_mix,0.614424,0.214424
English#EN-Alto-1#Mixed_Voice_and_Falsetto#big big world#Control_Group#0001,EN-Alto-1,big big world,Control_Group,control_negative,non_mix,0.610447,0.210447
English#EN-Alto-1#Mixed_Voice_and_Falsetto#yesterday once more#Control_Group#0014,EN-Alto-1,yesterday once more,Control_Group,control_negative,non_mix,0.603273,0.203273
English#EN-Alto-1#Mixed_Voice_and_Falsetto#yesterday once more#Control_Group#0005,EN-Alto-1,yesterday once more,Control_Group,control_negative,non_mix,0.603014,0.203014
English#EN-Alto-2#Mixed_Voice_and_Falsetto#Someone Like You#Mixed_Voice_Group#0009,EN-Alto-2,Someone Like You,Mixed_Voice_Group,other_negative,non_mix,0.602399,0.202399
English#EN-Alto-1#Mixed_Voice_and_Falsetto#big big world#Control_Group#0011,EN-Alto-1,big big world,Control_Group,control_negative,non_mix,0.599535,0.199535
English#EN-Alto-1#Pharyngeal#love stroy#Pharyngeal_Group#0007,EN-Alto-1,love stroy,Pharyngeal_Group,other_negative,non_mix,0.597707,0.197707
English#EN-Alto-1#Mixed_Voice_and_Falsetto#let it go#Control_Group#0009,EN-Alto-1,let it go,Control_Group,control_negative,non_mix,0.595343,0.195343
English#EN-Alto-1#Mixed_Voice_and_Falsetto#make it shine#Control_Group#0010,EN-Alto-1,make it shine,Control_Group,control_negative,non_mix,0.594794,0.194794
English#EN-Alto-1#Mixed_Voice_and_Falsetto#let it go#Control_Group#0014,EN-Alto-1,let it go,Control_Group,control_negative,non_mix,0.587539,0.187539
English#EN-Alto-2#Breathy#Fly Me to the Moon#Breathy_Group#0003,EN-Alto-2,Fly Me to the Moon,Breathy_Group,breathy_group,non_mix,0.587072,0.187072
English#EN-Alto-1#Pharyngeal#love stroy#Pharyngeal_Group#0001,EN-Alto-1,love stroy,Pharyngeal_Group,other_negative,non_mix,0.583521,0.183521
English#EN-Alto-2#Mixed_Voice_and_Falsetto#You Raise Me Up#Falsetto_Group#0005,EN-Alto-2,You Raise Me Up,Falsetto_Group,falsetto_group,non_mix,0.58043,0.18043
English#EN-Alto-1#Mixed_Voice_and_Falsetto#seasons in the sun#Control_Group#0017,EN-Alto-1,seasons in the sun,Control_Group,control_negative,non_mix,0.578868,0.178868
English#EN-Alto-1#Pharyngeal#clouds#Pharyngeal_Group#0012,EN-Alto-1,clouds,Pharyngeal_Group,other_negative,non_mix,0.578647,0.178647
English#EN-Alto-1#Pharyngeal#tell me that you love me#Pharyngeal_Group#0002,EN-Alto-1,tell me that you love me,Pharyngeal_Group,other_negative,non_mix,0.574967,0.174967
English#EN-Alto-1#Pharyngeal#clouds#Pharyngeal_Group#0009,EN-Alto-1,clouds,Pharyngeal_Group,other_negative,non_mix,0.574072,0.174072
English#EN-Alto-1#Mixed_Voice_and_Falsetto#big big world#Control_Group#0002,EN-Alto-1,big big world,Control_Group,control_negative,non_mix,0.568682,0.168682
English#EN-Alto-1#Mixed_Voice_and_Falsetto#seasons in the sun#Control_Group#0002,EN-Alto-1,seasons in the sun,Control_Group,control_negative,non_mix,0.565149,0.165149
English#EN-Alto-1#Mixed_Voice_and_Falsetto#seasons in the sun#Falsetto_Group#0003,EN-Alto-1,seasons in the sun,Falsetto_Group,falsetto_group,non_mix,0.564655,0.164655
English#EN-Alto-1#Mixed_Voice_and_Falsetto#seasons in the sun#Control_Group#0019,EN-Alto-1,seasons in the sun,Control_Group,control_negative,non_mix,0.563609,0.163609
English#EN-Alto-2#Breathy#Someone Like You#Breathy_Group#0003,EN-Alto-2,Someone Like You,Breathy_Group,breathy_group,non_mix,0.561254,0.161254
English#EN-Alto-1#Mixed_Voice_and_Falsetto#make it shine#Control_Group#0003,EN-Alto-1,make it shine,Control_Group,control_negative,non_mix,0.55827,0.15827
English#EN-Alto-1#Pharyngeal#tell me that you love me#Pharyngeal_Group#0008,EN-Alto-1,tell me that you love me,Pharyngeal_Group,other_negative,non_mix,0.557221,0.157221
English#EN-Alto-2#Breathy#Dream It Possible#Breathy_Group#0000,EN-Alto-2,Dream It Possible,Breathy_Group,breathy_group,non_mix,0.556525,0.156525
English#EN-Alto-1#Pharyngeal#monsters#Pharyngeal_Group#0008,EN-Alto-1,monsters,Pharyngeal_Group,other_negative,non_mix,0.554355,0.154355
English#EN-Alto-1#Mixed_Voice_and_Falsetto#make it shine#Control_Group#0012,EN-Alto-1,make it shine,Control_Group,control_negative,non_mix,0.551698,0.151698
English#EN-Alto-1#Mixed_Voice_and_Falsetto#my love#Control_Group#0002,EN-Alto-1,my love,Control_Group,control_negative,non_mix,0.551026,0.151026
English#EN-Alto-2#Mixed_Voice_and_Falsetto#Try#Control_Group#0004,EN-Alto-2,Try,Control_Group,control_negative,non_mix,0.548877,0.148877
English#EN-Alto-2#Mixed_Voice_and_Falsetto#Someone You Loved#Falsetto_Group#0000,EN-Alto-2,Someone You Loved,Falsetto_Group,falsetto_group,non_mix,0.547916,0.147916
English#EN-Alto-1#Mixed_Voice_and_Falsetto#god is a girl#Falsetto_Group#0002,EN-Alto-1,god is a girl,Falsetto_Group,falsetto_group,non_mix,0.546637,0.146637
English#EN-Alto-1#Mixed_Voice_and_Falsetto#you raise me up#Control_Group#0008,EN-Alto-1,you raise me up,Control_Group,control_negative,non_mix,0.540457,0.140457
English#EN-Alto-1#Mixed_Voice_and_Falsetto#Arriety's song#Control_Group#0010,EN-Alto-1,Arriety's song,Control_Group,control_negative,non_mix,0.539513,0.139513
English#EN-Alto-2#Breathy#A Thousand Years#Breathy_Group#0002,EN-Alto-2,A Thousand Years,Breathy_Group,breathy_group,non_mix,0.53756,0.13756
English#EN-Alto-2#Mixed_Voice_and_Falsetto#Someone Like You#Falsetto_Group#0009,EN-Alto-2,Someone Like You,Falsetto_Group,falsetto_group,non_mix,0.536466,0.136466
English#EN-Alto-2#Mixed_Voice_and_Falsetto#My Heart Will Go On#Falsetto_Group#0003,EN-Alto-2,My Heart Will Go On,Falsetto_Group,falsetto_group,non_mix,0.536018,0.136018
English#EN-Alto-1#Pharyngeal#clouds#Pharyngeal_Group#0001,EN-Alto-1,clouds,Pharyngeal_Group,other_negative,non_mix,0.535993,0.135993
English#EN-Alto-1#Mixed_Voice_and_Falsetto#seasons in the sun#Control_Group#0014,EN-Alto-1,seasons in the sun,Control_Group,control_negative,non_mix,0.529217,0.129217
English#EN-Alto-1#Breathy#someday or oneday#Control_Group#0003,EN-Alto-1,someday or oneday,Control_Group,control_negative,non_mix,0.526327,0.126327
English#EN-Alto-2#Breathy#All of Me#Breathy_Group#0004,EN-Alto-2,All of Me,Breathy_Group,breathy_group,non_mix,0.524119,0.124119
English#EN-Alto-1#Pharyngeal#somewhere over the rainbow#Pharyngeal_Group#0001,EN-Alto-1,somewhere over the rainbow,Pharyngeal_Group,other_negative,non_mix,0.524048,0.124048
English#EN-Alto-1#Mixed_Voice_and_Falsetto#seasons in the sun#Falsetto_Group#0014,EN-Alto-1,seasons in the sun,Falsetto_Group,falsetto_group,non_mix,0.522561,0.122561
English#EN-Alto-2#Pharyngeal#Yesterday Once More#Pharyngeal_Group#0009,EN-Alto-2,Yesterday Once More,Pharyngeal_Group,other_negative,non_mix,0.518841,0.118841
English#EN-Alto-1#Mixed_Voice_and_Falsetto#big big world#Falsetto_Group#0002,EN-Alto-1,big big world,Falsetto_Group,falsetto_group,non_mix,0.515919,0.115919
English#EN-Alto-1#Mixed_Voice_and_Falsetto#you raise me up#Control_Group#0014,EN-Alto-1,you raise me up,Control_Group,control_negative,non_mix,0.513724,0.113724
English#EN-Alto-2#Breathy#My Love#Breathy_Group#0003,EN-Alto-2,My Love,Breathy_Group,breathy_group,non_mix,0.513676,0.113676
English#EN-Alto-2#Breathy#Fly Me to the Moon#Breathy_Group#0000,EN-Alto-2,Fly Me to the Moon,Breathy_Group,breathy_group,non_mix,0.513159,0.113159
English#EN-Alto-1#Breathy#treasure#Control_Group#0006,EN-Alto-1,treasure,Control_Group,control_negative,non_mix,0.513017,0.113017
English#EN-Alto-1#Mixed_Voice_and_Falsetto#seasons in the sun#Control_Group#0008,EN-Alto-1,seasons in the sun,Control_Group,control_negative,non_mix,0.511953,0.111953
English#EN-Alto-1#Mixed_Voice_and_Falsetto#how does a moment last forever#Control_Group#0008,EN-Alto-1,how does a moment last forever,Control_Group,control_negative,non_mix,0.509891,0.109891
English#EN-Alto-1#Breathy#someday or oneday#Control_Group#0001,EN-Alto-1,someday or oneday,Control_Group,control_negative,non_mix,0.507494,0.107494
English#EN-Alto-1#Mixed_Voice_and_Falsetto#somewhere over the rainbow#Falsetto_Group#0005,EN-Alto-1,somewhere over the rainbow,Falsetto_Group,falsetto_group,non_mix,0.506323,0.106323
English#EN-Alto-2#Pharyngeal#All of Me#Pharyngeal_Group#0000,EN-Alto-2,All of Me,Pharyngeal_Group,other_negative,non_mix,0.503895,0.103895
English#EN-Alto-2#Breathy#What Are Words#Breathy_Group#0002,EN-Alto-2,What Are Words,Breathy_Group,breathy_group,non_mix,0.502592,0.102592
English#EN-Alto-2#Breathy#A Thousand Years#Breathy_Group#0007,EN-Alto-2,A Thousand Years,Breathy_Group,breathy_group,non_mix,0.496814,0.096814
English#EN-Alto-1#Mixed_Voice_and_Falsetto#how does a moment last forever#Control_Group#0016,EN-Alto-1,how does a moment last forever,Control_Group,control_negative,non_mix,0.496171,0.096171
English#EN-Alto-1#Mixed_Voice_and_Falsetto#seasons in the sun#Control_Group#0003,EN-Alto-1,seasons in the sun,Control_Group,control_negative,non_mix,0.494393,0.094393
English#EN-Alto-1#Breathy#god is a girl#Breathy_Group#0000,EN-Alto-1,god is a girl,Breathy_Group,breathy_group,non_mix,0.492615,0.092615
English#EN-Alto-1#Mixed_Voice_and_Falsetto#somewhere over the rainbow#Control_Group#0004,EN-Alto-1,somewhere over the rainbow,Control_Group,control_negative,non_mix,0.492454,0.092454
English#EN-Alto-2#Pharyngeal#What Are Words#Pharyngeal_Group#0003,EN-Alto-2,What Are Words,Pharyngeal_Group,other_negative,non_mix,0.49241,0.09241
English#EN-Alto-1#Mixed_Voice_and_Falsetto#yesterday once more#Control_Group#0000,EN-Alto-1,yesterday once more,Control_Group,control_negative,non_mix,0.491344,0.091344
English#EN-Alto-1#Pharyngeal#who says#Pharyngeal_Group#0003,EN-Alto-1,who says,Pharyngeal_Group,other_negative,non_mix,0.490388,0.090388
English#EN-Tenor-1#Pharyngeal#All I Ask#Pharyngeal_Group#0005,EN-Tenor-1,All I Ask,Pharyngeal_Group,other_negative,non_mix,0.48796,0.08796
English#EN-Alto-1#Breathy#who says#Control_Group#0000,EN-Alto-1,who says,Control_Group,control_negative,non_mix,0.487477,0.087477
English#EN-Alto-1#Mixed_Voice_and_Falsetto#make it shine#Control_Group#0006,EN-Alto-1,make it shine,Control_Group,control_negative,non_mix,0.485669,0.085669
English#EN-Alto-1#Pharyngeal#tell me that you love me#Pharyngeal_Group#0005,EN-Alto-1,tell me that you love me,Pharyngeal_Group,other_negative,non_mix,0.482011,0.082011
English#EN-Alto-1#Mixed_Voice_and_Falsetto#how does a moment last forever#Control_Group#0004,EN-Alto-1,how does a moment last forever,Control_Group,control_negative,non_mix,0.479819,0.079819
English#EN-Alto-1#Pharyngeal#somewhere over the rainbow#Pharyngeal_Group#0008,EN-Alto-1,somewhere over the rainbow,Pharyngeal_Group,other_negative,non_mix,0.479189,0.079189
English#EN-Alto-1#Mixed_Voice_and_Falsetto#yesterday once more#Control_Group#0015,EN-Alto-1,yesterday once more,Control_Group,control_negative,non_mix,0.477909,0.077909
English#EN-Alto-2#Pharyngeal#What Are Words#Pharyngeal_Group#0007,EN-Alto-2,What Are Words,Pharyngeal_Group,other_negative,non_mix,0.476933,0.076933
English#EN-Alto-1#Mixed_Voice_and_Falsetto#let it go#Control_Group#0006,EN-Alto-1,let it go,Control_Group,control_negative,non_mix,0.476692,0.076692
English#EN-Alto-1#Mixed_Voice_and_Falsetto#yesterday once more#Control_Group#0011,EN-Alto-1,yesterday once more,Control_Group,control_negative,non_mix,0.475234,0.075234
English#EN-Alto-1#Breathy#who says#Control_Group#0017,EN-Alto-1,who says,Control_Group,control_negative,non_mix,0.475202,0.075202
English#EN-Alto-1#Mixed_Voice_and_Falsetto#let it go#Control_Group#0019,EN-Alto-1,let it go,Control_Group,control_negative,non_mix,0.472564,0.072564
English#EN-Alto-1#Mixed_Voice_and_Falsetto#big big world#Control_Group#0006,EN-Alto-1,big big world,Control_Group,control_negative,non_mix,0.471686,0.071686
English#EN-Alto-1#Breathy#treasure#Control_Group#0002,EN-Alto-1,treasure,Control_Group,control_negative,non_mix,0.468451,0.068451
English#EN-Alto-2#Breathy#All of Me#Breathy_Group#0000,EN-Alto-2,All of Me,Breathy_Group,breathy_group,non_mix,0.467526,0.067526
English#EN-Alto-1#Mixed_Voice_and_Falsetto#seasons in the sun#Falsetto_Group#0000,EN-Alto-1,seasons in the sun,Falsetto_Group,falsetto_group,non_mix,0.467386,0.067386
English#EN-Alto-1#Mixed_Voice_and_Falsetto#my love#Control_Group#0012,EN-Alto-1,my love,Control_Group,control_negative,non_mix,0.466798,0.066798
English#EN-Alto-1#Mixed_Voice_and_Falsetto#somewhere over the rainbow#Control_Group#0001,EN-Alto-1,somewhere over the rainbow,Control_Group,control_negative,non_mix,0.465718,0.065718
English#EN-Alto-1#Mixed_Voice_and_Falsetto#you raise me up#Control_Group#0007,EN-Alto-1,you raise me up,Control_Group,control_negative,non_mix,0.465112,0.065112
English#EN-Alto-1#Mixed_Voice_and_Falsetto#Arriety's song#Falsetto_Group#0001,EN-Alto-1,Arriety's song,Falsetto_Group,falsetto_group,non_mix,0.4635,0.0635
English#EN-Alto-1#Breathy#treasure#Control_Group#0000,EN-Alto-1,treasure,Control_Group,control_negative,non_mix,0.461975,0.061975
English#EN-Alto-2#Mixed_Voice_and_Falsetto#My Heart Will Go On#Falsetto_Group#0001,EN-Alto-2,My Heart Will Go On,Falsetto_Group,falsetto_group,non_mix,0.460655,0.060655
English#EN-Alto-1#Mixed_Voice_and_Falsetto#how does a moment last forever#Control_Group#0000,EN-Alto-1,how does a moment last forever,Control_Group,control_negative,non_mix,0.459384,0.059384
English#EN-Alto-1#Mixed_Voice_and_Falsetto#let it go#Control_Group#0002,EN-Alto-1,let it go,Control_Group,control_negative,non_mix,0.455106,0.055106
English#EN-Alto-2#Mixed_Voice_and_Falsetto#You Raise Me Up#Falsetto_Group#0006,EN-Alto-2,You Raise Me Up,Falsetto_Group,falsetto_group,non_mix,0.454897,0.054897
English#EN-Alto-2#Breathy#Fly Me to the Moon#Breathy_Group#0002,EN-Alto-2,Fly Me to the Moon,Breathy_Group,breathy_group,non_mix,0.453509,0.053509
English#EN-Alto-1#Mixed_Voice_and_Falsetto#how does a moment last forever#Falsetto_Group#0001,EN-Alto-1,how does a moment last forever,Falsetto_Group,falsetto_group,non_mix,0.451632,0.051632
English#EN-Alto-1#Pharyngeal#who says#Pharyngeal_Group#0014,EN-Alto-1,who says,Pharyngeal_Group,other_negative,non_mix,0.447925,0.047925
English#EN-Alto-1#Pharyngeal#somewhere over the rainbow#Pharyngeal_Group#0004,EN-Alto-1,somewhere over the rainbow,Pharyngeal_Group,other_negative,non_mix,0.445056,0.045056
English#EN-Alto-1#Breathy#once up a dream#Control_Group#0001,EN-Alto-1,once up a dream,Control_Group,control_negative,non_mix,0.443065,0.043065
English#EN-Alto-1#Mixed_Voice_and_Falsetto#you raise me up#Control_Group#0013,EN-Alto-1,you raise me up,Control_Group,control_negative,non_mix,0.439677,0.039677
English#EN-Alto-1#Mixed_Voice_and_Falsetto#let it go#Control_Group#0023,EN-Alto-1,let it go,Control_Group,control_negative,non_mix,0.438576,0.038576
English#EN-Alto-1#Pharyngeal#love stroy#Pharyngeal_Group#0008,EN-Alto-1,love stroy,Pharyngeal_Group,other_negative,non_mix,0.436646,0.036646
English#EN-Alto-1#Mixed_Voice_and_Falsetto#all is found#Falsetto_Group#0005,EN-Alto-1,all is found,Falsetto_Group,falsetto_group,non_mix,0.435343,0.035343
English#EN-Alto-1#Mixed_Voice_and_Falsetto#big big world#Control_Group#0005,EN-Alto-1,big big world,Control_Group,control_negative,non_mix,0.433161,0.033161
English#EN-Alto-2#Breathy#A Thousand Years#Breathy_Group#0006,EN-Alto-2,A Thousand Years,Breathy_Group,breathy_group,non_mix,0.432734,0.032734
English#EN-Alto-1#Mixed_Voice_and_Falsetto#you raise me up#Control_Group#0002,EN-Alto-1,you raise me up,Control_Group,control_negative,non_mix,0.430794,0.030794
English#EN-Alto-1#Mixed_Voice_and_Falsetto#Arriety's song#Control_Group#0000,EN-Alto-1,Arriety's song,Control_Group,control_negative,non_mix,0.429115,0.029115
English#EN-Alto-1#Mixed_Voice_and_Falsetto#seasons in the sun#Control_Group#0005,EN-Alto-1,seasons in the sun,Control_Group,control_negative,non_mix,0.426623,0.026623
English#EN-Alto-1#Mixed_Voice_and_Falsetto#seasons in the sun#Control_Group#0009,EN-Alto-1,seasons in the sun,Control_Group,control_negative,non_mix,0.426319,0.026319
English#EN-Alto-1#Mixed_Voice_and_Falsetto#yesterday once more#Control_Group#0001,EN-Alto-1,yesterday once more,Control_Group,control_negative,non_mix,0.425763,0.025763
English#EN-Alto-1#Mixed_Voice_and_Falsetto#my love#Control_Group#0003,EN-Alto-1,my love,Control_Group,control_negative,non_mix,0.424204,0.024204
English#EN-Alto-1#Mixed_Voice_and_Falsetto#yesterday once more#Control_Group#0002,EN-Alto-1,yesterday once more,Control_Group,control_negative,non_mix,0.423875,0.023875
English#EN-Alto-1#Mixed_Voice_and_Falsetto#seasons in the sun#Control_Group#0018,EN-Alto-1,seasons in the sun,Control_Group,control_negative,non_mix,0.42012,0.02012
English#EN-Alto-1#Breathy#treasure#Control_Group#0003,EN-Alto-1,treasure,Control_Group,control_negative,non_mix,0.417646,0.017646
English#EN-Alto-1#Mixed_Voice_and_Falsetto#all is found#Falsetto_Group#0000,EN-Alto-1,all is found,Falsetto_Group,falsetto_group,non_mix,0.416527,0.016527
English#EN-Alto-1#Mixed_Voice_and_Falsetto#god is a girl#Control_Group#0005,EN-Alto-1,god is a girl,Control_Group,control_negative,non_mix,0.415447,0.015447
English#EN-Alto-1#Mixed_Voice_and_Falsetto#yesterday once more#Control_Group#0013,EN-Alto-1,yesterday once more,Control_Group,control_negative,non_mix,0.414741,0.014741
English#EN-Alto-1#Pharyngeal#clouds#Pharyngeal_Group#0008,EN-Alto-1,clouds,Pharyngeal_Group,other_negative,non_mix,0.413083,0.013083
English#EN-Alto-1#Pharyngeal#clouds#Pharyngeal_Group#0002,EN-Alto-1,clouds,Pharyngeal_Group,other_negative,non_mix,0.412079,0.012079
English#EN-Alto-1#Mixed_Voice_and_Falsetto#make it shine#Control_Group#0014,EN-Alto-1,make it shine,Control_Group,control_negative,non_mix,0.402237,0.002237
English#EN-Alto-1#Mixed_Voice_and_Falsetto#god is a girl#Falsetto_Group#0001,EN-Alto-1,god is a girl,Falsetto_Group,falsetto_group,non_mix,0.402206,0.002206
