item_name,wav_path,wav_fn,language,singer,song_name,group_name,mix,falsetto,breathy,vibrato,glissando,pharyngeal,any_tech,mix_variant,label_signature,binary_role,mined_mix_prob,mined_device
Chinese#ZH-Alto-1#Mixed_Voice_and_Falsetto#一次就好#Control_Group#0000,D:\-MindEcho-main\ml_dl_models\gtsinger_multitech\dataset\raw\Chinese\ZH-Alto-1\Mixed_Voice_and_Falsetto\一次就好\Control_Group\0000.wav,Chinese/ZH-Alto-1/Mixed_Voice_and_Falsetto/一次就好/Control_Group/0000.wav,Chinese,ZH-Alto-1,一次就好,Control_Group,0,0,0,0,1,0,1,non_mix,000010,control_negative,0.105421,cpu
Chinese#ZH-Alto-1#Mixed_Voice_and_Falsetto#一次就好#Control_Group#0002,D:\-MindEcho-main\ml_dl_models\gtsinger_multitech\dataset\raw\Chinese\ZH-Alto-1\Mixed_Voice_and_Falsetto\一次就好\Control_Group\0002.wav,Chinese/ZH-Alto-1/Mixed_Voice_and_Falsetto/一次就好/Control_Group/0002.wav,Chinese,ZH-Alto-1,一次就好,Control_Group,0,0,0,0,1,0,1,non_mix,000010,control_negative,0.054967,cpu
Chinese#ZH-Alto-1#Mixed_Voice_and_Falsetto#一次就好#Control_Group#0003,D:\-MindEcho-main\ml_dl_models\gtsinger_multitech\dataset\raw\Chinese\ZH-Alto-1\Mixed_Voice_and_Falsetto\一次就好\Control_Group\0003.wav,Chinese/ZH-Alto-1/Mixed_Voice_and_Falsetto/一次就好/Control_Group/0003.wav,Chinese,ZH-Alto-1,一次就好,Control_Group,0,0,0,0,1,0,1,non_mix,000010,control_negative,0.246425,cpu
Chinese#ZH-Alto-1#Mixed_Voice_and_Falsetto#一次就好#Control_Group#0005,D:\-MindEcho-main\ml_dl_models\gtsinger_multitech\dataset\raw\Chinese\ZH-Alto-1\Mixed_Voice_and_Falsetto\一次就好\Control_Group\0005.wav,Chinese/ZH-Alto-1/Mixed_Voice_and_Falsetto/一次就好/Control_Group/0005.wav,Chinese,ZH-Alto-1,一次就好,Control_Group,0,0,0,0,1,0,1,non_mix,000010,control_negative,0.219405,cpu
Chinese#ZH-Alto-1#Mixed_Voice_and_Falsetto#一次就好#Control_Group#0008,D:\-MindEcho-main\ml_dl_models\gtsinger_multitech\dataset\raw\Chinese\ZH-Alto-1\Mixed_Voice_and_Falsetto\一次就好\Control_Group\0008.wav,Chinese/ZH-Alto-1/Mixed_Voice_and_Falsetto/一次就好/Control_Group/0008.wav,Chinese,ZH-Alto-1,一次就好,Control_Group,0,0,0,0,1,0,1,non_mix,000010,control_negative,0.196252,cpu
Chinese#ZH-Alto-1#Mixed_Voice_and_Falsetto#三寸天堂#Control_Group#0000,D:\-MindEcho-main\ml_dl_models\gtsinger_multitech\dataset\raw\Chinese\ZH-Alto-1\Mixed_Voice_and_Falsetto\三寸天堂\Control_Group\0000.wav,Chinese/ZH-Alto-1/Mixed_Voice_and_Falsetto/三寸天堂/Control_Group/0000.wav,Chinese,ZH-Alto-1,三寸天堂,Control_Group,0,0,0,0,1,0,1,non_mix,000010,control_negative,0.111820,cpu
Chinese#ZH-Alto-1#Mixed_Voice_and_Falsetto#三寸天堂#Control_Group#0001,D:\-MindEcho-main\ml_dl_models\gtsinger_multitech\dataset\raw\Chinese\ZH-Alto-1\Mixed_Voice_and_Falsetto\三寸天堂\Control_Group\0001.wav,Chinese/ZH-Alto-1/Mixed_Voice_and_Falsetto/三寸天堂/Control_Group/0001.wav,Chinese,ZH-Alto-1,三寸天堂,Control_Group,0,0,0,0,1,0,1,non_mix,000010,control_negative,0.420417,cpu
Chinese#ZH-Alto-1#Mixed_Voice_and_Falsetto#三寸天堂#Control_Group#0002,D:\-MindEcho-main\ml_dl_models\gtsinger_multitech\dataset\raw\Chinese\ZH-Alto-1\Mixed_Voice_and_Falsetto\三寸天堂\Control_Group\0002.wav,Chinese/ZH-Alto-1/Mixed_Voice_and_Falsetto/三寸天堂/Control_Group/0002.wav,Chinese,ZH-Alto-1,三寸天堂,Control_Group,0,0,0,0,1,0,1,non_mix,000010,control_negative,0.149618,cpu
Chinese#ZH-Alto-1#Mixed_Voice_and_Falsetto#三寸天堂#Control_Group#0003,D:\-MindEcho-main\ml_dl_models\gtsinger_multitech\dataset\raw\Chinese\ZH-Alto-1\Mixed_Voice_and_Falsetto\三寸天堂\Control_Group\0003.wav,Chinese/ZH-Alto-1/Mixed_Voice_and_Falsetto/三寸天堂/Control_Group/0003.wav,Chinese,ZH-Alto-1,三寸天堂,Control_Group,0,0,0,0,1,0,1,non_mix,000010,control_negative,0.049088,cpu
Chinese#ZH-Alto-1#Mixed_Voice_and_Falsetto#三寸天堂#Control_Group#0004,D:\-MindEcho-main\ml_dl_models\gtsinger_multitech\dataset\raw\Chinese\ZH-Alto-1\Mixed_Voice_and_Falsetto\三寸天堂\Control_Group\0004.wav,Chinese/ZH-Alto-1/Mixed_Voice_and_Falsetto/三寸天堂/Control_Group/0004.wav,Chinese,ZH-Alto-1,三寸天堂,Control_Group,0,0,0,0,1,0,1,non_mix,000010,control_negative,0.058795,cpu
Chinese#ZH-Alto-1#Mixed_Voice_and_Falsetto#三寸天堂#Control_Group#0005,D:\-MindEcho-main\ml_dl_models\gtsinger_multitech\dataset\raw\Chinese\ZH-Alto-1\Mixed_Voice_and_Falsetto\三寸天堂\Control_Group\0005.wav,Chinese/ZH-Alto-1/Mixed_Voice_and_Falsetto/三寸天堂/Control_Group/0005.wav,Chinese,ZH-Alto-1,三寸天堂,Control_Group,0,0,0,0,1,0,1,non_mix,000010,control_negative,0.084670,cpu
Chinese#ZH-Alto-1#Mixed_Voice_and_Falsetto#三寸天堂#Control_Group#0006,D:\-MindEcho-main\ml_dl_models\gtsinger_multitech\dataset\raw\Chinese\ZH-Alto-1\Mixed_Voice_and_Falsetto\三寸天堂\Control_Group\0006.wav,Chinese/ZH-Alto-1/Mixed_Voice_and_Falsetto/三寸天堂/Control_Group/0006.wav,Chinese,ZH-Alto-1,三寸天堂,Control_Group,0,0,0,0,1,0,1,non_mix,000010,control_negative,0.089679,cpu
Chinese#ZH-Alto-1#Mixed_Voice_and_Falsetto#三寸天堂#Control_Group#0008,D:\-MindEcho-main\ml_dl_models\gtsinger_multitech\dataset\raw\Chinese\ZH-Alto-1\Mixed_Voice_and_Falsetto\三寸天堂\Control_Group\0008.wav,Chinese/ZH-Alto-1/Mixed_Voice_and_Falsetto/三寸天堂/Control_Group/0008.wav,Chinese,ZH-Alto-1,三寸天堂,Control_Group,0,0,0,0,1,0,1,non_mix,000010,control_negative,0.020734,cpu
Chinese#ZH-Alto-1#Mixed_Voice_and_Falsetto#三寸天堂#Control_Group#0009,D:\-MindEcho-main\ml_dl_models\gtsinger_multitech\dataset\raw\Chinese\ZH-Alto-1\Mixed_Voice_and_Falsetto\三寸天堂\Control_Group\0009.wav,Chinese/ZH-Alto-1/Mixed_Voice_and_Falsetto/三寸天堂/Control_Group/0009.wav,Chinese,ZH-Alto-1,三寸天堂,Control_Group,0,0,0,0,1,0,1,non_mix,000010,control_negative,0.114186,cpu
Chinese#ZH-Alto-1#Mixed_Voice_and_Falsetto#三寸天堂#Control_Group#0010,D:\-MindEcho-main\ml_dl_models\gtsinger_multitech\dataset\raw\Chinese\ZH-Alto-1\Mixed_Voice_and_Falsetto\三寸天堂\Control_Group\0010.wav,Chinese/ZH-Alto-1/Mixed_Voice_and_Falsetto/三寸天堂/Control_Group/0010.wav,Chinese,ZH-Alto-1,三寸天堂,Control_Group,0,0,0,0,1,0,1,non_mix,000010,control_negative,0.139227,cpu
Chinese#ZH-Alto-1#Mixed_Voice_and_Falsetto#三寸天堂#Control_Group#0011,D:\-MindEcho-main\ml_dl_models\gtsinger_multitech\dataset\raw\Chinese\ZH-Alto-1\Mixed_Voice_and_Falsetto\三寸天堂\Control_Group\0011.wav,Chinese/ZH-Alto-1/Mixed_Voice_and_Falsetto/三寸天堂/Control_Group/0011.wav,Chinese,ZH-Alto-1,三寸天堂,Control_Group,0,0,0,0,1,0,1,non_mix,000010,control_negative,0.109024,cpu
Chinese#ZH-Alto-1#Mixed_Voice_and_Falsetto#三寸天堂#Control_Group#0012,D:\-MindEcho-main\ml_dl_models\gtsinger_multitech\dataset\raw\Chinese\ZH-Alto-1\Mixed_Voice_and_Falsetto\三寸天堂\Control_Group\0012.wav,Chinese/ZH-Alto-1/Mixed_Voice_and_Falsetto/三寸天堂/Control_Group/0012.wav,Chinese,ZH-Alto-1,三寸天堂,Control_Group,0,0,0,0,1,0,1,non_mix,000010,control_negative,0.176463,cpu
Chinese#ZH-Alto-1#Breathy#不再见#Control_Group#0000,D:\-MindEcho-main\ml_dl_models\gtsinger_multitech\dataset\raw\Chinese\ZH-Alto-1\Breathy\不再见\Control_Group\0000.wav,Chinese/ZH-Alto-1/Breathy/不再见/Control_Group/0000.wav,Chinese,ZH-Alto-1,不再见,Control_Group,0,0,0,0,1,0,1,non_mix,000010,control_negative,0.124357,cpu
Chinese#ZH-Alto-1#Breathy#不再见#Control_Group#0001,D:\-MindEcho-main\ml_dl_models\gtsinger_multitech\dataset\raw\Chinese\ZH-Alto-1\Breathy\不再见\Control_Group\0001.wav,Chinese/ZH-Alto-1/Breathy/不再见/Control_Group/0001.wav,Chinese,ZH-Alto-1,不再见,Control_Group,0,0,0,0,1,0,1,non_mix,000010,control_negative,0.250948,cpu
Chinese#ZH-Alto-1#Breathy#不再见#Control_Group#0002,D:\-MindEcho-main\ml_dl_models\gtsinger_multitech\dataset\raw\Chinese\ZH-Alto-1\Breathy\不再见\Control_Group\0002.wav,Chinese/ZH-Alto-1/Breathy/不再见/Control_Group/0002.wav,Chinese,ZH-Alto-1,不再见,Control_Group,0,0,0,0,1,0,1,non_mix,000010,control_negative,0.375048,cpu
Chinese#ZH-Alto-1#Breathy#不再见#Control_Group#0004,D:\-MindEcho-main\ml_dl_models\gtsinger_multitech\dataset\raw\Chinese\ZH-Alto-1\Breathy\不再见\Control_Group\0004.wav,Chinese/ZH-Alto-1/Breathy/不再见/Control_Group/0004.wav,Chinese,ZH-Alto-1,不再见,Control_Group,0,0,0,0,1,0,1,non_mix,000010,control_negative,0.161988,cpu
Chinese#ZH-Alto-1#Breathy#不再见#Control_Group#0006,D:\-MindEcho-main\ml_dl_models\gtsinger_multitech\dataset\raw\Chinese\ZH-Alto-1\Breathy\不再见\Control_Group\0006.wav,Chinese/ZH-Alto-1/Breathy/不再见/Control_Group/0006.wav,Chinese,ZH-Alto-1,不再见,Control_Group,0,0,0,0,1,0,1,non_mix,000010,control_negative,0.422275,cpu
Chinese#ZH-Alto-1#Breathy#不再见#Control_Group#0007,D:\-MindEcho-main\ml_dl_models\gtsinger_multitech\dataset\raw\Chinese\ZH-Alto-1\Breathy\不再见\Control_Group\0007.wav,Chinese/ZH-Alto-1/Breathy/不再见/Control_Group/0007.wav,Chinese,ZH-Alto-1,不再见,Control_Group,0,0,0,0,1,0,1,non_mix,000010,control_negative,0.237048,cpu
Chinese#ZH-Alto-1#Breathy#不再见#Control_Group#0008,D:\-MindEcho-main\ml_dl_models\gtsinger_multitech\dataset\raw\Chinese\ZH-Alto-1\Breathy\不再见\Control_Group\0008.wav,Chinese/ZH-Alto-1/Breathy/不再见/Control_Group/0008.wav,Chinese,ZH-Alto-1,不再见,Control_Group,0,0,0,0,1,0,1,non_mix,000010,control_negative,0.021208,cpu
Chinese#ZH-Alto-1#Breathy#不再见#Control_Group#0009,D:\-MindEcho-main\ml_dl_models\gtsinger_multitech\dataset\raw\Chinese\ZH-Alto-1\Breathy\不再见\Control_Group\0009.wav,Chinese/ZH-Alto-1/Breathy/不再见/Control_Group/0009.wav,Chinese,ZH-Alto-1,不再见,Control_Group,0,0,0,1,1,0,1,non_mix,000110,control_negative,0.164833,cpu
Chinese#ZH-Alto-1#Vibrato#不再见#Control_Group#0001,D:\-MindEcho-main\ml_dl_models\gtsinger_multitech\dataset\raw\Chinese\ZH-Alto-1\Vibrato\不再见\Control_Group\0001.wav,Chinese/ZH-Alto-1/Vibrato/不再见/Control_Group/0001.wav,Chinese,ZH-Alto-1,不再见,Control_Group,0,0,0,0,1,0,1,non_mix,000010,control_negative,0.361036,cpu
Chinese#ZH-Alto-1#Vibrato#不再见#Control_Group#0002,D:\-MindEcho-main\ml_dl_models\gtsinger_multitech\dataset\raw\Chinese\ZH-Alto-1\Vibrato\不再见\Control_Group\0002.wav,Chinese/ZH-Alto-1/Vibrato/不再见/Control_Group/0002.wav,Chinese,ZH-Alto-1,不再见,Control_Group,0,0,0,0,1,0,1,non_mix,000010,control_negative,0.212170,cpu
Chinese#ZH-Alto-1#Vibrato#不再见#Control_Group#0003,D:\-MindEcho-main\ml_dl_models\gtsinger_multitech\dataset\raw\Chinese\ZH-Alto-1\Vibrato\不再见\Control_Group\0003.wav,Chinese/ZH-Alto-1/Vibrato/不再见/Control_Group/0003.wav,Chinese,ZH-Alto-1,不再见,Control_Group,0,0,0,0,1,0,1,non_mix,000010,control_negative,0.272079,cpu
Chinese#ZH-Alto-1#Vibrato#不再见#Control_Group#0004,D:\-MindEcho-main\ml_dl_models\gtsinger_multitech\dataset\raw\Chinese\ZH-Alto-1\Vibrato\不再见\Control_Group\0004.wav,Chinese/ZH-Alto-1/Vibrato/不再见/Control_Group/0004.wav,Chinese,ZH-Alto-1,不再见,Control_Group,0,0,0,0,1,0,1,non_mix,000010,control_negative,0.147167,cpu
Chinese#ZH-Alto-1#Vibrato#不再见#Control_Group#0005,D:\-MindEcho-main\ml_dl_models\gtsinger_multitech\dataset\raw\Chinese\ZH-Alto-1\Vibrato\不再见\Control_Group\0005.wav,Chinese/ZH-Alto-1/Vibrato/不再见/Control_Group/0005.wav,Chinese,ZH-Alto-1,不再见,Control_Group,0,0,0,0,1,0,1,non_mix,000010,control_negative,0.115912,cpu
Chinese#ZH-Alto-1#Vibrato#不再见#Control_Group#0010,D:\-MindEcho-main\ml_dl_models\gtsinger_multitech\dataset\raw\Chinese\ZH-Alto-1\Vibrato\不再见\Control_Group\0010.wav,Chinese/ZH-Alto-1/Vibrato/不再见/Control_Group/0010.wav,Chinese,ZH-Alto-1,不再见,Control_Group,0,0,0,0,1,0,1,non_mix,000010,control_negative,0.379465,cpu
Chinese#ZH-Alto-1#Vibrato#不再见#Control_Group#0011,D:\-MindEcho-main\ml_dl_models\gtsinger_multitech\dataset\raw\Chinese\ZH-Alto-1\Vibrato\不再见\Control_Group\0011.wav,Chinese/ZH-Alto-1/Vibrato/不再见/Control_Group/0011.wav,Chinese,ZH-Alto-1,不再见,Control_Group,0,0,0,0,1,0,1,non_mix,000010,control_negative,0.134580,cpu
Chinese#ZH-Alto-1#Vibrato#不再见#Control_Group#0013,D:\-MindEcho-main\ml_dl_models\gtsinger_multitech\dataset\raw\Chinese\ZH-Alto-1\Vibrato\不再见\Control_Group\0013.wav,Chinese/ZH-Alto-1/Vibrato/不再见/Control_Group/0013.wav,Chinese,ZH-Alto-1,不再见,Control_Group,0,0,0,0,1,0,1,non_mix,000010,control_negative,0.166558,cpu
Chinese#ZH-Alto-1#Vibrato#不再见#Control_Group#0014,D:\-MindEcho-main\ml_dl_models\gtsinger_multitech\dataset\raw\Chinese\ZH-Alto-1\Vibrato\不再见\Control_Group\0014.wav,Chinese/ZH-Alto-1/Vibrato/不再见/Control_Group/0014.wav,Chinese,ZH-Alto-1,不再见,Control_Group,0,0,0,0,1,0,1,non_mix,000010,control_negative,0.500624,cpu
Chinese#ZH-Alto-1#Vibrato#不再见#Control_Group#0015,D:\-MindEcho-main\ml_dl_models\gtsinger_multitech\dataset\raw\Chinese\ZH-Alto-1\Vibrato\不再见\Control_Group\0015.wav,Chinese/ZH-Alto-1/Vibrato/不再见/Control_Group/0015.wav,Chinese,ZH-Alto-1,不再见,Control_Group,0,0,0,0,1,0,1,non_mix,000010,control_negative,0.173208,cpu
Chinese#ZH-Alto-1#Vibrato#不再见#Control_Group#0016,D:\-MindEcho-main\ml_dl_models\gtsinger_multitech\dataset\raw\Chinese\ZH-Alto-1\Vibrato\不再见\Control_Group\0016.wav,Chinese/ZH-Alto-1/Vibrato/不再见/Control_Group/0016.wav,Chinese,ZH-Alto-1,不再见,Control_Group,0,0,0,0,1,0,1,non_mix,000010,control_negative,0.610142,cpu
Chinese#ZH-Alto-1#Vibrato#不再见#Control_Group#0017,D:\-MindEcho-main\ml_dl_models\gtsinger_multitech\dataset\raw\Chinese\ZH-Alto-1\Vibrato\不再见\Control_Group\0017.wav,Chinese/ZH-Alto-1/Vibrato/不再见/Control_Group/0017.wav,Chinese,ZH-Alto-1,不再见,Control_Group,0,0,0,0,1,0,1,non_mix,000010,control_negative,0.543826,cpu
Chinese#ZH-Alto-1#Vibrato#不再见#Control_Group#0018,D:\-MindEcho-main\ml_dl_models\gtsinger_multitech\dataset\raw\Chinese\ZH-Alto-1\Vibrato\不再见\Control_Group\0018.wav,Chinese/ZH-Alto-1/Vibrato/不再见/Control_Group/0018.wav,Chinese,ZH-Alto-1,不再见,Control_Group,0,0,0,0,1,0,1,non_mix,000010,control_negative,0.186000,cpu
Chinese#ZH-Alto-1#Vibrato#不再见#Control_Group#0019,D:\-MindEcho-main\ml_dl_models\gtsinger_multitech\dataset\raw\Chinese\ZH-Alto-1\Vibrato\不再见\Control_Group\0019.wav,Chinese/ZH-Alto-1/Vibrato/不再见/Control_Group/0019.wav,Chinese,ZH-Alto-1,不再见,Control_Group,0,0,0,0,1,0,1,non_mix,000010,control_negative,0.120269,cpu
Chinese#ZH-Alto-1#Vibrato#不再见#Control_Group#0020,D:\-MindEcho-main\ml_dl_models\gtsinger_multitech\dataset\raw\Chinese\ZH-Alto-1\Vibrato\不再见\Control_Group\0020.wav,Chinese/ZH-Alto-1/Vibrato/不再见/Control_Group/0020.wav,Chinese,ZH-Alto-1,不再见,Control_Group,0,0,0,0,1,0,1,non_mix,000010,control_negative,0.414617,cpu
Chinese#ZH-Alto-1#Vibrato#不再见#Control_Group#0021,D:\-MindEcho-main\ml_dl_models\gtsinger_multitech\dataset\raw\Chinese\ZH-Alto-1\Vibrato\不再见\Control_Group\0021.wav,Chinese/ZH-Alto-1/Vibrato/不再见/Control_Group/0021.wav,Chinese,ZH-Alto-1,不再见,Control_Group,0,0,0,0,1,0,1,non_mix,000010,control_negative,0.403381,cpu
Chinese#ZH-Alto-1#Vibrato#不再见#Control_Group#0022,D:\-MindEcho-main\ml_dl_models\gtsinger_multitech\dataset\raw\Chinese\ZH-Alto-1\Vibrato\不再见\Control_Group\0022.wav,Chinese/ZH-Alto-1/Vibrato/不再见/Control_Group/0022.wav,Chinese,ZH-Alto-1,不再见,Control_Group,0,0,0,0,1,0,1,non_mix,000010,control_negative,0.342939,cpu
Chinese#ZH-Alto-1#Vibrato#不再见#Control_Group#0023,D:\-MindEcho-main\ml_dl_models\gtsinger_multitech\dataset\raw\Chinese\ZH-Alto-1\Vibrato\不再见\Control_Group\0023.wav,Chinese/ZH-Alto-1/Vibrato/不再见/Control_Group/0023.wav,Chinese,ZH-Alto-1,不再见,Control_Group,0,0,0,0,1,0,1,non_mix,000010,control_negative,0.527104,cpu
Chinese#ZH-Alto-1#Vibrato#不再见#Control_Group#0024,D:\-MindEcho-main\ml_dl_models\gtsinger_multitech\dataset\raw\Chinese\ZH-Alto-1\Vibrato\不再见\Control_Group\0024.wav,Chinese/ZH-Alto-1/Vibrato/不再见/Control_Group/0024.wav,Chinese,ZH-Alto-1,不再见,Control_Group,0,0,0,0,1,0,1,non_mix,000010,control_negative,0.350187,cpu
Chinese#ZH-Alto-1#Vibrato#不再见#Control_Group#0025,D:\-MindEcho-main\ml_dl_models\gtsinger_multitech\dataset\raw\Chinese\ZH-Alto-1\Vibrato\不再见\Control_Group\0025.wav,Chinese/ZH-Alto-1/Vibrato/不再见/Control_Group/0025.wav,Chinese,ZH-Alto-1,不再见,Control_Group,0,0,0,0,1,0,1,non_mix,000010,control_negative,0.621820,cpu
Chinese#ZH-Alto-1#Vibrato#不再见#Control_Group#0026,D:\-MindEcho-main\ml_dl_models\gtsinger_multitech\dataset\raw\Chinese\ZH-Alto-1\Vibrato\不再见\Control_Group\0026.wav,Chinese/ZH-Alto-1/Vibrato/不再见/Control_Group/0026.wav,Chinese,ZH-Alto-1,不再见,Control_Group,0,0,0,0,1,0,1,non_mix,000010,control_negative,0.534911,cpu
Chinese#ZH-Alto-1#Breathy#云烟成雨#Control_Group#0001,D:\-MindEcho-main\ml_dl_models\gtsinger_multitech\dataset\raw\Chinese\ZH-Alto-1\Breathy\云烟成雨\Control_Group\0001.wav,Chinese/ZH-Alto-1/Breathy/云烟成雨/Control_Group/0001.wav,Chinese,ZH-Alto-1,云烟成雨,Control_Group,0,0,0,0,1,0,1,non_mix,000010,control_negative,0.064527,cpu
Chinese#ZH-Alto-1#Breathy#云烟成雨#Control_Group#0002,D:\-MindEcho-main\ml_dl_models\gtsinger_multitech\dataset\raw\Chinese\ZH-Alto-1\Breathy\云烟成雨\Control_Group\0002.wav,Chinese/ZH-Alto-1/Breathy/云烟成雨/Control_Group/0002.wav,Chinese,ZH-Alto-1,云烟成雨,Control_Group,0,0,0,0,1,0,1,non_mix,000010,control_negative,0.231211,cpu
Chinese#ZH-Alto-1#Breathy#云烟成雨#Control_Group#0003,D:\-MindEcho-main\ml_dl_models\gtsinger_multitech\dataset\raw\Chinese\ZH-Alto-1\Breathy\云烟成雨\Control_Group\0003.wav,Chinese/ZH-Alto-1/Breathy/云烟成雨/Control_Group/0003.wav,Chinese,ZH-Alto-1,云烟成雨,Control_Group,0,0,0,0,1,0,1,non_mix,000010,control_negative,0.100446,cpu
Chinese#ZH-Alto-1#Breathy#云烟成雨#Control_Group#0004,D:\-MindEcho-main\ml_dl_models\gtsinger_multitech\dataset\raw\Chinese\ZH-Alto-1\Breathy\云烟成雨\Control_Group\0004.wav,Chinese/ZH-Alto-1/Breathy/云烟成雨/Control_Group/0004.wav,Chinese,ZH-Alto-1,云烟成雨,Control_Group,0,0,0,0,1,0,1,non_mix,000010,control_negative,0.152408,cpu
Chinese#ZH-Alto-1#Breathy#云烟成雨#Control_Group#0005,D:\-MindEcho-main\ml_dl_models\gtsinger_multitech\dataset\raw\Chinese\ZH-Alto-1\Breathy\云烟成雨\Control_Group\0005.wav,Chinese/ZH-Alto-1/Breathy/云烟成雨/Control_Group/0005.wav,Chinese,ZH-Alto-1,云烟成雨,Control_Group,0,0,0,0,1,0,1,non_mix,000010,control_negative,0.059029,cpu
Chinese#ZH-Alto-1#Breathy#云烟成雨#Control_Group#0006,D:\-MindEcho-main\ml_dl_models\gtsinger_multitech\dataset\raw\Chinese\ZH-Alto-1\Breathy\云烟成雨\Control_Group\0006.wav,Chinese/ZH-Alto-1/Breathy/云烟成雨/Control_Group/0006.wav,Chinese,ZH-Alto-1,云烟成雨,Control_Group,0,0,0,0,1,0,1,non_mix,000010,control_negative,0.025698,cpu
Chinese#ZH-Alto-1#Breathy#云烟成雨#Control_Group#0007,D:\-MindEcho-main\ml_dl_models\gtsinger_multitech\dataset\raw\Chinese\ZH-Alto-1\Breathy\云烟成雨\Control_Group\0007.wav,Chinese/ZH-Alto-1/Breathy/云烟成雨/Control_Group/0007.wav,Chinese,ZH-Alto-1,云烟成雨,Control_Group,0,0,0,0,1,0,1,non_mix,000010,control_negative,0.151632,cpu
Chinese#ZH-Alto-1#Breathy#云烟成雨#Control_Group#0008,D:\-MindEcho-main\ml_dl_models\gtsinger_multitech\dataset\raw\Chinese\ZH-Alto-1\Breathy\云烟成雨\Control_Group\0008.wav,Chinese/ZH-Alto-1/Breathy/云烟成雨/Control_Group/0008.wav,Chinese,ZH-Alto-1,云烟成雨,Control_Group,0,0,0,0,1,0,1,non_mix,000010,control_negative,0.071124,cpu
Chinese#ZH-Alto-1#Breathy#云烟成雨#Control_Group#0009,D:\-MindEcho-main\ml_dl_models\gtsinger_multitech\dataset\raw\Chinese\ZH-Alto-1\Breathy\云烟成雨\Control_Group\0009.wav,Chinese/ZH-Alto-1/Breathy/云烟成雨/Control_Group/0009.wav,Chinese,ZH-Alto-1,云烟成雨,Control_Group,0,0,0,0,1,0,1,non_mix,000010,control_negative,0.190993,cpu
Chinese#ZH-Alto-1#Glissando#传奇#Control_Group#0008,D:\-MindEcho-main\ml_dl_models\gtsinger_multitech\dataset\raw\Chinese\ZH-Alto-1\Glissando\传奇\Control_Group\0008.wav,Chinese/ZH-Alto-1/Glissando/传奇/Control_Group/0008.wav,Chinese,ZH-Alto-1,传奇,Control_Group,0,0,0,0,1,0,1,non_mix,000010,control_negative,0.112927,cpu
Chinese#ZH-Alto-1#Glissando#传奇#Control_Group#0009,D:\-MindEcho-main\ml_dl_models\gtsinger_multitech\dataset\raw\Chinese\ZH-Alto-1\Glissando\传奇\Control_Group\0009.wav,Chinese/ZH-Alto-1/Glissando/传奇/Control_Group/0009.wav,Chinese,ZH-Alto-1,传奇,Control_Group,0,0,0,0,1,0,1,non_mix,000010,control_negative,0.221445,cpu
Chinese#ZH-Alto-1#Pharyngeal#你就不要想起我#Control_Group#0000,D:\-MindEcho-main\ml_dl_models\gtsinger_multitech\dataset\raw\Chinese\ZH-Alto-1\Pharyngeal\你就不要想起我\Control_Group\0000.wav,Chinese/ZH-Alto-1/Pharyngeal/你就不要想起我/Control_Group/0000.wav,Chinese,ZH-Alto-1,你就不要想起我,Control_Group,0,0,0,0,1,0,1,non_mix,000010,control_negative,0.210723,cpu
Chinese#ZH-Alto-1#Pharyngeal#你就不要想起我#Control_Group#0001,D:\-MindEcho-main\ml_dl_models\gtsinger_multitech\dataset\raw\Chinese\ZH-Alto-1\Pharyngeal\你就不要想起我\Control_Group\0001.wav,Chinese/ZH-Alto-1/Pharyngeal/你就不要想起我/Control_Group/0001.wav,Chinese,ZH-Alto-1,你就不要想起我,Control_Group,0,0,0,0,1,0,1,non_mix,000010,control_negative,0.192582,cpu
Chinese#ZH-Alto-1#Pharyngeal#你就不要想起我#Control_Group#0002,D:\-MindEcho-main\ml_dl_models\gtsinger_multitech\dataset\raw\Chinese\ZH-Alto-1\Pharyngeal\你就不要想起我\Control_Group\0002.wav,Chinese/ZH-Alto-1/Pharyngeal/你就不要想起我/Control_Group/0002.wav,Chinese,ZH-Alto-1,你就不要想起我,Control_Group,0,0,0,0,1,0,1,non_mix,000010,control_negative,0.054146,cpu
Chinese#ZH-Alto-1#Pharyngeal#你就不要想起我#Control_Group#0003,D:\-MindEcho-main\ml_dl_models\gtsinger_multitech\dataset\raw\Chinese\ZH-Alto-1\Pharyngeal\你就不要想起我\Control_Group\0003.wav,Chinese/ZH-Alto-1/Pharyngeal/你就不要想起我/Control_Group/0003.wav,Chinese,ZH-Alto-1,你就不要想起我,Control_Group,0,0,0,0,1,0,1,non_mix,000010,control_negative,0.178000,cpu
Chinese#ZH-Alto-1#Pharyngeal#你就不要想起我#Control_Group#0004,D:\-MindEcho-main\ml_dl_models\gtsinger_multitech\dataset\raw\Chinese\ZH-Alto-1\Pharyngeal\你就不要想起我\Control_Group\0004.wav,Chinese/ZH-Alto-1/Pharyngeal/你就不要想起我/Control_Group/0004.wav,Chinese,ZH-Alto-1,你就不要想起我,Control_Group,0,0,0,0,1,0,1,non_mix,000010,control_negative,0.315272,cpu
Chinese#ZH-Alto-1#Pharyngeal#你就不要想起我#Control_Group#0005,D:\-MindEcho-main\ml_dl_models\gtsinger_multitech\dataset\raw\Chinese\ZH-Alto-1\Pharyngeal\你就不要想起我\Control_Group\0005.wav,Chinese/ZH-Alto-1/Pharyngeal/你就不要想起我/Control_Group/0005.wav,Chinese,ZH-Alto-1,你就不要想起我,Control_Group,0,0,0,0,1,0,1,non_mix,000010,control_negative,0.057390,cpu
Chinese#ZH-Alto-1#Pharyngeal#你就不要想起我#Control_Group#0006,D:\-MindEcho-main\ml_dl_models\gtsinger_multitech\dataset\raw\Chinese\ZH-Alto-1\Pharyngeal\你就不要想起我\Control_Group\0006.wav,Chinese/ZH-Alto-1/Pharyngeal/你就不要想起我/Control_Group/0006.wav,Chinese,ZH-Alto-1,你就不要想起我,Control_Group,0,0,0,0,1,0,1,non_mix,000010,control_negative,0.062957,cpu
Chinese#ZH-Alto-1#Pharyngeal#你就不要想起我#Control_Group#0007,D:\-MindEcho-main\ml_dl_models\gtsinger_multitech\dataset\raw\Chinese\ZH-Alto-1\Pharyngeal\你就不要想起我\Control_Group\0007.wav,Chinese/ZH-Alto-1/Pharyngeal/你就不要想起我/Control_Group/0007.wav,Chinese,ZH-Alto-1,你就不要想起我,Control_Group,0,0,0,0,1,0,1,non_mix,000010,control_negative,0.011155,cpu
Chinese#ZH-Alto-1#Pharyngeal#你就不要想起我#Control_Group#0009,D:\-MindEcho-main\ml_dl_models\gtsinger_multitech\dataset\raw\Chinese\ZH-Alto-1\Pharyngeal\你就不要想起我\Control_Group\0009.wav,Chinese/ZH-Alto-1/Pharyngeal/你就不要想起我/Control_Group/0009.wav,Chinese,ZH-Alto-1,你就不要想起我,Control_Group,0,0,0,0,1,0,1,non_mix,000010,control_negative,0.342968,cpu
Chinese#ZH-Alto-1#Pharyngeal#你就不要想起我#Control_Group#0010,D:\-MindEcho-main\ml_dl_models\gtsinger_multitech\dataset\raw\Chinese\ZH-Alto-1\Pharyngeal\你就不要想起我\Control_Group\0010.wav,Chinese/ZH-Alto-1/Pharyngeal/你就不要想起我/Control_Group/0010.wav,Chinese,ZH-Alto-1,你就不要想起我,Control_Group,0,0,0,0,1,0,1,non_mix,000010,control_negative,0.218244,cpu
Chinese#ZH-Alto-1#Pharyngeal#你就不要想起我#Control_Group#0011,D:\-MindEcho-main\ml_dl_models\gtsinger_multitech\dataset\raw\Chinese\ZH-Alto-1\Pharyngeal\你就不要想起我\Control_Group\0011.wav,Chinese/ZH-Alto-1/Pharyngeal/你就不要想起我/Control_Group/0011.wav,Chinese,ZH-Alto-1,你就不要想起我,Control_Group,0,0,0,0,1,0,1,non_mix,000010,control_negative,0.141896,cpu
Chinese#ZH-Alto-1#Pharyngeal#你就不要想起我#Control_Group#0012,D:\-MindEcho-main\ml_dl_models\gtsinger_multitech\dataset\raw\Chinese\ZH-Alto-1\Pharyngeal\你就不要想起我\Control_Group\0012.wav,Chinese/ZH-Alto-1/Pharyngeal/你就不要想起我/Control_Group/0012.wav,Chinese,ZH-Alto-1,你就不要想起我,Control_Group,0,0,0,0,1,0,1,non_mix,000010,control_negative,0.287607,cpu
Chinese#ZH-Alto-1#Glissando#你给我听好#Control_Group#0001,D:\-MindEcho-main\ml_dl_models\gtsinger_multitech\dataset\raw\Chinese\ZH-Alto-1\Glissando\你给我听好\Control_Group\0001.wav,Chinese/ZH-Alto-1/Glissando/你给我听好/Control_Group/0001.wav,Chinese,ZH-Alto-1,你给我听好,Control_Group,0,0,0,0,1,0,1,non_mix,000010,control_negative,0.294651,cpu
Chinese#ZH-Alto-1#Glissando#你给我听好#Control_Group#0002,D:\-MindEcho-main\ml_dl_models\gtsinger_multitech\dataset\raw\Chinese\ZH-Alto-1\Glissando\你给我听好\Control_Group\0002.wav,Chinese/ZH-Alto-1/Glissando/你给我听好/Control_Group/0002.wav,Chinese,ZH-Alto-1,你给我听好,Control_Group,0,0,0,0,1,0,1,non_mix,000010,control_negative,0.442702,cpu
Chinese#ZH-Alto-1#Glissando#你给我听好#Control_Group#0003,D:\-MindEcho-main\ml_dl_models\gtsinger_multitech\dataset\raw\Chinese\ZH-Alto-1\Glissando\你给我听好\Control_Group\0003.wav,Chinese/ZH-Alto-1/Glissando/你给我听好/Control_Group/0003.wav,Chinese,ZH-Alto-1,你给我听好,Control_Group,0,0,0,0,1,0,1,non_mix,000010,control_negative,0.311699,cpu
Chinese#ZH-Alto-1#Glissando#修炼爱情#Control_Group#0000,D:\-MindEcho-main\ml_dl_models\gtsinger_multitech\dataset\raw\Chinese\ZH-Alto-1\Glissando\修炼爱情\Control_Group\0000.wav,Chinese/ZH-Alto-1/Glissando/修炼爱情/Control_Group/0000.wav,Chinese,ZH-Alto-1,修炼爱情,Control_Group,0,0,0,0,1,0,1,non_mix,000010,control_negative,0.078757,cpu
Chinese#ZH-Alto-1#Glissando#修炼爱情#Control_Group#0011,D:\-MindEcho-main\ml_dl_models\gtsinger_multitech\dataset\raw\Chinese\ZH-Alto-1\Glissando\修炼爱情\Control_Group\0011.wav,Chinese/ZH-Alto-1/Glissando/修炼爱情/Control_Group/0011.wav,Chinese,ZH-Alto-1,修炼爱情,Control_Group,0,0,0,0,1,0,1,non_mix,000010,control_negative,0.106906,cpu
Chinese#ZH-Alto-1#Glissando#修炼爱情#Control_Group#0013,D:\-MindEcho-main\ml_dl_models\gtsinger_multitech\dataset\raw\Chinese\ZH-Alto-1\Glissando\修炼爱情\Control_Group\0013.wav,Chinese/ZH-Alto-1/Glissando/修炼爱情/Control_Group/0013.wav,Chinese,ZH-Alto-1,修炼爱情,Control_Group,0,0,0,0,1,0,1,non_mix,000010,control_negative,0.179406,cpu
Chinese#ZH-Alto-1#Mixed_Voice_and_Falsetto#修炼爱情#Control_Group#0000,D:\-MindEcho-main\ml_dl_models\gtsinger_multitech\dataset\raw\Chinese\ZH-Alto-1\Mixed_Voice_and_Falsetto\修炼爱情\Control_Group\0000.wav,Chinese/ZH-Alto-1/Mixed_Voice_and_Falsetto/修炼爱情/Control_Group/0000.wav,Chinese,ZH-Alto-1,修炼爱情,Control_Group,0,0,0,0,1,0,1,non_mix,000010,control_negative,0.082457,cpu
Chinese#ZH-Alto-1#Mixed_Voice_and_Falsetto#修炼爱情#Control_Group#0001,D:\-MindEcho-main\ml_dl_models\gtsinger_multitech\dataset\raw\Chinese\ZH-Alto-1\Mixed_Voice_and_Falsetto\修炼爱情\Control_Group\0001.wav,Chinese/ZH-Alto-1/Mixed_Voice_and_Falsetto/修炼爱情/Control_Group/0001.wav,Chinese,ZH-Alto-1,修炼爱情,Control_Group,0,0,0,0,1,0,1,non_mix,000010,control_negative,0.116607,cpu
Chinese#ZH-Alto-1#Mixed_Voice_and_Falsetto#修炼爱情#Control_Group#0003,D:\-MindEcho-main\ml_dl_models\gtsinger_multitech\dataset\raw\Chinese\ZH-Alto-1\Mixed_Voice_and_Falsetto\修炼爱情\Control_Group\0003.wav,Chinese/ZH-Alto-1/Mixed_Voice_and_Falsetto/修炼爱情/Control_Group/0003.wav,Chinese,ZH-Alto-1,修炼爱情,Control_Group,0,0,0,0,1,0,1,non_mix,000010,control_negative,0.173088,cpu
Chinese#ZH-Alto-1#Mixed_Voice_and_Falsetto#修炼爱情#Control_Group#0004,D:\-MindEcho-main\ml_dl_models\gtsinger_multitech\dataset\raw\Chinese\ZH-Alto-1\Mixed_Voice_and_Falsetto\修炼爱情\Control_Group\0004.wav,Chinese/ZH-Alto-1/Mixed_Voice_and_Falsetto/修炼爱情/Control_Group/0004.wav,Chinese,ZH-Alto-1,修炼爱情,Control_Group,0,0,0,0,1,0,1,non_mix,000010,control_negative,0.122095,cpu
Chinese#ZH-Alto-1#Mixed_Voice_and_Falsetto#修炼爱情#Control_Group#0005,D:\-MindEcho-main\ml_dl_models\gtsinger_multitech\dataset\raw\Chinese\ZH-Alto-1\Mixed_Voice_and_Falsetto\修炼爱情\Control_Group\0005.wav,Chinese/ZH-Alto-1/Mixed_Voice_and_Falsetto/修炼爱情/Control_Group/0005.wav,Chinese,ZH-Alto-1,修炼爱情,Control_Group,0,0,0,0,1,0,1,non_mix,000010,control_negative,0.256069,cpu
Chinese#ZH-Alto-1#Mixed_Voice_and_Falsetto#修炼爱情#Control_Group#0006,D:\-MindEcho-main\ml_dl_models\gtsinger_multitech\dataset\raw\Chinese\ZH-Alto-1\Mixed_Voice_and_Falsetto\修炼爱情\Control_Group\0006.wav,Chinese/ZH-Alto-1/Mixed_Voice_and_Falsetto/修炼爱情/Control_Group/0006.wav,Chinese,ZH-Alto-1,修炼爱情,Control_Group,0,0,0,0,1,0,1,non_mix,000010,control_negative,0.238794,cpu
Chinese#ZH-Alto-1#Mixed_Voice_and_Falsetto#别找我麻烦#Control_Group#0000,D:\-MindEcho-main\ml_dl_models\gtsinger_multitech\dataset\raw\Chinese\ZH-Alto-1\Mixed_Voice_and_Falsetto\别找我麻烦\Control_Group\0000.wav,Chinese/ZH-Alto-1/Mixed_Voice_and_Falsetto/别找我麻烦/Control_Group/0000.wav,Chinese,ZH-Alto-1,别找我麻烦,Control_Group,0,0,0,0,1,0,1,non_mix,000010,control_negative,0.182886,cpu
Chinese#ZH-Alto-1#Mixed_Voice_and_Falsetto#别找我麻烦#Control_Group#0001,D:\-MindEcho-main\ml_dl_models\gtsinger_multitech\dataset\raw\Chinese\ZH-Alto-1\Mixed_Voice_and_Falsetto\别找我麻烦\Control_Group\0001.wav,Chinese/ZH-Alto-1/Mixed_Voice_and_Falsetto/别找我麻烦/Control_Group/0001.wav,Chinese,ZH-Alto-1,别找我麻烦,Control_Group,0,0,0,0,1,0,1,non_mix,000010,control_negative,0.074464,cpu
Chinese#ZH-Alto-1#Mixed_Voice_and_Falsetto#别找我麻烦#Control_Group#0002,D:\-MindEcho-main\ml_dl_models\gtsinger_multitech\dataset\raw\Chinese\ZH-Alto-1\Mixed_Voice_and_Falsetto\别找我麻烦\Control_Group\0002.wav,Chinese/ZH-Alto-1/Mixed_Voice_and_Falsetto/别找我麻烦/Control_Group/0002.wav,Chinese,ZH-Alto-1,别找我麻烦,Control_Group,0,0,0,0,1,0,1,non_mix,000010,control_negative,0.106528,cpu
Chinese#ZH-Alto-1#Mixed_Voice_and_Falsetto#别找我麻烦#Control_Group#0003,D:\-MindEcho-main\ml_dl_models\gtsinger_multitech\dataset\raw\Chinese\ZH-Alto-1\Mixed_Voice_and_Falsetto\别找我麻烦\Control_Group\0003.wav,Chinese/ZH-Alto-1/Mixed_Voice_and_Falsetto/别找我麻烦/Control_Group/0003.wav,Chinese,ZH-Alto-1,别找我麻烦,Control_Group,0,0,0,0,1,0,1,non_mix,000010,control_negative,0.055110,cpu
Chinese#ZH-Alto-1#Mixed_Voice_and_Falsetto#别找我麻烦#Control_Group#0004,D:\-MindEcho-main\ml_dl_models\gtsinger_multitech\dataset\raw\Chinese\ZH-Alto-1\Mixed_Voice_and_Falsetto\别找我麻烦\Control_Group\0004.wav,Chinese/ZH-Alto-1/Mixed_Voice_and_Falsetto/别找我麻烦/Control_Group/0004.wav,Chinese,ZH-Alto-1,别找我麻烦,Control_Group,0,0,0,0,1,0,1,non_mix,000010,control_negative,0.070377,cpu
Chinese#ZH-Alto-1#Mixed_Voice_and_Falsetto#别找我麻烦#Control_Group#0005,D:\-MindEcho-main\ml_dl_models\gtsinger_multitech\dataset\raw\Chinese\ZH-Alto-1\Mixed_Voice_and_Falsetto\别找我麻烦\Control_Group\0005.wav,Chinese/ZH-Alto-1/Mixed_Voice_and_Falsetto/别找我麻烦/Control_Group/0005.wav,Chinese,ZH-Alto-1,别找我麻烦,Control_Group,0,0,0,0,1,0,1,non_mix,000010,control_negative,0.075329,cpu
Chinese#ZH-Alto-1#Mixed_Voice_and_Falsetto#别找我麻烦#Control_Group#0006,D:\-MindEcho-main\ml_dl_models\gtsinger_multitech\dataset\raw\Chinese\ZH-Alto-1\Mixed_Voice_and_Falsetto\别找我麻烦\Control_Group\0006.wav,Chinese/ZH-Alto-1/Mixed_Voice_and_Falsetto/别找我麻烦/Control_Group/0006.wav,Chinese,ZH-Alto-1,别找我麻烦,Control_Group,0,0,0,0,1,0,1,non_mix,000010,control_negative,0.129155,cpu
Chinese#ZH-Alto-1#Mixed_Voice_and_Falsetto#别找我麻烦#Control_Group#0007,D:\-MindEcho-main\ml_dl_models\gtsinger_multitech\dataset\raw\Chinese\ZH-Alto-1\Mixed_Voice_and_Falsetto\别找我麻烦\Control_Group\0007.wav,Chinese/ZH-Alto-1/Mixed_Voice_and_Falsetto/别找我麻烦/Control_Group/0007.wav,Chinese,ZH-Alto-1,别找我麻烦,Control_Group,0,0,0,0,1,0,1,non_mix,000010,control_negative,0.094344,cpu
Chinese#ZH-Alto-1#Mixed_Voice_and_Falsetto#别找我麻烦#Control_Group#0008,D:\-MindEcho-main\ml_dl_models\gtsinger_multitech\dataset\raw\Chinese\ZH-Alto-1\Mixed_Voice_and_Falsetto\别找我麻烦\Control_Group\0008.wav,Chinese/ZH-Alto-1/Mixed_Voice_and_Falsetto/别找我麻烦/Control_Group/0008.wav,Chinese,ZH-Alto-1,别找我麻烦,Control_Group,0,0,0,0,1,0,1,non_mix,000010,control_negative,0.207983,cpu
Chinese#ZH-Alto-1#Mixed_Voice_and_Falsetto#别找我麻烦#Control_Group#0009,D:\-MindEcho-main\ml_dl_models\gtsinger_multitech\dataset\raw\Chinese\ZH-Alto-1\Mixed_Voice_and_Falsetto\别找我麻烦\Control_Group\0009.wav,Chinese/ZH-Alto-1/Mixed_Voice_and_Falsetto/别找我麻烦/Control_Group/0009.wav,Chinese,ZH-Alto-1,别找我麻烦,Control_Group,0,0,0,0,1,0,1,non_mix,000010,control_negative,0.069416,cpu
Chinese#ZH-Alto-1#Mixed_Voice_and_Falsetto#剑伤#Control_Group#0000,D:\-MindEcho-main\ml_dl_models\gtsinger_multitech\dataset\raw\Chinese\ZH-Alto-1\Mixed_Voice_and_Falsetto\剑伤\Control_Group\0000.wav,Chinese/ZH-Alto-1/Mixed_Voice_and_Falsetto/剑伤/Control_Group/0000.wav,Chinese,ZH-Alto-1,剑伤,Control_Group,0,0,0,0,1,0,1,non_mix,000010,control_negative,0.250456,cpu
Chinese#ZH-Alto-1#Mixed_Voice_and_Falsetto#剑伤#Control_Group#0002,D:\-MindEcho-main\ml_dl_models\gtsinger_multitech\dataset\raw\Chinese\ZH-Alto-1\Mixed_Voice_and_Falsetto\剑伤\Control_Group\0002.wav,Chinese/ZH-Alto-1/Mixed_Voice_and_Falsetto/剑伤/Control_Group/0002.wav,Chinese,ZH-Alto-1,剑伤,Control_Group,0,0,0,0,1,0,1,non_mix,000010,control_negative,0.201006,cpu
Chinese#ZH-Alto-1#Mixed_Voice_and_Falsetto#剑伤#Control_Group#0003,D:\-MindEcho-main\ml_dl_models\gtsinger_multitech\dataset\raw\Chinese\ZH-Alto-1\Mixed_Voice_and_Falsetto\剑伤\Control_Group\0003.wav,Chinese/ZH-Alto-1/Mixed_Voice_and_Falsetto/剑伤/Control_Group/0003.wav,Chinese,ZH-Alto-1,剑伤,Control_Group,0,0,0,0,1,0,1,non_mix,000010,control_negative,0.135900,cpu
Chinese#ZH-Alto-1#Mixed_Voice_and_Falsetto#剑伤#Control_Group#0005,D:\-MindEcho-main\ml_dl_models\gtsinger_multitech\dataset\raw\Chinese\ZH-Alto-1\Mixed_Voice_and_Falsetto\剑伤\Control_Group\0005.wav,Chinese/ZH-Alto-1/Mixed_Voice_and_Falsetto/剑伤/Control_Group/0005.wav,Chinese,ZH-Alto-1,剑伤,Control_Group,0,0,0,0,1,0,1,non_mix,000010,control_negative,0.062407,cpu
Chinese#ZH-Alto-1#Mixed_Voice_and_Falsetto#剑伤#Control_Group#0006,D:\-MindEcho-main\ml_dl_models\gtsinger_multitech\dataset\raw\Chinese\ZH-Alto-1\Mixed_Voice_and_Falsetto\剑伤\Control_Group\0006.wav,Chinese/ZH-Alto-1/Mixed_Voice_and_Falsetto/剑伤/Control_Group/0006.wav,Chinese,ZH-Alto-1,剑伤,Control_Group,0,0,0,0,1,0,1,non_mix,000010,control_negative,0.116854,cpu
Chinese#ZH-Alto-1#Mixed_Voice_and_Falsetto#剑伤#Control_Group#0007,D:\-MindEcho-main\ml_dl_models\gtsinger_multitech\dataset\raw\Chinese\ZH-Alto-1\Mixed_Voice_and_Falsetto\剑伤\Control_Group\0007.wav,Chinese/ZH-Alto-1/Mixed_Voice_and_Falsetto/剑伤/Control_Group/0007.wav,Chinese,ZH-Alto-1,剑伤,Control_Group,0,0,0,0,1,0,1,non_mix,000010,control_negative,0.064062,cpu
Chinese#ZH-Alto-1#Mixed_Voice_and_Falsetto#剑伤#Control_Group#0008,D:\-MindEcho-main\ml_dl_models\gtsinger_multitech\dataset\raw\Chinese\ZH-Alto-1\Mixed_Voice_and_Falsetto\剑伤\Control_Group\0008.wav,Chinese/ZH-Alto-1/Mixed_Voice_and_Falsetto/剑伤/Control_Group/0008.wav,Chinese,ZH-Alto-1,剑伤,Control_Group,0,0,0,0,1,0,1,non_mix,000010,control_negative,0.233485,cpu
Chinese#ZH-Alto-1#Mixed_Voice_and_Falsetto#剑伤#Control_Group#0009,D:\-MindEcho-main\ml_dl_models\gtsinger_multitech\dataset\raw\Chinese\ZH-Alto-1\Mixed_Voice_and_Falsetto\剑伤\Control_Group\0009.wav,Chinese/ZH-Alto-1/Mixed_Voice_and_Falsetto/剑伤/Control_Group/0009.wav,Chinese,ZH-Alto-1,剑伤,Control_Group,0,0,0,0,1,0,1,non_mix,000010,control_negative,0.098760,cpu
Chinese#ZH-Alto-1#Breathy#匆匆那年#Control_Group#0000,D:\-MindEcho-main\ml_dl_models\gtsinger_multitech\dataset\raw\Chinese\ZH-Alto-1\Breathy\匆匆那年\Control_Group\0000.wav,Chinese/ZH-Alto-1/Breathy/匆匆那年/Control_Group/0000.wav,Chinese,ZH-Alto-1,匆匆那年,Control_Group,0,0,0,0,1,0,1,non_mix,000010,control_negative,0.361726,cpu
Chinese#ZH-Alto-1#Breathy#匆匆那年#Control_Group#0002,D:\-MindEcho-main\ml_dl_models\gtsinger_multitech\dataset\raw\Chinese\ZH-Alto-1\Breathy\匆匆那年\Control_Group\0002.wav,Chinese/ZH-Alto-1/Breathy/匆匆那年/Control_Group/0002.wav,Chinese,ZH-Alto-1,匆匆那年,Control_Group,0,0,0,0,1,0,1,non_mix,000010,control_negative,0.172641,cpu
Chinese#ZH-Alto-1#Breathy#匆匆那年#Control_Group#0004,D:\-MindEcho-main\ml_dl_models\gtsinger_multitech\dataset\raw\Chinese\ZH-Alto-1\Breathy\匆匆那年\Control_Group\0004.wav,Chinese/ZH-Alto-1/Breathy/匆匆那年/Control_Group/0004.wav,Chinese,ZH-Alto-1,匆匆那年,Control_Group,0,0,0,0,1,0,1,non_mix,000010,control_negative,0.251642,cpu
Chinese#ZH-Alto-1#Breathy#匆匆那年#Control_Group#0005,D:\-MindEcho-main\ml_dl_models\gtsinger_multitech\dataset\raw\Chinese\ZH-Alto-1\Breathy\匆匆那年\Control_Group\0005.wav,Chinese/ZH-Alto-1/Breathy/匆匆那年/Control_Group/0005.wav,Chinese,ZH-Alto-1,匆匆那年,Control_Group,0,0,0,0,1,0,1,non_mix,000010,control_negative,0.062834,cpu
Chinese#ZH-Alto-1#Breathy#匆匆那年#Control_Group#0006,D:\-MindEcho-main\ml_dl_models\gtsinger_multitech\dataset\raw\Chinese\ZH-Alto-1\Breathy\匆匆那年\Control_Group\0006.wav,Chinese/ZH-Alto-1/Breathy/匆匆那年/Control_Group/0006.wav,Chinese,ZH-Alto-1,匆匆那年,Control_Group,0,0,0,0,1,0,1,non_mix,000010,control_negative,0.472337,cpu
Chinese#ZH-Alto-1#Breathy#匆匆那年#Control_Group#0007,D:\-MindEcho-main\ml_dl_models\gtsinger_multitech\dataset\raw\Chinese\ZH-Alto-1\Breathy\匆匆那年\Control_Group\0007.wav,Chinese/ZH-Alto-1/Breathy/匆匆那年/Control_Group/0007.wav,Chinese,ZH-Alto-1,匆匆那年,Control_Group,0,0,0,0,1,0,1,non_mix,000010,control_negative,0.319907,cpu
Chinese#ZH-Alto-1#Breathy#匆匆那年#Control_Group#0009,D:\-MindEcho-main\ml_dl_models\gtsinger_multitech\dataset\raw\Chinese\ZH-Alto-1\Breathy\匆匆那年\Control_Group\0009.wav,Chinese/ZH-Alto-1/Breathy/匆匆那年/Control_Group/0009.wav,Chinese,ZH-Alto-1,匆匆那年,Control_Group,0,0,0,0,1,0,1,non_mix,000010,control_negative,0.250030,cpu
Chinese#ZH-Alto-1#Breathy#匆匆那年#Control_Group#0010,D:\-MindEcho-main\ml_dl_models\gtsinger_multitech\dataset\raw\Chinese\ZH-Alto-1\Breathy\匆匆那年\Control_Group\0010.wav,Chinese/ZH-Alto-1/Breathy/匆匆那年/Control_Group/0010.wav,Chinese,ZH-Alto-1,匆匆那年,Control_Group,0,0,0,0,1,0,1,non_mix,000010,control_negative,0.406000,cpu
Chinese#ZH-Alto-1#Breathy#匆匆那年#Control_Group#0011,D:\-MindEcho-main\ml_dl_models\gtsinger_multitech\dataset\raw\Chinese\ZH-Alto-1\Breathy\匆匆那年\Control_Group\0011.wav,Chinese/ZH-Alto-1/Breathy/匆匆那年/Control_Group/0011.wav,Chinese,ZH-Alto-1,匆匆那年,Control_Group,0,0,0,0,1,0,1,non_mix,000010,control_negative,0.408228,cpu
Chinese#ZH-Alto-1#Mixed_Voice_and_Falsetto#匆匆那年#Control_Group#0000,D:\-MindEcho-main\ml_dl_models\gtsinger_multitech\dataset\raw\Chinese\ZH-Alto-1\Mixed_Voice_and_Falsetto\匆匆那年\Control_Group\0000.wav,Chinese/ZH-Alto-1/Mixed_Voice_and_Falsetto/匆匆那年/Control_Group/0000.wav,Chinese,ZH-Alto-1,匆匆那年,Control_Group,0,0,0,1,0,0,1,non_mix,000100,control_negative,0.115225,cpu
Chinese#ZH-Alto-1#Mixed_Voice_and_Falsetto#匆匆那年#Control_Group#0001,D:\-MindEcho-main\ml_dl_models\gtsinger_multitech\dataset\raw\Chinese\ZH-Alto-1\Mixed_Voice_and_Falsetto\匆匆那年\Control_Group\0001.wav,Chinese/ZH-Alto-1/Mixed_Voice_and_Falsetto/匆匆那年/Control_Group/0001.wav,Chinese,ZH-Alto-1,匆匆那年,Control_Group,0,0,0,1,0,0,1,non_mix,000100,control_negative,0.106724,cpu
Chinese#ZH-Alto-1#Mixed_Voice_and_Falsetto#匆匆那年#Control_Group#0004,D:\-MindEcho-main\ml_dl_models\gtsinger_multitech\dataset\raw\Chinese\ZH-Alto-1\Mixed_Voice_and_Falsetto\匆匆那年\Control_Group\0004.wav,Chinese/ZH-Alto-1/Mixed_Voice_and_Falsetto/匆匆那年/Control_Group/0004.wav,Chinese,ZH-Alto-1,匆匆那年,Control_Group,0,0,0,0,1,0,1,non_mix,000010,control_negative,0.072639,cpu
Chinese#ZH-Alto-1#Mixed_Voice_and_Falsetto#匆匆那年#Control_Group#0005,D:\-MindEcho-main\ml_dl_models\gtsinger_multitech\dataset\raw\Chinese\ZH-Alto-1\Mixed_Voice_and_Falsetto\匆匆那年\Control_Group\0005.wav,Chinese/ZH-Alto-1/Mixed_Voice_and_Falsetto/匆匆那年/Control_Group/0005.wav,Chinese,ZH-Alto-1,匆匆那年,Control_Group,0,0,0,0,1,0,1,non_mix,000010,control_negative,0.218888,cpu
Chinese#ZH-Alto-1#Mixed_Voice_and_Falsetto#匆匆那年#Control_Group#0006,D:\-MindEcho-main\ml_dl_models\gtsinger_multitech\dataset\raw\Chinese\ZH-Alto-1\Mixed_Voice_and_Falsetto\匆匆那年\Control_Group\0006.wav,Chinese/ZH-Alto-1/Mixed_Voice_and_Falsetto/匆匆那年/Control_Group/0006.wav,Chinese,ZH-Alto-1,匆匆那年,Control_Group,0,0,0,0,1,0,1,non_mix,000010,control_negative,0.171417,cpu
Chinese#ZH-Alto-1#Mixed_Voice_and_Falsetto#匆匆那年#Control_Group#0008,D:\-MindEcho-main\ml_dl_models\gtsinger_multitech\dataset\raw\Chinese\ZH-Alto-1\Mixed_Voice_and_Falsetto\匆匆那年\Control_Group\0008.wav,Chinese/ZH-Alto-1/Mixed_Voice_and_Falsetto/匆匆那年/Control_Group/0008.wav,Chinese,ZH-Alto-1,匆匆那年,Control_Group,0,0,0,1,1,0,1,non_mix,000110,control_negative,0.192632,cpu
Chinese#ZH-Alto-1#Mixed_Voice_and_Falsetto#匆匆那年#Control_Group#0009,D:\-MindEcho-main\ml_dl_models\gtsinger_multitech\dataset\raw\Chinese\ZH-Alto-1\Mixed_Voice_and_Falsetto\匆匆那年\Control_Group\0009.wav,Chinese/ZH-Alto-1/Mixed_Voice_and_Falsetto/匆匆那年/Control_Group/0009.wav,Chinese,ZH-Alto-1,匆匆那年,Control_Group,0,0,0,1,1,0,1,non_mix,000110,control_negative,0.066952,cpu
Chinese#ZH-Alto-1#Mixed_Voice_and_Falsetto#匆匆那年#Control_Group#0010,D:\-MindEcho-main\ml_dl_models\gtsinger_multitech\dataset\raw\Chinese\ZH-Alto-1\Mixed_Voice_and_Falsetto\匆匆那年\Control_Group\0010.wav,Chinese/ZH-Alto-1/Mixed_Voice_and_Falsetto/匆匆那年/Control_Group/0010.wav,Chinese,ZH-Alto-1,匆匆那年,Control_Group,0,0,0,1,0,0,1,non_mix,000100,control_negative,0.042909,cpu
Chinese#ZH-Alto-1#Mixed_Voice_and_Falsetto#匆匆那年#Control_Group#0011,D:\-MindEcho-main\ml_dl_models\gtsinger_multitech\dataset\raw\Chinese\ZH-Alto-1\Mixed_Voice_and_Falsetto\匆匆那年\Control_Group\0011.wav,Chinese/ZH-Alto-1/Mixed_Voice_and_Falsetto/匆匆那年/Control_Group/0011.wav,Chinese,ZH-Alto-1,匆匆那年,Control_Group,0,0,0,1,0,0,1,non_mix,000100,control_negative,0.027832,cpu
Chinese#ZH-Alto-1#Mixed_Voice_and_Falsetto#匆匆那年#Control_Group#0015,D:\-MindEcho-main\ml_dl_models\gtsinger_multitech\dataset\raw\Chinese\ZH-Alto-1\Mixed_Voice_and_Falsetto\匆匆那年\Control_Group\0015.wav,Chinese/ZH-Alto-1/Mixed_Voice_and_Falsetto/匆匆那年/Control_Group/0015.wav,Chinese,ZH-Alto-1,匆匆那年,Control_Group,0,0,0,0,1,0,1,non_mix,000010,control_negative,0.160401,cpu
Chinese#ZH-Alto-1#Mixed_Voice_and_Falsetto#匆匆那年#Control_Group#0017,D:\-MindEcho-main\ml_dl_models\gtsinger_multitech\dataset\raw\Chinese\ZH-Alto-1\Mixed_Voice_and_Falsetto\匆匆那年\Control_Group\0017.wav,Chinese/ZH-Alto-1/Mixed_Voice_and_Falsetto/匆匆那年/Control_Group/0017.wav,Chinese,ZH-Alto-1,匆匆那年,Control_Group,0,0,0,1,0,0,1,non_mix,000100,control_negative,0.023139,cpu
Chinese#ZH-Alto-1#Mixed_Voice_and_Falsetto#匆匆那年#Control_Group#0018,D:\-MindEcho-main\ml_dl_models\gtsinger_multitech\dataset\raw\Chinese\ZH-Alto-1\Mixed_Voice_and_Falsetto\匆匆那年\Control_Group\0018.wav,Chinese/ZH-Alto-1/Mixed_Voice_and_Falsetto/匆匆那年/Control_Group/0018.wav,Chinese,ZH-Alto-1,匆匆那年,Control_Group,0,0,0,0,1,0,1,non_mix,000010,control_negative,0.085377,cpu
Chinese#ZH-Alto-1#Mixed_Voice_and_Falsetto#匆匆那年#Control_Group#0019,D:\-MindEcho-main\ml_dl_models\gtsinger_multitech\dataset\raw\Chinese\ZH-Alto-1\Mixed_Voice_and_Falsetto\匆匆那年\Control_Group\0019.wav,Chinese/ZH-Alto-1/Mixed_Voice_and_Falsetto/匆匆那年/Control_Group/0019.wav,Chinese,ZH-Alto-1,匆匆那年,Control_Group,0,0,0,1,1,0,1,non_mix,000110,control_negative,0.219510,cpu
Chinese#ZH-Alto-1#Mixed_Voice_and_Falsetto#化身孤岛的鲸#Control_Group#0000,D:\-MindEcho-main\ml_dl_models\gtsinger_multitech\dataset\raw\Chinese\ZH-Alto-1\Mixed_Voice_and_Falsetto\化身孤岛的鲸\Control_Group\0000.wav,Chinese/ZH-Alto-1/Mixed_Voice_and_Falsetto/化身孤岛的鲸/Control_Group/0000.wav,Chinese,ZH-Alto-1,化身孤岛的鲸,Control_Group,0,0,0,0,1,0,1,non_mix,000010,control_negative,0.156477,cpu
Chinese#ZH-Alto-1#Mixed_Voice_and_Falsetto#化身孤岛的鲸#Control_Group#0001,D:\-MindEcho-main\ml_dl_models\gtsinger_multitech\dataset\raw\Chinese\ZH-Alto-1\Mixed_Voice_and_Falsetto\化身孤岛的鲸\Control_Group\0001.wav,Chinese/ZH-Alto-1/Mixed_Voice_and_Falsetto/化身孤岛的鲸/Control_Group/0001.wav,Chinese,ZH-Alto-1,化身孤岛的鲸,Control_Group,0,0,0,0,1,0,1,non_mix,000010,control_negative,0.067130,cpu
Chinese#ZH-Alto-1#Mixed_Voice_and_Falsetto#化身孤岛的鲸#Control_Group#0002,D:\-MindEcho-main\ml_dl_models\gtsinger_multitech\dataset\raw\Chinese\ZH-Alto-1\Mixed_Voice_and_Falsetto\化身孤岛的鲸\Control_Group\0002.wav,Chinese/ZH-Alto-1/Mixed_Voice_and_Falsetto/化身孤岛的鲸/Control_Group/0002.wav,Chinese,ZH-Alto-1,化身孤岛的鲸,Control_Group,0,0,0,0,1,0,1,non_mix,000010,control_negative,0.142913,cpu
Chinese#ZH-Alto-1#Mixed_Voice_and_Falsetto#化身孤岛的鲸#Control_Group#0003,D:\-MindEcho-main\ml_dl_models\gtsinger_multitech\dataset\raw\Chinese\ZH-Alto-1\Mixed_Voice_and_Falsetto\化身孤岛的鲸\Control_Group\0003.wav,Chinese/ZH-Alto-1/Mixed_Voice_and_Falsetto/化身孤岛的鲸/Control_Group/0003.wav,Chinese,ZH-Alto-1,化身孤岛的鲸,Control_Group,0,0,0,0,1,0,1,non_mix,000010,control_negative,0.111299,cpu
Chinese#ZH-Alto-1#Mixed_Voice_and_Falsetto#化身孤岛的鲸#Control_Group#0004,D:\-MindEcho-main\ml_dl_models\gtsinger_multitech\dataset\raw\Chinese\ZH-Alto-1\Mixed_Voice_and_Falsetto\化身孤岛的鲸\Control_Group\0004.wav,Chinese/ZH-Alto-1/Mixed_Voice_and_Falsetto/化身孤岛的鲸/Control_Group/0004.wav,Chinese,ZH-Alto-1,化身孤岛的鲸,Control_Group,0,0,0,0,1,0,1,non_mix,000010,control_negative,0.078819,cpu
Chinese#ZH-Alto-1#Mixed_Voice_and_Falsetto#化身孤岛的鲸#Control_Group#0005,D:\-MindEcho-main\ml_dl_models\gtsinger_multitech\dataset\raw\Chinese\ZH-Alto-1\Mixed_Voice_and_Falsetto\化身孤岛的鲸\Control_Group\0005.wav,Chinese/ZH-Alto-1/Mixed_Voice_and_Falsetto/化身孤岛的鲸/Control_Group/0005.wav,Chinese,ZH-Alto-1,化身孤岛的鲸,Control_Group,0,0,0,0,1,0,1,non_mix,000010,control_negative,0.104529,cpu
Chinese#ZH-Alto-1#Mixed_Voice_and_Falsetto#化身孤岛的鲸#Control_Group#0006,D:\-MindEcho-main\ml_dl_models\gtsinger_multitech\dataset\raw\Chinese\ZH-Alto-1\Mixed_Voice_and_Falsetto\化身孤岛的鲸\Control_Group\0006.wav,Chinese/ZH-Alto-1/Mixed_Voice_and_Falsetto/化身孤岛的鲸/Control_Group/0006.wav,Chinese,ZH-Alto-1,化身孤岛的鲸,Control_Group,0,0,0,0,1,0,1,non_mix,000010,control_negative,0.192712,cpu
Chinese#ZH-Alto-1#Mixed_Voice_and_Falsetto#化身孤岛的鲸#Control_Group#0008,D:\-MindEcho-main\ml_dl_models\gtsinger_multitech\dataset\raw\Chinese\ZH-Alto-1\Mixed_Voice_and_Falsetto\化身孤岛的鲸\Control_Group\0008.wav,Chinese/ZH-Alto-1/Mixed_Voice_and_Falsetto/化身孤岛的鲸/Control_Group/0008.wav,Chinese,ZH-Alto-1,化身孤岛的鲸,Control_Group,0,0,0,0,1,0,1,non_mix,000010,control_negative,0.332534,cpu
Chinese#ZH-Alto-1#Mixed_Voice_and_Falsetto#化身孤岛的鲸#Control_Group#0009,D:\-MindEcho-main\ml_dl_models\gtsinger_multitech\dataset\raw\Chinese\ZH-Alto-1\Mixed_Voice_and_Falsetto\化身孤岛的鲸\Control_Group\0009.wav,Chinese/ZH-Alto-1/Mixed_Voice_and_Falsetto/化身孤岛的鲸/Control_Group/0009.wav,Chinese,ZH-Alto-1,化身孤岛的鲸,Control_Group,0,0,0,0,1,0,1,non_mix,000010,control_negative,0.117681,cpu
Chinese#ZH-Alto-1#Mixed_Voice_and_Falsetto#化身孤岛的鲸#Control_Group#0010,D:\-MindEcho-main\ml_dl_models\gtsinger_multitech\dataset\raw\Chinese\ZH-Alto-1\Mixed_Voice_and_Falsetto\化身孤岛的鲸\Control_Group\0010.wav,Chinese/ZH-Alto-1/Mixed_Voice_and_Falsetto/化身孤岛的鲸/Control_Group/0010.wav,Chinese,ZH-Alto-1,化身孤岛的鲸,Control_Group,0,0,0,0,1,0,1,non_mix,000010,control_negative,0.091066,cpu
Chinese#ZH-Alto-1#Mixed_Voice_and_Falsetto#化身孤岛的鲸#Control_Group#0011,D:\-MindEcho-main\ml_dl_models\gtsinger_multitech\dataset\raw\Chinese\ZH-Alto-1\Mixed_Voice_and_Falsetto\化身孤岛的鲸\Control_Group\0011.wav,Chinese/ZH-Alto-1/Mixed_Voice_and_Falsetto/化身孤岛的鲸/Control_Group/0011.wav,Chinese,ZH-Alto-1,化身孤岛的鲸,Control_Group,0,0,0,0,1,0,1,non_mix,000010,control_negative,0.114412,cpu
Chinese#ZH-Alto-1#Mixed_Voice_and_Falsetto#化身孤岛的鲸#Control_Group#0013,D:\-MindEcho-main\ml_dl_models\gtsinger_multitech\dataset\raw\Chinese\ZH-Alto-1\Mixed_Voice_and_Falsetto\化身孤岛的鲸\Control_Group\0013.wav,Chinese/ZH-Alto-1/Mixed_Voice_and_Falsetto/化身孤岛的鲸/Control_Group/0013.wav,Chinese,ZH-Alto-1,化身孤岛的鲸,Control_Group,0,0,0,0,1,0,1,non_mix,000010,control_negative,0.053236,cpu
Chinese#ZH-Alto-1#Mixed_Voice_and_Falsetto#化身孤岛的鲸#Control_Group#0014,D:\-MindEcho-main\ml_dl_models\gtsinger_multitech\dataset\raw\Chinese\ZH-Alto-1\Mixed_Voice_and_Falsetto\化身孤岛的鲸\Control_Group\0014.wav,Chinese/ZH-Alto-1/Mixed_Voice_and_Falsetto/化身孤岛的鲸/Control_Group/0014.wav,Chinese,ZH-Alto-1,化身孤岛的鲸,Control_Group,0,0,0,0,1,0,1,non_mix,000010,control_negative,0.176262,cpu
Chinese#ZH-Alto-1#Mixed_Voice_and_Falsetto#化身孤岛的鲸#Control_Group#0016,D:\-MindEcho-main\ml_dl_models\gtsinger_multitech\dataset\raw\Chinese\ZH-Alto-1\Mixed_Voice_and_Falsetto\化身孤岛的鲸\Control_Group\0016.wav,Chinese/ZH-Alto-1/Mixed_Voice_and_Falsetto/化身孤岛的鲸/Control_Group/0016.wav,Chinese,ZH-Alto-1,化身孤岛的鲸,Control_Group,0,0,0,0,1,0,1,non_mix,000010,control_negative,0.334072,cpu
Chinese#ZH-Alto-1#Mixed_Voice_and_Falsetto#化身孤岛的鲸#Control_Group#0017,D:\-MindEcho-main\ml_dl_models\gtsinger_multitech\dataset\raw\Chinese\ZH-Alto-1\Mixed_Voice_and_Falsetto\化身孤岛的鲸\Control_Group\0017.wav,Chinese/ZH-Alto-1/Mixed_Voice_and_Falsetto/化身孤岛的鲸/Control_Group/0017.wav,Chinese,ZH-Alto-1,化身孤岛的鲸,Control_Group,0,0,0,0,1,0,1,non_mix,000010,control_negative,0.254133,cpu
Chinese#ZH-Alto-1#Mixed_Voice_and_Falsetto#化身孤岛的鲸#Control_Group#0018,D:\-MindEcho-main\ml_dl_models\gtsinger_multitech\dataset\raw\Chinese\ZH-Alto-1\Mixed_Voice_and_Falsetto\化身孤岛的鲸\Control_Group\0018.wav,Chinese/ZH-Alto-1/Mixed_Voice_and_Falsetto/化身孤岛的鲸/Control_Group/0018.wav,Chinese,ZH-Alto-1,化身孤岛的鲸,Control_Group,0,0,0,0,1,0,1,non_mix,000010,control_negative,0.350668,cpu
Chinese#ZH-Alto-1#Mixed_Voice_and_Falsetto#化身孤岛的鲸#Control_Group#0019,D:\-MindEcho-main\ml_dl_models\gtsinger_multitech\dataset\raw\Chinese\ZH-Alto-1\Mixed_Voice_and_Falsetto\化身孤岛的鲸\Control_Group\0019.wav,Chinese/ZH-Alto-1/Mixed_Voice_and_Falsetto/化身孤岛的鲸/Control_Group/0019.wav,Chinese,ZH-Alto-1,化身孤岛的鲸,Control_Group,0,0,0,0,1,0,1,non_mix,000010,control_negative,0.196956,cpu
Chinese#ZH-Alto-1#Mixed_Voice_and_Falsetto#化身孤岛的鲸#Control_Group#0020,D:\-MindEcho-main\ml_dl_models\gtsinger_multitech\dataset\raw\Chinese\ZH-Alto-1\Mixed_Voice_and_Falsetto\化身孤岛的鲸\Control_Group\0020.wav,Chinese/ZH-Alto-1/Mixed_Voice_and_Falsetto/化身孤岛的鲸/Control_Group/0020.wav,Chinese,ZH-Alto-1,化身孤岛的鲸,Control_Group,0,0,0,0,1,0,1,non_mix,000010,control_negative,0.044053,cpu
Chinese#ZH-Alto-1#Glissando#十年#Control_Group#0000,D:\-MindEcho-main\ml_dl_models\gtsinger_multitech\dataset\raw\Chinese\ZH-Alto-1\Glissando\十年\Control_Group\0000.wav,Chinese/ZH-Alto-1/Glissando/十年/Control_Group/0000.wav,Chinese,ZH-Alto-1,十年,Control_Group,0,0,0,0,1,0,1,non_mix,000010,control_negative,0.121560,cpu
Chinese#ZH-Alto-1#Glissando#十年#Control_Group#0005,D:\-MindEcho-main\ml_dl_models\gtsinger_multitech\dataset\raw\Chinese\ZH-Alto-1\Glissando\十年\Control_Group\0005.wav,Chinese/ZH-Alto-1/Glissando/十年/Control_Group/0005.wav,Chinese,ZH-Alto-1,十年,Control_Group,0,0,0,0,1,0,1,non_mix,000010,control_negative,0.232333,cpu
Chinese#ZH-Alto-1#Glissando#十年#Control_Group#0006,D:\-MindEcho-main\ml_dl_models\gtsinger_multitech\dataset\raw\Chinese\ZH-Alto-1\Glissando\十年\Control_Group\0006.wav,Chinese/ZH-Alto-1/Glissando/十年/Control_Group/0006.wav,Chinese,ZH-Alto-1,十年,Control_Group,0,0,0,0,1,0,1,non_mix,000010,control_negative,0.080078,cpu
Chinese#ZH-Alto-1#Mixed_Voice_and_Falsetto#十年#Control_Group#0000,D:\-MindEcho-main\ml_dl_models\gtsinger_multitech\dataset\raw\Chinese\ZH-Alto-1\Mixed_Voice_and_Falsetto\十年\Control_Group\0000.wav,Chinese/ZH-Alto-1/Mixed_Voice_and_Falsetto/十年/Control_Group/0000.wav,Chinese,ZH-Alto-1,十年,Control_Group,0,0,0,0,1,0,1,non_mix,000010,control_negative,0.213143,cpu
Chinese#ZH-Alto-1#Mixed_Voice_and_Falsetto#十年#Control_Group#0001,D:\-MindEcho-main\ml_dl_models\gtsinger_multitech\dataset\raw\Chinese\ZH-Alto-1\Mixed_Voice_and_Falsetto\十年\Control_Group\0001.wav,Chinese/ZH-Alto-1/Mixed_Voice_and_Falsetto/十年/Control_Group/0001.wav,Chinese,ZH-Alto-1,十年,Control_Group,0,0,0,0,1,0,1,non_mix,000010,control_negative,0.193518,cpu
Chinese#ZH-Alto-1#Mixed_Voice_and_Falsetto#十年#Control_Group#0002,D:\-MindEcho-main\ml_dl_models\gtsinger_multitech\dataset\raw\Chinese\ZH-Alto-1\Mixed_Voice_and_Falsetto\十年\Control_Group\0002.wav,Chinese/ZH-Alto-1/Mixed_Voice_and_Falsetto/十年/Control_Group/0002.wav,Chinese,ZH-Alto-1,十年,Control_Group,0,0,0,0,1,0,1,non_mix,000010,control_negative,0.057246,cpu
Chinese#ZH-Alto-1#Mixed_Voice_and_Falsetto#十年#Control_Group#0003,D:\-MindEcho-main\ml_dl_models\gtsinger_multitech\dataset\raw\Chinese\ZH-Alto-1\Mixed_Voice_and_Falsetto\十年\Control_Group\0003.wav,Chinese/ZH-Alto-1/Mixed_Voice_and_Falsetto/十年/Control_Group/0003.wav,Chinese,ZH-Alto-1,十年,Control_Group,0,0,0,0,1,0,1,non_mix,000010,control_negative,0.162252,cpu
Chinese#ZH-Alto-1#Vibrato#南屏晚钟#Control_Group#0000,D:\-MindEcho-main\ml_dl_models\gtsinger_multitech\dataset\raw\Chinese\ZH-Alto-1\Vibrato\南屏晚钟\Control_Group\0000.wav,Chinese/ZH-Alto-1/Vibrato/南屏晚钟/Control_Group/0000.wav,Chinese,ZH-Alto-1,南屏晚钟,Control_Group,0,0,1,0,1,0,1,non_mix,001010,control_negative,0.069283,cpu
Chinese#ZH-Alto-1#Vibrato#南屏晚钟#Control_Group#0001,D:\-MindEcho-main\ml_dl_models\gtsinger_multitech\dataset\raw\Chinese\ZH-Alto-1\Vibrato\南屏晚钟\Control_Group\0001.wav,Chinese/ZH-Alto-1/Vibrato/南屏晚钟/Control_Group/0001.wav,Chinese,ZH-Alto-1,南屏晚钟,Control_Group,0,0,0,0,1,0,1,non_mix,000010,control_negative,0.081036,cpu
Chinese#ZH-Alto-1#Vibrato#南屏晚钟#Control_Group#0003,D:\-MindEcho-main\ml_dl_models\gtsinger_multitech\dataset\raw\Chinese\ZH-Alto-1\Vibrato\南屏晚钟\Control_Group\0003.wav,Chinese/ZH-Alto-1/Vibrato/南屏晚钟/Control_Group/0003.wav,Chinese,ZH-Alto-1,南屏晚钟,Control_Group,0,0,0,0,1,0,1,non_mix,000010,control_negative,0.192195,cpu
Chinese#ZH-Alto-1#Vibrato#南屏晚钟#Control_Group#0004,D:\-MindEcho-main\ml_dl_models\gtsinger_multitech\dataset\raw\Chinese\ZH-Alto-1\Vibrato\南屏晚钟\Control_Group\0004.wav,Chinese/ZH-Alto-1/Vibrato/南屏晚钟/Control_Group/0004.wav,Chinese,ZH-Alto-1,南屏晚钟,Control_Group,0,0,0,0,1,0,1,non_mix,000010,control_negative,0.090826,cpu
Chinese#ZH-Alto-1#Vibrato#南屏晚钟#Control_Group#0005,D:\-MindEcho-main\ml_dl_models\gtsinger_multitech\dataset\raw\Chinese\ZH-Alto-1\Vibrato\南屏晚钟\Control_Group\0005.wav,Chinese/ZH-Alto-1/Vibrato/南屏晚钟/Control_Group/0005.wav,Chinese,ZH-Alto-1,南屏晚钟,Control_Group,0,0,0,0,1,0,1,non_mix,000010,control_negative,0.024078,cpu
Chinese#ZH-Alto-1#Vibrato#南屏晚钟#Control_Group#0006,D:\-MindEcho-main\ml_dl_models\gtsinger_multitech\dataset\raw\Chinese\ZH-Alto-1\Vibrato\南屏晚钟\Control_Group\0006.wav,Chinese/ZH-Alto-1/Vibrato/南屏晚钟/Control_Group/0006.wav,Chinese,ZH-Alto-1,南屏晚钟,Control_Group,0,0,0,0,1,0,1,non_mix,000010,control_negative,0.033226,cpu
Chinese#ZH-Alto-1#Vibrato#南屏晚钟#Control_Group#0007,D:\-MindEcho-main\ml_dl_models\gtsinger_multitech\dataset\raw\Chinese\ZH-Alto-1\Vibrato\南屏晚钟\Control_Group\0007.wav,Chinese/ZH-Alto-1/Vibrato/南屏晚钟/Control_Group/0007.wav,Chinese,ZH-Alto-1,南屏晚钟,Control_Group,0,0,0,0,1,0,1,non_mix,000010,control_negative,0.030481,cpu
Chinese#ZH-Alto-1#Vibrato#南屏晚钟#Control_Group#0008,D:\-MindEcho-main\ml_dl_models\gtsinger_multitech\dataset\raw\Chinese\ZH-Alto-1\Vibrato\南屏晚钟\Control_Group\0008.wav,Chinese/ZH-Alto-1/Vibrato/南屏晚钟/Control_Group/0008.wav,Chinese,ZH-Alto-1,南屏晚钟,Control_Group,0,0,0,1,1,0,1,non_mix,000110,control_negative,0.107474,cpu
Chinese#ZH-Alto-1#Mixed_Voice_and_Falsetto#南山南#Control_Group#0000,D:\-MindEcho-main\ml_dl_models\gtsinger_multitech\dataset\raw\Chinese\ZH-Alto-1\Mixed_Voice_and_Falsetto\南山南\Control_Group\0000.wav,Chinese/ZH-Alto-1/Mixed_Voice_and_Falsetto/南山南/Control_Group/0000.wav,Chinese,ZH-Alto-1,南山南,Control_Group,0,0,0,0,1,0,1,non_mix,000010,control_negative,0.316884,cpu
Chinese#ZH-Alto-1#Mixed_Voice_and_Falsetto#南山南#Control_Group#0001,D:\-MindEcho-main\ml_dl_models\gtsinger_multitech\dataset\raw\Chinese\ZH-Alto-1\Mixed_Voice_and_Falsetto\南山南\Control_Group\0001.wav,Chinese/ZH-Alto-1/Mixed_Voice_and_Falsetto/南山南/Control_Group/0001.wav,Chinese,ZH-Alto-1,南山南,Control_Group,0,0,0,1,1,0,1,non_mix,000110,control_negative,0.505355,cpu
Chinese#ZH-Alto-1#Mixed_Voice_and_Falsetto#南山南#Control_Group#0002,D:\-MindEcho-main\ml_dl_models\gtsinger_multitech\dataset\raw\Chinese\ZH-Alto-1\Mixed_Voice_and_Falsetto\南山南\Control_Group\0002.wav,Chinese/ZH-Alto-1/Mixed_Voice_and_Falsetto/南山南/Control_Group/0002.wav,Chinese,ZH-Alto-1,南山南,Control_Group,0,0,0,1,1,0,1,non_mix,000110,control_negative,0.199272,cpu
Chinese#ZH-Alto-1#Vibrato#南山南#Control_Group#0000,D:\-MindEcho-main\ml_dl_models\gtsinger_multitech\dataset\raw\Chinese\ZH-Alto-1\Vibrato\南山南\Control_Group\0000.wav,Chinese/ZH-Alto-1/Vibrato/南山南/Control_Group/0000.wav,Chinese,ZH-Alto-1,南山南,Control_Group,0,0,0,0,1,0,1,non_mix,000010,control_negative,0.196537,cpu
Chinese#ZH-Alto-1#Vibrato#南山南#Control_Group#0004,D:\-MindEcho-main\ml_dl_models\gtsinger_multitech\dataset\raw\Chinese\ZH-Alto-1\Vibrato\南山南\Control_Group\0004.wav,Chinese/ZH-Alto-1/Vibrato/南山南/Control_Group/0004.wav,Chinese,ZH-Alto-1,南山南,Control_Group,0,0,0,0,1,0,1,non_mix,000010,control_negative,0.584127,cpu
Chinese#ZH-Alto-1#Vibrato#南山南#Control_Group#0005,D:\-MindEcho-main\ml_dl_models\gtsinger_multitech\dataset\raw\Chinese\ZH-Alto-1\Vibrato\南山南\Control_Group\0005.wav,Chinese/ZH-Alto-1/Vibrato/南山南/Control_Group/0005.wav,Chinese,ZH-Alto-1,南山南,Control_Group,0,0,0,0,1,0,1,non_mix,000010,control_negative,0.335679,cpu
Chinese#ZH-Alto-1#Vibrato#南山南#Control_Group#0006,D:\-MindEcho-main\ml_dl_models\gtsinger_multitech\dataset\raw\Chinese\ZH-Alto-1\Vibrato\南山南\Control_Group\0006.wav,Chinese/ZH-Alto-1/Vibrato/南山南/Control_Group/0006.wav,Chinese,ZH-Alto-1,南山南,Control_Group,0,0,0,0,1,0,1,non_mix,000010,control_negative,0.444477,cpu
Chinese#ZH-Alto-1#Vibrato#南山南#Control_Group#0008,D:\-MindEcho-main\ml_dl_models\gtsinger_multitech\dataset\raw\Chinese\ZH-Alto-1\Vibrato\南山南\Control_Group\0008.wav,Chinese/ZH-Alto-1/Vibrato/南山南/Control_Group/0008.wav,Chinese,ZH-Alto-1,南山南,Control_Group,0,0,0,0,1,0,1,non_mix,000010,control_negative,0.286324,cpu
Chinese#ZH-Alto-1#Vibrato#南山南#Control_Group#0009,D:\-MindEcho-main\ml_dl_models\gtsinger_multitech\dataset\raw\Chinese\ZH-Alto-1\Vibrato\南山南\Control_Group\0009.wav,Chinese/ZH-Alto-1/Vibrato/南山南/Control_Group/0009.wav,Chinese,ZH-Alto-1,南山南,Control_Group,0,0,0,0,1,0,1,non_mix,000010,control_negative,0.112253,cpu
Chinese#ZH-Alto-1#Vibrato#南山南#Control_Group#0011,D:\-MindEcho-main\ml_dl_models\gtsinger_multitech\dataset\raw\Chinese\ZH-Alto-1\Vibrato\南山南\Control_Group\0011.wav,Chinese/ZH-Alto-1/Vibrato/南山南/Control_Group/0011.wav,Chinese,ZH-Alto-1,南山南,Control_Group,0,0,0,0,1,0,1,non_mix,000010,control_negative,0.401044,cpu
Chinese#ZH-Alto-1#Vibrato#南山南#Control_Group#0012,D:\-MindEcho-main\ml_dl_models\gtsinger_multitech\dataset\raw\Chinese\ZH-Alto-1\Vibrato\南山南\Control_Group\0012.wav,Chinese/ZH-Alto-1/Vibrato/南山南/Control_Group/0012.wav,Chinese,ZH-Alto-1,南山南,Control_Group,0,0,0,0,1,0,1,non_mix,000010,control_negative,0.254453,cpu
Chinese#ZH-Alto-1#Vibrato#南山南#Control_Group#0013,D:\-MindEcho-main\ml_dl_models\gtsinger_multitech\dataset\raw\Chinese\ZH-Alto-1\Vibrato\南山南\Control_Group\0013.wav,Chinese/ZH-Alto-1/Vibrato/南山南/Control_Group/0013.wav,Chinese,ZH-Alto-1,南山南,Control_Group,0,0,0,0,1,0,1,non_mix,000010,control_negative,0.309521,cpu
Chinese#ZH-Alto-1#Breathy#可乐#Control_Group#0000,D:\-MindEcho-main\ml_dl_models\gtsinger_multitech\dataset\raw\Chinese\ZH-Alto-1\Breathy\可乐\Control_Group\0000.wav,Chinese/ZH-Alto-1/Breathy/可乐/Control_Group/0000.wav,Chinese,ZH-Alto-1,可乐,Control_Group,0,0,0,0,1,0,1,non_mix,000010,control_negative,0.158817,cpu
Chinese#ZH-Alto-1#Breathy#可乐#Control_Group#0001,D:\-MindEcho-main\ml_dl_models\gtsinger_multitech\dataset\raw\Chinese\ZH-Alto-1\Breathy\可乐\Control_Group\0001.wav,Chinese/ZH-Alto-1/Breathy/可乐/Control_Group/0001.wav,Chinese,ZH-Alto-1,可乐,Control_Group,0,0,0,0,1,0,1,non_mix,000010,control_negative,0.188167,cpu
Chinese#ZH-Alto-1#Breathy#可乐#Control_Group#0002,D:\-MindEcho-main\ml_dl_models\gtsinger_multitech\dataset\raw\Chinese\ZH-Alto-1\Breathy\可乐\Control_Group\0002.wav,Chinese/ZH-Alto-1/Breathy/可乐/Control_Group/0002.wav,Chinese,ZH-Alto-1,可乐,Control_Group,0,0,0,0,1,0,1,non_mix,000010,control_negative,0.101719,cpu
Chinese#ZH-Alto-1#Breathy#可乐#Control_Group#0003,D:\-MindEcho-main\ml_dl_models\gtsinger_multitech\dataset\raw\Chinese\ZH-Alto-1\Breathy\可乐\Control_Group\0003.wav,Chinese/ZH-Alto-1/Breathy/可乐/Control_Group/0003.wav,Chinese,ZH-Alto-1,可乐,Control_Group,0,0,0,0,1,0,1,non_mix,000010,control_negative,0.386195,cpu
Chinese#ZH-Alto-1#Breathy#可乐#Control_Group#0004,D:\-MindEcho-main\ml_dl_models\gtsinger_multitech\dataset\raw\Chinese\ZH-Alto-1\Breathy\可乐\Control_Group\0004.wav,Chinese/ZH-Alto-1/Breathy/可乐/Control_Group/0004.wav,Chinese,ZH-Alto-1,可乐,Control_Group,0,0,0,0,1,0,1,non_mix,000010,control_negative,0.254074,cpu
Chinese#ZH-Alto-1#Breathy#可乐#Control_Group#0006,D:\-MindEcho-main\ml_dl_models\gtsinger_multitech\dataset\raw\Chinese\ZH-Alto-1\Breathy\可乐\Control_Group\0006.wav,Chinese/ZH-Alto-1/Breathy/可乐/Control_Group/0006.wav,Chinese,ZH-Alto-1,可乐,Control_Group,0,0,0,0,1,0,1,non_mix,000010,control_negative,0.394327,cpu
Chinese#ZH-Alto-1#Breathy#可乐#Control_Group#0008,D:\-MindEcho-main\ml_dl_models\gtsinger_multitech\dataset\raw\Chinese\ZH-Alto-1\Breathy\可乐\Control_Group\0008.wav,Chinese/ZH-Alto-1/Breathy/可乐/Control_Group/0008.wav,Chinese,ZH-Alto-1,可乐,Control_Group,0,0,0,0,1,0,1,non_mix,000010,control_negative,0.212140,cpu
Chinese#ZH-Alto-1#Breathy#可乐#Control_Group#0010,D:\-MindEcho-main\ml_dl_models\gtsinger_multitech\dataset\raw\Chinese\ZH-Alto-1\Breathy\可乐\Control_Group\0010.wav,Chinese/ZH-Alto-1/Breathy/可乐/Control_Group/0010.wav,Chinese,ZH-Alto-1,可乐,Control_Group,0,0,0,0,1,0,1,non_mix,000010,control_negative,0.313429,cpu
Chinese#ZH-Alto-1#Breathy#可乐#Control_Group#0012,D:\-MindEcho-main\ml_dl_models\gtsinger_multitech\dataset\raw\Chinese\ZH-Alto-1\Breathy\可乐\Control_Group\0012.wav,Chinese/ZH-Alto-1/Breathy/可乐/Control_Group/0012.wav,Chinese,ZH-Alto-1,可乐,Control_Group,0,0,0,0,1,0,1,non_mix,000010,control_negative,0.479080,cpu
Chinese#ZH-Alto-1#Breathy#可乐#Control_Group#0013,D:\-MindEcho-main\ml_dl_models\gtsinger_multitech\dataset\raw\Chinese\ZH-Alto-1\Breathy\可乐\Control_Group\0013.wav,Chinese/ZH-Alto-1/Breathy/可乐/Control_Group/0013.wav,Chinese,ZH-Alto-1,可乐,Control_Group,0,0,0,0,1,0,1,non_mix,000010,control_negative,0.622867,cpu
Chinese#ZH-Alto-1#Breathy#可乐#Control_Group#0014,D:\-MindEcho-main\ml_dl_models\gtsinger_multitech\dataset\raw\Chinese\ZH-Alto-1\Breathy\可乐\Control_Group\0014.wav,Chinese/ZH-Alto-1/Breathy/可乐/Control_Group/0014.wav,Chinese,ZH-Alto-1,可乐,Control_Group,0,0,0,0,1,0,1,non_mix,000010,control_negative,0.275375,cpu
Chinese#ZH-Alto-1#Breathy#可乐#Control_Group#0015,D:\-MindEcho-main\ml_dl_models\gtsinger_multitech\dataset\raw\Chinese\ZH-Alto-1\Breathy\可乐\Control_Group\0015.wav,Chinese/ZH-Alto-1/Breathy/可乐/Control_Group/0015.wav,Chinese,ZH-Alto-1,可乐,Control_Group,0,0,0,0,1,0,1,non_mix,000010,control_negative,0.609841,cpu
Chinese#ZH-Alto-1#Mixed_Voice_and_Falsetto#可乐#Control_Group#0001,D:\-MindEcho-main\ml_dl_models\gtsinger_multitech\dataset\raw\Chinese\ZH-Alto-1\Mixed_Voice_and_Falsetto\可乐\Control_Group\0001.wav,Chinese/ZH-Alto-1/Mixed_Voice_and_Falsetto/可乐/Control_Group/0001.wav,Chinese,ZH-Alto-1,可乐,Control_Group,0,0,0,0,1,0,1,non_mix,000010,control_negative,0.423254,cpu
Chinese#ZH-Alto-1#Mixed_Voice_and_Falsetto#可乐#Control_Group#0004,D:\-MindEcho-main\ml_dl_models\gtsinger_multitech\dataset\raw\Chinese\ZH-Alto-1\Mixed_Voice_and_Falsetto\可乐\Control_Group\0004.wav,Chinese/ZH-Alto-1/Mixed_Voice_and_Falsetto/可乐/Control_Group/0004.wav,Chinese,ZH-Alto-1,可乐,Control_Group,0,0,0,0,1,0,1,non_mix,000010,control_negative,0.269213,cpu
Chinese#ZH-Alto-1#Mixed_Voice_and_Falsetto#可乐#Control_Group#0005,D:\-MindEcho-main\ml_dl_models\gtsinger_multitech\dataset\raw\Chinese\ZH-Alto-1\Mixed_Voice_and_Falsetto\可乐\Control_Group\0005.wav,Chinese/ZH-Alto-1/Mixed_Voice_and_Falsetto/可乐/Control_Group/0005.wav,Chinese,ZH-Alto-1,可乐,Control_Group,0,0,0,0,1,0,1,non_mix,000010,control_negative,0.466648,cpu
Chinese#ZH-Alto-1#Mixed_Voice_and_Falsetto#可乐#Control_Group#0006,D:\-MindEcho-main\ml_dl_models\gtsinger_multitech\dataset\raw\Chinese\ZH-Alto-1\Mixed_Voice_and_Falsetto\可乐\Control_Group\0006.wav,Chinese/ZH-Alto-1/Mixed_Voice_and_Falsetto/可乐/Control_Group/0006.wav,Chinese,ZH-Alto-1,可乐,Control_Group,0,0,0,0,1,0,1,non_mix,000010,control_negative,0.350508,cpu
Chinese#ZH-Alto-1#Mixed_Voice_and_Falsetto#可乐#Control_Group#0007,D:\-MindEcho-main\ml_dl_models\gtsinger_multitech\dataset\raw\Chinese\ZH-Alto-1\Mixed_Voice_and_Falsetto\可乐\Control_Group\0007.wav,Chinese/ZH-Alto-1/Mixed_Voice_and_Falsetto/可乐/Control_Group/0007.wav,Chinese,ZH-Alto-1,可乐,Control_Group,0,0,0,0,1,0,1,non_mix,000010,control_negative,0.361466,cpu
Chinese#ZH-Alto-1#Mixed_Voice_and_Falsetto#可乐#Control_Group#0008,D:\-MindEcho-main\ml_dl_models\gtsinger_multitech\dataset\raw\Chinese\ZH-Alto-1\Mixed_Voice_and_Falsetto\可乐\Control_Group\0008.wav,Chinese/ZH-Alto-1/Mixed_Voice_and_Falsetto/可乐/Control_Group/0008.wav,Chinese,ZH-Alto-1,可乐,Control_Group,0,0,0,0,1,0,1,non_mix,000010,control_negative,0.292472,cpu
Chinese#ZH-Alto-1#Mixed_Voice_and_Falsetto#可乐#Control_Group#0012,D:\-MindEcho-main\ml_dl_models\gtsinger_multitech\dataset\raw\Chinese\ZH-Alto-1\Mixed_Voice_and_Falsetto\可乐\Control_Group\0012.wav,Chinese/ZH-Alto-1/Mixed_Voice_and_Falsetto/可乐/Control_Group/0012.wav,Chinese,ZH-Alto-1,可乐,Control_Group,0,0,0,0,1,0,1,non_mix,000010,control_negative,0.253866,cpu
Chinese#ZH-Alto-1#Mixed_Voice_and_Falsetto#可乐#Control_Group#0013,D:\-MindEcho-main\ml_dl_models\gtsinger_multitech\dataset\raw\Chinese\ZH-Alto-1\Mixed_Voice_and_Falsetto\可乐\Control_Group\0013.wav,Chinese/ZH-Alto-1/Mixed_Voice_and_Falsetto/可乐/Control_Group/0013.wav,Chinese,ZH-Alto-1,可乐,Control_Group,0,0,0,0,1,0,1,non_mix,000010,control_negative,0.379492,cpu
Chinese#ZH-Alto-1#Mixed_Voice_and_Falsetto#可乐#Control_Group#0014,D:\-MindEcho-main\ml_dl_models\gtsinger_multitech\dataset\raw\Chinese\ZH-Alto-1\Mixed_Voice_and_Falsetto\可乐\Control_Group\0014.wav,Chinese/ZH-Alto-1/Mixed_Voice_and_Falsetto/可乐/Control_Group/0014.wav,Chinese,ZH-Alto-1,可乐,Control_Group,0,0,0,0,1,0,1,non_mix,000010,control_negative,0.648676,cpu
Chinese#ZH-Alto-1#Mixed_Voice_and_Falsetto#可乐#Control_Group#0015,D:\-MindEcho-main\ml_dl_models\gtsinger_multitech\dataset\raw\Chinese\ZH-Alto-1\Mixed_Voice_and_Falsetto\可乐\Control_Group\0015.wav,Chinese/ZH-Alto-1/Mixed_Voice_and_Falsetto/可乐/Control_Group/0015.wav,Chinese,ZH-Alto-1,可乐,Control_Group,0,0,0,0,1,0,1,non_mix,000010,control_negative,0.753902,cpu
Chinese#ZH-Alto-1#Glissando#可惜没如果#Control_Group#0000,D:\-MindEcho-main\ml_dl_models\gtsinger_multitech\dataset\raw\Chinese\ZH-Alto-1\Glissando\可惜没如果\Control_Group\0000.wav,Chinese/ZH-Alto-1/Glissando/可惜没如果/Control_Group/0000.wav,Chinese,ZH-Alto-1,可惜没如果,Control_Group,0,0,0,0,1,0,1,non_mix,000010,control_negative,0.022584,cpu
Chinese#ZH-Alto-1#Glissando#可惜没如果#Control_Group#0005,D:\-MindEcho-main\ml_dl_models\gtsinger_multitech\dataset\raw\Chinese\ZH-Alto-1\Glissando\可惜没如果\Control_Group\0005.wav,Chinese/ZH-Alto-1/Glissando/可惜没如果/Control_Group/0005.wav,Chinese,ZH-Alto-1,可惜没如果,Control_Group,0,0,0,0,1,0,1,non_mix,000010,control_negative,0.077030,cpu
Chinese#ZH-Alto-1#Glissando#可惜没如果#Control_Group#0006,D:\-MindEcho-main\ml_dl_models\gtsinger_multitech\dataset\raw\Chinese\ZH-Alto-1\Glissando\可惜没如果\Control_Group\0006.wav,Chinese/ZH-Alto-1/Glissando/可惜没如果/Control_Group/0006.wav,Chinese,ZH-Alto-1,可惜没如果,Control_Group,0,0,0,0,1,0,1,non_mix,000010,control_negative,0.092897,cpu
Chinese#ZH-Alto-1#Glissando#可惜没如果#Control_Group#0007,D:\-MindEcho-main\ml_dl_models\gtsinger_multitech\dataset\raw\Chinese\ZH-Alto-1\Glissando\可惜没如果\Control_Group\0007.wav,Chinese/ZH-Alto-1/Glissando/可惜没如果/Control_Group/0007.wav,Chinese,ZH-Alto-1,可惜没如果,Control_Group,0,0,0,0,1,0,1,non_mix,000010,control_negative,0.105920,cpu
Chinese#ZH-Alto-1#Glissando#可惜没如果#Control_Group#0010,D:\-MindEcho-main\ml_dl_models\gtsinger_multitech\dataset\raw\Chinese\ZH-Alto-1\Glissando\可惜没如果\Control_Group\0010.wav,Chinese/ZH-Alto-1/Glissando/可惜没如果/Control_Group/0010.wav,Chinese,ZH-Alto-1,可惜没如果,Control_Group,0,0,0,0,1,0,1,non_mix,000010,control_negative,0.118842,cpu
Chinese#ZH-Alto-1#Glissando#可惜没如果#Control_Group#0014,D:\-MindEcho-main\ml_dl_models\gtsinger_multitech\dataset\raw\Chinese\ZH-Alto-1\Glissando\可惜没如果\Control_Group\0014.wav,Chinese/ZH-Alto-1/Glissando/可惜没如果/Control_Group/0014.wav,Chinese,ZH-Alto-1,可惜没如果,Control_Group,0,0,0,0,1,0,1,non_mix,000010,control_negative,0.094322,cpu
Chinese#ZH-Alto-1#Mixed_Voice_and_Falsetto#可惜没如果#Control_Group#0000,D:\-MindEcho-main\ml_dl_models\gtsinger_multitech\dataset\raw\Chinese\ZH-Alto-1\Mixed_Voice_and_Falsetto\可惜没如果\Control_Group\0000.wav,Chinese/ZH-Alto-1/Mixed_Voice_and_Falsetto/可惜没如果/Control_Group/0000.wav,Chinese,ZH-Alto-1,可惜没如果,Control_Group,0,0,0,0,1,0,1,non_mix,000010,control_negative,0.024083,cpu
Chinese#ZH-Alto-1#Mixed_Voice_and_Falsetto#可惜没如果#Control_Group#0001,D:\-MindEcho-main\ml_dl_models\gtsinger_multitech\dataset\raw\Chinese\ZH-Alto-1\Mixed_Voice_and_Falsetto\可惜没如果\Control_Group\0001.wav,Chinese/ZH-Alto-1/Mixed_Voice_and_Falsetto/可惜没如果/Control_Group/0001.wav,Chinese,ZH-Alto-1,可惜没如果,Control_Group,0,0,0,0,1,0,1,non_mix,000010,control_negative,0.057055,cpu
Chinese#ZH-Alto-1#Mixed_Voice_and_Falsetto#可惜没如果#Control_Group#0002,D:\-MindEcho-main\ml_dl_models\gtsinger_multitech\dataset\raw\Chinese\ZH-Alto-1\Mixed_Voice_and_Falsetto\可惜没如果\Control_Group\0002.wav,Chinese/ZH-Alto-1/Mixed_Voice_and_Falsetto/可惜没如果/Control_Group/0002.wav,Chinese,ZH-Alto-1,可惜没如果,Control_Group,0,0,0,0,1,0,1,non_mix,000010,control_negative,0.014915,cpu
Chinese#ZH-Alto-1#Mixed_Voice_and_Falsetto#可惜没如果#Control_Group#0003,D:\-MindEcho-main\ml_dl_models\gtsinger_multitech\dataset\raw\Chinese\ZH-Alto-1\Mixed_Voice_and_Falsetto\可惜没如果\Control_Group\0003.wav,Chinese/ZH-Alto-1/Mixed_Voice_and_Falsetto/可惜没如果/Control_Group/0003.wav,Chinese,ZH-Alto-1,可惜没如果,Control_Group,0,0,0,0,1,0,1,non_mix,000010,control_negative,0.109327,cpu
Chinese#ZH-Alto-1#Mixed_Voice_and_Falsetto#可惜没如果#Control_Group#0005,D:\-MindEcho-main\ml_dl_models\gtsinger_multitech\dataset\raw\Chinese\ZH-Alto-1\Mixed_Voice_and_Falsetto\可惜没如果\Control_Group\0005.wav,Chinese/ZH-Alto-1/Mixed_Voice_and_Falsetto/可惜没如果/Control_Group/0005.wav,Chinese,ZH-Alto-1,可惜没如果,Control_Group,0,0,0,0,1,0,1,non_mix,000010,control_negative,0.043045,cpu
Chinese#ZH-Alto-1#Mixed_Voice_and_Falsetto#可惜没如果#Control_Group#0006,D:\-MindEcho-main\ml_dl_models\gtsinger_multitech\dataset\raw\Chinese\ZH-Alto-1\Mixed_Voice_and_Falsetto\可惜没如果\Control_Group\0006.wav,Chinese/ZH-Alto-1/Mixed_Voice_and_Falsetto/可惜没如果/Control_Group/0006.wav,Chinese,ZH-Alto-1,可惜没如果,Control_Group,0,0,0,0,1,0,1,non_mix,000010,control_negative,0.061662,cpu
Chinese#ZH-Alto-1#Mixed_Voice_and_Falsetto#可惜没如果#Control_Group#0007,D:\-MindEcho-main\ml_dl_models\gtsinger_multitech\dataset\raw\Chinese\ZH-Alto-1\Mixed_Voice_and_Falsetto\可惜没如果\Control_Group\0007.wav,Chinese/ZH-Alto-1/Mixed_Voice_and_Falsetto/可惜没如果/Control_Group/0007.wav,Chinese,ZH-Alto-1,可惜没如果,Control_Group,0,0,0,0,1,0,1,non_mix,000010,control_negative,0.028230,cpu
Chinese#ZH-Alto-1#Mixed_Voice_and_Falsetto#可惜没如果#Control_Group#0008,D:\-MindEcho-main\ml_dl_models\gtsinger_multitech\dataset\raw\Chinese\ZH-Alto-1\Mixed_Voice_and_Falsetto\可惜没如果\Control_Group\0008.wav,Chinese/ZH-Alto-1/Mixed_Voice_and_Falsetto/可惜没如果/Control_Group/0008.wav,Chinese,ZH-Alto-1,可惜没如果,Control_Group,0,0,0,0,1,0,1,non_mix,000010,control_negative,0.017771,cpu
Chinese#ZH-Alto-1#Mixed_Voice_and_Falsetto#可惜没如果#Control_Group#0010,D:\-MindEcho-main\ml_dl_models\gtsinger_multitech\dataset\raw\Chinese\ZH-Alto-1\Mixed_Voice_and_Falsetto\可惜没如果\Control_Group\0010.wav,Chinese/ZH-Alto-1/Mixed_Voice_and_Falsetto/可惜没如果/Control_Group/0010.wav,Chinese,ZH-Alto-1,可惜没如果,Control_Group,0,0,0,0,1,0,1,non_mix,000010,control_negative,0.018159,cpu
Chinese#ZH-Alto-1#Mixed_Voice_and_Falsetto#可惜没如果#Control_Group#0011,D:\-MindEcho-main\ml_dl_models\gtsinger_multitech\dataset\raw\Chinese\ZH-Alto-1\Mixed_Voice_and_Falsetto\可惜没如果\Control_Group\0011.wav,Chinese/ZH-Alto-1/Mixed_Voice_and_Falsetto/可惜没如果/Control_Group/0011.wav,Chinese,ZH-Alto-1,可惜没如果,Control_Group,0,0,0,0,1,0,1,non_mix,000010,control_negative,0.106283,cpu
Chinese#ZH-Alto-1#Mixed_Voice_and_Falsetto#可惜没如果#Control_Group#0012,D:\-MindEcho-main\ml_dl_models\gtsinger_multitech\dataset\raw\Chinese\ZH-Alto-1\Mixed_Voice_and_Falsetto\可惜没如果\Control_Group\0012.wav,Chinese/ZH-Alto-1/Mixed_Voice_and_Falsetto/可惜没如果/Control_Group/0012.wav,Chinese,ZH-Alto-1,可惜没如果,Control_Group,0,0,0,0,1,0,1,non_mix,000010,control_negative,0.025770,cpu
Chinese#ZH-Alto-1#Mixed_Voice_and_Falsetto#可惜没如果#Control_Group#0013,D:\-MindEcho-main\ml_dl_models\gtsinger_multitech\dataset\raw\Chinese\ZH-Alto-1\Mixed_Voice_and_Falsetto\可惜没如果\Control_Group\0013.wav,Chinese/ZH-Alto-1/Mixed_Voice_and_Falsetto/可惜没如果/Control_Group/0013.wav,Chinese,ZH-Alto-1,可惜没如果,Control_Group,0,0,0,0,1,0,1,non_mix,000010,control_negative,0.106594,cpu
Chinese#ZH-Alto-1#Mixed_Voice_and_Falsetto#可惜没如果#Control_Group#0014,D:\-MindEcho-main\ml_dl_models\gtsinger_multitech\dataset\raw\Chinese\ZH-Alto-1\Mixed_Voice_and_Falsetto\可惜没如果\Control_Group\0014.wav,Chinese/ZH-Alto-1/Mixed_Voice_and_Falsetto/可惜没如果/Control_Group/0014.wav,Chinese,ZH-Alto-1,可惜没如果,Control_Group,0,0,0,0,1,0,1,non_mix,000010,control_negative,0.033488,cpu
Chinese#ZH-Alto-1#Mixed_Voice_and_Falsetto#可惜没如果#Control_Group#0015,D:\-MindEcho-main\ml_dl_models\gtsinger_multitech\dataset\raw\Chinese\ZH-Alto-1\Mixed_Voice_and_Falsetto\可惜没如果\Control_Group\0015.wav,Chinese/ZH-Alto-1/Mixed_Voice_and_Falsetto/可惜没如果/Control_Group/0015.wav,Chinese,ZH-Alto-1,可惜没如果,Control_Group,0,0,0,0,1,0,1,non_mix,000010,control_negative,0.024529,cpu
Chinese#ZH-Alto-1#Mixed_Voice_and_Falsetto#可惜没如果#Control_Group#0017,D:\-MindEcho-main\ml_dl_models\gtsinger_multitech\dataset\raw\Chinese\ZH-Alto-1\Mixed_Voice_and_Falsetto\可惜没如果\Control_Group\0017.wav,Chinese/ZH-Alto-1/Mixed_Voice_and_Falsetto/可惜没如果/Control_Group/0017.wav,Chinese,ZH-Alto-1,可惜没如果,Control_Group,0,0,0,0,1,0,1,non_mix,000010,control_negative,0.102277,cpu
Chinese#ZH-Alto-1#Mixed_Voice_and_Falsetto#可惜没如果#Control_Group#0018,D:\-MindEcho-main\ml_dl_models\gtsinger_multitech\dataset\raw\Chinese\ZH-Alto-1\Mixed_Voice_and_Falsetto\可惜没如果\Control_Group\0018.wav,Chinese/ZH-Alto-1/Mixed_Voice_and_Falsetto/可惜没如果/Control_Group/0018.wav,Chinese,ZH-Alto-1,可惜没如果,Control_Group,0,0,0,0,1,0,1,non_mix,000010,control_negative,0.011995,cpu
Chinese#ZH-Alto-1#Mixed_Voice_and_Falsetto#可惜没如果#Control_Group#0019,D:\-MindEcho-main\ml_dl_models\gtsinger_multitech\dataset\raw\Chinese\ZH-Alto-1\Mixed_Voice_and_Falsetto\可惜没如果\Control_Group\0019.wav,Chinese/ZH-Alto-1/Mixed_Voice_and_Falsetto/可惜没如果/Control_Group/0019.wav,Chinese,ZH-Alto-1,可惜没如果,Control_Group,0,0,0,0,1,0,1,non_mix,000010,control_negative,0.047378,cpu
Chinese#ZH-Alto-1#Mixed_Voice_and_Falsetto#可惜没如果#Control_Group#0020,D:\-MindEcho-main\ml_dl_models\gtsinger_multitech\dataset\raw\Chinese\ZH-Alto-1\Mixed_Voice_and_Falsetto\可惜没如果\Control_Group\0020.wav,Chinese/ZH-Alto-1/Mixed_Voice_and_Falsetto/可惜没如果/Control_Group/0020.wav,Chinese,ZH-Alto-1,可惜没如果,Control_Group,0,0,0,0,1,0,1,non_mix,000010,control_negative,0.050415,cpu
Chinese#ZH-Alto-1#Mixed_Voice_and_Falsetto#可惜没如果#Control_Group#0021,D:\-MindEcho-main\ml_dl_models\gtsinger_multitech\dataset\raw\Chinese\ZH-Alto-1\Mixed_Voice_and_Falsetto\可惜没如果\Control_Group\0021.wav,Chinese/ZH-Alto-1/Mixed_Voice_and_Falsetto/可惜没如果/Control_Group/0021.wav,Chinese,ZH-Alto-1,可惜没如果,Control_Group,0,0,0,0,1,0,1,non_mix,000010,control_negative,0.129484,cpu
Chinese#ZH-Alto-1#Mixed_Voice_and_Falsetto#可惜没如果#Control_Group#0022,D:\-MindEcho-main\ml_dl_models\gtsinger_multitech\dataset\raw\Chinese\ZH-Alto-1\Mixed_Voice_and_Falsetto\可惜没如果\Control_Group\0022.wav,Chinese/ZH-Alto-1/Mixed_Voice_and_Falsetto/可惜没如果/Control_Group/0022.wav,Chinese,ZH-Alto-1,可惜没如果,Control_Group,0,0,0,0,1,0,1,non_mix,000010,control_negative,0.050361,cpu
Chinese#ZH-Alto-1#Mixed_Voice_and_Falsetto#可惜没如果#Control_Group#0025,D:\-MindEcho-main\ml_dl_models\gtsinger_multitech\dataset\raw\Chinese\ZH-Alto-1\Mixed_Voice_and_Falsetto\可惜没如果\Control_Group\0025.wav,Chinese/ZH-Alto-1/Mixed_Voice_and_Falsetto/可惜没如果/Control_Group/0025.wav,Chinese,ZH-Alto-1,可惜没如果,Control_Group,0,0,0,0,1,0,1,non_mix,000010,control_negative,0.017410,cpu
Chinese#ZH-Alto-1#Mixed_Voice_and_Falsetto#可惜没如果#Control_Group#0026,D:\-MindEcho-main\ml_dl_models\gtsinger_multitech\dataset\raw\Chinese\ZH-Alto-1\Mixed_Voice_and_Falsetto\可惜没如果\Control_Group\0026.wav,Chinese/ZH-Alto-1/Mixed_Voice_and_Falsetto/可惜没如果/Control_Group/0026.wav,Chinese,ZH-Alto-1,可惜没如果,Control_Group,0,0,0,0,1,0,1,non_mix,000010,control_negative,0.038712,cpu
Chinese#ZH-Alto-1#Mixed_Voice_and_Falsetto#可惜没如果#Control_Group#0027,D:\-MindEcho-main\ml_dl_models\gtsinger_multitech\dataset\raw\Chinese\ZH-Alto-1\Mixed_Voice_and_Falsetto\可惜没如果\Control_Group\0027.wav,Chinese/ZH-Alto-1/Mixed_Voice_and_Falsetto/可惜没如果/Control_Group/0027.wav,Chinese,ZH-Alto-1,可惜没如果,Control_Group,0,0,0,0,1,0,1,non_mix,000010,control_negative,0.029670,cpu
Chinese#ZH-Alto-1#Mixed_Voice_and_Falsetto#可惜没如果#Control_Group#0028,D:\-MindEcho-main\ml_dl_models\gtsinger_multitech\dataset\raw\Chinese\ZH-Alto-1\Mixed_Voice_and_Falsetto\可惜没如果\Control_Group\0028.wav,Chinese/ZH-Alto-1/Mixed_Voice_and_Falsetto/可惜没如果/Control_Group/0028.wav,Chinese,ZH-Alto-1,可惜没如果,Control_Group,0,0,0,0,1,0,1,non_mix,000010,control_negative,0.135791,cpu
Chinese#ZH-Alto-1#Mixed_Voice_and_Falsetto#可惜没如果#Control_Group#0029,D:\-MindEcho-main\ml_dl_models\gtsinger_multitech\dataset\raw\Chinese\ZH-Alto-1\Mixed_Voice_and_Falsetto\可惜没如果\Control_Group\0029.wav,Chinese/ZH-Alto-1/Mixed_Voice_and_Falsetto/可惜没如果/Control_Group/0029.wav,Chinese,ZH-Alto-1,可惜没如果,Control_Group,0,0,0,0,1,0,1,non_mix,000010,control_negative,0.067501,cpu
Chinese#ZH-Alto-1#Mixed_Voice_and_Falsetto#可惜没如果#Control_Group#0030,D:\-MindEcho-main\ml_dl_models\gtsinger_multitech\dataset\raw\Chinese\ZH-Alto-1\Mixed_Voice_and_Falsetto\可惜没如果\Control_Group\0030.wav,Chinese/ZH-Alto-1/Mixed_Voice_and_Falsetto/可惜没如果/Control_Group/0030.wav,Chinese,ZH-Alto-1,可惜没如果,Control_Group,0,0,0,0,1,0,1,non_mix,000010,control_negative,0.133450,cpu
Chinese#ZH-Alto-1#Mixed_Voice_and_Falsetto#后来#Control_Group#0000,D:\-MindEcho-main\ml_dl_models\gtsinger_multitech\dataset\raw\Chinese\ZH-Alto-1\Mixed_Voice_and_Falsetto\后来\Control_Group\0000.wav,Chinese/ZH-Alto-1/Mixed_Voice_and_Falsetto/后来/Control_Group/0000.wav,Chinese,ZH-Alto-1,后来,Control_Group,0,0,0,0,1,0,1,non_mix,000010,control_negative,0.183917,cpu
Chinese#ZH-Alto-1#Mixed_Voice_and_Falsetto#后来#Control_Group#0001,D:\-MindEcho-main\ml_dl_models\gtsinger_multitech\dataset\raw\Chinese\ZH-Alto-1\Mixed_Voice_and_Falsetto\后来\Control_Group\0001.wav,Chinese/ZH-Alto-1/Mixed_Voice_and_Falsetto/后来/Control_Group/0001.wav,Chinese,ZH-Alto-1,后来,Control_Group,0,0,0,0,1,0,1,non_mix,000010,control_negative,0.222981,cpu
Chinese#ZH-Alto-1#Mixed_Voice_and_Falsetto#后来#Control_Group#0002,D:\-MindEcho-main\ml_dl_models\gtsinger_multitech\dataset\raw\Chinese\ZH-Alto-1\Mixed_Voice_and_Falsetto\后来\Control_Group\0002.wav,Chinese/ZH-Alto-1/Mixed_Voice_and_Falsetto/后来/Control_Group/0002.wav,Chinese,ZH-Alto-1,后来,Control_Group,0,0,0,0,1,0,1,non_mix,000010,control_negative,0.203328,cpu
Chinese#ZH-Alto-1#Mixed_Voice_and_Falsetto#后来#Control_Group#0003,D:\-MindEcho-main\ml_dl_models\gtsinger_multitech\dataset\raw\Chinese\ZH-Alto-1\Mixed_Voice_and_Falsetto\后来\Control_Group\0003.wav,Chinese/ZH-Alto-1/Mixed_Voice_and_Falsetto/后来/Control_Group/0003.wav,Chinese,ZH-Alto-1,后来,Control_Group,0,0,0,0,1,0,1,non_mix,000010,control_negative,0.249487,cpu
Chinese#ZH-Alto-1#Mixed_Voice_and_Falsetto#后来#Control_Group#0004,D:\-MindEcho-main\ml_dl_models\gtsinger_multitech\dataset\raw\Chinese\ZH-Alto-1\Mixed_Voice_and_Falsetto\后来\Control_Group\0004.wav,Chinese/ZH-Alto-1/Mixed_Voice_and_Falsetto/后来/Control_Group/0004.wav,Chinese,ZH-Alto-1,后来,Control_Group,0,0,0,0,1,0,1,non_mix,000010,control_negative,0.389979,cpu
Chinese#ZH-Alto-1#Mixed_Voice_and_Falsetto#后来#Control_Group#0005,D:\-MindEcho-main\ml_dl_models\gtsinger_multitech\dataset\raw\Chinese\ZH-Alto-1\Mixed_Voice_and_Falsetto\后来\Control_Group\0005.wav,Chinese/ZH-Alto-1/Mixed_Voice_and_Falsetto/后来/Control_Group/0005.wav,Chinese,ZH-Alto-1,后来,Control_Group,0,0,0,0,1,0,1,non_mix,000010,control_negative,0.312069,cpu
Chinese#ZH-Alto-1#Mixed_Voice_and_Falsetto#后来#Control_Group#0008,D:\-MindEcho-main\ml_dl_models\gtsinger_multitech\dataset\raw\Chinese\ZH-Alto-1\Mixed_Voice_and_Falsetto\后来\Control_Group\0008.wav,Chinese/ZH-Alto-1/Mixed_Voice_and_Falsetto/后来/Control_Group/0008.wav,Chinese,ZH-Alto-1,后来,Control_Group,0,0,0,0,1,0,1,non_mix,000010,control_negative,0.279085,cpu
Chinese#ZH-Alto-1#Mixed_Voice_and_Falsetto#后来#Control_Group#0009,D:\-MindEcho-main\ml_dl_models\gtsinger_multitech\dataset\raw\Chinese\ZH-Alto-1\Mixed_Voice_and_Falsetto\后来\Control_Group\0009.wav,Chinese/ZH-Alto-1/Mixed_Voice_and_Falsetto/后来/Control_Group/0009.wav,Chinese,ZH-Alto-1,后来,Control_Group,0,0,0,0,1,0,1,non_mix,000010,control_negative,0.359986,cpu
Chinese#ZH-Alto-1#Mixed_Voice_and_Falsetto#后来#Control_Group#0011,D:\-MindEcho-main\ml_dl_models\gtsinger_multitech\dataset\raw\Chinese\ZH-Alto-1\Mixed_Voice_and_Falsetto\后来\Control_Group\0011.wav,Chinese/ZH-Alto-1/Mixed_Voice_and_Falsetto/后来/Control_Group/0011.wav,Chinese,ZH-Alto-1,后来,Control_Group,0,0,0,0,1,0,1,non_mix,000010,control_negative,0.250915,cpu
Chinese#ZH-Alto-1#Mixed_Voice_and_Falsetto#后来#Control_Group#0013,D:\-MindEcho-main\ml_dl_models\gtsinger_multitech\dataset\raw\Chinese\ZH-Alto-1\Mixed_Voice_and_Falsetto\后来\Control_Group\0013.wav,Chinese/ZH-Alto-1/Mixed_Voice_and_Falsetto/后来/Control_Group/0013.wav,Chinese,ZH-Alto-1,后来,Control_Group,0,0,0,0,1,0,1,non_mix,000010,control_negative,0.097148,cpu
Chinese#ZH-Alto-1#Pharyngeal#听海#Control_Group#0000,D:\-MindEcho-main\ml_dl_models\gtsinger_multitech\dataset\raw\Chinese\ZH-Alto-1\Pharyngeal\听海\Control_Group\0000.wav,Chinese/ZH-Alto-1/Pharyngeal/听海/Control_Group/0000.wav,Chinese,ZH-Alto-1,听海,Control_Group,0,0,0,0,1,0,1,non_mix,000010,control_negative,0.321079,cpu
Chinese#ZH-Alto-1#Pharyngeal#听海#Control_Group#0001,D:\-MindEcho-main\ml_dl_models\gtsinger_multitech\dataset\raw\Chinese\ZH-Alto-1\Pharyngeal\听海\Control_Group\0001.wav,Chinese/ZH-Alto-1/Pharyngeal/听海/Control_Group/0001.wav,Chinese,ZH-Alto-1,听海,Control_Group,0,0,0,0,1,0,1,non_mix,000010,control_negative,0.431467,cpu
Chinese#ZH-Alto-1#Pharyngeal#听海#Control_Group#0003,D:\-MindEcho-main\ml_dl_models\gtsinger_multitech\dataset\raw\Chinese\ZH-Alto-1\Pharyngeal\听海\Control_Group\0003.wav,Chinese/ZH-Alto-1/Pharyngeal/听海/Control_Group/0003.wav,Chinese,ZH-Alto-1,听海,Control_Group,0,0,0,0,1,0,1,non_mix,000010,control_negative,0.406017,cpu
Chinese#ZH-Alto-1#Pharyngeal#听海#Control_Group#0004,D:\-MindEcho-main\ml_dl_models\gtsinger_multitech\dataset\raw\Chinese\ZH-Alto-1\Pharyngeal\听海\Control_Group\0004.wav,Chinese/ZH-Alto-1/Pharyngeal/听海/Control_Group/0004.wav,Chinese,ZH-Alto-1,听海,Control_Group,0,0,0,0,1,0,1,non_mix,000010,control_negative,0.472822,cpu
Chinese#ZH-Alto-1#Pharyngeal#听海#Control_Group#0005,D:\-MindEcho-main\ml_dl_models\gtsinger_multitech\dataset\raw\Chinese\ZH-Alto-1\Pharyngeal\听海\Control_Group\0005.wav,Chinese/ZH-Alto-1/Pharyngeal/听海/Control_Group/0005.wav,Chinese,ZH-Alto-1,听海,Control_Group,0,0,0,0,1,0,1,non_mix,000010,control_negative,0.300538,cpu
Chinese#ZH-Alto-1#Pharyngeal#听海#Control_Group#0007,D:\-MindEcho-main\ml_dl_models\gtsinger_multitech\dataset\raw\Chinese\ZH-Alto-1\Pharyngeal\听海\Control_Group\0007.wav,Chinese/ZH-Alto-1/Pharyngeal/听海/Control_Group/0007.wav,Chinese,ZH-Alto-1,听海,Control_Group,0,0,0,0,1,0,1,non_mix,000010,control_negative,0.342756,cpu
Chinese#ZH-Alto-1#Pharyngeal#听海#Control_Group#0008,D:\-MindEcho-main\ml_dl_models\gtsinger_multitech\dataset\raw\Chinese\ZH-Alto-1\Pharyngeal\听海\Control_Group\0008.wav,Chinese/ZH-Alto-1/Pharyngeal/听海/Control_Group/0008.wav,Chinese,ZH-Alto-1,听海,Control_Group,0,0,0,0,1,0,1,non_mix,000010,control_negative,0.308729,cpu
Chinese#ZH-Alto-1#Pharyngeal#听海#Control_Group#0009,D:\-MindEcho-main\ml_dl_models\gtsinger_multitech\dataset\raw\Chinese\ZH-Alto-1\Pharyngeal\听海\Control_Group\0009.wav,Chinese/ZH-Alto-1/Pharyngeal/听海/Control_Group/0009.wav,Chinese,ZH-Alto-1,听海,Control_Group,0,0,0,0,1,0,1,non_mix,000010,control_negative,0.507121,cpu
Chinese#ZH-Alto-1#Pharyngeal#听海#Control_Group#0010,D:\-MindEcho-main\ml_dl_models\gtsinger_multitech\dataset\raw\Chinese\ZH-Alto-1\Pharyngeal\听海\Control_Group\0010.wav,Chinese/ZH-Alto-1/Pharyngeal/听海/Control_Group/0010.wav,Chinese,ZH-Alto-1,听海,Control_Group,0,0,0,0,1,0,1,non_mix,000010,control_negative,0.441684,cpu
Chinese#ZH-Alto-1#Pharyngeal#听海#Control_Group#0011,D:\-MindEcho-main\ml_dl_models\gtsinger_multitech\dataset\raw\Chinese\ZH-Alto-1\Pharyngeal\听海\Control_Group\0011.wav,Chinese/ZH-Alto-1/Pharyngeal/听海/Control_Group/0011.wav,Chinese,ZH-Alto-1,听海,Control_Group,0,0,0,0,1,0,1,non_mix,000010,control_negative,0.362343,cpu
Chinese#ZH-Alto-1#Pharyngeal#听海#Control_Group#0012,D:\-MindEcho-main\ml_dl_models\gtsinger_multitech\dataset\raw\Chinese\ZH-Alto-1\Pharyngeal\听海\Control_Group\0012.wav,Chinese/ZH-Alto-1/Pharyngeal/听海/Control_Group/0012.wav,Chinese,ZH-Alto-1,听海,Control_Group,0,0,0,0,1,0,1,non_mix,000010,control_negative,0.509351,cpu
Chinese#ZH-Alto-1#Pharyngeal#听海#Control_Group#0014,D:\-MindEcho-main\ml_dl_models\gtsinger_multitech\dataset\raw\Chinese\ZH-Alto-1\Pharyngeal\听海\Control_Group\0014.wav,Chinese/ZH-Alto-1/Pharyngeal/听海/Control_Group/0014.wav,Chinese,ZH-Alto-1,听海,Control_Group,0,0,0,0,1,0,1,non_mix,000010,control_negative,0.556966,cpu
Chinese#ZH-Alto-1#Mixed_Voice_and_Falsetto#告白气球#Control_Group#0001,D:\-MindEcho-main\ml_dl_models\gtsinger_multitech\dataset\raw\Chinese\ZH-Alto-1\Mixed_Voice_and_Falsetto\告白气球\Control_Group\0001.wav,Chinese/ZH-Alto-1/Mixed_Voice_and_Falsetto/告白气球/Control_Group/0001.wav,Chinese,ZH-Alto-1,告白气球,Control_Group,0,0,0,0,1,0,1,non_mix,000010,control_negative,0.176328,cpu
Chinese#ZH-Alto-1#Mixed_Voice_and_Falsetto#告白气球#Control_Group#0007,D:\-MindEcho-main\ml_dl_models\gtsinger_multitech\dataset\raw\Chinese\ZH-Alto-1\Mixed_Voice_and_Falsetto\告白气球\Control_Group\0007.wav,Chinese/ZH-Alto-1/Mixed_Voice_and_Falsetto/告白气球/Control_Group/0007.wav,Chinese,ZH-Alto-1,告白气球,Control_Group,0,0,0,0,1,0,1,non_mix,000010,control_negative,0.048812,cpu
Chinese#ZH-Alto-1#Mixed_Voice_and_Falsetto#告白气球#Control_Group#0011,D:\-MindEcho-main\ml_dl_models\gtsinger_multitech\dataset\raw\Chinese\ZH-Alto-1\Mixed_Voice_and_Falsetto\告白气球\Control_Group\0011.wav,Chinese/ZH-Alto-1/Mixed_Voice_and_Falsetto/告白气球/Control_Group/0011.wav,Chinese,ZH-Alto-1,告白气球,Control_Group,0,0,0,0,1,0,1,non_mix,000010,control_negative,0.299831,cpu
Chinese#ZH-Alto-1#Vibrato#多远都要在一起#Control_Group#0001,D:\-MindEcho-main\ml_dl_models\gtsinger_multitech\dataset\raw\Chinese\ZH-Alto-1\Vibrato\多远都要在一起\Control_Group\0001.wav,Chinese/ZH-Alto-1/Vibrato/多远都要在一起/Control_Group/0001.wav,Chinese,ZH-Alto-1,多远都要在一起,Control_Group,0,0,0,0,1,0,1,non_mix,000010,control_negative,0.465140,cpu
Chinese#ZH-Alto-1#Vibrato#多远都要在一起#Control_Group#0002,D:\-MindEcho-main\ml_dl_models\gtsinger_multitech\dataset\raw\Chinese\ZH-Alto-1\Vibrato\多远都要在一起\Control_Group\0002.wav,Chinese/ZH-Alto-1/Vibrato/多远都要在一起/Control_Group/0002.wav,Chinese,ZH-Alto-1,多远都要在一起,Control_Group,0,0,0,0,1,0,1,non_mix,000010,control_negative,0.541744,cpu
Chinese#ZH-Alto-1#Vibrato#多远都要在一起#Control_Group#0003,D:\-MindEcho-main\ml_dl_models\gtsinger_multitech\dataset\raw\Chinese\ZH-Alto-1\Vibrato\多远都要在一起\Control_Group\0003.wav,Chinese/ZH-Alto-1/Vibrato/多远都要在一起/Control_Group/0003.wav,Chinese,ZH-Alto-1,多远都要在一起,Control_Group,0,0,0,0,1,0,1,non_mix,000010,control_negative,0.431892,cpu
Chinese#ZH-Alto-1#Vibrato#多远都要在一起#Control_Group#0004,D:\-MindEcho-main\ml_dl_models\gtsinger_multitech\dataset\raw\Chinese\ZH-Alto-1\Vibrato\多远都要在一起\Control_Group\0004.wav,Chinese/ZH-Alto-1/Vibrato/多远都要在一起/Control_Group/0004.wav,Chinese,ZH-Alto-1,多远都要在一起,Control_Group,0,0,0,0,1,0,1,non_mix,000010,control_negative,0.466249,cpu
Chinese#ZH-Alto-1#Pharyngeal#大鱼#Control_Group#0000,D:\-MindEcho-main\ml_dl_models\gtsinger_multitech\dataset\raw\Chinese\ZH-Alto-1\Pharyngeal\大鱼\Control_Group\0000.wav,Chinese/ZH-Alto-1/Pharyngeal/大鱼/Control_Group/0000.wav,Chinese,ZH-Alto-1,大鱼,Control_Group,0,0,0,0,1,0,1,non_mix,000010,control_negative,0.189469,cpu
Chinese#ZH-Alto-1#Pharyngeal#大鱼#Control_Group#0003,D:\-MindEcho-main\ml_dl_models\gtsinger_multitech\dataset\raw\Chinese\ZH-Alto-1\Pharyngeal\大鱼\Control_Group\0003.wav,Chinese/ZH-Alto-1/Pharyngeal/大鱼/Control_Group/0003.wav,Chinese,ZH-Alto-1,大鱼,Control_Group,0,0,0,0,1,0,1,non_mix,000010,control_negative,0.363619,cpu
Chinese#ZH-Alto-1#Pharyngeal#大鱼#Control_Group#0004,D:\-MindEcho-main\ml_dl_models\gtsinger_multitech\dataset\raw\Chinese\ZH-Alto-1\Pharyngeal\大鱼\Control_Group\0004.wav,Chinese/ZH-Alto-1/Pharyngeal/大鱼/Control_Group/0004.wav,Chinese,ZH-Alto-1,大鱼,Control_Group,0,0,0,0,1,0,1,non_mix,000010,control_negative,0.360250,cpu
Chinese#ZH-Alto-1#Pharyngeal#大鱼#Control_Group#0005,D:\-MindEcho-main\ml_dl_models\gtsinger_multitech\dataset\raw\Chinese\ZH-Alto-1\Pharyngeal\大鱼\Control_Group\0005.wav,Chinese/ZH-Alto-1/Pharyngeal/大鱼/Control_Group/0005.wav,Chinese,ZH-Alto-1,大鱼,Control_Group,0,0,0,0,1,0,1,non_mix,000010,control_negative,0.257189,cpu
Chinese#ZH-Alto-1#Pharyngeal#大鱼#Control_Group#0007,D:\-MindEcho-main\ml_dl_models\gtsinger_multitech\dataset\raw\Chinese\ZH-Alto-1\Pharyngeal\大鱼\Control_Group\0007.wav,Chinese/ZH-Alto-1/Pharyngeal/大鱼/Control_Group/0007.wav,Chinese,ZH-Alto-1,大鱼,Control_Group,0,0,0,0,1,0,1,non_mix,000010,control_negative,0.422062,cpu
Chinese#ZH-Alto-1#Pharyngeal#大鱼#Control_Group#0008,D:\-MindEcho-main\ml_dl_models\gtsinger_multitech\dataset\raw\Chinese\ZH-Alto-1\Pharyngeal\大鱼\Control_Group\0008.wav,Chinese/ZH-Alto-1/Pharyngeal/大鱼/Control_Group/0008.wav,Chinese,ZH-Alto-1,大鱼,Control_Group,0,0,0,0,1,0,1,non_mix,000010,control_negative,0.123004,cpu
Chinese#ZH-Alto-1#Pharyngeal#大鱼#Control_Group#0009,D:\-MindEcho-main\ml_dl_models\gtsinger_multitech\dataset\raw\Chinese\ZH-Alto-1\Pharyngeal\大鱼\Control_Group\0009.wav,Chinese/ZH-Alto-1/Pharyngeal/大鱼/Control_Group/0009.wav,Chinese,ZH-Alto-1,大鱼,Control_Group,0,0,0,0,1,0,1,non_mix,000010,control_negative,0.366073,cpu
Chinese#ZH-Alto-1#Pharyngeal#大鱼#Control_Group#0010,D:\-MindEcho-main\ml_dl_models\gtsinger_multitech\dataset\raw\Chinese\ZH-Alto-1\Pharyngeal\大鱼\Control_Group\0010.wav,Chinese/ZH-Alto-1/Pharyngeal/大鱼/Control_Group/0010.wav,Chinese,ZH-Alto-1,大鱼,Control_Group,0,0,0,0,1,0,1,non_mix,000010,control_negative,0.662594,cpu
Chinese#ZH-Alto-1#Pharyngeal#大鱼#Control_Group#0011,D:\-MindEcho-main\ml_dl_models\gtsinger_multitech\dataset\raw\Chinese\ZH-Alto-1\Pharyngeal\大鱼\Control_Group\0011.wav,Chinese/ZH-Alto-1/Pharyngeal/大鱼/Control_Group/0011.wav,Chinese,ZH-Alto-1,大鱼,Control_Group,0,0,0,0,1,0,1,non_mix,000010,control_negative,0.246260,cpu
Chinese#ZH-Alto-1#Pharyngeal#大鱼#Control_Group#0012,D:\-MindEcho-main\ml_dl_models\gtsinger_multitech\dataset\raw\Chinese\ZH-Alto-1\Pharyngeal\大鱼\Control_Group\0012.wav,Chinese/ZH-Alto-1/Pharyngeal/大鱼/Control_Group/0012.wav,Chinese,ZH-Alto-1,大鱼,Control_Group,0,0,0,0,1,0,1,non_mix,000010,control_negative,0.340559,cpu
Chinese#ZH-Alto-1#Pharyngeal#大鱼#Control_Group#0013,D:\-MindEcho-main\ml_dl_models\gtsinger_multitech\dataset\raw\Chinese\ZH-Alto-1\Pharyngeal\大鱼\Control_Group\0013.wav,Chinese/ZH-Alto-1/Pharyngeal/大鱼/Control_Group/0013.wav,Chinese,ZH-Alto-1,大鱼,Control_Group,0,0,0,0,1,0,1,non_mix,000010,control_negative,0.296703,cpu
Chinese#ZH-Alto-1#Pharyngeal#大鱼#Control_Group#0014,D:\-MindEcho-main\ml_dl_models\gtsinger_multitech\dataset\raw\Chinese\ZH-Alto-1\Pharyngeal\大鱼\Control_Group\0014.wav,Chinese/ZH-Alto-1/Pharyngeal/大鱼/Control_Group/0014.wav,Chinese,ZH-Alto-1,大鱼,Control_Group,0,0,0,0,1,0,1,non_mix,000010,control_negative,0.248279,cpu
Chinese#ZH-Alto-1#Pharyngeal#大鱼#Control_Group#0015,D:\-MindEcho-main\ml_dl_models\gtsinger_multitech\dataset\raw\Chinese\ZH-Alto-1\Pharyngeal\大鱼\Control_Group\0015.wav,Chinese/ZH-Alto-1/Pharyngeal/大鱼/Control_Group/0015.wav,Chinese,ZH-Alto-1,大鱼,Control_Group,0,0,0,0,1,0,1,non_mix,000010,control_negative,0.254475,cpu
Chinese#ZH-Alto-1#Vibrato#大鱼#Control_Group#0000,D:\-MindEcho-main\ml_dl_models\gtsinger_multitech\dataset\raw\Chinese\ZH-Alto-1\Vibrato\大鱼\Control_Group\0000.wav,Chinese/ZH-Alto-1/Vibrato/大鱼/Control_Group/0000.wav,Chinese,ZH-Alto-1,大鱼,Control_Group,0,0,0,0,1,0,1,non_mix,000010,control_negative,0.181671,cpu
Chinese#ZH-Alto-1#Vibrato#大鱼#Control_Group#0002,D:\-MindEcho-main\ml_dl_models\gtsinger_multitech\dataset\raw\Chinese\ZH-Alto-1\Vibrato\大鱼\Control_Group\0002.wav,Chinese/ZH-Alto-1/Vibrato/大鱼/Control_Group/0002.wav,Chinese,ZH-Alto-1,大鱼,Control_Group,0,0,0,0,1,0,1,non_mix,000010,control_negative,0.117697,cpu
Chinese#ZH-Alto-1#Vibrato#大鱼#Control_Group#0003,D:\-MindEcho-main\ml_dl_models\gtsinger_multitech\dataset\raw\Chinese\ZH-Alto-1\Vibrato\大鱼\Control_Group\0003.wav,Chinese/ZH-Alto-1/Vibrato/大鱼/Control_Group/0003.wav,Chinese,ZH-Alto-1,大鱼,Control_Group,0,0,0,0,1,0,1,non_mix,000010,control_negative,0.336568,cpu
Chinese#ZH-Alto-1#Vibrato#大鱼#Control_Group#0004,D:\-MindEcho-main\ml_dl_models\gtsinger_multitech\dataset\raw\Chinese\ZH-Alto-1\Vibrato\大鱼\Control_Group\0004.wav,Chinese/ZH-Alto-1/Vibrato/大鱼/Control_Group/0004.wav,Chinese,ZH-Alto-1,大鱼,Control_Group,0,0,0,0,1,0,1,non_mix,000010,control_negative,0.211240,cpu
Chinese#ZH-Alto-1#Vibrato#大鱼#Control_Group#0005,D:\-MindEcho-main\ml_dl_models\gtsinger_multitech\dataset\raw\Chinese\ZH-Alto-1\Vibrato\大鱼\Control_Group\0005.wav,Chinese/ZH-Alto-1/Vibrato/大鱼/Control_Group/0005.wav,Chinese,ZH-Alto-1,大鱼,Control_Group,0,0,0,0,1,0,1,non_mix,000010,control_negative,0.213261,cpu
Chinese#ZH-Alto-1#Vibrato#大鱼#Control_Group#0006,D:\-MindEcho-main\ml_dl_models\gtsinger_multitech\dataset\raw\Chinese\ZH-Alto-1\Vibrato\大鱼\Control_Group\0006.wav,Chinese/ZH-Alto-1/Vibrato/大鱼/Control_Group/0006.wav,Chinese,ZH-Alto-1,大鱼,Control_Group,0,0,0,0,1,0,1,non_mix,000010,control_negative,0.068946,cpu
Chinese#ZH-Alto-1#Vibrato#大鱼#Control_Group#0008,D:\-MindEcho-main\ml_dl_models\gtsinger_multitech\dataset\raw\Chinese\ZH-Alto-1\Vibrato\大鱼\Control_Group\0008.wav,Chinese/ZH-Alto-1/Vibrato/大鱼/Control_Group/0008.wav,Chinese,ZH-Alto-1,大鱼,Control_Group,0,0,0,0,1,0,1,non_mix,000010,control_negative,0.257780,cpu
Chinese#ZH-Alto-1#Vibrato#大鱼#Control_Group#0009,D:\-MindEcho-main\ml_dl_models\gtsinger_multitech\dataset\raw\Chinese\ZH-Alto-1\Vibrato\大鱼\Control_Group\0009.wav,Chinese/ZH-Alto-1/Vibrato/大鱼/Control_Group/0009.wav,Chinese,ZH-Alto-1,大鱼,Control_Group,0,0,0,0,1,0,1,non_mix,000010,control_negative,0.185595,cpu
Chinese#ZH-Alto-1#Vibrato#大鱼#Control_Group#0013,D:\-MindEcho-main\ml_dl_models\gtsinger_multitech\dataset\raw\Chinese\ZH-Alto-1\Vibrato\大鱼\Control_Group\0013.wav,Chinese/ZH-Alto-1/Vibrato/大鱼/Control_Group/0013.wav,Chinese,ZH-Alto-1,大鱼,Control_Group,0,0,0,0,1,0,1,non_mix,000010,control_negative,0.479288,cpu
Chinese#ZH-Alto-1#Vibrato#大鱼#Control_Group#0014,D:\-MindEcho-main\ml_dl_models\gtsinger_multitech\dataset\raw\Chinese\ZH-Alto-1\Vibrato\大鱼\Control_Group\0014.wav,Chinese/ZH-Alto-1/Vibrato/大鱼/Control_Group/0014.wav,Chinese,ZH-Alto-1,大鱼,Control_Group,0,0,0,0,1,0,1,non_mix,000010,control_negative,0.271343,cpu
Chinese#ZH-Alto-1#Vibrato#大鱼#Control_Group#0015,D:\-MindEcho-main\ml_dl_models\gtsinger_multitech\dataset\raw\Chinese\ZH-Alto-1\Vibrato\大鱼\Control_Group\0015.wav,Chinese/ZH-Alto-1/Vibrato/大鱼/Control_Group/0015.wav,Chinese,ZH-Alto-1,大鱼,Control_Group,0,0,0,0,1,0,1,non_mix,000010,control_negative,0.550270,cpu
Chinese#ZH-Alto-1#Breathy#失落沙洲#Control_Group#0001,D:\-MindEcho-main\ml_dl_models\gtsinger_multitech\dataset\raw\Chinese\ZH-Alto-1\Breathy\失落沙洲\Control_Group\0001.wav,Chinese/ZH-Alto-1/Breathy/失落沙洲/Control_Group/0001.wav,Chinese,ZH-Alto-1,失落沙洲,Control_Group,0,0,0,0,1,0,1,non_mix,000010,control_negative,0.161843,cpu
Chinese#ZH-Alto-1#Breathy#失落沙洲#Control_Group#0002,D:\-MindEcho-main\ml_dl_models\gtsinger_multitech\dataset\raw\Chinese\ZH-Alto-1\Breathy\失落沙洲\Control_Group\0002.wav,Chinese/ZH-Alto-1/Breathy/失落沙洲/Control_Group/0002.wav,Chinese,ZH-Alto-1,失落沙洲,Control_Group,0,0,0,0,1,0,1,non_mix,000010,control_negative,0.112011,cpu
Chinese#ZH-Alto-1#Breathy#失落沙洲#Control_Group#0004,D:\-MindEcho-main\ml_dl_models\gtsinger_multitech\dataset\raw\Chinese\ZH-Alto-1\Breathy\失落沙洲\Control_Group\0004.wav,Chinese/ZH-Alto-1/Breathy/失落沙洲/Control_Group/0004.wav,Chinese,ZH-Alto-1,失落沙洲,Control_Group,0,0,0,0,1,0,1,non_mix,000010,control_negative,0.266466,cpu
Chinese#ZH-Alto-1#Breathy#失落沙洲#Control_Group#0005,D:\-MindEcho-main\ml_dl_models\gtsinger_multitech\dataset\raw\Chinese\ZH-Alto-1\Breathy\失落沙洲\Control_Group\0005.wav,Chinese/ZH-Alto-1/Breathy/失落沙洲/Control_Group/0005.wav,Chinese,ZH-Alto-1,失落沙洲,Control_Group,0,0,0,0,1,0,1,non_mix,000010,control_negative,0.169991,cpu
Chinese#ZH-Alto-1#Breathy#失落沙洲#Control_Group#0006,D:\-MindEcho-main\ml_dl_models\gtsinger_multitech\dataset\raw\Chinese\ZH-Alto-1\Breathy\失落沙洲\Control_Group\0006.wav,Chinese/ZH-Alto-1/Breathy/失落沙洲/Control_Group/0006.wav,Chinese,ZH-Alto-1,失落沙洲,Control_Group,0,0,0,0,1,0,1,non_mix,000010,control_negative,0.316174,cpu
Chinese#ZH-Alto-1#Breathy#失落沙洲#Control_Group#0007,D:\-MindEcho-main\ml_dl_models\gtsinger_multitech\dataset\raw\Chinese\ZH-Alto-1\Breathy\失落沙洲\Control_Group\0007.wav,Chinese/ZH-Alto-1/Breathy/失落沙洲/Control_Group/0007.wav,Chinese,ZH-Alto-1,失落沙洲,Control_Group,0,0,0,0,1,0,1,non_mix,000010,control_negative,0.587979,cpu
Chinese#ZH-Alto-1#Pharyngeal#失落沙洲#Control_Group#0000,D:\-MindEcho-main\ml_dl_models\gtsinger_multitech\dataset\raw\Chinese\ZH-Alto-1\Pharyngeal\失落沙洲\Control_Group\0000.wav,Chinese/ZH-Alto-1/Pharyngeal/失落沙洲/Control_Group/0000.wav,Chinese,ZH-Alto-1,失落沙洲,Control_Group,0,0,0,0,1,0,1,non_mix,000010,control_negative,0.190611,cpu
Chinese#ZH-Alto-1#Pharyngeal#失落沙洲#Control_Group#0002,D:\-MindEcho-main\ml_dl_models\gtsinger_multitech\dataset\raw\Chinese\ZH-Alto-1\Pharyngeal\失落沙洲\Control_Group\0002.wav,Chinese/ZH-Alto-1/Pharyngeal/失落沙洲/Control_Group/0002.wav,Chinese,ZH-Alto-1,失落沙洲,Control_Group,0,0,0,0,1,0,1,non_mix,000010,control_negative,0.156672,cpu
Chinese#ZH-Alto-1#Pharyngeal#失落沙洲#Control_Group#0003,D:\-MindEcho-main\ml_dl_models\gtsinger_multitech\dataset\raw\Chinese\ZH-Alto-1\Pharyngeal\失落沙洲\Control_Group\0003.wav,Chinese/ZH-Alto-1/Pharyngeal/失落沙洲/Control_Group/0003.wav,Chinese,ZH-Alto-1,失落沙洲,Control_Group,0,0,0,0,1,0,1,non_mix,000010,control_negative,0.083050,cpu
Chinese#ZH-Alto-1#Pharyngeal#失落沙洲#Control_Group#0005,D:\-MindEcho-main\ml_dl_models\gtsinger_multitech\dataset\raw\Chinese\ZH-Alto-1\Pharyngeal\失落沙洲\Control_Group\0005.wav,Chinese/ZH-Alto-1/Pharyngeal/失落沙洲/Control_Group/0005.wav,Chinese,ZH-Alto-1,失落沙洲,Control_Group,0,0,0,0,1,0,1,non_mix,000010,control_negative,0.336268,cpu
Chinese#ZH-Alto-1#Pharyngeal#失落沙洲#Control_Group#0006,D:\-MindEcho-main\ml_dl_models\gtsinger_multitech\dataset\raw\Chinese\ZH-Alto-1\Pharyngeal\失落沙洲\Control_Group\0006.wav,Chinese/ZH-Alto-1/Pharyngeal/失落沙洲/Control_Group/0006.wav,Chinese,ZH-Alto-1,失落沙洲,Control_Group,0,0,0,0,1,0,1,non_mix,000010,control_negative,0.621452,cpu
Chinese#ZH-Alto-1#Pharyngeal#失落沙洲#Control_Group#0007,D:\-MindEcho-main\ml_dl_models\gtsinger_multitech\dataset\raw\Chinese\ZH-Alto-1\Pharyngeal\失落沙洲\Control_Group\0007.wav,Chinese/ZH-Alto-1/Pharyngeal/失落沙洲/Control_Group/0007.wav,Chinese,ZH-Alto-1,失落沙洲,Control_Group,0,0,0,0,1,0,1,non_mix,000010,control_negative,0.471652,cpu
Chinese#ZH-Alto-1#Pharyngeal#失落沙洲#Control_Group#0008,D:\-MindEcho-main\ml_dl_models\gtsinger_multitech\dataset\raw\Chinese\ZH-Alto-1\Pharyngeal\失落沙洲\Control_Group\0008.wav,Chinese/ZH-Alto-1/Pharyngeal/失落沙洲/Control_Group/0008.wav,Chinese,ZH-Alto-1,失落沙洲,Control_Group,0,0,0,0,1,0,1,non_mix,000010,control_negative,0.485273,cpu
Chinese#ZH-Alto-1#Pharyngeal#失落沙洲#Control_Group#0009,D:\-MindEcho-main\ml_dl_models\gtsinger_multitech\dataset\raw\Chinese\ZH-Alto-1\Pharyngeal\失落沙洲\Control_Group\0009.wav,Chinese/ZH-Alto-1/Pharyngeal/失落沙洲/Control_Group/0009.wav,Chinese,ZH-Alto-1,失落沙洲,Control_Group,0,0,0,0,1,0,1,non_mix,000010,control_negative,0.395561,cpu
Chinese#ZH-Alto-1#Pharyngeal#失落沙洲#Control_Group#0010,D:\-MindEcho-main\ml_dl_models\gtsinger_multitech\dataset\raw\Chinese\ZH-Alto-1\Pharyngeal\失落沙洲\Control_Group\0010.wav,Chinese/ZH-Alto-1/Pharyngeal/失落沙洲/Control_Group/0010.wav,Chinese,ZH-Alto-1,失落沙洲,Control_Group,0,0,0,0,1,0,1,non_mix,000010,control_negative,0.204481,cpu
Chinese#ZH-Alto-1#Pharyngeal#失落沙洲#Control_Group#0011,D:\-MindEcho-main\ml_dl_models\gtsinger_multitech\dataset\raw\Chinese\ZH-Alto-1\Pharyngeal\失落沙洲\Control_Group\0011.wav,Chinese/ZH-Alto-1/Pharyngeal/失落沙洲/Control_Group/0011.wav,Chinese,ZH-Alto-1,失落沙洲,Control_Group,0,0,0,0,1,0,1,non_mix,000010,control_negative,0.338075,cpu
Chinese#ZH-Alto-1#Pharyngeal#失落沙洲#Control_Group#0012,D:\-MindEcho-main\ml_dl_models\gtsinger_multitech\dataset\raw\Chinese\ZH-Alto-1\Pharyngeal\失落沙洲\Control_Group\0012.wav,Chinese/ZH-Alto-1/Pharyngeal/失落沙洲/Control_Group/0012.wav,Chinese,ZH-Alto-1,失落沙洲,Control_Group,0,0,0,0,1,0,1,non_mix,000010,control_negative,0.254863,cpu
Chinese#ZH-Alto-1#Breathy#奇妙能力歌#Control_Group#0001,D:\-MindEcho-main\ml_dl_models\gtsinger_multitech\dataset\raw\Chinese\ZH-Alto-1\Breathy\奇妙能力歌\Control_Group\0001.wav,Chinese/ZH-Alto-1/Breathy/奇妙能力歌/Control_Group/0001.wav,Chinese,ZH-Alto-1,奇妙能力歌,Control_Group,0,0,0,0,1,0,1,non_mix,000010,control_negative,0.336773,cpu
Chinese#ZH-Alto-1#Breathy#奇妙能力歌#Control_Group#0002,D:\-MindEcho-main\ml_dl_models\gtsinger_multitech\dataset\raw\Chinese\ZH-Alto-1\Breathy\奇妙能力歌\Control_Group\0002.wav,Chinese/ZH-Alto-1/Breathy/奇妙能力歌/Control_Group/0002.wav,Chinese,ZH-Alto-1,奇妙能力歌,Control_Group,0,0,0,0,1,0,1,non_mix,000010,control_negative,0.362475,cpu
Chinese#ZH-Alto-1#Breathy#奇妙能力歌#Control_Group#0003,D:\-MindEcho-main\ml_dl_models\gtsinger_multitech\dataset\raw\Chinese\ZH-Alto-1\Breathy\奇妙能力歌\Control_Group\0003.wav,Chinese/ZH-Alto-1/Breathy/奇妙能力歌/Control_Group/0003.wav,Chinese,ZH-Alto-1,奇妙能力歌,Control_Group,0,0,0,0,1,0,1,non_mix,000010,control_negative,0.181404,cpu
Chinese#ZH-Alto-1#Breathy#奇妙能力歌#Control_Group#0004,D:\-MindEcho-main\ml_dl_models\gtsinger_multitech\dataset\raw\Chinese\ZH-Alto-1\Breathy\奇妙能力歌\Control_Group\0004.wav,Chinese/ZH-Alto-1/Breathy/奇妙能力歌/Control_Group/0004.wav,Chinese,ZH-Alto-1,奇妙能力歌,Control_Group,0,0,0,0,1,0,1,non_mix,000010,control_negative,0.168431,cpu
Chinese#ZH-Alto-1#Breathy#奇妙能力歌#Control_Group#0006,D:\-MindEcho-main\ml_dl_models\gtsinger_multitech\dataset\raw\Chinese\ZH-Alto-1\Breathy\奇妙能力歌\Control_Group\0006.wav,Chinese/ZH-Alto-1/Breathy/奇妙能力歌/Control_Group/0006.wav,Chinese,ZH-Alto-1,奇妙能力歌,Control_Group,0,0,0,0,1,0,1,non_mix,000010,control_negative,0.216897,cpu
Chinese#ZH-Alto-1#Breathy#奇妙能力歌#Control_Group#0008,D:\-MindEcho-main\ml_dl_models\gtsinger_multitech\dataset\raw\Chinese\ZH-Alto-1\Breathy\奇妙能力歌\Control_Group\0008.wav,Chinese/ZH-Alto-1/Breathy/奇妙能力歌/Control_Group/0008.wav,Chinese,ZH-Alto-1,奇妙能力歌,Control_Group,0,0,0,0,1,0,1,non_mix,000010,control_negative,0.201791,cpu
Chinese#ZH-Alto-1#Breathy#奇妙能力歌#Control_Group#0009,D:\-MindEcho-main\ml_dl_models\gtsinger_multitech\dataset\raw\Chinese\ZH-Alto-1\Breathy\奇妙能力歌\Control_Group\0009.wav,Chinese/ZH-Alto-1/Breathy/奇妙能力歌/Control_Group/0009.wav,Chinese,ZH-Alto-1,奇妙能力歌,Control_Group,0,0,0,0,1,0,1,non_mix,000010,control_negative,0.261758,cpu
Chinese#ZH-Alto-1#Breathy#奇妙能力歌#Control_Group#0010,D:\-MindEcho-main\ml_dl_models\gtsinger_multitech\dataset\raw\Chinese\ZH-Alto-1\Breathy\奇妙能力歌\Control_Group\0010.wav,Chinese/ZH-Alto-1/Breathy/奇妙能力歌/Control_Group/0010.wav,Chinese,ZH-Alto-1,奇妙能力歌,Control_Group,0,0,0,0,1,0,1,non_mix,000010,control_negative,0.084350,cpu
Chinese#ZH-Alto-1#Glissando#奇妙能力歌#Control_Group#0010,D:\-MindEcho-main\ml_dl_models\gtsinger_multitech\dataset\raw\Chinese\ZH-Alto-1\Glissando\奇妙能力歌\Control_Group\0010.wav,Chinese/ZH-Alto-1/Glissando/奇妙能力歌/Control_Group/0010.wav,Chinese,ZH-Alto-1,奇妙能力歌,Control_Group,0,0,0,0,1,0,1,non_mix,000010,control_negative,0.037124,cpu
Chinese#ZH-Alto-1#Glissando#奇妙能力歌#Control_Group#0011,D:\-MindEcho-main\ml_dl_models\gtsinger_multitech\dataset\raw\Chinese\ZH-Alto-1\Glissando\奇妙能力歌\Control_Group\0011.wav,Chinese/ZH-Alto-1/Glissando/奇妙能力歌/Control_Group/0011.wav,Chinese,ZH-Alto-1,奇妙能力歌,Control_Group,0,0,0,0,1,0,1,non_mix,000010,control_negative,0.033437,cpu
Chinese#ZH-Alto-1#Glissando#奇妙能力歌#Control_Group#0015,D:\-MindEcho-main\ml_dl_models\gtsinger_multitech\dataset\raw\Chinese\ZH-Alto-1\Glissando\奇妙能力歌\Control_Group\0015.wav,Chinese/ZH-Alto-1/Glissando/奇妙能力歌/Control_Group/0015.wav,Chinese,ZH-Alto-1,奇妙能力歌,Control_Group,0,0,0,0,1,0,1,non_mix,000010,control_negative,0.071202,cpu
Chinese#ZH-Alto-1#Glissando#奇妙能力歌#Control_Group#0017,D:\-MindEcho-main\ml_dl_models\gtsinger_multitech\dataset\raw\Chinese\ZH-Alto-1\Glissando\奇妙能力歌\Control_Group\0017.wav,Chinese/ZH-Alto-1/Glissando/奇妙能力歌/Control_Group/0017.wav,Chinese,ZH-Alto-1,奇妙能力歌,Control_Group,0,0,0,0,1,0,1,non_mix,000010,control_negative,0.061971,cpu
Chinese#ZH-Alto-1#Glissando#奇妙能力歌#Control_Group#0019,D:\-MindEcho-main\ml_dl_models\gtsinger_multitech\dataset\raw\Chinese\ZH-Alto-1\Glissando\奇妙能力歌\Control_Group\0019.wav,Chinese/ZH-Alto-1/Glissando/奇妙能力歌/Control_Group/0019.wav,Chinese,ZH-Alto-1,奇妙能力歌,Control_Group,0,0,0,0,1,0,1,non_mix,000010,control_negative,0.011929,cpu
Chinese#ZH-Alto-1#Mixed_Voice_and_Falsetto#奇妙能力歌#Control_Group#0000,D:\-MindEcho-main\ml_dl_models\gtsinger_multitech\dataset\raw\Chinese\ZH-Alto-1\Mixed_Voice_and_Falsetto\奇妙能力歌\Control_Group\0000.wav,Chinese/ZH-Alto-1/Mixed_Voice_and_Falsetto/奇妙能力歌/Control_Group/0000.wav,Chinese,ZH-Alto-1,奇妙能力歌,Control_Group,0,0,0,0,1,0,1,non_mix,000010,control_negative,0.147125,cpu
Chinese#ZH-Alto-1#Mixed_Voice_and_Falsetto#奇妙能力歌#Control_Group#0001,D:\-MindEcho-main\ml_dl_models\gtsinger_multitech\dataset\raw\Chinese\ZH-Alto-1\Mixed_Voice_and_Falsetto\奇妙能力歌\Control_Group\0001.wav,Chinese/ZH-Alto-1/Mixed_Voice_and_Falsetto/奇妙能力歌/Control_Group/0001.wav,Chinese,ZH-Alto-1,奇妙能力歌,Control_Group,0,0,0,0,1,0,1,non_mix,000010,control_negative,0.141229,cpu
Chinese#ZH-Alto-1#Mixed_Voice_and_Falsetto#奇妙能力歌#Control_Group#0002,D:\-MindEcho-main\ml_dl_models\gtsinger_multitech\dataset\raw\Chinese\ZH-Alto-1\Mixed_Voice_and_Falsetto\奇妙能力歌\Control_Group\0002.wav,Chinese/ZH-Alto-1/Mixed_Voice_and_Falsetto/奇妙能力歌/Control_Group/0002.wav,Chinese,ZH-Alto-1,奇妙能力歌,Control_Group,0,0,0,0,1,0,1,non_mix,000010,control_negative,0.066519,cpu
Chinese#ZH-Alto-1#Vibrato#奇妙能力歌#Control_Group#0000,D:\-MindEcho-main\ml_dl_models\gtsinger_multitech\dataset\raw\Chinese\ZH-Alto-1\Vibrato\奇妙能力歌\Control_Group\0000.wav,Chinese/ZH-Alto-1/Vibrato/奇妙能力歌/Control_Group/0000.wav,Chinese,ZH-Alto-1,奇妙能力歌,Control_Group,0,0,0,0,1,0,1,non_mix,000010,control_negative,0.070425,cpu
Chinese#ZH-Alto-1#Vibrato#奇妙能力歌#Control_Group#0001,D:\-MindEcho-main\ml_dl_models\gtsinger_multitech\dataset\raw\Chinese\ZH-Alto-1\Vibrato\奇妙能力歌\Control_Group\0001.wav,Chinese/ZH-Alto-1/Vibrato/奇妙能力歌/Control_Group/0001.wav,Chinese,ZH-Alto-1,奇妙能力歌,Control_Group,0,0,0,0,1,0,1,non_mix,000010,control_negative,0.360177,cpu
Chinese#ZH-Alto-1#Vibrato#奇妙能力歌#Control_Group#0002,D:\-MindEcho-main\ml_dl_models\gtsinger_multitech\dataset\raw\Chinese\ZH-Alto-1\Vibrato\奇妙能力歌\Control_Group\0002.wav,Chinese/ZH-Alto-1/Vibrato/奇妙能力歌/Control_Group/0002.wav,Chinese,ZH-Alto-1,奇妙能力歌,Control_Group,0,0,0,0,1,0,1,non_mix,000010,control_negative,0.046526,cpu
Chinese#ZH-Alto-1#Vibrato#奇妙能力歌#Control_Group#0003,D:\-MindEcho-main\ml_dl_models\gtsinger_multitech\dataset\raw\Chinese\ZH-Alto-1\Vibrato\奇妙能力歌\Control_Group\0003.wav,Chinese/ZH-Alto-1/Vibrato/奇妙能力歌/Control_Group/0003.wav,Chinese,ZH-Alto-1,奇妙能力歌,Control_Group,0,0,0,0,1,0,1,non_mix,000010,control_negative,0.125146,cpu
Chinese#ZH-Alto-1#Vibrato#奇妙能力歌#Control_Group#0004,D:\-MindEcho-main\ml_dl_models\gtsinger_multitech\dataset\raw\Chinese\ZH-Alto-1\Vibrato\奇妙能力歌\Control_Group\0004.wav,Chinese/ZH-Alto-1/Vibrato/奇妙能力歌/Control_Group/0004.wav,Chinese,ZH-Alto-1,奇妙能力歌,Control_Group,0,0,0,0,1,0,1,non_mix,000010,control_negative,0.464661,cpu
Chinese#ZH-Alto-1#Vibrato#奇妙能力歌#Control_Group#0005,D:\-MindEcho-main\ml_dl_models\gtsinger_multitech\dataset\raw\Chinese\ZH-Alto-1\Vibrato\奇妙能力歌\Control_Group\0005.wav,Chinese/ZH-Alto-1/Vibrato/奇妙能力歌/Control_Group/0005.wav,Chinese,ZH-Alto-1,奇妙能力歌,Control_Group,0,0,0,0,1,0,1,non_mix,000010,control_negative,0.295925,cpu
Chinese#ZH-Alto-1#Vibrato#奇妙能力歌#Control_Group#0006,D:\-MindEcho-main\ml_dl_models\gtsinger_multitech\dataset\raw\Chinese\ZH-Alto-1\Vibrato\奇妙能力歌\Control_Group\0006.wav,Chinese/ZH-Alto-1/Vibrato/奇妙能力歌/Control_Group/0006.wav,Chinese,ZH-Alto-1,奇妙能力歌,Control_Group,0,0,0,0,1,0,1,non_mix,000010,control_negative,0.284170,cpu
Chinese#ZH-Alto-1#Vibrato#奇妙能力歌#Control_Group#0008,D:\-MindEcho-main\ml_dl_models\gtsinger_multitech\dataset\raw\Chinese\ZH-Alto-1\Vibrato\奇妙能力歌\Control_Group\0008.wav,Chinese/ZH-Alto-1/Vibrato/奇妙能力歌/Control_Group/0008.wav,Chinese,ZH-Alto-1,奇妙能力歌,Control_Group,0,0,0,0,1,0,1,non_mix,000010,control_negative,0.259714,cpu
Chinese#ZH-Alto-1#Glissando#她说#Control_Group#0000,D:\-MindEcho-main\ml_dl_models\gtsinger_multitech\dataset\raw\Chinese\ZH-Alto-1\Glissando\她说\Control_Group\0000.wav,Chinese/ZH-Alto-1/Glissando/她说/Control_Group/0000.wav,Chinese,ZH-Alto-1,她说,Control_Group,0,0,0,0,1,0,1,non_mix,000010,control_negative,0.225471,cpu
Chinese#ZH-Alto-1#Glissando#她说#Control_Group#0003,D:\-MindEcho-main\ml_dl_models\gtsinger_multitech\dataset\raw\Chinese\ZH-Alto-1\Glissando\她说\Control_Group\0003.wav,Chinese/ZH-Alto-1/Glissando/她说/Control_Group/0003.wav,Chinese,ZH-Alto-1,她说,Control_Group,0,0,0,0,1,0,1,non_mix,000010,control_negative,0.118723,cpu
Chinese#ZH-Alto-1#Glissando#她说#Control_Group#0008,D:\-MindEcho-main\ml_dl_models\gtsinger_multitech\dataset\raw\Chinese\ZH-Alto-1\Glissando\她说\Control_Group\0008.wav,Chinese/ZH-Alto-1/Glissando/她说/Control_Group/0008.wav,Chinese,ZH-Alto-1,她说,Control_Group,0,0,0,0,1,0,1,non_mix,000010,control_negative,0.143089,cpu
Chinese#ZH-Alto-1#Glissando#她说#Control_Group#0009,D:\-MindEcho-main\ml_dl_models\gtsinger_multitech\dataset\raw\Chinese\ZH-Alto-1\Glissando\她说\Control_Group\0009.wav,Chinese/ZH-Alto-1/Glissando/她说/Control_Group/0009.wav,Chinese,ZH-Alto-1,她说,Control_Group,0,0,0,0,1,0,1,non_mix,000010,control_negative,0.134605,cpu
Chinese#ZH-Alto-1#Glissando#她说#Control_Group#0010,D:\-MindEcho-main\ml_dl_models\gtsinger_multitech\dataset\raw\Chinese\ZH-Alto-1\Glissando\她说\Control_Group\0010.wav,Chinese/ZH-Alto-1/Glissando/她说/Control_Group/0010.wav,Chinese,ZH-Alto-1,她说,Control_Group,0,0,0,0,1,0,1,non_mix,000010,control_negative,0.080783,cpu
Chinese#ZH-Alto-1#Vibrato#好久不见#Control_Group#0000,D:\-MindEcho-main\ml_dl_models\gtsinger_multitech\dataset\raw\Chinese\ZH-Alto-1\Vibrato\好久不见\Control_Group\0000.wav,Chinese/ZH-Alto-1/Vibrato/好久不见/Control_Group/0000.wav,Chinese,ZH-Alto-1,好久不见,Control_Group,0,0,0,0,1,0,1,non_mix,000010,control_negative,0.168417,cpu
Chinese#ZH-Alto-1#Vibrato#好久不见#Control_Group#0001,D:\-MindEcho-main\ml_dl_models\gtsinger_multitech\dataset\raw\Chinese\ZH-Alto-1\Vibrato\好久不见\Control_Group\0001.wav,Chinese/ZH-Alto-1/Vibrato/好久不见/Control_Group/0001.wav,Chinese,ZH-Alto-1,好久不见,Control_Group,0,0,0,0,1,0,1,non_mix,000010,control_negative,0.279926,cpu
Chinese#ZH-Alto-1#Vibrato#好久不见#Control_Group#0003,D:\-MindEcho-main\ml_dl_models\gtsinger_multitech\dataset\raw\Chinese\ZH-Alto-1\Vibrato\好久不见\Control_Group\0003.wav,Chinese/ZH-Alto-1/Vibrato/好久不见/Control_Group/0003.wav,Chinese,ZH-Alto-1,好久不见,Control_Group,0,0,0,0,1,0,1,non_mix,000010,control_negative,0.274655,cpu
Chinese#ZH-Alto-1#Vibrato#好久不见#Control_Group#0004,D:\-MindEcho-main\ml_dl_models\gtsinger_multitech\dataset\raw\Chinese\ZH-Alto-1\Vibrato\好久不见\Control_Group\0004.wav,Chinese/ZH-Alto-1/Vibrato/好久不见/Control_Group/0004.wav,Chinese,ZH-Alto-1,好久不见,Control_Group,0,0,0,0,1,0,1,non_mix,000010,control_negative,0.452416,cpu
Chinese#ZH-Alto-1#Vibrato#好久不见#Control_Group#0006,D:\-MindEcho-main\ml_dl_models\gtsinger_multitech\dataset\raw\Chinese\ZH-Alto-1\Vibrato\好久不见\Control_Group\0006.wav,Chinese/ZH-Alto-1/Vibrato/好久不见/Control_Group/0006.wav,Chinese,ZH-Alto-1,好久不见,Control_Group,0,0,0,1,1,0,1,non_mix,000110,control_negative,0.359096,cpu
Chinese#ZH-Alto-1#Vibrato#好久不见#Control_Group#0007,D:\-MindEcho-main\ml_dl_models\gtsinger_multitech\dataset\raw\Chinese\ZH-Alto-1\Vibrato\好久不见\Control_Group\0007.wav,Chinese/ZH-Alto-1/Vibrato/好久不见/Control_Group/0007.wav,Chinese,ZH-Alto-1,好久不见,Control_Group,0,0,0,0,1,0,1,non_mix,000010,control_negative,0.225666,cpu
Chinese#ZH-Alto-1#Vibrato#安和桥#Control_Group#0002,D:\-MindEcho-main\ml_dl_models\gtsinger_multitech\dataset\raw\Chinese\ZH-Alto-1\Vibrato\安和桥\Control_Group\0002.wav,Chinese/ZH-Alto-1/Vibrato/安和桥/Control_Group/0002.wav,Chinese,ZH-Alto-1,安和桥,Control_Group,0,0,0,0,1,0,1,non_mix,000010,control_negative,0.377152,cpu
Chinese#ZH-Alto-1#Vibrato#安和桥#Control_Group#0004,D:\-MindEcho-main\ml_dl_models\gtsinger_multitech\dataset\raw\Chinese\ZH-Alto-1\Vibrato\安和桥\Control_Group\0004.wav,Chinese/ZH-Alto-1/Vibrato/安和桥/Control_Group/0004.wav,Chinese,ZH-Alto-1,安和桥,Control_Group,0,0,0,0,1,0,1,non_mix,000010,control_negative,0.253539,cpu
Chinese#ZH-Alto-1#Vibrato#安和桥#Control_Group#0006,D:\-MindEcho-main\ml_dl_models\gtsinger_multitech\dataset\raw\Chinese\ZH-Alto-1\Vibrato\安和桥\Control_Group\0006.wav,Chinese/ZH-Alto-1/Vibrato/安和桥/Control_Group/0006.wav,Chinese,ZH-Alto-1,安和桥,Control_Group,0,0,0,0,1,0,1,non_mix,000010,control_negative,0.418701,cpu
Chinese#ZH-Alto-1#Vibrato#安和桥#Control_Group#0008,D:\-MindEcho-main\ml_dl_models\gtsinger_multitech\dataset\raw\Chinese\ZH-Alto-1\Vibrato\安和桥\Control_Group\0008.wav,Chinese/ZH-Alto-1/Vibrato/安和桥/Control_Group/0008.wav,Chinese,ZH-Alto-1,安和桥,Control_Group,0,0,0,0,1,0,1,non_mix,000010,control_negative,0.241016,cpu
Chinese#ZH-Alto-1#Pharyngeal#小半#Control_Group#0000,D:\-MindEcho-main\ml_dl_models\gtsinger_multitech\dataset\raw\Chinese\ZH-Alto-1\Pharyngeal\小半\Control_Group\0000.wav,Chinese/ZH-Alto-1/Pharyngeal/小半/Control_Group/0000.wav,Chinese,ZH-Alto-1,小半,Control_Group,0,0,0,0,1,0,1,non_mix,000010,control_negative,0.347064,cpu
Chinese#ZH-Alto-1#Pharyngeal#小半#Control_Group#0001,D:\-MindEcho-main\ml_dl_models\gtsinger_multitech\dataset\raw\Chinese\ZH-Alto-1\Pharyngeal\小半\Control_Group\0001.wav,Chinese/ZH-Alto-1/Pharyngeal/小半/Control_Group/0001.wav,Chinese,ZH-Alto-1,小半,Control_Group,0,0,0,0,1,0,1,non_mix,000010,control_negative,0.321401,cpu
Chinese#ZH-Alto-1#Pharyngeal#小半#Control_Group#0002,D:\-MindEcho-main\ml_dl_models\gtsinger_multitech\dataset\raw\Chinese\ZH-Alto-1\Pharyngeal\小半\Control_Group\0002.wav,Chinese/ZH-Alto-1/Pharyngeal/小半/Control_Group/0002.wav,Chinese,ZH-Alto-1,小半,Control_Group,0,0,0,0,1,0,1,non_mix,000010,control_negative,0.356708,cpu
Chinese#ZH-Alto-1#Pharyngeal#小半#Control_Group#0003,D:\-MindEcho-main\ml_dl_models\gtsinger_multitech\dataset\raw\Chinese\ZH-Alto-1\Pharyngeal\小半\Control_Group\0003.wav,Chinese/ZH-Alto-1/Pharyngeal/小半/Control_Group/0003.wav,Chinese,ZH-Alto-1,小半,Control_Group,0,0,0,0,1,0,1,non_mix,000010,control_negative,0.190581,cpu
Chinese#ZH-Alto-1#Pharyngeal#小半#Control_Group#0006,D:\-MindEcho-main\ml_dl_models\gtsinger_multitech\dataset\raw\Chinese\ZH-Alto-1\Pharyngeal\小半\Control_Group\0006.wav,Chinese/ZH-Alto-1/Pharyngeal/小半/Control_Group/0006.wav,Chinese,ZH-Alto-1,小半,Control_Group,0,0,0,0,1,0,1,non_mix,000010,control_negative,0.414565,cpu
Chinese#ZH-Alto-1#Glissando#岁月神偷#Control_Group#0000,D:\-MindEcho-main\ml_dl_models\gtsinger_multitech\dataset\raw\Chinese\ZH-Alto-1\Glissando\岁月神偷\Control_Group\0000.wav,Chinese/ZH-Alto-1/Glissando/岁月神偷/Control_Group/0000.wav,Chinese,ZH-Alto-1,岁月神偷,Control_Group,0,0,0,0,1,0,1,non_mix,000010,control_negative,0.183756,cpu
Chinese#ZH-Alto-1#Glissando#岁月神偷#Control_Group#0002,D:\-MindEcho-main\ml_dl_models\gtsinger_multitech\dataset\raw\Chinese\ZH-Alto-1\Glissando\岁月神偷\Control_Group\0002.wav,Chinese/ZH-Alto-1/Glissando/岁月神偷/Control_Group/0002.wav,Chinese,ZH-Alto-1,岁月神偷,Control_Group,0,0,0,0,1,0,1,non_mix,000010,control_negative,0.128350,cpu
Chinese#ZH-Alto-1#Glissando#岁月神偷#Control_Group#0003,D:\-MindEcho-main\ml_dl_models\gtsinger_multitech\dataset\raw\Chinese\ZH-Alto-1\Glissando\岁月神偷\Control_Group\0003.wav,Chinese/ZH-Alto-1/Glissando/岁月神偷/Control_Group/0003.wav,Chinese,ZH-Alto-1,岁月神偷,Control_Group,0,0,0,0,1,0,1,non_mix,000010,control_negative,0.097543,cpu
Chinese#ZH-Alto-1#Glissando#岁月神偷#Control_Group#0008,D:\-MindEcho-main\ml_dl_models\gtsinger_multitech\dataset\raw\Chinese\ZH-Alto-1\Glissando\岁月神偷\Control_Group\0008.wav,Chinese/ZH-Alto-1/Glissando/岁月神偷/Control_Group/0008.wav,Chinese,ZH-Alto-1,岁月神偷,Control_Group,0,0,0,0,1,0,1,non_mix,000010,control_negative,0.072409,cpu
Chinese#ZH-Alto-1#Mixed_Voice_and_Falsetto#岁月神偷#Control_Group#0000,D:\-MindEcho-main\ml_dl_models\gtsinger_multitech\dataset\raw\Chinese\ZH-Alto-1\Mixed_Voice_and_Falsetto\岁月神偷\Control_Group\0000.wav,Chinese/ZH-Alto-1/Mixed_Voice_and_Falsetto/岁月神偷/Control_Group/0000.wav,Chinese,ZH-Alto-1,岁月神偷,Control_Group,0,0,0,0,1,0,1,non_mix,000010,control_negative,0.196886,cpu
Chinese#ZH-Alto-1#Mixed_Voice_and_Falsetto#岁月神偷#Control_Group#0001,D:\-MindEcho-main\ml_dl_models\gtsinger_multitech\dataset\raw\Chinese\ZH-Alto-1\Mixed_Voice_and_Falsetto\岁月神偷\Control_Group\0001.wav,Chinese/ZH-Alto-1/Mixed_Voice_and_Falsetto/岁月神偷/Control_Group/0001.wav,Chinese,ZH-Alto-1,岁月神偷,Control_Group,0,0,0,0,1,0,1,non_mix,000010,control_negative,0.404382,cpu
Chinese#ZH-Alto-1#Mixed_Voice_and_Falsetto#岁月神偷#Control_Group#0003,D:\-MindEcho-main\ml_dl_models\gtsinger_multitech\dataset\raw\Chinese\ZH-Alto-1\Mixed_Voice_and_Falsetto\岁月神偷\Control_Group\0003.wav,Chinese/ZH-Alto-1/Mixed_Voice_and_Falsetto/岁月神偷/Control_Group/0003.wav,Chinese,ZH-Alto-1,岁月神偷,Control_Group,0,0,0,0,1,0,1,non_mix,000010,control_negative,0.057565,cpu
Chinese#ZH-Alto-1#Mixed_Voice_and_Falsetto#平凡之路#Control_Group#0001,D:\-MindEcho-main\ml_dl_models\gtsinger_multitech\dataset\raw\Chinese\ZH-Alto-1\Mixed_Voice_and_Falsetto\平凡之路\Control_Group\0001.wav,Chinese/ZH-Alto-1/Mixed_Voice_and_Falsetto/平凡之路/Control_Group/0001.wav,Chinese,ZH-Alto-1,平凡之路,Control_Group,0,0,0,0,1,0,1,non_mix,000010,control_negative,0.233875,cpu
Chinese#ZH-Alto-1#Mixed_Voice_and_Falsetto#平凡之路#Control_Group#0004,D:\-MindEcho-main\ml_dl_models\gtsinger_multitech\dataset\raw\Chinese\ZH-Alto-1\Mixed_Voice_and_Falsetto\平凡之路\Control_Group\0004.wav,Chinese/ZH-Alto-1/Mixed_Voice_and_Falsetto/平凡之路/Control_Group/0004.wav,Chinese,ZH-Alto-1,平凡之路,Control_Group,0,0,0,0,1,0,1,non_mix,000010,control_negative,0.088283,cpu
Chinese#ZH-Alto-1#Mixed_Voice_and_Falsetto#平凡之路#Control_Group#0007,D:\-MindEcho-main\ml_dl_models\gtsinger_multitech\dataset\raw\Chinese\ZH-Alto-1\Mixed_Voice_and_Falsetto\平凡之路\Control_Group\0007.wav,Chinese/ZH-Alto-1/Mixed_Voice_and_Falsetto/平凡之路/Control_Group/0007.wav,Chinese,ZH-Alto-1,平凡之路,Control_Group,0,0,0,0,1,0,1,non_mix,000010,control_negative,0.054211,cpu
Chinese#ZH-Alto-1#Glissando#平凡的一天#Control_Group#0005,D:\-MindEcho-main\ml_dl_models\gtsinger_multitech\dataset\raw\Chinese\ZH-Alto-1\Glissando\平凡的一天\Control_Group\0005.wav,Chinese/ZH-Alto-1/Glissando/平凡的一天/Control_Group/0005.wav,Chinese,ZH-Alto-1,平凡的一天,Control_Group,0,0,0,0,1,0,1,non_mix,000010,control_negative,0.224132,cpu
Chinese#ZH-Alto-1#Mixed_Voice_and_Falsetto#平凡的一天#Control_Group#0000,D:\-MindEcho-main\ml_dl_models\gtsinger_multitech\dataset\raw\Chinese\ZH-Alto-1\Mixed_Voice_and_Falsetto\平凡的一天\Control_Group\0000.wav,Chinese/ZH-Alto-1/Mixed_Voice_and_Falsetto/平凡的一天/Control_Group/0000.wav,Chinese,ZH-Alto-1,平凡的一天,Control_Group,0,0,0,0,1,0,1,non_mix,000010,control_negative,0.112471,cpu
Chinese#ZH-Alto-1#Mixed_Voice_and_Falsetto#平凡的一天#Control_Group#0001,D:\-MindEcho-main\ml_dl_models\gtsinger_multitech\dataset\raw\Chinese\ZH-Alto-1\Mixed_Voice_and_Falsetto\平凡的一天\Control_Group\0001.wav,Chinese/ZH-Alto-1/Mixed_Voice_and_Falsetto/平凡的一天/Control_Group/0001.wav,Chinese,ZH-Alto-1,平凡的一天,Control_Group,0,0,0,0,1,0,1,non_mix,000010,control_negative,0.184573,cpu
Chinese#ZH-Alto-1#Mixed_Voice_and_Falsetto#平凡的一天#Control_Group#0002,D:\-MindEcho-main\ml_dl_models\gtsinger_multitech\dataset\raw\Chinese\ZH-Alto-1\Mixed_Voice_and_Falsetto\平凡的一天\Control_Group\0002.wav,Chinese/ZH-Alto-1/Mixed_Voice_and_Falsetto/平凡的一天/Control_Group/0002.wav,Chinese,ZH-Alto-1,平凡的一天,Control_Group,0,0,0,0,1,0,1,non_mix,000010,control_negative,0.134186,cpu
Chinese#ZH-Alto-1#Mixed_Voice_and_Falsetto#平凡的一天#Control_Group#0003,D:\-MindEcho-main\ml_dl_models\gtsinger_multitech\dataset\raw\Chinese\ZH-Alto-1\Mixed_Voice_and_Falsetto\平凡的一天\Control_Group\0003.wav,Chinese/ZH-Alto-1/Mixed_Voice_and_Falsetto/平凡的一天/Control_Group/0003.wav,Chinese,ZH-Alto-1,平凡的一天,Control_Group,0,0,0,0,1,0,1,non_mix,000010,control_negative,0.254421,cpu
Chinese#ZH-Alto-1#Mixed_Voice_and_Falsetto#平凡的一天#Control_Group#0004,D:\-MindEcho-main\ml_dl_models\gtsinger_multitech\dataset\raw\Chinese\ZH-Alto-1\Mixed_Voice_and_Falsetto\平凡的一天\Control_Group\0004.wav,Chinese/ZH-Alto-1/Mixed_Voice_and_Falsetto/平凡的一天/Control_Group/0004.wav,Chinese,ZH-Alto-1,平凡的一天,Control_Group,0,0,0,0,1,0,1,non_mix,000010,control_negative,0.225239,cpu
Chinese#ZH-Alto-1#Mixed_Voice_and_Falsetto#平凡的一天#Control_Group#0005,D:\-MindEcho-main\ml_dl_models\gtsinger_multitech\dataset\raw\Chinese\ZH-Alto-1\Mixed_Voice_and_Falsetto\平凡的一天\Control_Group\0005.wav,Chinese/ZH-Alto-1/Mixed_Voice_and_Falsetto/平凡的一天/Control_Group/0005.wav,Chinese,ZH-Alto-1,平凡的一天,Control_Group,0,0,0,0,1,0,1,non_mix,000010,control_negative,0.152003,cpu
Chinese#ZH-Alto-1#Mixed_Voice_and_Falsetto#平凡的一天#Control_Group#0006,D:\-MindEcho-main\ml_dl_models\gtsinger_multitech\dataset\raw\Chinese\ZH-Alto-1\Mixed_Voice_and_Falsetto\平凡的一天\Control_Group\0006.wav,Chinese/ZH-Alto-1/Mixed_Voice_and_Falsetto/平凡的一天/Control_Group/0006.wav,Chinese,ZH-Alto-1,平凡的一天,Control_Group,0,0,0,0,1,0,1,non_mix,000010,control_negative,0.101583,cpu
Chinese#ZH-Alto-1#Mixed_Voice_and_Falsetto#年轮#Control_Group#0000,D:\-MindEcho-main\ml_dl_models\gtsinger_multitech\dataset\raw\Chinese\ZH-Alto-1\Mixed_Voice_and_Falsetto\年轮\Control_Group\0000.wav,Chinese/ZH-Alto-1/Mixed_Voice_and_Falsetto/年轮/Control_Group/0000.wav,Chinese,ZH-Alto-1,年轮,Control_Group,0,0,0,0,1,0,1,non_mix,000010,control_negative,0.224609,cpu
Chinese#ZH-Alto-1#Mixed_Voice_and_Falsetto#年轮#Control_Group#0001,D:\-MindEcho-main\ml_dl_models\gtsinger_multitech\dataset\raw\Chinese\ZH-Alto-1\Mixed_Voice_and_Falsetto\年轮\Control_Group\0001.wav,Chinese/ZH-Alto-1/Mixed_Voice_and_Falsetto/年轮/Control_Group/0001.wav,Chinese,ZH-Alto-1,年轮,Control_Group,0,0,0,0,1,0,1,non_mix,000010,control_negative,0.072018,cpu
Chinese#ZH-Alto-1#Mixed_Voice_and_Falsetto#年轮#Control_Group#0002,D:\-MindEcho-main\ml_dl_models\gtsinger_multitech\dataset\raw\Chinese\ZH-Alto-1\Mixed_Voice_and_Falsetto\年轮\Control_Group\0002.wav,Chinese/ZH-Alto-1/Mixed_Voice_and_Falsetto/年轮/Control_Group/0002.wav,Chinese,ZH-Alto-1,年轮,Control_Group,0,0,0,1,1,0,1,non_mix,000110,control_negative,0.314770,cpu
Chinese#ZH-Alto-1#Vibrato#年轮#Control_Group#0000,D:\-MindEcho-main\ml_dl_models\gtsinger_multitech\dataset\raw\Chinese\ZH-Alto-1\Vibrato\年轮\Control_Group\0000.wav,Chinese/ZH-Alto-1/Vibrato/年轮/Control_Group/0000.wav,Chinese,ZH-Alto-1,年轮,Control_Group,0,0,0,0,1,0,1,non_mix,000010,control_negative,0.146964,cpu
Chinese#ZH-Alto-1#Vibrato#年轮#Control_Group#0001,D:\-MindEcho-main\ml_dl_models\gtsinger_multitech\dataset\raw\Chinese\ZH-Alto-1\Vibrato\年轮\Control_Group\0001.wav,Chinese/ZH-Alto-1/Vibrato/年轮/Control_Group/0001.wav,Chinese,ZH-Alto-1,年轮,Control_Group,0,0,0,0,1,0,1,non_mix,000010,control_negative,0.108453,cpu
Chinese#ZH-Alto-1#Vibrato#年轮#Control_Group#0002,D:\-MindEcho-main\ml_dl_models\gtsinger_multitech\dataset\raw\Chinese\ZH-Alto-1\Vibrato\年轮\Control_Group\0002.wav,Chinese/ZH-Alto-1/Vibrato/年轮/Control_Group/0002.wav,Chinese,ZH-Alto-1,年轮,Control_Group,0,0,0,0,1,0,1,non_mix,000010,control_negative,0.209957,cpu
Chinese#ZH-Alto-1#Vibrato#年轮#Control_Group#0003,D:\-MindEcho-main\ml_dl_models\gtsinger_multitech\dataset\raw\Chinese\ZH-Alto-1\Vibrato\年轮\Control_Group\0003.wav,Chinese/ZH-Alto-1/Vibrato/年轮/Control_Group/0003.wav,Chinese,ZH-Alto-1,年轮,Control_Group,0,0,0,0,1,0,1,non_mix,000010,control_negative,0.304068,cpu
Chinese#ZH-Alto-1#Vibrato#年轮#Control_Group#0004,D:\-MindEcho-main\ml_dl_models\gtsinger_multitech\dataset\raw\Chinese\ZH-Alto-1\Vibrato\年轮\Control_Group\0004.wav,Chinese/ZH-Alto-1/Vibrato/年轮/Control_Group/0004.wav,Chinese,ZH-Alto-1,年轮,Control_Group,0,0,0,0,1,0,1,non_mix,000010,control_negative,0.200088,cpu
Chinese#ZH-Alto-1#Vibrato#年轮#Control_Group#0006,D:\-MindEcho-main\ml_dl_models\gtsinger_multitech\dataset\raw\Chinese\ZH-Alto-1\Vibrato\年轮\Control_Group\0006.wav,Chinese/ZH-Alto-1/Vibrato/年轮/Control_Group/0006.wav,Chinese,ZH-Alto-1,年轮,Control_Group,0,0,0,0,1,0,1,non_mix,000010,control_negative,0.102492,cpu
Chinese#ZH-Alto-1#Vibrato#年轮#Control_Group#0007,D:\-MindEcho-main\ml_dl_models\gtsinger_multitech\dataset\raw\Chinese\ZH-Alto-1\Vibrato\年轮\Control_Group\0007.wav,Chinese/ZH-Alto-1/Vibrato/年轮/Control_Group/0007.wav,Chinese,ZH-Alto-1,年轮,Control_Group,0,0,0,0,1,0,1,non_mix,000010,control_negative,0.076399,cpu
Chinese#ZH-Alto-1#Vibrato#年轮#Control_Group#0008,D:\-MindEcho-main\ml_dl_models\gtsinger_multitech\dataset\raw\Chinese\ZH-Alto-1\Vibrato\年轮\Control_Group\0008.wav,Chinese/ZH-Alto-1/Vibrato/年轮/Control_Group/0008.wav,Chinese,ZH-Alto-1,年轮,Control_Group,0,0,0,0,1,0,1,non_mix,000010,control_negative,0.144019,cpu
Chinese#ZH-Alto-1#Vibrato#年轮#Control_Group#0009,D:\-MindEcho-main\ml_dl_models\gtsinger_multitech\dataset\raw\Chinese\ZH-Alto-1\Vibrato\年轮\Control_Group\0009.wav,Chinese/ZH-Alto-1/Vibrato/年轮/Control_Group/0009.wav,Chinese,ZH-Alto-1,年轮,Control_Group,0,0,0,0,1,0,1,non_mix,000010,control_negative,0.415368,cpu
Chinese#ZH-Alto-1#Vibrato#年轮#Control_Group#0010,D:\-MindEcho-main\ml_dl_models\gtsinger_multitech\dataset\raw\Chinese\ZH-Alto-1\Vibrato\年轮\Control_Group\0010.wav,Chinese/ZH-Alto-1/Vibrato/年轮/Control_Group/0010.wav,Chinese,ZH-Alto-1,年轮,Control_Group,0,0,0,0,1,0,1,non_mix,000010,control_negative,0.187413,cpu
Chinese#ZH-Alto-1#Vibrato#年轮#Control_Group#0011,D:\-MindEcho-main\ml_dl_models\gtsinger_multitech\dataset\raw\Chinese\ZH-Alto-1\Vibrato\年轮\Control_Group\0011.wav,Chinese/ZH-Alto-1/Vibrato/年轮/Control_Group/0011.wav,Chinese,ZH-Alto-1,年轮,Control_Group,0,0,0,0,1,0,1,non_mix,000010,control_negative,0.497736,cpu
Chinese#ZH-Alto-1#Glissando#彩虹#Control_Group#0000,D:\-MindEcho-main\ml_dl_models\gtsinger_multitech\dataset\raw\Chinese\ZH-Alto-1\Glissando\彩虹\Control_Group\0000.wav,Chinese/ZH-Alto-1/Glissando/彩虹/Control_Group/0000.wav,Chinese,ZH-Alto-1,彩虹,Control_Group,0,0,0,0,1,0,1,non_mix,000010,control_negative,0.213224,cpu
Chinese#ZH-Alto-1#Glissando#彩虹#Control_Group#0001,D:\-MindEcho-main\ml_dl_models\gtsinger_multitech\dataset\raw\Chinese\ZH-Alto-1\Glissando\彩虹\Control_Group\0001.wav,Chinese/ZH-Alto-1/Glissando/彩虹/Control_Group/0001.wav,Chinese,ZH-Alto-1,彩虹,Control_Group,0,0,0,0,1,0,1,non_mix,000010,control_negative,0.266628,cpu
Chinese#ZH-Alto-1#Glissando#彩虹#Control_Group#0003,D:\-MindEcho-main\ml_dl_models\gtsinger_multitech\dataset\raw\Chinese\ZH-Alto-1\Glissando\彩虹\Control_Group\0003.wav,Chinese/ZH-Alto-1/Glissando/彩虹/Control_Group/0003.wav,Chinese,ZH-Alto-1,彩虹,Control_Group,0,0,0,0,1,0,1,non_mix,000010,control_negative,0.291103,cpu
Chinese#ZH-Alto-1#Vibrato#彩虹#Control_Group#0000,D:\-MindEcho-main\ml_dl_models\gtsinger_multitech\dataset\raw\Chinese\ZH-Alto-1\Vibrato\彩虹\Control_Group\0000.wav,Chinese/ZH-Alto-1/Vibrato/彩虹/Control_Group/0000.wav,Chinese,ZH-Alto-1,彩虹,Control_Group,0,0,0,0,1,0,1,non_mix,000010,control_negative,0.037964,cpu
Chinese#ZH-Alto-1#Vibrato#彩虹#Control_Group#0001,D:\-MindEcho-main\ml_dl_models\gtsinger_multitech\dataset\raw\Chinese\ZH-Alto-1\Vibrato\彩虹\Control_Group\0001.wav,Chinese/ZH-Alto-1/Vibrato/彩虹/Control_Group/0001.wav,Chinese,ZH-Alto-1,彩虹,Control_Group,0,0,0,0,1,0,1,non_mix,000010,control_negative,0.213986,cpu
Chinese#ZH-Alto-1#Vibrato#彩虹#Control_Group#0002,D:\-MindEcho-main\ml_dl_models\gtsinger_multitech\dataset\raw\Chinese\ZH-Alto-1\Vibrato\彩虹\Control_Group\0002.wav,Chinese/ZH-Alto-1/Vibrato/彩虹/Control_Group/0002.wav,Chinese,ZH-Alto-1,彩虹,Control_Group,0,0,0,0,1,0,1,non_mix,000010,control_negative,0.142601,cpu
Chinese#ZH-Alto-1#Vibrato#彩虹#Control_Group#0003,D:\-MindEcho-main\ml_dl_models\gtsinger_multitech\dataset\raw\Chinese\ZH-Alto-1\Vibrato\彩虹\Control_Group\0003.wav,Chinese/ZH-Alto-1/Vibrato/彩虹/Control_Group/0003.wav,Chinese,ZH-Alto-1,彩虹,Control_Group,0,0,0,0,1,0,1,non_mix,000010,control_negative,0.172810,cpu
Chinese#ZH-Alto-1#Vibrato#彩虹#Control_Group#0004,D:\-MindEcho-main\ml_dl_models\gtsinger_multitech\dataset\raw\Chinese\ZH-Alto-1\Vibrato\彩虹\Control_Group\0004.wav,Chinese/ZH-Alto-1/Vibrato/彩虹/Control_Group/0004.wav,Chinese,ZH-Alto-1,彩虹,Control_Group,0,0,0,0,1,0,1,non_mix,000010,control_negative,0.267705,cpu
Chinese#ZH-Alto-1#Vibrato#彩虹#Control_Group#0005,D:\-MindEcho-main\ml_dl_models\gtsinger_multitech\dataset\raw\Chinese\ZH-Alto-1\Vibrato\彩虹\Control_Group\0005.wav,Chinese/ZH-Alto-1/Vibrato/彩虹/Control_Group/0005.wav,Chinese,ZH-Alto-1,彩虹,Control_Group,0,0,0,0,1,0,1,non_mix,000010,control_negative,0.090017,cpu
Chinese#ZH-Alto-1#Vibrato#彩虹#Control_Group#0006,D:\-MindEcho-main\ml_dl_models\gtsinger_multitech\dataset\raw\Chinese\ZH-Alto-1\Vibrato\彩虹\Control_Group\0006.wav,Chinese/ZH-Alto-1/Vibrato/彩虹/Control_Group/0006.wav,Chinese,ZH-Alto-1,彩虹,Control_Group,0,0,0,0,1,0,1,non_mix,000010,control_negative,0.422275,cpu
Chinese#ZH-Alto-1#Vibrato#彩虹#Control_Group#0009,D:\-MindEcho-main\ml_dl_models\gtsinger_multitech\dataset\raw\Chinese\ZH-Alto-1\Vibrato\彩虹\Control_Group\0009.wav,Chinese/ZH-Alto-1/Vibrato/彩虹/Control_Group/0009.wav,Chinese,ZH-Alto-1,彩虹,Control_Group,0,0,0,0,1,0,1,non_mix,000010,control_negative,0.014875,cpu
Chinese#ZH-Alto-1#Vibrato#彩虹#Control_Group#0010,D:\-MindEcho-main\ml_dl_models\gtsinger_multitech\dataset\raw\Chinese\ZH-Alto-1\Vibrato\彩虹\Control_Group\0010.wav,Chinese/ZH-Alto-1/Vibrato/彩虹/Control_Group/0010.wav,Chinese,ZH-Alto-1,彩虹,Control_Group,0,0,0,0,1,0,1,non_mix,000010,control_negative,0.250100,cpu
Chinese#ZH-Alto-1#Mixed_Voice_and_Falsetto#忽然之间#Control_Group#0000,D:\-MindEcho-main\ml_dl_models\gtsinger_multitech\dataset\raw\Chinese\ZH-Alto-1\Mixed_Voice_and_Falsetto\忽然之间\Control_Group\0000.wav,Chinese/ZH-Alto-1/Mixed_Voice_and_Falsetto/忽然之间/Control_Group/0000.wav,Chinese,ZH-Alto-1,忽然之间,Control_Group,0,0,0,0,1,0,1,non_mix,000010,control_negative,0.468342,cpu
Chinese#ZH-Alto-1#Mixed_Voice_and_Falsetto#忽然之间#Control_Group#0001,D:\-MindEcho-main\ml_dl_models\gtsinger_multitech\dataset\raw\Chinese\ZH-Alto-1\Mixed_Voice_and_Falsetto\忽然之间\Control_Group\0001.wav,Chinese/ZH-Alto-1/Mixed_Voice_and_Falsetto/忽然之间/Control_Group/0001.wav,Chinese,ZH-Alto-1,忽然之间,Control_Group,0,0,0,0,1,0,1,non_mix,000010,control_negative,0.309729,cpu
Chinese#ZH-Alto-1#Mixed_Voice_and_Falsetto#忽然之间#Control_Group#0002,D:\-MindEcho-main\ml_dl_models\gtsinger_multitech\dataset\raw\Chinese\ZH-Alto-1\Mixed_Voice_and_Falsetto\忽然之间\Control_Group\0002.wav,Chinese/ZH-Alto-1/Mixed_Voice_and_Falsetto/忽然之间/Control_Group/0002.wav,Chinese,ZH-Alto-1,忽然之间,Control_Group,0,0,0,0,1,0,1,non_mix,000010,control_negative,0.580378,cpu
Chinese#ZH-Alto-1#Mixed_Voice_and_Falsetto#忽然之间#Control_Group#0003,D:\-MindEcho-main\ml_dl_models\gtsinger_multitech\dataset\raw\Chinese\ZH-Alto-1\Mixed_Voice_and_Falsetto\忽然之间\Control_Group\0003.wav,Chinese/ZH-Alto-1/Mixed_Voice_and_Falsetto/忽然之间/Control_Group/0003.wav,Chinese,ZH-Alto-1,忽然之间,Control_Group,0,0,0,0,1,0,1,non_mix,000010,control_negative,0.402015,cpu
Chinese#ZH-Alto-1#Mixed_Voice_and_Falsetto#忽然之间#Control_Group#0004,D:\-MindEcho-main\ml_dl_models\gtsinger_multitech\dataset\raw\Chinese\ZH-Alto-1\Mixed_Voice_and_Falsetto\忽然之间\Control_Group\0004.wav,Chinese/ZH-Alto-1/Mixed_Voice_and_Falsetto/忽然之间/Control_Group/0004.wav,Chinese,ZH-Alto-1,忽然之间,Control_Group,0,0,0,0,1,0,1,non_mix,000010,control_negative,0.576848,cpu
Chinese#ZH-Alto-1#Mixed_Voice_and_Falsetto#忽然之间#Control_Group#0005,D:\-MindEcho-main\ml_dl_models\gtsinger_multitech\dataset\raw\Chinese\ZH-Alto-1\Mixed_Voice_and_Falsetto\忽然之间\Control_Group\0005.wav,Chinese/ZH-Alto-1/Mixed_Voice_and_Falsetto/忽然之间/Control_Group/0005.wav,Chinese,ZH-Alto-1,忽然之间,Control_Group,0,0,0,0,1,0,1,non_mix,000010,control_negative,0.310465,cpu
Chinese#ZH-Alto-1#Mixed_Voice_and_Falsetto#忽然之间#Control_Group#0006,D:\-MindEcho-main\ml_dl_models\gtsinger_multitech\dataset\raw\Chinese\ZH-Alto-1\Mixed_Voice_and_Falsetto\忽然之间\Control_Group\0006.wav,Chinese/ZH-Alto-1/Mixed_Voice_and_Falsetto/忽然之间/Control_Group/0006.wav,Chinese,ZH-Alto-1,忽然之间,Control_Group,0,0,0,0,1,0,1,non_mix,000010,control_negative,0.589461,cpu
Chinese#ZH-Alto-1#Breathy#慢慢喜欢你#Control_Group#0001,D:\-MindEcho-main\ml_dl_models\gtsinger_multitech\dataset\raw\Chinese\ZH-Alto-1\Breathy\慢慢喜欢你\Control_Group\0001.wav,Chinese/ZH-Alto-1/Breathy/慢慢喜欢你/Control_Group/0001.wav,Chinese,ZH-Alto-1,慢慢喜欢你,Control_Group,0,0,0,0,1,0,1,non_mix,000010,control_negative,0.213319,cpu
Chinese#ZH-Alto-1#Breathy#慢慢喜欢你#Control_Group#0003,D:\-MindEcho-main\ml_dl_models\gtsinger_multitech\dataset\raw\Chinese\ZH-Alto-1\Breathy\慢慢喜欢你\Control_Group\0003.wav,Chinese/ZH-Alto-1/Breathy/慢慢喜欢你/Control_Group/0003.wav,Chinese,ZH-Alto-1,慢慢喜欢你,Control_Group,0,0,0,0,1,0,1,non_mix,000010,control_negative,0.178480,cpu
Chinese#ZH-Alto-1#Breathy#慢慢喜欢你#Control_Group#0004,D:\-MindEcho-main\ml_dl_models\gtsinger_multitech\dataset\raw\Chinese\ZH-Alto-1\Breathy\慢慢喜欢你\Control_Group\0004.wav,Chinese/ZH-Alto-1/Breathy/慢慢喜欢你/Control_Group/0004.wav,Chinese,ZH-Alto-1,慢慢喜欢你,Control_Group,0,0,0,1,1,0,1,non_mix,000110,control_negative,0.264317,cpu
Chinese#ZH-Alto-1#Breathy#慢慢喜欢你#Control_Group#0005,D:\-MindEcho-main\ml_dl_models\gtsinger_multitech\dataset\raw\Chinese\ZH-Alto-1\Breathy\慢慢喜欢你\Control_Group\0005.wav,Chinese/ZH-Alto-1/Breathy/慢慢喜欢你/Control_Group/0005.wav,Chinese,ZH-Alto-1,慢慢喜欢你,Control_Group,0,0,0,0,1,0,1,non_mix,000010,control_negative,0.247310,cpu
Chinese#ZH-Alto-1#Breathy#慢慢喜欢你#Control_Group#0008,D:\-MindEcho-main\ml_dl_models\gtsinger_multitech\dataset\raw\Chinese\ZH-Alto-1\Breathy\慢慢喜欢你\Control_Group\0008.wav,Chinese/ZH-Alto-1/Breathy/慢慢喜欢你/Control_Group/0008.wav,Chinese,ZH-Alto-1,慢慢喜欢你,Control_Group,0,0,0,0,1,0,1,non_mix,000010,control_negative,0.179743,cpu
Chinese#ZH-Alto-1#Breathy#慢慢喜欢你#Control_Group#0009,D:\-MindEcho-main\ml_dl_models\gtsinger_multitech\dataset\raw\Chinese\ZH-Alto-1\Breathy\慢慢喜欢你\Control_Group\0009.wav,Chinese/ZH-Alto-1/Breathy/慢慢喜欢你/Control_Group/0009.wav,Chinese,ZH-Alto-1,慢慢喜欢你,Control_Group,0,0,0,1,0,0,1,non_mix,000100,control_negative,0.361731,cpu
Chinese#ZH-Alto-1#Breathy#慢慢喜欢你#Control_Group#0010,D:\-MindEcho-main\ml_dl_models\gtsinger_multitech\dataset\raw\Chinese\ZH-Alto-1\Breathy\慢慢喜欢你\Control_Group\0010.wav,Chinese/ZH-Alto-1/Breathy/慢慢喜欢你/Control_Group/0010.wav,Chinese,ZH-Alto-1,慢慢喜欢你,Control_Group,0,0,0,0,1,0,1,non_mix,000010,control_negative,0.218165,cpu
Chinese#ZH-Alto-1#Breathy#慢慢喜欢你#Control_Group#0012,D:\-MindEcho-main\ml_dl_models\gtsinger_multitech\dataset\raw\Chinese\ZH-Alto-1\Breathy\慢慢喜欢你\Control_Group\0012.wav,Chinese/ZH-Alto-1/Breathy/慢慢喜欢你/Control_Group/0012.wav,Chinese,ZH-Alto-1,慢慢喜欢你,Control_Group,0,0,0,0,1,0,1,non_mix,000010,control_negative,0.185263,cpu
Chinese#ZH-Alto-1#Breathy#慢慢喜欢你#Control_Group#0014,D:\-MindEcho-main\ml_dl_models\gtsinger_multitech\dataset\raw\Chinese\ZH-Alto-1\Breathy\慢慢喜欢你\Control_Group\0014.wav,Chinese/ZH-Alto-1/Breathy/慢慢喜欢你/Control_Group/0014.wav,Chinese,ZH-Alto-1,慢慢喜欢你,Control_Group,0,0,0,1,1,0,1,non_mix,000110,control_negative,0.178092,cpu
Chinese#ZH-Alto-1#Vibrato#慢慢喜欢你#Control_Group#0000,D:\-MindEcho-main\ml_dl_models\gtsinger_multitech\dataset\raw\Chinese\ZH-Alto-1\Vibrato\慢慢喜欢你\Control_Group\0000.wav,Chinese/ZH-Alto-1/Vibrato/慢慢喜欢你/Control_Group/0000.wav,Chinese,ZH-Alto-1,慢慢喜欢你,Control_Group,0,0,0,0,1,0,1,non_mix,000010,control_negative,0.155904,cpu
Chinese#ZH-Alto-1#Vibrato#慢慢喜欢你#Control_Group#0001,D:\-MindEcho-main\ml_dl_models\gtsinger_multitech\dataset\raw\Chinese\ZH-Alto-1\Vibrato\慢慢喜欢你\Control_Group\0001.wav,Chinese/ZH-Alto-1/Vibrato/慢慢喜欢你/Control_Group/0001.wav,Chinese,ZH-Alto-1,慢慢喜欢你,Control_Group,0,0,0,0,1,0,1,non_mix,000010,control_negative,0.217192,cpu
Chinese#ZH-Alto-1#Vibrato#慢慢喜欢你#Control_Group#0002,D:\-MindEcho-main\ml_dl_models\gtsinger_multitech\dataset\raw\Chinese\ZH-Alto-1\Vibrato\慢慢喜欢你\Control_Group\0002.wav,Chinese/ZH-Alto-1/Vibrato/慢慢喜欢你/Control_Group/0002.wav,Chinese,ZH-Alto-1,慢慢喜欢你,Control_Group,0,0,0,0,1,0,1,non_mix,000010,control_negative,0.118673,cpu
Chinese#ZH-Alto-1#Vibrato#慢慢喜欢你#Control_Group#0003,D:\-MindEcho-main\ml_dl_models\gtsinger_multitech\dataset\raw\Chinese\ZH-Alto-1\Vibrato\慢慢喜欢你\Control_Group\0003.wav,Chinese/ZH-Alto-1/Vibrato/慢慢喜欢你/Control_Group/0003.wav,Chinese,ZH-Alto-1,慢慢喜欢你,Control_Group,0,0,0,0,1,0,1,non_mix,000010,control_negative,0.116013,cpu
Chinese#ZH-Alto-1#Vibrato#慢慢喜欢你#Control_Group#0004,D:\-MindEcho-main\ml_dl_models\gtsinger_multitech\dataset\raw\Chinese\ZH-Alto-1\Vibrato\慢慢喜欢你\Control_Group\0004.wav,Chinese/ZH-Alto-1/Vibrato/慢慢喜欢你/Control_Group/0004.wav,Chinese,ZH-Alto-1,慢慢喜欢你,Control_Group,0,0,0,0,1,0,1,non_mix,000010,control_negative,0.121205,cpu
Chinese#ZH-Alto-1#Vibrato#慢慢喜欢你#Control_Group#0005,D:\-MindEcho-main\ml_dl_models\gtsinger_multitech\dataset\raw\Chinese\ZH-Alto-1\Vibrato\慢慢喜欢你\Control_Group\0005.wav,Chinese/ZH-Alto-1/Vibrato/慢慢喜欢你/Control_Group/0005.wav,Chinese,ZH-Alto-1,慢慢喜欢你,Control_Group,0,0,0,0,1,0,1,non_mix,000010,control_negative,0.044770,cpu
Chinese#ZH-Alto-1#Vibrato#慢慢喜欢你#Control_Group#0006,D:\-MindEcho-main\ml_dl_models\gtsinger_multitech\dataset\raw\Chinese\ZH-Alto-1\Vibrato\慢慢喜欢你\Control_Group\0006.wav,Chinese/ZH-Alto-1/Vibrato/慢慢喜欢你/Control_Group/0006.wav,Chinese,ZH-Alto-1,慢慢喜欢你,Control_Group,0,0,0,0,1,0,1,non_mix,000010,control_negative,0.323945,cpu
Chinese#ZH-Alto-1#Vibrato#慢慢喜欢你#Control_Group#0007,D:\-MindEcho-main\ml_dl_models\gtsinger_multitech\dataset\raw\Chinese\ZH-Alto-1\Vibrato\慢慢喜欢你\Control_Group\0007.wav,Chinese/ZH-Alto-1/Vibrato/慢慢喜欢你/Control_Group/0007.wav,Chinese,ZH-Alto-1,慢慢喜欢你,Control_Group,0,0,0,0,1,0,1,non_mix,000010,control_negative,0.118601,cpu
Chinese#ZH-Alto-1#Vibrato#慢慢喜欢你#Control_Group#0008,D:\-MindEcho-main\ml_dl_models\gtsinger_multitech\dataset\raw\Chinese\ZH-Alto-1\Vibrato\慢慢喜欢你\Control_Group\0008.wav,Chinese/ZH-Alto-1/Vibrato/慢慢喜欢你/Control_Group/0008.wav,Chinese,ZH-Alto-1,慢慢喜欢你,Control_Group,0,0,0,0,1,0,1,non_mix,000010,control_negative,0.179595,cpu
Chinese#ZH-Alto-1#Vibrato#慢慢喜欢你#Control_Group#0009,D:\-MindEcho-main\ml_dl_models\gtsinger_multitech\dataset\raw\Chinese\ZH-Alto-1\Vibrato\慢慢喜欢你\Control_Group\0009.wav,Chinese/ZH-Alto-1/Vibrato/慢慢喜欢你/Control_Group/0009.wav,Chinese,ZH-Alto-1,慢慢喜欢你,Control_Group,0,0,0,0,1,0,1,non_mix,000010,control_negative,0.121271,cpu
Chinese#ZH-Alto-1#Vibrato#慢慢喜欢你#Control_Group#0011,D:\-MindEcho-main\ml_dl_models\gtsinger_multitech\dataset\raw\Chinese\ZH-Alto-1\Vibrato\慢慢喜欢你\Control_Group\0011.wav,Chinese/ZH-Alto-1/Vibrato/慢慢喜欢你/Control_Group/0011.wav,Chinese,ZH-Alto-1,慢慢喜欢你,Control_Group,0,0,0,0,1,0,1,non_mix,000010,control_negative,0.113713,cpu
Chinese#ZH-Alto-1#Vibrato#慢慢喜欢你#Control_Group#0012,D:\-MindEcho-main\ml_dl_models\gtsinger_multitech\dataset\raw\Chinese\ZH-Alto-1\Vibrato\慢慢喜欢你\Control_Group\0012.wav,Chinese/ZH-Alto-1/Vibrato/慢慢喜欢你/Control_Group/0012.wav,Chinese,ZH-Alto-1,慢慢喜欢你,Control_Group,0,0,0,0,1,0,1,non_mix,000010,control_negative,0.424087,cpu
Chinese#ZH-Alto-1#Vibrato#慢慢喜欢你#Control_Group#0013,D:\-MindEcho-main\ml_dl_models\gtsinger_multitech\dataset\raw\Chinese\ZH-Alto-1\Vibrato\慢慢喜欢你\Control_Group\0013.wav,Chinese/ZH-Alto-1/Vibrato/慢慢喜欢你/Control_Group/0013.wav,Chinese,ZH-Alto-1,慢慢喜欢你,Control_Group,0,0,0,0,1,0,1,non_mix,000010,control_negative,0.073733,cpu
Chinese#ZH-Alto-1#Vibrato#慢慢喜欢你#Control_Group#0014,D:\-MindEcho-main\ml_dl_models\gtsinger_multitech\dataset\raw\Chinese\ZH-Alto-1\Vibrato\慢慢喜欢你\Control_Group\0014.wav,Chinese/ZH-Alto-1/Vibrato/慢慢喜欢你/Control_Group/0014.wav,Chinese,ZH-Alto-1,慢慢喜欢你,Control_Group,0,0,0,0,1,0,1,non_mix,000010,control_negative,0.064914,cpu
Chinese#ZH-Alto-1#Breathy#成都#Control_Group#0002,D:\-MindEcho-main\ml_dl_models\gtsinger_multitech\dataset\raw\Chinese\ZH-Alto-1\Breathy\成都\Control_Group\0002.wav,Chinese/ZH-Alto-1/Breathy/成都/Control_Group/0002.wav,Chinese,ZH-Alto-1,成都,Control_Group,0,0,0,0,1,0,1,non_mix,000010,control_negative,0.292101,cpu
Chinese#ZH-Alto-1#Breathy#成都#Control_Group#0004,D:\-MindEcho-main\ml_dl_models\gtsinger_multitech\dataset\raw\Chinese\ZH-Alto-1\Breathy\成都\Control_Group\0004.wav,Chinese/ZH-Alto-1/Breathy/成都/Control_Group/0004.wav,Chinese,ZH-Alto-1,成都,Control_Group,0,0,0,0,1,0,1,non_mix,000010,control_negative,0.394887,cpu
Chinese#ZH-Alto-1#Breathy#成都#Control_Group#0006,D:\-MindEcho-main\ml_dl_models\gtsinger_multitech\dataset\raw\Chinese\ZH-Alto-1\Breathy\成都\Control_Group\0006.wav,Chinese/ZH-Alto-1/Breathy/成都/Control_Group/0006.wav,Chinese,ZH-Alto-1,成都,Control_Group,0,0,0,0,1,0,1,non_mix,000010,control_negative,0.276934,cpu
Chinese#ZH-Alto-1#Breathy#成都#Control_Group#0007,D:\-MindEcho-main\ml_dl_models\gtsinger_multitech\dataset\raw\Chinese\ZH-Alto-1\Breathy\成都\Control_Group\0007.wav,Chinese/ZH-Alto-1/Breathy/成都/Control_Group/0007.wav,Chinese,ZH-Alto-1,成都,Control_Group,0,0,0,0,1,0,1,non_mix,000010,control_negative,0.288057,cpu
Chinese#ZH-Alto-1#Breathy#成都#Control_Group#0009,D:\-MindEcho-main\ml_dl_models\gtsinger_multitech\dataset\raw\Chinese\ZH-Alto-1\Breathy\成都\Control_Group\0009.wav,Chinese/ZH-Alto-1/Breathy/成都/Control_Group/0009.wav,Chinese,ZH-Alto-1,成都,Control_Group,0,0,0,0,1,0,1,non_mix,000010,control_negative,0.150814,cpu
Chinese#ZH-Alto-1#Breathy#成都#Control_Group#0010,D:\-MindEcho-main\ml_dl_models\gtsinger_multitech\dataset\raw\Chinese\ZH-Alto-1\Breathy\成都\Control_Group\0010.wav,Chinese/ZH-Alto-1/Breathy/成都/Control_Group/0010.wav,Chinese,ZH-Alto-1,成都,Control_Group,0,0,0,0,1,0,1,non_mix,000010,control_negative,0.154471,cpu
Chinese#ZH-Alto-1#Breathy#成都#Control_Group#0011,D:\-MindEcho-main\ml_dl_models\gtsinger_multitech\dataset\raw\Chinese\ZH-Alto-1\Breathy\成都\Control_Group\0011.wav,Chinese/ZH-Alto-1/Breathy/成都/Control_Group/0011.wav,Chinese,ZH-Alto-1,成都,Control_Group,0,0,0,0,1,0,1,non_mix,000010,control_negative,0.468925,cpu
Chinese#ZH-Alto-1#Vibrato#成都#Control_Group#0001,D:\-MindEcho-main\ml_dl_models\gtsinger_multitech\dataset\raw\Chinese\ZH-Alto-1\Vibrato\成都\Control_Group\0001.wav,Chinese/ZH-Alto-1/Vibrato/成都/Control_Group/0001.wav,Chinese,ZH-Alto-1,成都,Control_Group,0,0,0,0,1,0,1,non_mix,000010,control_negative,0.036977,cpu
Chinese#ZH-Alto-1#Vibrato#成都#Control_Group#0002,D:\-MindEcho-main\ml_dl_models\gtsinger_multitech\dataset\raw\Chinese\ZH-Alto-1\Vibrato\成都\Control_Group\0002.wav,Chinese/ZH-Alto-1/Vibrato/成都/Control_Group/0002.wav,Chinese,ZH-Alto-1,成都,Control_Group,0,0,0,0,1,0,1,non_mix,000010,control_negative,0.112266,cpu
Chinese#ZH-Alto-1#Vibrato#成都#Control_Group#0003,D:\-MindEcho-main\ml_dl_models\gtsinger_multitech\dataset\raw\Chinese\ZH-Alto-1\Vibrato\成都\Control_Group\0003.wav,Chinese/ZH-Alto-1/Vibrato/成都/Control_Group/0003.wav,Chinese,ZH-Alto-1,成都,Control_Group,0,0,0,0,1,0,1,non_mix,000010,control_negative,0.103768,cpu
Chinese#ZH-Alto-1#Vibrato#成都#Control_Group#0005,D:\-MindEcho-main\ml_dl_models\gtsinger_multitech\dataset\raw\Chinese\ZH-Alto-1\Vibrato\成都\Control_Group\0005.wav,Chinese/ZH-Alto-1/Vibrato/成都/Control_Group/0005.wav,Chinese,ZH-Alto-1,成都,Control_Group,0,0,0,0,1,0,1,non_mix,000010,control_negative,0.125109,cpu
Chinese#ZH-Alto-1#Vibrato#成都#Control_Group#0006,D:\-MindEcho-main\ml_dl_models\gtsinger_multitech\dataset\raw\Chinese\ZH-Alto-1\Vibrato\成都\Control_Group\0006.wav,Chinese/ZH-Alto-1/Vibrato/成都/Control_Group/0006.wav,Chinese,ZH-Alto-1,成都,Control_Group,0,0,0,0,1,0,1,non_mix,000010,control_negative,0.057155,cpu
Chinese#ZH-Alto-1#Vibrato#成都#Control_Group#0007,D:\-MindEcho-main\ml_dl_models\gtsinger_multitech\dataset\raw\Chinese\ZH-Alto-1\Vibrato\成都\Control_Group\0007.wav,Chinese/ZH-Alto-1/Vibrato/成都/Control_Group/0007.wav,Chinese,ZH-Alto-1,成都,Control_Group,0,0,0,0,1,0,1,non_mix,000010,control_negative,0.191947,cpu
Chinese#ZH-Alto-1#Vibrato#成都#Control_Group#0011,D:\-MindEcho-main\ml_dl_models\gtsinger_multitech\dataset\raw\Chinese\ZH-Alto-1\Vibrato\成都\Control_Group\0011.wav,Chinese/ZH-Alto-1/Vibrato/成都/Control_Group/0011.wav,Chinese,ZH-Alto-1,成都,Control_Group,0,0,0,0,1,0,1,non_mix,000010,control_negative,0.096907,cpu
Chinese#ZH-Alto-1#Mixed_Voice_and_Falsetto#我们的明天#Control_Group#0001,D:\-MindEcho-main\ml_dl_models\gtsinger_multitech\dataset\raw\Chinese\ZH-Alto-1\Mixed_Voice_and_Falsetto\我们的明天\Control_Group\0001.wav,Chinese/ZH-Alto-1/Mixed_Voice_and_Falsetto/我们的明天/Control_Group/0001.wav,Chinese,ZH-Alto-1,我们的明天,Control_Group,0,0,0,0,1,0,1,non_mix,000010,control_negative,0.104191,cpu
Chinese#ZH-Alto-1#Mixed_Voice_and_Falsetto#我们的明天#Control_Group#0002,D:\-MindEcho-main\ml_dl_models\gtsinger_multitech\dataset\raw\Chinese\ZH-Alto-1\Mixed_Voice_and_Falsetto\我们的明天\Control_Group\0002.wav,Chinese/ZH-Alto-1/Mixed_Voice_and_Falsetto/我们的明天/Control_Group/0002.wav,Chinese,ZH-Alto-1,我们的明天,Control_Group,0,0,0,0,1,0,1,non_mix,000010,control_negative,0.095268,cpu
Chinese#ZH-Alto-1#Mixed_Voice_and_Falsetto#我们的明天#Control_Group#0005,D:\-MindEcho-main\ml_dl_models\gtsinger_multitech\dataset\raw\Chinese\ZH-Alto-1\Mixed_Voice_and_Falsetto\我们的明天\Control_Group\0005.wav,Chinese/ZH-Alto-1/Mixed_Voice_and_Falsetto/我们的明天/Control_Group/0005.wav,Chinese,ZH-Alto-1,我们的明天,Control_Group,0,0,0,0,1,0,1,non_mix,000010,control_negative,0.205051,cpu
Chinese#ZH-Alto-1#Mixed_Voice_and_Falsetto#我们的明天#Control_Group#0007,D:\-MindEcho-main\ml_dl_models\gtsinger_multitech\dataset\raw\Chinese\ZH-Alto-1\Mixed_Voice_and_Falsetto\我们的明天\Control_Group\0007.wav,Chinese/ZH-Alto-1/Mixed_Voice_and_Falsetto/我们的明天/Control_Group/0007.wav,Chinese,ZH-Alto-1,我们的明天,Control_Group,0,0,0,0,1,0,1,non_mix,000010,control_negative,0.091379,cpu
Chinese#ZH-Alto-1#Mixed_Voice_and_Falsetto#我们的明天#Control_Group#0008,D:\-MindEcho-main\ml_dl_models\gtsinger_multitech\dataset\raw\Chinese\ZH-Alto-1\Mixed_Voice_and_Falsetto\我们的明天\Control_Group\0008.wav,Chinese/ZH-Alto-1/Mixed_Voice_and_Falsetto/我们的明天/Control_Group/0008.wav,Chinese,ZH-Alto-1,我们的明天,Control_Group,0,0,0,0,1,0,1,non_mix,000010,control_negative,0.106809,cpu
Chinese#ZH-Alto-1#Mixed_Voice_and_Falsetto#我喜欢上你时的内心活动#Control_Group#0000,D:\-MindEcho-main\ml_dl_models\gtsinger_multitech\dataset\raw\Chinese\ZH-Alto-1\Mixed_Voice_and_Falsetto\我喜欢上你时的内心活动\Control_Group\0000.wav,Chinese/ZH-Alto-1/Mixed_Voice_and_Falsetto/我喜欢上你时的内心活动/Control_Group/0000.wav,Chinese,ZH-Alto-1,我喜欢上你时的内心活动,Control_Group,0,0,0,0,1,0,1,non_mix,000010,control_negative,0.201279,cpu
Chinese#ZH-Alto-1#Mixed_Voice_and_Falsetto#我喜欢上你时的内心活动#Control_Group#0001,D:\-MindEcho-main\ml_dl_models\gtsinger_multitech\dataset\raw\Chinese\ZH-Alto-1\Mixed_Voice_and_Falsetto\我喜欢上你时的内心活动\Control_Group\0001.wav,Chinese/ZH-Alto-1/Mixed_Voice_and_Falsetto/我喜欢上你时的内心活动/Control_Group/0001.wav,Chinese,ZH-Alto-1,我喜欢上你时的内心活动,Control_Group,0,0,0,0,1,0,1,non_mix,000010,control_negative,0.170075,cpu
Chinese#ZH-Alto-1#Mixed_Voice_and_Falsetto#我喜欢上你时的内心活动#Control_Group#0002,D:\-MindEcho-main\ml_dl_models\gtsinger_multitech\dataset\raw\Chinese\ZH-Alto-1\Mixed_Voice_and_Falsetto\我喜欢上你时的内心活动\Control_Group\0002.wav,Chinese/ZH-Alto-1/Mixed_Voice_and_Falsetto/我喜欢上你时的内心活动/Control_Group/0002.wav,Chinese,ZH-Alto-1,我喜欢上你时的内心活动,Control_Group,0,0,0,0,1,0,1,non_mix,000010,control_negative,0.309678,cpu
Chinese#ZH-Alto-1#Mixed_Voice_and_Falsetto#我喜欢上你时的内心活动#Control_Group#0003,D:\-MindEcho-main\ml_dl_models\gtsinger_multitech\dataset\raw\Chinese\ZH-Alto-1\Mixed_Voice_and_Falsetto\我喜欢上你时的内心活动\Control_Group\0003.wav,Chinese/ZH-Alto-1/Mixed_Voice_and_Falsetto/我喜欢上你时的内心活动/Control_Group/0003.wav,Chinese,ZH-Alto-1,我喜欢上你时的内心活动,Control_Group,0,0,0,0,1,0,1,non_mix,000010,control_negative,0.163950,cpu
Chinese#ZH-Alto-1#Mixed_Voice_and_Falsetto#我喜欢上你时的内心活动#Control_Group#0004,D:\-MindEcho-main\ml_dl_models\gtsinger_multitech\dataset\raw\Chinese\ZH-Alto-1\Mixed_Voice_and_Falsetto\我喜欢上你时的内心活动\Control_Group\0004.wav,Chinese/ZH-Alto-1/Mixed_Voice_and_Falsetto/我喜欢上你时的内心活动/Control_Group/0004.wav,Chinese,ZH-Alto-1,我喜欢上你时的内心活动,Control_Group,0,0,0,0,1,0,1,non_mix,000010,control_negative,0.165403,cpu
Chinese#ZH-Alto-1#Mixed_Voice_and_Falsetto#我喜欢上你时的内心活动#Control_Group#0008,D:\-MindEcho-main\ml_dl_models\gtsinger_multitech\dataset\raw\Chinese\ZH-Alto-1\Mixed_Voice_and_Falsetto\我喜欢上你时的内心活动\Control_Group\0008.wav,Chinese/ZH-Alto-1/Mixed_Voice_and_Falsetto/我喜欢上你时的内心活动/Control_Group/0008.wav,Chinese,ZH-Alto-1,我喜欢上你时的内心活动,Control_Group,0,0,0,0,1,0,1,non_mix,000010,control_negative,0.098562,cpu
Chinese#ZH-Alto-1#Mixed_Voice_and_Falsetto#我喜欢上你时的内心活动#Control_Group#0009,D:\-MindEcho-main\ml_dl_models\gtsinger_multitech\dataset\raw\Chinese\ZH-Alto-1\Mixed_Voice_and_Falsetto\我喜欢上你时的内心活动\Control_Group\0009.wav,Chinese/ZH-Alto-1/Mixed_Voice_and_Falsetto/我喜欢上你时的内心活动/Control_Group/0009.wav,Chinese,ZH-Alto-1,我喜欢上你时的内心活动,Control_Group,0,0,0,0,1,0,1,non_mix,000010,control_negative,0.294859,cpu
Chinese#ZH-Alto-1#Mixed_Voice_and_Falsetto#我喜欢上你时的内心活动#Control_Group#0011,D:\-MindEcho-main\ml_dl_models\gtsinger_multitech\dataset\raw\Chinese\ZH-Alto-1\Mixed_Voice_and_Falsetto\我喜欢上你时的内心活动\Control_Group\0011.wav,Chinese/ZH-Alto-1/Mixed_Voice_and_Falsetto/我喜欢上你时的内心活动/Control_Group/0011.wav,Chinese,ZH-Alto-1,我喜欢上你时的内心活动,Control_Group,0,0,0,0,1,0,1,non_mix,000010,control_negative,0.274606,cpu
Chinese#ZH-Alto-1#Mixed_Voice_and_Falsetto#我喜欢上你时的内心活动#Control_Group#0012,D:\-MindEcho-main\ml_dl_models\gtsinger_multitech\dataset\raw\Chinese\ZH-Alto-1\Mixed_Voice_and_Falsetto\我喜欢上你时的内心活动\Control_Group\0012.wav,Chinese/ZH-Alto-1/Mixed_Voice_and_Falsetto/我喜欢上你时的内心活动/Control_Group/0012.wav,Chinese,ZH-Alto-1,我喜欢上你时的内心活动,Control_Group,0,0,0,0,1,0,1,non_mix,000010,control_negative,0.146284,cpu
Chinese#ZH-Alto-1#Mixed_Voice_and_Falsetto#我喜欢上你时的内心活动#Control_Group#0013,D:\-MindEcho-main\ml_dl_models\gtsinger_multitech\dataset\raw\Chinese\ZH-Alto-1\Mixed_Voice_and_Falsetto\我喜欢上你时的内心活动\Control_Group\0013.wav,Chinese/ZH-Alto-1/Mixed_Voice_and_Falsetto/我喜欢上你时的内心活动/Control_Group/0013.wav,Chinese,ZH-Alto-1,我喜欢上你时的内心活动,Control_Group,0,0,0,0,1,0,1,non_mix,000010,control_negative,0.309451,cpu
Chinese#ZH-Alto-1#Mixed_Voice_and_Falsetto#我喜欢上你时的内心活动#Control_Group#0015,D:\-MindEcho-main\ml_dl_models\gtsinger_multitech\dataset\raw\Chinese\ZH-Alto-1\Mixed_Voice_and_Falsetto\我喜欢上你时的内心活动\Control_Group\0015.wav,Chinese/ZH-Alto-1/Mixed_Voice_and_Falsetto/我喜欢上你时的内心活动/Control_Group/0015.wav,Chinese,ZH-Alto-1,我喜欢上你时的内心活动,Control_Group,0,0,0,0,1,0,1,non_mix,000010,control_negative,0.162606,cpu
Chinese#ZH-Alto-1#Mixed_Voice_and_Falsetto#我喜欢上你时的内心活动#Control_Group#0016,D:\-MindEcho-main\ml_dl_models\gtsinger_multitech\dataset\raw\Chinese\ZH-Alto-1\Mixed_Voice_and_Falsetto\我喜欢上你时的内心活动\Control_Group\0016.wav,Chinese/ZH-Alto-1/Mixed_Voice_and_Falsetto/我喜欢上你时的内心活动/Control_Group/0016.wav,Chinese,ZH-Alto-1,我喜欢上你时的内心活动,Control_Group,0,0,0,0,1,0,1,non_mix,000010,control_negative,0.234593,cpu
Chinese#ZH-Alto-1#Mixed_Voice_and_Falsetto#我喜欢上你时的内心活动#Control_Group#0017,D:\-MindEcho-main\ml_dl_models\gtsinger_multitech\dataset\raw\Chinese\ZH-Alto-1\Mixed_Voice_and_Falsetto\我喜欢上你时的内心活动\Control_Group\0017.wav,Chinese/ZH-Alto-1/Mixed_Voice_and_Falsetto/我喜欢上你时的内心活动/Control_Group/0017.wav,Chinese,ZH-Alto-1,我喜欢上你时的内心活动,Control_Group,0,0,0,0,1,0,1,non_mix,000010,control_negative,0.239670,cpu
Chinese#ZH-Alto-1#Vibrato#我喜欢上你时的内心活动#Control_Group#0000,D:\-MindEcho-main\ml_dl_models\gtsinger_multitech\dataset\raw\Chinese\ZH-Alto-1\Vibrato\我喜欢上你时的内心活动\Control_Group\0000.wav,Chinese/ZH-Alto-1/Vibrato/我喜欢上你时的内心活动/Control_Group/0000.wav,Chinese,ZH-Alto-1,我喜欢上你时的内心活动,Control_Group,0,0,0,0,1,0,1,non_mix,000010,control_negative,0.265279,cpu
Chinese#ZH-Alto-1#Vibrato#我喜欢上你时的内心活动#Control_Group#0001,D:\-MindEcho-main\ml_dl_models\gtsinger_multitech\dataset\raw\Chinese\ZH-Alto-1\Vibrato\我喜欢上你时的内心活动\Control_Group\0001.wav,Chinese/ZH-Alto-1/Vibrato/我喜欢上你时的内心活动/Control_Group/0001.wav,Chinese,ZH-Alto-1,我喜欢上你时的内心活动,Control_Group,0,0,0,0,1,0,1,non_mix,000010,control_negative,0.047834,cpu
Chinese#ZH-Alto-1#Vibrato#我喜欢上你时的内心活动#Control_Group#0002,D:\-MindEcho-main\ml_dl_models\gtsinger_multitech\dataset\raw\Chinese\ZH-Alto-1\Vibrato\我喜欢上你时的内心活动\Control_Group\0002.wav,Chinese/ZH-Alto-1/Vibrato/我喜欢上你时的内心活动/Control_Group/0002.wav,Chinese,ZH-Alto-1,我喜欢上你时的内心活动,Control_Group,0,0,0,0,1,0,1,non_mix,000010,control_negative,0.228905,cpu
Chinese#ZH-Alto-1#Vibrato#我喜欢上你时的内心活动#Control_Group#0003,D:\-MindEcho-main\ml_dl_models\gtsinger_multitech\dataset\raw\Chinese\ZH-Alto-1\Vibrato\我喜欢上你时的内心活动\Control_Group\0003.wav,Chinese/ZH-Alto-1/Vibrato/我喜欢上你时的内心活动/Control_Group/0003.wav,Chinese,ZH-Alto-1,我喜欢上你时的内心活动,Control_Group,0,0,0,0,1,0,1,non_mix,000010,control_negative,0.104606,cpu
Chinese#ZH-Alto-1#Vibrato#我喜欢上你时的内心活动#Control_Group#0004,D:\-MindEcho-main\ml_dl_models\gtsinger_multitech\dataset\raw\Chinese\ZH-Alto-1\Vibrato\我喜欢上你时的内心活动\Control_Group\0004.wav,Chinese/ZH-Alto-1/Vibrato/我喜欢上你时的内心活动/Control_Group/0004.wav,Chinese,ZH-Alto-1,我喜欢上你时的内心活动,Control_Group,0,0,0,0,1,0,1,non_mix,000010,control_negative,0.282727,cpu
Chinese#ZH-Alto-1#Vibrato#我喜欢上你时的内心活动#Control_Group#0006,D:\-MindEcho-main\ml_dl_models\gtsinger_multitech\dataset\raw\Chinese\ZH-Alto-1\Vibrato\我喜欢上你时的内心活动\Control_Group\0006.wav,Chinese/ZH-Alto-1/Vibrato/我喜欢上你时的内心活动/Control_Group/0006.wav,Chinese,ZH-Alto-1,我喜欢上你时的内心活动,Control_Group,0,0,0,0,1,0,1,non_mix,000010,control_negative,0.241616,cpu
Chinese#ZH-Alto-1#Vibrato#我喜欢上你时的内心活动#Control_Group#0008,D:\-MindEcho-main\ml_dl_models\gtsinger_multitech\dataset\raw\Chinese\ZH-Alto-1\Vibrato\我喜欢上你时的内心活动\Control_Group\0008.wav,Chinese/ZH-Alto-1/Vibrato/我喜欢上你时的内心活动/Control_Group/0008.wav,Chinese,ZH-Alto-1,我喜欢上你时的内心活动,Control_Group,0,0,0,0,1,0,1,non_mix,000010,control_negative,0.089799,cpu
Chinese#ZH-Alto-1#Vibrato#我喜欢上你时的内心活动#Control_Group#0009,D:\-MindEcho-main\ml_dl_models\gtsinger_multitech\dataset\raw\Chinese\ZH-Alto-1\Vibrato\我喜欢上你时的内心活动\Control_Group\0009.wav,Chinese/ZH-Alto-1/Vibrato/我喜欢上你时的内心活动/Control_Group/0009.wav,Chinese,ZH-Alto-1,我喜欢上你时的内心活动,Control_Group,0,0,0,0,1,0,1,non_mix,000010,control_negative,0.086172,cpu
Chinese#ZH-Alto-1#Vibrato#我喜欢上你时的内心活动#Control_Group#0010,D:\-MindEcho-main\ml_dl_models\gtsinger_multitech\dataset\raw\Chinese\ZH-Alto-1\Vibrato\我喜欢上你时的内心活动\Control_Group\0010.wav,Chinese/ZH-Alto-1/Vibrato/我喜欢上你时的内心活动/Control_Group/0010.wav,Chinese,ZH-Alto-1,我喜欢上你时的内心活动,Control_Group,0,0,0,0,1,0,1,non_mix,000010,control_negative,0.294962,cpu
Chinese#ZH-Alto-1#Vibrato#我喜欢上你时的内心活动#Control_Group#0013,D:\-MindEcho-main\ml_dl_models\gtsinger_multitech\dataset\raw\Chinese\ZH-Alto-1\Vibrato\我喜欢上你时的内心活动\Control_Group\0013.wav,Chinese/ZH-Alto-1/Vibrato/我喜欢上你时的内心活动/Control_Group/0013.wav,Chinese,ZH-Alto-1,我喜欢上你时的内心活动,Control_Group,0,0,0,0,1,0,1,non_mix,000010,control_negative,0.094010,cpu
Chinese#ZH-Alto-1#Vibrato#我喜欢上你时的内心活动#Control_Group#0014,D:\-MindEcho-main\ml_dl_models\gtsinger_multitech\dataset\raw\Chinese\ZH-Alto-1\Vibrato\我喜欢上你时的内心活动\Control_Group\0014.wav,Chinese/ZH-Alto-1/Vibrato/我喜欢上你时的内心活动/Control_Group/0014.wav,Chinese,ZH-Alto-1,我喜欢上你时的内心活动,Control_Group,0,0,0,0,1,0,1,non_mix,000010,control_negative,0.312739,cpu
Chinese#ZH-Alto-1#Vibrato#我喜欢上你时的内心活动#Control_Group#0015,D:\-MindEcho-main\ml_dl_models\gtsinger_multitech\dataset\raw\Chinese\ZH-Alto-1\Vibrato\我喜欢上你时的内心活动\Control_Group\0015.wav,Chinese/ZH-Alto-1/Vibrato/我喜欢上你时的内心活动/Control_Group/0015.wav,Chinese,ZH-Alto-1,我喜欢上你时的内心活动,Control_Group,0,0,0,0,1,0,1,non_mix,000010,control_negative,0.245766,cpu
Chinese#ZH-Alto-1#Vibrato#我喜欢上你时的内心活动#Control_Group#0016,D:\-MindEcho-main\ml_dl_models\gtsinger_multitech\dataset\raw\Chinese\ZH-Alto-1\Vibrato\我喜欢上你时的内心活动\Control_Group\0016.wav,Chinese/ZH-Alto-1/Vibrato/我喜欢上你时的内心活动/Control_Group/0016.wav,Chinese,ZH-Alto-1,我喜欢上你时的内心活动,Control_Group,0,0,0,0,1,0,1,non_mix,000010,control_negative,0.028780,cpu
Chinese#ZH-Alto-1#Vibrato#我喜欢上你时的内心活动#Control_Group#0018,D:\-MindEcho-main\ml_dl_models\gtsinger_multitech\dataset\raw\Chinese\ZH-Alto-1\Vibrato\我喜欢上你时的内心活动\Control_Group\0018.wav,Chinese/ZH-Alto-1/Vibrato/我喜欢上你时的内心活动/Control_Group/0018.wav,Chinese,ZH-Alto-1,我喜欢上你时的内心活动,Control_Group,0,0,0,0,1,0,1,non_mix,000010,control_negative,0.405450,cpu
Chinese#ZH-Alto-1#Breathy#我好想你#Control_Group#0000,D:\-MindEcho-main\ml_dl_models\gtsinger_multitech\dataset\raw\Chinese\ZH-Alto-1\Breathy\我好想你\Control_Group\0000.wav,Chinese/ZH-Alto-1/Breathy/我好想你/Control_Group/0000.wav,Chinese,ZH-Alto-1,我好想你,Control_Group,0,0,0,0,1,0,1,non_mix,000010,control_negative,0.148443,cpu
Chinese#ZH-Alto-1#Breathy#我好想你#Control_Group#0001,D:\-MindEcho-main\ml_dl_models\gtsinger_multitech\dataset\raw\Chinese\ZH-Alto-1\Breathy\我好想你\Control_Group\0001.wav,Chinese/ZH-Alto-1/Breathy/我好想你/Control_Group/0001.wav,Chinese,ZH-Alto-1,我好想你,Control_Group,0,0,0,0,1,0,1,non_mix,000010,control_negative,0.319677,cpu
Chinese#ZH-Alto-1#Breathy#我好想你#Control_Group#0002,D:\-MindEcho-main\ml_dl_models\gtsinger_multitech\dataset\raw\Chinese\ZH-Alto-1\Breathy\我好想你\Control_Group\0002.wav,Chinese/ZH-Alto-1/Breathy/我好想你/Control_Group/0002.wav,Chinese,ZH-Alto-1,我好想你,Control_Group,0,0,0,0,1,0,1,non_mix,000010,control_negative,0.087010,cpu
Chinese#ZH-Alto-1#Breathy#我好想你#Control_Group#0005,D:\-MindEcho-main\ml_dl_models\gtsinger_multitech\dataset\raw\Chinese\ZH-Alto-1\Breathy\我好想你\Control_Group\0005.wav,Chinese/ZH-Alto-1/Breathy/我好想你/Control_Group/0005.wav,Chinese,ZH-Alto-1,我好想你,Control_Group,0,0,0,0,1,0,1,non_mix,000010,control_negative,0.405477,cpu
Chinese#ZH-Alto-1#Pharyngeal#我好想你#Control_Group#0000,D:\-MindEcho-main\ml_dl_models\gtsinger_multitech\dataset\raw\Chinese\ZH-Alto-1\Pharyngeal\我好想你\Control_Group\0000.wav,Chinese/ZH-Alto-1/Pharyngeal/我好想你/Control_Group/0000.wav,Chinese,ZH-Alto-1,我好想你,Control_Group,0,0,0,0,1,0,1,non_mix,000010,control_negative,0.086776,cpu
Chinese#ZH-Alto-1#Pharyngeal#我好想你#Control_Group#0001,D:\-MindEcho-main\ml_dl_models\gtsinger_multitech\dataset\raw\Chinese\ZH-Alto-1\Pharyngeal\我好想你\Control_Group\0001.wav,Chinese/ZH-Alto-1/Pharyngeal/我好想你/Control_Group/0001.wav,Chinese,ZH-Alto-1,我好想你,Control_Group,0,0,0,0,1,0,1,non_mix,000010,control_negative,0.172840,cpu
Chinese#ZH-Alto-1#Pharyngeal#我好想你#Control_Group#0002,D:\-MindEcho-main\ml_dl_models\gtsinger_multitech\dataset\raw\Chinese\ZH-Alto-1\Pharyngeal\我好想你\Control_Group\0002.wav,Chinese/ZH-Alto-1/Pharyngeal/我好想你/Control_Group/0002.wav,Chinese,ZH-Alto-1,我好想你,Control_Group,0,0,0,0,1,0,1,non_mix,000010,control_negative,0.092937,cpu
Chinese#ZH-Alto-1#Pharyngeal#我好想你#Control_Group#0003,D:\-MindEcho-main\ml_dl_models\gtsinger_multitech\dataset\raw\Chinese\ZH-Alto-1\Pharyngeal\我好想你\Control_Group\0003.wav,Chinese/ZH-Alto-1/Pharyngeal/我好想你/Control_Group/0003.wav,Chinese,ZH-Alto-1,我好想你,Control_Group,0,0,0,0,1,0,1,non_mix,000010,control_negative,0.449351,cpu
Chinese#ZH-Alto-1#Pharyngeal#我好想你#Control_Group#0004,D:\-MindEcho-main\ml_dl_models\gtsinger_multitech\dataset\raw\Chinese\ZH-Alto-1\Pharyngeal\我好想你\Control_Group\0004.wav,Chinese/ZH-Alto-1/Pharyngeal/我好想你/Control_Group/0004.wav,Chinese,ZH-Alto-1,我好想你,Control_Group,0,0,0,0,1,0,1,non_mix,000010,control_negative,0.658445,cpu
Chinese#ZH-Alto-1#Pharyngeal#我好想你#Control_Group#0005,D:\-MindEcho-main\ml_dl_models\gtsinger_multitech\dataset\raw\Chinese\ZH-Alto-1\Pharyngeal\我好想你\Control_Group\0005.wav,Chinese/ZH-Alto-1/Pharyngeal/我好想你/Control_Group/0005.wav,Chinese,ZH-Alto-1,我好想你,Control_Group,0,0,0,0,1,0,1,non_mix,000010,control_negative,0.334354,cpu
Chinese#ZH-Alto-1#Pharyngeal#我好想你#Control_Group#0006,D:\-MindEcho-main\ml_dl_models\gtsinger_multitech\dataset\raw\Chinese\ZH-Alto-1\Pharyngeal\我好想你\Control_Group\0006.wav,Chinese/ZH-Alto-1/Pharyngeal/我好想你/Control_Group/0006.wav,Chinese,ZH-Alto-1,我好想你,Control_Group,0,0,0,1,1,0,1,non_mix,000110,control_negative,0.380821,cpu
Chinese#ZH-Alto-1#Pharyngeal#我好想你#Control_Group#0007,D:\-MindEcho-main\ml_dl_models\gtsinger_multitech\dataset\raw\Chinese\ZH-Alto-1\Pharyngeal\我好想你\Control_Group\0007.wav,Chinese/ZH-Alto-1/Pharyngeal/我好想你/Control_Group/0007.wav,Chinese,ZH-Alto-1,我好想你,Control_Group,0,1,0,1,1,0,1,non_mix,010110,control_negative,0.287041,cpu
Chinese#ZH-Alto-1#Pharyngeal#我好想你#Control_Group#0009,D:\-MindEcho-main\ml_dl_models\gtsinger_multitech\dataset\raw\Chinese\ZH-Alto-1\Pharyngeal\我好想你\Control_Group\0009.wav,Chinese/ZH-Alto-1/Pharyngeal/我好想你/Control_Group/0009.wav,Chinese,ZH-Alto-1,我好想你,Control_Group,0,1,0,1,1,0,1,non_mix,010110,control_negative,0.621213,cpu
Chinese#ZH-Alto-1#Pharyngeal#我好想你#Control_Group#0011,D:\-MindEcho-main\ml_dl_models\gtsinger_multitech\dataset\raw\Chinese\ZH-Alto-1\Pharyngeal\我好想你\Control_Group\0011.wav,Chinese/ZH-Alto-1/Pharyngeal/我好想你/Control_Group/0011.wav,Chinese,ZH-Alto-1,我好想你,Control_Group,0,0,0,1,1,0,1,non_mix,000110,control_negative,0.419062,cpu
Chinese#ZH-Alto-1#Mixed_Voice_and_Falsetto#我的歌声里#Control_Group#0000,D:\-MindEcho-main\ml_dl_models\gtsinger_multitech\dataset\raw\Chinese\ZH-Alto-1\Mixed_Voice_and_Falsetto\我的歌声里\Control_Group\0000.wav,Chinese/ZH-Alto-1/Mixed_Voice_and_Falsetto/我的歌声里/Control_Group/0000.wav,Chinese,ZH-Alto-1,我的歌声里,Control_Group,0,0,0,0,1,0,1,non_mix,000010,control_negative,0.164544,cpu
Chinese#ZH-Alto-1#Mixed_Voice_and_Falsetto#我的歌声里#Control_Group#0001,D:\-MindEcho-main\ml_dl_models\gtsinger_multitech\dataset\raw\Chinese\ZH-Alto-1\Mixed_Voice_and_Falsetto\我的歌声里\Control_Group\0001.wav,Chinese/ZH-Alto-1/Mixed_Voice_and_Falsetto/我的歌声里/Control_Group/0001.wav,Chinese,ZH-Alto-1,我的歌声里,Control_Group,0,0,0,0,1,0,1,non_mix,000010,control_negative,0.230437,cpu
Chinese#ZH-Alto-1#Mixed_Voice_and_Falsetto#我的歌声里#Control_Group#0002,D:\-MindEcho-main\ml_dl_models\gtsinger_multitech\dataset\raw\Chinese\ZH-Alto-1\Mixed_Voice_and_Falsetto\我的歌声里\Control_Group\0002.wav,Chinese/ZH-Alto-1/Mixed_Voice_and_Falsetto/我的歌声里/Control_Group/0002.wav,Chinese,ZH-Alto-1,我的歌声里,Control_Group,0,0,0,0,1,0,1,non_mix,000010,control_negative,0.060212,cpu
Chinese#ZH-Alto-1#Mixed_Voice_and_Falsetto#我的歌声里#Control_Group#0004,D:\-MindEcho-main\ml_dl_models\gtsinger_multitech\dataset\raw\Chinese\ZH-Alto-1\Mixed_Voice_and_Falsetto\我的歌声里\Control_Group\0004.wav,Chinese/ZH-Alto-1/Mixed_Voice_and_Falsetto/我的歌声里/Control_Group/0004.wav,Chinese,ZH-Alto-1,我的歌声里,Control_Group,0,0,0,0,1,0,1,non_mix,000010,control_negative,0.061190,cpu
Chinese#ZH-Alto-1#Mixed_Voice_and_Falsetto#我的歌声里#Control_Group#0005,D:\-MindEcho-main\ml_dl_models\gtsinger_multitech\dataset\raw\Chinese\ZH-Alto-1\Mixed_Voice_and_Falsetto\我的歌声里\Control_Group\0005.wav,Chinese/ZH-Alto-1/Mixed_Voice_and_Falsetto/我的歌声里/Control_Group/0005.wav,Chinese,ZH-Alto-1,我的歌声里,Control_Group,0,0,0,0,1,0,1,non_mix,000010,control_negative,0.342275,cpu
Chinese#ZH-Alto-1#Mixed_Voice_and_Falsetto#我的歌声里#Control_Group#0006,D:\-MindEcho-main\ml_dl_models\gtsinger_multitech\dataset\raw\Chinese\ZH-Alto-1\Mixed_Voice_and_Falsetto\我的歌声里\Control_Group\0006.wav,Chinese/ZH-Alto-1/Mixed_Voice_and_Falsetto/我的歌声里/Control_Group/0006.wav,Chinese,ZH-Alto-1,我的歌声里,Control_Group,0,0,0,0,1,0,1,non_mix,000010,control_negative,0.063308,cpu
Chinese#ZH-Alto-1#Mixed_Voice_and_Falsetto#我的歌声里#Control_Group#0007,D:\-MindEcho-main\ml_dl_models\gtsinger_multitech\dataset\raw\Chinese\ZH-Alto-1\Mixed_Voice_and_Falsetto\我的歌声里\Control_Group\0007.wav,Chinese/ZH-Alto-1/Mixed_Voice_and_Falsetto/我的歌声里/Control_Group/0007.wav,Chinese,ZH-Alto-1,我的歌声里,Control_Group,0,0,0,0,1,0,1,non_mix,000010,control_negative,0.122577,cpu
Chinese#ZH-Alto-1#Mixed_Voice_and_Falsetto#我的歌声里#Control_Group#0008,D:\-MindEcho-main\ml_dl_models\gtsinger_multitech\dataset\raw\Chinese\ZH-Alto-1\Mixed_Voice_and_Falsetto\我的歌声里\Control_Group\0008.wav,Chinese/ZH-Alto-1/Mixed_Voice_and_Falsetto/我的歌声里/Control_Group/0008.wav,Chinese,ZH-Alto-1,我的歌声里,Control_Group,0,0,0,0,1,0,1,non_mix,000010,control_negative,0.047017,cpu
Chinese#ZH-Alto-1#Mixed_Voice_and_Falsetto#我的歌声里#Control_Group#0009,D:\-MindEcho-main\ml_dl_models\gtsinger_multitech\dataset\raw\Chinese\ZH-Alto-1\Mixed_Voice_and_Falsetto\我的歌声里\Control_Group\0009.wav,Chinese/ZH-Alto-1/Mixed_Voice_and_Falsetto/我的歌声里/Control_Group/0009.wav,Chinese,ZH-Alto-1,我的歌声里,Control_Group,0,0,0,0,1,0,1,non_mix,000010,control_negative,0.111826,cpu
Chinese#ZH-Alto-1#Mixed_Voice_and_Falsetto#我的歌声里#Control_Group#0010,D:\-MindEcho-main\ml_dl_models\gtsinger_multitech\dataset\raw\Chinese\ZH-Alto-1\Mixed_Voice_and_Falsetto\我的歌声里\Control_Group\0010.wav,Chinese/ZH-Alto-1/Mixed_Voice_and_Falsetto/我的歌声里/Control_Group/0010.wav,Chinese,ZH-Alto-1,我的歌声里,Control_Group,0,0,0,0,1,0,1,non_mix,000010,control_negative,0.064528,cpu
Chinese#ZH-Alto-1#Mixed_Voice_and_Falsetto#我的歌声里#Control_Group#0011,D:\-MindEcho-main\ml_dl_models\gtsinger_multitech\dataset\raw\Chinese\ZH-Alto-1\Mixed_Voice_and_Falsetto\我的歌声里\Control_Group\0011.wav,Chinese/ZH-Alto-1/Mixed_Voice_and_Falsetto/我的歌声里/Control_Group/0011.wav,Chinese,ZH-Alto-1,我的歌声里,Control_Group,0,0,0,0,1,0,1,non_mix,000010,control_negative,0.040500,cpu
Chinese#ZH-Alto-1#Mixed_Voice_and_Falsetto#我的歌声里#Control_Group#0012,D:\-MindEcho-main\ml_dl_models\gtsinger_multitech\dataset\raw\Chinese\ZH-Alto-1\Mixed_Voice_and_Falsetto\我的歌声里\Control_Group\0012.wav,Chinese/ZH-Alto-1/Mixed_Voice_and_Falsetto/我的歌声里/Control_Group/0012.wav,Chinese,ZH-Alto-1,我的歌声里,Control_Group,0,0,0,0,1,0,1,non_mix,000010,control_negative,0.143229,cpu
Chinese#ZH-Alto-1#Mixed_Voice_and_Falsetto#我的歌声里#Control_Group#0013,D:\-MindEcho-main\ml_dl_models\gtsinger_multitech\dataset\raw\Chinese\ZH-Alto-1\Mixed_Voice_and_Falsetto\我的歌声里\Control_Group\0013.wav,Chinese/ZH-Alto-1/Mixed_Voice_and_Falsetto/我的歌声里/Control_Group/0013.wav,Chinese,ZH-Alto-1,我的歌声里,Control_Group,0,0,0,0,1,0,1,non_mix,000010,control_negative,0.204757,cpu
Chinese#ZH-Alto-1#Mixed_Voice_and_Falsetto#我的歌声里#Control_Group#0015,D:\-MindEcho-main\ml_dl_models\gtsinger_multitech\dataset\raw\Chinese\ZH-Alto-1\Mixed_Voice_and_Falsetto\我的歌声里\Control_Group\0015.wav,Chinese/ZH-Alto-1/Mixed_Voice_and_Falsetto/我的歌声里/Control_Group/0015.wav,Chinese,ZH-Alto-1,我的歌声里,Control_Group,0,0,0,0,1,0,1,non_mix,000010,control_negative,0.098201,cpu
Chinese#ZH-Alto-1#Mixed_Voice_and_Falsetto#我的歌声里#Control_Group#0016,D:\-MindEcho-main\ml_dl_models\gtsinger_multitech\dataset\raw\Chinese\ZH-Alto-1\Mixed_Voice_and_Falsetto\我的歌声里\Control_Group\0016.wav,Chinese/ZH-Alto-1/Mixed_Voice_and_Falsetto/我的歌声里/Control_Group/0016.wav,Chinese,ZH-Alto-1,我的歌声里,Control_Group,0,0,0,0,1,0,1,non_mix,000010,control_negative,0.387414,cpu
Chinese#ZH-Alto-1#Vibrato#我真的受伤了#Control_Group#0000,D:\-MindEcho-main\ml_dl_models\gtsinger_multitech\dataset\raw\Chinese\ZH-Alto-1\Vibrato\我真的受伤了\Control_Group\0000.wav,Chinese/ZH-Alto-1/Vibrato/我真的受伤了/Control_Group/0000.wav,Chinese,ZH-Alto-1,我真的受伤了,Control_Group,0,0,0,0,1,0,1,non_mix,000010,control_negative,0.287959,cpu
Chinese#ZH-Alto-1#Vibrato#我真的受伤了#Control_Group#0001,D:\-MindEcho-main\ml_dl_models\gtsinger_multitech\dataset\raw\Chinese\ZH-Alto-1\Vibrato\我真的受伤了\Control_Group\0001.wav,Chinese/ZH-Alto-1/Vibrato/我真的受伤了/Control_Group/0001.wav,Chinese,ZH-Alto-1,我真的受伤了,Control_Group,0,0,0,0,1,0,1,non_mix,000010,control_negative,0.245852,cpu
Chinese#ZH-Alto-1#Vibrato#我真的受伤了#Control_Group#0002,D:\-MindEcho-main\ml_dl_models\gtsinger_multitech\dataset\raw\Chinese\ZH-Alto-1\Vibrato\我真的受伤了\Control_Group\0002.wav,Chinese/ZH-Alto-1/Vibrato/我真的受伤了/Control_Group/0002.wav,Chinese,ZH-Alto-1,我真的受伤了,Control_Group,0,0,0,0,1,0,1,non_mix,000010,control_negative,0.309426,cpu
Chinese#ZH-Alto-1#Vibrato#我真的受伤了#Control_Group#0004,D:\-MindEcho-main\ml_dl_models\gtsinger_multitech\dataset\raw\Chinese\ZH-Alto-1\Vibrato\我真的受伤了\Control_Group\0004.wav,Chinese/ZH-Alto-1/Vibrato/我真的受伤了/Control_Group/0004.wav,Chinese,ZH-Alto-1,我真的受伤了,Control_Group,0,0,0,0,1,0,1,non_mix,000010,control_negative,0.276980,cpu
Chinese#ZH-Alto-1#Vibrato#我真的受伤了#Control_Group#0006,D:\-MindEcho-main\ml_dl_models\gtsinger_multitech\dataset\raw\Chinese\ZH-Alto-1\Vibrato\我真的受伤了\Control_Group\0006.wav,Chinese/ZH-Alto-1/Vibrato/我真的受伤了/Control_Group/0006.wav,Chinese,ZH-Alto-1,我真的受伤了,Control_Group,0,0,0,0,1,0,1,non_mix,000010,control_negative,0.205939,cpu
Chinese#ZH-Alto-1#Vibrato#我真的受伤了#Control_Group#0007,D:\-MindEcho-main\ml_dl_models\gtsinger_multitech\dataset\raw\Chinese\ZH-Alto-1\Vibrato\我真的受伤了\Control_Group\0007.wav,Chinese/ZH-Alto-1/Vibrato/我真的受伤了/Control_Group/0007.wav,Chinese,ZH-Alto-1,我真的受伤了,Control_Group,0,0,0,0,1,0,1,non_mix,000010,control_negative,0.219711,cpu
Chinese#ZH-Alto-1#Vibrato#我真的受伤了#Control_Group#0008,D:\-MindEcho-main\ml_dl_models\gtsinger_multitech\dataset\raw\Chinese\ZH-Alto-1\Vibrato\我真的受伤了\Control_Group\0008.wav,Chinese/ZH-Alto-1/Vibrato/我真的受伤了/Control_Group/0008.wav,Chinese,ZH-Alto-1,我真的受伤了,Control_Group,0,0,0,0,1,0,1,non_mix,000010,control_negative,0.278502,cpu
Chinese#ZH-Alto-1#Vibrato#我真的受伤了#Control_Group#0009,D:\-MindEcho-main\ml_dl_models\gtsinger_multitech\dataset\raw\Chinese\ZH-Alto-1\Vibrato\我真的受伤了\Control_Group\0009.wav,Chinese/ZH-Alto-1/Vibrato/我真的受伤了/Control_Group/0009.wav,Chinese,ZH-Alto-1,我真的受伤了,Control_Group,0,0,0,1,1,0,1,non_mix,000110,control_negative,0.427115,cpu
Chinese#ZH-Alto-1#Vibrato#我真的受伤了#Control_Group#0011,D:\-MindEcho-main\ml_dl_models\gtsinger_multitech\dataset\raw\Chinese\ZH-Alto-1\Vibrato\我真的受伤了\Control_Group\0011.wav,Chinese/ZH-Alto-1/Vibrato/我真的受伤了/Control_Group/0011.wav,Chinese,ZH-Alto-1,我真的受伤了,Control_Group,0,0,0,0,1,0,1,non_mix,000010,control_negative,0.187350,cpu
Chinese#ZH-Alto-1#Vibrato#我真的受伤了#Control_Group#0012,D:\-MindEcho-main\ml_dl_models\gtsinger_multitech\dataset\raw\Chinese\ZH-Alto-1\Vibrato\我真的受伤了\Control_Group\0012.wav,Chinese/ZH-Alto-1/Vibrato/我真的受伤了/Control_Group/0012.wav,Chinese,ZH-Alto-1,我真的受伤了,Control_Group,0,0,0,0,1,0,1,non_mix,000010,control_negative,0.171735,cpu
Chinese#ZH-Alto-1#Vibrato#我真的受伤了#Control_Group#0013,D:\-MindEcho-main\ml_dl_models\gtsinger_multitech\dataset\raw\Chinese\ZH-Alto-1\Vibrato\我真的受伤了\Control_Group\0013.wav,Chinese/ZH-Alto-1/Vibrato/我真的受伤了/Control_Group/0013.wav,Chinese,ZH-Alto-1,我真的受伤了,Control_Group,0,0,0,0,1,0,1,non_mix,000010,control_negative,0.390422,cpu
Chinese#ZH-Alto-1#Glissando#日不落#Control_Group#0001,D:\-MindEcho-main\ml_dl_models\gtsinger_multitech\dataset\raw\Chinese\ZH-Alto-1\Glissando\日不落\Control_Group\0001.wav,Chinese/ZH-Alto-1/Glissando/日不落/Control_Group/0001.wav,Chinese,ZH-Alto-1,日不落,Control_Group,0,0,0,0,1,0,1,non_mix,000010,control_negative,0.065366,cpu
Chinese#ZH-Alto-1#Glissando#日不落#Control_Group#0002,D:\-MindEcho-main\ml_dl_models\gtsinger_multitech\dataset\raw\Chinese\ZH-Alto-1\Glissando\日不落\Control_Group\0002.wav,Chinese/ZH-Alto-1/Glissando/日不落/Control_Group/0002.wav,Chinese,ZH-Alto-1,日不落,Control_Group,0,0,0,0,1,0,1,non_mix,000010,control_negative,0.034418,cpu
Chinese#ZH-Alto-1#Mixed_Voice_and_Falsetto#日不落#Control_Group#0000,D:\-MindEcho-main\ml_dl_models\gtsinger_multitech\dataset\raw\Chinese\ZH-Alto-1\Mixed_Voice_and_Falsetto\日不落\Control_Group\0000.wav,Chinese/ZH-Alto-1/Mixed_Voice_and_Falsetto/日不落/Control_Group/0000.wav,Chinese,ZH-Alto-1,日不落,Control_Group,0,0,0,0,1,0,1,non_mix,000010,control_negative,0.051015,cpu
Chinese#ZH-Alto-1#Mixed_Voice_and_Falsetto#日不落#Control_Group#0001,D:\-MindEcho-main\ml_dl_models\gtsinger_multitech\dataset\raw\Chinese\ZH-Alto-1\Mixed_Voice_and_Falsetto\日不落\Control_Group\0001.wav,Chinese/ZH-Alto-1/Mixed_Voice_and_Falsetto/日不落/Control_Group/0001.wav,Chinese,ZH-Alto-1,日不落,Control_Group,0,0,0,0,1,0,1,non_mix,000010,control_negative,0.074488,cpu
Chinese#ZH-Alto-1#Mixed_Voice_and_Falsetto#日不落#Control_Group#0003,D:\-MindEcho-main\ml_dl_models\gtsinger_multitech\dataset\raw\Chinese\ZH-Alto-1\Mixed_Voice_and_Falsetto\日不落\Control_Group\0003.wav,Chinese/ZH-Alto-1/Mixed_Voice_and_Falsetto/日不落/Control_Group/0003.wav,Chinese,ZH-Alto-1,日不落,Control_Group,0,0,0,0,1,0,1,non_mix,000010,control_negative,0.131540,cpu
Chinese#ZH-Alto-1#Glissando#时间煮雨#Control_Group#0003,D:\-MindEcho-main\ml_dl_models\gtsinger_multitech\dataset\raw\Chinese\ZH-Alto-1\Glissando\时间煮雨\Control_Group\0003.wav,Chinese/ZH-Alto-1/Glissando/时间煮雨/Control_Group/0003.wav,Chinese,ZH-Alto-1,时间煮雨,Control_Group,0,0,0,0,1,0,1,non_mix,000010,control_negative,0.016770,cpu
Chinese#ZH-Alto-1#Glissando#时间煮雨#Control_Group#0015,D:\-MindEcho-main\ml_dl_models\gtsinger_multitech\dataset\raw\Chinese\ZH-Alto-1\Glissando\时间煮雨\Control_Group\0015.wav,Chinese/ZH-Alto-1/Glissando/时间煮雨/Control_Group/0015.wav,Chinese,ZH-Alto-1,时间煮雨,Control_Group,0,0,0,0,1,0,1,non_mix,000010,control_negative,0.292222,cpu
Chinese#ZH-Alto-1#Mixed_Voice_and_Falsetto#时间煮雨#Control_Group#0000,D:\-MindEcho-main\ml_dl_models\gtsinger_multitech\dataset\raw\Chinese\ZH-Alto-1\Mixed_Voice_and_Falsetto\时间煮雨\Control_Group\0000.wav,Chinese/ZH-Alto-1/Mixed_Voice_and_Falsetto/时间煮雨/Control_Group/0000.wav,Chinese,ZH-Alto-1,时间煮雨,Control_Group,0,0,0,0,1,0,1,non_mix,000010,control_negative,0.081134,cpu
Chinese#ZH-Alto-1#Mixed_Voice_and_Falsetto#时间煮雨#Control_Group#0002,D:\-MindEcho-main\ml_dl_models\gtsinger_multitech\dataset\raw\Chinese\ZH-Alto-1\Mixed_Voice_and_Falsetto\时间煮雨\Control_Group\0002.wav,Chinese/ZH-Alto-1/Mixed_Voice_and_Falsetto/时间煮雨/Control_Group/0002.wav,Chinese,ZH-Alto-1,时间煮雨,Control_Group,0,0,0,0,1,0,1,non_mix,000010,control_negative,0.217680,cpu
Chinese#ZH-Alto-1#Mixed_Voice_and_Falsetto#时间煮雨#Control_Group#0004,D:\-MindEcho-main\ml_dl_models\gtsinger_multitech\dataset\raw\Chinese\ZH-Alto-1\Mixed_Voice_and_Falsetto\时间煮雨\Control_Group\0004.wav,Chinese/ZH-Alto-1/Mixed_Voice_and_Falsetto/时间煮雨/Control_Group/0004.wav,Chinese,ZH-Alto-1,时间煮雨,Control_Group,0,0,0,0,1,0,1,non_mix,000010,control_negative,0.132876,cpu
Chinese#ZH-Alto-1#Mixed_Voice_and_Falsetto#时间煮雨#Control_Group#0007,D:\-MindEcho-main\ml_dl_models\gtsinger_multitech\dataset\raw\Chinese\ZH-Alto-1\Mixed_Voice_and_Falsetto\时间煮雨\Control_Group\0007.wav,Chinese/ZH-Alto-1/Mixed_Voice_and_Falsetto/时间煮雨/Control_Group/0007.wav,Chinese,ZH-Alto-1,时间煮雨,Control_Group,0,0,0,0,1,0,1,non_mix,000010,control_negative,0.164231,cpu
Chinese#ZH-Alto-1#Glissando#时间都去哪儿了#Control_Group#0000,D:\-MindEcho-main\ml_dl_models\gtsinger_multitech\dataset\raw\Chinese\ZH-Alto-1\Glissando\时间都去哪儿了\Control_Group\0000.wav,Chinese/ZH-Alto-1/Glissando/时间都去哪儿了/Control_Group/0000.wav,Chinese,ZH-Alto-1,时间都去哪儿了,Control_Group,0,0,0,0,1,0,1,non_mix,000010,control_negative,0.074612,cpu
Chinese#ZH-Alto-1#Glissando#时间都去哪儿了#Control_Group#0001,D:\-MindEcho-main\ml_dl_models\gtsinger_multitech\dataset\raw\Chinese\ZH-Alto-1\Glissando\时间都去哪儿了\Control_Group\0001.wav,Chinese/ZH-Alto-1/Glissando/时间都去哪儿了/Control_Group/0001.wav,Chinese,ZH-Alto-1,时间都去哪儿了,Control_Group,0,0,0,0,1,0,1,non_mix,000010,control_negative,0.114607,cpu
Chinese#ZH-Alto-1#Glissando#时间都去哪儿了#Control_Group#0002,D:\-MindEcho-main\ml_dl_models\gtsinger_multitech\dataset\raw\Chinese\ZH-Alto-1\Glissando\时间都去哪儿了\Control_Group\0002.wav,Chinese/ZH-Alto-1/Glissando/时间都去哪儿了/Control_Group/0002.wav,Chinese,ZH-Alto-1,时间都去哪儿了,Control_Group,0,0,0,0,1,0,1,non_mix,000010,control_negative,0.045306,cpu
Chinese#ZH-Alto-1#Glissando#时间都去哪儿了#Control_Group#0003,D:\-MindEcho-main\ml_dl_models\gtsinger_multitech\dataset\raw\Chinese\ZH-Alto-1\Glissando\时间都去哪儿了\Control_Group\0003.wav,Chinese/ZH-Alto-1/Glissando/时间都去哪儿了/Control_Group/0003.wav,Chinese,ZH-Alto-1,时间都去哪儿了,Control_Group,0,0,0,0,1,0,1,non_mix,000010,control_negative,0.100144,cpu
Chinese#ZH-Alto-1#Glissando#时间都去哪儿了#Control_Group#0004,D:\-MindEcho-main\ml_dl_models\gtsinger_multitech\dataset\raw\Chinese\ZH-Alto-1\Glissando\时间都去哪儿了\Control_Group\0004.wav,Chinese/ZH-Alto-1/Glissando/时间都去哪儿了/Control_Group/0004.wav,Chinese,ZH-Alto-1,时间都去哪儿了,Control_Group,0,0,0,0,1,0,1,non_mix,000010,control_negative,0.113743,cpu
Chinese#ZH-Alto-1#Glissando#时间都去哪儿了#Control_Group#0007,D:\-MindEcho-main\ml_dl_models\gtsinger_multitech\dataset\raw\Chinese\ZH-Alto-1\Glissando\时间都去哪儿了\Control_Group\0007.wav,Chinese/ZH-Alto-1/Glissando/时间都去哪儿了/Control_Group/0007.wav,Chinese,ZH-Alto-1,时间都去哪儿了,Control_Group,0,0,0,0,1,0,1,non_mix,000010,control_negative,0.309580,cpu
Chinese#ZH-Alto-1#Glissando#时间都去哪儿了#Control_Group#0009,D:\-MindEcho-main\ml_dl_models\gtsinger_multitech\dataset\raw\Chinese\ZH-Alto-1\Glissando\时间都去哪儿了\Control_Group\0009.wav,Chinese/ZH-Alto-1/Glissando/时间都去哪儿了/Control_Group/0009.wav,Chinese,ZH-Alto-1,时间都去哪儿了,Control_Group,0,0,0,0,1,0,1,non_mix,000010,control_negative,0.307878,cpu
Chinese#ZH-Alto-1#Glissando#时间都去哪儿了#Control_Group#0010,D:\-MindEcho-main\ml_dl_models\gtsinger_multitech\dataset\raw\Chinese\ZH-Alto-1\Glissando\时间都去哪儿了\Control_Group\0010.wav,Chinese/ZH-Alto-1/Glissando/时间都去哪儿了/Control_Group/0010.wav,Chinese,ZH-Alto-1,时间都去哪儿了,Control_Group,0,0,0,0,1,0,1,non_mix,000010,control_negative,0.372691,cpu
Chinese#ZH-Alto-1#Glissando#曹操#Control_Group#0004,D:\-MindEcho-main\ml_dl_models\gtsinger_multitech\dataset\raw\Chinese\ZH-Alto-1\Glissando\曹操\Control_Group\0004.wav,Chinese/ZH-Alto-1/Glissando/曹操/Control_Group/0004.wav,Chinese,ZH-Alto-1,曹操,Control_Group,0,0,0,0,1,0,1,non_mix,000010,control_negative,0.073665,cpu
Chinese#ZH-Alto-1#Glissando#曹操#Control_Group#0006,D:\-MindEcho-main\ml_dl_models\gtsinger_multitech\dataset\raw\Chinese\ZH-Alto-1\Glissando\曹操\Control_Group\0006.wav,Chinese/ZH-Alto-1/Glissando/曹操/Control_Group/0006.wav,Chinese,ZH-Alto-1,曹操,Control_Group,0,0,0,0,1,0,1,non_mix,000010,control_negative,0.209653,cpu
Chinese#ZH-Alto-1#Pharyngeal#最初的梦想#Control_Group#0000,D:\-MindEcho-main\ml_dl_models\gtsinger_multitech\dataset\raw\Chinese\ZH-Alto-1\Pharyngeal\最初的梦想\Control_Group\0000.wav,Chinese/ZH-Alto-1/Pharyngeal/最初的梦想/Control_Group/0000.wav,Chinese,ZH-Alto-1,最初的梦想,Control_Group,0,0,0,0,1,0,1,non_mix,000010,control_negative,0.177445,cpu
Chinese#ZH-Alto-1#Pharyngeal#最初的梦想#Control_Group#0001,D:\-MindEcho-main\ml_dl_models\gtsinger_multitech\dataset\raw\Chinese\ZH-Alto-1\Pharyngeal\最初的梦想\Control_Group\0001.wav,Chinese/ZH-Alto-1/Pharyngeal/最初的梦想/Control_Group/0001.wav,Chinese,ZH-Alto-1,最初的梦想,Control_Group,0,0,0,0,1,0,1,non_mix,000010,control_negative,0.270047,cpu
Chinese#ZH-Alto-1#Pharyngeal#最初的梦想#Control_Group#0002,D:\-MindEcho-main\ml_dl_models\gtsinger_multitech\dataset\raw\Chinese\ZH-Alto-1\Pharyngeal\最初的梦想\Control_Group\0002.wav,Chinese/ZH-Alto-1/Pharyngeal/最初的梦想/Control_Group/0002.wav,Chinese,ZH-Alto-1,最初的梦想,Control_Group,0,0,0,0,1,0,1,non_mix,000010,control_negative,0.383165,cpu
Chinese#ZH-Alto-1#Pharyngeal#最初的梦想#Control_Group#0003,D:\-MindEcho-main\ml_dl_models\gtsinger_multitech\dataset\raw\Chinese\ZH-Alto-1\Pharyngeal\最初的梦想\Control_Group\0003.wav,Chinese/ZH-Alto-1/Pharyngeal/最初的梦想/Control_Group/0003.wav,Chinese,ZH-Alto-1,最初的梦想,Control_Group,0,0,0,0,1,0,1,non_mix,000010,control_negative,0.156699,cpu
Chinese#ZH-Alto-1#Pharyngeal#最初的梦想#Control_Group#0005,D:\-MindEcho-main\ml_dl_models\gtsinger_multitech\dataset\raw\Chinese\ZH-Alto-1\Pharyngeal\最初的梦想\Control_Group\0005.wav,Chinese/ZH-Alto-1/Pharyngeal/最初的梦想/Control_Group/0005.wav,Chinese,ZH-Alto-1,最初的梦想,Control_Group,0,0,0,0,1,0,1,non_mix,000010,control_negative,0.170699,cpu
Chinese#ZH-Alto-1#Pharyngeal#最初的梦想#Control_Group#0007,D:\-MindEcho-main\ml_dl_models\gtsinger_multitech\dataset\raw\Chinese\ZH-Alto-1\Pharyngeal\最初的梦想\Control_Group\0007.wav,Chinese/ZH-Alto-1/Pharyngeal/最初的梦想/Control_Group/0007.wav,Chinese,ZH-Alto-1,最初的梦想,Control_Group,0,0,0,0,1,0,1,non_mix,000010,control_negative,0.228871,cpu
Chinese#ZH-Alto-1#Breathy#最长的电影#Control_Group#0000,D:\-MindEcho-main\ml_dl_models\gtsinger_multitech\dataset\raw\Chinese\ZH-Alto-1\Breathy\最长的电影\Control_Group\0000.wav,Chinese/ZH-Alto-1/Breathy/最长的电影/Control_Group/0000.wav,Chinese,ZH-Alto-1,最长的电影,Control_Group,0,0,0,0,1,0,1,non_mix,000010,control_negative,0.108243,cpu
Chinese#ZH-Alto-1#Breathy#最长的电影#Control_Group#0002,D:\-MindEcho-main\ml_dl_models\gtsinger_multitech\dataset\raw\Chinese\ZH-Alto-1\Breathy\最长的电影\Control_Group\0002.wav,Chinese/ZH-Alto-1/Breathy/最长的电影/Control_Group/0002.wav,Chinese,ZH-Alto-1,最长的电影,Control_Group,0,0,0,0,1,0,1,non_mix,000010,control_negative,0.088483,cpu
Chinese#ZH-Alto-1#Breathy#最长的电影#Control_Group#0003,D:\-MindEcho-main\ml_dl_models\gtsinger_multitech\dataset\raw\Chinese\ZH-Alto-1\Breathy\最长的电影\Control_Group\0003.wav,Chinese/ZH-Alto-1/Breathy/最长的电影/Control_Group/0003.wav,Chinese,ZH-Alto-1,最长的电影,Control_Group,0,0,0,0,1,0,1,non_mix,000010,control_negative,0.170954,cpu
Chinese#ZH-Alto-1#Breathy#最长的电影#Control_Group#0004,D:\-MindEcho-main\ml_dl_models\gtsinger_multitech\dataset\raw\Chinese\ZH-Alto-1\Breathy\最长的电影\Control_Group\0004.wav,Chinese/ZH-Alto-1/Breathy/最长的电影/Control_Group/0004.wav,Chinese,ZH-Alto-1,最长的电影,Control_Group,0,0,0,0,1,0,1,non_mix,000010,control_negative,0.164925,cpu
Chinese#ZH-Alto-1#Breathy#最长的电影#Control_Group#0005,D:\-MindEcho-main\ml_dl_models\gtsinger_multitech\dataset\raw\Chinese\ZH-Alto-1\Breathy\最长的电影\Control_Group\0005.wav,Chinese/ZH-Alto-1/Breathy/最长的电影/Control_Group/0005.wav,Chinese,ZH-Alto-1,最长的电影,Control_Group,0,0,0,0,1,0,1,non_mix,000010,control_negative,0.120766,cpu
Chinese#ZH-Alto-1#Breathy#最长的电影#Control_Group#0006,D:\-MindEcho-main\ml_dl_models\gtsinger_multitech\dataset\raw\Chinese\ZH-Alto-1\Breathy\最长的电影\Control_Group\0006.wav,Chinese/ZH-Alto-1/Breathy/最长的电影/Control_Group/0006.wav,Chinese,ZH-Alto-1,最长的电影,Control_Group,0,0,0,0,1,0,1,non_mix,000010,control_negative,0.088899,cpu
Chinese#ZH-Alto-1#Breathy#最长的电影#Control_Group#0007,D:\-MindEcho-main\ml_dl_models\gtsinger_multitech\dataset\raw\Chinese\ZH-Alto-1\Breathy\最长的电影\Control_Group\0007.wav,Chinese/ZH-Alto-1/Breathy/最长的电影/Control_Group/0007.wav,Chinese,ZH-Alto-1,最长的电影,Control_Group,0,0,0,0,1,0,1,non_mix,000010,control_negative,0.160617,cpu
Chinese#ZH-Alto-1#Breathy#最长的电影#Control_Group#0008,D:\-MindEcho-main\ml_dl_models\gtsinger_multitech\dataset\raw\Chinese\ZH-Alto-1\Breathy\最长的电影\Control_Group\0008.wav,Chinese/ZH-Alto-1/Breathy/最长的电影/Control_Group/0008.wav,Chinese,ZH-Alto-1,最长的电影,Control_Group,0,0,0,0,1,0,1,non_mix,000010,control_negative,0.086038,cpu
Chinese#ZH-Alto-1#Breathy#最长的电影#Control_Group#0009,D:\-MindEcho-main\ml_dl_models\gtsinger_multitech\dataset\raw\Chinese\ZH-Alto-1\Breathy\最长的电影\Control_Group\0009.wav,Chinese/ZH-Alto-1/Breathy/最长的电影/Control_Group/0009.wav,Chinese,ZH-Alto-1,最长的电影,Control_Group,0,0,0,0,1,0,1,non_mix,000010,control_negative,0.351471,cpu
Chinese#ZH-Alto-1#Breathy#最长的电影#Control_Group#0010,D:\-MindEcho-main\ml_dl_models\gtsinger_multitech\dataset\raw\Chinese\ZH-Alto-1\Breathy\最长的电影\Control_Group\0010.wav,Chinese/ZH-Alto-1/Breathy/最长的电影/Control_Group/0010.wav,Chinese,ZH-Alto-1,最长的电影,Control_Group,0,0,0,0,1,0,1,non_mix,000010,control_negative,0.159241,cpu
Chinese#ZH-Alto-1#Breathy#最长的电影#Control_Group#0011,D:\-MindEcho-main\ml_dl_models\gtsinger_multitech\dataset\raw\Chinese\ZH-Alto-1\Breathy\最长的电影\Control_Group\0011.wav,Chinese/ZH-Alto-1/Breathy/最长的电影/Control_Group/0011.wav,Chinese,ZH-Alto-1,最长的电影,Control_Group,0,0,0,0,1,0,1,non_mix,000010,control_negative,0.174323,cpu
Chinese#ZH-Alto-1#Mixed_Voice_and_Falsetto#最长的电影#Control_Group#0000,D:\-MindEcho-main\ml_dl_models\gtsinger_multitech\dataset\raw\Chinese\ZH-Alto-1\Mixed_Voice_and_Falsetto\最长的电影\Control_Group\0000.wav,Chinese/ZH-Alto-1/Mixed_Voice_and_Falsetto/最长的电影/Control_Group/0000.wav,Chinese,ZH-Alto-1,最长的电影,Control_Group,0,0,0,0,1,0,1,non_mix,000010,control_negative,0.197169,cpu
Chinese#ZH-Alto-1#Mixed_Voice_and_Falsetto#最长的电影#Control_Group#0001,D:\-MindEcho-main\ml_dl_models\gtsinger_multitech\dataset\raw\Chinese\ZH-Alto-1\Mixed_Voice_and_Falsetto\最长的电影\Control_Group\0001.wav,Chinese/ZH-Alto-1/Mixed_Voice_and_Falsetto/最长的电影/Control_Group/0001.wav,Chinese,ZH-Alto-1,最长的电影,Control_Group,0,0,0,0,1,0,1,non_mix,000010,control_negative,0.323303,cpu
Chinese#ZH-Alto-1#Mixed_Voice_and_Falsetto#最长的电影#Control_Group#0002,D:\-MindEcho-main\ml_dl_models\gtsinger_multitech\dataset\raw\Chinese\ZH-Alto-1\Mixed_Voice_and_Falsetto\最长的电影\Control_Group\0002.wav,Chinese/ZH-Alto-1/Mixed_Voice_and_Falsetto/最长的电影/Control_Group/0002.wav,Chinese,ZH-Alto-1,最长的电影,Control_Group,0,0,0,0,1,0,1,non_mix,000010,control_negative,0.151238,cpu
Chinese#ZH-Alto-1#Mixed_Voice_and_Falsetto#最长的电影#Control_Group#0003,D:\-MindEcho-main\ml_dl_models\gtsinger_multitech\dataset\raw\Chinese\ZH-Alto-1\Mixed_Voice_and_Falsetto\最长的电影\Control_Group\0003.wav,Chinese/ZH-Alto-1/Mixed_Voice_and_Falsetto/最长的电影/Control_Group/0003.wav,Chinese,ZH-Alto-1,最长的电影,Control_Group,0,0,0,0,1,0,1,non_mix,000010,control_negative,0.342585,cpu
Chinese#ZH-Alto-1#Mixed_Voice_and_Falsetto#最长的电影#Control_Group#0004,D:\-MindEcho-main\ml_dl_models\gtsinger_multitech\dataset\raw\Chinese\ZH-Alto-1\Mixed_Voice_and_Falsetto\最长的电影\Control_Group\0004.wav,Chinese/ZH-Alto-1/Mixed_Voice_and_Falsetto/最长的电影/Control_Group/0004.wav,Chinese,ZH-Alto-1,最长的电影,Control_Group,0,0,0,0,1,0,1,non_mix,000010,control_negative,0.346645,cpu
Chinese#ZH-Alto-1#Mixed_Voice_and_Falsetto#最长的电影#Control_Group#0006,D:\-MindEcho-main\ml_dl_models\gtsinger_multitech\dataset\raw\Chinese\ZH-Alto-1\Mixed_Voice_and_Falsetto\最长的电影\Control_Group\0006.wav,Chinese/ZH-Alto-1/Mixed_Voice_and_Falsetto/最长的电影/Control_Group/0006.wav,Chinese,ZH-Alto-1,最长的电影,Control_Group,0,0,0,0,1,0,1,non_mix,000010,control_negative,0.224413,cpu
Chinese#ZH-Alto-1#Mixed_Voice_and_Falsetto#最长的电影#Control_Group#0007,D:\-MindEcho-main\ml_dl_models\gtsinger_multitech\dataset\raw\Chinese\ZH-Alto-1\Mixed_Voice_and_Falsetto\最长的电影\Control_Group\0007.wav,Chinese/ZH-Alto-1/Mixed_Voice_and_Falsetto/最长的电影/Control_Group/0007.wav,Chinese,ZH-Alto-1,最长的电影,Control_Group,0,0,0,0,1,0,1,non_mix,000010,control_negative,0.557177,cpu
Chinese#ZH-Alto-1#Mixed_Voice_and_Falsetto#最长的电影#Control_Group#0008,D:\-MindEcho-main\ml_dl_models\gtsinger_multitech\dataset\raw\Chinese\ZH-Alto-1\Mixed_Voice_and_Falsetto\最长的电影\Control_Group\0008.wav,Chinese/ZH-Alto-1/Mixed_Voice_and_Falsetto/最长的电影/Control_Group/0008.wav,Chinese,ZH-Alto-1,最长的电影,Control_Group,0,0,0,0,1,0,1,non_mix,000010,control_negative,0.055444,cpu
Chinese#ZH-Alto-1#Mixed_Voice_and_Falsetto#最长的电影#Control_Group#0009,D:\-MindEcho-main\ml_dl_models\gtsinger_multitech\dataset\raw\Chinese\ZH-Alto-1\Mixed_Voice_and_Falsetto\最长的电影\Control_Group\0009.wav,Chinese/ZH-Alto-1/Mixed_Voice_and_Falsetto/最长的电影/Control_Group/0009.wav,Chinese,ZH-Alto-1,最长的电影,Control_Group,0,0,0,0,1,0,1,non_mix,000010,control_negative,0.128547,cpu
Chinese#ZH-Alto-1#Mixed_Voice_and_Falsetto#最长的电影#Control_Group#0011,D:\-MindEcho-main\ml_dl_models\gtsinger_multitech\dataset\raw\Chinese\ZH-Alto-1\Mixed_Voice_and_Falsetto\最长的电影\Control_Group\0011.wav,Chinese/ZH-Alto-1/Mixed_Voice_and_Falsetto/最长的电影/Control_Group/0011.wav,Chinese,ZH-Alto-1,最长的电影,Control_Group,0,0,0,0,1,0,1,non_mix,000010,control_negative,0.253360,cpu
Chinese#ZH-Alto-1#Breathy#有一种悲伤#Control_Group#0000,D:\-MindEcho-main\ml_dl_models\gtsinger_multitech\dataset\raw\Chinese\ZH-Alto-1\Breathy\有一种悲伤\Control_Group\0000.wav,Chinese/ZH-Alto-1/Breathy/有一种悲伤/Control_Group/0000.wav,Chinese,ZH-Alto-1,有一种悲伤,Control_Group,0,0,0,0,1,0,1,non_mix,000010,control_negative,0.238658,cpu
Chinese#ZH-Alto-1#Breathy#有一种悲伤#Control_Group#0002,D:\-MindEcho-main\ml_dl_models\gtsinger_multitech\dataset\raw\Chinese\ZH-Alto-1\Breathy\有一种悲伤\Control_Group\0002.wav,Chinese/ZH-Alto-1/Breathy/有一种悲伤/Control_Group/0002.wav,Chinese,ZH-Alto-1,有一种悲伤,Control_Group,0,0,0,0,1,0,1,non_mix,000010,control_negative,0.397154,cpu
Chinese#ZH-Alto-1#Breathy#有一种悲伤#Control_Group#0003,D:\-MindEcho-main\ml_dl_models\gtsinger_multitech\dataset\raw\Chinese\ZH-Alto-1\Breathy\有一种悲伤\Control_Group\0003.wav,Chinese/ZH-Alto-1/Breathy/有一种悲伤/Control_Group/0003.wav,Chinese,ZH-Alto-1,有一种悲伤,Control_Group,0,0,0,0,1,0,1,non_mix,000010,control_negative,0.439380,cpu
Chinese#ZH-Alto-1#Breathy#有一种悲伤#Control_Group#0004,D:\-MindEcho-main\ml_dl_models\gtsinger_multitech\dataset\raw\Chinese\ZH-Alto-1\Breathy\有一种悲伤\Control_Group\0004.wav,Chinese/ZH-Alto-1/Breathy/有一种悲伤/Control_Group/0004.wav,Chinese,ZH-Alto-1,有一种悲伤,Control_Group,0,0,0,0,1,0,1,non_mix,000010,control_negative,0.544471,cpu
Chinese#ZH-Alto-1#Breathy#有一种悲伤#Control_Group#0006,D:\-MindEcho-main\ml_dl_models\gtsinger_multitech\dataset\raw\Chinese\ZH-Alto-1\Breathy\有一种悲伤\Control_Group\0006.wav,Chinese/ZH-Alto-1/Breathy/有一种悲伤/Control_Group/0006.wav,Chinese,ZH-Alto-1,有一种悲伤,Control_Group,0,0,0,0,1,0,1,non_mix,000010,control_negative,0.377065,cpu
Chinese#ZH-Alto-1#Mixed_Voice_and_Falsetto#老男孩#Control_Group#0002,D:\-MindEcho-main\ml_dl_models\gtsinger_multitech\dataset\raw\Chinese\ZH-Alto-1\Mixed_Voice_and_Falsetto\老男孩\Control_Group\0002.wav,Chinese/ZH-Alto-1/Mixed_Voice_and_Falsetto/老男孩/Control_Group/0002.wav,Chinese,ZH-Alto-1,老男孩,Control_Group,0,0,0,1,1,0,1,non_mix,000110,control_negative,0.531414,cpu
Chinese#ZH-Alto-1#Mixed_Voice_and_Falsetto#老男孩#Control_Group#0004,D:\-MindEcho-main\ml_dl_models\gtsinger_multitech\dataset\raw\Chinese\ZH-Alto-1\Mixed_Voice_and_Falsetto\老男孩\Control_Group\0004.wav,Chinese/ZH-Alto-1/Mixed_Voice_and_Falsetto/老男孩/Control_Group/0004.wav,Chinese,ZH-Alto-1,老男孩,Control_Group,0,0,0,1,1,0,1,non_mix,000110,control_negative,0.106668,cpu
Chinese#ZH-Alto-1#Mixed_Voice_and_Falsetto#老男孩#Control_Group#0013,D:\-MindEcho-main\ml_dl_models\gtsinger_multitech\dataset\raw\Chinese\ZH-Alto-1\Mixed_Voice_and_Falsetto\老男孩\Control_Group\0013.wav,Chinese/ZH-Alto-1/Mixed_Voice_and_Falsetto/老男孩/Control_Group/0013.wav,Chinese,ZH-Alto-1,老男孩,Control_Group,0,0,0,1,1,0,1,non_mix,000110,control_negative,0.315909,cpu
Chinese#ZH-Alto-1#Mixed_Voice_and_Falsetto#老男孩#Control_Group#0014,D:\-MindEcho-main\ml_dl_models\gtsinger_multitech\dataset\raw\Chinese\ZH-Alto-1\Mixed_Voice_and_Falsetto\老男孩\Control_Group\0014.wav,Chinese/ZH-Alto-1/Mixed_Voice_and_Falsetto/老男孩/Control_Group/0014.wav,Chinese,ZH-Alto-1,老男孩,Control_Group,0,0,0,1,1,0,1,non_mix,000110,control_negative,0.462864,cpu
Chinese#ZH-Alto-1#Mixed_Voice_and_Falsetto#老男孩#Control_Group#0016,D:\-MindEcho-main\ml_dl_models\gtsinger_multitech\dataset\raw\Chinese\ZH-Alto-1\Mixed_Voice_and_Falsetto\老男孩\Control_Group\0016.wav,Chinese/ZH-Alto-1/Mixed_Voice_and_Falsetto/老男孩/Control_Group/0016.wav,Chinese,ZH-Alto-1,老男孩,Control_Group,0,0,0,1,1,0,1,non_mix,000110,control_negative,0.286823,cpu
Chinese#ZH-Alto-1#Mixed_Voice_and_Falsetto#老男孩#Control_Group#0021,D:\-MindEcho-main\ml_dl_models\gtsinger_multitech\dataset\raw\Chinese\ZH-Alto-1\Mixed_Voice_and_Falsetto\老男孩\Control_Group\0021.wav,Chinese/ZH-Alto-1/Mixed_Voice_and_Falsetto/老男孩/Control_Group/0021.wav,Chinese,ZH-Alto-1,老男孩,Control_Group,0,0,0,1,1,0,1,non_mix,000110,control_negative,0.118148,cpu
Chinese#ZH-Alto-1#Mixed_Voice_and_Falsetto#菊花台#Control_Group#0010,D:\-MindEcho-main\ml_dl_models\gtsinger_multitech\dataset\raw\Chinese\ZH-Alto-1\Mixed_Voice_and_Falsetto\菊花台\Control_Group\0010.wav,Chinese/ZH-Alto-1/Mixed_Voice_and_Falsetto/菊花台/Control_Group/0010.wav,Chinese,ZH-Alto-1,菊花台,Control_Group,0,1,0,0,1,0,1,non_mix,010010,control_negative,0.162578,cpu
Chinese#ZH-Alto-1#Vibrato#菊花台#Control_Group#0001,D:\-MindEcho-main\ml_dl_models\gtsinger_multitech\dataset\raw\Chinese\ZH-Alto-1\Vibrato\菊花台\Control_Group\0001.wav,Chinese/ZH-Alto-1/Vibrato/菊花台/Control_Group/0001.wav,Chinese,ZH-Alto-1,菊花台,Control_Group,0,0,0,1,1,0,1,non_mix,000110,control_negative,0.315044,cpu
Chinese#ZH-Alto-1#Vibrato#菊花台#Control_Group#0008,D:\-MindEcho-main\ml_dl_models\gtsinger_multitech\dataset\raw\Chinese\ZH-Alto-1\Vibrato\菊花台\Control_Group\0008.wav,Chinese/ZH-Alto-1/Vibrato/菊花台/Control_Group/0008.wav,Chinese,ZH-Alto-1,菊花台,Control_Group,0,0,0,1,1,0,1,non_mix,000110,control_negative,0.091428,cpu
Chinese#ZH-Alto-1#Breathy#说谎#Control_Group#0006,D:\-MindEcho-main\ml_dl_models\gtsinger_multitech\dataset\raw\Chinese\ZH-Alto-1\Breathy\说谎\Control_Group\0006.wav,Chinese/ZH-Alto-1/Breathy/说谎/Control_Group/0006.wav,Chinese,ZH-Alto-1,说谎,Control_Group,0,0,0,1,1,0,1,non_mix,000110,control_negative,0.319448,cpu
Chinese#ZH-Alto-1#Mixed_Voice_and_Falsetto#贝加尔湖畔#Control_Group#0007,D:\-MindEcho-main\ml_dl_models\gtsinger_multitech\dataset\raw\Chinese\ZH-Alto-1\Mixed_Voice_and_Falsetto\贝加尔湖畔\Control_Group\0007.wav,Chinese/ZH-Alto-1/Mixed_Voice_and_Falsetto/贝加尔湖畔/Control_Group/0007.wav,Chinese,ZH-Alto-1,贝加尔湖畔,Control_Group,0,0,0,1,1,0,1,non_mix,000110,control_negative,0.328091,cpu
Chinese#ZH-Alto-1#Mixed_Voice_and_Falsetto#贝加尔湖畔#Control_Group#0008,D:\-MindEcho-main\ml_dl_models\gtsinger_multitech\dataset\raw\Chinese\ZH-Alto-1\Mixed_Voice_and_Falsetto\贝加尔湖畔\Control_Group\0008.wav,Chinese/ZH-Alto-1/Mixed_Voice_and_Falsetto/贝加尔湖畔/Control_Group/0008.wav,Chinese,ZH-Alto-1,贝加尔湖畔,Control_Group,0,0,0,1,1,0,1,non_mix,000110,control_negative,0.182757,cpu
Chinese#ZH-Alto-1#Mixed_Voice_and_Falsetto#贝加尔湖畔#Control_Group#0011,D:\-MindEcho-main\ml_dl_models\gtsinger_multitech\dataset\raw\Chinese\ZH-Alto-1\Mixed_Voice_and_Falsetto\贝加尔湖畔\Control_Group\0011.wav,Chinese/ZH-Alto-1/Mixed_Voice_and_Falsetto/贝加尔湖畔/Control_Group/0011.wav,Chinese,ZH-Alto-1,贝加尔湖畔,Control_Group,0,0,0,1,1,0,1,non_mix,000110,control_negative,0.752919,cpu
Chinese#ZH-Alto-1#Mixed_Voice_and_Falsetto#逆光#Control_Group#0003,D:\-MindEcho-main\ml_dl_models\gtsinger_multitech\dataset\raw\Chinese\ZH-Alto-1\Mixed_Voice_and_Falsetto\逆光\Control_Group\0003.wav,Chinese/ZH-Alto-1/Mixed_Voice_and_Falsetto/逆光/Control_Group/0003.wav,Chinese,ZH-Alto-1,逆光,Control_Group,0,0,0,1,1,0,1,non_mix,000110,control_negative,0.070650,cpu
Chinese#ZH-Tenor-1#Breathy#会呼吸的痛#Control_Group#0005,D:\-MindEcho-main\ml_dl_models\gtsinger_multitech\dataset\raw\Chinese\ZH-Tenor-1\Breathy\会呼吸的痛\Control_Group\0005.wav,Chinese/ZH-Tenor-1/Breathy/会呼吸的痛/Control_Group/0005.wav,Chinese,ZH-Tenor-1,会呼吸的痛,Control_Group,0,1,0,0,1,0,1,non_mix,010010,control_negative,0.789044,cpu
Chinese#ZH-Tenor-1#Breathy#会呼吸的痛#Control_Group#0007,D:\-MindEcho-main\ml_dl_models\gtsinger_multitech\dataset\raw\Chinese\ZH-Tenor-1\Breathy\会呼吸的痛\Control_Group\0007.wav,Chinese/ZH-Tenor-1/Breathy/会呼吸的痛/Control_Group/0007.wav,Chinese,ZH-Tenor-1,会呼吸的痛,Control_Group,0,1,0,0,1,0,1,non_mix,010010,control_negative,0.539526,cpu
Chinese#ZH-Tenor-1#Breathy#会呼吸的痛#Control_Group#0014,D:\-MindEcho-main\ml_dl_models\gtsinger_multitech\dataset\raw\Chinese\ZH-Tenor-1\Breathy\会呼吸的痛\Control_Group\0014.wav,Chinese/ZH-Tenor-1/Breathy/会呼吸的痛/Control_Group/0014.wav,Chinese,ZH-Tenor-1,会呼吸的痛,Control_Group,0,1,0,0,1,0,1,non_mix,010010,control_negative,0.832307,cpu
Chinese#ZH-Tenor-1#Breathy#会呼吸的痛#Control_Group#0015,D:\-MindEcho-main\ml_dl_models\gtsinger_multitech\dataset\raw\Chinese\ZH-Tenor-1\Breathy\会呼吸的痛\Control_Group\0015.wav,Chinese/ZH-Tenor-1/Breathy/会呼吸的痛/Control_Group/0015.wav,Chinese,ZH-Tenor-1,会呼吸的痛,Control_Group,0,1,0,0,1,0,1,non_mix,010010,control_negative,0.392114,cpu
Chinese#ZH-Tenor-1#Breathy#会呼吸的痛#Control_Group#0016,D:\-MindEcho-main\ml_dl_models\gtsinger_multitech\dataset\raw\Chinese\ZH-Tenor-1\Breathy\会呼吸的痛\Control_Group\0016.wav,Chinese/ZH-Tenor-1/Breathy/会呼吸的痛/Control_Group/0016.wav,Chinese,ZH-Tenor-1,会呼吸的痛,Control_Group,0,1,0,0,1,0,1,non_mix,010010,control_negative,0.486885,cpu
Chinese#ZH-Tenor-1#Breathy#会呼吸的痛#Control_Group#0018,D:\-MindEcho-main\ml_dl_models\gtsinger_multitech\dataset\raw\Chinese\ZH-Tenor-1\Breathy\会呼吸的痛\Control_Group\0018.wav,Chinese/ZH-Tenor-1/Breathy/会呼吸的痛/Control_Group/0018.wav,Chinese,ZH-Tenor-1,会呼吸的痛,Control_Group,0,1,0,0,1,0,1,non_mix,010010,control_negative,0.551255,cpu
Chinese#ZH-Tenor-1#Breathy#会呼吸的痛#Control_Group#0019,D:\-MindEcho-main\ml_dl_models\gtsinger_multitech\dataset\raw\Chinese\ZH-Tenor-1\Breathy\会呼吸的痛\Control_Group\0019.wav,Chinese/ZH-Tenor-1/Breathy/会呼吸的痛/Control_Group/0019.wav,Chinese,ZH-Tenor-1,会呼吸的痛,Control_Group,0,1,0,0,1,0,1,non_mix,010010,control_negative,0.465470,cpu
Chinese#ZH-Tenor-1#Mixed_Voice_and_Falsetto#修炼爱情#Control_Group#0002,D:\-MindEcho-main\ml_dl_models\gtsinger_multitech\dataset\raw\Chinese\ZH-Tenor-1\Mixed_Voice_and_Falsetto\修炼爱情\Control_Group\0002.wav,Chinese/ZH-Tenor-1/Mixed_Voice_and_Falsetto/修炼爱情/Control_Group/0002.wav,Chinese,ZH-Tenor-1,修炼爱情,Control_Group,0,1,0,0,1,0,1,non_mix,010010,control_negative,0.720894,cpu
Chinese#ZH-Tenor-1#Breathy#像我这样的人#Control_Group#0001,D:\-MindEcho-main\ml_dl_models\gtsinger_multitech\dataset\raw\Chinese\ZH-Tenor-1\Breathy\像我这样的人\Control_Group\0001.wav,Chinese/ZH-Tenor-1/Breathy/像我这样的人/Control_Group/0001.wav,Chinese,ZH-Tenor-1,像我这样的人,Control_Group,0,0,0,1,1,0,1,non_mix,000110,control_negative,0.486710,cpu
Chinese#ZH-Tenor-1#Breathy#化身孤岛的鲸#Control_Group#0005,D:\-MindEcho-main\ml_dl_models\gtsinger_multitech\dataset\raw\Chinese\ZH-Tenor-1\Breathy\化身孤岛的鲸\Control_Group\0005.wav,Chinese/ZH-Tenor-1/Breathy/化身孤岛的鲸/Control_Group/0005.wav,Chinese,ZH-Tenor-1,化身孤岛的鲸,Control_Group,0,1,0,0,1,0,1,non_mix,010010,control_negative,0.616123,cpu
Chinese#ZH-Tenor-1#Breathy#化身孤岛的鲸#Control_Group#0009,D:\-MindEcho-main\ml_dl_models\gtsinger_multitech\dataset\raw\Chinese\ZH-Tenor-1\Breathy\化身孤岛的鲸\Control_Group\0009.wav,Chinese/ZH-Tenor-1/Breathy/化身孤岛的鲸/Control_Group/0009.wav,Chinese,ZH-Tenor-1,化身孤岛的鲸,Control_Group,0,1,0,0,1,0,1,non_mix,010010,control_negative,0.573785,cpu
Chinese#ZH-Tenor-1#Breathy#化身孤岛的鲸#Control_Group#0015,D:\-MindEcho-main\ml_dl_models\gtsinger_multitech\dataset\raw\Chinese\ZH-Tenor-1\Breathy\化身孤岛的鲸\Control_Group\0015.wav,Chinese/ZH-Tenor-1/Breathy/化身孤岛的鲸/Control_Group/0015.wav,Chinese,ZH-Tenor-1,化身孤岛的鲸,Control_Group,0,1,0,0,1,0,1,non_mix,010010,control_negative,0.523791,cpu
Chinese#ZH-Tenor-1#Breathy#化身孤岛的鲸#Control_Group#0019,D:\-MindEcho-main\ml_dl_models\gtsinger_multitech\dataset\raw\Chinese\ZH-Tenor-1\Breathy\化身孤岛的鲸\Control_Group\0019.wav,Chinese/ZH-Tenor-1/Breathy/化身孤岛的鲸/Control_Group/0019.wav,Chinese,ZH-Tenor-1,化身孤岛的鲸,Control_Group,0,1,0,0,1,0,1,non_mix,010010,control_negative,0.491283,cpu
Chinese#ZH-Tenor-1#Breathy#化身孤岛的鲸#Control_Group#0023,D:\-MindEcho-main\ml_dl_models\gtsinger_multitech\dataset\raw\Chinese\ZH-Tenor-1\Breathy\化身孤岛的鲸\Control_Group\0023.wav,Chinese/ZH-Tenor-1/Breathy/化身孤岛的鲸/Control_Group/0023.wav,Chinese,ZH-Tenor-1,化身孤岛的鲸,Control_Group,0,1,0,0,1,0,1,non_mix,010010,control_negative,0.843780,cpu
Chinese#ZH-Tenor-1#Breathy#如果爱忘了#Control_Group#0004,D:\-MindEcho-main\ml_dl_models\gtsinger_multitech\dataset\raw\Chinese\ZH-Tenor-1\Breathy\如果爱忘了\Control_Group\0004.wav,Chinese/ZH-Tenor-1/Breathy/如果爱忘了/Control_Group/0004.wav,Chinese,ZH-Tenor-1,如果爱忘了,Control_Group,0,1,0,0,1,0,1,non_mix,010010,control_negative,0.604618,cpu
Chinese#ZH-Tenor-1#Breathy#如果爱忘了#Control_Group#0005,D:\-MindEcho-main\ml_dl_models\gtsinger_multitech\dataset\raw\Chinese\ZH-Tenor-1\Breathy\如果爱忘了\Control_Group\0005.wav,Chinese/ZH-Tenor-1/Breathy/如果爱忘了/Control_Group/0005.wav,Chinese,ZH-Tenor-1,如果爱忘了,Control_Group,0,0,0,1,1,0,1,non_mix,000110,control_negative,0.554432,cpu
Chinese#ZH-Tenor-1#Breathy#如果爱忘了#Control_Group#0008,D:\-MindEcho-main\ml_dl_models\gtsinger_multitech\dataset\raw\Chinese\ZH-Tenor-1\Breathy\如果爱忘了\Control_Group\0008.wav,Chinese/ZH-Tenor-1/Breathy/如果爱忘了/Control_Group/0008.wav,Chinese,ZH-Tenor-1,如果爱忘了,Control_Group,0,0,0,1,1,0,1,non_mix,000110,control_negative,0.384130,cpu
Chinese#ZH-Tenor-1#Breathy#如果爱忘了#Control_Group#0009,D:\-MindEcho-main\ml_dl_models\gtsinger_multitech\dataset\raw\Chinese\ZH-Tenor-1\Breathy\如果爱忘了\Control_Group\0009.wav,Chinese/ZH-Tenor-1/Breathy/如果爱忘了/Control_Group/0009.wav,Chinese,ZH-Tenor-1,如果爱忘了,Control_Group,0,0,0,1,1,0,1,non_mix,000110,control_negative,0.785836,cpu
Chinese#ZH-Tenor-1#Breathy#如果爱忘了#Control_Group#0011,D:\-MindEcho-main\ml_dl_models\gtsinger_multitech\dataset\raw\Chinese\ZH-Tenor-1\Breathy\如果爱忘了\Control_Group\0011.wav,Chinese/ZH-Tenor-1/Breathy/如果爱忘了/Control_Group/0011.wav,Chinese,ZH-Tenor-1,如果爱忘了,Control_Group,0,1,0,0,1,0,1,non_mix,010010,control_negative,0.358637,cpu
Chinese#ZH-Tenor-1#Breathy#如果爱忘了#Control_Group#0013,D:\-MindEcho-main\ml_dl_models\gtsinger_multitech\dataset\raw\Chinese\ZH-Tenor-1\Breathy\如果爱忘了\Control_Group\0013.wav,Chinese/ZH-Tenor-1/Breathy/如果爱忘了/Control_Group/0013.wav,Chinese,ZH-Tenor-1,如果爱忘了,Control_Group,0,1,0,1,1,0,1,non_mix,010110,control_negative,0.441135,cpu
Chinese#ZH-Tenor-1#Breathy#如果爱忘了#Control_Group#0016,D:\-MindEcho-main\ml_dl_models\gtsinger_multitech\dataset\raw\Chinese\ZH-Tenor-1\Breathy\如果爱忘了\Control_Group\0016.wav,Chinese/ZH-Tenor-1/Breathy/如果爱忘了/Control_Group/0016.wav,Chinese,ZH-Tenor-1,如果爱忘了,Control_Group,0,0,0,1,1,0,1,non_mix,000110,control_negative,0.179284,cpu
Chinese#ZH-Tenor-1#Vibrato#如果爱忘了#Control_Group#0005,D:\-MindEcho-main\ml_dl_models\gtsinger_multitech\dataset\raw\Chinese\ZH-Tenor-1\Vibrato\如果爱忘了\Control_Group\0005.wav,Chinese/ZH-Tenor-1/Vibrato/如果爱忘了/Control_Group/0005.wav,Chinese,ZH-Tenor-1,如果爱忘了,Control_Group,0,1,0,0,1,0,1,non_mix,010010,control_negative,0.495715,cpu
Chinese#ZH-Tenor-1#Vibrato#如果爱忘了#Control_Group#0013,D:\-MindEcho-main\ml_dl_models\gtsinger_multitech\dataset\raw\Chinese\ZH-Tenor-1\Vibrato\如果爱忘了\Control_Group\0013.wav,Chinese/ZH-Tenor-1/Vibrato/如果爱忘了/Control_Group/0013.wav,Chinese,ZH-Tenor-1,如果爱忘了,Control_Group,0,1,0,0,1,0,1,non_mix,010010,control_negative,0.739431,cpu
Chinese#ZH-Tenor-1#Vibrato#如果爱忘了#Control_Group#0016,D:\-MindEcho-main\ml_dl_models\gtsinger_multitech\dataset\raw\Chinese\ZH-Tenor-1\Vibrato\如果爱忘了\Control_Group\0016.wav,Chinese/ZH-Tenor-1/Vibrato/如果爱忘了/Control_Group/0016.wav,Chinese,ZH-Tenor-1,如果爱忘了,Control_Group,0,1,0,0,1,0,1,non_mix,010010,control_negative,0.521383,cpu
Chinese#ZH-Tenor-1#Vibrato#如果爱忘了#Control_Group#0020,D:\-MindEcho-main\ml_dl_models\gtsinger_multitech\dataset\raw\Chinese\ZH-Tenor-1\Vibrato\如果爱忘了\Control_Group\0020.wav,Chinese/ZH-Tenor-1/Vibrato/如果爱忘了/Control_Group/0020.wav,Chinese,ZH-Tenor-1,如果爱忘了,Control_Group,0,0,0,1,1,0,1,non_mix,000110,control_negative,0.467463,cpu
Chinese#ZH-Tenor-1#Mixed_Voice_and_Falsetto#崇拜#Control_Group#0004,D:\-MindEcho-main\ml_dl_models\gtsinger_multitech\dataset\raw\Chinese\ZH-Tenor-1\Mixed_Voice_and_Falsetto\崇拜\Control_Group\0004.wav,Chinese/ZH-Tenor-1/Mixed_Voice_and_Falsetto/崇拜/Control_Group/0004.wav,Chinese,ZH-Tenor-1,崇拜,Control_Group,0,0,0,1,1,0,1,non_mix,000110,control_negative,0.463901,cpu
Chinese#ZH-Tenor-1#Mixed_Voice_and_Falsetto#崇拜#Control_Group#0005,D:\-MindEcho-main\ml_dl_models\gtsinger_multitech\dataset\raw\Chinese\ZH-Tenor-1\Mixed_Voice_and_Falsetto\崇拜\Control_Group\0005.wav,Chinese/ZH-Tenor-1/Mixed_Voice_and_Falsetto/崇拜/Control_Group/0005.wav,Chinese,ZH-Tenor-1,崇拜,Control_Group,0,0,0,1,1,0,1,non_mix,000110,control_negative,0.290007,cpu
Chinese#ZH-Tenor-1#Mixed_Voice_and_Falsetto#崇拜#Control_Group#0006,D:\-MindEcho-main\ml_dl_models\gtsinger_multitech\dataset\raw\Chinese\ZH-Tenor-1\Mixed_Voice_and_Falsetto\崇拜\Control_Group\0006.wav,Chinese/ZH-Tenor-1/Mixed_Voice_and_Falsetto/崇拜/Control_Group/0006.wav,Chinese,ZH-Tenor-1,崇拜,Control_Group,0,0,0,1,1,0,1,non_mix,000110,control_negative,0.489903,cpu
Chinese#ZH-Tenor-1#Mixed_Voice_and_Falsetto#崇拜#Control_Group#0007,D:\-MindEcho-main\ml_dl_models\gtsinger_multitech\dataset\raw\Chinese\ZH-Tenor-1\Mixed_Voice_and_Falsetto\崇拜\Control_Group\0007.wav,Chinese/ZH-Tenor-1/Mixed_Voice_and_Falsetto/崇拜/Control_Group/0007.wav,Chinese,ZH-Tenor-1,崇拜,Control_Group,0,0,0,1,1,0,1,non_mix,000110,control_negative,0.321500,cpu
Chinese#ZH-Tenor-1#Glissando#彩虹#Control_Group#0007,D:\-MindEcho-main\ml_dl_models\gtsinger_multitech\dataset\raw\Chinese\ZH-Tenor-1\Glissando\彩虹\Control_Group\0007.wav,Chinese/ZH-Tenor-1/Glissando/彩虹/Control_Group/0007.wav,Chinese,ZH-Tenor-1,彩虹,Control_Group,0,1,0,0,1,0,1,non_mix,010010,control_negative,0.451720,cpu
Chinese#ZH-Tenor-1#Glissando#彩虹#Control_Group#0008,D:\-MindEcho-main\ml_dl_models\gtsinger_multitech\dataset\raw\Chinese\ZH-Tenor-1\Glissando\彩虹\Control_Group\0008.wav,Chinese/ZH-Tenor-1/Glissando/彩虹/Control_Group/0008.wav,Chinese,ZH-Tenor-1,彩虹,Control_Group,0,1,0,0,1,0,1,non_mix,010010,control_negative,0.318697,cpu
Chinese#ZH-Tenor-1#Glissando#彩虹#Control_Group#0015,D:\-MindEcho-main\ml_dl_models\gtsinger_multitech\dataset\raw\Chinese\ZH-Tenor-1\Glissando\彩虹\Control_Group\0015.wav,Chinese/ZH-Tenor-1/Glissando/彩虹/Control_Group/0015.wav,Chinese,ZH-Tenor-1,彩虹,Control_Group,0,1,0,0,1,0,1,non_mix,010010,control_negative,0.485693,cpu
Chinese#ZH-Tenor-1#Glissando#彩虹#Control_Group#0016,D:\-MindEcho-main\ml_dl_models\gtsinger_multitech\dataset\raw\Chinese\ZH-Tenor-1\Glissando\彩虹\Control_Group\0016.wav,Chinese/ZH-Tenor-1/Glissando/彩虹/Control_Group/0016.wav,Chinese,ZH-Tenor-1,彩虹,Control_Group,0,1,0,0,1,0,1,non_mix,010010,control_negative,0.320268,cpu
Chinese#ZH-Tenor-1#Glissando#我好想你#Control_Group#0006,D:\-MindEcho-main\ml_dl_models\gtsinger_multitech\dataset\raw\Chinese\ZH-Tenor-1\Glissando\我好想你\Control_Group\0006.wav,Chinese/ZH-Tenor-1/Glissando/我好想你/Control_Group/0006.wav,Chinese,ZH-Tenor-1,我好想你,Control_Group,0,0,0,1,1,0,1,non_mix,000110,control_negative,0.514200,cpu
Chinese#ZH-Tenor-1#Mixed_Voice_and_Falsetto#最初的梦想#Control_Group#0006,D:\-MindEcho-main\ml_dl_models\gtsinger_multitech\dataset\raw\Chinese\ZH-Tenor-1\Mixed_Voice_and_Falsetto\最初的梦想\Control_Group\0006.wav,Chinese/ZH-Tenor-1/Mixed_Voice_and_Falsetto/最初的梦想/Control_Group/0006.wav,Chinese,ZH-Tenor-1,最初的梦想,Control_Group,0,1,0,0,1,0,1,non_mix,010010,control_negative,0.420260,cpu
Chinese#ZH-Tenor-1#Mixed_Voice_and_Falsetto#最初的梦想#Control_Group#0015,D:\-MindEcho-main\ml_dl_models\gtsinger_multitech\dataset\raw\Chinese\ZH-Tenor-1\Mixed_Voice_and_Falsetto\最初的梦想\Control_Group\0015.wav,Chinese/ZH-Tenor-1/Mixed_Voice_and_Falsetto/最初的梦想/Control_Group/0015.wav,Chinese,ZH-Tenor-1,最初的梦想,Control_Group,0,1,0,0,1,0,1,non_mix,010010,control_negative,0.248873,cpu
Chinese#ZH-Tenor-1#Mixed_Voice_and_Falsetto#枫#Control_Group#0002,D:\-MindEcho-main\ml_dl_models\gtsinger_multitech\dataset\raw\Chinese\ZH-Tenor-1\Mixed_Voice_and_Falsetto\枫\Control_Group\0002.wav,Chinese/ZH-Tenor-1/Mixed_Voice_and_Falsetto/枫/Control_Group/0002.wav,Chinese,ZH-Tenor-1,枫,Control_Group,0,0,0,1,1,0,1,non_mix,000110,control_negative,0.344532,cpu
Chinese#ZH-Tenor-1#Mixed_Voice_and_Falsetto#枫#Control_Group#0011,D:\-MindEcho-main\ml_dl_models\gtsinger_multitech\dataset\raw\Chinese\ZH-Tenor-1\Mixed_Voice_and_Falsetto\枫\Control_Group\0011.wav,Chinese/ZH-Tenor-1/Mixed_Voice_and_Falsetto/枫/Control_Group/0011.wav,Chinese,ZH-Tenor-1,枫,Control_Group,0,0,0,1,1,0,1,non_mix,000110,control_negative,0.547105,cpu
Chinese#ZH-Tenor-1#Mixed_Voice_and_Falsetto#江南#Control_Group#0000,D:\-MindEcho-main\ml_dl_models\gtsinger_multitech\dataset\raw\Chinese\ZH-Tenor-1\Mixed_Voice_and_Falsetto\江南\Control_Group\0000.wav,Chinese/ZH-Tenor-1/Mixed_Voice_and_Falsetto/江南/Control_Group/0000.wav,Chinese,ZH-Tenor-1,江南,Control_Group,0,0,0,1,1,0,1,non_mix,000110,control_negative,0.368525,cpu
Chinese#ZH-Tenor-1#Mixed_Voice_and_Falsetto#江南#Control_Group#0001,D:\-MindEcho-main\ml_dl_models\gtsinger_multitech\dataset\raw\Chinese\ZH-Tenor-1\Mixed_Voice_and_Falsetto\江南\Control_Group\0001.wav,Chinese/ZH-Tenor-1/Mixed_Voice_and_Falsetto/江南/Control_Group/0001.wav,Chinese,ZH-Tenor-1,江南,Control_Group,0,0,0,1,1,0,1,non_mix,000110,control_negative,0.382715,cpu
Chinese#ZH-Tenor-1#Mixed_Voice_and_Falsetto#江南#Control_Group#0002,D:\-MindEcho-main\ml_dl_models\gtsinger_multitech\dataset\raw\Chinese\ZH-Tenor-1\Mixed_Voice_and_Falsetto\江南\Control_Group\0002.wav,Chinese/ZH-Tenor-1/Mixed_Voice_and_Falsetto/江南/Control_Group/0002.wav,Chinese,ZH-Tenor-1,江南,Control_Group,0,0,0,1,1,0,1,non_mix,000110,control_negative,0.444090,cpu
Chinese#ZH-Tenor-1#Mixed_Voice_and_Falsetto#江南#Control_Group#0008,D:\-MindEcho-main\ml_dl_models\gtsinger_multitech\dataset\raw\Chinese\ZH-Tenor-1\Mixed_Voice_and_Falsetto\江南\Control_Group\0008.wav,Chinese/ZH-Tenor-1/Mixed_Voice_and_Falsetto/江南/Control_Group/0008.wav,Chinese,ZH-Tenor-1,江南,Control_Group,0,0,0,1,1,0,1,non_mix,000110,control_negative,0.434886,cpu
Chinese#ZH-Tenor-1#Mixed_Voice_and_Falsetto#江南#Control_Group#0009,D:\-MindEcho-main\ml_dl_models\gtsinger_multitech\dataset\raw\Chinese\ZH-Tenor-1\Mixed_Voice_and_Falsetto\江南\Control_Group\0009.wav,Chinese/ZH-Tenor-1/Mixed_Voice_and_Falsetto/江南/Control_Group/0009.wav,Chinese,ZH-Tenor-1,江南,Control_Group,0,0,0,1,1,0,1,non_mix,000110,control_negative,0.568258,cpu
Chinese#ZH-Tenor-1#Mixed_Voice_and_Falsetto#终于等到你#Control_Group#0018,D:\-MindEcho-main\ml_dl_models\gtsinger_multitech\dataset\raw\Chinese\ZH-Tenor-1\Mixed_Voice_and_Falsetto\终于等到你\Control_Group\0018.wav,Chinese/ZH-Tenor-1/Mixed_Voice_and_Falsetto/终于等到你/Control_Group/0018.wav,Chinese,ZH-Tenor-1,终于等到你,Control_Group,0,1,0,0,1,0,1,non_mix,010010,control_negative,0.317917,cpu
Chinese#ZH-Tenor-1#Breathy#给电影人的情书#Control_Group#0002,D:\-MindEcho-main\ml_dl_models\gtsinger_multitech\dataset\raw\Chinese\ZH-Tenor-1\Breathy\给电影人的情书\Control_Group\0002.wav,Chinese/ZH-Tenor-1/Breathy/给电影人的情书/Control_Group/0002.wav,Chinese,ZH-Tenor-1,给电影人的情书,Control_Group,0,0,0,1,1,0,1,non_mix,000110,control_negative,0.525064,cpu
Chinese#ZH-Tenor-1#Breathy#给电影人的情书#Control_Group#0004,D:\-MindEcho-main\ml_dl_models\gtsinger_multitech\dataset\raw\Chinese\ZH-Tenor-1\Breathy\给电影人的情书\Control_Group\0004.wav,Chinese/ZH-Tenor-1/Breathy/给电影人的情书/Control_Group/0004.wav,Chinese,ZH-Tenor-1,给电影人的情书,Control_Group,0,0,0,1,1,0,1,non_mix,000110,control_negative,0.342984,cpu
Chinese#ZH-Tenor-1#Breathy#给电影人的情书#Control_Group#0007,D:\-MindEcho-main\ml_dl_models\gtsinger_multitech\dataset\raw\Chinese\ZH-Tenor-1\Breathy\给电影人的情书\Control_Group\0007.wav,Chinese/ZH-Tenor-1/Breathy/给电影人的情书/Control_Group/0007.wav,Chinese,ZH-Tenor-1,给电影人的情书,Control_Group,0,0,0,1,1,0,1,non_mix,000110,control_negative,0.507558,cpu
Chinese#ZH-Tenor-1#Breathy#给电影人的情书#Control_Group#0009,D:\-MindEcho-main\ml_dl_models\gtsinger_multitech\dataset\raw\Chinese\ZH-Tenor-1\Breathy\给电影人的情书\Control_Group\0009.wav,Chinese/ZH-Tenor-1/Breathy/给电影人的情书/Control_Group/0009.wav,Chinese,ZH-Tenor-1,给电影人的情书,Control_Group,0,0,0,1,1,0,1,non_mix,000110,control_negative,0.463591,cpu
Chinese#ZH-Tenor-1#Breathy#给电影人的情书#Control_Group#0013,D:\-MindEcho-main\ml_dl_models\gtsinger_multitech\dataset\raw\Chinese\ZH-Tenor-1\Breathy\给电影人的情书\Control_Group\0013.wav,Chinese/ZH-Tenor-1/Breathy/给电影人的情书/Control_Group/0013.wav,Chinese,ZH-Tenor-1,给电影人的情书,Control_Group,0,0,0,1,1,0,1,non_mix,000110,control_negative,0.580795,cpu
Chinese#ZH-Tenor-1#Breathy#给电影人的情书#Control_Group#0014,D:\-MindEcho-main\ml_dl_models\gtsinger_multitech\dataset\raw\Chinese\ZH-Tenor-1\Breathy\给电影人的情书\Control_Group\0014.wav,Chinese/ZH-Tenor-1/Breathy/给电影人的情书/Control_Group/0014.wav,Chinese,ZH-Tenor-1,给电影人的情书,Control_Group,0,0,0,1,1,0,1,non_mix,000110,control_negative,0.550186,cpu
Chinese#ZH-Tenor-1#Breathy#给电影人的情书#Control_Group#0016,D:\-MindEcho-main\ml_dl_models\gtsinger_multitech\dataset\raw\Chinese\ZH-Tenor-1\Breathy\给电影人的情书\Control_Group\0016.wav,Chinese/ZH-Tenor-1/Breathy/给电影人的情书/Control_Group/0016.wav,Chinese,ZH-Tenor-1,给电影人的情书,Control_Group,0,0,0,1,1,0,1,non_mix,000110,control_negative,0.453431,cpu
Chinese#ZH-Tenor-1#Breathy#给电影人的情书#Control_Group#0019,D:\-MindEcho-main\ml_dl_models\gtsinger_multitech\dataset\raw\Chinese\ZH-Tenor-1\Breathy\给电影人的情书\Control_Group\0019.wav,Chinese/ZH-Tenor-1/Breathy/给电影人的情书/Control_Group/0019.wav,Chinese,ZH-Tenor-1,给电影人的情书,Control_Group,0,0,0,1,1,0,1,non_mix,000110,control_negative,0.711677,cpu
Chinese#ZH-Tenor-1#Mixed_Voice_and_Falsetto#菊花台#Control_Group#0019,D:\-MindEcho-main\ml_dl_models\gtsinger_multitech\dataset\raw\Chinese\ZH-Tenor-1\Mixed_Voice_and_Falsetto\菊花台\Control_Group\0019.wav,Chinese/ZH-Tenor-1/Mixed_Voice_and_Falsetto/菊花台/Control_Group/0019.wav,Chinese,ZH-Tenor-1,菊花台,Control_Group,0,1,0,0,1,0,1,non_mix,010010,control_negative,0.504636,cpu
Chinese#ZH-Tenor-1#Mixed_Voice_and_Falsetto#菊花台#Control_Group#0021,D:\-MindEcho-main\ml_dl_models\gtsinger_multitech\dataset\raw\Chinese\ZH-Tenor-1\Mixed_Voice_and_Falsetto\菊花台\Control_Group\0021.wav,Chinese/ZH-Tenor-1/Mixed_Voice_and_Falsetto/菊花台/Control_Group/0021.wav,Chinese,ZH-Tenor-1,菊花台,Control_Group,0,1,0,0,1,0,1,non_mix,010010,control_negative,0.354591,cpu
Chinese#ZH-Tenor-1#Mixed_Voice_and_Falsetto#过火#Control_Group#0004,D:\-MindEcho-main\ml_dl_models\gtsinger_multitech\dataset\raw\Chinese\ZH-Tenor-1\Mixed_Voice_and_Falsetto\过火\Control_Group\0004.wav,Chinese/ZH-Tenor-1/Mixed_Voice_and_Falsetto/过火/Control_Group/0004.wav,Chinese,ZH-Tenor-1,过火,Control_Group,0,1,0,0,1,0,1,non_mix,010010,control_negative,0.399678,cpu
Chinese#ZH-Tenor-1#Mixed_Voice_and_Falsetto#过火#Control_Group#0007,D:\-MindEcho-main\ml_dl_models\gtsinger_multitech\dataset\raw\Chinese\ZH-Tenor-1\Mixed_Voice_and_Falsetto\过火\Control_Group\0007.wav,Chinese/ZH-Tenor-1/Mixed_Voice_and_Falsetto/过火/Control_Group/0007.wav,Chinese,ZH-Tenor-1,过火,Control_Group,0,1,0,0,1,0,1,non_mix,010010,control_negative,0.310842,cpu
Chinese#ZH-Tenor-1#Mixed_Voice_and_Falsetto#过火#Control_Group#0009,D:\-MindEcho-main\ml_dl_models\gtsinger_multitech\dataset\raw\Chinese\ZH-Tenor-1\Mixed_Voice_and_Falsetto\过火\Control_Group\0009.wav,Chinese/ZH-Tenor-1/Mixed_Voice_and_Falsetto/过火/Control_Group/0009.wav,Chinese,ZH-Tenor-1,过火,Control_Group,0,1,0,0,1,0,1,non_mix,010010,control_negative,0.491434,cpu
Chinese#ZH-Tenor-1#Mixed_Voice_and_Falsetto#过火#Control_Group#0020,D:\-MindEcho-main\ml_dl_models\gtsinger_multitech\dataset\raw\Chinese\ZH-Tenor-1\Mixed_Voice_and_Falsetto\过火\Control_Group\0020.wav,Chinese/ZH-Tenor-1/Mixed_Voice_and_Falsetto/过火/Control_Group/0020.wav,Chinese,ZH-Tenor-1,过火,Control_Group,0,1,0,0,1,0,1,non_mix,010010,control_negative,0.522592,cpu
Chinese#ZH-Tenor-1#Mixed_Voice_and_Falsetto#过火#Control_Group#0022,D:\-MindEcho-main\ml_dl_models\gtsinger_multitech\dataset\raw\Chinese\ZH-Tenor-1\Mixed_Voice_and_Falsetto\过火\Control_Group\0022.wav,Chinese/ZH-Tenor-1/Mixed_Voice_and_Falsetto/过火/Control_Group/0022.wav,Chinese,ZH-Tenor-1,过火,Control_Group,0,1,0,0,1,0,1,non_mix,010010,control_negative,0.431047,cpu
Chinese#ZH-Tenor-1#Mixed_Voice_and_Falsetto#过火#Control_Group#0024,D:\-MindEcho-main\ml_dl_models\gtsinger_multitech\dataset\raw\Chinese\ZH-Tenor-1\Mixed_Voice_and_Falsetto\过火\Control_Group\0024.wav,Chinese/ZH-Tenor-1/Mixed_Voice_and_Falsetto/过火/Control_Group/0024.wav,Chinese,ZH-Tenor-1,过火,Control_Group,0,1,0,0,1,0,1,non_mix,010010,control_negative,0.438932,cpu
Chinese#ZH-Tenor-1#Glissando#遇见#Control_Group#0003,D:\-MindEcho-main\ml_dl_models\gtsinger_multitech\dataset\raw\Chinese\ZH-Tenor-1\Glissando\遇见\Control_Group\0003.wav,Chinese/ZH-Tenor-1/Glissando/遇见/Control_Group/0003.wav,Chinese,ZH-Tenor-1,遇见,Control_Group,0,1,0,0,1,0,1,non_mix,010010,control_negative,0.542183,cpu
