item_name,wav_path,wav_fn,language,singer,song_name,group_name,mix,falsetto,breathy,vibrato,glissando,pharyngeal,any_tech,mix_variant,label_signature,binary_role,mined_mix_prob,mined_device
Chinese#ZH-Alto-1#Pharyngeal#不为谁而作的歌#Control_Group#0000,D:\-MindEcho-main\ml_dl_models\gtsinger_multitech\dataset\raw\Chinese\ZH-Alto-1\Pharyngeal\不为谁而作的歌\Control_Group\0000.wav,Chinese/ZH-Alto-1/Pharyngeal/不为谁而作的歌/Control_Group/0000.wav,Chinese,ZH-Alto-1,不为谁而作的歌,Control_Group,1,0,0,0,1,0,1,clear_mix,100010,positive_mix,0.444760,cpu
Chinese#ZH-Alto-1#Pharyngeal#不为谁而作的歌#Control_Group#0001,D:\-MindEcho-main\ml_dl_models\gtsinger_multitech\dataset\raw\Chinese\ZH-Alto-1\Pharyngeal\不为谁而作的歌\Control_Group\0001.wav,Chinese/ZH-Alto-1/Pharyngeal/不为谁而作的歌/Control_Group/0001.wav,Chinese,ZH-Alto-1,不为谁而作的歌,Control_Group,1,0,0,0,1,0,1,clear_mix,100010,positive_mix,0.555836,cpu
Chinese#ZH-Alto-1#Pharyngeal#不为谁而作的歌#Control_Group#0002,D:\-MindEcho-main\ml_dl_models\gtsinger_multitech\dataset\raw\Chinese\ZH-Alto-1\Pharyngeal\不为谁而作的歌\Control_Group\0002.wav,Chinese/ZH-Alto-1/Pharyngeal/不为谁而作的歌/Control_Group/0002.wav,Chinese,ZH-Alto-1,不为谁而作的歌,Control_Group,1,0,0,0,1,0,1,clear_mix,100010,positive_mix,0.789427,cpu
Chinese#ZH-Alto-1#Pharyngeal#不为谁而作的歌#Control_Group#0003,D:\-MindEcho-main\ml_dl_models\gtsinger_multitech\dataset\raw\Chinese\ZH-Alto-1\Pharyngeal\不为谁而作的歌\Control_Group\0003.wav,Chinese/ZH-Alto-1/Pharyngeal/不为谁而作的歌/Control_Group/0003.wav,Chinese,ZH-Alto-1,不为谁而作的歌,Control_Group,1,0,0,0,1,0,1,clear_mix,100010,positive_mix,0.547069,cpu
Chinese#ZH-Alto-1#Pharyngeal#不为谁而作的歌#Control_Group#0004,D:\-MindEcho-main\ml_dl_models\gtsinger_multitech\dataset\raw\Chinese\ZH-Alto-1\Pharyngeal\不为谁而作的歌\Control_Group\0004.wav,Chinese/ZH-Alto-1/Pharyngeal/不为谁而作的歌/Control_Group/0004.wav,Chinese,ZH-Alto-1,不为谁而作的歌,Control_Group,1,0,0,0,1,0,1,clear_mix,100010,positive_mix,0.693521,cpu
Chinese#ZH-Alto-1#Pharyngeal#不为谁而作的歌#Control_Group#0005,D:\-MindEcho-main\ml_dl_models\gtsinger_multitech\dataset\raw\Chinese\ZH-Alto-1\Pharyngeal\不为谁而作的歌\Control_Group\0005.wav,Chinese/ZH-Alto-1/Pharyngeal/不为谁而作的歌/Control_Group/0005.wav,Chinese,ZH-Alto-1,不为谁而作的歌,Control_Group,1,0,0,0,1,0,1,clear_mix,100010,positive_mix,0.464340,cpu
Chinese#ZH-Alto-1#Pharyngeal#不为谁而作的歌#Control_Group#0007,D:\-MindEcho-main\ml_dl_models\gtsinger_multitech\dataset\raw\Chinese\ZH-Alto-1\Pharyngeal\不为谁而作的歌\Control_Group\0007.wav,Chinese/ZH-Alto-1/Pharyngeal/不为谁而作的歌/Control_Group/0007.wav,Chinese,ZH-Alto-1,不为谁而作的歌,Control_Group,1,0,0,0,1,0,1,clear_mix,100010,positive_mix,0.253039,cpu
Chinese#ZH-Alto-1#Pharyngeal#不为谁而作的歌#Control_Group#0009,D:\-MindEcho-main\ml_dl_models\gtsinger_multitech\dataset\raw\Chinese\ZH-Alto-1\Pharyngeal\不为谁而作的歌\Control_Group\0009.wav,Chinese/ZH-Alto-1/Pharyngeal/不为谁而作的歌/Control_Group/0009.wav,Chinese,ZH-Alto-1,不为谁而作的歌,Control_Group,1,0,0,0,1,0,1,clear_mix,100010,positive_mix,0.637503,cpu
Chinese#ZH-Alto-1#Pharyngeal#不为谁而作的歌#Control_Group#0010,D:\-MindEcho-main\ml_dl_models\gtsinger_multitech\dataset\raw\Chinese\ZH-Alto-1\Pharyngeal\不为谁而作的歌\Control_Group\0010.wav,Chinese/ZH-Alto-1/Pharyngeal/不为谁而作的歌/Control_Group/0010.wav,Chinese,ZH-Alto-1,不为谁而作的歌,Control_Group,1,0,0,0,1,0,1,clear_mix,100010,positive_mix,0.834270,cpu
Chinese#ZH-Alto-1#Pharyngeal#不为谁而作的歌#Control_Group#0011,D:\-MindEcho-main\ml_dl_models\gtsinger_multitech\dataset\raw\Chinese\ZH-Alto-1\Pharyngeal\不为谁而作的歌\Control_Group\0011.wav,Chinese/ZH-Alto-1/Pharyngeal/不为谁而作的歌/Control_Group/0011.wav,Chinese,ZH-Alto-1,不为谁而作的歌,Control_Group,1,0,0,0,1,0,1,clear_mix,100010,positive_mix,0.643970,cpu
Chinese#ZH-Alto-1#Pharyngeal#亲爱的那不是爱情#Control_Group#0000,D:\-MindEcho-main\ml_dl_models\gtsinger_multitech\dataset\raw\Chinese\ZH-Alto-1\Pharyngeal\亲爱的那不是爱情\Control_Group\0000.wav,Chinese/ZH-Alto-1/Pharyngeal/亲爱的那不是爱情/Control_Group/0000.wav,Chinese,ZH-Alto-1,亲爱的那不是爱情,Control_Group,1,0,0,0,1,1,1,clear_mix,100011,positive_mix,0.577317,cpu
Chinese#ZH-Alto-1#Pharyngeal#亲爱的那不是爱情#Control_Group#0001,D:\-MindEcho-main\ml_dl_models\gtsinger_multitech\dataset\raw\Chinese\ZH-Alto-1\Pharyngeal\亲爱的那不是爱情\Control_Group\0001.wav,Chinese/ZH-Alto-1/Pharyngeal/亲爱的那不是爱情/Control_Group/0001.wav,Chinese,ZH-Alto-1,亲爱的那不是爱情,Control_Group,1,0,0,0,1,0,1,clear_mix,100010,positive_mix,0.470277,cpu
Chinese#ZH-Alto-1#Pharyngeal#亲爱的那不是爱情#Control_Group#0002,D:\-MindEcho-main\ml_dl_models\gtsinger_multitech\dataset\raw\Chinese\ZH-Alto-1\Pharyngeal\亲爱的那不是爱情\Control_Group\0002.wav,Chinese/ZH-Alto-1/Pharyngeal/亲爱的那不是爱情/Control_Group/0002.wav,Chinese,ZH-Alto-1,亲爱的那不是爱情,Control_Group,1,0,0,0,1,0,1,clear_mix,100010,positive_mix,0.537270,cpu
Chinese#ZH-Alto-1#Pharyngeal#亲爱的那不是爱情#Control_Group#0003,D:\-MindEcho-main\ml_dl_models\gtsinger_multitech\dataset\raw\Chinese\ZH-Alto-1\Pharyngeal\亲爱的那不是爱情\Control_Group\0003.wav,Chinese/ZH-Alto-1/Pharyngeal/亲爱的那不是爱情/Control_Group/0003.wav,Chinese,ZH-Alto-1,亲爱的那不是爱情,Control_Group,1,0,0,0,1,0,1,clear_mix,100010,positive_mix,0.342890,cpu
Chinese#ZH-Alto-1#Pharyngeal#人质#Control_Group#0000,D:\-MindEcho-main\ml_dl_models\gtsinger_multitech\dataset\raw\Chinese\ZH-Alto-1\Pharyngeal\人质\Control_Group\0000.wav,Chinese/ZH-Alto-1/Pharyngeal/人质/Control_Group/0000.wav,Chinese,ZH-Alto-1,人质,Control_Group,1,0,0,0,1,0,1,clear_mix,100010,positive_mix,0.658974,cpu
Chinese#ZH-Alto-1#Pharyngeal#人质#Control_Group#0001,D:\-MindEcho-main\ml_dl_models\gtsinger_multitech\dataset\raw\Chinese\ZH-Alto-1\Pharyngeal\人质\Control_Group\0001.wav,Chinese/ZH-Alto-1/Pharyngeal/人质/Control_Group/0001.wav,Chinese,ZH-Alto-1,人质,Control_Group,1,0,0,0,1,0,1,clear_mix,100010,positive_mix,0.619606,cpu
Chinese#ZH-Alto-1#Pharyngeal#人质#Control_Group#0002,D:\-MindEcho-main\ml_dl_models\gtsinger_multitech\dataset\raw\Chinese\ZH-Alto-1\Pharyngeal\人质\Control_Group\0002.wav,Chinese/ZH-Alto-1/Pharyngeal/人质/Control_Group/0002.wav,Chinese,ZH-Alto-1,人质,Control_Group,1,0,0,0,1,0,1,clear_mix,100010,positive_mix,0.741502,cpu
Chinese#ZH-Alto-1#Pharyngeal#人质#Control_Group#0003,D:\-MindEcho-main\ml_dl_models\gtsinger_multitech\dataset\raw\Chinese\ZH-Alto-1\Pharyngeal\人质\Control_Group\0003.wav,Chinese/ZH-Alto-1/Pharyngeal/人质/Control_Group/0003.wav,Chinese,ZH-Alto-1,人质,Control_Group,1,0,0,0,1,0,1,clear_mix,100010,positive_mix,0.694517,cpu
Chinese#ZH-Alto-1#Pharyngeal#人质#Control_Group#0004,D:\-MindEcho-main\ml_dl_models\gtsinger_multitech\dataset\raw\Chinese\ZH-Alto-1\Pharyngeal\人质\Control_Group\0004.wav,Chinese/ZH-Alto-1/Pharyngeal/人质/Control_Group/0004.wav,Chinese,ZH-Alto-1,人质,Control_Group,1,0,0,0,1,0,1,clear_mix,100010,positive_mix,0.639817,cpu
Chinese#ZH-Alto-1#Pharyngeal#小幸运#Control_Group#0000,D:\-MindEcho-main\ml_dl_models\gtsinger_multitech\dataset\raw\Chinese\ZH-Alto-1\Pharyngeal\小幸运\Control_Group\0000.wav,Chinese/ZH-Alto-1/Pharyngeal/小幸运/Control_Group/0000.wav,Chinese,ZH-Alto-1,小幸运,Control_Group,1,0,0,0,1,0,1,clear_mix,100010,positive_mix,0.481808,cpu
Chinese#ZH-Alto-1#Pharyngeal#小幸运#Control_Group#0001,D:\-MindEcho-main\ml_dl_models\gtsinger_multitech\dataset\raw\Chinese\ZH-Alto-1\Pharyngeal\小幸运\Control_Group\0001.wav,Chinese/ZH-Alto-1/Pharyngeal/小幸运/Control_Group/0001.wav,Chinese,ZH-Alto-1,小幸运,Control_Group,1,0,0,0,1,0,1,clear_mix,100010,positive_mix,0.639791,cpu
Chinese#ZH-Alto-1#Pharyngeal#小幸运#Control_Group#0002,D:\-MindEcho-main\ml_dl_models\gtsinger_multitech\dataset\raw\Chinese\ZH-Alto-1\Pharyngeal\小幸运\Control_Group\0002.wav,Chinese/ZH-Alto-1/Pharyngeal/小幸运/Control_Group/0002.wav,Chinese,ZH-Alto-1,小幸运,Control_Group,1,0,0,0,1,0,1,clear_mix,100010,positive_mix,0.895981,cpu
Chinese#ZH-Alto-1#Pharyngeal#小幸运#Control_Group#0003,D:\-MindEcho-main\ml_dl_models\gtsinger_multitech\dataset\raw\Chinese\ZH-Alto-1\Pharyngeal\小幸运\Control_Group\0003.wav,Chinese/ZH-Alto-1/Pharyngeal/小幸运/Control_Group/0003.wav,Chinese,ZH-Alto-1,小幸运,Control_Group,1,0,0,0,1,0,1,clear_mix,100010,positive_mix,0.962479,cpu
Chinese#ZH-Alto-1#Pharyngeal#小幸运#Control_Group#0004,D:\-MindEcho-main\ml_dl_models\gtsinger_multitech\dataset\raw\Chinese\ZH-Alto-1\Pharyngeal\小幸运\Control_Group\0004.wav,Chinese/ZH-Alto-1/Pharyngeal/小幸运/Control_Group/0004.wav,Chinese,ZH-Alto-1,小幸运,Control_Group,1,0,0,0,1,0,1,clear_mix,100010,positive_mix,0.820852,cpu
Chinese#ZH-Alto-1#Pharyngeal#小幸运#Control_Group#0006,D:\-MindEcho-main\ml_dl_models\gtsinger_multitech\dataset\raw\Chinese\ZH-Alto-1\Pharyngeal\小幸运\Control_Group\0006.wav,Chinese/ZH-Alto-1/Pharyngeal/小幸运/Control_Group/0006.wav,Chinese,ZH-Alto-1,小幸运,Control_Group,1,0,0,0,1,0,1,clear_mix,100010,positive_mix,0.867719,cpu
Chinese#ZH-Alto-1#Pharyngeal#小幸运#Control_Group#0007,D:\-MindEcho-main\ml_dl_models\gtsinger_multitech\dataset\raw\Chinese\ZH-Alto-1\Pharyngeal\小幸运\Control_Group\0007.wav,Chinese/ZH-Alto-1/Pharyngeal/小幸运/Control_Group/0007.wav,Chinese,ZH-Alto-1,小幸运,Control_Group,1,0,0,0,1,0,1,clear_mix,100010,positive_mix,0.777309,cpu
Chinese#ZH-Alto-1#Pharyngeal#小幸运#Control_Group#0008,D:\-MindEcho-main\ml_dl_models\gtsinger_multitech\dataset\raw\Chinese\ZH-Alto-1\Pharyngeal\小幸运\Control_Group\0008.wav,Chinese/ZH-Alto-1/Pharyngeal/小幸运/Control_Group/0008.wav,Chinese,ZH-Alto-1,小幸运,Control_Group,1,0,0,0,1,0,1,clear_mix,100010,positive_mix,0.909274,cpu
Chinese#ZH-Alto-1#Pharyngeal#小幸运#Control_Group#0009,D:\-MindEcho-main\ml_dl_models\gtsinger_multitech\dataset\raw\Chinese\ZH-Alto-1\Pharyngeal\小幸运\Control_Group\0009.wav,Chinese/ZH-Alto-1/Pharyngeal/小幸运/Control_Group/0009.wav,Chinese,ZH-Alto-1,小幸运,Control_Group,1,0,0,0,1,0,1,clear_mix,100010,positive_mix,0.638617,cpu
Chinese#ZH-Alto-1#Pharyngeal#崇拜#Control_Group#0001,D:\-MindEcho-main\ml_dl_models\gtsinger_multitech\dataset\raw\Chinese\ZH-Alto-1\Pharyngeal\崇拜\Control_Group\0001.wav,Chinese/ZH-Alto-1/Pharyngeal/崇拜/Control_Group/0001.wav,Chinese,ZH-Alto-1,崇拜,Control_Group,1,0,0,0,0,0,1,clear_mix,100000,positive_mix,0.587825,cpu
Chinese#ZH-Alto-1#Pharyngeal#崇拜#Control_Group#0002,D:\-MindEcho-main\ml_dl_models\gtsinger_multitech\dataset\raw\Chinese\ZH-Alto-1\Pharyngeal\崇拜\Control_Group\0002.wav,Chinese/ZH-Alto-1/Pharyngeal/崇拜/Control_Group/0002.wav,Chinese,ZH-Alto-1,崇拜,Control_Group,1,0,0,0,1,0,1,clear_mix,100010,positive_mix,0.711903,cpu
Chinese#ZH-Alto-1#Pharyngeal#崇拜#Control_Group#0003,D:\-MindEcho-main\ml_dl_models\gtsinger_multitech\dataset\raw\Chinese\ZH-Alto-1\Pharyngeal\崇拜\Control_Group\0003.wav,Chinese/ZH-Alto-1/Pharyngeal/崇拜/Control_Group/0003.wav,Chinese,ZH-Alto-1,崇拜,Control_Group,1,0,0,0,1,0,1,clear_mix,100010,positive_mix,0.618400,cpu
Chinese#ZH-Alto-1#Pharyngeal#崇拜#Control_Group#0004,D:\-MindEcho-main\ml_dl_models\gtsinger_multitech\dataset\raw\Chinese\ZH-Alto-1\Pharyngeal\崇拜\Control_Group\0004.wav,Chinese/ZH-Alto-1/Pharyngeal/崇拜/Control_Group/0004.wav,Chinese,ZH-Alto-1,崇拜,Control_Group,1,0,0,0,1,0,1,clear_mix,100010,positive_mix,0.654422,cpu
Chinese#ZH-Alto-1#Pharyngeal#崇拜#Control_Group#0005,D:\-MindEcho-main\ml_dl_models\gtsinger_multitech\dataset\raw\Chinese\ZH-Alto-1\Pharyngeal\崇拜\Control_Group\0005.wav,Chinese/ZH-Alto-1/Pharyngeal/崇拜/Control_Group/0005.wav,Chinese,ZH-Alto-1,崇拜,Control_Group,1,0,0,0,1,0,1,clear_mix,100010,positive_mix,0.405010,cpu
Chinese#ZH-Alto-1#Pharyngeal#崇拜#Control_Group#0006,D:\-MindEcho-main\ml_dl_models\gtsinger_multitech\dataset\raw\Chinese\ZH-Alto-1\Pharyngeal\崇拜\Control_Group\0006.wav,Chinese/ZH-Alto-1/Pharyngeal/崇拜/Control_Group/0006.wav,Chinese,ZH-Alto-1,崇拜,Control_Group,1,0,0,0,1,0,1,clear_mix,100010,positive_mix,0.715549,cpu
Chinese#ZH-Alto-1#Pharyngeal#崇拜#Control_Group#0007,D:\-MindEcho-main\ml_dl_models\gtsinger_multitech\dataset\raw\Chinese\ZH-Alto-1\Pharyngeal\崇拜\Control_Group\0007.wav,Chinese/ZH-Alto-1/Pharyngeal/崇拜/Control_Group/0007.wav,Chinese,ZH-Alto-1,崇拜,Control_Group,1,0,0,0,1,0,1,clear_mix,100010,positive_mix,0.728481,cpu
Chinese#ZH-Alto-1#Pharyngeal#崇拜#Control_Group#0008,D:\-MindEcho-main\ml_dl_models\gtsinger_multitech\dataset\raw\Chinese\ZH-Alto-1\Pharyngeal\崇拜\Control_Group\0008.wav,Chinese/ZH-Alto-1/Pharyngeal/崇拜/Control_Group/0008.wav,Chinese,ZH-Alto-1,崇拜,Control_Group,1,0,0,0,1,0,1,clear_mix,100010,positive_mix,0.777959,cpu
Chinese#ZH-Alto-1#Pharyngeal#崇拜#Control_Group#0009,D:\-MindEcho-main\ml_dl_models\gtsinger_multitech\dataset\raw\Chinese\ZH-Alto-1\Pharyngeal\崇拜\Control_Group\0009.wav,Chinese/ZH-Alto-1/Pharyngeal/崇拜/Control_Group/0009.wav,Chinese,ZH-Alto-1,崇拜,Control_Group,1,0,0,0,1,0,1,clear_mix,100010,positive_mix,0.801408,cpu
Chinese#ZH-Alto-1#Pharyngeal#崇拜#Control_Group#0011,D:\-MindEcho-main\ml_dl_models\gtsinger_multitech\dataset\raw\Chinese\ZH-Alto-1\Pharyngeal\崇拜\Control_Group\0011.wav,Chinese/ZH-Alto-1/Pharyngeal/崇拜/Control_Group/0011.wav,Chinese,ZH-Alto-1,崇拜,Control_Group,1,0,0,0,1,0,1,clear_mix,100010,positive_mix,0.501399,cpu
Chinese#ZH-Alto-1#Glissando#彩虹#Control_Group#0010,D:\-MindEcho-main\ml_dl_models\gtsinger_multitech\dataset\raw\Chinese\ZH-Alto-1\Glissando\彩虹\Control_Group\0010.wav,Chinese/ZH-Alto-1/Glissando/彩虹/Control_Group/0010.wav,Chinese,ZH-Alto-1,彩虹,Control_Group,1,0,0,0,0,0,1,clear_mix,100000,positive_mix,0.084539,cpu
Chinese#ZH-Alto-1#Pharyngeal#水星记#Control_Group#0000,D:\-MindEcho-main\ml_dl_models\gtsinger_multitech\dataset\raw\Chinese\ZH-Alto-1\Pharyngeal\水星记\Control_Group\0000.wav,Chinese/ZH-Alto-1/Pharyngeal/水星记/Control_Group/0000.wav,Chinese,ZH-Alto-1,水星记,Control_Group,1,0,0,0,1,0,1,clear_mix,100010,positive_mix,0.787312,cpu
Chinese#ZH-Alto-1#Pharyngeal#水星记#Control_Group#0001,D:\-MindEcho-main\ml_dl_models\gtsinger_multitech\dataset\raw\Chinese\ZH-Alto-1\Pharyngeal\水星记\Control_Group\0001.wav,Chinese/ZH-Alto-1/Pharyngeal/水星记/Control_Group/0001.wav,Chinese,ZH-Alto-1,水星记,Control_Group,1,0,0,0,1,0,1,clear_mix,100010,positive_mix,0.577035,cpu
Chinese#ZH-Alto-1#Pharyngeal#水星记#Control_Group#0002,D:\-MindEcho-main\ml_dl_models\gtsinger_multitech\dataset\raw\Chinese\ZH-Alto-1\Pharyngeal\水星记\Control_Group\0002.wav,Chinese/ZH-Alto-1/Pharyngeal/水星记/Control_Group/0002.wav,Chinese,ZH-Alto-1,水星记,Control_Group,1,0,0,0,1,0,1,clear_mix,100010,positive_mix,0.509263,cpu
Chinese#ZH-Alto-1#Pharyngeal#水星记#Control_Group#0003,D:\-MindEcho-main\ml_dl_models\gtsinger_multitech\dataset\raw\Chinese\ZH-Alto-1\Pharyngeal\水星记\Control_Group\0003.wav,Chinese/ZH-Alto-1/Pharyngeal/水星记/Control_Group/0003.wav,Chinese,ZH-Alto-1,水星记,Control_Group,1,0,0,0,1,0,1,clear_mix,100010,positive_mix,0.711694,cpu
Chinese#ZH-Alto-1#Pharyngeal#水星记#Control_Group#0004,D:\-MindEcho-main\ml_dl_models\gtsinger_multitech\dataset\raw\Chinese\ZH-Alto-1\Pharyngeal\水星记\Control_Group\0004.wav,Chinese/ZH-Alto-1/Pharyngeal/水星记/Control_Group/0004.wav,Chinese,ZH-Alto-1,水星记,Control_Group,1,0,0,0,1,0,1,clear_mix,100010,positive_mix,0.584441,cpu
Chinese#ZH-Alto-1#Pharyngeal#逆光#Control_Group#0002,D:\-MindEcho-main\ml_dl_models\gtsinger_multitech\dataset\raw\Chinese\ZH-Alto-1\Pharyngeal\逆光\Control_Group\0002.wav,Chinese/ZH-Alto-1/Pharyngeal/逆光/Control_Group/0002.wav,Chinese,ZH-Alto-1,逆光,Control_Group,1,0,0,0,1,0,1,clear_mix,100010,positive_mix,0.625574,cpu
Chinese#ZH-Alto-1#Pharyngeal#逆光#Control_Group#0003,D:\-MindEcho-main\ml_dl_models\gtsinger_multitech\dataset\raw\Chinese\ZH-Alto-1\Pharyngeal\逆光\Control_Group\0003.wav,Chinese/ZH-Alto-1/Pharyngeal/逆光/Control_Group/0003.wav,Chinese,ZH-Alto-1,逆光,Control_Group,1,0,0,0,1,0,1,clear_mix,100010,positive_mix,0.441764,cpu
Chinese#ZH-Alto-1#Pharyngeal#默#Control_Group#0000,D:\-MindEcho-main\ml_dl_models\gtsinger_multitech\dataset\raw\Chinese\ZH-Alto-1\Pharyngeal\默\Control_Group\0000.wav,Chinese/ZH-Alto-1/Pharyngeal/默/Control_Group/0000.wav,Chinese,ZH-Alto-1,默,Control_Group,1,0,0,0,1,0,1,clear_mix,100010,positive_mix,0.159275,cpu
Chinese#ZH-Alto-1#Pharyngeal#默#Control_Group#0002,D:\-MindEcho-main\ml_dl_models\gtsinger_multitech\dataset\raw\Chinese\ZH-Alto-1\Pharyngeal\默\Control_Group\0002.wav,Chinese/ZH-Alto-1/Pharyngeal/默/Control_Group/0002.wav,Chinese,ZH-Alto-1,默,Control_Group,1,0,0,0,1,0,1,clear_mix,100010,positive_mix,0.483010,cpu
Chinese#ZH-Alto-1#Pharyngeal#默#Control_Group#0004,D:\-MindEcho-main\ml_dl_models\gtsinger_multitech\dataset\raw\Chinese\ZH-Alto-1\Pharyngeal\默\Control_Group\0004.wav,Chinese/ZH-Alto-1/Pharyngeal/默/Control_Group/0004.wav,Chinese,ZH-Alto-1,默,Control_Group,1,0,0,0,1,0,1,clear_mix,100010,positive_mix,0.385450,cpu
Chinese#ZH-Alto-1#Pharyngeal#默#Control_Group#0005,D:\-MindEcho-main\ml_dl_models\gtsinger_multitech\dataset\raw\Chinese\ZH-Alto-1\Pharyngeal\默\Control_Group\0005.wav,Chinese/ZH-Alto-1/Pharyngeal/默/Control_Group/0005.wav,Chinese,ZH-Alto-1,默,Control_Group,1,0,0,0,1,0,1,clear_mix,100010,positive_mix,0.586514,cpu
Chinese#ZH-Tenor-1#Pharyngeal#不为谁而作的歌#Control_Group#0000,D:\-MindEcho-main\ml_dl_models\gtsinger_multitech\dataset\raw\Chinese\ZH-Tenor-1\Pharyngeal\不为谁而作的歌\Control_Group\0000.wav,Chinese/ZH-Tenor-1/Pharyngeal/不为谁而作的歌/Control_Group/0000.wav,Chinese,ZH-Tenor-1,不为谁而作的歌,Control_Group,1,0,0,0,1,0,1,clear_mix,100010,positive_mix,0.506715,cpu
Chinese#ZH-Tenor-1#Pharyngeal#不为谁而作的歌#Control_Group#0001,D:\-MindEcho-main\ml_dl_models\gtsinger_multitech\dataset\raw\Chinese\ZH-Tenor-1\Pharyngeal\不为谁而作的歌\Control_Group\0001.wav,Chinese/ZH-Tenor-1/Pharyngeal/不为谁而作的歌/Control_Group/0001.wav,Chinese,ZH-Tenor-1,不为谁而作的歌,Control_Group,1,0,0,0,0,0,1,clear_mix,100000,positive_mix,0.566768,cpu
Chinese#ZH-Tenor-1#Pharyngeal#不为谁而作的歌#Control_Group#0002,D:\-MindEcho-main\ml_dl_models\gtsinger_multitech\dataset\raw\Chinese\ZH-Tenor-1\Pharyngeal\不为谁而作的歌\Control_Group\0002.wav,Chinese/ZH-Tenor-1/Pharyngeal/不为谁而作的歌/Control_Group/0002.wav,Chinese,ZH-Tenor-1,不为谁而作的歌,Control_Group,1,0,0,0,1,0,1,clear_mix,100010,positive_mix,0.757934,cpu
Chinese#ZH-Tenor-1#Pharyngeal#不为谁而作的歌#Control_Group#0003,D:\-MindEcho-main\ml_dl_models\gtsinger_multitech\dataset\raw\Chinese\ZH-Tenor-1\Pharyngeal\不为谁而作的歌\Control_Group\0003.wav,Chinese/ZH-Tenor-1/Pharyngeal/不为谁而作的歌/Control_Group/0003.wav,Chinese,ZH-Tenor-1,不为谁而作的歌,Control_Group,1,0,0,1,1,0,1,clear_mix,100110,positive_mix,0.669830,cpu
Chinese#ZH-Tenor-1#Pharyngeal#不为谁而作的歌#Control_Group#0004,D:\-MindEcho-main\ml_dl_models\gtsinger_multitech\dataset\raw\Chinese\ZH-Tenor-1\Pharyngeal\不为谁而作的歌\Control_Group\0004.wav,Chinese/ZH-Tenor-1/Pharyngeal/不为谁而作的歌/Control_Group/0004.wav,Chinese,ZH-Tenor-1,不为谁而作的歌,Control_Group,1,0,0,0,1,0,1,clear_mix,100010,positive_mix,0.487105,cpu
Chinese#ZH-Tenor-1#Pharyngeal#不为谁而作的歌#Control_Group#0005,D:\-MindEcho-main\ml_dl_models\gtsinger_multitech\dataset\raw\Chinese\ZH-Tenor-1\Pharyngeal\不为谁而作的歌\Control_Group\0005.wav,Chinese/ZH-Tenor-1/Pharyngeal/不为谁而作的歌/Control_Group/0005.wav,Chinese,ZH-Tenor-1,不为谁而作的歌,Control_Group,1,0,0,1,1,0,1,clear_mix,100110,positive_mix,0.527854,cpu
Chinese#ZH-Tenor-1#Pharyngeal#不为谁而作的歌#Control_Group#0006,D:\-MindEcho-main\ml_dl_models\gtsinger_multitech\dataset\raw\Chinese\ZH-Tenor-1\Pharyngeal\不为谁而作的歌\Control_Group\0006.wav,Chinese/ZH-Tenor-1/Pharyngeal/不为谁而作的歌/Control_Group/0006.wav,Chinese,ZH-Tenor-1,不为谁而作的歌,Control_Group,1,0,0,0,1,0,1,clear_mix,100010,positive_mix,0.531502,cpu
Chinese#ZH-Tenor-1#Pharyngeal#不为谁而作的歌#Control_Group#0007,D:\-MindEcho-main\ml_dl_models\gtsinger_multitech\dataset\raw\Chinese\ZH-Tenor-1\Pharyngeal\不为谁而作的歌\Control_Group\0007.wav,Chinese/ZH-Tenor-1/Pharyngeal/不为谁而作的歌/Control_Group/0007.wav,Chinese,ZH-Tenor-1,不为谁而作的歌,Control_Group,1,1,0,0,1,0,1,head_mix,110010,positive_mix,0.545821,cpu
Chinese#ZH-Tenor-1#Pharyngeal#不为谁而作的歌#Control_Group#0008,D:\-MindEcho-main\ml_dl_models\gtsinger_multitech\dataset\raw\Chinese\ZH-Tenor-1\Pharyngeal\不为谁而作的歌\Control_Group\0008.wav,Chinese/ZH-Tenor-1/Pharyngeal/不为谁而作的歌/Control_Group/0008.wav,Chinese,ZH-Tenor-1,不为谁而作的歌,Control_Group,1,0,0,0,1,0,1,clear_mix,100010,positive_mix,0.536065,cpu
Chinese#ZH-Tenor-1#Pharyngeal#不为谁而作的歌#Control_Group#0009,D:\-MindEcho-main\ml_dl_models\gtsinger_multitech\dataset\raw\Chinese\ZH-Tenor-1\Pharyngeal\不为谁而作的歌\Control_Group\0009.wav,Chinese/ZH-Tenor-1/Pharyngeal/不为谁而作的歌/Control_Group/0009.wav,Chinese,ZH-Tenor-1,不为谁而作的歌,Control_Group,1,0,0,1,1,0,1,clear_mix,100110,positive_mix,0.680997,cpu
Chinese#ZH-Tenor-1#Pharyngeal#不为谁而作的歌#Control_Group#0010,D:\-MindEcho-main\ml_dl_models\gtsinger_multitech\dataset\raw\Chinese\ZH-Tenor-1\Pharyngeal\不为谁而作的歌\Control_Group\0010.wav,Chinese/ZH-Tenor-1/Pharyngeal/不为谁而作的歌/Control_Group/0010.wav,Chinese,ZH-Tenor-1,不为谁而作的歌,Control_Group,1,0,0,0,1,0,1,clear_mix,100010,positive_mix,0.820866,cpu
Chinese#ZH-Tenor-1#Pharyngeal#不为谁而作的歌#Control_Group#0011,D:\-MindEcho-main\ml_dl_models\gtsinger_multitech\dataset\raw\Chinese\ZH-Tenor-1\Pharyngeal\不为谁而作的歌\Control_Group\0011.wav,Chinese/ZH-Tenor-1/Pharyngeal/不为谁而作的歌/Control_Group/0011.wav,Chinese,ZH-Tenor-1,不为谁而作的歌,Control_Group,1,0,0,0,1,0,1,clear_mix,100010,positive_mix,0.762642,cpu
Chinese#ZH-Tenor-1#Pharyngeal#不为谁而作的歌#Control_Group#0012,D:\-MindEcho-main\ml_dl_models\gtsinger_multitech\dataset\raw\Chinese\ZH-Tenor-1\Pharyngeal\不为谁而作的歌\Control_Group\0012.wav,Chinese/ZH-Tenor-1/Pharyngeal/不为谁而作的歌/Control_Group/0012.wav,Chinese,ZH-Tenor-1,不为谁而作的歌,Control_Group,1,0,0,0,1,0,1,clear_mix,100010,positive_mix,0.767336,cpu
Chinese#ZH-Tenor-1#Pharyngeal#不为谁而作的歌#Control_Group#0013,D:\-MindEcho-main\ml_dl_models\gtsinger_multitech\dataset\raw\Chinese\ZH-Tenor-1\Pharyngeal\不为谁而作的歌\Control_Group\0013.wav,Chinese/ZH-Tenor-1/Pharyngeal/不为谁而作的歌/Control_Group/0013.wav,Chinese,ZH-Tenor-1,不为谁而作的歌,Control_Group,1,0,0,0,1,0,1,clear_mix,100010,positive_mix,0.736434,cpu
Chinese#ZH-Tenor-1#Pharyngeal#不为谁而作的歌#Control_Group#0014,D:\-MindEcho-main\ml_dl_models\gtsinger_multitech\dataset\raw\Chinese\ZH-Tenor-1\Pharyngeal\不为谁而作的歌\Control_Group\0014.wav,Chinese/ZH-Tenor-1/Pharyngeal/不为谁而作的歌/Control_Group/0014.wav,Chinese,ZH-Tenor-1,不为谁而作的歌,Control_Group,1,0,0,0,1,0,1,clear_mix,100010,positive_mix,0.594145,cpu
Chinese#ZH-Tenor-1#Pharyngeal#不为谁而作的歌#Control_Group#0015,D:\-MindEcho-main\ml_dl_models\gtsinger_multitech\dataset\raw\Chinese\ZH-Tenor-1\Pharyngeal\不为谁而作的歌\Control_Group\0015.wav,Chinese/ZH-Tenor-1/Pharyngeal/不为谁而作的歌/Control_Group/0015.wav,Chinese,ZH-Tenor-1,不为谁而作的歌,Control_Group,1,0,0,0,1,0,1,clear_mix,100010,positive_mix,0.629336,cpu
Chinese#ZH-Tenor-1#Pharyngeal#不为谁而作的歌#Control_Group#0016,D:\-MindEcho-main\ml_dl_models\gtsinger_multitech\dataset\raw\Chinese\ZH-Tenor-1\Pharyngeal\不为谁而作的歌\Control_Group\0016.wav,Chinese/ZH-Tenor-1/Pharyngeal/不为谁而作的歌/Control_Group/0016.wav,Chinese,ZH-Tenor-1,不为谁而作的歌,Control_Group,1,0,0,0,1,0,1,clear_mix,100010,positive_mix,0.518457,cpu
Chinese#ZH-Tenor-1#Pharyngeal#不为谁而作的歌#Control_Group#0018,D:\-MindEcho-main\ml_dl_models\gtsinger_multitech\dataset\raw\Chinese\ZH-Tenor-1\Pharyngeal\不为谁而作的歌\Control_Group\0018.wav,Chinese/ZH-Tenor-1/Pharyngeal/不为谁而作的歌/Control_Group/0018.wav,Chinese,ZH-Tenor-1,不为谁而作的歌,Control_Group,1,0,0,0,1,0,1,clear_mix,100010,positive_mix,0.561951,cpu
Chinese#ZH-Tenor-1#Pharyngeal#不要忘记我爱你#Control_Group#0000,D:\-MindEcho-main\ml_dl_models\gtsinger_multitech\dataset\raw\Chinese\ZH-Tenor-1\Pharyngeal\不要忘记我爱你\Control_Group\0000.wav,Chinese/ZH-Tenor-1/Pharyngeal/不要忘记我爱你/Control_Group/0000.wav,Chinese,ZH-Tenor-1,不要忘记我爱你,Control_Group,1,0,0,0,1,0,1,clear_mix,100010,positive_mix,0.732424,cpu
Chinese#ZH-Tenor-1#Pharyngeal#不要忘记我爱你#Control_Group#0001,D:\-MindEcho-main\ml_dl_models\gtsinger_multitech\dataset\raw\Chinese\ZH-Tenor-1\Pharyngeal\不要忘记我爱你\Control_Group\0001.wav,Chinese/ZH-Tenor-1/Pharyngeal/不要忘记我爱你/Control_Group/0001.wav,Chinese,ZH-Tenor-1,不要忘记我爱你,Control_Group,1,0,0,0,1,0,1,clear_mix,100010,positive_mix,0.945599,cpu
Chinese#ZH-Tenor-1#Pharyngeal#不要忘记我爱你#Control_Group#0002,D:\-MindEcho-main\ml_dl_models\gtsinger_multitech\dataset\raw\Chinese\ZH-Tenor-1\Pharyngeal\不要忘记我爱你\Control_Group\0002.wav,Chinese/ZH-Tenor-1/Pharyngeal/不要忘记我爱你/Control_Group/0002.wav,Chinese,ZH-Tenor-1,不要忘记我爱你,Control_Group,1,0,0,0,1,0,1,clear_mix,100010,positive_mix,0.968589,cpu
Chinese#ZH-Tenor-1#Pharyngeal#不要忘记我爱你#Control_Group#0003,D:\-MindEcho-main\ml_dl_models\gtsinger_multitech\dataset\raw\Chinese\ZH-Tenor-1\Pharyngeal\不要忘记我爱你\Control_Group\0003.wav,Chinese/ZH-Tenor-1/Pharyngeal/不要忘记我爱你/Control_Group/0003.wav,Chinese,ZH-Tenor-1,不要忘记我爱你,Control_Group,1,0,0,0,1,0,1,clear_mix,100010,positive_mix,0.901068,cpu
Chinese#ZH-Tenor-1#Pharyngeal#不要忘记我爱你#Control_Group#0004,D:\-MindEcho-main\ml_dl_models\gtsinger_multitech\dataset\raw\Chinese\ZH-Tenor-1\Pharyngeal\不要忘记我爱你\Control_Group\0004.wav,Chinese/ZH-Tenor-1/Pharyngeal/不要忘记我爱你/Control_Group/0004.wav,Chinese,ZH-Tenor-1,不要忘记我爱你,Control_Group,1,0,0,0,1,0,1,clear_mix,100010,positive_mix,0.927061,cpu
Chinese#ZH-Tenor-1#Pharyngeal#不要忘记我爱你#Control_Group#0005,D:\-MindEcho-main\ml_dl_models\gtsinger_multitech\dataset\raw\Chinese\ZH-Tenor-1\Pharyngeal\不要忘记我爱你\Control_Group\0005.wav,Chinese/ZH-Tenor-1/Pharyngeal/不要忘记我爱你/Control_Group/0005.wav,Chinese,ZH-Tenor-1,不要忘记我爱你,Control_Group,1,0,0,0,1,0,1,clear_mix,100010,positive_mix,0.908005,cpu
Chinese#ZH-Tenor-1#Pharyngeal#不要忘记我爱你#Control_Group#0006,D:\-MindEcho-main\ml_dl_models\gtsinger_multitech\dataset\raw\Chinese\ZH-Tenor-1\Pharyngeal\不要忘记我爱你\Control_Group\0006.wav,Chinese/ZH-Tenor-1/Pharyngeal/不要忘记我爱你/Control_Group/0006.wav,Chinese,ZH-Tenor-1,不要忘记我爱你,Control_Group,1,0,0,0,1,0,1,clear_mix,100010,positive_mix,0.794420,cpu
Chinese#ZH-Tenor-1#Pharyngeal#不要忘记我爱你#Control_Group#0007,D:\-MindEcho-main\ml_dl_models\gtsinger_multitech\dataset\raw\Chinese\ZH-Tenor-1\Pharyngeal\不要忘记我爱你\Control_Group\0007.wav,Chinese/ZH-Tenor-1/Pharyngeal/不要忘记我爱你/Control_Group/0007.wav,Chinese,ZH-Tenor-1,不要忘记我爱你,Control_Group,1,0,0,0,1,0,1,clear_mix,100010,positive_mix,0.906530,cpu
Chinese#ZH-Tenor-1#Pharyngeal#不要忘记我爱你#Control_Group#0008,D:\-MindEcho-main\ml_dl_models\gtsinger_multitech\dataset\raw\Chinese\ZH-Tenor-1\Pharyngeal\不要忘记我爱你\Control_Group\0008.wav,Chinese/ZH-Tenor-1/Pharyngeal/不要忘记我爱你/Control_Group/0008.wav,Chinese,ZH-Tenor-1,不要忘记我爱你,Control_Group,1,0,0,0,1,0,1,clear_mix,100010,positive_mix,0.971391,cpu
Chinese#ZH-Tenor-1#Pharyngeal#不要忘记我爱你#Control_Group#0009,D:\-MindEcho-main\ml_dl_models\gtsinger_multitech\dataset\raw\Chinese\ZH-Tenor-1\Pharyngeal\不要忘记我爱你\Control_Group\0009.wav,Chinese/ZH-Tenor-1/Pharyngeal/不要忘记我爱你/Control_Group/0009.wav,Chinese,ZH-Tenor-1,不要忘记我爱你,Control_Group,1,0,0,0,1,0,1,clear_mix,100010,positive_mix,0.862459,cpu
Chinese#ZH-Tenor-1#Pharyngeal#不要忘记我爱你#Control_Group#0010,D:\-MindEcho-main\ml_dl_models\gtsinger_multitech\dataset\raw\Chinese\ZH-Tenor-1\Pharyngeal\不要忘记我爱你\Control_Group\0010.wav,Chinese/ZH-Tenor-1/Pharyngeal/不要忘记我爱你/Control_Group/0010.wav,Chinese,ZH-Tenor-1,不要忘记我爱你,Control_Group,1,0,0,0,1,0,1,clear_mix,100010,positive_mix,0.912160,cpu
Chinese#ZH-Tenor-1#Pharyngeal#不要忘记我爱你#Control_Group#0011,D:\-MindEcho-main\ml_dl_models\gtsinger_multitech\dataset\raw\Chinese\ZH-Tenor-1\Pharyngeal\不要忘记我爱你\Control_Group\0011.wav,Chinese/ZH-Tenor-1/Pharyngeal/不要忘记我爱你/Control_Group/0011.wav,Chinese,ZH-Tenor-1,不要忘记我爱你,Control_Group,1,0,0,0,1,0,1,clear_mix,100010,positive_mix,0.950272,cpu
Chinese#ZH-Tenor-1#Pharyngeal#不要忘记我爱你#Control_Group#0012,D:\-MindEcho-main\ml_dl_models\gtsinger_multitech\dataset\raw\Chinese\ZH-Tenor-1\Pharyngeal\不要忘记我爱你\Control_Group\0012.wav,Chinese/ZH-Tenor-1/Pharyngeal/不要忘记我爱你/Control_Group/0012.wav,Chinese,ZH-Tenor-1,不要忘记我爱你,Control_Group,1,0,0,0,1,0,1,clear_mix,100010,positive_mix,0.956462,cpu
Chinese#ZH-Tenor-1#Pharyngeal#不要忘记我爱你#Control_Group#0013,D:\-MindEcho-main\ml_dl_models\gtsinger_multitech\dataset\raw\Chinese\ZH-Tenor-1\Pharyngeal\不要忘记我爱你\Control_Group\0013.wav,Chinese/ZH-Tenor-1/Pharyngeal/不要忘记我爱你/Control_Group/0013.wav,Chinese,ZH-Tenor-1,不要忘记我爱你,Control_Group,1,0,0,0,1,0,1,clear_mix,100010,positive_mix,0.824705,cpu
Chinese#ZH-Tenor-1#Pharyngeal#不要忘记我爱你#Control_Group#0014,D:\-MindEcho-main\ml_dl_models\gtsinger_multitech\dataset\raw\Chinese\ZH-Tenor-1\Pharyngeal\不要忘记我爱你\Control_Group\0014.wav,Chinese/ZH-Tenor-1/Pharyngeal/不要忘记我爱你/Control_Group/0014.wav,Chinese,ZH-Tenor-1,不要忘记我爱你,Control_Group,1,0,0,0,0,0,1,clear_mix,100000,positive_mix,0.875733,cpu
Chinese#ZH-Tenor-1#Pharyngeal#不要忘记我爱你#Control_Group#0015,D:\-MindEcho-main\ml_dl_models\gtsinger_multitech\dataset\raw\Chinese\ZH-Tenor-1\Pharyngeal\不要忘记我爱你\Control_Group\0015.wav,Chinese/ZH-Tenor-1/Pharyngeal/不要忘记我爱你/Control_Group/0015.wav,Chinese,ZH-Tenor-1,不要忘记我爱你,Control_Group,1,0,0,0,1,0,1,clear_mix,100010,positive_mix,0.839351,cpu
Chinese#ZH-Tenor-1#Pharyngeal#交换余生#Control_Group#0000,D:\-MindEcho-main\ml_dl_models\gtsinger_multitech\dataset\raw\Chinese\ZH-Tenor-1\Pharyngeal\交换余生\Control_Group\0000.wav,Chinese/ZH-Tenor-1/Pharyngeal/交换余生/Control_Group/0000.wav,Chinese,ZH-Tenor-1,交换余生,Control_Group,1,0,0,0,1,0,1,clear_mix,100010,positive_mix,0.843529,cpu
Chinese#ZH-Tenor-1#Pharyngeal#交换余生#Control_Group#0001,D:\-MindEcho-main\ml_dl_models\gtsinger_multitech\dataset\raw\Chinese\ZH-Tenor-1\Pharyngeal\交换余生\Control_Group\0001.wav,Chinese/ZH-Tenor-1/Pharyngeal/交换余生/Control_Group/0001.wav,Chinese,ZH-Tenor-1,交换余生,Control_Group,1,0,0,0,1,0,1,clear_mix,100010,positive_mix,0.495093,cpu
Chinese#ZH-Tenor-1#Pharyngeal#交换余生#Control_Group#0002,D:\-MindEcho-main\ml_dl_models\gtsinger_multitech\dataset\raw\Chinese\ZH-Tenor-1\Pharyngeal\交换余生\Control_Group\0002.wav,Chinese/ZH-Tenor-1/Pharyngeal/交换余生/Control_Group/0002.wav,Chinese,ZH-Tenor-1,交换余生,Control_Group,1,0,0,0,1,0,1,clear_mix,100010,positive_mix,0.503095,cpu
Chinese#ZH-Tenor-1#Pharyngeal#交换余生#Control_Group#0003,D:\-MindEcho-main\ml_dl_models\gtsinger_multitech\dataset\raw\Chinese\ZH-Tenor-1\Pharyngeal\交换余生\Control_Group\0003.wav,Chinese/ZH-Tenor-1/Pharyngeal/交换余生/Control_Group/0003.wav,Chinese,ZH-Tenor-1,交换余生,Control_Group,1,0,0,0,1,0,1,clear_mix,100010,positive_mix,0.442265,cpu
Chinese#ZH-Tenor-1#Pharyngeal#交换余生#Control_Group#0005,D:\-MindEcho-main\ml_dl_models\gtsinger_multitech\dataset\raw\Chinese\ZH-Tenor-1\Pharyngeal\交换余生\Control_Group\0005.wav,Chinese/ZH-Tenor-1/Pharyngeal/交换余生/Control_Group/0005.wav,Chinese,ZH-Tenor-1,交换余生,Control_Group,1,0,0,0,1,0,1,clear_mix,100010,positive_mix,0.587211,cpu
Chinese#ZH-Tenor-1#Pharyngeal#交换余生#Control_Group#0007,D:\-MindEcho-main\ml_dl_models\gtsinger_multitech\dataset\raw\Chinese\ZH-Tenor-1\Pharyngeal\交换余生\Control_Group\0007.wav,Chinese/ZH-Tenor-1/Pharyngeal/交换余生/Control_Group/0007.wav,Chinese,ZH-Tenor-1,交换余生,Control_Group,1,0,0,0,1,0,1,clear_mix,100010,positive_mix,0.670578,cpu
Chinese#ZH-Tenor-1#Pharyngeal#交换余生#Control_Group#0009,D:\-MindEcho-main\ml_dl_models\gtsinger_multitech\dataset\raw\Chinese\ZH-Tenor-1\Pharyngeal\交换余生\Control_Group\0009.wav,Chinese/ZH-Tenor-1/Pharyngeal/交换余生/Control_Group/0009.wav,Chinese,ZH-Tenor-1,交换余生,Control_Group,1,0,0,0,1,0,1,clear_mix,100010,positive_mix,0.512313,cpu
Chinese#ZH-Tenor-1#Pharyngeal#交换余生#Control_Group#0010,D:\-MindEcho-main\ml_dl_models\gtsinger_multitech\dataset\raw\Chinese\ZH-Tenor-1\Pharyngeal\交换余生\Control_Group\0010.wav,Chinese/ZH-Tenor-1/Pharyngeal/交换余生/Control_Group/0010.wav,Chinese,ZH-Tenor-1,交换余生,Control_Group,1,1,0,0,1,0,1,head_mix,110010,positive_mix,0.726224,cpu
Chinese#ZH-Tenor-1#Pharyngeal#交换余生#Control_Group#0012,D:\-MindEcho-main\ml_dl_models\gtsinger_multitech\dataset\raw\Chinese\ZH-Tenor-1\Pharyngeal\交换余生\Control_Group\0012.wav,Chinese/ZH-Tenor-1/Pharyngeal/交换余生/Control_Group/0012.wav,Chinese,ZH-Tenor-1,交换余生,Control_Group,1,0,0,0,1,0,1,clear_mix,100010,positive_mix,0.803823,cpu
Chinese#ZH-Tenor-1#Pharyngeal#交换余生#Control_Group#0013,D:\-MindEcho-main\ml_dl_models\gtsinger_multitech\dataset\raw\Chinese\ZH-Tenor-1\Pharyngeal\交换余生\Control_Group\0013.wav,Chinese/ZH-Tenor-1/Pharyngeal/交换余生/Control_Group/0013.wav,Chinese,ZH-Tenor-1,交换余生,Control_Group,1,0,0,0,1,0,1,clear_mix,100010,positive_mix,0.789624,cpu
Chinese#ZH-Tenor-1#Pharyngeal#交换余生#Control_Group#0014,D:\-MindEcho-main\ml_dl_models\gtsinger_multitech\dataset\raw\Chinese\ZH-Tenor-1\Pharyngeal\交换余生\Control_Group\0014.wav,Chinese/ZH-Tenor-1/Pharyngeal/交换余生/Control_Group/0014.wav,Chinese,ZH-Tenor-1,交换余生,Control_Group,1,0,0,0,1,0,1,clear_mix,100010,positive_mix,0.762807,cpu
Chinese#ZH-Tenor-1#Pharyngeal#交换余生#Control_Group#0015,D:\-MindEcho-main\ml_dl_models\gtsinger_multitech\dataset\raw\Chinese\ZH-Tenor-1\Pharyngeal\交换余生\Control_Group\0015.wav,Chinese/ZH-Tenor-1/Pharyngeal/交换余生/Control_Group/0015.wav,Chinese,ZH-Tenor-1,交换余生,Control_Group,1,0,0,0,1,0,1,clear_mix,100010,positive_mix,0.623686,cpu
Chinese#ZH-Tenor-1#Pharyngeal#交换余生#Control_Group#0016,D:\-MindEcho-main\ml_dl_models\gtsinger_multitech\dataset\raw\Chinese\ZH-Tenor-1\Pharyngeal\交换余生\Control_Group\0016.wav,Chinese/ZH-Tenor-1/Pharyngeal/交换余生/Control_Group/0016.wav,Chinese,ZH-Tenor-1,交换余生,Control_Group,1,0,0,0,1,0,1,clear_mix,100010,positive_mix,0.625796,cpu
Chinese#ZH-Tenor-1#Pharyngeal#交换余生#Control_Group#0017,D:\-MindEcho-main\ml_dl_models\gtsinger_multitech\dataset\raw\Chinese\ZH-Tenor-1\Pharyngeal\交换余生\Control_Group\0017.wav,Chinese/ZH-Tenor-1/Pharyngeal/交换余生/Control_Group/0017.wav,Chinese,ZH-Tenor-1,交换余生,Control_Group,1,0,0,0,1,0,1,clear_mix,100010,positive_mix,0.444586,cpu
Chinese#ZH-Tenor-1#Pharyngeal#交换余生#Control_Group#0018,D:\-MindEcho-main\ml_dl_models\gtsinger_multitech\dataset\raw\Chinese\ZH-Tenor-1\Pharyngeal\交换余生\Control_Group\0018.wav,Chinese/ZH-Tenor-1/Pharyngeal/交换余生/Control_Group/0018.wav,Chinese,ZH-Tenor-1,交换余生,Control_Group,1,1,0,0,1,0,1,head_mix,110010,positive_mix,0.532147,cpu
Chinese#ZH-Tenor-1#Pharyngeal#交换余生#Control_Group#0020,D:\-MindEcho-main\ml_dl_models\gtsinger_multitech\dataset\raw\Chinese\ZH-Tenor-1\Pharyngeal\交换余生\Control_Group\0020.wav,Chinese/ZH-Tenor-1/Pharyngeal/交换余生/Control_Group/0020.wav,Chinese,ZH-Tenor-1,交换余生,Control_Group,1,0,0,0,1,0,1,clear_mix,100010,positive_mix,0.672525,cpu
Chinese#ZH-Tenor-1#Pharyngeal#亲爱的那不是爱情#Control_Group#0000,D:\-MindEcho-main\ml_dl_models\gtsinger_multitech\dataset\raw\Chinese\ZH-Tenor-1\Pharyngeal\亲爱的那不是爱情\Control_Group\0000.wav,Chinese/ZH-Tenor-1/Pharyngeal/亲爱的那不是爱情/Control_Group/0000.wav,Chinese,ZH-Tenor-1,亲爱的那不是爱情,Control_Group,1,0,0,0,1,0,1,clear_mix,100010,positive_mix,0.643023,cpu
Chinese#ZH-Tenor-1#Pharyngeal#亲爱的那不是爱情#Control_Group#0002,D:\-MindEcho-main\ml_dl_models\gtsinger_multitech\dataset\raw\Chinese\ZH-Tenor-1\Pharyngeal\亲爱的那不是爱情\Control_Group\0002.wav,Chinese/ZH-Tenor-1/Pharyngeal/亲爱的那不是爱情/Control_Group/0002.wav,Chinese,ZH-Tenor-1,亲爱的那不是爱情,Control_Group,1,0,0,0,1,0,1,clear_mix,100010,positive_mix,0.566166,cpu
Chinese#ZH-Tenor-1#Pharyngeal#亲爱的那不是爱情#Control_Group#0003,D:\-MindEcho-main\ml_dl_models\gtsinger_multitech\dataset\raw\Chinese\ZH-Tenor-1\Pharyngeal\亲爱的那不是爱情\Control_Group\0003.wav,Chinese/ZH-Tenor-1/Pharyngeal/亲爱的那不是爱情/Control_Group/0003.wav,Chinese,ZH-Tenor-1,亲爱的那不是爱情,Control_Group,1,1,0,0,1,0,1,head_mix,110010,positive_mix,0.616975,cpu
Chinese#ZH-Tenor-1#Pharyngeal#传奇#Control_Group#0000,D:\-MindEcho-main\ml_dl_models\gtsinger_multitech\dataset\raw\Chinese\ZH-Tenor-1\Pharyngeal\传奇\Control_Group\0000.wav,Chinese/ZH-Tenor-1/Pharyngeal/传奇/Control_Group/0000.wav,Chinese,ZH-Tenor-1,传奇,Control_Group,1,0,0,0,1,0,1,clear_mix,100010,positive_mix,0.828133,cpu
Chinese#ZH-Tenor-1#Pharyngeal#传奇#Control_Group#0001,D:\-MindEcho-main\ml_dl_models\gtsinger_multitech\dataset\raw\Chinese\ZH-Tenor-1\Pharyngeal\传奇\Control_Group\0001.wav,Chinese/ZH-Tenor-1/Pharyngeal/传奇/Control_Group/0001.wav,Chinese,ZH-Tenor-1,传奇,Control_Group,1,0,0,0,1,0,1,clear_mix,100010,positive_mix,0.683080,cpu
Chinese#ZH-Tenor-1#Pharyngeal#传奇#Control_Group#0002,D:\-MindEcho-main\ml_dl_models\gtsinger_multitech\dataset\raw\Chinese\ZH-Tenor-1\Pharyngeal\传奇\Control_Group\0002.wav,Chinese/ZH-Tenor-1/Pharyngeal/传奇/Control_Group/0002.wav,Chinese,ZH-Tenor-1,传奇,Control_Group,1,0,0,0,1,0,1,clear_mix,100010,positive_mix,0.526930,cpu
Chinese#ZH-Tenor-1#Pharyngeal#传奇#Control_Group#0003,D:\-MindEcho-main\ml_dl_models\gtsinger_multitech\dataset\raw\Chinese\ZH-Tenor-1\Pharyngeal\传奇\Control_Group\0003.wav,Chinese/ZH-Tenor-1/Pharyngeal/传奇/Control_Group/0003.wav,Chinese,ZH-Tenor-1,传奇,Control_Group,1,0,0,0,1,0,1,clear_mix,100010,positive_mix,0.515485,cpu
Chinese#ZH-Tenor-1#Pharyngeal#传奇#Control_Group#0004,D:\-MindEcho-main\ml_dl_models\gtsinger_multitech\dataset\raw\Chinese\ZH-Tenor-1\Pharyngeal\传奇\Control_Group\0004.wav,Chinese/ZH-Tenor-1/Pharyngeal/传奇/Control_Group/0004.wav,Chinese,ZH-Tenor-1,传奇,Control_Group,1,0,0,0,1,0,1,clear_mix,100010,positive_mix,0.864519,cpu
Chinese#ZH-Tenor-1#Pharyngeal#传奇#Control_Group#0005,D:\-MindEcho-main\ml_dl_models\gtsinger_multitech\dataset\raw\Chinese\ZH-Tenor-1\Pharyngeal\传奇\Control_Group\0005.wav,Chinese/ZH-Tenor-1/Pharyngeal/传奇/Control_Group/0005.wav,Chinese,ZH-Tenor-1,传奇,Control_Group,1,0,0,0,1,0,1,clear_mix,100010,positive_mix,0.602426,cpu
Chinese#ZH-Tenor-1#Pharyngeal#传奇#Control_Group#0006,D:\-MindEcho-main\ml_dl_models\gtsinger_multitech\dataset\raw\Chinese\ZH-Tenor-1\Pharyngeal\传奇\Control_Group\0006.wav,Chinese/ZH-Tenor-1/Pharyngeal/传奇/Control_Group/0006.wav,Chinese,ZH-Tenor-1,传奇,Control_Group,1,0,0,0,1,0,1,clear_mix,100010,positive_mix,0.781904,cpu
Chinese#ZH-Tenor-1#Pharyngeal#传奇#Control_Group#0007,D:\-MindEcho-main\ml_dl_models\gtsinger_multitech\dataset\raw\Chinese\ZH-Tenor-1\Pharyngeal\传奇\Control_Group\0007.wav,Chinese/ZH-Tenor-1/Pharyngeal/传奇/Control_Group/0007.wav,Chinese,ZH-Tenor-1,传奇,Control_Group,1,0,0,0,1,0,1,clear_mix,100010,positive_mix,0.809120,cpu
Chinese#ZH-Tenor-1#Pharyngeal#传奇#Control_Group#0008,D:\-MindEcho-main\ml_dl_models\gtsinger_multitech\dataset\raw\Chinese\ZH-Tenor-1\Pharyngeal\传奇\Control_Group\0008.wav,Chinese/ZH-Tenor-1/Pharyngeal/传奇/Control_Group/0008.wav,Chinese,ZH-Tenor-1,传奇,Control_Group,1,0,0,0,1,0,1,clear_mix,100010,positive_mix,0.801312,cpu
Chinese#ZH-Tenor-1#Pharyngeal#传奇#Control_Group#0009,D:\-MindEcho-main\ml_dl_models\gtsinger_multitech\dataset\raw\Chinese\ZH-Tenor-1\Pharyngeal\传奇\Control_Group\0009.wav,Chinese/ZH-Tenor-1/Pharyngeal/传奇/Control_Group/0009.wav,Chinese,ZH-Tenor-1,传奇,Control_Group,1,0,0,0,1,0,1,clear_mix,100010,positive_mix,0.784624,cpu
Chinese#ZH-Tenor-1#Pharyngeal#传奇#Control_Group#0010,D:\-MindEcho-main\ml_dl_models\gtsinger_multitech\dataset\raw\Chinese\ZH-Tenor-1\Pharyngeal\传奇\Control_Group\0010.wav,Chinese/ZH-Tenor-1/Pharyngeal/传奇/Control_Group/0010.wav,Chinese,ZH-Tenor-1,传奇,Control_Group,1,0,0,0,1,0,1,clear_mix,100010,positive_mix,0.713467,cpu
Chinese#ZH-Tenor-1#Pharyngeal#传奇#Control_Group#0012,D:\-MindEcho-main\ml_dl_models\gtsinger_multitech\dataset\raw\Chinese\ZH-Tenor-1\Pharyngeal\传奇\Control_Group\0012.wav,Chinese/ZH-Tenor-1/Pharyngeal/传奇/Control_Group/0012.wav,Chinese,ZH-Tenor-1,传奇,Control_Group,1,0,0,0,1,0,1,clear_mix,100010,positive_mix,0.744384,cpu
Chinese#ZH-Tenor-1#Pharyngeal#传奇#Control_Group#0013,D:\-MindEcho-main\ml_dl_models\gtsinger_multitech\dataset\raw\Chinese\ZH-Tenor-1\Pharyngeal\传奇\Control_Group\0013.wav,Chinese/ZH-Tenor-1/Pharyngeal/传奇/Control_Group/0013.wav,Chinese,ZH-Tenor-1,传奇,Control_Group,1,0,0,0,1,0,1,clear_mix,100010,positive_mix,0.716251,cpu
Chinese#ZH-Tenor-1#Pharyngeal#全世界谁倾听你#Control_Group#0000,D:\-MindEcho-main\ml_dl_models\gtsinger_multitech\dataset\raw\Chinese\ZH-Tenor-1\Pharyngeal\全世界谁倾听你\Control_Group\0000.wav,Chinese/ZH-Tenor-1/Pharyngeal/全世界谁倾听你/Control_Group/0000.wav,Chinese,ZH-Tenor-1,全世界谁倾听你,Control_Group,1,0,0,0,1,0,1,clear_mix,100010,positive_mix,0.885514,cpu
Chinese#ZH-Tenor-1#Pharyngeal#全世界谁倾听你#Control_Group#0001,D:\-MindEcho-main\ml_dl_models\gtsinger_multitech\dataset\raw\Chinese\ZH-Tenor-1\Pharyngeal\全世界谁倾听你\Control_Group\0001.wav,Chinese/ZH-Tenor-1/Pharyngeal/全世界谁倾听你/Control_Group/0001.wav,Chinese,ZH-Tenor-1,全世界谁倾听你,Control_Group,1,0,0,0,1,0,1,clear_mix,100010,positive_mix,0.944366,cpu
Chinese#ZH-Tenor-1#Pharyngeal#全世界谁倾听你#Control_Group#0002,D:\-MindEcho-main\ml_dl_models\gtsinger_multitech\dataset\raw\Chinese\ZH-Tenor-1\Pharyngeal\全世界谁倾听你\Control_Group\0002.wav,Chinese/ZH-Tenor-1/Pharyngeal/全世界谁倾听你/Control_Group/0002.wav,Chinese,ZH-Tenor-1,全世界谁倾听你,Control_Group,1,0,0,0,1,0,1,clear_mix,100010,positive_mix,0.905057,cpu
Chinese#ZH-Tenor-1#Pharyngeal#全世界谁倾听你#Control_Group#0003,D:\-MindEcho-main\ml_dl_models\gtsinger_multitech\dataset\raw\Chinese\ZH-Tenor-1\Pharyngeal\全世界谁倾听你\Control_Group\0003.wav,Chinese/ZH-Tenor-1/Pharyngeal/全世界谁倾听你/Control_Group/0003.wav,Chinese,ZH-Tenor-1,全世界谁倾听你,Control_Group,1,0,0,0,1,0,1,clear_mix,100010,positive_mix,0.973724,cpu
Chinese#ZH-Tenor-1#Pharyngeal#全世界谁倾听你#Control_Group#0004,D:\-MindEcho-main\ml_dl_models\gtsinger_multitech\dataset\raw\Chinese\ZH-Tenor-1\Pharyngeal\全世界谁倾听你\Control_Group\0004.wav,Chinese/ZH-Tenor-1/Pharyngeal/全世界谁倾听你/Control_Group/0004.wav,Chinese,ZH-Tenor-1,全世界谁倾听你,Control_Group,1,0,0,0,1,0,1,clear_mix,100010,positive_mix,0.914200,cpu
Chinese#ZH-Tenor-1#Pharyngeal#全世界谁倾听你#Control_Group#0005,D:\-MindEcho-main\ml_dl_models\gtsinger_multitech\dataset\raw\Chinese\ZH-Tenor-1\Pharyngeal\全世界谁倾听你\Control_Group\0005.wav,Chinese/ZH-Tenor-1/Pharyngeal/全世界谁倾听你/Control_Group/0005.wav,Chinese,ZH-Tenor-1,全世界谁倾听你,Control_Group,1,0,0,0,1,0,1,clear_mix,100010,positive_mix,0.864765,cpu
Chinese#ZH-Tenor-1#Pharyngeal#全世界谁倾听你#Control_Group#0007,D:\-MindEcho-main\ml_dl_models\gtsinger_multitech\dataset\raw\Chinese\ZH-Tenor-1\Pharyngeal\全世界谁倾听你\Control_Group\0007.wav,Chinese/ZH-Tenor-1/Pharyngeal/全世界谁倾听你/Control_Group/0007.wav,Chinese,ZH-Tenor-1,全世界谁倾听你,Control_Group,1,0,0,0,1,0,1,clear_mix,100010,positive_mix,0.909112,cpu
Chinese#ZH-Tenor-1#Pharyngeal#全世界谁倾听你#Control_Group#0008,D:\-MindEcho-main\ml_dl_models\gtsinger_multitech\dataset\raw\Chinese\ZH-Tenor-1\Pharyngeal\全世界谁倾听你\Control_Group\0008.wav,Chinese/ZH-Tenor-1/Pharyngeal/全世界谁倾听你/Control_Group/0008.wav,Chinese,ZH-Tenor-1,全世界谁倾听你,Control_Group,1,0,0,0,1,0,1,clear_mix,100010,positive_mix,0.954241,cpu
Chinese#ZH-Tenor-1#Pharyngeal#全世界谁倾听你#Control_Group#0010,D:\-MindEcho-main\ml_dl_models\gtsinger_multitech\dataset\raw\Chinese\ZH-Tenor-1\Pharyngeal\全世界谁倾听你\Control_Group\0010.wav,Chinese/ZH-Tenor-1/Pharyngeal/全世界谁倾听你/Control_Group/0010.wav,Chinese,ZH-Tenor-1,全世界谁倾听你,Control_Group,1,0,0,0,1,0,1,clear_mix,100010,positive_mix,0.839436,cpu
Chinese#ZH-Tenor-1#Pharyngeal#全世界谁倾听你#Control_Group#0011,D:\-MindEcho-main\ml_dl_models\gtsinger_multitech\dataset\raw\Chinese\ZH-Tenor-1\Pharyngeal\全世界谁倾听你\Control_Group\0011.wav,Chinese/ZH-Tenor-1/Pharyngeal/全世界谁倾听你/Control_Group/0011.wav,Chinese,ZH-Tenor-1,全世界谁倾听你,Control_Group,1,0,0,0,1,0,1,clear_mix,100010,positive_mix,0.928573,cpu
Chinese#ZH-Tenor-1#Pharyngeal#全世界谁倾听你#Control_Group#0012,D:\-MindEcho-main\ml_dl_models\gtsinger_multitech\dataset\raw\Chinese\ZH-Tenor-1\Pharyngeal\全世界谁倾听你\Control_Group\0012.wav,Chinese/ZH-Tenor-1/Pharyngeal/全世界谁倾听你/Control_Group/0012.wav,Chinese,ZH-Tenor-1,全世界谁倾听你,Control_Group,1,0,0,0,1,0,1,clear_mix,100010,positive_mix,0.911605,cpu
Chinese#ZH-Tenor-1#Pharyngeal#南山南#Control_Group#0001,D:\-MindEcho-main\ml_dl_models\gtsinger_multitech\dataset\raw\Chinese\ZH-Tenor-1\Pharyngeal\南山南\Control_Group\0001.wav,Chinese/ZH-Tenor-1/Pharyngeal/南山南/Control_Group/0001.wav,Chinese,ZH-Tenor-1,南山南,Control_Group,1,0,0,1,0,0,1,clear_mix,100100,positive_mix,0.578649,cpu
Chinese#ZH-Tenor-1#Pharyngeal#南山南#Control_Group#0003,D:\-MindEcho-main\ml_dl_models\gtsinger_multitech\dataset\raw\Chinese\ZH-Tenor-1\Pharyngeal\南山南\Control_Group\0003.wav,Chinese/ZH-Tenor-1/Pharyngeal/南山南/Control_Group/0003.wav,Chinese,ZH-Tenor-1,南山南,Control_Group,1,0,0,1,1,0,1,clear_mix,100110,positive_mix,0.835499,cpu
Chinese#ZH-Tenor-1#Pharyngeal#南山南#Control_Group#0004,D:\-MindEcho-main\ml_dl_models\gtsinger_multitech\dataset\raw\Chinese\ZH-Tenor-1\Pharyngeal\南山南\Control_Group\0004.wav,Chinese/ZH-Tenor-1/Pharyngeal/南山南/Control_Group/0004.wav,Chinese,ZH-Tenor-1,南山南,Control_Group,1,0,0,1,1,0,1,clear_mix,100110,positive_mix,0.712360,cpu
Chinese#ZH-Tenor-1#Pharyngeal#南山南#Control_Group#0005,D:\-MindEcho-main\ml_dl_models\gtsinger_multitech\dataset\raw\Chinese\ZH-Tenor-1\Pharyngeal\南山南\Control_Group\0005.wav,Chinese/ZH-Tenor-1/Pharyngeal/南山南/Control_Group/0005.wav,Chinese,ZH-Tenor-1,南山南,Control_Group,1,0,0,1,1,0,1,clear_mix,100110,positive_mix,0.978258,cpu
Chinese#ZH-Tenor-1#Pharyngeal#南山南#Control_Group#0007,D:\-MindEcho-main\ml_dl_models\gtsinger_multitech\dataset\raw\Chinese\ZH-Tenor-1\Pharyngeal\南山南\Control_Group\0007.wav,Chinese/ZH-Tenor-1/Pharyngeal/南山南/Control_Group/0007.wav,Chinese,ZH-Tenor-1,南山南,Control_Group,1,0,0,1,1,0,1,clear_mix,100110,positive_mix,0.891803,cpu
Chinese#ZH-Tenor-1#Pharyngeal#南山南#Control_Group#0008,D:\-MindEcho-main\ml_dl_models\gtsinger_multitech\dataset\raw\Chinese\ZH-Tenor-1\Pharyngeal\南山南\Control_Group\0008.wav,Chinese/ZH-Tenor-1/Pharyngeal/南山南/Control_Group/0008.wav,Chinese,ZH-Tenor-1,南山南,Control_Group,1,0,0,0,1,0,1,clear_mix,100010,positive_mix,0.979258,cpu
Chinese#ZH-Tenor-1#Pharyngeal#南山南#Control_Group#0009,D:\-MindEcho-main\ml_dl_models\gtsinger_multitech\dataset\raw\Chinese\ZH-Tenor-1\Pharyngeal\南山南\Control_Group\0009.wav,Chinese/ZH-Tenor-1/Pharyngeal/南山南/Control_Group/0009.wav,Chinese,ZH-Tenor-1,南山南,Control_Group,1,1,0,1,0,0,1,head_mix,110100,positive_mix,0.857959,cpu
Chinese#ZH-Tenor-1#Pharyngeal#南山南#Control_Group#0010,D:\-MindEcho-main\ml_dl_models\gtsinger_multitech\dataset\raw\Chinese\ZH-Tenor-1\Pharyngeal\南山南\Control_Group\0010.wav,Chinese/ZH-Tenor-1/Pharyngeal/南山南/Control_Group/0010.wav,Chinese,ZH-Tenor-1,南山南,Control_Group,1,0,0,1,1,0,1,clear_mix,100110,positive_mix,0.794357,cpu
Chinese#ZH-Tenor-1#Pharyngeal#南山南#Control_Group#0011,D:\-MindEcho-main\ml_dl_models\gtsinger_multitech\dataset\raw\Chinese\ZH-Tenor-1\Pharyngeal\南山南\Control_Group\0011.wav,Chinese/ZH-Tenor-1/Pharyngeal/南山南/Control_Group/0011.wav,Chinese,ZH-Tenor-1,南山南,Control_Group,1,0,0,0,1,0,1,clear_mix,100010,positive_mix,0.786200,cpu
Chinese#ZH-Tenor-1#Pharyngeal#南山南#Control_Group#0012,D:\-MindEcho-main\ml_dl_models\gtsinger_multitech\dataset\raw\Chinese\ZH-Tenor-1\Pharyngeal\南山南\Control_Group\0012.wav,Chinese/ZH-Tenor-1/Pharyngeal/南山南/Control_Group/0012.wav,Chinese,ZH-Tenor-1,南山南,Control_Group,1,0,0,0,1,0,1,clear_mix,100010,positive_mix,0.909767,cpu
Chinese#ZH-Tenor-1#Vibrato#失落沙洲#Control_Group#0005,D:\-MindEcho-main\ml_dl_models\gtsinger_multitech\dataset\raw\Chinese\ZH-Tenor-1\Vibrato\失落沙洲\Control_Group\0005.wav,Chinese/ZH-Tenor-1/Vibrato/失落沙洲/Control_Group/0005.wav,Chinese,ZH-Tenor-1,失落沙洲,Control_Group,1,0,0,0,1,0,1,clear_mix,100010,positive_mix,0.485922,cpu
Chinese#ZH-Tenor-1#Vibrato#失落沙洲#Control_Group#0006,D:\-MindEcho-main\ml_dl_models\gtsinger_multitech\dataset\raw\Chinese\ZH-Tenor-1\Vibrato\失落沙洲\Control_Group\0006.wav,Chinese/ZH-Tenor-1/Vibrato/失落沙洲/Control_Group/0006.wav,Chinese,ZH-Tenor-1,失落沙洲,Control_Group,1,0,0,0,1,0,1,clear_mix,100010,positive_mix,0.572216,cpu
Chinese#ZH-Tenor-1#Vibrato#失落沙洲#Control_Group#0007,D:\-MindEcho-main\ml_dl_models\gtsinger_multitech\dataset\raw\Chinese\ZH-Tenor-1\Vibrato\失落沙洲\Control_Group\0007.wav,Chinese/ZH-Tenor-1/Vibrato/失落沙洲/Control_Group/0007.wav,Chinese,ZH-Tenor-1,失落沙洲,Control_Group,1,0,0,0,1,0,1,clear_mix,100010,positive_mix,0.549120,cpu
Chinese#ZH-Tenor-1#Vibrato#失落沙洲#Control_Group#0008,D:\-MindEcho-main\ml_dl_models\gtsinger_multitech\dataset\raw\Chinese\ZH-Tenor-1\Vibrato\失落沙洲\Control_Group\0008.wav,Chinese/ZH-Tenor-1/Vibrato/失落沙洲/Control_Group/0008.wav,Chinese,ZH-Tenor-1,失落沙洲,Control_Group,1,0,0,0,1,0,1,clear_mix,100010,positive_mix,0.597322,cpu
Chinese#ZH-Tenor-1#Pharyngeal#尘埃#Control_Group#0000,D:\-MindEcho-main\ml_dl_models\gtsinger_multitech\dataset\raw\Chinese\ZH-Tenor-1\Pharyngeal\尘埃\Control_Group\0000.wav,Chinese/ZH-Tenor-1/Pharyngeal/尘埃/Control_Group/0000.wav,Chinese,ZH-Tenor-1,尘埃,Control_Group,1,0,0,1,1,0,1,clear_mix,100110,positive_mix,0.957605,cpu
Chinese#ZH-Tenor-1#Pharyngeal#尘埃#Control_Group#0001,D:\-MindEcho-main\ml_dl_models\gtsinger_multitech\dataset\raw\Chinese\ZH-Tenor-1\Pharyngeal\尘埃\Control_Group\0001.wav,Chinese/ZH-Tenor-1/Pharyngeal/尘埃/Control_Group/0001.wav,Chinese,ZH-Tenor-1,尘埃,Control_Group,1,0,0,0,1,0,1,clear_mix,100010,positive_mix,0.768799,cpu
Chinese#ZH-Tenor-1#Pharyngeal#尘埃#Control_Group#0002,D:\-MindEcho-main\ml_dl_models\gtsinger_multitech\dataset\raw\Chinese\ZH-Tenor-1\Pharyngeal\尘埃\Control_Group\0002.wav,Chinese/ZH-Tenor-1/Pharyngeal/尘埃/Control_Group/0002.wav,Chinese,ZH-Tenor-1,尘埃,Control_Group,1,0,0,1,1,0,1,clear_mix,100110,positive_mix,0.802782,cpu
Chinese#ZH-Tenor-1#Pharyngeal#尘埃#Control_Group#0003,D:\-MindEcho-main\ml_dl_models\gtsinger_multitech\dataset\raw\Chinese\ZH-Tenor-1\Pharyngeal\尘埃\Control_Group\0003.wav,Chinese/ZH-Tenor-1/Pharyngeal/尘埃/Control_Group/0003.wav,Chinese,ZH-Tenor-1,尘埃,Control_Group,1,0,0,1,1,0,1,clear_mix,100110,positive_mix,0.795102,cpu
Chinese#ZH-Tenor-1#Pharyngeal#尘埃#Control_Group#0004,D:\-MindEcho-main\ml_dl_models\gtsinger_multitech\dataset\raw\Chinese\ZH-Tenor-1\Pharyngeal\尘埃\Control_Group\0004.wav,Chinese/ZH-Tenor-1/Pharyngeal/尘埃/Control_Group/0004.wav,Chinese,ZH-Tenor-1,尘埃,Control_Group,1,0,0,0,1,0,1,clear_mix,100010,positive_mix,0.814857,cpu
Chinese#ZH-Tenor-1#Pharyngeal#尘埃#Control_Group#0005,D:\-MindEcho-main\ml_dl_models\gtsinger_multitech\dataset\raw\Chinese\ZH-Tenor-1\Pharyngeal\尘埃\Control_Group\0005.wav,Chinese/ZH-Tenor-1/Pharyngeal/尘埃/Control_Group/0005.wav,Chinese,ZH-Tenor-1,尘埃,Control_Group,1,0,0,0,0,0,1,clear_mix,100000,positive_mix,0.852088,cpu
Chinese#ZH-Tenor-1#Pharyngeal#尘埃#Control_Group#0006,D:\-MindEcho-main\ml_dl_models\gtsinger_multitech\dataset\raw\Chinese\ZH-Tenor-1\Pharyngeal\尘埃\Control_Group\0006.wav,Chinese/ZH-Tenor-1/Pharyngeal/尘埃/Control_Group/0006.wav,Chinese,ZH-Tenor-1,尘埃,Control_Group,1,0,0,0,1,0,1,clear_mix,100010,positive_mix,0.841481,cpu
Chinese#ZH-Tenor-1#Pharyngeal#尘埃#Control_Group#0007,D:\-MindEcho-main\ml_dl_models\gtsinger_multitech\dataset\raw\Chinese\ZH-Tenor-1\Pharyngeal\尘埃\Control_Group\0007.wav,Chinese/ZH-Tenor-1/Pharyngeal/尘埃/Control_Group/0007.wav,Chinese,ZH-Tenor-1,尘埃,Control_Group,1,0,0,0,1,0,1,clear_mix,100010,positive_mix,0.229443,cpu
Chinese#ZH-Tenor-1#Pharyngeal#尘埃#Control_Group#0008,D:\-MindEcho-main\ml_dl_models\gtsinger_multitech\dataset\raw\Chinese\ZH-Tenor-1\Pharyngeal\尘埃\Control_Group\0008.wav,Chinese/ZH-Tenor-1/Pharyngeal/尘埃/Control_Group/0008.wav,Chinese,ZH-Tenor-1,尘埃,Control_Group,1,0,0,1,1,0,1,clear_mix,100110,positive_mix,0.872830,cpu
Chinese#ZH-Tenor-1#Pharyngeal#尘埃#Control_Group#0009,D:\-MindEcho-main\ml_dl_models\gtsinger_multitech\dataset\raw\Chinese\ZH-Tenor-1\Pharyngeal\尘埃\Control_Group\0009.wav,Chinese/ZH-Tenor-1/Pharyngeal/尘埃/Control_Group/0009.wav,Chinese,ZH-Tenor-1,尘埃,Control_Group,1,0,0,0,1,0,1,clear_mix,100010,positive_mix,0.696896,cpu
Chinese#ZH-Tenor-1#Pharyngeal#尘埃#Control_Group#0010,D:\-MindEcho-main\ml_dl_models\gtsinger_multitech\dataset\raw\Chinese\ZH-Tenor-1\Pharyngeal\尘埃\Control_Group\0010.wav,Chinese/ZH-Tenor-1/Pharyngeal/尘埃/Control_Group/0010.wav,Chinese,ZH-Tenor-1,尘埃,Control_Group,1,0,0,1,1,0,1,clear_mix,100110,positive_mix,0.846044,cpu
Chinese#ZH-Tenor-1#Pharyngeal#尘埃#Control_Group#0011,D:\-MindEcho-main\ml_dl_models\gtsinger_multitech\dataset\raw\Chinese\ZH-Tenor-1\Pharyngeal\尘埃\Control_Group\0011.wav,Chinese/ZH-Tenor-1/Pharyngeal/尘埃/Control_Group/0011.wav,Chinese,ZH-Tenor-1,尘埃,Control_Group,1,0,0,1,1,0,1,clear_mix,100110,positive_mix,0.915097,cpu
Chinese#ZH-Tenor-1#Pharyngeal#尘埃#Control_Group#0012,D:\-MindEcho-main\ml_dl_models\gtsinger_multitech\dataset\raw\Chinese\ZH-Tenor-1\Pharyngeal\尘埃\Control_Group\0012.wav,Chinese/ZH-Tenor-1/Pharyngeal/尘埃/Control_Group/0012.wav,Chinese,ZH-Tenor-1,尘埃,Control_Group,1,0,0,0,1,0,1,clear_mix,100010,positive_mix,0.785879,cpu
Chinese#ZH-Tenor-1#Pharyngeal#尘埃#Control_Group#0013,D:\-MindEcho-main\ml_dl_models\gtsinger_multitech\dataset\raw\Chinese\ZH-Tenor-1\Pharyngeal\尘埃\Control_Group\0013.wav,Chinese/ZH-Tenor-1/Pharyngeal/尘埃/Control_Group/0013.wav,Chinese,ZH-Tenor-1,尘埃,Control_Group,1,0,0,0,1,0,1,clear_mix,100010,positive_mix,0.911833,cpu
Chinese#ZH-Tenor-1#Pharyngeal#尘埃#Control_Group#0014,D:\-MindEcho-main\ml_dl_models\gtsinger_multitech\dataset\raw\Chinese\ZH-Tenor-1\Pharyngeal\尘埃\Control_Group\0014.wav,Chinese/ZH-Tenor-1/Pharyngeal/尘埃/Control_Group/0014.wav,Chinese,ZH-Tenor-1,尘埃,Control_Group,1,1,0,0,1,0,1,head_mix,110010,positive_mix,0.795667,cpu
Chinese#ZH-Tenor-1#Pharyngeal#尘埃#Control_Group#0015,D:\-MindEcho-main\ml_dl_models\gtsinger_multitech\dataset\raw\Chinese\ZH-Tenor-1\Pharyngeal\尘埃\Control_Group\0015.wav,Chinese/ZH-Tenor-1/Pharyngeal/尘埃/Control_Group/0015.wav,Chinese,ZH-Tenor-1,尘埃,Control_Group,1,0,0,0,1,0,1,clear_mix,100010,positive_mix,0.363737,cpu
Chinese#ZH-Tenor-1#Pharyngeal#尘埃#Control_Group#0016,D:\-MindEcho-main\ml_dl_models\gtsinger_multitech\dataset\raw\Chinese\ZH-Tenor-1\Pharyngeal\尘埃\Control_Group\0016.wav,Chinese/ZH-Tenor-1/Pharyngeal/尘埃/Control_Group/0016.wav,Chinese,ZH-Tenor-1,尘埃,Control_Group,1,1,0,1,1,0,1,head_mix,110110,positive_mix,0.874790,cpu
Chinese#ZH-Tenor-1#Pharyngeal#尘埃#Control_Group#0017,D:\-MindEcho-main\ml_dl_models\gtsinger_multitech\dataset\raw\Chinese\ZH-Tenor-1\Pharyngeal\尘埃\Control_Group\0017.wav,Chinese/ZH-Tenor-1/Pharyngeal/尘埃/Control_Group/0017.wav,Chinese,ZH-Tenor-1,尘埃,Control_Group,1,0,0,0,1,0,1,clear_mix,100010,positive_mix,0.688649,cpu
Chinese#ZH-Tenor-1#Pharyngeal#尘埃#Control_Group#0019,D:\-MindEcho-main\ml_dl_models\gtsinger_multitech\dataset\raw\Chinese\ZH-Tenor-1\Pharyngeal\尘埃\Control_Group\0019.wav,Chinese/ZH-Tenor-1/Pharyngeal/尘埃/Control_Group/0019.wav,Chinese,ZH-Tenor-1,尘埃,Control_Group,1,0,0,0,1,0,1,clear_mix,100010,positive_mix,0.474039,cpu
Chinese#ZH-Tenor-1#Pharyngeal#情歌#Control_Group#0000,D:\-MindEcho-main\ml_dl_models\gtsinger_multitech\dataset\raw\Chinese\ZH-Tenor-1\Pharyngeal\情歌\Control_Group\0000.wav,Chinese/ZH-Tenor-1/Pharyngeal/情歌/Control_Group/0000.wav,Chinese,ZH-Tenor-1,情歌,Control_Group,1,0,0,1,1,0,1,clear_mix,100110,positive_mix,0.920552,cpu
Chinese#ZH-Tenor-1#Pharyngeal#情歌#Control_Group#0001,D:\-MindEcho-main\ml_dl_models\gtsinger_multitech\dataset\raw\Chinese\ZH-Tenor-1\Pharyngeal\情歌\Control_Group\0001.wav,Chinese/ZH-Tenor-1/Pharyngeal/情歌/Control_Group/0001.wav,Chinese,ZH-Tenor-1,情歌,Control_Group,1,0,0,0,1,0,1,clear_mix,100010,positive_mix,0.947753,cpu
Chinese#ZH-Tenor-1#Pharyngeal#情歌#Control_Group#0002,D:\-MindEcho-main\ml_dl_models\gtsinger_multitech\dataset\raw\Chinese\ZH-Tenor-1\Pharyngeal\情歌\Control_Group\0002.wav,Chinese/ZH-Tenor-1/Pharyngeal/情歌/Control_Group/0002.wav,Chinese,ZH-Tenor-1,情歌,Control_Group,1,0,0,0,1,0,1,clear_mix,100010,positive_mix,0.936431,cpu
Chinese#ZH-Tenor-1#Pharyngeal#情歌#Control_Group#0003,D:\-MindEcho-main\ml_dl_models\gtsinger_multitech\dataset\raw\Chinese\ZH-Tenor-1\Pharyngeal\情歌\Control_Group\0003.wav,Chinese/ZH-Tenor-1/Pharyngeal/情歌/Control_Group/0003.wav,Chinese,ZH-Tenor-1,情歌,Control_Group,1,0,0,0,1,0,1,clear_mix,100010,positive_mix,0.967884,cpu
Chinese#ZH-Tenor-1#Pharyngeal#情歌#Control_Group#0004,D:\-MindEcho-main\ml_dl_models\gtsinger_multitech\dataset\raw\Chinese\ZH-Tenor-1\Pharyngeal\情歌\Control_Group\0004.wav,Chinese/ZH-Tenor-1/Pharyngeal/情歌/Control_Group/0004.wav,Chinese,ZH-Tenor-1,情歌,Control_Group,1,0,0,0,1,0,1,clear_mix,100010,positive_mix,0.885323,cpu
Chinese#ZH-Tenor-1#Pharyngeal#情歌#Control_Group#0005,D:\-MindEcho-main\ml_dl_models\gtsinger_multitech\dataset\raw\Chinese\ZH-Tenor-1\Pharyngeal\情歌\Control_Group\0005.wav,Chinese/ZH-Tenor-1/Pharyngeal/情歌/Control_Group/0005.wav,Chinese,ZH-Tenor-1,情歌,Control_Group,1,0,0,1,1,0,1,clear_mix,100110,positive_mix,0.943596,cpu
Chinese#ZH-Tenor-1#Pharyngeal#情歌#Control_Group#0006,D:\-MindEcho-main\ml_dl_models\gtsinger_multitech\dataset\raw\Chinese\ZH-Tenor-1\Pharyngeal\情歌\Control_Group\0006.wav,Chinese/ZH-Tenor-1/Pharyngeal/情歌/Control_Group/0006.wav,Chinese,ZH-Tenor-1,情歌,Control_Group,1,0,0,1,1,0,1,clear_mix,100110,positive_mix,0.964195,cpu
Chinese#ZH-Tenor-1#Pharyngeal#情歌#Control_Group#0008,D:\-MindEcho-main\ml_dl_models\gtsinger_multitech\dataset\raw\Chinese\ZH-Tenor-1\Pharyngeal\情歌\Control_Group\0008.wav,Chinese/ZH-Tenor-1/Pharyngeal/情歌/Control_Group/0008.wav,Chinese,ZH-Tenor-1,情歌,Control_Group,1,0,0,0,0,0,1,clear_mix,100000,positive_mix,0.906077,cpu
Chinese#ZH-Tenor-1#Pharyngeal#情歌#Control_Group#0009,D:\-MindEcho-main\ml_dl_models\gtsinger_multitech\dataset\raw\Chinese\ZH-Tenor-1\Pharyngeal\情歌\Control_Group\0009.wav,Chinese/ZH-Tenor-1/Pharyngeal/情歌/Control_Group/0009.wav,Chinese,ZH-Tenor-1,情歌,Control_Group,1,0,0,1,1,0,1,clear_mix,100110,positive_mix,0.981911,cpu
Chinese#ZH-Tenor-1#Pharyngeal#情歌#Control_Group#0011,D:\-MindEcho-main\ml_dl_models\gtsinger_multitech\dataset\raw\Chinese\ZH-Tenor-1\Pharyngeal\情歌\Control_Group\0011.wav,Chinese/ZH-Tenor-1/Pharyngeal/情歌/Control_Group/0011.wav,Chinese,ZH-Tenor-1,情歌,Control_Group,1,0,0,0,1,0,1,clear_mix,100010,positive_mix,0.845095,cpu
Chinese#ZH-Tenor-1#Pharyngeal#情歌#Control_Group#0013,D:\-MindEcho-main\ml_dl_models\gtsinger_multitech\dataset\raw\Chinese\ZH-Tenor-1\Pharyngeal\情歌\Control_Group\0013.wav,Chinese/ZH-Tenor-1/Pharyngeal/情歌/Control_Group/0013.wav,Chinese,ZH-Tenor-1,情歌,Control_Group,1,0,0,1,1,0,1,clear_mix,100110,positive_mix,0.944414,cpu
Chinese#ZH-Tenor-1#Pharyngeal#情歌#Control_Group#0014,D:\-MindEcho-main\ml_dl_models\gtsinger_multitech\dataset\raw\Chinese\ZH-Tenor-1\Pharyngeal\情歌\Control_Group\0014.wav,Chinese/ZH-Tenor-1/Pharyngeal/情歌/Control_Group/0014.wav,Chinese,ZH-Tenor-1,情歌,Control_Group,1,0,0,1,1,0,1,clear_mix,100110,positive_mix,0.894865,cpu
Chinese#ZH-Tenor-1#Pharyngeal#我怀念的#Control_Group#0000,D:\-MindEcho-main\ml_dl_models\gtsinger_multitech\dataset\raw\Chinese\ZH-Tenor-1\Pharyngeal\我怀念的\Control_Group\0000.wav,Chinese/ZH-Tenor-1/Pharyngeal/我怀念的/Control_Group/0000.wav,Chinese,ZH-Tenor-1,我怀念的,Control_Group,1,0,0,0,1,0,1,clear_mix,100010,positive_mix,0.929577,cpu
Chinese#ZH-Tenor-1#Pharyngeal#我怀念的#Control_Group#0001,D:\-MindEcho-main\ml_dl_models\gtsinger_multitech\dataset\raw\Chinese\ZH-Tenor-1\Pharyngeal\我怀念的\Control_Group\0001.wav,Chinese/ZH-Tenor-1/Pharyngeal/我怀念的/Control_Group/0001.wav,Chinese,ZH-Tenor-1,我怀念的,Control_Group,1,0,0,0,1,0,1,clear_mix,100010,positive_mix,0.914962,cpu
Chinese#ZH-Tenor-1#Pharyngeal#我怀念的#Control_Group#0002,D:\-MindEcho-main\ml_dl_models\gtsinger_multitech\dataset\raw\Chinese\ZH-Tenor-1\Pharyngeal\我怀念的\Control_Group\0002.wav,Chinese/ZH-Tenor-1/Pharyngeal/我怀念的/Control_Group/0002.wav,Chinese,ZH-Tenor-1,我怀念的,Control_Group,1,0,0,0,1,0,1,clear_mix,100010,positive_mix,0.922372,cpu
Chinese#ZH-Tenor-1#Pharyngeal#我怀念的#Control_Group#0003,D:\-MindEcho-main\ml_dl_models\gtsinger_multitech\dataset\raw\Chinese\ZH-Tenor-1\Pharyngeal\我怀念的\Control_Group\0003.wav,Chinese/ZH-Tenor-1/Pharyngeal/我怀念的/Control_Group/0003.wav,Chinese,ZH-Tenor-1,我怀念的,Control_Group,1,0,0,0,1,0,1,clear_mix,100010,positive_mix,0.832897,cpu
Chinese#ZH-Tenor-1#Pharyngeal#我怀念的#Control_Group#0006,D:\-MindEcho-main\ml_dl_models\gtsinger_multitech\dataset\raw\Chinese\ZH-Tenor-1\Pharyngeal\我怀念的\Control_Group\0006.wav,Chinese/ZH-Tenor-1/Pharyngeal/我怀念的/Control_Group/0006.wav,Chinese,ZH-Tenor-1,我怀念的,Control_Group,1,0,0,0,1,0,1,clear_mix,100010,positive_mix,0.861278,cpu
Chinese#ZH-Tenor-1#Pharyngeal#我怀念的#Control_Group#0007,D:\-MindEcho-main\ml_dl_models\gtsinger_multitech\dataset\raw\Chinese\ZH-Tenor-1\Pharyngeal\我怀念的\Control_Group\0007.wav,Chinese/ZH-Tenor-1/Pharyngeal/我怀念的/Control_Group/0007.wav,Chinese,ZH-Tenor-1,我怀念的,Control_Group,1,0,0,0,1,0,1,clear_mix,100010,positive_mix,0.855841,cpu
Chinese#ZH-Tenor-1#Pharyngeal#我怀念的#Control_Group#0009,D:\-MindEcho-main\ml_dl_models\gtsinger_multitech\dataset\raw\Chinese\ZH-Tenor-1\Pharyngeal\我怀念的\Control_Group\0009.wav,Chinese/ZH-Tenor-1/Pharyngeal/我怀念的/Control_Group/0009.wav,Chinese,ZH-Tenor-1,我怀念的,Control_Group,1,0,0,0,1,0,1,clear_mix,100010,positive_mix,0.919427,cpu
Chinese#ZH-Tenor-1#Pharyngeal#我怀念的#Control_Group#0011,D:\-MindEcho-main\ml_dl_models\gtsinger_multitech\dataset\raw\Chinese\ZH-Tenor-1\Pharyngeal\我怀念的\Control_Group\0011.wav,Chinese/ZH-Tenor-1/Pharyngeal/我怀念的/Control_Group/0011.wav,Chinese,ZH-Tenor-1,我怀念的,Control_Group,1,0,0,0,1,0,1,clear_mix,100010,positive_mix,0.726888,cpu
Chinese#ZH-Tenor-1#Pharyngeal#我怀念的#Control_Group#0012,D:\-MindEcho-main\ml_dl_models\gtsinger_multitech\dataset\raw\Chinese\ZH-Tenor-1\Pharyngeal\我怀念的\Control_Group\0012.wav,Chinese/ZH-Tenor-1/Pharyngeal/我怀念的/Control_Group/0012.wav,Chinese,ZH-Tenor-1,我怀念的,Control_Group,1,0,0,0,1,0,1,clear_mix,100010,positive_mix,0.845832,cpu
Chinese#ZH-Tenor-1#Pharyngeal#我怀念的#Control_Group#0013,D:\-MindEcho-main\ml_dl_models\gtsinger_multitech\dataset\raw\Chinese\ZH-Tenor-1\Pharyngeal\我怀念的\Control_Group\0013.wav,Chinese/ZH-Tenor-1/Pharyngeal/我怀念的/Control_Group/0013.wav,Chinese,ZH-Tenor-1,我怀念的,Control_Group,1,0,0,0,1,0,1,clear_mix,100010,positive_mix,0.696541,cpu
Chinese#ZH-Tenor-1#Pharyngeal#我怀念的#Control_Group#0014,D:\-MindEcho-main\ml_dl_models\gtsinger_multitech\dataset\raw\Chinese\ZH-Tenor-1\Pharyngeal\我怀念的\Control_Group\0014.wav,Chinese/ZH-Tenor-1/Pharyngeal/我怀念的/Control_Group/0014.wav,Chinese,ZH-Tenor-1,我怀念的,Control_Group,1,0,0,0,1,0,1,clear_mix,100010,positive_mix,0.559315,cpu
Chinese#ZH-Tenor-1#Pharyngeal#我怀念的#Control_Group#0015,D:\-MindEcho-main\ml_dl_models\gtsinger_multitech\dataset\raw\Chinese\ZH-Tenor-1\Pharyngeal\我怀念的\Control_Group\0015.wav,Chinese/ZH-Tenor-1/Pharyngeal/我怀念的/Control_Group/0015.wav,Chinese,ZH-Tenor-1,我怀念的,Control_Group,1,0,0,0,1,0,1,clear_mix,100010,positive_mix,0.667122,cpu
Chinese#ZH-Tenor-1#Pharyngeal#我怀念的#Control_Group#0016,D:\-MindEcho-main\ml_dl_models\gtsinger_multitech\dataset\raw\Chinese\ZH-Tenor-1\Pharyngeal\我怀念的\Control_Group\0016.wav,Chinese/ZH-Tenor-1/Pharyngeal/我怀念的/Control_Group/0016.wav,Chinese,ZH-Tenor-1,我怀念的,Control_Group,1,0,0,0,1,0,1,clear_mix,100010,positive_mix,0.866313,cpu
Chinese#ZH-Tenor-1#Pharyngeal#我怀念的#Control_Group#0017,D:\-MindEcho-main\ml_dl_models\gtsinger_multitech\dataset\raw\Chinese\ZH-Tenor-1\Pharyngeal\我怀念的\Control_Group\0017.wav,Chinese/ZH-Tenor-1/Pharyngeal/我怀念的/Control_Group/0017.wav,Chinese,ZH-Tenor-1,我怀念的,Control_Group,1,0,0,0,1,0,1,clear_mix,100010,positive_mix,0.499369,cpu
Chinese#ZH-Tenor-1#Pharyngeal#曹操#Control_Group#0000,D:\-MindEcho-main\ml_dl_models\gtsinger_multitech\dataset\raw\Chinese\ZH-Tenor-1\Pharyngeal\曹操\Control_Group\0000.wav,Chinese/ZH-Tenor-1/Pharyngeal/曹操/Control_Group/0000.wav,Chinese,ZH-Tenor-1,曹操,Control_Group,1,0,0,0,1,0,1,clear_mix,100010,positive_mix,0.890779,cpu
Chinese#ZH-Tenor-1#Pharyngeal#曹操#Control_Group#0001,D:\-MindEcho-main\ml_dl_models\gtsinger_multitech\dataset\raw\Chinese\ZH-Tenor-1\Pharyngeal\曹操\Control_Group\0001.wav,Chinese/ZH-Tenor-1/Pharyngeal/曹操/Control_Group/0001.wav,Chinese,ZH-Tenor-1,曹操,Control_Group,1,0,0,0,1,0,1,clear_mix,100010,positive_mix,0.970996,cpu
Chinese#ZH-Tenor-1#Pharyngeal#曹操#Control_Group#0004,D:\-MindEcho-main\ml_dl_models\gtsinger_multitech\dataset\raw\Chinese\ZH-Tenor-1\Pharyngeal\曹操\Control_Group\0004.wav,Chinese/ZH-Tenor-1/Pharyngeal/曹操/Control_Group/0004.wav,Chinese,ZH-Tenor-1,曹操,Control_Group,1,0,0,0,1,0,1,clear_mix,100010,positive_mix,0.885368,cpu
Chinese#ZH-Tenor-1#Pharyngeal#曹操#Control_Group#0006,D:\-MindEcho-main\ml_dl_models\gtsinger_multitech\dataset\raw\Chinese\ZH-Tenor-1\Pharyngeal\曹操\Control_Group\0006.wav,Chinese/ZH-Tenor-1/Pharyngeal/曹操/Control_Group/0006.wav,Chinese,ZH-Tenor-1,曹操,Control_Group,1,0,0,0,1,0,1,clear_mix,100010,positive_mix,0.679636,cpu
Chinese#ZH-Tenor-1#Pharyngeal#曹操#Control_Group#0007,D:\-MindEcho-main\ml_dl_models\gtsinger_multitech\dataset\raw\Chinese\ZH-Tenor-1\Pharyngeal\曹操\Control_Group\0007.wav,Chinese/ZH-Tenor-1/Pharyngeal/曹操/Control_Group/0007.wav,Chinese,ZH-Tenor-1,曹操,Control_Group,1,0,0,0,1,0,1,clear_mix,100010,positive_mix,0.826768,cpu
Chinese#ZH-Tenor-1#Pharyngeal#曹操#Control_Group#0008,D:\-MindEcho-main\ml_dl_models\gtsinger_multitech\dataset\raw\Chinese\ZH-Tenor-1\Pharyngeal\曹操\Control_Group\0008.wav,Chinese/ZH-Tenor-1/Pharyngeal/曹操/Control_Group/0008.wav,Chinese,ZH-Tenor-1,曹操,Control_Group,1,0,0,0,1,0,1,clear_mix,100010,positive_mix,0.915044,cpu
Chinese#ZH-Tenor-1#Pharyngeal#曹操#Control_Group#0010,D:\-MindEcho-main\ml_dl_models\gtsinger_multitech\dataset\raw\Chinese\ZH-Tenor-1\Pharyngeal\曹操\Control_Group\0010.wav,Chinese/ZH-Tenor-1/Pharyngeal/曹操/Control_Group/0010.wav,Chinese,ZH-Tenor-1,曹操,Control_Group,1,0,0,0,1,0,1,clear_mix,100010,positive_mix,0.648550,cpu
Chinese#ZH-Tenor-1#Pharyngeal#曹操#Control_Group#0011,D:\-MindEcho-main\ml_dl_models\gtsinger_multitech\dataset\raw\Chinese\ZH-Tenor-1\Pharyngeal\曹操\Control_Group\0011.wav,Chinese/ZH-Tenor-1/Pharyngeal/曹操/Control_Group/0011.wav,Chinese,ZH-Tenor-1,曹操,Control_Group,1,0,0,0,1,0,1,clear_mix,100010,positive_mix,0.548114,cpu
Chinese#ZH-Tenor-1#Pharyngeal#最初的梦想#Control_Group#0000,D:\-MindEcho-main\ml_dl_models\gtsinger_multitech\dataset\raw\Chinese\ZH-Tenor-1\Pharyngeal\最初的梦想\Control_Group\0000.wav,Chinese/ZH-Tenor-1/Pharyngeal/最初的梦想/Control_Group/0000.wav,Chinese,ZH-Tenor-1,最初的梦想,Control_Group,1,0,0,0,1,0,1,clear_mix,100010,positive_mix,0.907400,cpu
Chinese#ZH-Tenor-1#Pharyngeal#最初的梦想#Control_Group#0001,D:\-MindEcho-main\ml_dl_models\gtsinger_multitech\dataset\raw\Chinese\ZH-Tenor-1\Pharyngeal\最初的梦想\Control_Group\0001.wav,Chinese/ZH-Tenor-1/Pharyngeal/最初的梦想/Control_Group/0001.wav,Chinese,ZH-Tenor-1,最初的梦想,Control_Group,1,0,0,0,1,0,1,clear_mix,100010,positive_mix,0.729378,cpu
Chinese#ZH-Tenor-1#Pharyngeal#最初的梦想#Control_Group#0002,D:\-MindEcho-main\ml_dl_models\gtsinger_multitech\dataset\raw\Chinese\ZH-Tenor-1\Pharyngeal\最初的梦想\Control_Group\0002.wav,Chinese/ZH-Tenor-1/Pharyngeal/最初的梦想/Control_Group/0002.wav,Chinese,ZH-Tenor-1,最初的梦想,Control_Group,1,0,0,0,1,0,1,clear_mix,100010,positive_mix,0.697451,cpu
Chinese#ZH-Tenor-1#Pharyngeal#最初的梦想#Control_Group#0003,D:\-MindEcho-main\ml_dl_models\gtsinger_multitech\dataset\raw\Chinese\ZH-Tenor-1\Pharyngeal\最初的梦想\Control_Group\0003.wav,Chinese/ZH-Tenor-1/Pharyngeal/最初的梦想/Control_Group/0003.wav,Chinese,ZH-Tenor-1,最初的梦想,Control_Group,1,0,0,0,1,0,1,clear_mix,100010,positive_mix,0.682359,cpu
Chinese#ZH-Tenor-1#Pharyngeal#最初的梦想#Control_Group#0004,D:\-MindEcho-main\ml_dl_models\gtsinger_multitech\dataset\raw\Chinese\ZH-Tenor-1\Pharyngeal\最初的梦想\Control_Group\0004.wav,Chinese/ZH-Tenor-1/Pharyngeal/最初的梦想/Control_Group/0004.wav,Chinese,ZH-Tenor-1,最初的梦想,Control_Group,1,0,0,0,1,0,1,clear_mix,100010,positive_mix,0.802911,cpu
Chinese#ZH-Tenor-1#Pharyngeal#最初的梦想#Control_Group#0006,D:\-MindEcho-main\ml_dl_models\gtsinger_multitech\dataset\raw\Chinese\ZH-Tenor-1\Pharyngeal\最初的梦想\Control_Group\0006.wav,Chinese/ZH-Tenor-1/Pharyngeal/最初的梦想/Control_Group/0006.wav,Chinese,ZH-Tenor-1,最初的梦想,Control_Group,1,1,0,0,1,0,1,head_mix,110010,positive_mix,0.925925,cpu
Chinese#ZH-Tenor-1#Pharyngeal#最初的梦想#Control_Group#0007,D:\-MindEcho-main\ml_dl_models\gtsinger_multitech\dataset\raw\Chinese\ZH-Tenor-1\Pharyngeal\最初的梦想\Control_Group\0007.wav,Chinese/ZH-Tenor-1/Pharyngeal/最初的梦想/Control_Group/0007.wav,Chinese,ZH-Tenor-1,最初的梦想,Control_Group,1,0,0,0,1,0,1,clear_mix,100010,positive_mix,0.952036,cpu
Chinese#ZH-Tenor-1#Pharyngeal#最初的梦想#Control_Group#0008,D:\-MindEcho-main\ml_dl_models\gtsinger_multitech\dataset\raw\Chinese\ZH-Tenor-1\Pharyngeal\最初的梦想\Control_Group\0008.wav,Chinese/ZH-Tenor-1/Pharyngeal/最初的梦想/Control_Group/0008.wav,Chinese,ZH-Tenor-1,最初的梦想,Control_Group,1,0,0,0,1,0,1,clear_mix,100010,positive_mix,0.863178,cpu
Chinese#ZH-Tenor-1#Pharyngeal#最初的梦想#Control_Group#0009,D:\-MindEcho-main\ml_dl_models\gtsinger_multitech\dataset\raw\Chinese\ZH-Tenor-1\Pharyngeal\最初的梦想\Control_Group\0009.wav,Chinese/ZH-Tenor-1/Pharyngeal/最初的梦想/Control_Group/0009.wav,Chinese,ZH-Tenor-1,最初的梦想,Control_Group,1,0,0,0,1,0,1,clear_mix,100010,positive_mix,0.861226,cpu
Chinese#ZH-Tenor-1#Pharyngeal#最初的梦想#Control_Group#0010,D:\-MindEcho-main\ml_dl_models\gtsinger_multitech\dataset\raw\Chinese\ZH-Tenor-1\Pharyngeal\最初的梦想\Control_Group\0010.wav,Chinese/ZH-Tenor-1/Pharyngeal/最初的梦想/Control_Group/0010.wav,Chinese,ZH-Tenor-1,最初的梦想,Control_Group,1,0,0,0,1,0,1,clear_mix,100010,positive_mix,0.928881,cpu
Chinese#ZH-Tenor-1#Pharyngeal#最初的梦想#Control_Group#0011,D:\-MindEcho-main\ml_dl_models\gtsinger_multitech\dataset\raw\Chinese\ZH-Tenor-1\Pharyngeal\最初的梦想\Control_Group\0011.wav,Chinese/ZH-Tenor-1/Pharyngeal/最初的梦想/Control_Group/0011.wav,Chinese,ZH-Tenor-1,最初的梦想,Control_Group,1,0,0,0,1,0,1,clear_mix,100010,positive_mix,0.795901,cpu
Chinese#ZH-Tenor-1#Pharyngeal#最初的梦想#Control_Group#0016,D:\-MindEcho-main\ml_dl_models\gtsinger_multitech\dataset\raw\Chinese\ZH-Tenor-1\Pharyngeal\最初的梦想\Control_Group\0016.wav,Chinese/ZH-Tenor-1/Pharyngeal/最初的梦想/Control_Group/0016.wav,Chinese,ZH-Tenor-1,最初的梦想,Control_Group,1,0,0,0,1,0,1,clear_mix,100010,positive_mix,0.814213,cpu
Chinese#ZH-Tenor-1#Pharyngeal#最初的梦想#Control_Group#0017,D:\-MindEcho-main\ml_dl_models\gtsinger_multitech\dataset\raw\Chinese\ZH-Tenor-1\Pharyngeal\最初的梦想\Control_Group\0017.wav,Chinese/ZH-Tenor-1/Pharyngeal/最初的梦想/Control_Group/0017.wav,Chinese,ZH-Tenor-1,最初的梦想,Control_Group,1,0,0,0,1,0,1,clear_mix,100010,positive_mix,0.847708,cpu
Chinese#ZH-Tenor-1#Mixed_Voice_and_Falsetto#演员#Control_Group#0014,D:\-MindEcho-main\ml_dl_models\gtsinger_multitech\dataset\raw\Chinese\ZH-Tenor-1\Mixed_Voice_and_Falsetto\演员\Control_Group\0014.wav,Chinese/ZH-Tenor-1/Mixed_Voice_and_Falsetto/演员/Control_Group/0014.wav,Chinese,ZH-Tenor-1,演员,Control_Group,1,0,0,0,1,0,1,clear_mix,100010,positive_mix,0.753525,cpu
Chinese#ZH-Tenor-1#Pharyngeal#逆光#Control_Group#0002,D:\-MindEcho-main\ml_dl_models\gtsinger_multitech\dataset\raw\Chinese\ZH-Tenor-1\Pharyngeal\逆光\Control_Group\0002.wav,Chinese/ZH-Tenor-1/Pharyngeal/逆光/Control_Group/0002.wav,Chinese,ZH-Tenor-1,逆光,Control_Group,1,0,0,0,1,0,1,clear_mix,100010,positive_mix,0.656990,cpu
Chinese#ZH-Tenor-1#Pharyngeal#逆光#Control_Group#0003,D:\-MindEcho-main\ml_dl_models\gtsinger_multitech\dataset\raw\Chinese\ZH-Tenor-1\Pharyngeal\逆光\Control_Group\0003.wav,Chinese/ZH-Tenor-1/Pharyngeal/逆光/Control_Group/0003.wav,Chinese,ZH-Tenor-1,逆光,Control_Group,1,0,0,1,1,0,1,clear_mix,100110,positive_mix,0.674794,cpu
Chinese#ZH-Tenor-1#Pharyngeal#雨爱#Control_Group#0000,D:\-MindEcho-main\ml_dl_models\gtsinger_multitech\dataset\raw\Chinese\ZH-Tenor-1\Pharyngeal\雨爱\Control_Group\0000.wav,Chinese/ZH-Tenor-1/Pharyngeal/雨爱/Control_Group/0000.wav,Chinese,ZH-Tenor-1,雨爱,Control_Group,1,0,0,0,1,0,1,clear_mix,100010,positive_mix,0.906444,cpu
Chinese#ZH-Tenor-1#Pharyngeal#雨爱#Control_Group#0003,D:\-MindEcho-main\ml_dl_models\gtsinger_multitech\dataset\raw\Chinese\ZH-Tenor-1\Pharyngeal\雨爱\Control_Group\0003.wav,Chinese/ZH-Tenor-1/Pharyngeal/雨爱/Control_Group/0003.wav,Chinese,ZH-Tenor-1,雨爱,Control_Group,1,1,0,0,1,0,1,head_mix,110010,positive_mix,0.579211,cpu
Chinese#ZH-Tenor-1#Pharyngeal#雨爱#Control_Group#0005,D:\-MindEcho-main\ml_dl_models\gtsinger_multitech\dataset\raw\Chinese\ZH-Tenor-1\Pharyngeal\雨爱\Control_Group\0005.wav,Chinese/ZH-Tenor-1/Pharyngeal/雨爱/Control_Group/0005.wav,Chinese,ZH-Tenor-1,雨爱,Control_Group,1,1,0,0,1,0,1,head_mix,110010,positive_mix,0.586803,cpu
Chinese#ZH-Tenor-1#Pharyngeal#雨爱#Control_Group#0009,D:\-MindEcho-main\ml_dl_models\gtsinger_multitech\dataset\raw\Chinese\ZH-Tenor-1\Pharyngeal\雨爱\Control_Group\0009.wav,Chinese/ZH-Tenor-1/Pharyngeal/雨爱/Control_Group/0009.wav,Chinese,ZH-Tenor-1,雨爱,Control_Group,1,1,0,0,1,0,1,head_mix,110010,positive_mix,0.477853,cpu
Chinese#ZH-Tenor-1#Pharyngeal#雨爱#Control_Group#0010,D:\-MindEcho-main\ml_dl_models\gtsinger_multitech\dataset\raw\Chinese\ZH-Tenor-1\Pharyngeal\雨爱\Control_Group\0010.wav,Chinese/ZH-Tenor-1/Pharyngeal/雨爱/Control_Group/0010.wav,Chinese,ZH-Tenor-1,雨爱,Control_Group,1,1,0,0,1,0,1,head_mix,110010,positive_mix,0.585802,cpu
Chinese#ZH-Tenor-1#Pharyngeal#雨爱#Control_Group#0013,D:\-MindEcho-main\ml_dl_models\gtsinger_multitech\dataset\raw\Chinese\ZH-Tenor-1\Pharyngeal\雨爱\Control_Group\0013.wav,Chinese/ZH-Tenor-1/Pharyngeal/雨爱/Control_Group/0013.wav,Chinese,ZH-Tenor-1,雨爱,Control_Group,1,1,0,0,1,0,1,head_mix,110010,positive_mix,0.679409,cpu
Chinese#ZH-Tenor-1#Pharyngeal#雨爱#Control_Group#0014,D:\-MindEcho-main\ml_dl_models\gtsinger_multitech\dataset\raw\Chinese\ZH-Tenor-1\Pharyngeal\雨爱\Control_Group\0014.wav,Chinese/ZH-Tenor-1/Pharyngeal/雨爱/Control_Group/0014.wav,Chinese,ZH-Tenor-1,雨爱,Control_Group,1,1,0,0,1,0,1,head_mix,110010,positive_mix,0.716778,cpu
Chinese#ZH-Tenor-1#Pharyngeal#雨爱#Control_Group#0015,D:\-MindEcho-main\ml_dl_models\gtsinger_multitech\dataset\raw\Chinese\ZH-Tenor-1\Pharyngeal\雨爱\Control_Group\0015.wav,Chinese/ZH-Tenor-1/Pharyngeal/雨爱/Control_Group/0015.wav,Chinese,ZH-Tenor-1,雨爱,Control_Group,1,1,0,0,1,0,1,head_mix,110010,positive_mix,0.571773,cpu
Chinese#ZH-Tenor-1#Pharyngeal#雨爱#Control_Group#0016,D:\-MindEcho-main\ml_dl_models\gtsinger_multitech\dataset\raw\Chinese\ZH-Tenor-1\Pharyngeal\雨爱\Control_Group\0016.wav,Chinese/ZH-Tenor-1/Pharyngeal/雨爱/Control_Group/0016.wav,Chinese,ZH-Tenor-1,雨爱,Control_Group,1,1,0,0,1,0,1,head_mix,110010,positive_mix,0.445048,cpu
Chinese#ZH-Tenor-1#Pharyngeal#雪落下的声音#Control_Group#0000,D:\-MindEcho-main\ml_dl_models\gtsinger_multitech\dataset\raw\Chinese\ZH-Tenor-1\Pharyngeal\雪落下的声音\Control_Group\0000.wav,Chinese/ZH-Tenor-1/Pharyngeal/雪落下的声音/Control_Group/0000.wav,Chinese,ZH-Tenor-1,雪落下的声音,Control_Group,1,0,0,0,1,0,1,clear_mix,100010,positive_mix,0.648168,cpu
Chinese#ZH-Tenor-1#Pharyngeal#雪落下的声音#Control_Group#0001,D:\-MindEcho-main\ml_dl_models\gtsinger_multitech\dataset\raw\Chinese\ZH-Tenor-1\Pharyngeal\雪落下的声音\Control_Group\0001.wav,Chinese/ZH-Tenor-1/Pharyngeal/雪落下的声音/Control_Group/0001.wav,Chinese,ZH-Tenor-1,雪落下的声音,Control_Group,1,0,0,0,0,0,1,clear_mix,100000,positive_mix,0.821225,cpu
Chinese#ZH-Tenor-1#Pharyngeal#雪落下的声音#Control_Group#0003,D:\-MindEcho-main\ml_dl_models\gtsinger_multitech\dataset\raw\Chinese\ZH-Tenor-1\Pharyngeal\雪落下的声音\Control_Group\0003.wav,Chinese/ZH-Tenor-1/Pharyngeal/雪落下的声音/Control_Group/0003.wav,Chinese,ZH-Tenor-1,雪落下的声音,Control_Group,1,0,0,0,1,0,1,clear_mix,100010,positive_mix,0.525609,cpu
Chinese#ZH-Tenor-1#Pharyngeal#雪落下的声音#Control_Group#0004,D:\-MindEcho-main\ml_dl_models\gtsinger_multitech\dataset\raw\Chinese\ZH-Tenor-1\Pharyngeal\雪落下的声音\Control_Group\0004.wav,Chinese/ZH-Tenor-1/Pharyngeal/雪落下的声音/Control_Group/0004.wav,Chinese,ZH-Tenor-1,雪落下的声音,Control_Group,1,0,0,0,1,0,1,clear_mix,100010,positive_mix,0.796569,cpu
Chinese#ZH-Tenor-1#Pharyngeal#雪落下的声音#Control_Group#0005,D:\-MindEcho-main\ml_dl_models\gtsinger_multitech\dataset\raw\Chinese\ZH-Tenor-1\Pharyngeal\雪落下的声音\Control_Group\0005.wav,Chinese/ZH-Tenor-1/Pharyngeal/雪落下的声音/Control_Group/0005.wav,Chinese,ZH-Tenor-1,雪落下的声音,Control_Group,1,0,0,0,1,0,1,clear_mix,100010,positive_mix,0.723843,cpu
Chinese#ZH-Tenor-1#Pharyngeal#雪落下的声音#Control_Group#0007,D:\-MindEcho-main\ml_dl_models\gtsinger_multitech\dataset\raw\Chinese\ZH-Tenor-1\Pharyngeal\雪落下的声音\Control_Group\0007.wav,Chinese/ZH-Tenor-1/Pharyngeal/雪落下的声音/Control_Group/0007.wav,Chinese,ZH-Tenor-1,雪落下的声音,Control_Group,1,0,0,0,1,0,1,clear_mix,100010,positive_mix,0.475532,cpu
Chinese#ZH-Alto-1#Mixed_Voice_and_Falsetto#一次就好#Falsetto_Group#0001,D:\-MindEcho-main\ml_dl_models\gtsinger_multitech\dataset\raw\Chinese\ZH-Alto-1\Mixed_Voice_and_Falsetto\一次就好\Falsetto_Group\0001.wav,Chinese/ZH-Alto-1/Mixed_Voice_and_Falsetto/一次就好/Falsetto_Group/0001.wav,Chinese,ZH-Alto-1,一次就好,Falsetto_Group,1,1,0,0,1,0,1,head_mix,110010,positive_mix,0.389319,cpu
Chinese#ZH-Alto-1#Mixed_Voice_and_Falsetto#一次就好#Falsetto_Group#0003,D:\-MindEcho-main\ml_dl_models\gtsinger_multitech\dataset\raw\Chinese\ZH-Alto-1\Mixed_Voice_and_Falsetto\一次就好\Falsetto_Group\0003.wav,Chinese/ZH-Alto-1/Mixed_Voice_and_Falsetto/一次就好/Falsetto_Group/0003.wav,Chinese,ZH-Alto-1,一次就好,Falsetto_Group,1,1,0,0,1,0,1,head_mix,110010,positive_mix,0.182533,cpu
Chinese#ZH-Alto-1#Mixed_Voice_and_Falsetto#剑伤#Falsetto_Group#0000,D:\-MindEcho-main\ml_dl_models\gtsinger_multitech\dataset\raw\Chinese\ZH-Alto-1\Mixed_Voice_and_Falsetto\剑伤\Falsetto_Group\0000.wav,Chinese/ZH-Alto-1/Mixed_Voice_and_Falsetto/剑伤/Falsetto_Group/0000.wav,Chinese,ZH-Alto-1,剑伤,Falsetto_Group,1,1,0,0,1,0,1,head_mix,110010,positive_mix,0.323717,cpu
Chinese#ZH-Alto-1#Mixed_Voice_and_Falsetto#剑伤#Falsetto_Group#0002,D:\-MindEcho-main\ml_dl_models\gtsinger_multitech\dataset\raw\Chinese\ZH-Alto-1\Mixed_Voice_and_Falsetto\剑伤\Falsetto_Group\0002.wav,Chinese/ZH-Alto-1/Mixed_Voice_and_Falsetto/剑伤/Falsetto_Group/0002.wav,Chinese,ZH-Alto-1,剑伤,Falsetto_Group,1,1,0,0,1,0,1,head_mix,110010,positive_mix,0.297375,cpu
Chinese#ZH-Alto-1#Mixed_Voice_and_Falsetto#剑伤#Falsetto_Group#0004,D:\-MindEcho-main\ml_dl_models\gtsinger_multitech\dataset\raw\Chinese\ZH-Alto-1\Mixed_Voice_and_Falsetto\剑伤\Falsetto_Group\0004.wav,Chinese/ZH-Alto-1/Mixed_Voice_and_Falsetto/剑伤/Falsetto_Group/0004.wav,Chinese,ZH-Alto-1,剑伤,Falsetto_Group,1,1,0,0,1,0,1,head_mix,110010,positive_mix,0.178337,cpu
Chinese#ZH-Alto-1#Mixed_Voice_and_Falsetto#匆匆那年#Falsetto_Group#0001,D:\-MindEcho-main\ml_dl_models\gtsinger_multitech\dataset\raw\Chinese\ZH-Alto-1\Mixed_Voice_and_Falsetto\匆匆那年\Falsetto_Group\0001.wav,Chinese/ZH-Alto-1/Mixed_Voice_and_Falsetto/匆匆那年/Falsetto_Group/0001.wav,Chinese,ZH-Alto-1,匆匆那年,Falsetto_Group,1,1,0,0,1,0,1,head_mix,110010,positive_mix,0.318870,cpu
Chinese#ZH-Alto-1#Mixed_Voice_and_Falsetto#匆匆那年#Falsetto_Group#0005,D:\-MindEcho-main\ml_dl_models\gtsinger_multitech\dataset\raw\Chinese\ZH-Alto-1\Mixed_Voice_and_Falsetto\匆匆那年\Falsetto_Group\0005.wav,Chinese/ZH-Alto-1/Mixed_Voice_and_Falsetto/匆匆那年/Falsetto_Group/0005.wav,Chinese,ZH-Alto-1,匆匆那年,Falsetto_Group,1,1,0,1,1,0,1,head_mix,110110,positive_mix,0.472839,cpu
Chinese#ZH-Alto-1#Mixed_Voice_and_Falsetto#匆匆那年#Falsetto_Group#0008,D:\-MindEcho-main\ml_dl_models\gtsinger_multitech\dataset\raw\Chinese\ZH-Alto-1\Mixed_Voice_and_Falsetto\匆匆那年\Falsetto_Group\0008.wav,Chinese/ZH-Alto-1/Mixed_Voice_and_Falsetto/匆匆那年/Falsetto_Group/0008.wav,Chinese,ZH-Alto-1,匆匆那年,Falsetto_Group,1,1,0,0,1,0,1,head_mix,110010,positive_mix,0.140454,cpu
Chinese#ZH-Alto-1#Mixed_Voice_and_Falsetto#匆匆那年#Falsetto_Group#0010,D:\-MindEcho-main\ml_dl_models\gtsinger_multitech\dataset\raw\Chinese\ZH-Alto-1\Mixed_Voice_and_Falsetto\匆匆那年\Falsetto_Group\0010.wav,Chinese/ZH-Alto-1/Mixed_Voice_and_Falsetto/匆匆那年/Falsetto_Group/0010.wav,Chinese,ZH-Alto-1,匆匆那年,Falsetto_Group,1,1,1,0,0,0,1,breathy_mix,111000,positive_mix,0.134417,cpu
Chinese#ZH-Alto-1#Mixed_Voice_and_Falsetto#匆匆那年#Falsetto_Group#0015,D:\-MindEcho-main\ml_dl_models\gtsinger_multitech\dataset\raw\Chinese\ZH-Alto-1\Mixed_Voice_and_Falsetto\匆匆那年\Falsetto_Group\0015.wav,Chinese/ZH-Alto-1/Mixed_Voice_and_Falsetto/匆匆那年/Falsetto_Group/0015.wav,Chinese,ZH-Alto-1,匆匆那年,Falsetto_Group,1,1,0,1,1,0,1,head_mix,110110,positive_mix,0.427985,cpu
Chinese#ZH-Alto-1#Mixed_Voice_and_Falsetto#匆匆那年#Falsetto_Group#0019,D:\-MindEcho-main\ml_dl_models\gtsinger_multitech\dataset\raw\Chinese\ZH-Alto-1\Mixed_Voice_and_Falsetto\匆匆那年\Falsetto_Group\0019.wav,Chinese/ZH-Alto-1/Mixed_Voice_and_Falsetto/匆匆那年/Falsetto_Group/0019.wav,Chinese,ZH-Alto-1,匆匆那年,Falsetto_Group,1,0,0,1,1,0,1,clear_mix,100110,positive_mix,0.474562,cpu
Chinese#ZH-Alto-1#Mixed_Voice_and_Falsetto#化身孤岛的鲸#Falsetto_Group#0003,D:\-MindEcho-main\ml_dl_models\gtsinger_multitech\dataset\raw\Chinese\ZH-Alto-1\Mixed_Voice_and_Falsetto\化身孤岛的鲸\Falsetto_Group\0003.wav,Chinese/ZH-Alto-1/Mixed_Voice_and_Falsetto/化身孤岛的鲸/Falsetto_Group/0003.wav,Chinese,ZH-Alto-1,化身孤岛的鲸,Falsetto_Group,1,0,0,0,1,0,1,clear_mix,100010,positive_mix,0.553318,cpu
Chinese#ZH-Alto-1#Mixed_Voice_and_Falsetto#化身孤岛的鲸#Falsetto_Group#0007,D:\-MindEcho-main\ml_dl_models\gtsinger_multitech\dataset\raw\Chinese\ZH-Alto-1\Mixed_Voice_and_Falsetto\化身孤岛的鲸\Falsetto_Group\0007.wav,Chinese/ZH-Alto-1/Mixed_Voice_and_Falsetto/化身孤岛的鲸/Falsetto_Group/0007.wav,Chinese,ZH-Alto-1,化身孤岛的鲸,Falsetto_Group,1,1,0,0,1,0,1,head_mix,110010,positive_mix,0.171079,cpu
Chinese#ZH-Alto-1#Mixed_Voice_and_Falsetto#化身孤岛的鲸#Falsetto_Group#0014,D:\-MindEcho-main\ml_dl_models\gtsinger_multitech\dataset\raw\Chinese\ZH-Alto-1\Mixed_Voice_and_Falsetto\化身孤岛的鲸\Falsetto_Group\0014.wav,Chinese/ZH-Alto-1/Mixed_Voice_and_Falsetto/化身孤岛的鲸/Falsetto_Group/0014.wav,Chinese,ZH-Alto-1,化身孤岛的鲸,Falsetto_Group,1,0,0,0,1,0,1,clear_mix,100010,positive_mix,0.566715,cpu
Chinese#ZH-Alto-1#Mixed_Voice_and_Falsetto#可惜没如果#Falsetto_Group#0003,D:\-MindEcho-main\ml_dl_models\gtsinger_multitech\dataset\raw\Chinese\ZH-Alto-1\Mixed_Voice_and_Falsetto\可惜没如果\Falsetto_Group\0003.wav,Chinese/ZH-Alto-1/Mixed_Voice_and_Falsetto/可惜没如果/Falsetto_Group/0003.wav,Chinese,ZH-Alto-1,可惜没如果,Falsetto_Group,1,0,0,0,1,0,1,clear_mix,100010,positive_mix,0.464674,cpu
Chinese#ZH-Alto-1#Mixed_Voice_and_Falsetto#可惜没如果#Falsetto_Group#0012,D:\-MindEcho-main\ml_dl_models\gtsinger_multitech\dataset\raw\Chinese\ZH-Alto-1\Mixed_Voice_and_Falsetto\可惜没如果\Falsetto_Group\0012.wav,Chinese/ZH-Alto-1/Mixed_Voice_and_Falsetto/可惜没如果/Falsetto_Group/0012.wav,Chinese,ZH-Alto-1,可惜没如果,Falsetto_Group,1,1,0,0,1,0,1,head_mix,110010,positive_mix,0.553650,cpu
Chinese#ZH-Alto-1#Mixed_Voice_and_Falsetto#可惜没如果#Falsetto_Group#0013,D:\-MindEcho-main\ml_dl_models\gtsinger_multitech\dataset\raw\Chinese\ZH-Alto-1\Mixed_Voice_and_Falsetto\可惜没如果\Falsetto_Group\0013.wav,Chinese/ZH-Alto-1/Mixed_Voice_and_Falsetto/可惜没如果/Falsetto_Group/0013.wav,Chinese,ZH-Alto-1,可惜没如果,Falsetto_Group,1,0,0,0,1,0,1,clear_mix,100010,positive_mix,0.573053,cpu
Chinese#ZH-Alto-1#Mixed_Voice_and_Falsetto#可惜没如果#Falsetto_Group#0014,D:\-MindEcho-main\ml_dl_models\gtsinger_multitech\dataset\raw\Chinese\ZH-Alto-1\Mixed_Voice_and_Falsetto\可惜没如果\Falsetto_Group\0014.wav,Chinese/ZH-Alto-1/Mixed_Voice_and_Falsetto/可惜没如果/Falsetto_Group/0014.wav,Chinese,ZH-Alto-1,可惜没如果,Falsetto_Group,1,1,0,0,1,0,1,head_mix,110010,positive_mix,0.207279,cpu
Chinese#ZH-Alto-1#Mixed_Voice_and_Falsetto#可惜没如果#Falsetto_Group#0025,D:\-MindEcho-main\ml_dl_models\gtsinger_multitech\dataset\raw\Chinese\ZH-Alto-1\Mixed_Voice_and_Falsetto\可惜没如果\Falsetto_Group\0025.wav,Chinese/ZH-Alto-1/Mixed_Voice_and_Falsetto/可惜没如果/Falsetto_Group/0025.wav,Chinese,ZH-Alto-1,可惜没如果,Falsetto_Group,1,1,0,0,1,0,1,head_mix,110010,positive_mix,0.372519,cpu
Chinese#ZH-Alto-1#Mixed_Voice_and_Falsetto#可惜没如果#Falsetto_Group#0026,D:\-MindEcho-main\ml_dl_models\gtsinger_multitech\dataset\raw\Chinese\ZH-Alto-1\Mixed_Voice_and_Falsetto\可惜没如果\Falsetto_Group\0026.wav,Chinese/ZH-Alto-1/Mixed_Voice_and_Falsetto/可惜没如果/Falsetto_Group/0026.wav,Chinese,ZH-Alto-1,可惜没如果,Falsetto_Group,1,1,1,0,1,0,1,breathy_mix,111010,positive_mix,0.154874,cpu
Chinese#ZH-Alto-1#Mixed_Voice_and_Falsetto#可惜没如果#Falsetto_Group#0030,D:\-MindEcho-main\ml_dl_models\gtsinger_multitech\dataset\raw\Chinese\ZH-Alto-1\Mixed_Voice_and_Falsetto\可惜没如果\Falsetto_Group\0030.wav,Chinese/ZH-Alto-1/Mixed_Voice_and_Falsetto/可惜没如果/Falsetto_Group/0030.wav,Chinese,ZH-Alto-1,可惜没如果,Falsetto_Group,1,0,0,0,1,0,1,clear_mix,100010,positive_mix,0.446964,cpu
Chinese#ZH-Alto-1#Mixed_Voice_and_Falsetto#平凡之路#Falsetto_Group#0006,D:\-MindEcho-main\ml_dl_models\gtsinger_multitech\dataset\raw\Chinese\ZH-Alto-1\Mixed_Voice_and_Falsetto\平凡之路\Falsetto_Group\0006.wav,Chinese/ZH-Alto-1/Mixed_Voice_and_Falsetto/平凡之路/Falsetto_Group/0006.wav,Chinese,ZH-Alto-1,平凡之路,Falsetto_Group,1,1,0,0,1,0,1,head_mix,110010,positive_mix,0.252452,cpu
Chinese#ZH-Alto-1#Mixed_Voice_and_Falsetto#平凡的一天#Falsetto_Group#0004,D:\-MindEcho-main\ml_dl_models\gtsinger_multitech\dataset\raw\Chinese\ZH-Alto-1\Mixed_Voice_and_Falsetto\平凡的一天\Falsetto_Group\0004.wav,Chinese/ZH-Alto-1/Mixed_Voice_and_Falsetto/平凡的一天/Falsetto_Group/0004.wav,Chinese,ZH-Alto-1,平凡的一天,Falsetto_Group,1,1,0,0,1,0,1,head_mix,110010,positive_mix,0.210951,cpu
Chinese#ZH-Alto-1#Mixed_Voice_and_Falsetto#年轮#Falsetto_Group#0000,D:\-MindEcho-main\ml_dl_models\gtsinger_multitech\dataset\raw\Chinese\ZH-Alto-1\Mixed_Voice_and_Falsetto\年轮\Falsetto_Group\0000.wav,Chinese/ZH-Alto-1/Mixed_Voice_and_Falsetto/年轮/Falsetto_Group/0000.wav,Chinese,ZH-Alto-1,年轮,Falsetto_Group,1,1,0,0,1,0,1,head_mix,110010,positive_mix,0.080881,cpu
Chinese#ZH-Alto-1#Mixed_Voice_and_Falsetto#年轮#Falsetto_Group#0002,D:\-MindEcho-main\ml_dl_models\gtsinger_multitech\dataset\raw\Chinese\ZH-Alto-1\Mixed_Voice_and_Falsetto\年轮\Falsetto_Group\0002.wav,Chinese/ZH-Alto-1/Mixed_Voice_and_Falsetto/年轮/Falsetto_Group/0002.wav,Chinese,ZH-Alto-1,年轮,Falsetto_Group,1,1,0,1,1,0,1,head_mix,110110,positive_mix,0.225184,cpu
Chinese#ZH-Alto-1#Mixed_Voice_and_Falsetto#忽然之间#Falsetto_Group#0002,D:\-MindEcho-main\ml_dl_models\gtsinger_multitech\dataset\raw\Chinese\ZH-Alto-1\Mixed_Voice_and_Falsetto\忽然之间\Falsetto_Group\0002.wav,Chinese/ZH-Alto-1/Mixed_Voice_and_Falsetto/忽然之间/Falsetto_Group/0002.wav,Chinese,ZH-Alto-1,忽然之间,Falsetto_Group,1,1,0,0,1,0,1,head_mix,110010,positive_mix,0.415445,cpu
Chinese#ZH-Alto-1#Mixed_Voice_and_Falsetto#我的歌声里#Falsetto_Group#0002,D:\-MindEcho-main\ml_dl_models\gtsinger_multitech\dataset\raw\Chinese\ZH-Alto-1\Mixed_Voice_and_Falsetto\我的歌声里\Falsetto_Group\0002.wav,Chinese/ZH-Alto-1/Mixed_Voice_and_Falsetto/我的歌声里/Falsetto_Group/0002.wav,Chinese,ZH-Alto-1,我的歌声里,Falsetto_Group,1,0,0,0,1,0,1,clear_mix,100010,positive_mix,0.558370,cpu
Chinese#ZH-Alto-1#Mixed_Voice_and_Falsetto#我的歌声里#Falsetto_Group#0005,D:\-MindEcho-main\ml_dl_models\gtsinger_multitech\dataset\raw\Chinese\ZH-Alto-1\Mixed_Voice_and_Falsetto\我的歌声里\Falsetto_Group\0005.wav,Chinese/ZH-Alto-1/Mixed_Voice_and_Falsetto/我的歌声里/Falsetto_Group/0005.wav,Chinese,ZH-Alto-1,我的歌声里,Falsetto_Group,1,0,0,0,1,0,1,clear_mix,100010,positive_mix,0.457136,cpu
Chinese#ZH-Alto-1#Mixed_Voice_and_Falsetto#我的歌声里#Falsetto_Group#0009,D:\-MindEcho-main\ml_dl_models\gtsinger_multitech\dataset\raw\Chinese\ZH-Alto-1\Mixed_Voice_and_Falsetto\我的歌声里\Falsetto_Group\0009.wav,Chinese/ZH-Alto-1/Mixed_Voice_and_Falsetto/我的歌声里/Falsetto_Group/0009.wav,Chinese,ZH-Alto-1,我的歌声里,Falsetto_Group,1,1,0,0,1,0,1,head_mix,110010,positive_mix,0.745911,cpu
Chinese#ZH-Alto-1#Mixed_Voice_and_Falsetto#我的歌声里#Falsetto_Group#0013,D:\-MindEcho-main\ml_dl_models\gtsinger_multitech\dataset\raw\Chinese\ZH-Alto-1\Mixed_Voice_and_Falsetto\我的歌声里\Falsetto_Group\0013.wav,Chinese/ZH-Alto-1/Mixed_Voice_and_Falsetto/我的歌声里/Falsetto_Group/0013.wav,Chinese,ZH-Alto-1,我的歌声里,Falsetto_Group,1,1,0,0,1,0,1,head_mix,110010,positive_mix,0.500343,cpu
Chinese#ZH-Alto-1#Mixed_Voice_and_Falsetto#我的歌声里#Falsetto_Group#0017,D:\-MindEcho-main\ml_dl_models\gtsinger_multitech\dataset\raw\Chinese\ZH-Alto-1\Mixed_Voice_and_Falsetto\我的歌声里\Falsetto_Group\0017.wav,Chinese/ZH-Alto-1/Mixed_Voice_and_Falsetto/我的歌声里/Falsetto_Group/0017.wav,Chinese,ZH-Alto-1,我的歌声里,Falsetto_Group,1,0,0,0,1,0,1,clear_mix,100010,positive_mix,0.711277,cpu
Chinese#ZH-Alto-1#Mixed_Voice_and_Falsetto#桃花诺#Falsetto_Group#0007,D:\-MindEcho-main\ml_dl_models\gtsinger_multitech\dataset\raw\Chinese\ZH-Alto-1\Mixed_Voice_and_Falsetto\桃花诺\Falsetto_Group\0007.wav,Chinese/ZH-Alto-1/Mixed_Voice_and_Falsetto/桃花诺/Falsetto_Group/0007.wav,Chinese,ZH-Alto-1,桃花诺,Falsetto_Group,1,0,0,0,1,0,1,clear_mix,100010,positive_mix,0.428134,cpu
Chinese#ZH-Alto-1#Mixed_Voice_and_Falsetto#演员#Falsetto_Group#0006,D:\-MindEcho-main\ml_dl_models\gtsinger_multitech\dataset\raw\Chinese\ZH-Alto-1\Mixed_Voice_and_Falsetto\演员\Falsetto_Group\0006.wav,Chinese/ZH-Alto-1/Mixed_Voice_and_Falsetto/演员/Falsetto_Group/0006.wav,Chinese,ZH-Alto-1,演员,Falsetto_Group,1,1,0,0,1,0,1,head_mix,110010,positive_mix,0.215404,cpu
Chinese#ZH-Alto-1#Mixed_Voice_and_Falsetto#演员#Falsetto_Group#0007,D:\-MindEcho-main\ml_dl_models\gtsinger_multitech\dataset\raw\Chinese\ZH-Alto-1\Mixed_Voice_and_Falsetto\演员\Falsetto_Group\0007.wav,Chinese/ZH-Alto-1/Mixed_Voice_and_Falsetto/演员/Falsetto_Group/0007.wav,Chinese,ZH-Alto-1,演员,Falsetto_Group,1,1,0,0,1,0,1,head_mix,110010,positive_mix,0.288920,cpu
Chinese#ZH-Alto-1#Mixed_Voice_and_Falsetto#演员#Falsetto_Group#0008,D:\-MindEcho-main\ml_dl_models\gtsinger_multitech\dataset\raw\Chinese\ZH-Alto-1\Mixed_Voice_and_Falsetto\演员\Falsetto_Group\0008.wav,Chinese/ZH-Alto-1/Mixed_Voice_and_Falsetto/演员/Falsetto_Group/0008.wav,Chinese,ZH-Alto-1,演员,Falsetto_Group,1,1,0,0,1,0,1,head_mix,110010,positive_mix,0.418012,cpu
Chinese#ZH-Alto-1#Mixed_Voice_and_Falsetto#演员#Falsetto_Group#0019,D:\-MindEcho-main\ml_dl_models\gtsinger_multitech\dataset\raw\Chinese\ZH-Alto-1\Mixed_Voice_and_Falsetto\演员\Falsetto_Group\0019.wav,Chinese/ZH-Alto-1/Mixed_Voice_and_Falsetto/演员/Falsetto_Group/0019.wav,Chinese,ZH-Alto-1,演员,Falsetto_Group,1,1,0,0,1,0,1,head_mix,110010,positive_mix,0.217128,cpu
Chinese#ZH-Alto-1#Mixed_Voice_and_Falsetto#演员#Falsetto_Group#0020,D:\-MindEcho-main\ml_dl_models\gtsinger_multitech\dataset\raw\Chinese\ZH-Alto-1\Mixed_Voice_and_Falsetto\演员\Falsetto_Group\0020.wav,Chinese/ZH-Alto-1/Mixed_Voice_and_Falsetto/演员/Falsetto_Group/0020.wav,Chinese,ZH-Alto-1,演员,Falsetto_Group,1,1,0,0,1,0,1,head_mix,110010,positive_mix,0.273131,cpu
Chinese#ZH-Alto-1#Mixed_Voice_and_Falsetto#演员#Falsetto_Group#0021,D:\-MindEcho-main\ml_dl_models\gtsinger_multitech\dataset\raw\Chinese\ZH-Alto-1\Mixed_Voice_and_Falsetto\演员\Falsetto_Group\0021.wav,Chinese/ZH-Alto-1/Mixed_Voice_and_Falsetto/演员/Falsetto_Group/0021.wav,Chinese,ZH-Alto-1,演员,Falsetto_Group,1,1,0,0,1,0,1,head_mix,110010,positive_mix,0.278882,cpu
Chinese#ZH-Alto-1#Mixed_Voice_and_Falsetto#演员#Falsetto_Group#0022,D:\-MindEcho-main\ml_dl_models\gtsinger_multitech\dataset\raw\Chinese\ZH-Alto-1\Mixed_Voice_and_Falsetto\演员\Falsetto_Group\0022.wav,Chinese/ZH-Alto-1/Mixed_Voice_and_Falsetto/演员/Falsetto_Group/0022.wav,Chinese,ZH-Alto-1,演员,Falsetto_Group,1,1,0,0,1,0,1,head_mix,110010,positive_mix,0.313384,cpu
Chinese#ZH-Alto-1#Mixed_Voice_and_Falsetto#烟花易冷#Falsetto_Group#0001,D:\-MindEcho-main\ml_dl_models\gtsinger_multitech\dataset\raw\Chinese\ZH-Alto-1\Mixed_Voice_and_Falsetto\烟花易冷\Falsetto_Group\0001.wav,Chinese/ZH-Alto-1/Mixed_Voice_and_Falsetto/烟花易冷/Falsetto_Group/0001.wav,Chinese,ZH-Alto-1,烟花易冷,Falsetto_Group,1,0,0,0,1,0,1,clear_mix,100010,positive_mix,0.500052,cpu
Chinese#ZH-Alto-1#Mixed_Voice_and_Falsetto#烟花易冷#Falsetto_Group#0007,D:\-MindEcho-main\ml_dl_models\gtsinger_multitech\dataset\raw\Chinese\ZH-Alto-1\Mixed_Voice_and_Falsetto\烟花易冷\Falsetto_Group\0007.wav,Chinese/ZH-Alto-1/Mixed_Voice_and_Falsetto/烟花易冷/Falsetto_Group/0007.wav,Chinese,ZH-Alto-1,烟花易冷,Falsetto_Group,1,0,0,0,1,0,1,clear_mix,100010,positive_mix,0.597812,cpu
Chinese#ZH-Alto-1#Mixed_Voice_and_Falsetto#烟花易冷#Falsetto_Group#0017,D:\-MindEcho-main\ml_dl_models\gtsinger_multitech\dataset\raw\Chinese\ZH-Alto-1\Mixed_Voice_and_Falsetto\烟花易冷\Falsetto_Group\0017.wav,Chinese/ZH-Alto-1/Mixed_Voice_and_Falsetto/烟花易冷/Falsetto_Group/0017.wav,Chinese,ZH-Alto-1,烟花易冷,Falsetto_Group,1,1,0,0,1,0,1,head_mix,110010,positive_mix,0.381398,cpu
Chinese#ZH-Alto-1#Mixed_Voice_and_Falsetto#烟花易冷#Falsetto_Group#0021,D:\-MindEcho-main\ml_dl_models\gtsinger_multitech\dataset\raw\Chinese\ZH-Alto-1\Mixed_Voice_and_Falsetto\烟花易冷\Falsetto_Group\0021.wav,Chinese/ZH-Alto-1/Mixed_Voice_and_Falsetto/烟花易冷/Falsetto_Group/0021.wav,Chinese,ZH-Alto-1,烟花易冷,Falsetto_Group,1,1,0,0,1,0,1,head_mix,110010,positive_mix,0.352176,cpu
Chinese#ZH-Alto-1#Mixed_Voice_and_Falsetto#烟花易冷#Falsetto_Group#0023,D:\-MindEcho-main\ml_dl_models\gtsinger_multitech\dataset\raw\Chinese\ZH-Alto-1\Mixed_Voice_and_Falsetto\烟花易冷\Falsetto_Group\0023.wav,Chinese/ZH-Alto-1/Mixed_Voice_and_Falsetto/烟花易冷/Falsetto_Group/0023.wav,Chinese,ZH-Alto-1,烟花易冷,Falsetto_Group,1,0,0,0,1,0,1,clear_mix,100010,positive_mix,0.639026,cpu
Chinese#ZH-Alto-1#Mixed_Voice_and_Falsetto#白月光与朱砂痣#Falsetto_Group#0001,D:\-MindEcho-main\ml_dl_models\gtsinger_multitech\dataset\raw\Chinese\ZH-Alto-1\Mixed_Voice_and_Falsetto\白月光与朱砂痣\Falsetto_Group\0001.wav,Chinese/ZH-Alto-1/Mixed_Voice_and_Falsetto/白月光与朱砂痣/Falsetto_Group/0001.wav,Chinese,ZH-Alto-1,白月光与朱砂痣,Falsetto_Group,1,1,0,0,1,0,1,head_mix,110010,positive_mix,0.364903,cpu
Chinese#ZH-Alto-1#Mixed_Voice_and_Falsetto#白月光与朱砂痣#Falsetto_Group#0004,D:\-MindEcho-main\ml_dl_models\gtsinger_multitech\dataset\raw\Chinese\ZH-Alto-1\Mixed_Voice_and_Falsetto\白月光与朱砂痣\Falsetto_Group\0004.wav,Chinese/ZH-Alto-1/Mixed_Voice_and_Falsetto/白月光与朱砂痣/Falsetto_Group/0004.wav,Chinese,ZH-Alto-1,白月光与朱砂痣,Falsetto_Group,1,1,0,0,1,0,1,head_mix,110010,positive_mix,0.231310,cpu
Chinese#ZH-Alto-1#Mixed_Voice_and_Falsetto#白月光与朱砂痣#Falsetto_Group#0008,D:\-MindEcho-main\ml_dl_models\gtsinger_multitech\dataset\raw\Chinese\ZH-Alto-1\Mixed_Voice_and_Falsetto\白月光与朱砂痣\Falsetto_Group\0008.wav,Chinese/ZH-Alto-1/Mixed_Voice_and_Falsetto/白月光与朱砂痣/Falsetto_Group/0008.wav,Chinese,ZH-Alto-1,白月光与朱砂痣,Falsetto_Group,1,1,0,0,1,0,1,head_mix,110010,positive_mix,0.662758,cpu
Chinese#ZH-Alto-1#Mixed_Voice_and_Falsetto#知足#Falsetto_Group#0000,D:\-MindEcho-main\ml_dl_models\gtsinger_multitech\dataset\raw\Chinese\ZH-Alto-1\Mixed_Voice_and_Falsetto\知足\Falsetto_Group\0000.wav,Chinese/ZH-Alto-1/Mixed_Voice_and_Falsetto/知足/Falsetto_Group/0000.wav,Chinese,ZH-Alto-1,知足,Falsetto_Group,1,1,0,0,1,0,1,head_mix,110010,positive_mix,0.195374,cpu
Chinese#ZH-Alto-1#Mixed_Voice_and_Falsetto#知足#Falsetto_Group#0001,D:\-MindEcho-main\ml_dl_models\gtsinger_multitech\dataset\raw\Chinese\ZH-Alto-1\Mixed_Voice_and_Falsetto\知足\Falsetto_Group\0001.wav,Chinese/ZH-Alto-1/Mixed_Voice_and_Falsetto/知足/Falsetto_Group/0001.wav,Chinese,ZH-Alto-1,知足,Falsetto_Group,1,1,0,0,1,0,1,head_mix,110010,positive_mix,0.270164,cpu
Chinese#ZH-Alto-1#Mixed_Voice_and_Falsetto#知足#Falsetto_Group#0002,D:\-MindEcho-main\ml_dl_models\gtsinger_multitech\dataset\raw\Chinese\ZH-Alto-1\Mixed_Voice_and_Falsetto\知足\Falsetto_Group\0002.wav,Chinese/ZH-Alto-1/Mixed_Voice_and_Falsetto/知足/Falsetto_Group/0002.wav,Chinese,ZH-Alto-1,知足,Falsetto_Group,1,1,0,0,1,0,1,head_mix,110010,positive_mix,0.181448,cpu
Chinese#ZH-Alto-1#Mixed_Voice_and_Falsetto#知足#Falsetto_Group#0003,D:\-MindEcho-main\ml_dl_models\gtsinger_multitech\dataset\raw\Chinese\ZH-Alto-1\Mixed_Voice_and_Falsetto\知足\Falsetto_Group\0003.wav,Chinese/ZH-Alto-1/Mixed_Voice_and_Falsetto/知足/Falsetto_Group/0003.wav,Chinese,ZH-Alto-1,知足,Falsetto_Group,1,1,0,0,1,0,1,head_mix,110010,positive_mix,0.184110,cpu
Chinese#ZH-Alto-1#Mixed_Voice_and_Falsetto#知足#Falsetto_Group#0004,D:\-MindEcho-main\ml_dl_models\gtsinger_multitech\dataset\raw\Chinese\ZH-Alto-1\Mixed_Voice_and_Falsetto\知足\Falsetto_Group\0004.wav,Chinese/ZH-Alto-1/Mixed_Voice_and_Falsetto/知足/Falsetto_Group/0004.wav,Chinese,ZH-Alto-1,知足,Falsetto_Group,1,1,0,0,1,0,1,head_mix,110010,positive_mix,0.242554,cpu
Chinese#ZH-Alto-1#Mixed_Voice_and_Falsetto#知足#Falsetto_Group#0005,D:\-MindEcho-main\ml_dl_models\gtsinger_multitech\dataset\raw\Chinese\ZH-Alto-1\Mixed_Voice_and_Falsetto\知足\Falsetto_Group\0005.wav,Chinese/ZH-Alto-1/Mixed_Voice_and_Falsetto/知足/Falsetto_Group/0005.wav,Chinese,ZH-Alto-1,知足,Falsetto_Group,1,1,0,0,1,0,1,head_mix,110010,positive_mix,0.215948,cpu
Chinese#ZH-Alto-1#Mixed_Voice_and_Falsetto#知足#Falsetto_Group#0006,D:\-MindEcho-main\ml_dl_models\gtsinger_multitech\dataset\raw\Chinese\ZH-Alto-1\Mixed_Voice_and_Falsetto\知足\Falsetto_Group\0006.wav,Chinese/ZH-Alto-1/Mixed_Voice_and_Falsetto/知足/Falsetto_Group/0006.wav,Chinese,ZH-Alto-1,知足,Falsetto_Group,1,1,0,0,1,0,1,head_mix,110010,positive_mix,0.278761,cpu
Chinese#ZH-Alto-1#Mixed_Voice_and_Falsetto#知足#Falsetto_Group#0007,D:\-MindEcho-main\ml_dl_models\gtsinger_multitech\dataset\raw\Chinese\ZH-Alto-1\Mixed_Voice_and_Falsetto\知足\Falsetto_Group\0007.wav,Chinese/ZH-Alto-1/Mixed_Voice_and_Falsetto/知足/Falsetto_Group/0007.wav,Chinese,ZH-Alto-1,知足,Falsetto_Group,1,1,0,0,1,0,1,head_mix,110010,positive_mix,0.319422,cpu
Chinese#ZH-Alto-1#Mixed_Voice_and_Falsetto#知足#Falsetto_Group#0011,D:\-MindEcho-main\ml_dl_models\gtsinger_multitech\dataset\raw\Chinese\ZH-Alto-1\Mixed_Voice_and_Falsetto\知足\Falsetto_Group\0011.wav,Chinese/ZH-Alto-1/Mixed_Voice_and_Falsetto/知足/Falsetto_Group/0011.wav,Chinese,ZH-Alto-1,知足,Falsetto_Group,1,1,0,0,1,0,1,head_mix,110010,positive_mix,0.154171,cpu
Chinese#ZH-Alto-1#Mixed_Voice_and_Falsetto#知足#Falsetto_Group#0012,D:\-MindEcho-main\ml_dl_models\gtsinger_multitech\dataset\raw\Chinese\ZH-Alto-1\Mixed_Voice_and_Falsetto\知足\Falsetto_Group\0012.wav,Chinese/ZH-Alto-1/Mixed_Voice_and_Falsetto/知足/Falsetto_Group/0012.wav,Chinese,ZH-Alto-1,知足,Falsetto_Group,1,1,0,0,1,0,1,head_mix,110010,positive_mix,0.159819,cpu
Chinese#ZH-Alto-1#Mixed_Voice_and_Falsetto#知足#Falsetto_Group#0013,D:\-MindEcho-main\ml_dl_models\gtsinger_multitech\dataset\raw\Chinese\ZH-Alto-1\Mixed_Voice_and_Falsetto\知足\Falsetto_Group\0013.wav,Chinese/ZH-Alto-1/Mixed_Voice_and_Falsetto/知足/Falsetto_Group/0013.wav,Chinese,ZH-Alto-1,知足,Falsetto_Group,1,1,0,0,1,0,1,head_mix,110010,positive_mix,0.163938,cpu
Chinese#ZH-Alto-1#Mixed_Voice_and_Falsetto#知足#Falsetto_Group#0014,D:\-MindEcho-main\ml_dl_models\gtsinger_multitech\dataset\raw\Chinese\ZH-Alto-1\Mixed_Voice_and_Falsetto\知足\Falsetto_Group\0014.wav,Chinese/ZH-Alto-1/Mixed_Voice_and_Falsetto/知足/Falsetto_Group/0014.wav,Chinese,ZH-Alto-1,知足,Falsetto_Group,1,1,0,0,1,0,1,head_mix,110010,positive_mix,0.186144,cpu
Chinese#ZH-Alto-1#Mixed_Voice_and_Falsetto#红玫瑰#Falsetto_Group#0015,D:\-MindEcho-main\ml_dl_models\gtsinger_multitech\dataset\raw\Chinese\ZH-Alto-1\Mixed_Voice_and_Falsetto\红玫瑰\Falsetto_Group\0015.wav,Chinese/ZH-Alto-1/Mixed_Voice_and_Falsetto/红玫瑰/Falsetto_Group/0015.wav,Chinese,ZH-Alto-1,红玫瑰,Falsetto_Group,1,1,0,0,1,0,1,head_mix,110010,positive_mix,0.444294,cpu
Chinese#ZH-Alto-1#Mixed_Voice_and_Falsetto#给电影人的情书#Falsetto_Group#0000,D:\-MindEcho-main\ml_dl_models\gtsinger_multitech\dataset\raw\Chinese\ZH-Alto-1\Mixed_Voice_and_Falsetto\给电影人的情书\Falsetto_Group\0000.wav,Chinese/ZH-Alto-1/Mixed_Voice_and_Falsetto/给电影人的情书/Falsetto_Group/0000.wav,Chinese,ZH-Alto-1,给电影人的情书,Falsetto_Group,1,1,0,0,1,0,1,head_mix,110010,positive_mix,0.203164,cpu
Chinese#ZH-Alto-1#Mixed_Voice_and_Falsetto#给电影人的情书#Falsetto_Group#0001,D:\-MindEcho-main\ml_dl_models\gtsinger_multitech\dataset\raw\Chinese\ZH-Alto-1\Mixed_Voice_and_Falsetto\给电影人的情书\Falsetto_Group\0001.wav,Chinese/ZH-Alto-1/Mixed_Voice_and_Falsetto/给电影人的情书/Falsetto_Group/0001.wav,Chinese,ZH-Alto-1,给电影人的情书,Falsetto_Group,1,1,0,0,1,0,1,head_mix,110010,positive_mix,0.400385,cpu
Chinese#ZH-Alto-1#Mixed_Voice_and_Falsetto#给电影人的情书#Falsetto_Group#0002,D:\-MindEcho-main\ml_dl_models\gtsinger_multitech\dataset\raw\Chinese\ZH-Alto-1\Mixed_Voice_and_Falsetto\给电影人的情书\Falsetto_Group\0002.wav,Chinese/ZH-Alto-1/Mixed_Voice_and_Falsetto/给电影人的情书/Falsetto_Group/0002.wav,Chinese,ZH-Alto-1,给电影人的情书,Falsetto_Group,1,1,0,0,1,0,1,head_mix,110010,positive_mix,0.326704,cpu
Chinese#ZH-Alto-1#Mixed_Voice_and_Falsetto#贝加尔湖畔#Falsetto_Group#0000,D:\-MindEcho-main\ml_dl_models\gtsinger_multitech\dataset\raw\Chinese\ZH-Alto-1\Mixed_Voice_and_Falsetto\贝加尔湖畔\Falsetto_Group\0000.wav,Chinese/ZH-Alto-1/Mixed_Voice_and_Falsetto/贝加尔湖畔/Falsetto_Group/0000.wav,Chinese,ZH-Alto-1,贝加尔湖畔,Falsetto_Group,1,1,0,0,1,0,1,head_mix,110010,positive_mix,0.341357,cpu
Chinese#ZH-Alto-1#Mixed_Voice_and_Falsetto#贝加尔湖畔#Falsetto_Group#0001,D:\-MindEcho-main\ml_dl_models\gtsinger_multitech\dataset\raw\Chinese\ZH-Alto-1\Mixed_Voice_and_Falsetto\贝加尔湖畔\Falsetto_Group\0001.wav,Chinese/ZH-Alto-1/Mixed_Voice_and_Falsetto/贝加尔湖畔/Falsetto_Group/0001.wav,Chinese,ZH-Alto-1,贝加尔湖畔,Falsetto_Group,1,1,0,0,1,0,1,head_mix,110010,positive_mix,0.549651,cpu
Chinese#ZH-Alto-1#Mixed_Voice_and_Falsetto#贝加尔湖畔#Falsetto_Group#0003,D:\-MindEcho-main\ml_dl_models\gtsinger_multitech\dataset\raw\Chinese\ZH-Alto-1\Mixed_Voice_and_Falsetto\贝加尔湖畔\Falsetto_Group\0003.wav,Chinese/ZH-Alto-1/Mixed_Voice_and_Falsetto/贝加尔湖畔/Falsetto_Group/0003.wav,Chinese,ZH-Alto-1,贝加尔湖畔,Falsetto_Group,1,1,0,0,1,0,1,head_mix,110010,positive_mix,0.700975,cpu
Chinese#ZH-Alto-1#Mixed_Voice_and_Falsetto#贝加尔湖畔#Falsetto_Group#0004,D:\-MindEcho-main\ml_dl_models\gtsinger_multitech\dataset\raw\Chinese\ZH-Alto-1\Mixed_Voice_and_Falsetto\贝加尔湖畔\Falsetto_Group\0004.wav,Chinese/ZH-Alto-1/Mixed_Voice_and_Falsetto/贝加尔湖畔/Falsetto_Group/0004.wav,Chinese,ZH-Alto-1,贝加尔湖畔,Falsetto_Group,1,1,0,0,1,0,1,head_mix,110010,positive_mix,0.536134,cpu
Chinese#ZH-Alto-1#Mixed_Voice_and_Falsetto#贝加尔湖畔#Falsetto_Group#0005,D:\-MindEcho-main\ml_dl_models\gtsinger_multitech\dataset\raw\Chinese\ZH-Alto-1\Mixed_Voice_and_Falsetto\贝加尔湖畔\Falsetto_Group\0005.wav,Chinese/ZH-Alto-1/Mixed_Voice_and_Falsetto/贝加尔湖畔/Falsetto_Group/0005.wav,Chinese,ZH-Alto-1,贝加尔湖畔,Falsetto_Group,1,1,0,0,1,0,1,head_mix,110010,positive_mix,0.566158,cpu
Chinese#ZH-Alto-1#Mixed_Voice_and_Falsetto#贝加尔湖畔#Falsetto_Group#0006,D:\-MindEcho-main\ml_dl_models\gtsinger_multitech\dataset\raw\Chinese\ZH-Alto-1\Mixed_Voice_and_Falsetto\贝加尔湖畔\Falsetto_Group\0006.wav,Chinese/ZH-Alto-1/Mixed_Voice_and_Falsetto/贝加尔湖畔/Falsetto_Group/0006.wav,Chinese,ZH-Alto-1,贝加尔湖畔,Falsetto_Group,1,1,0,1,1,0,1,head_mix,110110,positive_mix,0.249317,cpu
Chinese#ZH-Alto-1#Mixed_Voice_and_Falsetto#贝加尔湖畔#Falsetto_Group#0008,D:\-MindEcho-main\ml_dl_models\gtsinger_multitech\dataset\raw\Chinese\ZH-Alto-1\Mixed_Voice_and_Falsetto\贝加尔湖畔\Falsetto_Group\0008.wav,Chinese/ZH-Alto-1/Mixed_Voice_and_Falsetto/贝加尔湖畔/Falsetto_Group/0008.wav,Chinese,ZH-Alto-1,贝加尔湖畔,Falsetto_Group,1,1,0,0,1,0,1,head_mix,110010,positive_mix,0.237761,cpu
Chinese#ZH-Alto-1#Mixed_Voice_and_Falsetto#贝加尔湖畔#Falsetto_Group#0010,D:\-MindEcho-main\ml_dl_models\gtsinger_multitech\dataset\raw\Chinese\ZH-Alto-1\Mixed_Voice_and_Falsetto\贝加尔湖畔\Falsetto_Group\0010.wav,Chinese/ZH-Alto-1/Mixed_Voice_and_Falsetto/贝加尔湖畔/Falsetto_Group/0010.wav,Chinese,ZH-Alto-1,贝加尔湖畔,Falsetto_Group,1,1,0,1,1,0,1,head_mix,110110,positive_mix,0.346046,cpu
Chinese#ZH-Alto-1#Mixed_Voice_and_Falsetto#逆光#Falsetto_Group#0000,D:\-MindEcho-main\ml_dl_models\gtsinger_multitech\dataset\raw\Chinese\ZH-Alto-1\Mixed_Voice_and_Falsetto\逆光\Falsetto_Group\0000.wav,Chinese/ZH-Alto-1/Mixed_Voice_and_Falsetto/逆光/Falsetto_Group/0000.wav,Chinese,ZH-Alto-1,逆光,Falsetto_Group,1,1,0,0,1,0,1,head_mix,110010,positive_mix,0.245337,cpu
Chinese#ZH-Alto-1#Mixed_Voice_and_Falsetto#逆光#Falsetto_Group#0002,D:\-MindEcho-main\ml_dl_models\gtsinger_multitech\dataset\raw\Chinese\ZH-Alto-1\Mixed_Voice_and_Falsetto\逆光\Falsetto_Group\0002.wav,Chinese/ZH-Alto-1/Mixed_Voice_and_Falsetto/逆光/Falsetto_Group/0002.wav,Chinese,ZH-Alto-1,逆光,Falsetto_Group,1,1,0,0,1,0,1,head_mix,110010,positive_mix,0.223855,cpu
Chinese#ZH-Alto-1#Mixed_Voice_and_Falsetto#鸽子#Falsetto_Group#0000,D:\-MindEcho-main\ml_dl_models\gtsinger_multitech\dataset\raw\Chinese\ZH-Alto-1\Mixed_Voice_and_Falsetto\鸽子\Falsetto_Group\0000.wav,Chinese/ZH-Alto-1/Mixed_Voice_and_Falsetto/鸽子/Falsetto_Group/0000.wav,Chinese,ZH-Alto-1,鸽子,Falsetto_Group,1,1,0,0,1,0,1,head_mix,110010,positive_mix,0.360459,cpu
Chinese#ZH-Alto-1#Mixed_Voice_and_Falsetto#鸽子#Falsetto_Group#0001,D:\-MindEcho-main\ml_dl_models\gtsinger_multitech\dataset\raw\Chinese\ZH-Alto-1\Mixed_Voice_and_Falsetto\鸽子\Falsetto_Group\0001.wav,Chinese/ZH-Alto-1/Mixed_Voice_and_Falsetto/鸽子/Falsetto_Group/0001.wav,Chinese,ZH-Alto-1,鸽子,Falsetto_Group,1,1,0,0,1,0,1,head_mix,110010,positive_mix,0.133168,cpu
Chinese#ZH-Alto-1#Mixed_Voice_and_Falsetto#鸽子#Falsetto_Group#0002,D:\-MindEcho-main\ml_dl_models\gtsinger_multitech\dataset\raw\Chinese\ZH-Alto-1\Mixed_Voice_and_Falsetto\鸽子\Falsetto_Group\0002.wav,Chinese/ZH-Alto-1/Mixed_Voice_and_Falsetto/鸽子/Falsetto_Group/0002.wav,Chinese,ZH-Alto-1,鸽子,Falsetto_Group,1,1,0,0,1,0,1,head_mix,110010,positive_mix,0.236464,cpu
Chinese#ZH-Alto-1#Mixed_Voice_and_Falsetto#鸽子#Falsetto_Group#0003,D:\-MindEcho-main\ml_dl_models\gtsinger_multitech\dataset\raw\Chinese\ZH-Alto-1\Mixed_Voice_and_Falsetto\鸽子\Falsetto_Group\0003.wav,Chinese/ZH-Alto-1/Mixed_Voice_and_Falsetto/鸽子/Falsetto_Group/0003.wav,Chinese,ZH-Alto-1,鸽子,Falsetto_Group,1,1,0,0,1,0,1,head_mix,110010,positive_mix,0.212343,cpu
Chinese#ZH-Tenor-1#Mixed_Voice_and_Falsetto#不能说的秘密#Falsetto_Group#0004,D:\-MindEcho-main\ml_dl_models\gtsinger_multitech\dataset\raw\Chinese\ZH-Tenor-1\Mixed_Voice_and_Falsetto\不能说的秘密\Falsetto_Group\0004.wav,Chinese/ZH-Tenor-1/Mixed_Voice_and_Falsetto/不能说的秘密/Falsetto_Group/0004.wav,Chinese,ZH-Tenor-1,不能说的秘密,Falsetto_Group,1,1,0,0,1,0,1,head_mix,110010,positive_mix,0.061769,cpu
Chinese#ZH-Tenor-1#Mixed_Voice_and_Falsetto#老男孩#Falsetto_Group#0018,D:\-MindEcho-main\ml_dl_models\gtsinger_multitech\dataset\raw\Chinese\ZH-Tenor-1\Mixed_Voice_and_Falsetto\老男孩\Falsetto_Group\0018.wav,Chinese/ZH-Tenor-1/Mixed_Voice_and_Falsetto/老男孩/Falsetto_Group/0018.wav,Chinese,ZH-Tenor-1,老男孩,Falsetto_Group,1,1,0,0,1,0,1,head_mix,110010,positive_mix,0.160865,cpu
Chinese#ZH-Tenor-1#Mixed_Voice_and_Falsetto#讲真的#Falsetto_Group#0004,D:\-MindEcho-main\ml_dl_models\gtsinger_multitech\dataset\raw\Chinese\ZH-Tenor-1\Mixed_Voice_and_Falsetto\讲真的\Falsetto_Group\0004.wav,Chinese/ZH-Tenor-1/Mixed_Voice_and_Falsetto/讲真的/Falsetto_Group/0004.wav,Chinese,ZH-Tenor-1,讲真的,Falsetto_Group,1,1,0,0,1,0,1,head_mix,110010,positive_mix,0.102204,cpu
Chinese#ZH-Tenor-1#Mixed_Voice_and_Falsetto#贝加尔湖畔#Falsetto_Group#0000,D:\-MindEcho-main\ml_dl_models\gtsinger_multitech\dataset\raw\Chinese\ZH-Tenor-1\Mixed_Voice_and_Falsetto\贝加尔湖畔\Falsetto_Group\0000.wav,Chinese/ZH-Tenor-1/Mixed_Voice_and_Falsetto/贝加尔湖畔/Falsetto_Group/0000.wav,Chinese,ZH-Tenor-1,贝加尔湖畔,Falsetto_Group,1,1,0,0,1,0,1,head_mix,110010,positive_mix,0.371065,cpu
Chinese#ZH-Tenor-1#Mixed_Voice_and_Falsetto#贝加尔湖畔#Falsetto_Group#0001,D:\-MindEcho-main\ml_dl_models\gtsinger_multitech\dataset\raw\Chinese\ZH-Tenor-1\Mixed_Voice_and_Falsetto\贝加尔湖畔\Falsetto_Group\0001.wav,Chinese/ZH-Tenor-1/Mixed_Voice_and_Falsetto/贝加尔湖畔/Falsetto_Group/0001.wav,Chinese,ZH-Tenor-1,贝加尔湖畔,Falsetto_Group,1,1,0,0,1,0,1,head_mix,110010,positive_mix,0.597674,cpu
Chinese#ZH-Tenor-1#Mixed_Voice_and_Falsetto#贝加尔湖畔#Falsetto_Group#0002,D:\-MindEcho-main\ml_dl_models\gtsinger_multitech\dataset\raw\Chinese\ZH-Tenor-1\Mixed_Voice_and_Falsetto\贝加尔湖畔\Falsetto_Group\0002.wav,Chinese/ZH-Tenor-1/Mixed_Voice_and_Falsetto/贝加尔湖畔/Falsetto_Group/0002.wav,Chinese,ZH-Tenor-1,贝加尔湖畔,Falsetto_Group,1,1,0,0,1,0,1,head_mix,110010,positive_mix,0.470158,cpu
Chinese#ZH-Tenor-1#Mixed_Voice_and_Falsetto#贝加尔湖畔#Falsetto_Group#0003,D:\-MindEcho-main\ml_dl_models\gtsinger_multitech\dataset\raw\Chinese\ZH-Tenor-1\Mixed_Voice_and_Falsetto\贝加尔湖畔\Falsetto_Group\0003.wav,Chinese/ZH-Tenor-1/Mixed_Voice_and_Falsetto/贝加尔湖畔/Falsetto_Group/0003.wav,Chinese,ZH-Tenor-1,贝加尔湖畔,Falsetto_Group,1,1,0,0,1,0,1,head_mix,110010,positive_mix,0.574237,cpu
Chinese#ZH-Tenor-1#Mixed_Voice_and_Falsetto#青花瓷#Falsetto_Group#0001,D:\-MindEcho-main\ml_dl_models\gtsinger_multitech\dataset\raw\Chinese\ZH-Tenor-1\Mixed_Voice_and_Falsetto\青花瓷\Falsetto_Group\0001.wav,Chinese/ZH-Tenor-1/Mixed_Voice_and_Falsetto/青花瓷/Falsetto_Group/0001.wav,Chinese,ZH-Tenor-1,青花瓷,Falsetto_Group,1,1,0,0,1,0,1,head_mix,110010,positive_mix,0.333006,cpu
Chinese#ZH-Tenor-1#Mixed_Voice_and_Falsetto#青花瓷#Falsetto_Group#0002,D:\-MindEcho-main\ml_dl_models\gtsinger_multitech\dataset\raw\Chinese\ZH-Tenor-1\Mixed_Voice_and_Falsetto\青花瓷\Falsetto_Group\0002.wav,Chinese/ZH-Tenor-1/Mixed_Voice_and_Falsetto/青花瓷/Falsetto_Group/0002.wav,Chinese,ZH-Tenor-1,青花瓷,Falsetto_Group,1,1,0,0,1,0,1,head_mix,110010,positive_mix,0.332567,cpu
Chinese#ZH-Tenor-1#Mixed_Voice_and_Falsetto#青花瓷#Falsetto_Group#0003,D:\-MindEcho-main\ml_dl_models\gtsinger_multitech\dataset\raw\Chinese\ZH-Tenor-1\Mixed_Voice_and_Falsetto\青花瓷\Falsetto_Group\0003.wav,Chinese/ZH-Tenor-1/Mixed_Voice_and_Falsetto/青花瓷/Falsetto_Group/0003.wav,Chinese,ZH-Tenor-1,青花瓷,Falsetto_Group,1,1,0,0,1,0,1,head_mix,110010,positive_mix,0.096661,cpu
Chinese#ZH-Tenor-1#Mixed_Voice_and_Falsetto#青花瓷#Falsetto_Group#0011,D:\-MindEcho-main\ml_dl_models\gtsinger_multitech\dataset\raw\Chinese\ZH-Tenor-1\Mixed_Voice_and_Falsetto\青花瓷\Falsetto_Group\0011.wav,Chinese/ZH-Tenor-1/Mixed_Voice_and_Falsetto/青花瓷/Falsetto_Group/0011.wav,Chinese,ZH-Tenor-1,青花瓷,Falsetto_Group,1,1,0,0,1,0,1,head_mix,110010,positive_mix,0.283851,cpu
Chinese#ZH-Alto-1#Glissando#彩虹#Glissando_Group#0010,D:\-MindEcho-main\ml_dl_models\gtsinger_multitech\dataset\raw\Chinese\ZH-Alto-1\Glissando\彩虹\Glissando_Group\0010.wav,Chinese/ZH-Alto-1/Glissando/彩虹/Glissando_Group/0010.wav,Chinese,ZH-Alto-1,彩虹,Glissando_Group,1,0,0,0,1,0,1,clear_mix,100010,positive_mix,0.482508,cpu
Chinese#ZH-Alto-1#Mixed_Voice_and_Falsetto#一次就好#Mixed_Voice_Group#0000,D:\-MindEcho-main\ml_dl_models\gtsinger_multitech\dataset\raw\Chinese\ZH-Alto-1\Mixed_Voice_and_Falsetto\一次就好\Mixed_Voice_Group\0000.wav,Chinese/ZH-Alto-1/Mixed_Voice_and_Falsetto/一次就好/Mixed_Voice_Group/0000.wav,Chinese,ZH-Alto-1,一次就好,Mixed_Voice_Group,1,0,0,0,1,0,1,clear_mix,100010,positive_mix,0.472828,cpu
Chinese#ZH-Alto-1#Mixed_Voice_and_Falsetto#一次就好#Mixed_Voice_Group#0001,D:\-MindEcho-main\ml_dl_models\gtsinger_multitech\dataset\raw\Chinese\ZH-Alto-1\Mixed_Voice_and_Falsetto\一次就好\Mixed_Voice_Group\0001.wav,Chinese/ZH-Alto-1/Mixed_Voice_and_Falsetto/一次就好/Mixed_Voice_Group/0001.wav,Chinese,ZH-Alto-1,一次就好,Mixed_Voice_Group,1,0,0,0,1,0,1,clear_mix,100010,positive_mix,0.755337,cpu
Chinese#ZH-Alto-1#Mixed_Voice_and_Falsetto#一次就好#Mixed_Voice_Group#0002,D:\-MindEcho-main\ml_dl_models\gtsinger_multitech\dataset\raw\Chinese\ZH-Alto-1\Mixed_Voice_and_Falsetto\一次就好\Mixed_Voice_Group\0002.wav,Chinese/ZH-Alto-1/Mixed_Voice_and_Falsetto/一次就好/Mixed_Voice_Group/0002.wav,Chinese,ZH-Alto-1,一次就好,Mixed_Voice_Group,1,0,0,0,1,0,1,clear_mix,100010,positive_mix,0.396503,cpu
Chinese#ZH-Alto-1#Mixed_Voice_and_Falsetto#一次就好#Mixed_Voice_Group#0003,D:\-MindEcho-main\ml_dl_models\gtsinger_multitech\dataset\raw\Chinese\ZH-Alto-1\Mixed_Voice_and_Falsetto\一次就好\Mixed_Voice_Group\0003.wav,Chinese/ZH-Alto-1/Mixed_Voice_and_Falsetto/一次就好/Mixed_Voice_Group/0003.wav,Chinese,ZH-Alto-1,一次就好,Mixed_Voice_Group,1,0,0,0,1,0,1,clear_mix,100010,positive_mix,0.435469,cpu
Chinese#ZH-Alto-1#Mixed_Voice_and_Falsetto#一次就好#Mixed_Voice_Group#0004,D:\-MindEcho-main\ml_dl_models\gtsinger_multitech\dataset\raw\Chinese\ZH-Alto-1\Mixed_Voice_and_Falsetto\一次就好\Mixed_Voice_Group\0004.wav,Chinese/ZH-Alto-1/Mixed_Voice_and_Falsetto/一次就好/Mixed_Voice_Group/0004.wav,Chinese,ZH-Alto-1,一次就好,Mixed_Voice_Group,1,0,0,0,1,0,1,clear_mix,100010,positive_mix,0.359466,cpu
Chinese#ZH-Alto-1#Mixed_Voice_and_Falsetto#一次就好#Mixed_Voice_Group#0007,D:\-MindEcho-main\ml_dl_models\gtsinger_multitech\dataset\raw\Chinese\ZH-Alto-1\Mixed_Voice_and_Falsetto\一次就好\Mixed_Voice_Group\0007.wav,Chinese/ZH-Alto-1/Mixed_Voice_and_Falsetto/一次就好/Mixed_Voice_Group/0007.wav,Chinese,ZH-Alto-1,一次就好,Mixed_Voice_Group,1,0,0,0,1,0,1,clear_mix,100010,positive_mix,0.459119,cpu
Chinese#ZH-Alto-1#Mixed_Voice_and_Falsetto#一次就好#Mixed_Voice_Group#0008,D:\-MindEcho-main\ml_dl_models\gtsinger_multitech\dataset\raw\Chinese\ZH-Alto-1\Mixed_Voice_and_Falsetto\一次就好\Mixed_Voice_Group\0008.wav,Chinese/ZH-Alto-1/Mixed_Voice_and_Falsetto/一次就好/Mixed_Voice_Group/0008.wav,Chinese,ZH-Alto-1,一次就好,Mixed_Voice_Group,1,0,0,0,1,0,1,clear_mix,100010,positive_mix,0.443786,cpu
Chinese#ZH-Alto-1#Mixed_Voice_and_Falsetto#三寸天堂#Mixed_Voice_Group#0000,D:\-MindEcho-main\ml_dl_models\gtsinger_multitech\dataset\raw\Chinese\ZH-Alto-1\Mixed_Voice_and_Falsetto\三寸天堂\Mixed_Voice_Group\0000.wav,Chinese/ZH-Alto-1/Mixed_Voice_and_Falsetto/三寸天堂/Mixed_Voice_Group/0000.wav,Chinese,ZH-Alto-1,三寸天堂,Mixed_Voice_Group,1,0,0,0,1,0,1,clear_mix,100010,positive_mix,0.902474,cpu
Chinese#ZH-Alto-1#Mixed_Voice_and_Falsetto#三寸天堂#Mixed_Voice_Group#0001,D:\-MindEcho-main\ml_dl_models\gtsinger_multitech\dataset\raw\Chinese\ZH-Alto-1\Mixed_Voice_and_Falsetto\三寸天堂\Mixed_Voice_Group\0001.wav,Chinese/ZH-Alto-1/Mixed_Voice_and_Falsetto/三寸天堂/Mixed_Voice_Group/0001.wav,Chinese,ZH-Alto-1,三寸天堂,Mixed_Voice_Group,1,0,0,0,1,0,1,clear_mix,100010,positive_mix,0.863247,cpu
Chinese#ZH-Alto-1#Mixed_Voice_and_Falsetto#三寸天堂#Mixed_Voice_Group#0002,D:\-MindEcho-main\ml_dl_models\gtsinger_multitech\dataset\raw\Chinese\ZH-Alto-1\Mixed_Voice_and_Falsetto\三寸天堂\Mixed_Voice_Group\0002.wav,Chinese/ZH-Alto-1/Mixed_Voice_and_Falsetto/三寸天堂/Mixed_Voice_Group/0002.wav,Chinese,ZH-Alto-1,三寸天堂,Mixed_Voice_Group,1,0,0,0,1,0,1,clear_mix,100010,positive_mix,0.828452,cpu
Chinese#ZH-Alto-1#Mixed_Voice_and_Falsetto#三寸天堂#Mixed_Voice_Group#0003,D:\-MindEcho-main\ml_dl_models\gtsinger_multitech\dataset\raw\Chinese\ZH-Alto-1\Mixed_Voice_and_Falsetto\三寸天堂\Mixed_Voice_Group\0003.wav,Chinese/ZH-Alto-1/Mixed_Voice_and_Falsetto/三寸天堂/Mixed_Voice_Group/0003.wav,Chinese,ZH-Alto-1,三寸天堂,Mixed_Voice_Group,1,0,0,0,1,0,1,clear_mix,100010,positive_mix,0.687561,cpu
Chinese#ZH-Alto-1#Mixed_Voice_and_Falsetto#三寸天堂#Mixed_Voice_Group#0004,D:\-MindEcho-main\ml_dl_models\gtsinger_multitech\dataset\raw\Chinese\ZH-Alto-1\Mixed_Voice_and_Falsetto\三寸天堂\Mixed_Voice_Group\0004.wav,Chinese/ZH-Alto-1/Mixed_Voice_and_Falsetto/三寸天堂/Mixed_Voice_Group/0004.wav,Chinese,ZH-Alto-1,三寸天堂,Mixed_Voice_Group,1,0,0,0,1,0,1,clear_mix,100010,positive_mix,0.888417,cpu
Chinese#ZH-Alto-1#Mixed_Voice_and_Falsetto#三寸天堂#Mixed_Voice_Group#0005,D:\-MindEcho-main\ml_dl_models\gtsinger_multitech\dataset\raw\Chinese\ZH-Alto-1\Mixed_Voice_and_Falsetto\三寸天堂\Mixed_Voice_Group\0005.wav,Chinese/ZH-Alto-1/Mixed_Voice_and_Falsetto/三寸天堂/Mixed_Voice_Group/0005.wav,Chinese,ZH-Alto-1,三寸天堂,Mixed_Voice_Group,1,0,0,0,1,0,1,clear_mix,100010,positive_mix,0.936424,cpu
Chinese#ZH-Alto-1#Mixed_Voice_and_Falsetto#三寸天堂#Mixed_Voice_Group#0006,D:\-MindEcho-main\ml_dl_models\gtsinger_multitech\dataset\raw\Chinese\ZH-Alto-1\Mixed_Voice_and_Falsetto\三寸天堂\Mixed_Voice_Group\0006.wav,Chinese/ZH-Alto-1/Mixed_Voice_and_Falsetto/三寸天堂/Mixed_Voice_Group/0006.wav,Chinese,ZH-Alto-1,三寸天堂,Mixed_Voice_Group,1,0,0,0,1,0,1,clear_mix,100010,positive_mix,0.781896,cpu
Chinese#ZH-Alto-1#Mixed_Voice_and_Falsetto#三寸天堂#Mixed_Voice_Group#0007,D:\-MindEcho-main\ml_dl_models\gtsinger_multitech\dataset\raw\Chinese\ZH-Alto-1\Mixed_Voice_and_Falsetto\三寸天堂\Mixed_Voice_Group\0007.wav,Chinese/ZH-Alto-1/Mixed_Voice_and_Falsetto/三寸天堂/Mixed_Voice_Group/0007.wav,Chinese,ZH-Alto-1,三寸天堂,Mixed_Voice_Group,1,0,0,0,1,0,1,clear_mix,100010,positive_mix,0.772248,cpu
Chinese#ZH-Alto-1#Mixed_Voice_and_Falsetto#三寸天堂#Mixed_Voice_Group#0009,D:\-MindEcho-main\ml_dl_models\gtsinger_multitech\dataset\raw\Chinese\ZH-Alto-1\Mixed_Voice_and_Falsetto\三寸天堂\Mixed_Voice_Group\0009.wav,Chinese/ZH-Alto-1/Mixed_Voice_and_Falsetto/三寸天堂/Mixed_Voice_Group/0009.wav,Chinese,ZH-Alto-1,三寸天堂,Mixed_Voice_Group,1,0,0,0,1,0,1,clear_mix,100010,positive_mix,0.643561,cpu
Chinese#ZH-Alto-1#Mixed_Voice_and_Falsetto#三寸天堂#Mixed_Voice_Group#0010,D:\-MindEcho-main\ml_dl_models\gtsinger_multitech\dataset\raw\Chinese\ZH-Alto-1\Mixed_Voice_and_Falsetto\三寸天堂\Mixed_Voice_Group\0010.wav,Chinese/ZH-Alto-1/Mixed_Voice_and_Falsetto/三寸天堂/Mixed_Voice_Group/0010.wav,Chinese,ZH-Alto-1,三寸天堂,Mixed_Voice_Group,1,0,0,0,1,0,1,clear_mix,100010,positive_mix,0.716112,cpu
Chinese#ZH-Alto-1#Mixed_Voice_and_Falsetto#三寸天堂#Mixed_Voice_Group#0011,D:\-MindEcho-main\ml_dl_models\gtsinger_multitech\dataset\raw\Chinese\ZH-Alto-1\Mixed_Voice_and_Falsetto\三寸天堂\Mixed_Voice_Group\0011.wav,Chinese/ZH-Alto-1/Mixed_Voice_and_Falsetto/三寸天堂/Mixed_Voice_Group/0011.wav,Chinese,ZH-Alto-1,三寸天堂,Mixed_Voice_Group,1,0,0,0,1,0,1,clear_mix,100010,positive_mix,0.658047,cpu
Chinese#ZH-Alto-1#Mixed_Voice_and_Falsetto#三寸天堂#Mixed_Voice_Group#0012,D:\-MindEcho-main\ml_dl_models\gtsinger_multitech\dataset\raw\Chinese\ZH-Alto-1\Mixed_Voice_and_Falsetto\三寸天堂\Mixed_Voice_Group\0012.wav,Chinese/ZH-Alto-1/Mixed_Voice_and_Falsetto/三寸天堂/Mixed_Voice_Group/0012.wav,Chinese,ZH-Alto-1,三寸天堂,Mixed_Voice_Group,1,0,0,0,1,0,1,clear_mix,100010,positive_mix,0.636022,cpu
Chinese#ZH-Alto-1#Mixed_Voice_and_Falsetto#亲爱的那不是爱情#Mixed_Voice_Group#0000,D:\-MindEcho-main\ml_dl_models\gtsinger_multitech\dataset\raw\Chinese\ZH-Alto-1\Mixed_Voice_and_Falsetto\亲爱的那不是爱情\Mixed_Voice_Group\0000.wav,Chinese/ZH-Alto-1/Mixed_Voice_and_Falsetto/亲爱的那不是爱情/Mixed_Voice_Group/0000.wav,Chinese,ZH-Alto-1,亲爱的那不是爱情,Mixed_Voice_Group,1,0,0,0,1,0,1,clear_mix,100010,positive_mix,0.464336,cpu
Chinese#ZH-Alto-1#Mixed_Voice_and_Falsetto#亲爱的那不是爱情#Mixed_Voice_Group#0001,D:\-MindEcho-main\ml_dl_models\gtsinger_multitech\dataset\raw\Chinese\ZH-Alto-1\Mixed_Voice_and_Falsetto\亲爱的那不是爱情\Mixed_Voice_Group\0001.wav,Chinese/ZH-Alto-1/Mixed_Voice_and_Falsetto/亲爱的那不是爱情/Mixed_Voice_Group/0001.wav,Chinese,ZH-Alto-1,亲爱的那不是爱情,Mixed_Voice_Group,1,0,0,0,1,0,1,clear_mix,100010,positive_mix,0.871257,cpu
Chinese#ZH-Alto-1#Mixed_Voice_and_Falsetto#亲爱的那不是爱情#Mixed_Voice_Group#0002,D:\-MindEcho-main\ml_dl_models\gtsinger_multitech\dataset\raw\Chinese\ZH-Alto-1\Mixed_Voice_and_Falsetto\亲爱的那不是爱情\Mixed_Voice_Group\0002.wav,Chinese/ZH-Alto-1/Mixed_Voice_and_Falsetto/亲爱的那不是爱情/Mixed_Voice_Group/0002.wav,Chinese,ZH-Alto-1,亲爱的那不是爱情,Mixed_Voice_Group,1,0,0,0,1,0,1,clear_mix,100010,positive_mix,0.822434,cpu
Chinese#ZH-Alto-1#Mixed_Voice_and_Falsetto#亲爱的那不是爱情#Mixed_Voice_Group#0003,D:\-MindEcho-main\ml_dl_models\gtsinger_multitech\dataset\raw\Chinese\ZH-Alto-1\Mixed_Voice_and_Falsetto\亲爱的那不是爱情\Mixed_Voice_Group\0003.wav,Chinese/ZH-Alto-1/Mixed_Voice_and_Falsetto/亲爱的那不是爱情/Mixed_Voice_Group/0003.wav,Chinese,ZH-Alto-1,亲爱的那不是爱情,Mixed_Voice_Group,1,0,0,0,1,0,1,clear_mix,100010,positive_mix,0.789739,cpu
Chinese#ZH-Alto-1#Mixed_Voice_and_Falsetto#亲爱的那不是爱情#Mixed_Voice_Group#0004,D:\-MindEcho-main\ml_dl_models\gtsinger_multitech\dataset\raw\Chinese\ZH-Alto-1\Mixed_Voice_and_Falsetto\亲爱的那不是爱情\Mixed_Voice_Group\0004.wav,Chinese/ZH-Alto-1/Mixed_Voice_and_Falsetto/亲爱的那不是爱情/Mixed_Voice_Group/0004.wav,Chinese,ZH-Alto-1,亲爱的那不是爱情,Mixed_Voice_Group,1,0,0,0,1,0,1,clear_mix,100010,positive_mix,0.751620,cpu
Chinese#ZH-Alto-1#Mixed_Voice_and_Falsetto#修炼爱情#Mixed_Voice_Group#0001,D:\-MindEcho-main\ml_dl_models\gtsinger_multitech\dataset\raw\Chinese\ZH-Alto-1\Mixed_Voice_and_Falsetto\修炼爱情\Mixed_Voice_Group\0001.wav,Chinese/ZH-Alto-1/Mixed_Voice_and_Falsetto/修炼爱情/Mixed_Voice_Group/0001.wav,Chinese,ZH-Alto-1,修炼爱情,Mixed_Voice_Group,1,0,0,0,1,0,1,clear_mix,100010,positive_mix,0.710411,cpu
Chinese#ZH-Alto-1#Mixed_Voice_and_Falsetto#修炼爱情#Mixed_Voice_Group#0003,D:\-MindEcho-main\ml_dl_models\gtsinger_multitech\dataset\raw\Chinese\ZH-Alto-1\Mixed_Voice_and_Falsetto\修炼爱情\Mixed_Voice_Group\0003.wav,Chinese/ZH-Alto-1/Mixed_Voice_and_Falsetto/修炼爱情/Mixed_Voice_Group/0003.wav,Chinese,ZH-Alto-1,修炼爱情,Mixed_Voice_Group,1,0,0,0,1,0,1,clear_mix,100010,positive_mix,0.842355,cpu
Chinese#ZH-Alto-1#Mixed_Voice_and_Falsetto#修炼爱情#Mixed_Voice_Group#0005,D:\-MindEcho-main\ml_dl_models\gtsinger_multitech\dataset\raw\Chinese\ZH-Alto-1\Mixed_Voice_and_Falsetto\修炼爱情\Mixed_Voice_Group\0005.wav,Chinese/ZH-Alto-1/Mixed_Voice_and_Falsetto/修炼爱情/Mixed_Voice_Group/0005.wav,Chinese,ZH-Alto-1,修炼爱情,Mixed_Voice_Group,1,0,0,0,1,0,1,clear_mix,100010,positive_mix,0.641290,cpu
Chinese#ZH-Alto-1#Mixed_Voice_and_Falsetto#修炼爱情#Mixed_Voice_Group#0006,D:\-MindEcho-main\ml_dl_models\gtsinger_multitech\dataset\raw\Chinese\ZH-Alto-1\Mixed_Voice_and_Falsetto\修炼爱情\Mixed_Voice_Group\0006.wav,Chinese/ZH-Alto-1/Mixed_Voice_and_Falsetto/修炼爱情/Mixed_Voice_Group/0006.wav,Chinese,ZH-Alto-1,修炼爱情,Mixed_Voice_Group,1,0,0,0,1,0,1,clear_mix,100010,positive_mix,0.773833,cpu
Chinese#ZH-Alto-1#Mixed_Voice_and_Falsetto#别找我麻烦#Mixed_Voice_Group#0000,D:\-MindEcho-main\ml_dl_models\gtsinger_multitech\dataset\raw\Chinese\ZH-Alto-1\Mixed_Voice_and_Falsetto\别找我麻烦\Mixed_Voice_Group\0000.wav,Chinese/ZH-Alto-1/Mixed_Voice_and_Falsetto/别找我麻烦/Mixed_Voice_Group/0000.wav,Chinese,ZH-Alto-1,别找我麻烦,Mixed_Voice_Group,1,0,0,0,1,0,1,clear_mix,100010,positive_mix,0.444310,cpu
Chinese#ZH-Alto-1#Mixed_Voice_and_Falsetto#别找我麻烦#Mixed_Voice_Group#0001,D:\-MindEcho-main\ml_dl_models\gtsinger_multitech\dataset\raw\Chinese\ZH-Alto-1\Mixed_Voice_and_Falsetto\别找我麻烦\Mixed_Voice_Group\0001.wav,Chinese/ZH-Alto-1/Mixed_Voice_and_Falsetto/别找我麻烦/Mixed_Voice_Group/0001.wav,Chinese,ZH-Alto-1,别找我麻烦,Mixed_Voice_Group,1,0,0,0,1,0,1,clear_mix,100010,positive_mix,0.531137,cpu
Chinese#ZH-Alto-1#Mixed_Voice_and_Falsetto#别找我麻烦#Mixed_Voice_Group#0002,D:\-MindEcho-main\ml_dl_models\gtsinger_multitech\dataset\raw\Chinese\ZH-Alto-1\Mixed_Voice_and_Falsetto\别找我麻烦\Mixed_Voice_Group\0002.wav,Chinese/ZH-Alto-1/Mixed_Voice_and_Falsetto/别找我麻烦/Mixed_Voice_Group/0002.wav,Chinese,ZH-Alto-1,别找我麻烦,Mixed_Voice_Group,1,0,0,0,1,0,1,clear_mix,100010,positive_mix,0.229302,cpu
Chinese#ZH-Alto-1#Mixed_Voice_and_Falsetto#别找我麻烦#Mixed_Voice_Group#0003,D:\-MindEcho-main\ml_dl_models\gtsinger_multitech\dataset\raw\Chinese\ZH-Alto-1\Mixed_Voice_and_Falsetto\别找我麻烦\Mixed_Voice_Group\0003.wav,Chinese/ZH-Alto-1/Mixed_Voice_and_Falsetto/别找我麻烦/Mixed_Voice_Group/0003.wav,Chinese,ZH-Alto-1,别找我麻烦,Mixed_Voice_Group,1,0,0,0,0,0,1,clear_mix,100000,positive_mix,0.254673,cpu
Chinese#ZH-Alto-1#Mixed_Voice_and_Falsetto#别找我麻烦#Mixed_Voice_Group#0005,D:\-MindEcho-main\ml_dl_models\gtsinger_multitech\dataset\raw\Chinese\ZH-Alto-1\Mixed_Voice_and_Falsetto\别找我麻烦\Mixed_Voice_Group\0005.wav,Chinese/ZH-Alto-1/Mixed_Voice_and_Falsetto/别找我麻烦/Mixed_Voice_Group/0005.wav,Chinese,ZH-Alto-1,别找我麻烦,Mixed_Voice_Group,1,0,0,0,1,0,1,clear_mix,100010,positive_mix,0.116726,cpu
Chinese#ZH-Alto-1#Mixed_Voice_and_Falsetto#别找我麻烦#Mixed_Voice_Group#0006,D:\-MindEcho-main\ml_dl_models\gtsinger_multitech\dataset\raw\Chinese\ZH-Alto-1\Mixed_Voice_and_Falsetto\别找我麻烦\Mixed_Voice_Group\0006.wav,Chinese/ZH-Alto-1/Mixed_Voice_and_Falsetto/别找我麻烦/Mixed_Voice_Group/0006.wav,Chinese,ZH-Alto-1,别找我麻烦,Mixed_Voice_Group,1,0,0,0,1,0,1,clear_mix,100010,positive_mix,0.485444,cpu
Chinese#ZH-Alto-1#Mixed_Voice_and_Falsetto#别找我麻烦#Mixed_Voice_Group#0007,D:\-MindEcho-main\ml_dl_models\gtsinger_multitech\dataset\raw\Chinese\ZH-Alto-1\Mixed_Voice_and_Falsetto\别找我麻烦\Mixed_Voice_Group\0007.wav,Chinese/ZH-Alto-1/Mixed_Voice_and_Falsetto/别找我麻烦/Mixed_Voice_Group/0007.wav,Chinese,ZH-Alto-1,别找我麻烦,Mixed_Voice_Group,1,0,0,0,1,0,1,clear_mix,100010,positive_mix,0.310022,cpu
Chinese#ZH-Alto-1#Mixed_Voice_and_Falsetto#别找我麻烦#Mixed_Voice_Group#0008,D:\-MindEcho-main\ml_dl_models\gtsinger_multitech\dataset\raw\Chinese\ZH-Alto-1\Mixed_Voice_and_Falsetto\别找我麻烦\Mixed_Voice_Group\0008.wav,Chinese/ZH-Alto-1/Mixed_Voice_and_Falsetto/别找我麻烦/Mixed_Voice_Group/0008.wav,Chinese,ZH-Alto-1,别找我麻烦,Mixed_Voice_Group,1,0,0,0,1,0,1,clear_mix,100010,positive_mix,0.545068,cpu
Chinese#ZH-Alto-1#Mixed_Voice_and_Falsetto#剑伤#Mixed_Voice_Group#0000,D:\-MindEcho-main\ml_dl_models\gtsinger_multitech\dataset\raw\Chinese\ZH-Alto-1\Mixed_Voice_and_Falsetto\剑伤\Mixed_Voice_Group\0000.wav,Chinese/ZH-Alto-1/Mixed_Voice_and_Falsetto/剑伤/Mixed_Voice_Group/0000.wav,Chinese,ZH-Alto-1,剑伤,Mixed_Voice_Group,1,0,0,0,1,0,1,clear_mix,100010,positive_mix,0.506651,cpu
Chinese#ZH-Alto-1#Mixed_Voice_and_Falsetto#剑伤#Mixed_Voice_Group#0002,D:\-MindEcho-main\ml_dl_models\gtsinger_multitech\dataset\raw\Chinese\ZH-Alto-1\Mixed_Voice_and_Falsetto\剑伤\Mixed_Voice_Group\0002.wav,Chinese/ZH-Alto-1/Mixed_Voice_and_Falsetto/剑伤/Mixed_Voice_Group/0002.wav,Chinese,ZH-Alto-1,剑伤,Mixed_Voice_Group,1,0,0,1,1,0,1,clear_mix,100110,positive_mix,0.461278,cpu
Chinese#ZH-Alto-1#Mixed_Voice_and_Falsetto#剑伤#Mixed_Voice_Group#0003,D:\-MindEcho-main\ml_dl_models\gtsinger_multitech\dataset\raw\Chinese\ZH-Alto-1\Mixed_Voice_and_Falsetto\剑伤\Mixed_Voice_Group\0003.wav,Chinese/ZH-Alto-1/Mixed_Voice_and_Falsetto/剑伤/Mixed_Voice_Group/0003.wav,Chinese,ZH-Alto-1,剑伤,Mixed_Voice_Group,1,0,0,0,1,0,1,clear_mix,100010,positive_mix,0.325551,cpu
Chinese#ZH-Alto-1#Mixed_Voice_and_Falsetto#剑伤#Mixed_Voice_Group#0004,D:\-MindEcho-main\ml_dl_models\gtsinger_multitech\dataset\raw\Chinese\ZH-Alto-1\Mixed_Voice_and_Falsetto\剑伤\Mixed_Voice_Group\0004.wav,Chinese/ZH-Alto-1/Mixed_Voice_and_Falsetto/剑伤/Mixed_Voice_Group/0004.wav,Chinese,ZH-Alto-1,剑伤,Mixed_Voice_Group,1,0,0,0,1,0,1,clear_mix,100010,positive_mix,0.504480,cpu
Chinese#ZH-Alto-1#Mixed_Voice_and_Falsetto#剑伤#Mixed_Voice_Group#0005,D:\-MindEcho-main\ml_dl_models\gtsinger_multitech\dataset\raw\Chinese\ZH-Alto-1\Mixed_Voice_and_Falsetto\剑伤\Mixed_Voice_Group\0005.wav,Chinese/ZH-Alto-1/Mixed_Voice_and_Falsetto/剑伤/Mixed_Voice_Group/0005.wav,Chinese,ZH-Alto-1,剑伤,Mixed_Voice_Group,1,0,0,0,1,0,1,clear_mix,100010,positive_mix,0.520419,cpu
Chinese#ZH-Alto-1#Mixed_Voice_and_Falsetto#剑伤#Mixed_Voice_Group#0006,D:\-MindEcho-main\ml_dl_models\gtsinger_multitech\dataset\raw\Chinese\ZH-Alto-1\Mixed_Voice_and_Falsetto\剑伤\Mixed_Voice_Group\0006.wav,Chinese/ZH-Alto-1/Mixed_Voice_and_Falsetto/剑伤/Mixed_Voice_Group/0006.wav,Chinese,ZH-Alto-1,剑伤,Mixed_Voice_Group,1,0,0,0,1,0,1,clear_mix,100010,positive_mix,0.596288,cpu
Chinese#ZH-Alto-1#Mixed_Voice_and_Falsetto#剑伤#Mixed_Voice_Group#0007,D:\-MindEcho-main\ml_dl_models\gtsinger_multitech\dataset\raw\Chinese\ZH-Alto-1\Mixed_Voice_and_Falsetto\剑伤\Mixed_Voice_Group\0007.wav,Chinese/ZH-Alto-1/Mixed_Voice_and_Falsetto/剑伤/Mixed_Voice_Group/0007.wav,Chinese,ZH-Alto-1,剑伤,Mixed_Voice_Group,1,0,0,0,1,0,1,clear_mix,100010,positive_mix,0.627414,cpu
Chinese#ZH-Alto-1#Mixed_Voice_and_Falsetto#匆匆那年#Mixed_Voice_Group#0000,D:\-MindEcho-main\ml_dl_models\gtsinger_multitech\dataset\raw\Chinese\ZH-Alto-1\Mixed_Voice_and_Falsetto\匆匆那年\Mixed_Voice_Group\0000.wav,Chinese/ZH-Alto-1/Mixed_Voice_and_Falsetto/匆匆那年/Mixed_Voice_Group/0000.wav,Chinese,ZH-Alto-1,匆匆那年,Mixed_Voice_Group,1,0,0,1,1,0,1,clear_mix,100110,positive_mix,0.398129,cpu
Chinese#ZH-Alto-1#Mixed_Voice_and_Falsetto#匆匆那年#Mixed_Voice_Group#0001,D:\-MindEcho-main\ml_dl_models\gtsinger_multitech\dataset\raw\Chinese\ZH-Alto-1\Mixed_Voice_and_Falsetto\匆匆那年\Mixed_Voice_Group\0001.wav,Chinese/ZH-Alto-1/Mixed_Voice_and_Falsetto/匆匆那年/Mixed_Voice_Group/0001.wav,Chinese,ZH-Alto-1,匆匆那年,Mixed_Voice_Group,1,1,0,1,1,0,1,head_mix,110110,positive_mix,0.332647,cpu
Chinese#ZH-Alto-1#Mixed_Voice_and_Falsetto#匆匆那年#Mixed_Voice_Group#0002,D:\-MindEcho-main\ml_dl_models\gtsinger_multitech\dataset\raw\Chinese\ZH-Alto-1\Mixed_Voice_and_Falsetto\匆匆那年\Mixed_Voice_Group\0002.wav,Chinese/ZH-Alto-1/Mixed_Voice_and_Falsetto/匆匆那年/Mixed_Voice_Group/0002.wav,Chinese,ZH-Alto-1,匆匆那年,Mixed_Voice_Group,1,0,0,1,1,0,1,clear_mix,100110,positive_mix,0.623104,cpu
Chinese#ZH-Alto-1#Mixed_Voice_and_Falsetto#匆匆那年#Mixed_Voice_Group#0003,D:\-MindEcho-main\ml_dl_models\gtsinger_multitech\dataset\raw\Chinese\ZH-Alto-1\Mixed_Voice_and_Falsetto\匆匆那年\Mixed_Voice_Group\0003.wav,Chinese/ZH-Alto-1/Mixed_Voice_and_Falsetto/匆匆那年/Mixed_Voice_Group/0003.wav,Chinese,ZH-Alto-1,匆匆那年,Mixed_Voice_Group,1,0,0,0,1,0,1,clear_mix,100010,positive_mix,0.595494,cpu
Chinese#ZH-Alto-1#Mixed_Voice_and_Falsetto#匆匆那年#Mixed_Voice_Group#0004,D:\-MindEcho-main\ml_dl_models\gtsinger_multitech\dataset\raw\Chinese\ZH-Alto-1\Mixed_Voice_and_Falsetto\匆匆那年\Mixed_Voice_Group\0004.wav,Chinese/ZH-Alto-1/Mixed_Voice_and_Falsetto/匆匆那年/Mixed_Voice_Group/0004.wav,Chinese,ZH-Alto-1,匆匆那年,Mixed_Voice_Group,1,1,0,1,1,0,1,head_mix,110110,positive_mix,0.533410,cpu
Chinese#ZH-Alto-1#Mixed_Voice_and_Falsetto#匆匆那年#Mixed_Voice_Group#0005,D:\-MindEcho-main\ml_dl_models\gtsinger_multitech\dataset\raw\Chinese\ZH-Alto-1\Mixed_Voice_and_Falsetto\匆匆那年\Mixed_Voice_Group\0005.wav,Chinese/ZH-Alto-1/Mixed_Voice_and_Falsetto/匆匆那年/Mixed_Voice_Group/0005.wav,Chinese,ZH-Alto-1,匆匆那年,Mixed_Voice_Group,1,0,0,1,1,0,1,clear_mix,100110,positive_mix,0.499806,cpu
Chinese#ZH-Alto-1#Mixed_Voice_and_Falsetto#匆匆那年#Mixed_Voice_Group#0006,D:\-MindEcho-main\ml_dl_models\gtsinger_multitech\dataset\raw\Chinese\ZH-Alto-1\Mixed_Voice_and_Falsetto\匆匆那年\Mixed_Voice_Group\0006.wav,Chinese/ZH-Alto-1/Mixed_Voice_and_Falsetto/匆匆那年/Mixed_Voice_Group/0006.wav,Chinese,ZH-Alto-1,匆匆那年,Mixed_Voice_Group,1,0,0,1,1,0,1,clear_mix,100110,positive_mix,0.736046,cpu
Chinese#ZH-Alto-1#Mixed_Voice_and_Falsetto#匆匆那年#Mixed_Voice_Group#0007,D:\-MindEcho-main\ml_dl_models\gtsinger_multitech\dataset\raw\Chinese\ZH-Alto-1\Mixed_Voice_and_Falsetto\匆匆那年\Mixed_Voice_Group\0007.wav,Chinese/ZH-Alto-1/Mixed_Voice_and_Falsetto/匆匆那年/Mixed_Voice_Group/0007.wav,Chinese,ZH-Alto-1,匆匆那年,Mixed_Voice_Group,1,1,1,1,1,0,1,breathy_mix,111110,positive_mix,0.584615,cpu
Chinese#ZH-Alto-1#Mixed_Voice_and_Falsetto#匆匆那年#Mixed_Voice_Group#0008,D:\-MindEcho-main\ml_dl_models\gtsinger_multitech\dataset\raw\Chinese\ZH-Alto-1\Mixed_Voice_and_Falsetto\匆匆那年\Mixed_Voice_Group\0008.wav,Chinese/ZH-Alto-1/Mixed_Voice_and_Falsetto/匆匆那年/Mixed_Voice_Group/0008.wav,Chinese,ZH-Alto-1,匆匆那年,Mixed_Voice_Group,1,1,0,1,1,0,1,head_mix,110110,positive_mix,0.211595,cpu
Chinese#ZH-Alto-1#Mixed_Voice_and_Falsetto#匆匆那年#Mixed_Voice_Group#0010,D:\-MindEcho-main\ml_dl_models\gtsinger_multitech\dataset\raw\Chinese\ZH-Alto-1\Mixed_Voice_and_Falsetto\匆匆那年\Mixed_Voice_Group\0010.wav,Chinese/ZH-Alto-1/Mixed_Voice_and_Falsetto/匆匆那年/Mixed_Voice_Group/0010.wav,Chinese,ZH-Alto-1,匆匆那年,Mixed_Voice_Group,1,0,1,1,1,0,1,breathy_mix,101110,positive_mix,0.550838,cpu
Chinese#ZH-Alto-1#Mixed_Voice_and_Falsetto#匆匆那年#Mixed_Voice_Group#0011,D:\-MindEcho-main\ml_dl_models\gtsinger_multitech\dataset\raw\Chinese\ZH-Alto-1\Mixed_Voice_and_Falsetto\匆匆那年\Mixed_Voice_Group\0011.wav,Chinese/ZH-Alto-1/Mixed_Voice_and_Falsetto/匆匆那年/Mixed_Voice_Group/0011.wav,Chinese,ZH-Alto-1,匆匆那年,Mixed_Voice_Group,1,1,1,1,1,0,1,breathy_mix,111110,positive_mix,0.486416,cpu
Chinese#ZH-Alto-1#Mixed_Voice_and_Falsetto#匆匆那年#Mixed_Voice_Group#0012,D:\-MindEcho-main\ml_dl_models\gtsinger_multitech\dataset\raw\Chinese\ZH-Alto-1\Mixed_Voice_and_Falsetto\匆匆那年\Mixed_Voice_Group\0012.wav,Chinese/ZH-Alto-1/Mixed_Voice_and_Falsetto/匆匆那年/Mixed_Voice_Group/0012.wav,Chinese,ZH-Alto-1,匆匆那年,Mixed_Voice_Group,1,0,0,0,1,0,1,clear_mix,100010,positive_mix,0.534695,cpu
Chinese#ZH-Alto-1#Mixed_Voice_and_Falsetto#匆匆那年#Mixed_Voice_Group#0013,D:\-MindEcho-main\ml_dl_models\gtsinger_multitech\dataset\raw\Chinese\ZH-Alto-1\Mixed_Voice_and_Falsetto\匆匆那年\Mixed_Voice_Group\0013.wav,Chinese/ZH-Alto-1/Mixed_Voice_and_Falsetto/匆匆那年/Mixed_Voice_Group/0013.wav,Chinese,ZH-Alto-1,匆匆那年,Mixed_Voice_Group,1,0,0,0,1,0,1,clear_mix,100010,positive_mix,0.878378,cpu
Chinese#ZH-Alto-1#Mixed_Voice_and_Falsetto#匆匆那年#Mixed_Voice_Group#0015,D:\-MindEcho-main\ml_dl_models\gtsinger_multitech\dataset\raw\Chinese\ZH-Alto-1\Mixed_Voice_and_Falsetto\匆匆那年\Mixed_Voice_Group\0015.wav,Chinese/ZH-Alto-1/Mixed_Voice_and_Falsetto/匆匆那年/Mixed_Voice_Group/0015.wav,Chinese,ZH-Alto-1,匆匆那年,Mixed_Voice_Group,1,0,1,1,1,0,1,breathy_mix,101110,positive_mix,0.506730,cpu
Chinese#ZH-Alto-1#Mixed_Voice_and_Falsetto#匆匆那年#Mixed_Voice_Group#0016,D:\-MindEcho-main\ml_dl_models\gtsinger_multitech\dataset\raw\Chinese\ZH-Alto-1\Mixed_Voice_and_Falsetto\匆匆那年\Mixed_Voice_Group\0016.wav,Chinese/ZH-Alto-1/Mixed_Voice_and_Falsetto/匆匆那年/Mixed_Voice_Group/0016.wav,Chinese,ZH-Alto-1,匆匆那年,Mixed_Voice_Group,1,0,0,1,1,0,1,clear_mix,100110,positive_mix,0.678605,cpu
Chinese#ZH-Alto-1#Mixed_Voice_and_Falsetto#匆匆那年#Mixed_Voice_Group#0017,D:\-MindEcho-main\ml_dl_models\gtsinger_multitech\dataset\raw\Chinese\ZH-Alto-1\Mixed_Voice_and_Falsetto\匆匆那年\Mixed_Voice_Group\0017.wav,Chinese/ZH-Alto-1/Mixed_Voice_and_Falsetto/匆匆那年/Mixed_Voice_Group/0017.wav,Chinese,ZH-Alto-1,匆匆那年,Mixed_Voice_Group,1,1,0,1,1,0,1,head_mix,110110,positive_mix,0.124796,cpu
Chinese#ZH-Alto-1#Mixed_Voice_and_Falsetto#匆匆那年#Mixed_Voice_Group#0018,D:\-MindEcho-main\ml_dl_models\gtsinger_multitech\dataset\raw\Chinese\ZH-Alto-1\Mixed_Voice_and_Falsetto\匆匆那年\Mixed_Voice_Group\0018.wav,Chinese/ZH-Alto-1/Mixed_Voice_and_Falsetto/匆匆那年/Mixed_Voice_Group/0018.wav,Chinese,ZH-Alto-1,匆匆那年,Mixed_Voice_Group,1,1,0,1,1,0,1,head_mix,110110,positive_mix,0.312060,cpu
Chinese#ZH-Alto-1#Mixed_Voice_and_Falsetto#匆匆那年#Mixed_Voice_Group#0019,D:\-MindEcho-main\ml_dl_models\gtsinger_multitech\dataset\raw\Chinese\ZH-Alto-1\Mixed_Voice_and_Falsetto\匆匆那年\Mixed_Voice_Group\0019.wav,Chinese/ZH-Alto-1/Mixed_Voice_and_Falsetto/匆匆那年/Mixed_Voice_Group/0019.wav,Chinese,ZH-Alto-1,匆匆那年,Mixed_Voice_Group,1,0,0,1,1,0,1,clear_mix,100110,positive_mix,0.455679,cpu
Chinese#ZH-Alto-1#Mixed_Voice_and_Falsetto#化身孤岛的鲸#Mixed_Voice_Group#0000,D:\-MindEcho-main\ml_dl_models\gtsinger_multitech\dataset\raw\Chinese\ZH-Alto-1\Mixed_Voice_and_Falsetto\化身孤岛的鲸\Mixed_Voice_Group\0000.wav,Chinese/ZH-Alto-1/Mixed_Voice_and_Falsetto/化身孤岛的鲸/Mixed_Voice_Group/0000.wav,Chinese,ZH-Alto-1,化身孤岛的鲸,Mixed_Voice_Group,1,0,0,0,1,0,1,clear_mix,100010,positive_mix,0.404669,cpu
Chinese#ZH-Alto-1#Mixed_Voice_and_Falsetto#化身孤岛的鲸#Mixed_Voice_Group#0001,D:\-MindEcho-main\ml_dl_models\gtsinger_multitech\dataset\raw\Chinese\ZH-Alto-1\Mixed_Voice_and_Falsetto\化身孤岛的鲸\Mixed_Voice_Group\0001.wav,Chinese/ZH-Alto-1/Mixed_Voice_and_Falsetto/化身孤岛的鲸/Mixed_Voice_Group/0001.wav,Chinese,ZH-Alto-1,化身孤岛的鲸,Mixed_Voice_Group,1,0,0,0,1,0,1,clear_mix,100010,positive_mix,0.164916,cpu
Chinese#ZH-Alto-1#Mixed_Voice_and_Falsetto#化身孤岛的鲸#Mixed_Voice_Group#0002,D:\-MindEcho-main\ml_dl_models\gtsinger_multitech\dataset\raw\Chinese\ZH-Alto-1\Mixed_Voice_and_Falsetto\化身孤岛的鲸\Mixed_Voice_Group\0002.wav,Chinese/ZH-Alto-1/Mixed_Voice_and_Falsetto/化身孤岛的鲸/Mixed_Voice_Group/0002.wav,Chinese,ZH-Alto-1,化身孤岛的鲸,Mixed_Voice_Group,1,0,0,0,1,0,1,clear_mix,100010,positive_mix,0.509394,cpu
Chinese#ZH-Alto-1#Mixed_Voice_and_Falsetto#化身孤岛的鲸#Mixed_Voice_Group#0003,D:\-MindEcho-main\ml_dl_models\gtsinger_multitech\dataset\raw\Chinese\ZH-Alto-1\Mixed_Voice_and_Falsetto\化身孤岛的鲸\Mixed_Voice_Group\0003.wav,Chinese/ZH-Alto-1/Mixed_Voice_and_Falsetto/化身孤岛的鲸/Mixed_Voice_Group/0003.wav,Chinese,ZH-Alto-1,化身孤岛的鲸,Mixed_Voice_Group,1,0,0,0,1,0,1,clear_mix,100010,positive_mix,0.280061,cpu
Chinese#ZH-Alto-1#Mixed_Voice_and_Falsetto#化身孤岛的鲸#Mixed_Voice_Group#0004,D:\-MindEcho-main\ml_dl_models\gtsinger_multitech\dataset\raw\Chinese\ZH-Alto-1\Mixed_Voice_and_Falsetto\化身孤岛的鲸\Mixed_Voice_Group\0004.wav,Chinese/ZH-Alto-1/Mixed_Voice_and_Falsetto/化身孤岛的鲸/Mixed_Voice_Group/0004.wav,Chinese,ZH-Alto-1,化身孤岛的鲸,Mixed_Voice_Group,1,0,0,0,1,0,1,clear_mix,100010,positive_mix,0.366851,cpu
Chinese#ZH-Alto-1#Mixed_Voice_and_Falsetto#化身孤岛的鲸#Mixed_Voice_Group#0007,D:\-MindEcho-main\ml_dl_models\gtsinger_multitech\dataset\raw\Chinese\ZH-Alto-1\Mixed_Voice_and_Falsetto\化身孤岛的鲸\Mixed_Voice_Group\0007.wav,Chinese/ZH-Alto-1/Mixed_Voice_and_Falsetto/化身孤岛的鲸/Mixed_Voice_Group/0007.wav,Chinese,ZH-Alto-1,化身孤岛的鲸,Mixed_Voice_Group,1,1,0,0,1,0,1,head_mix,110010,positive_mix,0.317998,cpu
Chinese#ZH-Alto-1#Mixed_Voice_and_Falsetto#化身孤岛的鲸#Mixed_Voice_Group#0008,D:\-MindEcho-main\ml_dl_models\gtsinger_multitech\dataset\raw\Chinese\ZH-Alto-1\Mixed_Voice_and_Falsetto\化身孤岛的鲸\Mixed_Voice_Group\0008.wav,Chinese/ZH-Alto-1/Mixed_Voice_and_Falsetto/化身孤岛的鲸/Mixed_Voice_Group/0008.wav,Chinese,ZH-Alto-1,化身孤岛的鲸,Mixed_Voice_Group,1,0,0,0,1,0,1,clear_mix,100010,positive_mix,0.609466,cpu
Chinese#ZH-Alto-1#Mixed_Voice_and_Falsetto#化身孤岛的鲸#Mixed_Voice_Group#0010,D:\-MindEcho-main\ml_dl_models\gtsinger_multitech\dataset\raw\Chinese\ZH-Alto-1\Mixed_Voice_and_Falsetto\化身孤岛的鲸\Mixed_Voice_Group\0010.wav,Chinese/ZH-Alto-1/Mixed_Voice_and_Falsetto/化身孤岛的鲸/Mixed_Voice_Group/0010.wav,Chinese,ZH-Alto-1,化身孤岛的鲸,Mixed_Voice_Group,1,0,0,0,1,0,1,clear_mix,100010,positive_mix,0.781384,cpu
Chinese#ZH-Alto-1#Mixed_Voice_and_Falsetto#化身孤岛的鲸#Mixed_Voice_Group#0011,D:\-MindEcho-main\ml_dl_models\gtsinger_multitech\dataset\raw\Chinese\ZH-Alto-1\Mixed_Voice_and_Falsetto\化身孤岛的鲸\Mixed_Voice_Group\0011.wav,Chinese/ZH-Alto-1/Mixed_Voice_and_Falsetto/化身孤岛的鲸/Mixed_Voice_Group/0011.wav,Chinese,ZH-Alto-1,化身孤岛的鲸,Mixed_Voice_Group,1,0,0,0,1,0,1,clear_mix,100010,positive_mix,0.584573,cpu
Chinese#ZH-Alto-1#Mixed_Voice_and_Falsetto#化身孤岛的鲸#Mixed_Voice_Group#0013,D:\-MindEcho-main\ml_dl_models\gtsinger_multitech\dataset\raw\Chinese\ZH-Alto-1\Mixed_Voice_and_Falsetto\化身孤岛的鲸\Mixed_Voice_Group\0013.wav,Chinese/ZH-Alto-1/Mixed_Voice_and_Falsetto/化身孤岛的鲸/Mixed_Voice_Group/0013.wav,Chinese,ZH-Alto-1,化身孤岛的鲸,Mixed_Voice_Group,1,0,0,0,1,0,1,clear_mix,100010,positive_mix,0.471662,cpu
Chinese#ZH-Alto-1#Mixed_Voice_and_Falsetto#化身孤岛的鲸#Mixed_Voice_Group#0014,D:\-MindEcho-main\ml_dl_models\gtsinger_multitech\dataset\raw\Chinese\ZH-Alto-1\Mixed_Voice_and_Falsetto\化身孤岛的鲸\Mixed_Voice_Group\0014.wav,Chinese/ZH-Alto-1/Mixed_Voice_and_Falsetto/化身孤岛的鲸/Mixed_Voice_Group/0014.wav,Chinese,ZH-Alto-1,化身孤岛的鲸,Mixed_Voice_Group,1,0,0,0,1,0,1,clear_mix,100010,positive_mix,0.821394,cpu
Chinese#ZH-Alto-1#Mixed_Voice_and_Falsetto#化身孤岛的鲸#Mixed_Voice_Group#0015,D:\-MindEcho-main\ml_dl_models\gtsinger_multitech\dataset\raw\Chinese\ZH-Alto-1\Mixed_Voice_and_Falsetto\化身孤岛的鲸\Mixed_Voice_Group\0015.wav,Chinese/ZH-Alto-1/Mixed_Voice_and_Falsetto/化身孤岛的鲸/Mixed_Voice_Group/0015.wav,Chinese,ZH-Alto-1,化身孤岛的鲸,Mixed_Voice_Group,1,0,0,0,1,0,1,clear_mix,100010,positive_mix,0.466476,cpu
Chinese#ZH-Alto-1#Mixed_Voice_and_Falsetto#化身孤岛的鲸#Mixed_Voice_Group#0017,D:\-MindEcho-main\ml_dl_models\gtsinger_multitech\dataset\raw\Chinese\ZH-Alto-1\Mixed_Voice_and_Falsetto\化身孤岛的鲸\Mixed_Voice_Group\0017.wav,Chinese/ZH-Alto-1/Mixed_Voice_and_Falsetto/化身孤岛的鲸/Mixed_Voice_Group/0017.wav,Chinese,ZH-Alto-1,化身孤岛的鲸,Mixed_Voice_Group,1,0,0,0,1,0,1,clear_mix,100010,positive_mix,0.549996,cpu
Chinese#ZH-Alto-1#Mixed_Voice_and_Falsetto#化身孤岛的鲸#Mixed_Voice_Group#0019,D:\-MindEcho-main\ml_dl_models\gtsinger_multitech\dataset\raw\Chinese\ZH-Alto-1\Mixed_Voice_and_Falsetto\化身孤岛的鲸\Mixed_Voice_Group\0019.wav,Chinese/ZH-Alto-1/Mixed_Voice_and_Falsetto/化身孤岛的鲸/Mixed_Voice_Group/0019.wav,Chinese,ZH-Alto-1,化身孤岛的鲸,Mixed_Voice_Group,1,1,0,0,1,0,1,head_mix,110010,positive_mix,0.308006,cpu
Chinese#ZH-Alto-1#Mixed_Voice_and_Falsetto#化身孤岛的鲸#Mixed_Voice_Group#0020,D:\-MindEcho-main\ml_dl_models\gtsinger_multitech\dataset\raw\Chinese\ZH-Alto-1\Mixed_Voice_and_Falsetto\化身孤岛的鲸\Mixed_Voice_Group\0020.wav,Chinese/ZH-Alto-1/Mixed_Voice_and_Falsetto/化身孤岛的鲸/Mixed_Voice_Group/0020.wav,Chinese,ZH-Alto-1,化身孤岛的鲸,Mixed_Voice_Group,1,0,0,0,1,0,1,clear_mix,100010,positive_mix,0.446160,cpu
Chinese#ZH-Alto-1#Mixed_Voice_and_Falsetto#十年#Mixed_Voice_Group#0000,D:\-MindEcho-main\ml_dl_models\gtsinger_multitech\dataset\raw\Chinese\ZH-Alto-1\Mixed_Voice_and_Falsetto\十年\Mixed_Voice_Group\0000.wav,Chinese/ZH-Alto-1/Mixed_Voice_and_Falsetto/十年/Mixed_Voice_Group/0000.wav,Chinese,ZH-Alto-1,十年,Mixed_Voice_Group,1,0,0,0,1,0,1,clear_mix,100010,positive_mix,0.588230,cpu
Chinese#ZH-Alto-1#Mixed_Voice_and_Falsetto#十年#Mixed_Voice_Group#0001,D:\-MindEcho-main\ml_dl_models\gtsinger_multitech\dataset\raw\Chinese\ZH-Alto-1\Mixed_Voice_and_Falsetto\十年\Mixed_Voice_Group\0001.wav,Chinese/ZH-Alto-1/Mixed_Voice_and_Falsetto/十年/Mixed_Voice_Group/0001.wav,Chinese,ZH-Alto-1,十年,Mixed_Voice_Group,1,0,0,0,1,0,1,clear_mix,100010,positive_mix,0.808102,cpu
Chinese#ZH-Alto-1#Mixed_Voice_and_Falsetto#十年#Mixed_Voice_Group#0002,D:\-MindEcho-main\ml_dl_models\gtsinger_multitech\dataset\raw\Chinese\ZH-Alto-1\Mixed_Voice_and_Falsetto\十年\Mixed_Voice_Group\0002.wav,Chinese/ZH-Alto-1/Mixed_Voice_and_Falsetto/十年/Mixed_Voice_Group/0002.wav,Chinese,ZH-Alto-1,十年,Mixed_Voice_Group,1,0,0,0,1,0,1,clear_mix,100010,positive_mix,0.656227,cpu
Chinese#ZH-Alto-1#Mixed_Voice_and_Falsetto#十年#Mixed_Voice_Group#0003,D:\-MindEcho-main\ml_dl_models\gtsinger_multitech\dataset\raw\Chinese\ZH-Alto-1\Mixed_Voice_and_Falsetto\十年\Mixed_Voice_Group\0003.wav,Chinese/ZH-Alto-1/Mixed_Voice_and_Falsetto/十年/Mixed_Voice_Group/0003.wav,Chinese,ZH-Alto-1,十年,Mixed_Voice_Group,1,0,0,0,1,0,1,clear_mix,100010,positive_mix,0.558377,cpu
Chinese#ZH-Alto-1#Mixed_Voice_and_Falsetto#南山南#Mixed_Voice_Group#0000,D:\-MindEcho-main\ml_dl_models\gtsinger_multitech\dataset\raw\Chinese\ZH-Alto-1\Mixed_Voice_and_Falsetto\南山南\Mixed_Voice_Group\0000.wav,Chinese/ZH-Alto-1/Mixed_Voice_and_Falsetto/南山南/Mixed_Voice_Group/0000.wav,Chinese,ZH-Alto-1,南山南,Mixed_Voice_Group,1,0,0,0,1,0,1,clear_mix,100010,positive_mix,0.672932,cpu
Chinese#ZH-Alto-1#Mixed_Voice_and_Falsetto#南山南#Mixed_Voice_Group#0001,D:\-MindEcho-main\ml_dl_models\gtsinger_multitech\dataset\raw\Chinese\ZH-Alto-1\Mixed_Voice_and_Falsetto\南山南\Mixed_Voice_Group\0001.wav,Chinese/ZH-Alto-1/Mixed_Voice_and_Falsetto/南山南/Mixed_Voice_Group/0001.wav,Chinese,ZH-Alto-1,南山南,Mixed_Voice_Group,1,0,0,0,1,0,1,clear_mix,100010,positive_mix,0.742494,cpu
Chinese#ZH-Alto-1#Mixed_Voice_and_Falsetto#可乐#Mixed_Voice_Group#0000,D:\-MindEcho-main\ml_dl_models\gtsinger_multitech\dataset\raw\Chinese\ZH-Alto-1\Mixed_Voice_and_Falsetto\可乐\Mixed_Voice_Group\0000.wav,Chinese/ZH-Alto-1/Mixed_Voice_and_Falsetto/可乐/Mixed_Voice_Group/0000.wav,Chinese,ZH-Alto-1,可乐,Mixed_Voice_Group,1,0,0,0,1,0,1,clear_mix,100010,positive_mix,0.513667,cpu
Chinese#ZH-Alto-1#Mixed_Voice_and_Falsetto#可乐#Mixed_Voice_Group#0001,D:\-MindEcho-main\ml_dl_models\gtsinger_multitech\dataset\raw\Chinese\ZH-Alto-1\Mixed_Voice_and_Falsetto\可乐\Mixed_Voice_Group\0001.wav,Chinese/ZH-Alto-1/Mixed_Voice_and_Falsetto/可乐/Mixed_Voice_Group/0001.wav,Chinese,ZH-Alto-1,可乐,Mixed_Voice_Group,1,0,0,0,1,0,1,clear_mix,100010,positive_mix,0.747677,cpu
Chinese#ZH-Alto-1#Mixed_Voice_and_Falsetto#可乐#Mixed_Voice_Group#0002,D:\-MindEcho-main\ml_dl_models\gtsinger_multitech\dataset\raw\Chinese\ZH-Alto-1\Mixed_Voice_and_Falsetto\可乐\Mixed_Voice_Group\0002.wav,Chinese/ZH-Alto-1/Mixed_Voice_and_Falsetto/可乐/Mixed_Voice_Group/0002.wav,Chinese,ZH-Alto-1,可乐,Mixed_Voice_Group,1,0,0,0,1,0,1,clear_mix,100010,positive_mix,0.606804,cpu
Chinese#ZH-Alto-1#Mixed_Voice_and_Falsetto#可乐#Mixed_Voice_Group#0003,D:\-MindEcho-main\ml_dl_models\gtsinger_multitech\dataset\raw\Chinese\ZH-Alto-1\Mixed_Voice_and_Falsetto\可乐\Mixed_Voice_Group\0003.wav,Chinese/ZH-Alto-1/Mixed_Voice_and_Falsetto/可乐/Mixed_Voice_Group/0003.wav,Chinese,ZH-Alto-1,可乐,Mixed_Voice_Group,1,0,0,0,1,0,1,clear_mix,100010,positive_mix,0.763433,cpu
Chinese#ZH-Alto-1#Mixed_Voice_and_Falsetto#可乐#Mixed_Voice_Group#0004,D:\-MindEcho-main\ml_dl_models\gtsinger_multitech\dataset\raw\Chinese\ZH-Alto-1\Mixed_Voice_and_Falsetto\可乐\Mixed_Voice_Group\0004.wav,Chinese/ZH-Alto-1/Mixed_Voice_and_Falsetto/可乐/Mixed_Voice_Group/0004.wav,Chinese,ZH-Alto-1,可乐,Mixed_Voice_Group,1,0,0,0,1,0,1,clear_mix,100010,positive_mix,0.502334,cpu
Chinese#ZH-Alto-1#Mixed_Voice_and_Falsetto#可乐#Mixed_Voice_Group#0005,D:\-MindEcho-main\ml_dl_models\gtsinger_multitech\dataset\raw\Chinese\ZH-Alto-1\Mixed_Voice_and_Falsetto\可乐\Mixed_Voice_Group\0005.wav,Chinese/ZH-Alto-1/Mixed_Voice_and_Falsetto/可乐/Mixed_Voice_Group/0005.wav,Chinese,ZH-Alto-1,可乐,Mixed_Voice_Group,1,0,0,0,1,0,1,clear_mix,100010,positive_mix,0.685223,cpu
Chinese#ZH-Alto-1#Mixed_Voice_and_Falsetto#可乐#Mixed_Voice_Group#0006,D:\-MindEcho-main\ml_dl_models\gtsinger_multitech\dataset\raw\Chinese\ZH-Alto-1\Mixed_Voice_and_Falsetto\可乐\Mixed_Voice_Group\0006.wav,Chinese/ZH-Alto-1/Mixed_Voice_and_Falsetto/可乐/Mixed_Voice_Group/0006.wav,Chinese,ZH-Alto-1,可乐,Mixed_Voice_Group,1,0,0,0,1,0,1,clear_mix,100010,positive_mix,0.913690,cpu
Chinese#ZH-Alto-1#Mixed_Voice_and_Falsetto#可乐#Mixed_Voice_Group#0008,D:\-MindEcho-main\ml_dl_models\gtsinger_multitech\dataset\raw\Chinese\ZH-Alto-1\Mixed_Voice_and_Falsetto\可乐\Mixed_Voice_Group\0008.wav,Chinese/ZH-Alto-1/Mixed_Voice_and_Falsetto/可乐/Mixed_Voice_Group/0008.wav,Chinese,ZH-Alto-1,可乐,Mixed_Voice_Group,1,0,0,0,1,0,1,clear_mix,100010,positive_mix,0.696810,cpu
Chinese#ZH-Alto-1#Mixed_Voice_and_Falsetto#可乐#Mixed_Voice_Group#0009,D:\-MindEcho-main\ml_dl_models\gtsinger_multitech\dataset\raw\Chinese\ZH-Alto-1\Mixed_Voice_and_Falsetto\可乐\Mixed_Voice_Group\0009.wav,Chinese/ZH-Alto-1/Mixed_Voice_and_Falsetto/可乐/Mixed_Voice_Group/0009.wav,Chinese,ZH-Alto-1,可乐,Mixed_Voice_Group,1,0,0,0,1,0,1,clear_mix,100010,positive_mix,0.644655,cpu
Chinese#ZH-Alto-1#Mixed_Voice_and_Falsetto#可乐#Mixed_Voice_Group#0011,D:\-MindEcho-main\ml_dl_models\gtsinger_multitech\dataset\raw\Chinese\ZH-Alto-1\Mixed_Voice_and_Falsetto\可乐\Mixed_Voice_Group\0011.wav,Chinese/ZH-Alto-1/Mixed_Voice_and_Falsetto/可乐/Mixed_Voice_Group/0011.wav,Chinese,ZH-Alto-1,可乐,Mixed_Voice_Group,1,0,0,0,1,0,1,clear_mix,100010,positive_mix,0.634403,cpu
Chinese#ZH-Alto-1#Mixed_Voice_and_Falsetto#可乐#Mixed_Voice_Group#0012,D:\-MindEcho-main\ml_dl_models\gtsinger_multitech\dataset\raw\Chinese\ZH-Alto-1\Mixed_Voice_and_Falsetto\可乐\Mixed_Voice_Group\0012.wav,Chinese/ZH-Alto-1/Mixed_Voice_and_Falsetto/可乐/Mixed_Voice_Group/0012.wav,Chinese,ZH-Alto-1,可乐,Mixed_Voice_Group,1,0,0,0,1,0,1,clear_mix,100010,positive_mix,0.839591,cpu
Chinese#ZH-Alto-1#Mixed_Voice_and_Falsetto#可乐#Mixed_Voice_Group#0013,D:\-MindEcho-main\ml_dl_models\gtsinger_multitech\dataset\raw\Chinese\ZH-Alto-1\Mixed_Voice_and_Falsetto\可乐\Mixed_Voice_Group\0013.wav,Chinese/ZH-Alto-1/Mixed_Voice_and_Falsetto/可乐/Mixed_Voice_Group/0013.wav,Chinese,ZH-Alto-1,可乐,Mixed_Voice_Group,1,0,0,0,1,0,1,clear_mix,100010,positive_mix,0.761494,cpu
Chinese#ZH-Alto-1#Mixed_Voice_and_Falsetto#可乐#Mixed_Voice_Group#0014,D:\-MindEcho-main\ml_dl_models\gtsinger_multitech\dataset\raw\Chinese\ZH-Alto-1\Mixed_Voice_and_Falsetto\可乐\Mixed_Voice_Group\0014.wav,Chinese/ZH-Alto-1/Mixed_Voice_and_Falsetto/可乐/Mixed_Voice_Group/0014.wav,Chinese,ZH-Alto-1,可乐,Mixed_Voice_Group,1,0,0,0,1,0,1,clear_mix,100010,positive_mix,0.884484,cpu
Chinese#ZH-Alto-1#Mixed_Voice_and_Falsetto#可乐#Mixed_Voice_Group#0015,D:\-MindEcho-main\ml_dl_models\gtsinger_multitech\dataset\raw\Chinese\ZH-Alto-1\Mixed_Voice_and_Falsetto\可乐\Mixed_Voice_Group\0015.wav,Chinese/ZH-Alto-1/Mixed_Voice_and_Falsetto/可乐/Mixed_Voice_Group/0015.wav,Chinese,ZH-Alto-1,可乐,Mixed_Voice_Group,1,0,0,0,1,0,1,clear_mix,100010,positive_mix,0.872074,cpu
Chinese#ZH-Alto-1#Mixed_Voice_and_Falsetto#可惜没如果#Mixed_Voice_Group#0000,D:\-MindEcho-main\ml_dl_models\gtsinger_multitech\dataset\raw\Chinese\ZH-Alto-1\Mixed_Voice_and_Falsetto\可惜没如果\Mixed_Voice_Group\0000.wav,Chinese/ZH-Alto-1/Mixed_Voice_and_Falsetto/可惜没如果/Mixed_Voice_Group/0000.wav,Chinese,ZH-Alto-1,可惜没如果,Mixed_Voice_Group,1,0,0,0,1,0,1,clear_mix,100010,positive_mix,0.272484,cpu
Chinese#ZH-Alto-1#Mixed_Voice_and_Falsetto#可惜没如果#Mixed_Voice_Group#0001,D:\-MindEcho-main\ml_dl_models\gtsinger_multitech\dataset\raw\Chinese\ZH-Alto-1\Mixed_Voice_and_Falsetto\可惜没如果\Mixed_Voice_Group\0001.wav,Chinese/ZH-Alto-1/Mixed_Voice_and_Falsetto/可惜没如果/Mixed_Voice_Group/0001.wav,Chinese,ZH-Alto-1,可惜没如果,Mixed_Voice_Group,1,0,0,0,1,0,1,clear_mix,100010,positive_mix,0.428538,cpu
Chinese#ZH-Alto-1#Mixed_Voice_and_Falsetto#可惜没如果#Mixed_Voice_Group#0003,D:\-MindEcho-main\ml_dl_models\gtsinger_multitech\dataset\raw\Chinese\ZH-Alto-1\Mixed_Voice_and_Falsetto\可惜没如果\Mixed_Voice_Group\0003.wav,Chinese/ZH-Alto-1/Mixed_Voice_and_Falsetto/可惜没如果/Mixed_Voice_Group/0003.wav,Chinese,ZH-Alto-1,可惜没如果,Mixed_Voice_Group,1,0,0,0,1,0,1,clear_mix,100010,positive_mix,0.444494,cpu
Chinese#ZH-Alto-1#Mixed_Voice_and_Falsetto#可惜没如果#Mixed_Voice_Group#0004,D:\-MindEcho-main\ml_dl_models\gtsinger_multitech\dataset\raw\Chinese\ZH-Alto-1\Mixed_Voice_and_Falsetto\可惜没如果\Mixed_Voice_Group\0004.wav,Chinese/ZH-Alto-1/Mixed_Voice_and_Falsetto/可惜没如果/Mixed_Voice_Group/0004.wav,Chinese,ZH-Alto-1,可惜没如果,Mixed_Voice_Group,1,0,0,0,1,0,1,clear_mix,100010,positive_mix,0.362970,cpu
Chinese#ZH-Alto-1#Mixed_Voice_and_Falsetto#可惜没如果#Mixed_Voice_Group#0005,D:\-MindEcho-main\ml_dl_models\gtsinger_multitech\dataset\raw\Chinese\ZH-Alto-1\Mixed_Voice_and_Falsetto\可惜没如果\Mixed_Voice_Group\0005.wav,Chinese/ZH-Alto-1/Mixed_Voice_and_Falsetto/可惜没如果/Mixed_Voice_Group/0005.wav,Chinese,ZH-Alto-1,可惜没如果,Mixed_Voice_Group,1,0,0,0,1,0,1,clear_mix,100010,positive_mix,0.513527,cpu
Chinese#ZH-Alto-1#Mixed_Voice_and_Falsetto#可惜没如果#Mixed_Voice_Group#0006,D:\-MindEcho-main\ml_dl_models\gtsinger_multitech\dataset\raw\Chinese\ZH-Alto-1\Mixed_Voice_and_Falsetto\可惜没如果\Mixed_Voice_Group\0006.wav,Chinese/ZH-Alto-1/Mixed_Voice_and_Falsetto/可惜没如果/Mixed_Voice_Group/0006.wav,Chinese,ZH-Alto-1,可惜没如果,Mixed_Voice_Group,1,1,0,0,1,0,1,head_mix,110010,positive_mix,0.575247,cpu
Chinese#ZH-Alto-1#Mixed_Voice_and_Falsetto#可惜没如果#Mixed_Voice_Group#0007,D:\-MindEcho-main\ml_dl_models\gtsinger_multitech\dataset\raw\Chinese\ZH-Alto-1\Mixed_Voice_and_Falsetto\可惜没如果\Mixed_Voice_Group\0007.wav,Chinese/ZH-Alto-1/Mixed_Voice_and_Falsetto/可惜没如果/Mixed_Voice_Group/0007.wav,Chinese,ZH-Alto-1,可惜没如果,Mixed_Voice_Group,1,0,0,0,1,0,1,clear_mix,100010,positive_mix,0.787293,cpu
Chinese#ZH-Alto-1#Mixed_Voice_and_Falsetto#可惜没如果#Mixed_Voice_Group#0008,D:\-MindEcho-main\ml_dl_models\gtsinger_multitech\dataset\raw\Chinese\ZH-Alto-1\Mixed_Voice_and_Falsetto\可惜没如果\Mixed_Voice_Group\0008.wav,Chinese/ZH-Alto-1/Mixed_Voice_and_Falsetto/可惜没如果/Mixed_Voice_Group/0008.wav,Chinese,ZH-Alto-1,可惜没如果,Mixed_Voice_Group,1,0,0,0,1,0,1,clear_mix,100010,positive_mix,0.796603,cpu
Chinese#ZH-Alto-1#Mixed_Voice_and_Falsetto#可惜没如果#Mixed_Voice_Group#0009,D:\-MindEcho-main\ml_dl_models\gtsinger_multitech\dataset\raw\Chinese\ZH-Alto-1\Mixed_Voice_and_Falsetto\可惜没如果\Mixed_Voice_Group\0009.wav,Chinese/ZH-Alto-1/Mixed_Voice_and_Falsetto/可惜没如果/Mixed_Voice_Group/0009.wav,Chinese,ZH-Alto-1,可惜没如果,Mixed_Voice_Group,1,0,0,0,1,0,1,clear_mix,100010,positive_mix,0.749899,cpu
Chinese#ZH-Alto-1#Mixed_Voice_and_Falsetto#可惜没如果#Mixed_Voice_Group#0012,D:\-MindEcho-main\ml_dl_models\gtsinger_multitech\dataset\raw\Chinese\ZH-Alto-1\Mixed_Voice_and_Falsetto\可惜没如果\Mixed_Voice_Group\0012.wav,Chinese/ZH-Alto-1/Mixed_Voice_and_Falsetto/可惜没如果/Mixed_Voice_Group/0012.wav,Chinese,ZH-Alto-1,可惜没如果,Mixed_Voice_Group,1,0,0,0,1,0,1,clear_mix,100010,positive_mix,0.722954,cpu
Chinese#ZH-Alto-1#Mixed_Voice_and_Falsetto#可惜没如果#Mixed_Voice_Group#0013,D:\-MindEcho-main\ml_dl_models\gtsinger_multitech\dataset\raw\Chinese\ZH-Alto-1\Mixed_Voice_and_Falsetto\可惜没如果\Mixed_Voice_Group\0013.wav,Chinese/ZH-Alto-1/Mixed_Voice_and_Falsetto/可惜没如果/Mixed_Voice_Group/0013.wav,Chinese,ZH-Alto-1,可惜没如果,Mixed_Voice_Group,1,0,0,0,1,0,1,clear_mix,100010,positive_mix,0.584154,cpu
Chinese#ZH-Alto-1#Mixed_Voice_and_Falsetto#可惜没如果#Mixed_Voice_Group#0015,D:\-MindEcho-main\ml_dl_models\gtsinger_multitech\dataset\raw\Chinese\ZH-Alto-1\Mixed_Voice_and_Falsetto\可惜没如果\Mixed_Voice_Group\0015.wav,Chinese/ZH-Alto-1/Mixed_Voice_and_Falsetto/可惜没如果/Mixed_Voice_Group/0015.wav,Chinese,ZH-Alto-1,可惜没如果,Mixed_Voice_Group,1,0,0,0,1,0,1,clear_mix,100010,positive_mix,0.516703,cpu
Chinese#ZH-Alto-1#Mixed_Voice_and_Falsetto#可惜没如果#Mixed_Voice_Group#0016,D:\-MindEcho-main\ml_dl_models\gtsinger_multitech\dataset\raw\Chinese\ZH-Alto-1\Mixed_Voice_and_Falsetto\可惜没如果\Mixed_Voice_Group\0016.wav,Chinese/ZH-Alto-1/Mixed_Voice_and_Falsetto/可惜没如果/Mixed_Voice_Group/0016.wav,Chinese,ZH-Alto-1,可惜没如果,Mixed_Voice_Group,1,1,0,0,1,0,1,head_mix,110010,positive_mix,0.653690,cpu
Chinese#ZH-Alto-1#Mixed_Voice_and_Falsetto#可惜没如果#Mixed_Voice_Group#0018,D:\-MindEcho-main\ml_dl_models\gtsinger_multitech\dataset\raw\Chinese\ZH-Alto-1\Mixed_Voice_and_Falsetto\可惜没如果\Mixed_Voice_Group\0018.wav,Chinese/ZH-Alto-1/Mixed_Voice_and_Falsetto/可惜没如果/Mixed_Voice_Group/0018.wav,Chinese,ZH-Alto-1,可惜没如果,Mixed_Voice_Group,1,1,0,0,1,0,1,head_mix,110010,positive_mix,0.597470,cpu
Chinese#ZH-Alto-1#Mixed_Voice_and_Falsetto#可惜没如果#Mixed_Voice_Group#0019,D:\-MindEcho-main\ml_dl_models\gtsinger_multitech\dataset\raw\Chinese\ZH-Alto-1\Mixed_Voice_and_Falsetto\可惜没如果\Mixed_Voice_Group\0019.wav,Chinese/ZH-Alto-1/Mixed_Voice_and_Falsetto/可惜没如果/Mixed_Voice_Group/0019.wav,Chinese,ZH-Alto-1,可惜没如果,Mixed_Voice_Group,1,0,0,0,1,0,1,clear_mix,100010,positive_mix,0.736330,cpu
Chinese#ZH-Alto-1#Mixed_Voice_and_Falsetto#可惜没如果#Mixed_Voice_Group#0020,D:\-MindEcho-main\ml_dl_models\gtsinger_multitech\dataset\raw\Chinese\ZH-Alto-1\Mixed_Voice_and_Falsetto\可惜没如果\Mixed_Voice_Group\0020.wav,Chinese/ZH-Alto-1/Mixed_Voice_and_Falsetto/可惜没如果/Mixed_Voice_Group/0020.wav,Chinese,ZH-Alto-1,可惜没如果,Mixed_Voice_Group,1,0,0,0,1,0,1,clear_mix,100010,positive_mix,0.649046,cpu
Chinese#ZH-Alto-1#Mixed_Voice_and_Falsetto#可惜没如果#Mixed_Voice_Group#0022,D:\-MindEcho-main\ml_dl_models\gtsinger_multitech\dataset\raw\Chinese\ZH-Alto-1\Mixed_Voice_and_Falsetto\可惜没如果\Mixed_Voice_Group\0022.wav,Chinese/ZH-Alto-1/Mixed_Voice_and_Falsetto/可惜没如果/Mixed_Voice_Group/0022.wav,Chinese,ZH-Alto-1,可惜没如果,Mixed_Voice_Group,1,0,0,0,1,0,1,clear_mix,100010,positive_mix,0.681947,cpu
Chinese#ZH-Alto-1#Mixed_Voice_and_Falsetto#可惜没如果#Mixed_Voice_Group#0024,D:\-MindEcho-main\ml_dl_models\gtsinger_multitech\dataset\raw\Chinese\ZH-Alto-1\Mixed_Voice_and_Falsetto\可惜没如果\Mixed_Voice_Group\0024.wav,Chinese/ZH-Alto-1/Mixed_Voice_and_Falsetto/可惜没如果/Mixed_Voice_Group/0024.wav,Chinese,ZH-Alto-1,可惜没如果,Mixed_Voice_Group,1,1,0,0,1,0,1,head_mix,110010,positive_mix,0.125141,cpu
Chinese#ZH-Alto-1#Mixed_Voice_and_Falsetto#可惜没如果#Mixed_Voice_Group#0025,D:\-MindEcho-main\ml_dl_models\gtsinger_multitech\dataset\raw\Chinese\ZH-Alto-1\Mixed_Voice_and_Falsetto\可惜没如果\Mixed_Voice_Group\0025.wav,Chinese/ZH-Alto-1/Mixed_Voice_and_Falsetto/可惜没如果/Mixed_Voice_Group/0025.wav,Chinese,ZH-Alto-1,可惜没如果,Mixed_Voice_Group,1,1,0,0,1,0,1,head_mix,110010,positive_mix,0.558766,cpu
Chinese#ZH-Alto-1#Mixed_Voice_and_Falsetto#可惜没如果#Mixed_Voice_Group#0028,D:\-MindEcho-main\ml_dl_models\gtsinger_multitech\dataset\raw\Chinese\ZH-Alto-1\Mixed_Voice_and_Falsetto\可惜没如果\Mixed_Voice_Group\0028.wav,Chinese/ZH-Alto-1/Mixed_Voice_and_Falsetto/可惜没如果/Mixed_Voice_Group/0028.wav,Chinese,ZH-Alto-1,可惜没如果,Mixed_Voice_Group,1,1,0,0,1,0,1,head_mix,110010,positive_mix,0.401205,cpu
Chinese#ZH-Alto-1#Mixed_Voice_and_Falsetto#可惜没如果#Mixed_Voice_Group#0029,D:\-MindEcho-main\ml_dl_models\gtsinger_multitech\dataset\raw\Chinese\ZH-Alto-1\Mixed_Voice_and_Falsetto\可惜没如果\Mixed_Voice_Group\0029.wav,Chinese/ZH-Alto-1/Mixed_Voice_and_Falsetto/可惜没如果/Mixed_Voice_Group/0029.wav,Chinese,ZH-Alto-1,可惜没如果,Mixed_Voice_Group,1,1,0,0,1,0,1,head_mix,110010,positive_mix,0.542614,cpu
Chinese#ZH-Alto-1#Mixed_Voice_and_Falsetto#可惜没如果#Mixed_Voice_Group#0030,D:\-MindEcho-main\ml_dl_models\gtsinger_multitech\dataset\raw\Chinese\ZH-Alto-1\Mixed_Voice_and_Falsetto\可惜没如果\Mixed_Voice_Group\0030.wav,Chinese/ZH-Alto-1/Mixed_Voice_and_Falsetto/可惜没如果/Mixed_Voice_Group/0030.wav,Chinese,ZH-Alto-1,可惜没如果,Mixed_Voice_Group,1,0,0,0,1,0,1,clear_mix,100010,positive_mix,0.470284,cpu
Chinese#ZH-Alto-1#Mixed_Voice_and_Falsetto#后来#Mixed_Voice_Group#0000,D:\-MindEcho-main\ml_dl_models\gtsinger_multitech\dataset\raw\Chinese\ZH-Alto-1\Mixed_Voice_and_Falsetto\后来\Mixed_Voice_Group\0000.wav,Chinese/ZH-Alto-1/Mixed_Voice_and_Falsetto/后来/Mixed_Voice_Group/0000.wav,Chinese,ZH-Alto-1,后来,Mixed_Voice_Group,1,0,0,0,1,0,1,clear_mix,100010,positive_mix,0.345339,cpu
Chinese#ZH-Alto-1#Mixed_Voice_and_Falsetto#后来#Mixed_Voice_Group#0001,D:\-MindEcho-main\ml_dl_models\gtsinger_multitech\dataset\raw\Chinese\ZH-Alto-1\Mixed_Voice_and_Falsetto\后来\Mixed_Voice_Group\0001.wav,Chinese/ZH-Alto-1/Mixed_Voice_and_Falsetto/后来/Mixed_Voice_Group/0001.wav,Chinese,ZH-Alto-1,后来,Mixed_Voice_Group,1,0,0,0,1,0,1,clear_mix,100010,positive_mix,0.847228,cpu
Chinese#ZH-Alto-1#Mixed_Voice_and_Falsetto#后来#Mixed_Voice_Group#0002,D:\-MindEcho-main\ml_dl_models\gtsinger_multitech\dataset\raw\Chinese\ZH-Alto-1\Mixed_Voice_and_Falsetto\后来\Mixed_Voice_Group\0002.wav,Chinese/ZH-Alto-1/Mixed_Voice_and_Falsetto/后来/Mixed_Voice_Group/0002.wav,Chinese,ZH-Alto-1,后来,Mixed_Voice_Group,1,0,0,0,1,0,1,clear_mix,100010,positive_mix,0.582540,cpu
Chinese#ZH-Alto-1#Mixed_Voice_and_Falsetto#后来#Mixed_Voice_Group#0003,D:\-MindEcho-main\ml_dl_models\gtsinger_multitech\dataset\raw\Chinese\ZH-Alto-1\Mixed_Voice_and_Falsetto\后来\Mixed_Voice_Group\0003.wav,Chinese/ZH-Alto-1/Mixed_Voice_and_Falsetto/后来/Mixed_Voice_Group/0003.wav,Chinese,ZH-Alto-1,后来,Mixed_Voice_Group,1,0,0,0,0,0,1,clear_mix,100000,positive_mix,0.380098,cpu
Chinese#ZH-Alto-1#Mixed_Voice_and_Falsetto#后来#Mixed_Voice_Group#0004,D:\-MindEcho-main\ml_dl_models\gtsinger_multitech\dataset\raw\Chinese\ZH-Alto-1\Mixed_Voice_and_Falsetto\后来\Mixed_Voice_Group\0004.wav,Chinese/ZH-Alto-1/Mixed_Voice_and_Falsetto/后来/Mixed_Voice_Group/0004.wav,Chinese,ZH-Alto-1,后来,Mixed_Voice_Group,1,0,0,0,1,0,1,clear_mix,100010,positive_mix,0.347447,cpu
Chinese#ZH-Alto-1#Mixed_Voice_and_Falsetto#后来#Mixed_Voice_Group#0005,D:\-MindEcho-main\ml_dl_models\gtsinger_multitech\dataset\raw\Chinese\ZH-Alto-1\Mixed_Voice_and_Falsetto\后来\Mixed_Voice_Group\0005.wav,Chinese/ZH-Alto-1/Mixed_Voice_and_Falsetto/后来/Mixed_Voice_Group/0005.wav,Chinese,ZH-Alto-1,后来,Mixed_Voice_Group,1,0,0,0,1,0,1,clear_mix,100010,positive_mix,0.675974,cpu
Chinese#ZH-Alto-1#Mixed_Voice_and_Falsetto#后来#Mixed_Voice_Group#0006,D:\-MindEcho-main\ml_dl_models\gtsinger_multitech\dataset\raw\Chinese\ZH-Alto-1\Mixed_Voice_and_Falsetto\后来\Mixed_Voice_Group\0006.wav,Chinese/ZH-Alto-1/Mixed_Voice_and_Falsetto/后来/Mixed_Voice_Group/0006.wav,Chinese,ZH-Alto-1,后来,Mixed_Voice_Group,1,0,0,0,1,0,1,clear_mix,100010,positive_mix,0.395615,cpu
Chinese#ZH-Alto-1#Mixed_Voice_and_Falsetto#后来#Mixed_Voice_Group#0007,D:\-MindEcho-main\ml_dl_models\gtsinger_multitech\dataset\raw\Chinese\ZH-Alto-1\Mixed_Voice_and_Falsetto\后来\Mixed_Voice_Group\0007.wav,Chinese/ZH-Alto-1/Mixed_Voice_and_Falsetto/后来/Mixed_Voice_Group/0007.wav,Chinese,ZH-Alto-1,后来,Mixed_Voice_Group,1,0,0,0,1,0,1,clear_mix,100010,positive_mix,0.664973,cpu
Chinese#ZH-Alto-1#Mixed_Voice_and_Falsetto#后来#Mixed_Voice_Group#0008,D:\-MindEcho-main\ml_dl_models\gtsinger_multitech\dataset\raw\Chinese\ZH-Alto-1\Mixed_Voice_and_Falsetto\后来\Mixed_Voice_Group\0008.wav,Chinese/ZH-Alto-1/Mixed_Voice_and_Falsetto/后来/Mixed_Voice_Group/0008.wav,Chinese,ZH-Alto-1,后来,Mixed_Voice_Group,1,0,0,0,1,0,1,clear_mix,100010,positive_mix,0.663457,cpu
Chinese#ZH-Alto-1#Mixed_Voice_and_Falsetto#后来#Mixed_Voice_Group#0009,D:\-MindEcho-main\ml_dl_models\gtsinger_multitech\dataset\raw\Chinese\ZH-Alto-1\Mixed_Voice_and_Falsetto\后来\Mixed_Voice_Group\0009.wav,Chinese/ZH-Alto-1/Mixed_Voice_and_Falsetto/后来/Mixed_Voice_Group/0009.wav,Chinese,ZH-Alto-1,后来,Mixed_Voice_Group,1,0,0,0,1,0,1,clear_mix,100010,positive_mix,0.737549,cpu
Chinese#ZH-Alto-1#Mixed_Voice_and_Falsetto#后来#Mixed_Voice_Group#0010,D:\-MindEcho-main\ml_dl_models\gtsinger_multitech\dataset\raw\Chinese\ZH-Alto-1\Mixed_Voice_and_Falsetto\后来\Mixed_Voice_Group\0010.wav,Chinese/ZH-Alto-1/Mixed_Voice_and_Falsetto/后来/Mixed_Voice_Group/0010.wav,Chinese,ZH-Alto-1,后来,Mixed_Voice_Group,1,0,0,0,0,0,1,clear_mix,100000,positive_mix,0.671928,cpu
Chinese#ZH-Alto-1#Mixed_Voice_and_Falsetto#后来#Mixed_Voice_Group#0011,D:\-MindEcho-main\ml_dl_models\gtsinger_multitech\dataset\raw\Chinese\ZH-Alto-1\Mixed_Voice_and_Falsetto\后来\Mixed_Voice_Group\0011.wav,Chinese/ZH-Alto-1/Mixed_Voice_and_Falsetto/后来/Mixed_Voice_Group/0011.wav,Chinese,ZH-Alto-1,后来,Mixed_Voice_Group,1,0,0,0,1,0,1,clear_mix,100010,positive_mix,0.406883,cpu
Chinese#ZH-Alto-1#Mixed_Voice_and_Falsetto#后来#Mixed_Voice_Group#0012,D:\-MindEcho-main\ml_dl_models\gtsinger_multitech\dataset\raw\Chinese\ZH-Alto-1\Mixed_Voice_and_Falsetto\后来\Mixed_Voice_Group\0012.wav,Chinese/ZH-Alto-1/Mixed_Voice_and_Falsetto/后来/Mixed_Voice_Group/0012.wav,Chinese,ZH-Alto-1,后来,Mixed_Voice_Group,1,0,0,0,1,0,1,clear_mix,100010,positive_mix,0.735999,cpu
Chinese#ZH-Alto-1#Mixed_Voice_and_Falsetto#后来#Mixed_Voice_Group#0014,D:\-MindEcho-main\ml_dl_models\gtsinger_multitech\dataset\raw\Chinese\ZH-Alto-1\Mixed_Voice_and_Falsetto\后来\Mixed_Voice_Group\0014.wav,Chinese/ZH-Alto-1/Mixed_Voice_and_Falsetto/后来/Mixed_Voice_Group/0014.wav,Chinese,ZH-Alto-1,后来,Mixed_Voice_Group,1,0,0,0,1,0,1,clear_mix,100010,positive_mix,0.790042,cpu
Chinese#ZH-Alto-1#Mixed_Voice_and_Falsetto#告白气球#Mixed_Voice_Group#0000,D:\-MindEcho-main\ml_dl_models\gtsinger_multitech\dataset\raw\Chinese\ZH-Alto-1\Mixed_Voice_and_Falsetto\告白气球\Mixed_Voice_Group\0000.wav,Chinese/ZH-Alto-1/Mixed_Voice_and_Falsetto/告白气球/Mixed_Voice_Group/0000.wav,Chinese,ZH-Alto-1,告白气球,Mixed_Voice_Group,1,0,0,0,1,0,1,clear_mix,100010,positive_mix,0.694630,cpu
Chinese#ZH-Alto-1#Mixed_Voice_and_Falsetto#告白气球#Mixed_Voice_Group#0001,D:\-MindEcho-main\ml_dl_models\gtsinger_multitech\dataset\raw\Chinese\ZH-Alto-1\Mixed_Voice_and_Falsetto\告白气球\Mixed_Voice_Group\0001.wav,Chinese/ZH-Alto-1/Mixed_Voice_and_Falsetto/告白气球/Mixed_Voice_Group/0001.wav,Chinese,ZH-Alto-1,告白气球,Mixed_Voice_Group,1,0,0,0,1,0,1,clear_mix,100010,positive_mix,0.888592,cpu
Chinese#ZH-Alto-1#Mixed_Voice_and_Falsetto#告白气球#Mixed_Voice_Group#0002,D:\-MindEcho-main\ml_dl_models\gtsinger_multitech\dataset\raw\Chinese\ZH-Alto-1\Mixed_Voice_and_Falsetto\告白气球\Mixed_Voice_Group\0002.wav,Chinese/ZH-Alto-1/Mixed_Voice_and_Falsetto/告白气球/Mixed_Voice_Group/0002.wav,Chinese,ZH-Alto-1,告白气球,Mixed_Voice_Group,1,0,0,0,1,0,1,clear_mix,100010,positive_mix,0.513841,cpu
Chinese#ZH-Alto-1#Mixed_Voice_and_Falsetto#告白气球#Mixed_Voice_Group#0004,D:\-MindEcho-main\ml_dl_models\gtsinger_multitech\dataset\raw\Chinese\ZH-Alto-1\Mixed_Voice_and_Falsetto\告白气球\Mixed_Voice_Group\0004.wav,Chinese/ZH-Alto-1/Mixed_Voice_and_Falsetto/告白气球/Mixed_Voice_Group/0004.wav,Chinese,ZH-Alto-1,告白气球,Mixed_Voice_Group,1,0,0,0,1,0,1,clear_mix,100010,positive_mix,0.787841,cpu
Chinese#ZH-Alto-1#Mixed_Voice_and_Falsetto#告白气球#Mixed_Voice_Group#0006,D:\-MindEcho-main\ml_dl_models\gtsinger_multitech\dataset\raw\Chinese\ZH-Alto-1\Mixed_Voice_and_Falsetto\告白气球\Mixed_Voice_Group\0006.wav,Chinese/ZH-Alto-1/Mixed_Voice_and_Falsetto/告白气球/Mixed_Voice_Group/0006.wav,Chinese,ZH-Alto-1,告白气球,Mixed_Voice_Group,1,0,0,0,1,0,1,clear_mix,100010,positive_mix,0.665533,cpu
Chinese#ZH-Alto-1#Mixed_Voice_and_Falsetto#告白气球#Mixed_Voice_Group#0007,D:\-MindEcho-main\ml_dl_models\gtsinger_multitech\dataset\raw\Chinese\ZH-Alto-1\Mixed_Voice_and_Falsetto\告白气球\Mixed_Voice_Group\0007.wav,Chinese/ZH-Alto-1/Mixed_Voice_and_Falsetto/告白气球/Mixed_Voice_Group/0007.wav,Chinese,ZH-Alto-1,告白气球,Mixed_Voice_Group,1,0,0,0,1,0,1,clear_mix,100010,positive_mix,0.676444,cpu
Chinese#ZH-Alto-1#Mixed_Voice_and_Falsetto#告白气球#Mixed_Voice_Group#0008,D:\-MindEcho-main\ml_dl_models\gtsinger_multitech\dataset\raw\Chinese\ZH-Alto-1\Mixed_Voice_and_Falsetto\告白气球\Mixed_Voice_Group\0008.wav,Chinese/ZH-Alto-1/Mixed_Voice_and_Falsetto/告白气球/Mixed_Voice_Group/0008.wav,Chinese,ZH-Alto-1,告白气球,Mixed_Voice_Group,1,0,0,0,0,0,1,clear_mix,100000,positive_mix,0.717633,cpu
Chinese#ZH-Alto-1#Mixed_Voice_and_Falsetto#告白气球#Mixed_Voice_Group#0009,D:\-MindEcho-main\ml_dl_models\gtsinger_multitech\dataset\raw\Chinese\ZH-Alto-1\Mixed_Voice_and_Falsetto\告白气球\Mixed_Voice_Group\0009.wav,Chinese/ZH-Alto-1/Mixed_Voice_and_Falsetto/告白气球/Mixed_Voice_Group/0009.wav,Chinese,ZH-Alto-1,告白气球,Mixed_Voice_Group,1,0,0,0,1,0,1,clear_mix,100010,positive_mix,0.775169,cpu
Chinese#ZH-Alto-1#Mixed_Voice_and_Falsetto#告白气球#Mixed_Voice_Group#0010,D:\-MindEcho-main\ml_dl_models\gtsinger_multitech\dataset\raw\Chinese\ZH-Alto-1\Mixed_Voice_and_Falsetto\告白气球\Mixed_Voice_Group\0010.wav,Chinese/ZH-Alto-1/Mixed_Voice_and_Falsetto/告白气球/Mixed_Voice_Group/0010.wav,Chinese,ZH-Alto-1,告白气球,Mixed_Voice_Group,1,0,0,0,1,0,1,clear_mix,100010,positive_mix,0.564990,cpu
Chinese#ZH-Alto-1#Mixed_Voice_and_Falsetto#告白气球#Mixed_Voice_Group#0011,D:\-MindEcho-main\ml_dl_models\gtsinger_multitech\dataset\raw\Chinese\ZH-Alto-1\Mixed_Voice_and_Falsetto\告白气球\Mixed_Voice_Group\0011.wav,Chinese/ZH-Alto-1/Mixed_Voice_and_Falsetto/告白气球/Mixed_Voice_Group/0011.wav,Chinese,ZH-Alto-1,告白气球,Mixed_Voice_Group,1,0,0,0,1,0,1,clear_mix,100010,positive_mix,0.784290,cpu
Chinese#ZH-Alto-1#Mixed_Voice_and_Falsetto#奇妙能力歌#Mixed_Voice_Group#0000,D:\-MindEcho-main\ml_dl_models\gtsinger_multitech\dataset\raw\Chinese\ZH-Alto-1\Mixed_Voice_and_Falsetto\奇妙能力歌\Mixed_Voice_Group\0000.wav,Chinese/ZH-Alto-1/Mixed_Voice_and_Falsetto/奇妙能力歌/Mixed_Voice_Group/0000.wav,Chinese,ZH-Alto-1,奇妙能力歌,Mixed_Voice_Group,1,0,0,0,1,0,1,clear_mix,100010,positive_mix,0.796277,cpu
Chinese#ZH-Alto-1#Mixed_Voice_and_Falsetto#奇妙能力歌#Mixed_Voice_Group#0001,D:\-MindEcho-main\ml_dl_models\gtsinger_multitech\dataset\raw\Chinese\ZH-Alto-1\Mixed_Voice_and_Falsetto\奇妙能力歌\Mixed_Voice_Group\0001.wav,Chinese/ZH-Alto-1/Mixed_Voice_and_Falsetto/奇妙能力歌/Mixed_Voice_Group/0001.wav,Chinese,ZH-Alto-1,奇妙能力歌,Mixed_Voice_Group,1,0,0,0,1,0,1,clear_mix,100010,positive_mix,0.678059,cpu
Chinese#ZH-Alto-1#Mixed_Voice_and_Falsetto#奇妙能力歌#Mixed_Voice_Group#0002,D:\-MindEcho-main\ml_dl_models\gtsinger_multitech\dataset\raw\Chinese\ZH-Alto-1\Mixed_Voice_and_Falsetto\奇妙能力歌\Mixed_Voice_Group\0002.wav,Chinese/ZH-Alto-1/Mixed_Voice_and_Falsetto/奇妙能力歌/Mixed_Voice_Group/0002.wav,Chinese,ZH-Alto-1,奇妙能力歌,Mixed_Voice_Group,1,0,0,0,1,0,1,clear_mix,100010,positive_mix,0.412605,cpu
Chinese#ZH-Alto-1#Mixed_Voice_and_Falsetto#奇妙能力歌#Mixed_Voice_Group#0003,D:\-MindEcho-main\ml_dl_models\gtsinger_multitech\dataset\raw\Chinese\ZH-Alto-1\Mixed_Voice_and_Falsetto\奇妙能力歌\Mixed_Voice_Group\0003.wav,Chinese/ZH-Alto-1/Mixed_Voice_and_Falsetto/奇妙能力歌/Mixed_Voice_Group/0003.wav,Chinese,ZH-Alto-1,奇妙能力歌,Mixed_Voice_Group,1,0,0,0,1,0,1,clear_mix,100010,positive_mix,0.327213,cpu
Chinese#ZH-Alto-1#Mixed_Voice_and_Falsetto#岁月神偷#Mixed_Voice_Group#0000,D:\-MindEcho-main\ml_dl_models\gtsinger_multitech\dataset\raw\Chinese\ZH-Alto-1\Mixed_Voice_and_Falsetto\岁月神偷\Mixed_Voice_Group\0000.wav,Chinese/ZH-Alto-1/Mixed_Voice_and_Falsetto/岁月神偷/Mixed_Voice_Group/0000.wav,Chinese,ZH-Alto-1,岁月神偷,Mixed_Voice_Group,1,0,0,0,1,0,1,clear_mix,100010,positive_mix,0.803456,cpu
Chinese#ZH-Alto-1#Mixed_Voice_and_Falsetto#岁月神偷#Mixed_Voice_Group#0001,D:\-MindEcho-main\ml_dl_models\gtsinger_multitech\dataset\raw\Chinese\ZH-Alto-1\Mixed_Voice_and_Falsetto\岁月神偷\Mixed_Voice_Group\0001.wav,Chinese/ZH-Alto-1/Mixed_Voice_and_Falsetto/岁月神偷/Mixed_Voice_Group/0001.wav,Chinese,ZH-Alto-1,岁月神偷,Mixed_Voice_Group,1,0,0,0,1,0,1,clear_mix,100010,positive_mix,0.855853,cpu
Chinese#ZH-Alto-1#Mixed_Voice_and_Falsetto#岁月神偷#Mixed_Voice_Group#0002,D:\-MindEcho-main\ml_dl_models\gtsinger_multitech\dataset\raw\Chinese\ZH-Alto-1\Mixed_Voice_and_Falsetto\岁月神偷\Mixed_Voice_Group\0002.wav,Chinese/ZH-Alto-1/Mixed_Voice_and_Falsetto/岁月神偷/Mixed_Voice_Group/0002.wav,Chinese,ZH-Alto-1,岁月神偷,Mixed_Voice_Group,1,0,0,0,1,0,1,clear_mix,100010,positive_mix,0.770268,cpu
Chinese#ZH-Alto-1#Mixed_Voice_and_Falsetto#岁月神偷#Mixed_Voice_Group#0003,D:\-MindEcho-main\ml_dl_models\gtsinger_multitech\dataset\raw\Chinese\ZH-Alto-1\Mixed_Voice_and_Falsetto\岁月神偷\Mixed_Voice_Group\0003.wav,Chinese/ZH-Alto-1/Mixed_Voice_and_Falsetto/岁月神偷/Mixed_Voice_Group/0003.wav,Chinese,ZH-Alto-1,岁月神偷,Mixed_Voice_Group,1,0,0,0,1,0,1,clear_mix,100010,positive_mix,0.778170,cpu
Chinese#ZH-Alto-1#Mixed_Voice_and_Falsetto#平凡之路#Mixed_Voice_Group#0000,D:\-MindEcho-main\ml_dl_models\gtsinger_multitech\dataset\raw\Chinese\ZH-Alto-1\Mixed_Voice_and_Falsetto\平凡之路\Mixed_Voice_Group\0000.wav,Chinese/ZH-Alto-1/Mixed_Voice_and_Falsetto/平凡之路/Mixed_Voice_Group/0000.wav,Chinese,ZH-Alto-1,平凡之路,Mixed_Voice_Group,1,0,0,0,1,0,1,clear_mix,100010,positive_mix,0.716171,cpu
Chinese#ZH-Alto-1#Mixed_Voice_and_Falsetto#平凡之路#Mixed_Voice_Group#0001,D:\-MindEcho-main\ml_dl_models\gtsinger_multitech\dataset\raw\Chinese\ZH-Alto-1\Mixed_Voice_and_Falsetto\平凡之路\Mixed_Voice_Group\0001.wav,Chinese/ZH-Alto-1/Mixed_Voice_and_Falsetto/平凡之路/Mixed_Voice_Group/0001.wav,Chinese,ZH-Alto-1,平凡之路,Mixed_Voice_Group,1,0,0,0,1,0,1,clear_mix,100010,positive_mix,0.482628,cpu
Chinese#ZH-Alto-1#Mixed_Voice_and_Falsetto#平凡之路#Mixed_Voice_Group#0002,D:\-MindEcho-main\ml_dl_models\gtsinger_multitech\dataset\raw\Chinese\ZH-Alto-1\Mixed_Voice_and_Falsetto\平凡之路\Mixed_Voice_Group\0002.wav,Chinese/ZH-Alto-1/Mixed_Voice_and_Falsetto/平凡之路/Mixed_Voice_Group/0002.wav,Chinese,ZH-Alto-1,平凡之路,Mixed_Voice_Group,1,0,0,0,1,0,1,clear_mix,100010,positive_mix,0.811109,cpu
Chinese#ZH-Alto-1#Mixed_Voice_and_Falsetto#平凡之路#Mixed_Voice_Group#0003,D:\-MindEcho-main\ml_dl_models\gtsinger_multitech\dataset\raw\Chinese\ZH-Alto-1\Mixed_Voice_and_Falsetto\平凡之路\Mixed_Voice_Group\0003.wav,Chinese/ZH-Alto-1/Mixed_Voice_and_Falsetto/平凡之路/Mixed_Voice_Group/0003.wav,Chinese,ZH-Alto-1,平凡之路,Mixed_Voice_Group,1,0,0,0,1,0,1,clear_mix,100010,positive_mix,0.598556,cpu
Chinese#ZH-Alto-1#Mixed_Voice_and_Falsetto#平凡之路#Mixed_Voice_Group#0006,D:\-MindEcho-main\ml_dl_models\gtsinger_multitech\dataset\raw\Chinese\ZH-Alto-1\Mixed_Voice_and_Falsetto\平凡之路\Mixed_Voice_Group\0006.wav,Chinese/ZH-Alto-1/Mixed_Voice_and_Falsetto/平凡之路/Mixed_Voice_Group/0006.wav,Chinese,ZH-Alto-1,平凡之路,Mixed_Voice_Group,1,0,0,0,1,0,1,clear_mix,100010,positive_mix,0.558627,cpu
Chinese#ZH-Alto-1#Mixed_Voice_and_Falsetto#平凡之路#Mixed_Voice_Group#0007,D:\-MindEcho-main\ml_dl_models\gtsinger_multitech\dataset\raw\Chinese\ZH-Alto-1\Mixed_Voice_and_Falsetto\平凡之路\Mixed_Voice_Group\0007.wav,Chinese/ZH-Alto-1/Mixed_Voice_and_Falsetto/平凡之路/Mixed_Voice_Group/0007.wav,Chinese,ZH-Alto-1,平凡之路,Mixed_Voice_Group,1,0,0,1,1,0,1,clear_mix,100110,positive_mix,0.842360,cpu
Chinese#ZH-Alto-1#Mixed_Voice_and_Falsetto#平凡之路#Mixed_Voice_Group#0008,D:\-MindEcho-main\ml_dl_models\gtsinger_multitech\dataset\raw\Chinese\ZH-Alto-1\Mixed_Voice_and_Falsetto\平凡之路\Mixed_Voice_Group\0008.wav,Chinese/ZH-Alto-1/Mixed_Voice_and_Falsetto/平凡之路/Mixed_Voice_Group/0008.wav,Chinese,ZH-Alto-1,平凡之路,Mixed_Voice_Group,1,0,0,1,1,0,1,clear_mix,100110,positive_mix,0.888056,cpu
Chinese#ZH-Alto-1#Mixed_Voice_and_Falsetto#平凡的一天#Mixed_Voice_Group#0000,D:\-MindEcho-main\ml_dl_models\gtsinger_multitech\dataset\raw\Chinese\ZH-Alto-1\Mixed_Voice_and_Falsetto\平凡的一天\Mixed_Voice_Group\0000.wav,Chinese/ZH-Alto-1/Mixed_Voice_and_Falsetto/平凡的一天/Mixed_Voice_Group/0000.wav,Chinese,ZH-Alto-1,平凡的一天,Mixed_Voice_Group,1,0,0,0,1,0,1,clear_mix,100010,positive_mix,0.514235,cpu
Chinese#ZH-Alto-1#Mixed_Voice_and_Falsetto#平凡的一天#Mixed_Voice_Group#0001,D:\-MindEcho-main\ml_dl_models\gtsinger_multitech\dataset\raw\Chinese\ZH-Alto-1\Mixed_Voice_and_Falsetto\平凡的一天\Mixed_Voice_Group\0001.wav,Chinese/ZH-Alto-1/Mixed_Voice_and_Falsetto/平凡的一天/Mixed_Voice_Group/0001.wav,Chinese,ZH-Alto-1,平凡的一天,Mixed_Voice_Group,1,0,0,0,1,0,1,clear_mix,100010,positive_mix,0.425510,cpu
Chinese#ZH-Alto-1#Mixed_Voice_and_Falsetto#平凡的一天#Mixed_Voice_Group#0002,D:\-MindEcho-main\ml_dl_models\gtsinger_multitech\dataset\raw\Chinese\ZH-Alto-1\Mixed_Voice_and_Falsetto\平凡的一天\Mixed_Voice_Group\0002.wav,Chinese/ZH-Alto-1/Mixed_Voice_and_Falsetto/平凡的一天/Mixed_Voice_Group/0002.wav,Chinese,ZH-Alto-1,平凡的一天,Mixed_Voice_Group,1,0,0,0,0,0,1,clear_mix,100000,positive_mix,0.372771,cpu
Chinese#ZH-Alto-1#Mixed_Voice_and_Falsetto#平凡的一天#Mixed_Voice_Group#0003,D:\-MindEcho-main\ml_dl_models\gtsinger_multitech\dataset\raw\Chinese\ZH-Alto-1\Mixed_Voice_and_Falsetto\平凡的一天\Mixed_Voice_Group\0003.wav,Chinese/ZH-Alto-1/Mixed_Voice_and_Falsetto/平凡的一天/Mixed_Voice_Group/0003.wav,Chinese,ZH-Alto-1,平凡的一天,Mixed_Voice_Group,1,0,0,0,1,0,1,clear_mix,100010,positive_mix,0.725564,cpu
Chinese#ZH-Alto-1#Mixed_Voice_and_Falsetto#平凡的一天#Mixed_Voice_Group#0006,D:\-MindEcho-main\ml_dl_models\gtsinger_multitech\dataset\raw\Chinese\ZH-Alto-1\Mixed_Voice_and_Falsetto\平凡的一天\Mixed_Voice_Group\0006.wav,Chinese/ZH-Alto-1/Mixed_Voice_and_Falsetto/平凡的一天/Mixed_Voice_Group/0006.wav,Chinese,ZH-Alto-1,平凡的一天,Mixed_Voice_Group,1,0,0,0,1,0,1,clear_mix,100010,positive_mix,0.496636,cpu
Chinese#ZH-Alto-1#Mixed_Voice_and_Falsetto#平凡的一天#Mixed_Voice_Group#0007,D:\-MindEcho-main\ml_dl_models\gtsinger_multitech\dataset\raw\Chinese\ZH-Alto-1\Mixed_Voice_and_Falsetto\平凡的一天\Mixed_Voice_Group\0007.wav,Chinese/ZH-Alto-1/Mixed_Voice_and_Falsetto/平凡的一天/Mixed_Voice_Group/0007.wav,Chinese,ZH-Alto-1,平凡的一天,Mixed_Voice_Group,1,0,0,0,1,0,1,clear_mix,100010,positive_mix,0.502772,cpu
Chinese#ZH-Alto-1#Mixed_Voice_and_Falsetto#年轮#Mixed_Voice_Group#0000,D:\-MindEcho-main\ml_dl_models\gtsinger_multitech\dataset\raw\Chinese\ZH-Alto-1\Mixed_Voice_and_Falsetto\年轮\Mixed_Voice_Group\0000.wav,Chinese/ZH-Alto-1/Mixed_Voice_and_Falsetto/年轮/Mixed_Voice_Group/0000.wav,Chinese,ZH-Alto-1,年轮,Mixed_Voice_Group,1,0,0,0,1,0,1,clear_mix,100010,positive_mix,0.865398,cpu
Chinese#ZH-Alto-1#Mixed_Voice_and_Falsetto#年轮#Mixed_Voice_Group#0001,D:\-MindEcho-main\ml_dl_models\gtsinger_multitech\dataset\raw\Chinese\ZH-Alto-1\Mixed_Voice_and_Falsetto\年轮\Mixed_Voice_Group\0001.wav,Chinese/ZH-Alto-1/Mixed_Voice_and_Falsetto/年轮/Mixed_Voice_Group/0001.wav,Chinese,ZH-Alto-1,年轮,Mixed_Voice_Group,1,0,0,0,1,0,1,clear_mix,100010,positive_mix,0.746592,cpu
Chinese#ZH-Alto-1#Mixed_Voice_and_Falsetto#年轮#Mixed_Voice_Group#0002,D:\-MindEcho-main\ml_dl_models\gtsinger_multitech\dataset\raw\Chinese\ZH-Alto-1\Mixed_Voice_and_Falsetto\年轮\Mixed_Voice_Group\0002.wav,Chinese/ZH-Alto-1/Mixed_Voice_and_Falsetto/年轮/Mixed_Voice_Group/0002.wav,Chinese,ZH-Alto-1,年轮,Mixed_Voice_Group,1,0,0,1,1,0,1,clear_mix,100110,positive_mix,0.386610,cpu
Chinese#ZH-Alto-1#Mixed_Voice_and_Falsetto#忽然之间#Mixed_Voice_Group#0000,D:\-MindEcho-main\ml_dl_models\gtsinger_multitech\dataset\raw\Chinese\ZH-Alto-1\Mixed_Voice_and_Falsetto\忽然之间\Mixed_Voice_Group\0000.wav,Chinese/ZH-Alto-1/Mixed_Voice_and_Falsetto/忽然之间/Mixed_Voice_Group/0000.wav,Chinese,ZH-Alto-1,忽然之间,Mixed_Voice_Group,1,0,0,0,0,0,1,clear_mix,100000,positive_mix,0.742139,cpu
Chinese#ZH-Alto-1#Mixed_Voice_and_Falsetto#忽然之间#Mixed_Voice_Group#0001,D:\-MindEcho-main\ml_dl_models\gtsinger_multitech\dataset\raw\Chinese\ZH-Alto-1\Mixed_Voice_and_Falsetto\忽然之间\Mixed_Voice_Group\0001.wav,Chinese/ZH-Alto-1/Mixed_Voice_and_Falsetto/忽然之间/Mixed_Voice_Group/0001.wav,Chinese,ZH-Alto-1,忽然之间,Mixed_Voice_Group,1,0,0,0,1,0,1,clear_mix,100010,positive_mix,0.712801,cpu
Chinese#ZH-Alto-1#Mixed_Voice_and_Falsetto#忽然之间#Mixed_Voice_Group#0002,D:\-MindEcho-main\ml_dl_models\gtsinger_multitech\dataset\raw\Chinese\ZH-Alto-1\Mixed_Voice_and_Falsetto\忽然之间\Mixed_Voice_Group\0002.wav,Chinese/ZH-Alto-1/Mixed_Voice_and_Falsetto/忽然之间/Mixed_Voice_Group/0002.wav,Chinese,ZH-Alto-1,忽然之间,Mixed_Voice_Group,1,0,0,0,1,0,1,clear_mix,100010,positive_mix,0.663634,cpu
Chinese#ZH-Alto-1#Mixed_Voice_and_Falsetto#忽然之间#Mixed_Voice_Group#0003,D:\-MindEcho-main\ml_dl_models\gtsinger_multitech\dataset\raw\Chinese\ZH-Alto-1\Mixed_Voice_and_Falsetto\忽然之间\Mixed_Voice_Group\0003.wav,Chinese/ZH-Alto-1/Mixed_Voice_and_Falsetto/忽然之间/Mixed_Voice_Group/0003.wav,Chinese,ZH-Alto-1,忽然之间,Mixed_Voice_Group,1,0,0,0,0,0,1,clear_mix,100000,positive_mix,0.560676,cpu
Chinese#ZH-Alto-1#Mixed_Voice_and_Falsetto#忽然之间#Mixed_Voice_Group#0004,D:\-MindEcho-main\ml_dl_models\gtsinger_multitech\dataset\raw\Chinese\ZH-Alto-1\Mixed_Voice_and_Falsetto\忽然之间\Mixed_Voice_Group\0004.wav,Chinese/ZH-Alto-1/Mixed_Voice_and_Falsetto/忽然之间/Mixed_Voice_Group/0004.wav,Chinese,ZH-Alto-1,忽然之间,Mixed_Voice_Group,1,0,0,0,1,0,1,clear_mix,100010,positive_mix,0.772704,cpu
Chinese#ZH-Alto-1#Mixed_Voice_and_Falsetto#忽然之间#Mixed_Voice_Group#0006,D:\-MindEcho-main\ml_dl_models\gtsinger_multitech\dataset\raw\Chinese\ZH-Alto-1\Mixed_Voice_and_Falsetto\忽然之间\Mixed_Voice_Group\0006.wav,Chinese/ZH-Alto-1/Mixed_Voice_and_Falsetto/忽然之间/Mixed_Voice_Group/0006.wav,Chinese,ZH-Alto-1,忽然之间,Mixed_Voice_Group,1,0,0,0,1,0,1,clear_mix,100010,positive_mix,0.625740,cpu
Chinese#ZH-Alto-1#Mixed_Voice_and_Falsetto#我们的明天#Mixed_Voice_Group#0001,D:\-MindEcho-main\ml_dl_models\gtsinger_multitech\dataset\raw\Chinese\ZH-Alto-1\Mixed_Voice_and_Falsetto\我们的明天\Mixed_Voice_Group\0001.wav,Chinese/ZH-Alto-1/Mixed_Voice_and_Falsetto/我们的明天/Mixed_Voice_Group/0001.wav,Chinese,ZH-Alto-1,我们的明天,Mixed_Voice_Group,1,0,0,0,1,0,1,clear_mix,100010,positive_mix,0.686859,cpu
Chinese#ZH-Alto-1#Mixed_Voice_and_Falsetto#我们的明天#Mixed_Voice_Group#0002,D:\-MindEcho-main\ml_dl_models\gtsinger_multitech\dataset\raw\Chinese\ZH-Alto-1\Mixed_Voice_and_Falsetto\我们的明天\Mixed_Voice_Group\0002.wav,Chinese/ZH-Alto-1/Mixed_Voice_and_Falsetto/我们的明天/Mixed_Voice_Group/0002.wav,Chinese,ZH-Alto-1,我们的明天,Mixed_Voice_Group,1,0,0,0,1,0,1,clear_mix,100010,positive_mix,0.771188,cpu
Chinese#ZH-Alto-1#Mixed_Voice_and_Falsetto#我们的明天#Mixed_Voice_Group#0003,D:\-MindEcho-main\ml_dl_models\gtsinger_multitech\dataset\raw\Chinese\ZH-Alto-1\Mixed_Voice_and_Falsetto\我们的明天\Mixed_Voice_Group\0003.wav,Chinese/ZH-Alto-1/Mixed_Voice_and_Falsetto/我们的明天/Mixed_Voice_Group/0003.wav,Chinese,ZH-Alto-1,我们的明天,Mixed_Voice_Group,1,0,0,0,1,0,1,clear_mix,100010,positive_mix,0.663922,cpu
Chinese#ZH-Alto-1#Mixed_Voice_and_Falsetto#我们的明天#Mixed_Voice_Group#0004,D:\-MindEcho-main\ml_dl_models\gtsinger_multitech\dataset\raw\Chinese\ZH-Alto-1\Mixed_Voice_and_Falsetto\我们的明天\Mixed_Voice_Group\0004.wav,Chinese/ZH-Alto-1/Mixed_Voice_and_Falsetto/我们的明天/Mixed_Voice_Group/0004.wav,Chinese,ZH-Alto-1,我们的明天,Mixed_Voice_Group,1,0,0,0,1,0,1,clear_mix,100010,positive_mix,0.423497,cpu
Chinese#ZH-Alto-1#Mixed_Voice_and_Falsetto#我们的明天#Mixed_Voice_Group#0005,D:\-MindEcho-main\ml_dl_models\gtsinger_multitech\dataset\raw\Chinese\ZH-Alto-1\Mixed_Voice_and_Falsetto\我们的明天\Mixed_Voice_Group\0005.wav,Chinese/ZH-Alto-1/Mixed_Voice_and_Falsetto/我们的明天/Mixed_Voice_Group/0005.wav,Chinese,ZH-Alto-1,我们的明天,Mixed_Voice_Group,1,0,0,0,1,0,1,clear_mix,100010,positive_mix,0.591214,cpu
Chinese#ZH-Alto-1#Mixed_Voice_and_Falsetto#我们的明天#Mixed_Voice_Group#0007,D:\-MindEcho-main\ml_dl_models\gtsinger_multitech\dataset\raw\Chinese\ZH-Alto-1\Mixed_Voice_and_Falsetto\我们的明天\Mixed_Voice_Group\0007.wav,Chinese/ZH-Alto-1/Mixed_Voice_and_Falsetto/我们的明天/Mixed_Voice_Group/0007.wav,Chinese,ZH-Alto-1,我们的明天,Mixed_Voice_Group,1,0,0,0,1,0,1,clear_mix,100010,positive_mix,0.772120,cpu
Chinese#ZH-Alto-1#Mixed_Voice_and_Falsetto#我们的明天#Mixed_Voice_Group#0008,D:\-MindEcho-main\ml_dl_models\gtsinger_multitech\dataset\raw\Chinese\ZH-Alto-1\Mixed_Voice_and_Falsetto\我们的明天\Mixed_Voice_Group\0008.wav,Chinese/ZH-Alto-1/Mixed_Voice_and_Falsetto/我们的明天/Mixed_Voice_Group/0008.wav,Chinese,ZH-Alto-1,我们的明天,Mixed_Voice_Group,1,0,0,0,1,0,1,clear_mix,100010,positive_mix,0.844784,cpu
Chinese#ZH-Alto-1#Mixed_Voice_and_Falsetto#我们的明天#Mixed_Voice_Group#0010,D:\-MindEcho-main\ml_dl_models\gtsinger_multitech\dataset\raw\Chinese\ZH-Alto-1\Mixed_Voice_and_Falsetto\我们的明天\Mixed_Voice_Group\0010.wav,Chinese/ZH-Alto-1/Mixed_Voice_and_Falsetto/我们的明天/Mixed_Voice_Group/0010.wav,Chinese,ZH-Alto-1,我们的明天,Mixed_Voice_Group,1,0,0,0,1,0,1,clear_mix,100010,positive_mix,0.793183,cpu
Chinese#ZH-Alto-1#Mixed_Voice_and_Falsetto#我喜欢上你时的内心活动#Mixed_Voice_Group#0000,D:\-MindEcho-main\ml_dl_models\gtsinger_multitech\dataset\raw\Chinese\ZH-Alto-1\Mixed_Voice_and_Falsetto\我喜欢上你时的内心活动\Mixed_Voice_Group\0000.wav,Chinese/ZH-Alto-1/Mixed_Voice_and_Falsetto/我喜欢上你时的内心活动/Mixed_Voice_Group/0000.wav,Chinese,ZH-Alto-1,我喜欢上你时的内心活动,Mixed_Voice_Group,1,0,0,0,1,0,1,clear_mix,100010,positive_mix,0.601223,cpu
Chinese#ZH-Alto-1#Mixed_Voice_and_Falsetto#我喜欢上你时的内心活动#Mixed_Voice_Group#0001,D:\-MindEcho-main\ml_dl_models\gtsinger_multitech\dataset\raw\Chinese\ZH-Alto-1\Mixed_Voice_and_Falsetto\我喜欢上你时的内心活动\Mixed_Voice_Group\0001.wav,Chinese/ZH-Alto-1/Mixed_Voice_and_Falsetto/我喜欢上你时的内心活动/Mixed_Voice_Group/0001.wav,Chinese,ZH-Alto-1,我喜欢上你时的内心活动,Mixed_Voice_Group,1,0,0,0,1,0,1,clear_mix,100010,positive_mix,0.401839,cpu
Chinese#ZH-Alto-1#Mixed_Voice_and_Falsetto#我喜欢上你时的内心活动#Mixed_Voice_Group#0002,D:\-MindEcho-main\ml_dl_models\gtsinger_multitech\dataset\raw\Chinese\ZH-Alto-1\Mixed_Voice_and_Falsetto\我喜欢上你时的内心活动\Mixed_Voice_Group\0002.wav,Chinese/ZH-Alto-1/Mixed_Voice_and_Falsetto/我喜欢上你时的内心活动/Mixed_Voice_Group/0002.wav,Chinese,ZH-Alto-1,我喜欢上你时的内心活动,Mixed_Voice_Group,1,0,0,0,1,0,1,clear_mix,100010,positive_mix,0.626693,cpu
Chinese#ZH-Alto-1#Mixed_Voice_and_Falsetto#我喜欢上你时的内心活动#Mixed_Voice_Group#0003,D:\-MindEcho-main\ml_dl_models\gtsinger_multitech\dataset\raw\Chinese\ZH-Alto-1\Mixed_Voice_and_Falsetto\我喜欢上你时的内心活动\Mixed_Voice_Group\0003.wav,Chinese/ZH-Alto-1/Mixed_Voice_and_Falsetto/我喜欢上你时的内心活动/Mixed_Voice_Group/0003.wav,Chinese,ZH-Alto-1,我喜欢上你时的内心活动,Mixed_Voice_Group,1,0,0,0,1,0,1,clear_mix,100010,positive_mix,0.718732,cpu
Chinese#ZH-Alto-1#Mixed_Voice_and_Falsetto#我喜欢上你时的内心活动#Mixed_Voice_Group#0007,D:\-MindEcho-main\ml_dl_models\gtsinger_multitech\dataset\raw\Chinese\ZH-Alto-1\Mixed_Voice_and_Falsetto\我喜欢上你时的内心活动\Mixed_Voice_Group\0007.wav,Chinese/ZH-Alto-1/Mixed_Voice_and_Falsetto/我喜欢上你时的内心活动/Mixed_Voice_Group/0007.wav,Chinese,ZH-Alto-1,我喜欢上你时的内心活动,Mixed_Voice_Group,1,0,0,0,1,0,1,clear_mix,100010,positive_mix,0.403200,cpu
Chinese#ZH-Alto-1#Mixed_Voice_and_Falsetto#我喜欢上你时的内心活动#Mixed_Voice_Group#0008,D:\-MindEcho-main\ml_dl_models\gtsinger_multitech\dataset\raw\Chinese\ZH-Alto-1\Mixed_Voice_and_Falsetto\我喜欢上你时的内心活动\Mixed_Voice_Group\0008.wav,Chinese/ZH-Alto-1/Mixed_Voice_and_Falsetto/我喜欢上你时的内心活动/Mixed_Voice_Group/0008.wav,Chinese,ZH-Alto-1,我喜欢上你时的内心活动,Mixed_Voice_Group,1,0,0,0,1,0,1,clear_mix,100010,positive_mix,0.327139,cpu
Chinese#ZH-Alto-1#Mixed_Voice_and_Falsetto#我喜欢上你时的内心活动#Mixed_Voice_Group#0009,D:\-MindEcho-main\ml_dl_models\gtsinger_multitech\dataset\raw\Chinese\ZH-Alto-1\Mixed_Voice_and_Falsetto\我喜欢上你时的内心活动\Mixed_Voice_Group\0009.wav,Chinese/ZH-Alto-1/Mixed_Voice_and_Falsetto/我喜欢上你时的内心活动/Mixed_Voice_Group/0009.wav,Chinese,ZH-Alto-1,我喜欢上你时的内心活动,Mixed_Voice_Group,1,0,0,0,1,0,1,clear_mix,100010,positive_mix,0.443971,cpu
Chinese#ZH-Alto-1#Mixed_Voice_and_Falsetto#我喜欢上你时的内心活动#Mixed_Voice_Group#0010,D:\-MindEcho-main\ml_dl_models\gtsinger_multitech\dataset\raw\Chinese\ZH-Alto-1\Mixed_Voice_and_Falsetto\我喜欢上你时的内心活动\Mixed_Voice_Group\0010.wav,Chinese/ZH-Alto-1/Mixed_Voice_and_Falsetto/我喜欢上你时的内心活动/Mixed_Voice_Group/0010.wav,Chinese,ZH-Alto-1,我喜欢上你时的内心活动,Mixed_Voice_Group,1,0,0,0,1,0,1,clear_mix,100010,positive_mix,0.573558,cpu
Chinese#ZH-Alto-1#Mixed_Voice_and_Falsetto#我喜欢上你时的内心活动#Mixed_Voice_Group#0011,D:\-MindEcho-main\ml_dl_models\gtsinger_multitech\dataset\raw\Chinese\ZH-Alto-1\Mixed_Voice_and_Falsetto\我喜欢上你时的内心活动\Mixed_Voice_Group\0011.wav,Chinese/ZH-Alto-1/Mixed_Voice_and_Falsetto/我喜欢上你时的内心活动/Mixed_Voice_Group/0011.wav,Chinese,ZH-Alto-1,我喜欢上你时的内心活动,Mixed_Voice_Group,1,0,0,0,1,0,1,clear_mix,100010,positive_mix,0.437689,cpu
Chinese#ZH-Alto-1#Mixed_Voice_and_Falsetto#我喜欢上你时的内心活动#Mixed_Voice_Group#0012,D:\-MindEcho-main\ml_dl_models\gtsinger_multitech\dataset\raw\Chinese\ZH-Alto-1\Mixed_Voice_and_Falsetto\我喜欢上你时的内心活动\Mixed_Voice_Group\0012.wav,Chinese/ZH-Alto-1/Mixed_Voice_and_Falsetto/我喜欢上你时的内心活动/Mixed_Voice_Group/0012.wav,Chinese,ZH-Alto-1,我喜欢上你时的内心活动,Mixed_Voice_Group,1,0,0,0,1,0,1,clear_mix,100010,positive_mix,0.638895,cpu
Chinese#ZH-Alto-1#Mixed_Voice_and_Falsetto#我喜欢上你时的内心活动#Mixed_Voice_Group#0013,D:\-MindEcho-main\ml_dl_models\gtsinger_multitech\dataset\raw\Chinese\ZH-Alto-1\Mixed_Voice_and_Falsetto\我喜欢上你时的内心活动\Mixed_Voice_Group\0013.wav,Chinese/ZH-Alto-1/Mixed_Voice_and_Falsetto/我喜欢上你时的内心活动/Mixed_Voice_Group/0013.wav,Chinese,ZH-Alto-1,我喜欢上你时的内心活动,Mixed_Voice_Group,1,0,0,0,1,0,1,clear_mix,100010,positive_mix,0.548439,cpu
Chinese#ZH-Alto-1#Mixed_Voice_and_Falsetto#我喜欢上你时的内心活动#Mixed_Voice_Group#0014,D:\-MindEcho-main\ml_dl_models\gtsinger_multitech\dataset\raw\Chinese\ZH-Alto-1\Mixed_Voice_and_Falsetto\我喜欢上你时的内心活动\Mixed_Voice_Group\0014.wav,Chinese/ZH-Alto-1/Mixed_Voice_and_Falsetto/我喜欢上你时的内心活动/Mixed_Voice_Group/0014.wav,Chinese,ZH-Alto-1,我喜欢上你时的内心活动,Mixed_Voice_Group,1,0,0,0,1,0,1,clear_mix,100010,positive_mix,0.595088,cpu
Chinese#ZH-Alto-1#Mixed_Voice_and_Falsetto#我喜欢上你时的内心活动#Mixed_Voice_Group#0015,D:\-MindEcho-main\ml_dl_models\gtsinger_multitech\dataset\raw\Chinese\ZH-Alto-1\Mixed_Voice_and_Falsetto\我喜欢上你时的内心活动\Mixed_Voice_Group\0015.wav,Chinese/ZH-Alto-1/Mixed_Voice_and_Falsetto/我喜欢上你时的内心活动/Mixed_Voice_Group/0015.wav,Chinese,ZH-Alto-1,我喜欢上你时的内心活动,Mixed_Voice_Group,1,0,0,0,1,0,1,clear_mix,100010,positive_mix,0.457352,cpu
Chinese#ZH-Alto-1#Mixed_Voice_and_Falsetto#我喜欢上你时的内心活动#Mixed_Voice_Group#0016,D:\-MindEcho-main\ml_dl_models\gtsinger_multitech\dataset\raw\Chinese\ZH-Alto-1\Mixed_Voice_and_Falsetto\我喜欢上你时的内心活动\Mixed_Voice_Group\0016.wav,Chinese/ZH-Alto-1/Mixed_Voice_and_Falsetto/我喜欢上你时的内心活动/Mixed_Voice_Group/0016.wav,Chinese,ZH-Alto-1,我喜欢上你时的内心活动,Mixed_Voice_Group,1,0,0,0,1,0,1,clear_mix,100010,positive_mix,0.504607,cpu
Chinese#ZH-Alto-1#Mixed_Voice_and_Falsetto#我喜欢上你时的内心活动#Mixed_Voice_Group#0017,D:\-MindEcho-main\ml_dl_models\gtsinger_multitech\dataset\raw\Chinese\ZH-Alto-1\Mixed_Voice_and_Falsetto\我喜欢上你时的内心活动\Mixed_Voice_Group\0017.wav,Chinese/ZH-Alto-1/Mixed_Voice_and_Falsetto/我喜欢上你时的内心活动/Mixed_Voice_Group/0017.wav,Chinese,ZH-Alto-1,我喜欢上你时的内心活动,Mixed_Voice_Group,1,0,0,0,1,0,1,clear_mix,100010,positive_mix,0.286424,cpu
Chinese#ZH-Alto-1#Mixed_Voice_and_Falsetto#我的歌声里#Mixed_Voice_Group#0000,D:\-MindEcho-main\ml_dl_models\gtsinger_multitech\dataset\raw\Chinese\ZH-Alto-1\Mixed_Voice_and_Falsetto\我的歌声里\Mixed_Voice_Group\0000.wav,Chinese/ZH-Alto-1/Mixed_Voice_and_Falsetto/我的歌声里/Mixed_Voice_Group/0000.wav,Chinese,ZH-Alto-1,我的歌声里,Mixed_Voice_Group,1,0,0,0,1,0,1,clear_mix,100010,positive_mix,0.531249,cpu
Chinese#ZH-Alto-1#Mixed_Voice_and_Falsetto#我的歌声里#Mixed_Voice_Group#0001,D:\-MindEcho-main\ml_dl_models\gtsinger_multitech\dataset\raw\Chinese\ZH-Alto-1\Mixed_Voice_and_Falsetto\我的歌声里\Mixed_Voice_Group\0001.wav,Chinese/ZH-Alto-1/Mixed_Voice_and_Falsetto/我的歌声里/Mixed_Voice_Group/0001.wav,Chinese,ZH-Alto-1,我的歌声里,Mixed_Voice_Group,1,0,0,0,1,0,1,clear_mix,100010,positive_mix,0.534679,cpu
Chinese#ZH-Alto-1#Mixed_Voice_and_Falsetto#我的歌声里#Mixed_Voice_Group#0002,D:\-MindEcho-main\ml_dl_models\gtsinger_multitech\dataset\raw\Chinese\ZH-Alto-1\Mixed_Voice_and_Falsetto\我的歌声里\Mixed_Voice_Group\0002.wav,Chinese/ZH-Alto-1/Mixed_Voice_and_Falsetto/我的歌声里/Mixed_Voice_Group/0002.wav,Chinese,ZH-Alto-1,我的歌声里,Mixed_Voice_Group,1,0,0,0,1,0,1,clear_mix,100010,positive_mix,0.642464,cpu
Chinese#ZH-Alto-1#Mixed_Voice_and_Falsetto#我的歌声里#Mixed_Voice_Group#0005,D:\-MindEcho-main\ml_dl_models\gtsinger_multitech\dataset\raw\Chinese\ZH-Alto-1\Mixed_Voice_and_Falsetto\我的歌声里\Mixed_Voice_Group\0005.wav,Chinese/ZH-Alto-1/Mixed_Voice_and_Falsetto/我的歌声里/Mixed_Voice_Group/0005.wav,Chinese,ZH-Alto-1,我的歌声里,Mixed_Voice_Group,1,0,0,0,1,0,1,clear_mix,100010,positive_mix,0.725877,cpu
Chinese#ZH-Alto-1#Mixed_Voice_and_Falsetto#我的歌声里#Mixed_Voice_Group#0006,D:\-MindEcho-main\ml_dl_models\gtsinger_multitech\dataset\raw\Chinese\ZH-Alto-1\Mixed_Voice_and_Falsetto\我的歌声里\Mixed_Voice_Group\0006.wav,Chinese/ZH-Alto-1/Mixed_Voice_and_Falsetto/我的歌声里/Mixed_Voice_Group/0006.wav,Chinese,ZH-Alto-1,我的歌声里,Mixed_Voice_Group,1,0,0,0,1,0,1,clear_mix,100010,positive_mix,0.478888,cpu
Chinese#ZH-Alto-1#Mixed_Voice_and_Falsetto#我的歌声里#Mixed_Voice_Group#0007,D:\-MindEcho-main\ml_dl_models\gtsinger_multitech\dataset\raw\Chinese\ZH-Alto-1\Mixed_Voice_and_Falsetto\我的歌声里\Mixed_Voice_Group\0007.wav,Chinese/ZH-Alto-1/Mixed_Voice_and_Falsetto/我的歌声里/Mixed_Voice_Group/0007.wav,Chinese,ZH-Alto-1,我的歌声里,Mixed_Voice_Group,1,0,0,0,1,0,1,clear_mix,100010,positive_mix,0.537562,cpu
Chinese#ZH-Alto-1#Mixed_Voice_and_Falsetto#我的歌声里#Mixed_Voice_Group#0010,D:\-MindEcho-main\ml_dl_models\gtsinger_multitech\dataset\raw\Chinese\ZH-Alto-1\Mixed_Voice_and_Falsetto\我的歌声里\Mixed_Voice_Group\0010.wav,Chinese/ZH-Alto-1/Mixed_Voice_and_Falsetto/我的歌声里/Mixed_Voice_Group/0010.wav,Chinese,ZH-Alto-1,我的歌声里,Mixed_Voice_Group,1,0,0,0,1,0,1,clear_mix,100010,positive_mix,0.692564,cpu
Chinese#ZH-Alto-1#Mixed_Voice_and_Falsetto#我的歌声里#Mixed_Voice_Group#0012,D:\-MindEcho-main\ml_dl_models\gtsinger_multitech\dataset\raw\Chinese\ZH-Alto-1\Mixed_Voice_and_Falsetto\我的歌声里\Mixed_Voice_Group\0012.wav,Chinese/ZH-Alto-1/Mixed_Voice_and_Falsetto/我的歌声里/Mixed_Voice_Group/0012.wav,Chinese,ZH-Alto-1,我的歌声里,Mixed_Voice_Group,1,0,0,0,1,0,1,clear_mix,100010,positive_mix,0.764765,cpu
Chinese#ZH-Alto-1#Mixed_Voice_and_Falsetto#我的歌声里#Mixed_Voice_Group#0013,D:\-MindEcho-main\ml_dl_models\gtsinger_multitech\dataset\raw\Chinese\ZH-Alto-1\Mixed_Voice_and_Falsetto\我的歌声里\Mixed_Voice_Group\0013.wav,Chinese/ZH-Alto-1/Mixed_Voice_and_Falsetto/我的歌声里/Mixed_Voice_Group/0013.wav,Chinese,ZH-Alto-1,我的歌声里,Mixed_Voice_Group,1,0,0,0,1,0,1,clear_mix,100010,positive_mix,0.877060,cpu
Chinese#ZH-Alto-1#Mixed_Voice_and_Falsetto#我的歌声里#Mixed_Voice_Group#0014,D:\-MindEcho-main\ml_dl_models\gtsinger_multitech\dataset\raw\Chinese\ZH-Alto-1\Mixed_Voice_and_Falsetto\我的歌声里\Mixed_Voice_Group\0014.wav,Chinese/ZH-Alto-1/Mixed_Voice_and_Falsetto/我的歌声里/Mixed_Voice_Group/0014.wav,Chinese,ZH-Alto-1,我的歌声里,Mixed_Voice_Group,1,0,0,0,1,0,1,clear_mix,100010,positive_mix,0.685278,cpu
Chinese#ZH-Alto-1#Mixed_Voice_and_Falsetto#我的歌声里#Mixed_Voice_Group#0016,D:\-MindEcho-main\ml_dl_models\gtsinger_multitech\dataset\raw\Chinese\ZH-Alto-1\Mixed_Voice_and_Falsetto\我的歌声里\Mixed_Voice_Group\0016.wav,Chinese/ZH-Alto-1/Mixed_Voice_and_Falsetto/我的歌声里/Mixed_Voice_Group/0016.wav,Chinese,ZH-Alto-1,我的歌声里,Mixed_Voice_Group,1,0,0,0,1,0,1,clear_mix,100010,positive_mix,0.415370,cpu
Chinese#ZH-Alto-1#Mixed_Voice_and_Falsetto#我的歌声里#Mixed_Voice_Group#0017,D:\-MindEcho-main\ml_dl_models\gtsinger_multitech\dataset\raw\Chinese\ZH-Alto-1\Mixed_Voice_and_Falsetto\我的歌声里\Mixed_Voice_Group\0017.wav,Chinese/ZH-Alto-1/Mixed_Voice_and_Falsetto/我的歌声里/Mixed_Voice_Group/0017.wav,Chinese,ZH-Alto-1,我的歌声里,Mixed_Voice_Group,1,0,0,0,1,0,1,clear_mix,100010,positive_mix,0.596463,cpu
Chinese#ZH-Alto-1#Mixed_Voice_and_Falsetto#日不落#Mixed_Voice_Group#0000,D:\-MindEcho-main\ml_dl_models\gtsinger_multitech\dataset\raw\Chinese\ZH-Alto-1\Mixed_Voice_and_Falsetto\日不落\Mixed_Voice_Group\0000.wav,Chinese/ZH-Alto-1/Mixed_Voice_and_Falsetto/日不落/Mixed_Voice_Group/0000.wav,Chinese,ZH-Alto-1,日不落,Mixed_Voice_Group,1,0,0,0,1,0,1,clear_mix,100010,positive_mix,0.346555,cpu
Chinese#ZH-Alto-1#Mixed_Voice_and_Falsetto#日不落#Mixed_Voice_Group#0001,D:\-MindEcho-main\ml_dl_models\gtsinger_multitech\dataset\raw\Chinese\ZH-Alto-1\Mixed_Voice_and_Falsetto\日不落\Mixed_Voice_Group\0001.wav,Chinese/ZH-Alto-1/Mixed_Voice_and_Falsetto/日不落/Mixed_Voice_Group/0001.wav,Chinese,ZH-Alto-1,日不落,Mixed_Voice_Group,1,0,0,0,1,0,1,clear_mix,100010,positive_mix,0.302670,cpu
Chinese#ZH-Alto-1#Mixed_Voice_and_Falsetto#日不落#Mixed_Voice_Group#0003,D:\-MindEcho-main\ml_dl_models\gtsinger_multitech\dataset\raw\Chinese\ZH-Alto-1\Mixed_Voice_and_Falsetto\日不落\Mixed_Voice_Group\0003.wav,Chinese/ZH-Alto-1/Mixed_Voice_and_Falsetto/日不落/Mixed_Voice_Group/0003.wav,Chinese,ZH-Alto-1,日不落,Mixed_Voice_Group,1,0,0,0,1,0,1,clear_mix,100010,positive_mix,0.587941,cpu
Chinese#ZH-Alto-1#Mixed_Voice_and_Falsetto#时间煮雨#Mixed_Voice_Group#0000,D:\-MindEcho-main\ml_dl_models\gtsinger_multitech\dataset\raw\Chinese\ZH-Alto-1\Mixed_Voice_and_Falsetto\时间煮雨\Mixed_Voice_Group\0000.wav,Chinese/ZH-Alto-1/Mixed_Voice_and_Falsetto/时间煮雨/Mixed_Voice_Group/0000.wav,Chinese,ZH-Alto-1,时间煮雨,Mixed_Voice_Group,1,0,0,0,1,0,1,clear_mix,100010,positive_mix,0.613238,cpu
Chinese#ZH-Alto-1#Mixed_Voice_and_Falsetto#时间煮雨#Mixed_Voice_Group#0001,D:\-MindEcho-main\ml_dl_models\gtsinger_multitech\dataset\raw\Chinese\ZH-Alto-1\Mixed_Voice_and_Falsetto\时间煮雨\Mixed_Voice_Group\0001.wav,Chinese/ZH-Alto-1/Mixed_Voice_and_Falsetto/时间煮雨/Mixed_Voice_Group/0001.wav,Chinese,ZH-Alto-1,时间煮雨,Mixed_Voice_Group,1,0,0,0,1,0,1,clear_mix,100010,positive_mix,0.804904,cpu
Chinese#ZH-Alto-1#Mixed_Voice_and_Falsetto#时间煮雨#Mixed_Voice_Group#0002,D:\-MindEcho-main\ml_dl_models\gtsinger_multitech\dataset\raw\Chinese\ZH-Alto-1\Mixed_Voice_and_Falsetto\时间煮雨\Mixed_Voice_Group\0002.wav,Chinese/ZH-Alto-1/Mixed_Voice_and_Falsetto/时间煮雨/Mixed_Voice_Group/0002.wav,Chinese,ZH-Alto-1,时间煮雨,Mixed_Voice_Group,1,0,0,0,1,0,1,clear_mix,100010,positive_mix,0.734341,cpu
Chinese#ZH-Alto-1#Mixed_Voice_and_Falsetto#时间煮雨#Mixed_Voice_Group#0003,D:\-MindEcho-main\ml_dl_models\gtsinger_multitech\dataset\raw\Chinese\ZH-Alto-1\Mixed_Voice_and_Falsetto\时间煮雨\Mixed_Voice_Group\0003.wav,Chinese/ZH-Alto-1/Mixed_Voice_and_Falsetto/时间煮雨/Mixed_Voice_Group/0003.wav,Chinese,ZH-Alto-1,时间煮雨,Mixed_Voice_Group,1,0,0,0,1,0,1,clear_mix,100010,positive_mix,0.489647,cpu
Chinese#ZH-Alto-1#Mixed_Voice_and_Falsetto#时间煮雨#Mixed_Voice_Group#0004,D:\-MindEcho-main\ml_dl_models\gtsinger_multitech\dataset\raw\Chinese\ZH-Alto-1\Mixed_Voice_and_Falsetto\时间煮雨\Mixed_Voice_Group\0004.wav,Chinese/ZH-Alto-1/Mixed_Voice_and_Falsetto/时间煮雨/Mixed_Voice_Group/0004.wav,Chinese,ZH-Alto-1,时间煮雨,Mixed_Voice_Group,1,0,0,0,1,0,1,clear_mix,100010,positive_mix,0.833773,cpu
Chinese#ZH-Alto-1#Mixed_Voice_and_Falsetto#时间煮雨#Mixed_Voice_Group#0006,D:\-MindEcho-main\ml_dl_models\gtsinger_multitech\dataset\raw\Chinese\ZH-Alto-1\Mixed_Voice_and_Falsetto\时间煮雨\Mixed_Voice_Group\0006.wav,Chinese/ZH-Alto-1/Mixed_Voice_and_Falsetto/时间煮雨/Mixed_Voice_Group/0006.wav,Chinese,ZH-Alto-1,时间煮雨,Mixed_Voice_Group,1,0,0,0,1,0,1,clear_mix,100010,positive_mix,0.660120,cpu
Chinese#ZH-Alto-1#Mixed_Voice_and_Falsetto#时间煮雨#Mixed_Voice_Group#0007,D:\-MindEcho-main\ml_dl_models\gtsinger_multitech\dataset\raw\Chinese\ZH-Alto-1\Mixed_Voice_and_Falsetto\时间煮雨\Mixed_Voice_Group\0007.wav,Chinese/ZH-Alto-1/Mixed_Voice_and_Falsetto/时间煮雨/Mixed_Voice_Group/0007.wav,Chinese,ZH-Alto-1,时间煮雨,Mixed_Voice_Group,1,0,0,0,1,0,1,clear_mix,100010,positive_mix,0.552119,cpu
Chinese#ZH-Alto-1#Mixed_Voice_and_Falsetto#最长的电影#Mixed_Voice_Group#0000,D:\-MindEcho-main\ml_dl_models\gtsinger_multitech\dataset\raw\Chinese\ZH-Alto-1\Mixed_Voice_and_Falsetto\最长的电影\Mixed_Voice_Group\0000.wav,Chinese/ZH-Alto-1/Mixed_Voice_and_Falsetto/最长的电影/Mixed_Voice_Group/0000.wav,Chinese,ZH-Alto-1,最长的电影,Mixed_Voice_Group,1,0,0,0,1,0,1,clear_mix,100010,positive_mix,0.527026,cpu
Chinese#ZH-Alto-1#Mixed_Voice_and_Falsetto#最长的电影#Mixed_Voice_Group#0001,D:\-MindEcho-main\ml_dl_models\gtsinger_multitech\dataset\raw\Chinese\ZH-Alto-1\Mixed_Voice_and_Falsetto\最长的电影\Mixed_Voice_Group\0001.wav,Chinese/ZH-Alto-1/Mixed_Voice_and_Falsetto/最长的电影/Mixed_Voice_Group/0001.wav,Chinese,ZH-Alto-1,最长的电影,Mixed_Voice_Group,1,0,0,0,1,0,1,clear_mix,100010,positive_mix,0.555552,cpu
Chinese#ZH-Alto-1#Mixed_Voice_and_Falsetto#最长的电影#Mixed_Voice_Group#0002,D:\-MindEcho-main\ml_dl_models\gtsinger_multitech\dataset\raw\Chinese\ZH-Alto-1\Mixed_Voice_and_Falsetto\最长的电影\Mixed_Voice_Group\0002.wav,Chinese/ZH-Alto-1/Mixed_Voice_and_Falsetto/最长的电影/Mixed_Voice_Group/0002.wav,Chinese,ZH-Alto-1,最长的电影,Mixed_Voice_Group,1,0,0,0,1,0,1,clear_mix,100010,positive_mix,0.509073,cpu
Chinese#ZH-Alto-1#Mixed_Voice_and_Falsetto#最长的电影#Mixed_Voice_Group#0003,D:\-MindEcho-main\ml_dl_models\gtsinger_multitech\dataset\raw\Chinese\ZH-Alto-1\Mixed_Voice_and_Falsetto\最长的电影\Mixed_Voice_Group\0003.wav,Chinese/ZH-Alto-1/Mixed_Voice_and_Falsetto/最长的电影/Mixed_Voice_Group/0003.wav,Chinese,ZH-Alto-1,最长的电影,Mixed_Voice_Group,1,0,0,0,1,0,1,clear_mix,100010,positive_mix,0.570021,cpu
Chinese#ZH-Alto-1#Mixed_Voice_and_Falsetto#最长的电影#Mixed_Voice_Group#0004,D:\-MindEcho-main\ml_dl_models\gtsinger_multitech\dataset\raw\Chinese\ZH-Alto-1\Mixed_Voice_and_Falsetto\最长的电影\Mixed_Voice_Group\0004.wav,Chinese/ZH-Alto-1/Mixed_Voice_and_Falsetto/最长的电影/Mixed_Voice_Group/0004.wav,Chinese,ZH-Alto-1,最长的电影,Mixed_Voice_Group,1,0,0,0,1,0,1,clear_mix,100010,positive_mix,0.645152,cpu
Chinese#ZH-Alto-1#Mixed_Voice_and_Falsetto#最长的电影#Mixed_Voice_Group#0005,D:\-MindEcho-main\ml_dl_models\gtsinger_multitech\dataset\raw\Chinese\ZH-Alto-1\Mixed_Voice_and_Falsetto\最长的电影\Mixed_Voice_Group\0005.wav,Chinese/ZH-Alto-1/Mixed_Voice_and_Falsetto/最长的电影/Mixed_Voice_Group/0005.wav,Chinese,ZH-Alto-1,最长的电影,Mixed_Voice_Group,1,0,0,0,1,0,1,clear_mix,100010,positive_mix,0.478864,cpu
Chinese#ZH-Alto-1#Mixed_Voice_and_Falsetto#最长的电影#Mixed_Voice_Group#0006,D:\-MindEcho-main\ml_dl_models\gtsinger_multitech\dataset\raw\Chinese\ZH-Alto-1\Mixed_Voice_and_Falsetto\最长的电影\Mixed_Voice_Group\0006.wav,Chinese/ZH-Alto-1/Mixed_Voice_and_Falsetto/最长的电影/Mixed_Voice_Group/0006.wav,Chinese,ZH-Alto-1,最长的电影,Mixed_Voice_Group,1,0,0,0,1,0,1,clear_mix,100010,positive_mix,0.484917,cpu
Chinese#ZH-Alto-1#Mixed_Voice_and_Falsetto#最长的电影#Mixed_Voice_Group#0007,D:\-MindEcho-main\ml_dl_models\gtsinger_multitech\dataset\raw\Chinese\ZH-Alto-1\Mixed_Voice_and_Falsetto\最长的电影\Mixed_Voice_Group\0007.wav,Chinese/ZH-Alto-1/Mixed_Voice_and_Falsetto/最长的电影/Mixed_Voice_Group/0007.wav,Chinese,ZH-Alto-1,最长的电影,Mixed_Voice_Group,1,0,0,0,1,0,1,clear_mix,100010,positive_mix,0.607166,cpu
Chinese#ZH-Alto-1#Mixed_Voice_and_Falsetto#最长的电影#Mixed_Voice_Group#0008,D:\-MindEcho-main\ml_dl_models\gtsinger_multitech\dataset\raw\Chinese\ZH-Alto-1\Mixed_Voice_and_Falsetto\最长的电影\Mixed_Voice_Group\0008.wav,Chinese/ZH-Alto-1/Mixed_Voice_and_Falsetto/最长的电影/Mixed_Voice_Group/0008.wav,Chinese,ZH-Alto-1,最长的电影,Mixed_Voice_Group,1,0,0,0,1,0,1,clear_mix,100010,positive_mix,0.478868,cpu
Chinese#ZH-Alto-1#Mixed_Voice_and_Falsetto#最长的电影#Mixed_Voice_Group#0009,D:\-MindEcho-main\ml_dl_models\gtsinger_multitech\dataset\raw\Chinese\ZH-Alto-1\Mixed_Voice_and_Falsetto\最长的电影\Mixed_Voice_Group\0009.wav,Chinese/ZH-Alto-1/Mixed_Voice_and_Falsetto/最长的电影/Mixed_Voice_Group/0009.wav,Chinese,ZH-Alto-1,最长的电影,Mixed_Voice_Group,1,0,0,0,1,0,1,clear_mix,100010,positive_mix,0.377444,cpu
Chinese#ZH-Alto-1#Mixed_Voice_and_Falsetto#最长的电影#Mixed_Voice_Group#0010,D:\-MindEcho-main\ml_dl_models\gtsinger_multitech\dataset\raw\Chinese\ZH-Alto-1\Mixed_Voice_and_Falsetto\最长的电影\Mixed_Voice_Group\0010.wav,Chinese/ZH-Alto-1/Mixed_Voice_and_Falsetto/最长的电影/Mixed_Voice_Group/0010.wav,Chinese,ZH-Alto-1,最长的电影,Mixed_Voice_Group,1,0,0,0,1,0,1,clear_mix,100010,positive_mix,0.309203,cpu
Chinese#ZH-Alto-1#Mixed_Voice_and_Falsetto#桃花诺#Mixed_Voice_Group#0000,D:\-MindEcho-main\ml_dl_models\gtsinger_multitech\dataset\raw\Chinese\ZH-Alto-1\Mixed_Voice_and_Falsetto\桃花诺\Mixed_Voice_Group\0000.wav,Chinese/ZH-Alto-1/Mixed_Voice_and_Falsetto/桃花诺/Mixed_Voice_Group/0000.wav,Chinese,ZH-Alto-1,桃花诺,Mixed_Voice_Group,1,0,0,0,1,0,1,clear_mix,100010,positive_mix,0.477522,cpu
Chinese#ZH-Alto-1#Mixed_Voice_and_Falsetto#桃花诺#Mixed_Voice_Group#0002,D:\-MindEcho-main\ml_dl_models\gtsinger_multitech\dataset\raw\Chinese\ZH-Alto-1\Mixed_Voice_and_Falsetto\桃花诺\Mixed_Voice_Group\0002.wav,Chinese/ZH-Alto-1/Mixed_Voice_and_Falsetto/桃花诺/Mixed_Voice_Group/0002.wav,Chinese,ZH-Alto-1,桃花诺,Mixed_Voice_Group,1,0,0,0,1,0,1,clear_mix,100010,positive_mix,0.296544,cpu
Chinese#ZH-Alto-1#Mixed_Voice_and_Falsetto#桃花诺#Mixed_Voice_Group#0003,D:\-MindEcho-main\ml_dl_models\gtsinger_multitech\dataset\raw\Chinese\ZH-Alto-1\Mixed_Voice_and_Falsetto\桃花诺\Mixed_Voice_Group\0003.wav,Chinese/ZH-Alto-1/Mixed_Voice_and_Falsetto/桃花诺/Mixed_Voice_Group/0003.wav,Chinese,ZH-Alto-1,桃花诺,Mixed_Voice_Group,1,0,0,0,1,0,1,clear_mix,100010,positive_mix,0.211108,cpu
Chinese#ZH-Alto-1#Mixed_Voice_and_Falsetto#桃花诺#Mixed_Voice_Group#0004,D:\-MindEcho-main\ml_dl_models\gtsinger_multitech\dataset\raw\Chinese\ZH-Alto-1\Mixed_Voice_and_Falsetto\桃花诺\Mixed_Voice_Group\0004.wav,Chinese/ZH-Alto-1/Mixed_Voice_and_Falsetto/桃花诺/Mixed_Voice_Group/0004.wav,Chinese,ZH-Alto-1,桃花诺,Mixed_Voice_Group,1,0,0,0,1,0,1,clear_mix,100010,positive_mix,0.532077,cpu
Chinese#ZH-Alto-1#Mixed_Voice_and_Falsetto#桃花诺#Mixed_Voice_Group#0006,D:\-MindEcho-main\ml_dl_models\gtsinger_multitech\dataset\raw\Chinese\ZH-Alto-1\Mixed_Voice_and_Falsetto\桃花诺\Mixed_Voice_Group\0006.wav,Chinese/ZH-Alto-1/Mixed_Voice_and_Falsetto/桃花诺/Mixed_Voice_Group/0006.wav,Chinese,ZH-Alto-1,桃花诺,Mixed_Voice_Group,1,0,0,0,1,0,1,clear_mix,100010,positive_mix,0.410230,cpu
Chinese#ZH-Alto-1#Mixed_Voice_and_Falsetto#桃花诺#Mixed_Voice_Group#0007,D:\-MindEcho-main\ml_dl_models\gtsinger_multitech\dataset\raw\Chinese\ZH-Alto-1\Mixed_Voice_and_Falsetto\桃花诺\Mixed_Voice_Group\0007.wav,Chinese/ZH-Alto-1/Mixed_Voice_and_Falsetto/桃花诺/Mixed_Voice_Group/0007.wav,Chinese,ZH-Alto-1,桃花诺,Mixed_Voice_Group,1,0,0,0,1,0,1,clear_mix,100010,positive_mix,0.337725,cpu
Chinese#ZH-Alto-1#Mixed_Voice_and_Falsetto#桃花诺#Mixed_Voice_Group#0008,D:\-MindEcho-main\ml_dl_models\gtsinger_multitech\dataset\raw\Chinese\ZH-Alto-1\Mixed_Voice_and_Falsetto\桃花诺\Mixed_Voice_Group\0008.wav,Chinese/ZH-Alto-1/Mixed_Voice_and_Falsetto/桃花诺/Mixed_Voice_Group/0008.wav,Chinese,ZH-Alto-1,桃花诺,Mixed_Voice_Group,1,1,0,0,1,0,1,head_mix,110010,positive_mix,0.239871,cpu
Chinese#ZH-Alto-1#Mixed_Voice_and_Falsetto#桃花诺#Mixed_Voice_Group#0009,D:\-MindEcho-main\ml_dl_models\gtsinger_multitech\dataset\raw\Chinese\ZH-Alto-1\Mixed_Voice_and_Falsetto\桃花诺\Mixed_Voice_Group\0009.wav,Chinese/ZH-Alto-1/Mixed_Voice_and_Falsetto/桃花诺/Mixed_Voice_Group/0009.wav,Chinese,ZH-Alto-1,桃花诺,Mixed_Voice_Group,1,1,0,0,1,0,1,head_mix,110010,positive_mix,0.299051,cpu
Chinese#ZH-Alto-1#Mixed_Voice_and_Falsetto#桃花诺#Mixed_Voice_Group#0012,D:\-MindEcho-main\ml_dl_models\gtsinger_multitech\dataset\raw\Chinese\ZH-Alto-1\Mixed_Voice_and_Falsetto\桃花诺\Mixed_Voice_Group\0012.wav,Chinese/ZH-Alto-1/Mixed_Voice_and_Falsetto/桃花诺/Mixed_Voice_Group/0012.wav,Chinese,ZH-Alto-1,桃花诺,Mixed_Voice_Group,1,1,0,0,1,0,1,head_mix,110010,positive_mix,0.267812,cpu
Chinese#ZH-Alto-1#Mixed_Voice_and_Falsetto#桃花诺#Mixed_Voice_Group#0014,D:\-MindEcho-main\ml_dl_models\gtsinger_multitech\dataset\raw\Chinese\ZH-Alto-1\Mixed_Voice_and_Falsetto\桃花诺\Mixed_Voice_Group\0014.wav,Chinese/ZH-Alto-1/Mixed_Voice_and_Falsetto/桃花诺/Mixed_Voice_Group/0014.wav,Chinese,ZH-Alto-1,桃花诺,Mixed_Voice_Group,1,1,0,0,1,0,1,head_mix,110010,positive_mix,0.259391,cpu
Chinese#ZH-Alto-1#Mixed_Voice_and_Falsetto#演员#Mixed_Voice_Group#0000,D:\-MindEcho-main\ml_dl_models\gtsinger_multitech\dataset\raw\Chinese\ZH-Alto-1\Mixed_Voice_and_Falsetto\演员\Mixed_Voice_Group\0000.wav,Chinese/ZH-Alto-1/Mixed_Voice_and_Falsetto/演员/Mixed_Voice_Group/0000.wav,Chinese,ZH-Alto-1,演员,Mixed_Voice_Group,1,0,0,0,1,0,1,clear_mix,100010,positive_mix,0.580952,cpu
Chinese#ZH-Alto-1#Mixed_Voice_and_Falsetto#演员#Mixed_Voice_Group#0002,D:\-MindEcho-main\ml_dl_models\gtsinger_multitech\dataset\raw\Chinese\ZH-Alto-1\Mixed_Voice_and_Falsetto\演员\Mixed_Voice_Group\0002.wav,Chinese/ZH-Alto-1/Mixed_Voice_and_Falsetto/演员/Mixed_Voice_Group/0002.wav,Chinese,ZH-Alto-1,演员,Mixed_Voice_Group,1,0,0,0,1,0,1,clear_mix,100010,positive_mix,0.527481,cpu
Chinese#ZH-Alto-1#Mixed_Voice_and_Falsetto#演员#Mixed_Voice_Group#0004,D:\-MindEcho-main\ml_dl_models\gtsinger_multitech\dataset\raw\Chinese\ZH-Alto-1\Mixed_Voice_and_Falsetto\演员\Mixed_Voice_Group\0004.wav,Chinese/ZH-Alto-1/Mixed_Voice_and_Falsetto/演员/Mixed_Voice_Group/0004.wav,Chinese,ZH-Alto-1,演员,Mixed_Voice_Group,1,0,0,0,1,0,1,clear_mix,100010,positive_mix,0.682142,cpu
Chinese#ZH-Alto-1#Mixed_Voice_and_Falsetto#演员#Mixed_Voice_Group#0005,D:\-MindEcho-main\ml_dl_models\gtsinger_multitech\dataset\raw\Chinese\ZH-Alto-1\Mixed_Voice_and_Falsetto\演员\Mixed_Voice_Group\0005.wav,Chinese/ZH-Alto-1/Mixed_Voice_and_Falsetto/演员/Mixed_Voice_Group/0005.wav,Chinese,ZH-Alto-1,演员,Mixed_Voice_Group,1,0,0,0,1,0,1,clear_mix,100010,positive_mix,0.734229,cpu
Chinese#ZH-Alto-1#Mixed_Voice_and_Falsetto#演员#Mixed_Voice_Group#0007,D:\-MindEcho-main\ml_dl_models\gtsinger_multitech\dataset\raw\Chinese\ZH-Alto-1\Mixed_Voice_and_Falsetto\演员\Mixed_Voice_Group\0007.wav,Chinese/ZH-Alto-1/Mixed_Voice_and_Falsetto/演员/Mixed_Voice_Group/0007.wav,Chinese,ZH-Alto-1,演员,Mixed_Voice_Group,1,0,0,0,1,0,1,clear_mix,100010,positive_mix,0.718742,cpu
Chinese#ZH-Alto-1#Mixed_Voice_and_Falsetto#演员#Mixed_Voice_Group#0008,D:\-MindEcho-main\ml_dl_models\gtsinger_multitech\dataset\raw\Chinese\ZH-Alto-1\Mixed_Voice_and_Falsetto\演员\Mixed_Voice_Group\0008.wav,Chinese/ZH-Alto-1/Mixed_Voice_and_Falsetto/演员/Mixed_Voice_Group/0008.wav,Chinese,ZH-Alto-1,演员,Mixed_Voice_Group,1,0,0,0,1,0,1,clear_mix,100010,positive_mix,0.304474,cpu
Chinese#ZH-Alto-1#Mixed_Voice_and_Falsetto#演员#Mixed_Voice_Group#0010,D:\-MindEcho-main\ml_dl_models\gtsinger_multitech\dataset\raw\Chinese\ZH-Alto-1\Mixed_Voice_and_Falsetto\演员\Mixed_Voice_Group\0010.wav,Chinese/ZH-Alto-1/Mixed_Voice_and_Falsetto/演员/Mixed_Voice_Group/0010.wav,Chinese,ZH-Alto-1,演员,Mixed_Voice_Group,1,0,0,0,1,0,1,clear_mix,100010,positive_mix,0.465882,cpu
Chinese#ZH-Alto-1#Mixed_Voice_and_Falsetto#演员#Mixed_Voice_Group#0011,D:\-MindEcho-main\ml_dl_models\gtsinger_multitech\dataset\raw\Chinese\ZH-Alto-1\Mixed_Voice_and_Falsetto\演员\Mixed_Voice_Group\0011.wav,Chinese/ZH-Alto-1/Mixed_Voice_and_Falsetto/演员/Mixed_Voice_Group/0011.wav,Chinese,ZH-Alto-1,演员,Mixed_Voice_Group,1,0,0,0,1,0,1,clear_mix,100010,positive_mix,0.391862,cpu
Chinese#ZH-Alto-1#Mixed_Voice_and_Falsetto#演员#Mixed_Voice_Group#0012,D:\-MindEcho-main\ml_dl_models\gtsinger_multitech\dataset\raw\Chinese\ZH-Alto-1\Mixed_Voice_and_Falsetto\演员\Mixed_Voice_Group\0012.wav,Chinese/ZH-Alto-1/Mixed_Voice_and_Falsetto/演员/Mixed_Voice_Group/0012.wav,Chinese,ZH-Alto-1,演员,Mixed_Voice_Group,1,0,0,0,1,0,1,clear_mix,100010,positive_mix,0.732295,cpu
Chinese#ZH-Alto-1#Mixed_Voice_and_Falsetto#演员#Mixed_Voice_Group#0015,D:\-MindEcho-main\ml_dl_models\gtsinger_multitech\dataset\raw\Chinese\ZH-Alto-1\Mixed_Voice_and_Falsetto\演员\Mixed_Voice_Group\0015.wav,Chinese/ZH-Alto-1/Mixed_Voice_and_Falsetto/演员/Mixed_Voice_Group/0015.wav,Chinese,ZH-Alto-1,演员,Mixed_Voice_Group,1,0,0,0,1,0,1,clear_mix,100010,positive_mix,0.749282,cpu
Chinese#ZH-Alto-1#Mixed_Voice_and_Falsetto#演员#Mixed_Voice_Group#0016,D:\-MindEcho-main\ml_dl_models\gtsinger_multitech\dataset\raw\Chinese\ZH-Alto-1\Mixed_Voice_and_Falsetto\演员\Mixed_Voice_Group\0016.wav,Chinese/ZH-Alto-1/Mixed_Voice_and_Falsetto/演员/Mixed_Voice_Group/0016.wav,Chinese,ZH-Alto-1,演员,Mixed_Voice_Group,1,0,0,0,1,0,1,clear_mix,100010,positive_mix,0.378413,cpu
Chinese#ZH-Alto-1#Mixed_Voice_and_Falsetto#演员#Mixed_Voice_Group#0018,D:\-MindEcho-main\ml_dl_models\gtsinger_multitech\dataset\raw\Chinese\ZH-Alto-1\Mixed_Voice_and_Falsetto\演员\Mixed_Voice_Group\0018.wav,Chinese/ZH-Alto-1/Mixed_Voice_and_Falsetto/演员/Mixed_Voice_Group/0018.wav,Chinese,ZH-Alto-1,演员,Mixed_Voice_Group,1,0,0,0,1,0,1,clear_mix,100010,positive_mix,0.349860,cpu
Chinese#ZH-Alto-1#Mixed_Voice_and_Falsetto#演员#Mixed_Voice_Group#0020,D:\-MindEcho-main\ml_dl_models\gtsinger_multitech\dataset\raw\Chinese\ZH-Alto-1\Mixed_Voice_and_Falsetto\演员\Mixed_Voice_Group\0020.wav,Chinese/ZH-Alto-1/Mixed_Voice_and_Falsetto/演员/Mixed_Voice_Group/0020.wav,Chinese,ZH-Alto-1,演员,Mixed_Voice_Group,1,0,0,0,1,0,1,clear_mix,100010,positive_mix,0.776408,cpu
Chinese#ZH-Alto-1#Mixed_Voice_and_Falsetto#演员#Mixed_Voice_Group#0021,D:\-MindEcho-main\ml_dl_models\gtsinger_multitech\dataset\raw\Chinese\ZH-Alto-1\Mixed_Voice_and_Falsetto\演员\Mixed_Voice_Group\0021.wav,Chinese/ZH-Alto-1/Mixed_Voice_and_Falsetto/演员/Mixed_Voice_Group/0021.wav,Chinese,ZH-Alto-1,演员,Mixed_Voice_Group,1,0,0,0,1,0,1,clear_mix,100010,positive_mix,0.518851,cpu
Chinese#ZH-Alto-1#Mixed_Voice_and_Falsetto#烟花易冷#Mixed_Voice_Group#0000,D:\-MindEcho-main\ml_dl_models\gtsinger_multitech\dataset\raw\Chinese\ZH-Alto-1\Mixed_Voice_and_Falsetto\烟花易冷\Mixed_Voice_Group\0000.wav,Chinese/ZH-Alto-1/Mixed_Voice_and_Falsetto/烟花易冷/Mixed_Voice_Group/0000.wav,Chinese,ZH-Alto-1,烟花易冷,Mixed_Voice_Group,1,0,0,0,1,0,1,clear_mix,100010,positive_mix,0.608136,cpu
Chinese#ZH-Alto-1#Mixed_Voice_and_Falsetto#烟花易冷#Mixed_Voice_Group#0001,D:\-MindEcho-main\ml_dl_models\gtsinger_multitech\dataset\raw\Chinese\ZH-Alto-1\Mixed_Voice_and_Falsetto\烟花易冷\Mixed_Voice_Group\0001.wav,Chinese/ZH-Alto-1/Mixed_Voice_and_Falsetto/烟花易冷/Mixed_Voice_Group/0001.wav,Chinese,ZH-Alto-1,烟花易冷,Mixed_Voice_Group,1,0,0,0,1,0,1,clear_mix,100010,positive_mix,0.458969,cpu
Chinese#ZH-Alto-1#Mixed_Voice_and_Falsetto#烟花易冷#Mixed_Voice_Group#0007,D:\-MindEcho-main\ml_dl_models\gtsinger_multitech\dataset\raw\Chinese\ZH-Alto-1\Mixed_Voice_and_Falsetto\烟花易冷\Mixed_Voice_Group\0007.wav,Chinese/ZH-Alto-1/Mixed_Voice_and_Falsetto/烟花易冷/Mixed_Voice_Group/0007.wav,Chinese,ZH-Alto-1,烟花易冷,Mixed_Voice_Group,1,0,0,1,1,0,1,clear_mix,100110,positive_mix,0.736795,cpu
Chinese#ZH-Alto-1#Mixed_Voice_and_Falsetto#烟花易冷#Mixed_Voice_Group#0008,D:\-MindEcho-main\ml_dl_models\gtsinger_multitech\dataset\raw\Chinese\ZH-Alto-1\Mixed_Voice_and_Falsetto\烟花易冷\Mixed_Voice_Group\0008.wav,Chinese/ZH-Alto-1/Mixed_Voice_and_Falsetto/烟花易冷/Mixed_Voice_Group/0008.wav,Chinese,ZH-Alto-1,烟花易冷,Mixed_Voice_Group,1,0,0,0,1,0,1,clear_mix,100010,positive_mix,0.852367,cpu
Chinese#ZH-Alto-1#Mixed_Voice_and_Falsetto#烟花易冷#Mixed_Voice_Group#0009,D:\-MindEcho-main\ml_dl_models\gtsinger_multitech\dataset\raw\Chinese\ZH-Alto-1\Mixed_Voice_and_Falsetto\烟花易冷\Mixed_Voice_Group\0009.wav,Chinese/ZH-Alto-1/Mixed_Voice_and_Falsetto/烟花易冷/Mixed_Voice_Group/0009.wav,Chinese,ZH-Alto-1,烟花易冷,Mixed_Voice_Group,1,0,0,0,1,0,1,clear_mix,100010,positive_mix,0.930631,cpu
Chinese#ZH-Alto-1#Mixed_Voice_and_Falsetto#烟花易冷#Mixed_Voice_Group#0011,D:\-MindEcho-main\ml_dl_models\gtsinger_multitech\dataset\raw\Chinese\ZH-Alto-1\Mixed_Voice_and_Falsetto\烟花易冷\Mixed_Voice_Group\0011.wav,Chinese/ZH-Alto-1/Mixed_Voice_and_Falsetto/烟花易冷/Mixed_Voice_Group/0011.wav,Chinese,ZH-Alto-1,烟花易冷,Mixed_Voice_Group,1,0,0,0,1,0,1,clear_mix,100010,positive_mix,0.650485,cpu
Chinese#ZH-Alto-1#Mixed_Voice_and_Falsetto#烟花易冷#Mixed_Voice_Group#0012,D:\-MindEcho-main\ml_dl_models\gtsinger_multitech\dataset\raw\Chinese\ZH-Alto-1\Mixed_Voice_and_Falsetto\烟花易冷\Mixed_Voice_Group\0012.wav,Chinese/ZH-Alto-1/Mixed_Voice_and_Falsetto/烟花易冷/Mixed_Voice_Group/0012.wav,Chinese,ZH-Alto-1,烟花易冷,Mixed_Voice_Group,1,0,0,0,1,0,1,clear_mix,100010,positive_mix,0.875742,cpu
Chinese#ZH-Alto-1#Mixed_Voice_and_Falsetto#烟花易冷#Mixed_Voice_Group#0013,D:\-MindEcho-main\ml_dl_models\gtsinger_multitech\dataset\raw\Chinese\ZH-Alto-1\Mixed_Voice_and_Falsetto\烟花易冷\Mixed_Voice_Group\0013.wav,Chinese/ZH-Alto-1/Mixed_Voice_and_Falsetto/烟花易冷/Mixed_Voice_Group/0013.wav,Chinese,ZH-Alto-1,烟花易冷,Mixed_Voice_Group,1,0,0,0,1,0,1,clear_mix,100010,positive_mix,0.719710,cpu
Chinese#ZH-Alto-1#Mixed_Voice_and_Falsetto#烟花易冷#Mixed_Voice_Group#0016,D:\-MindEcho-main\ml_dl_models\gtsinger_multitech\dataset\raw\Chinese\ZH-Alto-1\Mixed_Voice_and_Falsetto\烟花易冷\Mixed_Voice_Group\0016.wav,Chinese/ZH-Alto-1/Mixed_Voice_and_Falsetto/烟花易冷/Mixed_Voice_Group/0016.wav,Chinese,ZH-Alto-1,烟花易冷,Mixed_Voice_Group,1,0,0,0,1,0,1,clear_mix,100010,positive_mix,0.627297,cpu
Chinese#ZH-Alto-1#Mixed_Voice_and_Falsetto#烟花易冷#Mixed_Voice_Group#0017,D:\-MindEcho-main\ml_dl_models\gtsinger_multitech\dataset\raw\Chinese\ZH-Alto-1\Mixed_Voice_and_Falsetto\烟花易冷\Mixed_Voice_Group\0017.wav,Chinese/ZH-Alto-1/Mixed_Voice_and_Falsetto/烟花易冷/Mixed_Voice_Group/0017.wav,Chinese,ZH-Alto-1,烟花易冷,Mixed_Voice_Group,1,0,0,0,1,0,1,clear_mix,100010,positive_mix,0.546466,cpu
Chinese#ZH-Alto-1#Mixed_Voice_and_Falsetto#烟花易冷#Mixed_Voice_Group#0020,D:\-MindEcho-main\ml_dl_models\gtsinger_multitech\dataset\raw\Chinese\ZH-Alto-1\Mixed_Voice_and_Falsetto\烟花易冷\Mixed_Voice_Group\0020.wav,Chinese/ZH-Alto-1/Mixed_Voice_and_Falsetto/烟花易冷/Mixed_Voice_Group/0020.wav,Chinese,ZH-Alto-1,烟花易冷,Mixed_Voice_Group,1,0,0,0,1,0,1,clear_mix,100010,positive_mix,0.468263,cpu
Chinese#ZH-Alto-1#Mixed_Voice_and_Falsetto#烟花易冷#Mixed_Voice_Group#0021,D:\-MindEcho-main\ml_dl_models\gtsinger_multitech\dataset\raw\Chinese\ZH-Alto-1\Mixed_Voice_and_Falsetto\烟花易冷\Mixed_Voice_Group\0021.wav,Chinese/ZH-Alto-1/Mixed_Voice_and_Falsetto/烟花易冷/Mixed_Voice_Group/0021.wav,Chinese,ZH-Alto-1,烟花易冷,Mixed_Voice_Group,1,0,0,0,1,0,1,clear_mix,100010,positive_mix,0.473027,cpu
Chinese#ZH-Alto-1#Mixed_Voice_and_Falsetto#烟花易冷#Mixed_Voice_Group#0022,D:\-MindEcho-main\ml_dl_models\gtsinger_multitech\dataset\raw\Chinese\ZH-Alto-1\Mixed_Voice_and_Falsetto\烟花易冷\Mixed_Voice_Group\0022.wav,Chinese/ZH-Alto-1/Mixed_Voice_and_Falsetto/烟花易冷/Mixed_Voice_Group/0022.wav,Chinese,ZH-Alto-1,烟花易冷,Mixed_Voice_Group,1,0,0,0,1,0,1,clear_mix,100010,positive_mix,0.884994,cpu
Chinese#ZH-Alto-1#Mixed_Voice_and_Falsetto#烟花易冷#Mixed_Voice_Group#0023,D:\-MindEcho-main\ml_dl_models\gtsinger_multitech\dataset\raw\Chinese\ZH-Alto-1\Mixed_Voice_and_Falsetto\烟花易冷\Mixed_Voice_Group\0023.wav,Chinese/ZH-Alto-1/Mixed_Voice_and_Falsetto/烟花易冷/Mixed_Voice_Group/0023.wav,Chinese,ZH-Alto-1,烟花易冷,Mixed_Voice_Group,1,0,0,0,1,0,1,clear_mix,100010,positive_mix,0.495379,cpu
Chinese#ZH-Alto-1#Mixed_Voice_and_Falsetto#热雪#Mixed_Voice_Group#0000,D:\-MindEcho-main\ml_dl_models\gtsinger_multitech\dataset\raw\Chinese\ZH-Alto-1\Mixed_Voice_and_Falsetto\热雪\Mixed_Voice_Group\0000.wav,Chinese/ZH-Alto-1/Mixed_Voice_and_Falsetto/热雪/Mixed_Voice_Group/0000.wav,Chinese,ZH-Alto-1,热雪,Mixed_Voice_Group,1,0,0,0,1,0,1,clear_mix,100010,positive_mix,0.630799,cpu
Chinese#ZH-Alto-1#Mixed_Voice_and_Falsetto#热雪#Mixed_Voice_Group#0001,D:\-MindEcho-main\ml_dl_models\gtsinger_multitech\dataset\raw\Chinese\ZH-Alto-1\Mixed_Voice_and_Falsetto\热雪\Mixed_Voice_Group\0001.wav,Chinese/ZH-Alto-1/Mixed_Voice_and_Falsetto/热雪/Mixed_Voice_Group/0001.wav,Chinese,ZH-Alto-1,热雪,Mixed_Voice_Group,1,0,0,0,1,0,1,clear_mix,100010,positive_mix,0.768567,cpu
Chinese#ZH-Alto-1#Mixed_Voice_and_Falsetto#热雪#Mixed_Voice_Group#0003,D:\-MindEcho-main\ml_dl_models\gtsinger_multitech\dataset\raw\Chinese\ZH-Alto-1\Mixed_Voice_and_Falsetto\热雪\Mixed_Voice_Group\0003.wav,Chinese/ZH-Alto-1/Mixed_Voice_and_Falsetto/热雪/Mixed_Voice_Group/0003.wav,Chinese,ZH-Alto-1,热雪,Mixed_Voice_Group,1,0,0,0,1,0,1,clear_mix,100010,positive_mix,0.564787,cpu
Chinese#ZH-Alto-1#Mixed_Voice_and_Falsetto#热雪#Mixed_Voice_Group#0004,D:\-MindEcho-main\ml_dl_models\gtsinger_multitech\dataset\raw\Chinese\ZH-Alto-1\Mixed_Voice_and_Falsetto\热雪\Mixed_Voice_Group\0004.wav,Chinese/ZH-Alto-1/Mixed_Voice_and_Falsetto/热雪/Mixed_Voice_Group/0004.wav,Chinese,ZH-Alto-1,热雪,Mixed_Voice_Group,1,0,0,0,1,0,1,clear_mix,100010,positive_mix,0.781388,cpu
Chinese#ZH-Alto-1#Mixed_Voice_and_Falsetto#热雪#Mixed_Voice_Group#0005,D:\-MindEcho-main\ml_dl_models\gtsinger_multitech\dataset\raw\Chinese\ZH-Alto-1\Mixed_Voice_and_Falsetto\热雪\Mixed_Voice_Group\0005.wav,Chinese/ZH-Alto-1/Mixed_Voice_and_Falsetto/热雪/Mixed_Voice_Group/0005.wav,Chinese,ZH-Alto-1,热雪,Mixed_Voice_Group,1,0,0,0,1,0,1,clear_mix,100010,positive_mix,0.780955,cpu
Chinese#ZH-Alto-1#Mixed_Voice_and_Falsetto#热雪#Mixed_Voice_Group#0006,D:\-MindEcho-main\ml_dl_models\gtsinger_multitech\dataset\raw\Chinese\ZH-Alto-1\Mixed_Voice_and_Falsetto\热雪\Mixed_Voice_Group\0006.wav,Chinese/ZH-Alto-1/Mixed_Voice_and_Falsetto/热雪/Mixed_Voice_Group/0006.wav,Chinese,ZH-Alto-1,热雪,Mixed_Voice_Group,1,0,0,0,1,0,1,clear_mix,100010,positive_mix,0.708739,cpu
Chinese#ZH-Alto-1#Mixed_Voice_and_Falsetto#爱情转移#Mixed_Voice_Group#0003,D:\-MindEcho-main\ml_dl_models\gtsinger_multitech\dataset\raw\Chinese\ZH-Alto-1\Mixed_Voice_and_Falsetto\爱情转移\Mixed_Voice_Group\0003.wav,Chinese/ZH-Alto-1/Mixed_Voice_and_Falsetto/爱情转移/Mixed_Voice_Group/0003.wav,Chinese,ZH-Alto-1,爱情转移,Mixed_Voice_Group,1,0,0,0,1,0,1,clear_mix,100010,positive_mix,0.641289,cpu
Chinese#ZH-Alto-1#Mixed_Voice_and_Falsetto#爱情转移#Mixed_Voice_Group#0004,D:\-MindEcho-main\ml_dl_models\gtsinger_multitech\dataset\raw\Chinese\ZH-Alto-1\Mixed_Voice_and_Falsetto\爱情转移\Mixed_Voice_Group\0004.wav,Chinese/ZH-Alto-1/Mixed_Voice_and_Falsetto/爱情转移/Mixed_Voice_Group/0004.wav,Chinese,ZH-Alto-1,爱情转移,Mixed_Voice_Group,1,0,0,0,1,0,1,clear_mix,100010,positive_mix,0.465390,cpu
Chinese#ZH-Alto-1#Mixed_Voice_and_Falsetto#爱情转移#Mixed_Voice_Group#0005,D:\-MindEcho-main\ml_dl_models\gtsinger_multitech\dataset\raw\Chinese\ZH-Alto-1\Mixed_Voice_and_Falsetto\爱情转移\Mixed_Voice_Group\0005.wav,Chinese/ZH-Alto-1/Mixed_Voice_and_Falsetto/爱情转移/Mixed_Voice_Group/0005.wav,Chinese,ZH-Alto-1,爱情转移,Mixed_Voice_Group,1,0,0,0,1,0,1,clear_mix,100010,positive_mix,0.797414,cpu
Chinese#ZH-Alto-1#Mixed_Voice_and_Falsetto#爱情转移#Mixed_Voice_Group#0006,D:\-MindEcho-main\ml_dl_models\gtsinger_multitech\dataset\raw\Chinese\ZH-Alto-1\Mixed_Voice_and_Falsetto\爱情转移\Mixed_Voice_Group\0006.wav,Chinese/ZH-Alto-1/Mixed_Voice_and_Falsetto/爱情转移/Mixed_Voice_Group/0006.wav,Chinese,ZH-Alto-1,爱情转移,Mixed_Voice_Group,1,0,0,0,1,0,1,clear_mix,100010,positive_mix,0.732969,cpu
Chinese#ZH-Alto-1#Mixed_Voice_and_Falsetto#爱情转移#Mixed_Voice_Group#0007,D:\-MindEcho-main\ml_dl_models\gtsinger_multitech\dataset\raw\Chinese\ZH-Alto-1\Mixed_Voice_and_Falsetto\爱情转移\Mixed_Voice_Group\0007.wav,Chinese/ZH-Alto-1/Mixed_Voice_and_Falsetto/爱情转移/Mixed_Voice_Group/0007.wav,Chinese,ZH-Alto-1,爱情转移,Mixed_Voice_Group,1,0,0,0,1,0,1,clear_mix,100010,positive_mix,0.784372,cpu
Chinese#ZH-Alto-1#Mixed_Voice_and_Falsetto#爱情转移#Mixed_Voice_Group#0008,D:\-MindEcho-main\ml_dl_models\gtsinger_multitech\dataset\raw\Chinese\ZH-Alto-1\Mixed_Voice_and_Falsetto\爱情转移\Mixed_Voice_Group\0008.wav,Chinese/ZH-Alto-1/Mixed_Voice_and_Falsetto/爱情转移/Mixed_Voice_Group/0008.wav,Chinese,ZH-Alto-1,爱情转移,Mixed_Voice_Group,1,0,0,0,1,0,1,clear_mix,100010,positive_mix,0.370541,cpu
Chinese#ZH-Alto-1#Mixed_Voice_and_Falsetto#爱情转移#Mixed_Voice_Group#0010,D:\-MindEcho-main\ml_dl_models\gtsinger_multitech\dataset\raw\Chinese\ZH-Alto-1\Mixed_Voice_and_Falsetto\爱情转移\Mixed_Voice_Group\0010.wav,Chinese/ZH-Alto-1/Mixed_Voice_and_Falsetto/爱情转移/Mixed_Voice_Group/0010.wav,Chinese,ZH-Alto-1,爱情转移,Mixed_Voice_Group,1,0,0,0,1,0,1,clear_mix,100010,positive_mix,0.239402,cpu
Chinese#ZH-Alto-1#Mixed_Voice_and_Falsetto#爱情转移#Mixed_Voice_Group#0011,D:\-MindEcho-main\ml_dl_models\gtsinger_multitech\dataset\raw\Chinese\ZH-Alto-1\Mixed_Voice_and_Falsetto\爱情转移\Mixed_Voice_Group\0011.wav,Chinese/ZH-Alto-1/Mixed_Voice_and_Falsetto/爱情转移/Mixed_Voice_Group/0011.wav,Chinese,ZH-Alto-1,爱情转移,Mixed_Voice_Group,1,0,0,0,1,0,1,clear_mix,100010,positive_mix,0.575990,cpu
Chinese#ZH-Alto-1#Mixed_Voice_and_Falsetto#爱情转移#Mixed_Voice_Group#0012,D:\-MindEcho-main\ml_dl_models\gtsinger_multitech\dataset\raw\Chinese\ZH-Alto-1\Mixed_Voice_and_Falsetto\爱情转移\Mixed_Voice_Group\0012.wav,Chinese/ZH-Alto-1/Mixed_Voice_and_Falsetto/爱情转移/Mixed_Voice_Group/0012.wav,Chinese,ZH-Alto-1,爱情转移,Mixed_Voice_Group,1,0,0,0,1,0,1,clear_mix,100010,positive_mix,0.506460,cpu
Chinese#ZH-Alto-1#Mixed_Voice_and_Falsetto#画#Mixed_Voice_Group#0000,D:\-MindEcho-main\ml_dl_models\gtsinger_multitech\dataset\raw\Chinese\ZH-Alto-1\Mixed_Voice_and_Falsetto\画\Mixed_Voice_Group\0000.wav,Chinese/ZH-Alto-1/Mixed_Voice_and_Falsetto/画/Mixed_Voice_Group/0000.wav,Chinese,ZH-Alto-1,画,Mixed_Voice_Group,1,0,0,0,1,0,1,clear_mix,100010,positive_mix,0.500603,cpu
Chinese#ZH-Alto-1#Mixed_Voice_and_Falsetto#画#Mixed_Voice_Group#0001,D:\-MindEcho-main\ml_dl_models\gtsinger_multitech\dataset\raw\Chinese\ZH-Alto-1\Mixed_Voice_and_Falsetto\画\Mixed_Voice_Group\0001.wav,Chinese/ZH-Alto-1/Mixed_Voice_and_Falsetto/画/Mixed_Voice_Group/0001.wav,Chinese,ZH-Alto-1,画,Mixed_Voice_Group,1,0,0,0,1,0,1,clear_mix,100010,positive_mix,0.755097,cpu
Chinese#ZH-Alto-1#Mixed_Voice_and_Falsetto#画#Mixed_Voice_Group#0002,D:\-MindEcho-main\ml_dl_models\gtsinger_multitech\dataset\raw\Chinese\ZH-Alto-1\Mixed_Voice_and_Falsetto\画\Mixed_Voice_Group\0002.wav,Chinese/ZH-Alto-1/Mixed_Voice_and_Falsetto/画/Mixed_Voice_Group/0002.wav,Chinese,ZH-Alto-1,画,Mixed_Voice_Group,1,0,0,0,1,0,1,clear_mix,100010,positive_mix,0.762421,cpu
Chinese#ZH-Alto-1#Mixed_Voice_and_Falsetto#画#Mixed_Voice_Group#0004,D:\-MindEcho-main\ml_dl_models\gtsinger_multitech\dataset\raw\Chinese\ZH-Alto-1\Mixed_Voice_and_Falsetto\画\Mixed_Voice_Group\0004.wav,Chinese/ZH-Alto-1/Mixed_Voice_and_Falsetto/画/Mixed_Voice_Group/0004.wav,Chinese,ZH-Alto-1,画,Mixed_Voice_Group,1,0,0,0,1,0,1,clear_mix,100010,positive_mix,0.817998,cpu
Chinese#ZH-Alto-1#Mixed_Voice_and_Falsetto#画#Mixed_Voice_Group#0005,D:\-MindEcho-main\ml_dl_models\gtsinger_multitech\dataset\raw\Chinese\ZH-Alto-1\Mixed_Voice_and_Falsetto\画\Mixed_Voice_Group\0005.wav,Chinese/ZH-Alto-1/Mixed_Voice_and_Falsetto/画/Mixed_Voice_Group/0005.wav,Chinese,ZH-Alto-1,画,Mixed_Voice_Group,1,0,0,0,1,0,1,clear_mix,100010,positive_mix,0.779380,cpu
Chinese#ZH-Alto-1#Mixed_Voice_and_Falsetto#画#Mixed_Voice_Group#0006,D:\-MindEcho-main\ml_dl_models\gtsinger_multitech\dataset\raw\Chinese\ZH-Alto-1\Mixed_Voice_and_Falsetto\画\Mixed_Voice_Group\0006.wav,Chinese/ZH-Alto-1/Mixed_Voice_and_Falsetto/画/Mixed_Voice_Group/0006.wav,Chinese,ZH-Alto-1,画,Mixed_Voice_Group,1,0,0,0,1,0,1,clear_mix,100010,positive_mix,0.501607,cpu
Chinese#ZH-Alto-1#Mixed_Voice_and_Falsetto#画#Mixed_Voice_Group#0007,D:\-MindEcho-main\ml_dl_models\gtsinger_multitech\dataset\raw\Chinese\ZH-Alto-1\Mixed_Voice_and_Falsetto\画\Mixed_Voice_Group\0007.wav,Chinese/ZH-Alto-1/Mixed_Voice_and_Falsetto/画/Mixed_Voice_Group/0007.wav,Chinese,ZH-Alto-1,画,Mixed_Voice_Group,1,0,0,0,1,0,1,clear_mix,100010,positive_mix,0.744887,cpu
Chinese#ZH-Alto-1#Mixed_Voice_and_Falsetto#画心#Mixed_Voice_Group#0000,D:\-MindEcho-main\ml_dl_models\gtsinger_multitech\dataset\raw\Chinese\ZH-Alto-1\Mixed_Voice_and_Falsetto\画心\Mixed_Voice_Group\0000.wav,Chinese/ZH-Alto-1/Mixed_Voice_and_Falsetto/画心/Mixed_Voice_Group/0000.wav,Chinese,ZH-Alto-1,画心,Mixed_Voice_Group,1,0,0,0,1,0,1,clear_mix,100010,positive_mix,0.696571,cpu
Chinese#ZH-Alto-1#Mixed_Voice_and_Falsetto#画心#Mixed_Voice_Group#0001,D:\-MindEcho-main\ml_dl_models\gtsinger_multitech\dataset\raw\Chinese\ZH-Alto-1\Mixed_Voice_and_Falsetto\画心\Mixed_Voice_Group\0001.wav,Chinese/ZH-Alto-1/Mixed_Voice_and_Falsetto/画心/Mixed_Voice_Group/0001.wav,Chinese,ZH-Alto-1,画心,Mixed_Voice_Group,1,0,0,0,1,0,1,clear_mix,100010,positive_mix,0.715995,cpu
Chinese#ZH-Alto-1#Mixed_Voice_and_Falsetto#画心#Mixed_Voice_Group#0002,D:\-MindEcho-main\ml_dl_models\gtsinger_multitech\dataset\raw\Chinese\ZH-Alto-1\Mixed_Voice_and_Falsetto\画心\Mixed_Voice_Group\0002.wav,Chinese/ZH-Alto-1/Mixed_Voice_and_Falsetto/画心/Mixed_Voice_Group/0002.wav,Chinese,ZH-Alto-1,画心,Mixed_Voice_Group,1,0,0,0,1,0,1,clear_mix,100010,positive_mix,0.680304,cpu
Chinese#ZH-Alto-1#Mixed_Voice_and_Falsetto#画心#Mixed_Voice_Group#0004,D:\-MindEcho-main\ml_dl_models\gtsinger_multitech\dataset\raw\Chinese\ZH-Alto-1\Mixed_Voice_and_Falsetto\画心\Mixed_Voice_Group\0004.wav,Chinese/ZH-Alto-1/Mixed_Voice_and_Falsetto/画心/Mixed_Voice_Group/0004.wav,Chinese,ZH-Alto-1,画心,Mixed_Voice_Group,1,0,0,0,1,0,1,clear_mix,100010,positive_mix,0.674375,cpu
Chinese#ZH-Alto-1#Mixed_Voice_and_Falsetto#画心#Mixed_Voice_Group#0006,D:\-MindEcho-main\ml_dl_models\gtsinger_multitech\dataset\raw\Chinese\ZH-Alto-1\Mixed_Voice_and_Falsetto\画心\Mixed_Voice_Group\0006.wav,Chinese/ZH-Alto-1/Mixed_Voice_and_Falsetto/画心/Mixed_Voice_Group/0006.wav,Chinese,ZH-Alto-1,画心,Mixed_Voice_Group,1,0,0,0,1,0,1,clear_mix,100010,positive_mix,0.682595,cpu
Chinese#ZH-Alto-1#Mixed_Voice_and_Falsetto#画心#Mixed_Voice_Group#0007,D:\-MindEcho-main\ml_dl_models\gtsinger_multitech\dataset\raw\Chinese\ZH-Alto-1\Mixed_Voice_and_Falsetto\画心\Mixed_Voice_Group\0007.wav,Chinese/ZH-Alto-1/Mixed_Voice_and_Falsetto/画心/Mixed_Voice_Group/0007.wav,Chinese,ZH-Alto-1,画心,Mixed_Voice_Group,1,0,0,0,1,0,1,clear_mix,100010,positive_mix,0.665622,cpu
Chinese#ZH-Alto-1#Mixed_Voice_and_Falsetto#画心#Mixed_Voice_Group#0008,D:\-MindEcho-main\ml_dl_models\gtsinger_multitech\dataset\raw\Chinese\ZH-Alto-1\Mixed_Voice_and_Falsetto\画心\Mixed_Voice_Group\0008.wav,Chinese/ZH-Alto-1/Mixed_Voice_and_Falsetto/画心/Mixed_Voice_Group/0008.wav,Chinese,ZH-Alto-1,画心,Mixed_Voice_Group,1,0,0,0,1,0,1,clear_mix,100010,positive_mix,0.379442,cpu
Chinese#ZH-Alto-1#Mixed_Voice_and_Falsetto#画心#Mixed_Voice_Group#0010,D:\-MindEcho-main\ml_dl_models\gtsinger_multitech\dataset\raw\Chinese\ZH-Alto-1\Mixed_Voice_and_Falsetto\画心\Mixed_Voice_Group\0010.wav,Chinese/ZH-Alto-1/Mixed_Voice_and_Falsetto/画心/Mixed_Voice_Group/0010.wav,Chinese,ZH-Alto-1,画心,Mixed_Voice_Group,1,0,0,0,1,0,1,clear_mix,100010,positive_mix,0.607929,cpu
Chinese#ZH-Alto-1#Mixed_Voice_and_Falsetto#画心#Mixed_Voice_Group#0011,D:\-MindEcho-main\ml_dl_models\gtsinger_multitech\dataset\raw\Chinese\ZH-Alto-1\Mixed_Voice_and_Falsetto\画心\Mixed_Voice_Group\0011.wav,Chinese/ZH-Alto-1/Mixed_Voice_and_Falsetto/画心/Mixed_Voice_Group/0011.wav,Chinese,ZH-Alto-1,画心,Mixed_Voice_Group,1,0,0,0,1,0,1,clear_mix,100010,positive_mix,0.526313,cpu
Chinese#ZH-Alto-1#Mixed_Voice_and_Falsetto#白月光与朱砂痣#Mixed_Voice_Group#0000,D:\-MindEcho-main\ml_dl_models\gtsinger_multitech\dataset\raw\Chinese\ZH-Alto-1\Mixed_Voice_and_Falsetto\白月光与朱砂痣\Mixed_Voice_Group\0000.wav,Chinese/ZH-Alto-1/Mixed_Voice_and_Falsetto/白月光与朱砂痣/Mixed_Voice_Group/0000.wav,Chinese,ZH-Alto-1,白月光与朱砂痣,Mixed_Voice_Group,1,0,0,0,1,0,1,clear_mix,100010,positive_mix,0.539177,cpu
Chinese#ZH-Alto-1#Mixed_Voice_and_Falsetto#白月光与朱砂痣#Mixed_Voice_Group#0001,D:\-MindEcho-main\ml_dl_models\gtsinger_multitech\dataset\raw\Chinese\ZH-Alto-1\Mixed_Voice_and_Falsetto\白月光与朱砂痣\Mixed_Voice_Group\0001.wav,Chinese/ZH-Alto-1/Mixed_Voice_and_Falsetto/白月光与朱砂痣/Mixed_Voice_Group/0001.wav,Chinese,ZH-Alto-1,白月光与朱砂痣,Mixed_Voice_Group,1,0,0,0,1,0,1,clear_mix,100010,positive_mix,0.459075,cpu
Chinese#ZH-Alto-1#Mixed_Voice_and_Falsetto#白月光与朱砂痣#Mixed_Voice_Group#0003,D:\-MindEcho-main\ml_dl_models\gtsinger_multitech\dataset\raw\Chinese\ZH-Alto-1\Mixed_Voice_and_Falsetto\白月光与朱砂痣\Mixed_Voice_Group\0003.wav,Chinese/ZH-Alto-1/Mixed_Voice_and_Falsetto/白月光与朱砂痣/Mixed_Voice_Group/0003.wav,Chinese,ZH-Alto-1,白月光与朱砂痣,Mixed_Voice_Group,1,0,0,0,1,0,1,clear_mix,100010,positive_mix,0.607208,cpu
Chinese#ZH-Alto-1#Mixed_Voice_and_Falsetto#白月光与朱砂痣#Mixed_Voice_Group#0004,D:\-MindEcho-main\ml_dl_models\gtsinger_multitech\dataset\raw\Chinese\ZH-Alto-1\Mixed_Voice_and_Falsetto\白月光与朱砂痣\Mixed_Voice_Group\0004.wav,Chinese/ZH-Alto-1/Mixed_Voice_and_Falsetto/白月光与朱砂痣/Mixed_Voice_Group/0004.wav,Chinese,ZH-Alto-1,白月光与朱砂痣,Mixed_Voice_Group,1,0,0,0,1,0,1,clear_mix,100010,positive_mix,0.508081,cpu
Chinese#ZH-Alto-1#Mixed_Voice_and_Falsetto#白月光与朱砂痣#Mixed_Voice_Group#0006,D:\-MindEcho-main\ml_dl_models\gtsinger_multitech\dataset\raw\Chinese\ZH-Alto-1\Mixed_Voice_and_Falsetto\白月光与朱砂痣\Mixed_Voice_Group\0006.wav,Chinese/ZH-Alto-1/Mixed_Voice_and_Falsetto/白月光与朱砂痣/Mixed_Voice_Group/0006.wav,Chinese,ZH-Alto-1,白月光与朱砂痣,Mixed_Voice_Group,1,0,0,0,1,0,1,clear_mix,100010,positive_mix,0.572628,cpu
Chinese#ZH-Alto-1#Mixed_Voice_and_Falsetto#白月光与朱砂痣#Mixed_Voice_Group#0007,D:\-MindEcho-main\ml_dl_models\gtsinger_multitech\dataset\raw\Chinese\ZH-Alto-1\Mixed_Voice_and_Falsetto\白月光与朱砂痣\Mixed_Voice_Group\0007.wav,Chinese/ZH-Alto-1/Mixed_Voice_and_Falsetto/白月光与朱砂痣/Mixed_Voice_Group/0007.wav,Chinese,ZH-Alto-1,白月光与朱砂痣,Mixed_Voice_Group,1,0,0,0,1,0,1,clear_mix,100010,positive_mix,0.580586,cpu
Chinese#ZH-Alto-1#Mixed_Voice_and_Falsetto#白月光与朱砂痣#Mixed_Voice_Group#0008,D:\-MindEcho-main\ml_dl_models\gtsinger_multitech\dataset\raw\Chinese\ZH-Alto-1\Mixed_Voice_and_Falsetto\白月光与朱砂痣\Mixed_Voice_Group\0008.wav,Chinese/ZH-Alto-1/Mixed_Voice_and_Falsetto/白月光与朱砂痣/Mixed_Voice_Group/0008.wav,Chinese,ZH-Alto-1,白月光与朱砂痣,Mixed_Voice_Group,1,0,0,0,1,0,1,clear_mix,100010,positive_mix,0.721765,cpu
Chinese#ZH-Alto-1#Mixed_Voice_and_Falsetto#知足#Mixed_Voice_Group#0000,D:\-MindEcho-main\ml_dl_models\gtsinger_multitech\dataset\raw\Chinese\ZH-Alto-1\Mixed_Voice_and_Falsetto\知足\Mixed_Voice_Group\0000.wav,Chinese/ZH-Alto-1/Mixed_Voice_and_Falsetto/知足/Mixed_Voice_Group/0000.wav,Chinese,ZH-Alto-1,知足,Mixed_Voice_Group,1,0,0,0,1,0,1,clear_mix,100010,positive_mix,0.619517,cpu
Chinese#ZH-Alto-1#Mixed_Voice_and_Falsetto#知足#Mixed_Voice_Group#0001,D:\-MindEcho-main\ml_dl_models\gtsinger_multitech\dataset\raw\Chinese\ZH-Alto-1\Mixed_Voice_and_Falsetto\知足\Mixed_Voice_Group\0001.wav,Chinese/ZH-Alto-1/Mixed_Voice_and_Falsetto/知足/Mixed_Voice_Group/0001.wav,Chinese,ZH-Alto-1,知足,Mixed_Voice_Group,1,0,0,0,1,0,1,clear_mix,100010,positive_mix,0.583451,cpu
Chinese#ZH-Alto-1#Mixed_Voice_and_Falsetto#知足#Mixed_Voice_Group#0002,D:\-MindEcho-main\ml_dl_models\gtsinger_multitech\dataset\raw\Chinese\ZH-Alto-1\Mixed_Voice_and_Falsetto\知足\Mixed_Voice_Group\0002.wav,Chinese/ZH-Alto-1/Mixed_Voice_and_Falsetto/知足/Mixed_Voice_Group/0002.wav,Chinese,ZH-Alto-1,知足,Mixed_Voice_Group,1,0,0,0,1,0,1,clear_mix,100010,positive_mix,0.558905,cpu
Chinese#ZH-Alto-1#Mixed_Voice_and_Falsetto#知足#Mixed_Voice_Group#0003,D:\-MindEcho-main\ml_dl_models\gtsinger_multitech\dataset\raw\Chinese\ZH-Alto-1\Mixed_Voice_and_Falsetto\知足\Mixed_Voice_Group\0003.wav,Chinese/ZH-Alto-1/Mixed_Voice_and_Falsetto/知足/Mixed_Voice_Group/0003.wav,Chinese,ZH-Alto-1,知足,Mixed_Voice_Group,1,0,0,0,1,0,1,clear_mix,100010,positive_mix,0.725033,cpu
Chinese#ZH-Alto-1#Mixed_Voice_and_Falsetto#知足#Mixed_Voice_Group#0005,D:\-MindEcho-main\ml_dl_models\gtsinger_multitech\dataset\raw\Chinese\ZH-Alto-1\Mixed_Voice_and_Falsetto\知足\Mixed_Voice_Group\0005.wav,Chinese/ZH-Alto-1/Mixed_Voice_and_Falsetto/知足/Mixed_Voice_Group/0005.wav,Chinese,ZH-Alto-1,知足,Mixed_Voice_Group,1,0,0,0,1,0,1,clear_mix,100010,positive_mix,0.498504,cpu
Chinese#ZH-Alto-1#Mixed_Voice_and_Falsetto#知足#Mixed_Voice_Group#0006,D:\-MindEcho-main\ml_dl_models\gtsinger_multitech\dataset\raw\Chinese\ZH-Alto-1\Mixed_Voice_and_Falsetto\知足\Mixed_Voice_Group\0006.wav,Chinese/ZH-Alto-1/Mixed_Voice_and_Falsetto/知足/Mixed_Voice_Group/0006.wav,Chinese,ZH-Alto-1,知足,Mixed_Voice_Group,1,0,0,0,1,0,1,clear_mix,100010,positive_mix,0.618018,cpu
Chinese#ZH-Alto-1#Mixed_Voice_and_Falsetto#知足#Mixed_Voice_Group#0007,D:\-MindEcho-main\ml_dl_models\gtsinger_multitech\dataset\raw\Chinese\ZH-Alto-1\Mixed_Voice_and_Falsetto\知足\Mixed_Voice_Group\0007.wav,Chinese/ZH-Alto-1/Mixed_Voice_and_Falsetto/知足/Mixed_Voice_Group/0007.wav,Chinese,ZH-Alto-1,知足,Mixed_Voice_Group,1,0,0,0,1,0,1,clear_mix,100010,positive_mix,0.638752,cpu
Chinese#ZH-Alto-1#Mixed_Voice_and_Falsetto#知足#Mixed_Voice_Group#0008,D:\-MindEcho-main\ml_dl_models\gtsinger_multitech\dataset\raw\Chinese\ZH-Alto-1\Mixed_Voice_and_Falsetto\知足\Mixed_Voice_Group\0008.wav,Chinese/ZH-Alto-1/Mixed_Voice_and_Falsetto/知足/Mixed_Voice_Group/0008.wav,Chinese,ZH-Alto-1,知足,Mixed_Voice_Group,1,0,0,0,1,0,1,clear_mix,100010,positive_mix,0.526352,cpu
Chinese#ZH-Alto-1#Mixed_Voice_and_Falsetto#知足#Mixed_Voice_Group#0009,D:\-MindEcho-main\ml_dl_models\gtsinger_multitech\dataset\raw\Chinese\ZH-Alto-1\Mixed_Voice_and_Falsetto\知足\Mixed_Voice_Group\0009.wav,Chinese/ZH-Alto-1/Mixed_Voice_and_Falsetto/知足/Mixed_Voice_Group/0009.wav,Chinese,ZH-Alto-1,知足,Mixed_Voice_Group,1,0,0,0,1,0,1,clear_mix,100010,positive_mix,0.824449,cpu
Chinese#ZH-Alto-1#Mixed_Voice_and_Falsetto#知足#Mixed_Voice_Group#0010,D:\-MindEcho-main\ml_dl_models\gtsinger_multitech\dataset\raw\Chinese\ZH-Alto-1\Mixed_Voice_and_Falsetto\知足\Mixed_Voice_Group\0010.wav,Chinese/ZH-Alto-1/Mixed_Voice_and_Falsetto/知足/Mixed_Voice_Group/0010.wav,Chinese,ZH-Alto-1,知足,Mixed_Voice_Group,1,0,0,0,1,0,1,clear_mix,100010,positive_mix,0.755654,cpu
Chinese#ZH-Alto-1#Mixed_Voice_and_Falsetto#知足#Mixed_Voice_Group#0012,D:\-MindEcho-main\ml_dl_models\gtsinger_multitech\dataset\raw\Chinese\ZH-Alto-1\Mixed_Voice_and_Falsetto\知足\Mixed_Voice_Group\0012.wav,Chinese/ZH-Alto-1/Mixed_Voice_and_Falsetto/知足/Mixed_Voice_Group/0012.wav,Chinese,ZH-Alto-1,知足,Mixed_Voice_Group,1,0,0,0,1,0,1,clear_mix,100010,positive_mix,0.404620,cpu
Chinese#ZH-Alto-1#Mixed_Voice_and_Falsetto#红玫瑰#Mixed_Voice_Group#0000,D:\-MindEcho-main\ml_dl_models\gtsinger_multitech\dataset\raw\Chinese\ZH-Alto-1\Mixed_Voice_and_Falsetto\红玫瑰\Mixed_Voice_Group\0000.wav,Chinese/ZH-Alto-1/Mixed_Voice_and_Falsetto/红玫瑰/Mixed_Voice_Group/0000.wav,Chinese,ZH-Alto-1,红玫瑰,Mixed_Voice_Group,1,0,0,0,0,0,1,clear_mix,100000,positive_mix,0.498997,cpu
Chinese#ZH-Alto-1#Mixed_Voice_and_Falsetto#红玫瑰#Mixed_Voice_Group#0002,D:\-MindEcho-main\ml_dl_models\gtsinger_multitech\dataset\raw\Chinese\ZH-Alto-1\Mixed_Voice_and_Falsetto\红玫瑰\Mixed_Voice_Group\0002.wav,Chinese/ZH-Alto-1/Mixed_Voice_and_Falsetto/红玫瑰/Mixed_Voice_Group/0002.wav,Chinese,ZH-Alto-1,红玫瑰,Mixed_Voice_Group,1,0,0,0,1,0,1,clear_mix,100010,positive_mix,0.623812,cpu
Chinese#ZH-Alto-1#Mixed_Voice_and_Falsetto#红玫瑰#Mixed_Voice_Group#0003,D:\-MindEcho-main\ml_dl_models\gtsinger_multitech\dataset\raw\Chinese\ZH-Alto-1\Mixed_Voice_and_Falsetto\红玫瑰\Mixed_Voice_Group\0003.wav,Chinese/ZH-Alto-1/Mixed_Voice_and_Falsetto/红玫瑰/Mixed_Voice_Group/0003.wav,Chinese,ZH-Alto-1,红玫瑰,Mixed_Voice_Group,1,0,0,0,1,0,1,clear_mix,100010,positive_mix,0.821958,cpu
Chinese#ZH-Alto-1#Mixed_Voice_and_Falsetto#红玫瑰#Mixed_Voice_Group#0004,D:\-MindEcho-main\ml_dl_models\gtsinger_multitech\dataset\raw\Chinese\ZH-Alto-1\Mixed_Voice_and_Falsetto\红玫瑰\Mixed_Voice_Group\0004.wav,Chinese/ZH-Alto-1/Mixed_Voice_and_Falsetto/红玫瑰/Mixed_Voice_Group/0004.wav,Chinese,ZH-Alto-1,红玫瑰,Mixed_Voice_Group,1,0,0,0,1,0,1,clear_mix,100010,positive_mix,0.754033,cpu
Chinese#ZH-Alto-1#Mixed_Voice_and_Falsetto#红玫瑰#Mixed_Voice_Group#0005,D:\-MindEcho-main\ml_dl_models\gtsinger_multitech\dataset\raw\Chinese\ZH-Alto-1\Mixed_Voice_and_Falsetto\红玫瑰\Mixed_Voice_Group\0005.wav,Chinese/ZH-Alto-1/Mixed_Voice_and_Falsetto/红玫瑰/Mixed_Voice_Group/0005.wav,Chinese,ZH-Alto-1,红玫瑰,Mixed_Voice_Group,1,0,0,0,1,0,1,clear_mix,100010,positive_mix,0.780914,cpu
Chinese#ZH-Alto-1#Mixed_Voice_and_Falsetto#红玫瑰#Mixed_Voice_Group#0006,D:\-MindEcho-main\ml_dl_models\gtsinger_multitech\dataset\raw\Chinese\ZH-Alto-1\Mixed_Voice_and_Falsetto\红玫瑰\Mixed_Voice_Group\0006.wav,Chinese/ZH-Alto-1/Mixed_Voice_and_Falsetto/红玫瑰/Mixed_Voice_Group/0006.wav,Chinese,ZH-Alto-1,红玫瑰,Mixed_Voice_Group,1,0,0,0,1,0,1,clear_mix,100010,positive_mix,0.794999,cpu
Chinese#ZH-Alto-1#Mixed_Voice_and_Falsetto#红玫瑰#Mixed_Voice_Group#0007,D:\-MindEcho-main\ml_dl_models\gtsinger_multitech\dataset\raw\Chinese\ZH-Alto-1\Mixed_Voice_and_Falsetto\红玫瑰\Mixed_Voice_Group\0007.wav,Chinese/ZH-Alto-1/Mixed_Voice_and_Falsetto/红玫瑰/Mixed_Voice_Group/0007.wav,Chinese,ZH-Alto-1,红玫瑰,Mixed_Voice_Group,1,0,0,0,1,0,1,clear_mix,100010,positive_mix,0.628194,cpu
Chinese#ZH-Alto-1#Mixed_Voice_and_Falsetto#红玫瑰#Mixed_Voice_Group#0010,D:\-MindEcho-main\ml_dl_models\gtsinger_multitech\dataset\raw\Chinese\ZH-Alto-1\Mixed_Voice_and_Falsetto\红玫瑰\Mixed_Voice_Group\0010.wav,Chinese/ZH-Alto-1/Mixed_Voice_and_Falsetto/红玫瑰/Mixed_Voice_Group/0010.wav,Chinese,ZH-Alto-1,红玫瑰,Mixed_Voice_Group,1,0,0,0,1,0,1,clear_mix,100010,positive_mix,0.763878,cpu
Chinese#ZH-Alto-1#Mixed_Voice_and_Falsetto#红玫瑰#Mixed_Voice_Group#0011,D:\-MindEcho-main\ml_dl_models\gtsinger_multitech\dataset\raw\Chinese\ZH-Alto-1\Mixed_Voice_and_Falsetto\红玫瑰\Mixed_Voice_Group\0011.wav,Chinese/ZH-Alto-1/Mixed_Voice_and_Falsetto/红玫瑰/Mixed_Voice_Group/0011.wav,Chinese,ZH-Alto-1,红玫瑰,Mixed_Voice_Group,1,0,0,0,1,0,1,clear_mix,100010,positive_mix,0.822835,cpu
Chinese#ZH-Alto-1#Mixed_Voice_and_Falsetto#红玫瑰#Mixed_Voice_Group#0012,D:\-MindEcho-main\ml_dl_models\gtsinger_multitech\dataset\raw\Chinese\ZH-Alto-1\Mixed_Voice_and_Falsetto\红玫瑰\Mixed_Voice_Group\0012.wav,Chinese/ZH-Alto-1/Mixed_Voice_and_Falsetto/红玫瑰/Mixed_Voice_Group/0012.wav,Chinese,ZH-Alto-1,红玫瑰,Mixed_Voice_Group,1,0,0,0,1,0,1,clear_mix,100010,positive_mix,0.754322,cpu
Chinese#ZH-Alto-1#Mixed_Voice_and_Falsetto#红玫瑰#Mixed_Voice_Group#0013,D:\-MindEcho-main\ml_dl_models\gtsinger_multitech\dataset\raw\Chinese\ZH-Alto-1\Mixed_Voice_and_Falsetto\红玫瑰\Mixed_Voice_Group\0013.wav,Chinese/ZH-Alto-1/Mixed_Voice_and_Falsetto/红玫瑰/Mixed_Voice_Group/0013.wav,Chinese,ZH-Alto-1,红玫瑰,Mixed_Voice_Group,1,0,0,0,1,0,1,clear_mix,100010,positive_mix,0.630663,cpu
Chinese#ZH-Alto-1#Mixed_Voice_and_Falsetto#红玫瑰#Mixed_Voice_Group#0014,D:\-MindEcho-main\ml_dl_models\gtsinger_multitech\dataset\raw\Chinese\ZH-Alto-1\Mixed_Voice_and_Falsetto\红玫瑰\Mixed_Voice_Group\0014.wav,Chinese/ZH-Alto-1/Mixed_Voice_and_Falsetto/红玫瑰/Mixed_Voice_Group/0014.wav,Chinese,ZH-Alto-1,红玫瑰,Mixed_Voice_Group,1,0,0,0,1,0,1,clear_mix,100010,positive_mix,0.678066,cpu
Chinese#ZH-Alto-1#Mixed_Voice_and_Falsetto#红玫瑰#Mixed_Voice_Group#0015,D:\-MindEcho-main\ml_dl_models\gtsinger_multitech\dataset\raw\Chinese\ZH-Alto-1\Mixed_Voice_and_Falsetto\红玫瑰\Mixed_Voice_Group\0015.wav,Chinese/ZH-Alto-1/Mixed_Voice_and_Falsetto/红玫瑰/Mixed_Voice_Group/0015.wav,Chinese,ZH-Alto-1,红玫瑰,Mixed_Voice_Group,1,0,0,0,1,0,1,clear_mix,100010,positive_mix,0.865455,cpu
Chinese#ZH-Alto-1#Mixed_Voice_and_Falsetto#红玫瑰#Mixed_Voice_Group#0016,D:\-MindEcho-main\ml_dl_models\gtsinger_multitech\dataset\raw\Chinese\ZH-Alto-1\Mixed_Voice_and_Falsetto\红玫瑰\Mixed_Voice_Group\0016.wav,Chinese/ZH-Alto-1/Mixed_Voice_and_Falsetto/红玫瑰/Mixed_Voice_Group/0016.wav,Chinese,ZH-Alto-1,红玫瑰,Mixed_Voice_Group,1,0,0,0,1,0,1,clear_mix,100010,positive_mix,0.870959,cpu
Chinese#ZH-Alto-1#Mixed_Voice_and_Falsetto#红玫瑰#Mixed_Voice_Group#0017,D:\-MindEcho-main\ml_dl_models\gtsinger_multitech\dataset\raw\Chinese\ZH-Alto-1\Mixed_Voice_and_Falsetto\红玫瑰\Mixed_Voice_Group\0017.wav,Chinese/ZH-Alto-1/Mixed_Voice_and_Falsetto/红玫瑰/Mixed_Voice_Group/0017.wav,Chinese,ZH-Alto-1,红玫瑰,Mixed_Voice_Group,1,0,0,0,1,0,1,clear_mix,100010,positive_mix,0.724998,cpu
Chinese#ZH-Alto-1#Mixed_Voice_and_Falsetto#终于等到你#Mixed_Voice_Group#0001,D:\-MindEcho-main\ml_dl_models\gtsinger_multitech\dataset\raw\Chinese\ZH-Alto-1\Mixed_Voice_and_Falsetto\终于等到你\Mixed_Voice_Group\0001.wav,Chinese/ZH-Alto-1/Mixed_Voice_and_Falsetto/终于等到你/Mixed_Voice_Group/0001.wav,Chinese,ZH-Alto-1,终于等到你,Mixed_Voice_Group,1,0,0,0,1,0,1,clear_mix,100010,positive_mix,0.807329,cpu
Chinese#ZH-Alto-1#Mixed_Voice_and_Falsetto#终于等到你#Mixed_Voice_Group#0004,D:\-MindEcho-main\ml_dl_models\gtsinger_multitech\dataset\raw\Chinese\ZH-Alto-1\Mixed_Voice_and_Falsetto\终于等到你\Mixed_Voice_Group\0004.wav,Chinese/ZH-Alto-1/Mixed_Voice_and_Falsetto/终于等到你/Mixed_Voice_Group/0004.wav,Chinese,ZH-Alto-1,终于等到你,Mixed_Voice_Group,1,0,0,0,1,0,1,clear_mix,100010,positive_mix,0.860260,cpu
Chinese#ZH-Alto-1#Mixed_Voice_and_Falsetto#终于等到你#Mixed_Voice_Group#0005,D:\-MindEcho-main\ml_dl_models\gtsinger_multitech\dataset\raw\Chinese\ZH-Alto-1\Mixed_Voice_and_Falsetto\终于等到你\Mixed_Voice_Group\0005.wav,Chinese/ZH-Alto-1/Mixed_Voice_and_Falsetto/终于等到你/Mixed_Voice_Group/0005.wav,Chinese,ZH-Alto-1,终于等到你,Mixed_Voice_Group,1,0,0,0,1,0,1,clear_mix,100010,positive_mix,0.732648,cpu
Chinese#ZH-Alto-1#Mixed_Voice_and_Falsetto#终于等到你#Mixed_Voice_Group#0007,D:\-MindEcho-main\ml_dl_models\gtsinger_multitech\dataset\raw\Chinese\ZH-Alto-1\Mixed_Voice_and_Falsetto\终于等到你\Mixed_Voice_Group\0007.wav,Chinese/ZH-Alto-1/Mixed_Voice_and_Falsetto/终于等到你/Mixed_Voice_Group/0007.wav,Chinese,ZH-Alto-1,终于等到你,Mixed_Voice_Group,1,1,0,0,1,0,1,head_mix,110010,positive_mix,0.692562,cpu
Chinese#ZH-Alto-1#Mixed_Voice_and_Falsetto#给电影人的情书#Mixed_Voice_Group#0001,D:\-MindEcho-main\ml_dl_models\gtsinger_multitech\dataset\raw\Chinese\ZH-Alto-1\Mixed_Voice_and_Falsetto\给电影人的情书\Mixed_Voice_Group\0001.wav,Chinese/ZH-Alto-1/Mixed_Voice_and_Falsetto/给电影人的情书/Mixed_Voice_Group/0001.wav,Chinese,ZH-Alto-1,给电影人的情书,Mixed_Voice_Group,1,0,0,0,1,0,1,clear_mix,100010,positive_mix,0.431650,cpu
Chinese#ZH-Alto-1#Mixed_Voice_and_Falsetto#给电影人的情书#Mixed_Voice_Group#0003,D:\-MindEcho-main\ml_dl_models\gtsinger_multitech\dataset\raw\Chinese\ZH-Alto-1\Mixed_Voice_and_Falsetto\给电影人的情书\Mixed_Voice_Group\0003.wav,Chinese/ZH-Alto-1/Mixed_Voice_and_Falsetto/给电影人的情书/Mixed_Voice_Group/0003.wav,Chinese,ZH-Alto-1,给电影人的情书,Mixed_Voice_Group,1,0,0,0,1,0,1,clear_mix,100010,positive_mix,0.471531,cpu
Chinese#ZH-Alto-1#Mixed_Voice_and_Falsetto#给电影人的情书#Mixed_Voice_Group#0004,D:\-MindEcho-main\ml_dl_models\gtsinger_multitech\dataset\raw\Chinese\ZH-Alto-1\Mixed_Voice_and_Falsetto\给电影人的情书\Mixed_Voice_Group\0004.wav,Chinese/ZH-Alto-1/Mixed_Voice_and_Falsetto/给电影人的情书/Mixed_Voice_Group/0004.wav,Chinese,ZH-Alto-1,给电影人的情书,Mixed_Voice_Group,1,0,0,0,1,0,1,clear_mix,100010,positive_mix,0.578194,cpu
Chinese#ZH-Alto-1#Mixed_Voice_and_Falsetto#给电影人的情书#Mixed_Voice_Group#0005,D:\-MindEcho-main\ml_dl_models\gtsinger_multitech\dataset\raw\Chinese\ZH-Alto-1\Mixed_Voice_and_Falsetto\给电影人的情书\Mixed_Voice_Group\0005.wav,Chinese/ZH-Alto-1/Mixed_Voice_and_Falsetto/给电影人的情书/Mixed_Voice_Group/0005.wav,Chinese,ZH-Alto-1,给电影人的情书,Mixed_Voice_Group,1,0,0,0,1,0,1,clear_mix,100010,positive_mix,0.514335,cpu
Chinese#ZH-Alto-1#Mixed_Voice_and_Falsetto#给电影人的情书#Mixed_Voice_Group#0006,D:\-MindEcho-main\ml_dl_models\gtsinger_multitech\dataset\raw\Chinese\ZH-Alto-1\Mixed_Voice_and_Falsetto\给电影人的情书\Mixed_Voice_Group\0006.wav,Chinese/ZH-Alto-1/Mixed_Voice_and_Falsetto/给电影人的情书/Mixed_Voice_Group/0006.wav,Chinese,ZH-Alto-1,给电影人的情书,Mixed_Voice_Group,1,0,0,0,1,0,1,clear_mix,100010,positive_mix,0.778901,cpu
Chinese#ZH-Alto-1#Mixed_Voice_and_Falsetto#给电影人的情书#Mixed_Voice_Group#0007,D:\-MindEcho-main\ml_dl_models\gtsinger_multitech\dataset\raw\Chinese\ZH-Alto-1\Mixed_Voice_and_Falsetto\给电影人的情书\Mixed_Voice_Group\0007.wav,Chinese/ZH-Alto-1/Mixed_Voice_and_Falsetto/给电影人的情书/Mixed_Voice_Group/0007.wav,Chinese,ZH-Alto-1,给电影人的情书,Mixed_Voice_Group,1,0,0,0,1,0,1,clear_mix,100010,positive_mix,0.794635,cpu
Chinese#ZH-Alto-1#Mixed_Voice_and_Falsetto#给电影人的情书#Mixed_Voice_Group#0008,D:\-MindEcho-main\ml_dl_models\gtsinger_multitech\dataset\raw\Chinese\ZH-Alto-1\Mixed_Voice_and_Falsetto\给电影人的情书\Mixed_Voice_Group\0008.wav,Chinese/ZH-Alto-1/Mixed_Voice_and_Falsetto/给电影人的情书/Mixed_Voice_Group/0008.wav,Chinese,ZH-Alto-1,给电影人的情书,Mixed_Voice_Group,1,0,0,0,1,0,1,clear_mix,100010,positive_mix,0.748336,cpu
Chinese#ZH-Alto-1#Mixed_Voice_and_Falsetto#给电影人的情书#Mixed_Voice_Group#0011,D:\-MindEcho-main\ml_dl_models\gtsinger_multitech\dataset\raw\Chinese\ZH-Alto-1\Mixed_Voice_and_Falsetto\给电影人的情书\Mixed_Voice_Group\0011.wav,Chinese/ZH-Alto-1/Mixed_Voice_and_Falsetto/给电影人的情书/Mixed_Voice_Group/0011.wav,Chinese,ZH-Alto-1,给电影人的情书,Mixed_Voice_Group,1,0,0,0,1,0,1,clear_mix,100010,positive_mix,0.252613,cpu
Chinese#ZH-Alto-1#Mixed_Voice_and_Falsetto#老男孩#Mixed_Voice_Group#0000,D:\-MindEcho-main\ml_dl_models\gtsinger_multitech\dataset\raw\Chinese\ZH-Alto-1\Mixed_Voice_and_Falsetto\老男孩\Mixed_Voice_Group\0000.wav,Chinese/ZH-Alto-1/Mixed_Voice_and_Falsetto/老男孩/Mixed_Voice_Group/0000.wav,Chinese,ZH-Alto-1,老男孩,Mixed_Voice_Group,1,0,0,0,1,0,1,clear_mix,100010,positive_mix,0.825242,cpu
Chinese#ZH-Alto-1#Mixed_Voice_and_Falsetto#老男孩#Mixed_Voice_Group#0001,D:\-MindEcho-main\ml_dl_models\gtsinger_multitech\dataset\raw\Chinese\ZH-Alto-1\Mixed_Voice_and_Falsetto\老男孩\Mixed_Voice_Group\0001.wav,Chinese/ZH-Alto-1/Mixed_Voice_and_Falsetto/老男孩/Mixed_Voice_Group/0001.wav,Chinese,ZH-Alto-1,老男孩,Mixed_Voice_Group,1,0,0,1,1,0,1,clear_mix,100110,positive_mix,0.580000,cpu
Chinese#ZH-Alto-1#Mixed_Voice_and_Falsetto#老男孩#Mixed_Voice_Group#0002,D:\-MindEcho-main\ml_dl_models\gtsinger_multitech\dataset\raw\Chinese\ZH-Alto-1\Mixed_Voice_and_Falsetto\老男孩\Mixed_Voice_Group\0002.wav,Chinese/ZH-Alto-1/Mixed_Voice_and_Falsetto/老男孩/Mixed_Voice_Group/0002.wav,Chinese,ZH-Alto-1,老男孩,Mixed_Voice_Group,1,0,0,0,1,0,1,clear_mix,100010,positive_mix,0.685274,cpu
Chinese#ZH-Alto-1#Mixed_Voice_and_Falsetto#老男孩#Mixed_Voice_Group#0003,D:\-MindEcho-main\ml_dl_models\gtsinger_multitech\dataset\raw\Chinese\ZH-Alto-1\Mixed_Voice_and_Falsetto\老男孩\Mixed_Voice_Group\0003.wav,Chinese/ZH-Alto-1/Mixed_Voice_and_Falsetto/老男孩/Mixed_Voice_Group/0003.wav,Chinese,ZH-Alto-1,老男孩,Mixed_Voice_Group,1,0,0,1,1,0,1,clear_mix,100110,positive_mix,0.498205,cpu
Chinese#ZH-Alto-1#Mixed_Voice_and_Falsetto#老男孩#Mixed_Voice_Group#0004,D:\-MindEcho-main\ml_dl_models\gtsinger_multitech\dataset\raw\Chinese\ZH-Alto-1\Mixed_Voice_and_Falsetto\老男孩\Mixed_Voice_Group\0004.wav,Chinese/ZH-Alto-1/Mixed_Voice_and_Falsetto/老男孩/Mixed_Voice_Group/0004.wav,Chinese,ZH-Alto-1,老男孩,Mixed_Voice_Group,1,0,0,1,1,0,1,clear_mix,100110,positive_mix,0.683743,cpu
Chinese#ZH-Alto-1#Mixed_Voice_and_Falsetto#老男孩#Mixed_Voice_Group#0005,D:\-MindEcho-main\ml_dl_models\gtsinger_multitech\dataset\raw\Chinese\ZH-Alto-1\Mixed_Voice_and_Falsetto\老男孩\Mixed_Voice_Group\0005.wav,Chinese/ZH-Alto-1/Mixed_Voice_and_Falsetto/老男孩/Mixed_Voice_Group/0005.wav,Chinese,ZH-Alto-1,老男孩,Mixed_Voice_Group,1,0,0,1,1,0,1,clear_mix,100110,positive_mix,0.601972,cpu
Chinese#ZH-Alto-1#Mixed_Voice_and_Falsetto#老男孩#Mixed_Voice_Group#0007,D:\-MindEcho-main\ml_dl_models\gtsinger_multitech\dataset\raw\Chinese\ZH-Alto-1\Mixed_Voice_and_Falsetto\老男孩\Mixed_Voice_Group\0007.wav,Chinese/ZH-Alto-1/Mixed_Voice_and_Falsetto/老男孩/Mixed_Voice_Group/0007.wav,Chinese,ZH-Alto-1,老男孩,Mixed_Voice_Group,1,0,0,0,1,0,1,clear_mix,100010,positive_mix,0.625540,cpu
Chinese#ZH-Alto-1#Mixed_Voice_and_Falsetto#老男孩#Mixed_Voice_Group#0008,D:\-MindEcho-main\ml_dl_models\gtsinger_multitech\dataset\raw\Chinese\ZH-Alto-1\Mixed_Voice_and_Falsetto\老男孩\Mixed_Voice_Group\0008.wav,Chinese/ZH-Alto-1/Mixed_Voice_and_Falsetto/老男孩/Mixed_Voice_Group/0008.wav,Chinese,ZH-Alto-1,老男孩,Mixed_Voice_Group,1,0,0,1,1,0,1,clear_mix,100110,positive_mix,0.682849,cpu
Chinese#ZH-Alto-1#Mixed_Voice_and_Falsetto#老男孩#Mixed_Voice_Group#0009,D:\-MindEcho-main\ml_dl_models\gtsinger_multitech\dataset\raw\Chinese\ZH-Alto-1\Mixed_Voice_and_Falsetto\老男孩\Mixed_Voice_Group\0009.wav,Chinese/ZH-Alto-1/Mixed_Voice_and_Falsetto/老男孩/Mixed_Voice_Group/0009.wav,Chinese,ZH-Alto-1,老男孩,Mixed_Voice_Group,1,0,0,0,1,0,1,clear_mix,100010,positive_mix,0.362271,cpu
Chinese#ZH-Alto-1#Mixed_Voice_and_Falsetto#老男孩#Mixed_Voice_Group#0010,D:\-MindEcho-main\ml_dl_models\gtsinger_multitech\dataset\raw\Chinese\ZH-Alto-1\Mixed_Voice_and_Falsetto\老男孩\Mixed_Voice_Group\0010.wav,Chinese/ZH-Alto-1/Mixed_Voice_and_Falsetto/老男孩/Mixed_Voice_Group/0010.wav,Chinese,ZH-Alto-1,老男孩,Mixed_Voice_Group,1,0,0,1,1,0,1,clear_mix,100110,positive_mix,0.730341,cpu
Chinese#ZH-Alto-1#Mixed_Voice_and_Falsetto#老男孩#Mixed_Voice_Group#0012,D:\-MindEcho-main\ml_dl_models\gtsinger_multitech\dataset\raw\Chinese\ZH-Alto-1\Mixed_Voice_and_Falsetto\老男孩\Mixed_Voice_Group\0012.wav,Chinese/ZH-Alto-1/Mixed_Voice_and_Falsetto/老男孩/Mixed_Voice_Group/0012.wav,Chinese,ZH-Alto-1,老男孩,Mixed_Voice_Group,1,0,0,1,1,0,1,clear_mix,100110,positive_mix,0.689810,cpu
Chinese#ZH-Alto-1#Mixed_Voice_and_Falsetto#老男孩#Mixed_Voice_Group#0013,D:\-MindEcho-main\ml_dl_models\gtsinger_multitech\dataset\raw\Chinese\ZH-Alto-1\Mixed_Voice_and_Falsetto\老男孩\Mixed_Voice_Group\0013.wav,Chinese/ZH-Alto-1/Mixed_Voice_and_Falsetto/老男孩/Mixed_Voice_Group/0013.wav,Chinese,ZH-Alto-1,老男孩,Mixed_Voice_Group,1,0,0,0,1,0,1,clear_mix,100010,positive_mix,0.400968,cpu
Chinese#ZH-Alto-1#Mixed_Voice_and_Falsetto#老男孩#Mixed_Voice_Group#0014,D:\-MindEcho-main\ml_dl_models\gtsinger_multitech\dataset\raw\Chinese\ZH-Alto-1\Mixed_Voice_and_Falsetto\老男孩\Mixed_Voice_Group\0014.wav,Chinese/ZH-Alto-1/Mixed_Voice_and_Falsetto/老男孩/Mixed_Voice_Group/0014.wav,Chinese,ZH-Alto-1,老男孩,Mixed_Voice_Group,1,0,0,1,1,0,1,clear_mix,100110,positive_mix,0.876527,cpu
Chinese#ZH-Alto-1#Mixed_Voice_and_Falsetto#老男孩#Mixed_Voice_Group#0015,D:\-MindEcho-main\ml_dl_models\gtsinger_multitech\dataset\raw\Chinese\ZH-Alto-1\Mixed_Voice_and_Falsetto\老男孩\Mixed_Voice_Group\0015.wav,Chinese/ZH-Alto-1/Mixed_Voice_and_Falsetto/老男孩/Mixed_Voice_Group/0015.wav,Chinese,ZH-Alto-1,老男孩,Mixed_Voice_Group,1,0,0,0,1,0,1,clear_mix,100010,positive_mix,0.792387,cpu
Chinese#ZH-Alto-1#Mixed_Voice_and_Falsetto#老男孩#Mixed_Voice_Group#0016,D:\-MindEcho-main\ml_dl_models\gtsinger_multitech\dataset\raw\Chinese\ZH-Alto-1\Mixed_Voice_and_Falsetto\老男孩\Mixed_Voice_Group\0016.wav,Chinese/ZH-Alto-1/Mixed_Voice_and_Falsetto/老男孩/Mixed_Voice_Group/0016.wav,Chinese,ZH-Alto-1,老男孩,Mixed_Voice_Group,1,0,0,1,1,0,1,clear_mix,100110,positive_mix,0.632968,cpu
Chinese#ZH-Alto-1#Mixed_Voice_and_Falsetto#老男孩#Mixed_Voice_Group#0017,D:\-MindEcho-main\ml_dl_models\gtsinger_multitech\dataset\raw\Chinese\ZH-Alto-1\Mixed_Voice_and_Falsetto\老男孩\Mixed_Voice_Group\0017.wav,Chinese/ZH-Alto-1/Mixed_Voice_and_Falsetto/老男孩/Mixed_Voice_Group/0017.wav,Chinese,ZH-Alto-1,老男孩,Mixed_Voice_Group,1,0,0,0,1,0,1,clear_mix,100010,positive_mix,0.604731,cpu
Chinese#ZH-Alto-1#Mixed_Voice_and_Falsetto#老男孩#Mixed_Voice_Group#0018,D:\-MindEcho-main\ml_dl_models\gtsinger_multitech\dataset\raw\Chinese\ZH-Alto-1\Mixed_Voice_and_Falsetto\老男孩\Mixed_Voice_Group\0018.wav,Chinese/ZH-Alto-1/Mixed_Voice_and_Falsetto/老男孩/Mixed_Voice_Group/0018.wav,Chinese,ZH-Alto-1,老男孩,Mixed_Voice_Group,1,0,0,1,1,0,1,clear_mix,100110,positive_mix,0.577261,cpu
Chinese#ZH-Alto-1#Mixed_Voice_and_Falsetto#老男孩#Mixed_Voice_Group#0019,D:\-MindEcho-main\ml_dl_models\gtsinger_multitech\dataset\raw\Chinese\ZH-Alto-1\Mixed_Voice_and_Falsetto\老男孩\Mixed_Voice_Group\0019.wav,Chinese/ZH-Alto-1/Mixed_Voice_and_Falsetto/老男孩/Mixed_Voice_Group/0019.wav,Chinese,ZH-Alto-1,老男孩,Mixed_Voice_Group,1,0,0,0,1,0,1,clear_mix,100010,positive_mix,0.728292,cpu
Chinese#ZH-Alto-1#Mixed_Voice_and_Falsetto#老男孩#Mixed_Voice_Group#0020,D:\-MindEcho-main\ml_dl_models\gtsinger_multitech\dataset\raw\Chinese\ZH-Alto-1\Mixed_Voice_and_Falsetto\老男孩\Mixed_Voice_Group\0020.wav,Chinese/ZH-Alto-1/Mixed_Voice_and_Falsetto/老男孩/Mixed_Voice_Group/0020.wav,Chinese,ZH-Alto-1,老男孩,Mixed_Voice_Group,1,0,0,0,1,0,1,clear_mix,100010,positive_mix,0.703996,cpu
Chinese#ZH-Alto-1#Mixed_Voice_and_Falsetto#老男孩#Mixed_Voice_Group#0021,D:\-MindEcho-main\ml_dl_models\gtsinger_multitech\dataset\raw\Chinese\ZH-Alto-1\Mixed_Voice_and_Falsetto\老男孩\Mixed_Voice_Group\0021.wav,Chinese/ZH-Alto-1/Mixed_Voice_and_Falsetto/老男孩/Mixed_Voice_Group/0021.wav,Chinese,ZH-Alto-1,老男孩,Mixed_Voice_Group,1,0,0,0,1,0,1,clear_mix,100010,positive_mix,0.584256,cpu
Chinese#ZH-Alto-1#Mixed_Voice_and_Falsetto#菊花台#Mixed_Voice_Group#0000,D:\-MindEcho-main\ml_dl_models\gtsinger_multitech\dataset\raw\Chinese\ZH-Alto-1\Mixed_Voice_and_Falsetto\菊花台\Mixed_Voice_Group\0000.wav,Chinese/ZH-Alto-1/Mixed_Voice_and_Falsetto/菊花台/Mixed_Voice_Group/0000.wav,Chinese,ZH-Alto-1,菊花台,Mixed_Voice_Group,1,0,0,0,0,0,1,clear_mix,100000,positive_mix,0.563221,cpu
Chinese#ZH-Alto-1#Mixed_Voice_and_Falsetto#菊花台#Mixed_Voice_Group#0001,D:\-MindEcho-main\ml_dl_models\gtsinger_multitech\dataset\raw\Chinese\ZH-Alto-1\Mixed_Voice_and_Falsetto\菊花台\Mixed_Voice_Group\0001.wav,Chinese/ZH-Alto-1/Mixed_Voice_and_Falsetto/菊花台/Mixed_Voice_Group/0001.wav,Chinese,ZH-Alto-1,菊花台,Mixed_Voice_Group,1,0,0,0,1,0,1,clear_mix,100010,positive_mix,0.588404,cpu
Chinese#ZH-Alto-1#Mixed_Voice_and_Falsetto#菊花台#Mixed_Voice_Group#0002,D:\-MindEcho-main\ml_dl_models\gtsinger_multitech\dataset\raw\Chinese\ZH-Alto-1\Mixed_Voice_and_Falsetto\菊花台\Mixed_Voice_Group\0002.wav,Chinese/ZH-Alto-1/Mixed_Voice_and_Falsetto/菊花台/Mixed_Voice_Group/0002.wav,Chinese,ZH-Alto-1,菊花台,Mixed_Voice_Group,1,0,0,0,1,0,1,clear_mix,100010,positive_mix,0.708754,cpu
Chinese#ZH-Alto-1#Mixed_Voice_and_Falsetto#菊花台#Mixed_Voice_Group#0004,D:\-MindEcho-main\ml_dl_models\gtsinger_multitech\dataset\raw\Chinese\ZH-Alto-1\Mixed_Voice_and_Falsetto\菊花台\Mixed_Voice_Group\0004.wav,Chinese/ZH-Alto-1/Mixed_Voice_and_Falsetto/菊花台/Mixed_Voice_Group/0004.wav,Chinese,ZH-Alto-1,菊花台,Mixed_Voice_Group,1,0,0,0,1,0,1,clear_mix,100010,positive_mix,0.734546,cpu
Chinese#ZH-Alto-1#Mixed_Voice_and_Falsetto#菊花台#Mixed_Voice_Group#0005,D:\-MindEcho-main\ml_dl_models\gtsinger_multitech\dataset\raw\Chinese\ZH-Alto-1\Mixed_Voice_and_Falsetto\菊花台\Mixed_Voice_Group\0005.wav,Chinese/ZH-Alto-1/Mixed_Voice_and_Falsetto/菊花台/Mixed_Voice_Group/0005.wav,Chinese,ZH-Alto-1,菊花台,Mixed_Voice_Group,1,0,0,0,1,0,1,clear_mix,100010,positive_mix,0.560908,cpu
Chinese#ZH-Alto-1#Mixed_Voice_and_Falsetto#菊花台#Mixed_Voice_Group#0006,D:\-MindEcho-main\ml_dl_models\gtsinger_multitech\dataset\raw\Chinese\ZH-Alto-1\Mixed_Voice_and_Falsetto\菊花台\Mixed_Voice_Group\0006.wav,Chinese/ZH-Alto-1/Mixed_Voice_and_Falsetto/菊花台/Mixed_Voice_Group/0006.wav,Chinese,ZH-Alto-1,菊花台,Mixed_Voice_Group,1,0,0,0,1,0,1,clear_mix,100010,positive_mix,0.765173,cpu
Chinese#ZH-Alto-1#Mixed_Voice_and_Falsetto#菊花台#Mixed_Voice_Group#0007,D:\-MindEcho-main\ml_dl_models\gtsinger_multitech\dataset\raw\Chinese\ZH-Alto-1\Mixed_Voice_and_Falsetto\菊花台\Mixed_Voice_Group\0007.wav,Chinese/ZH-Alto-1/Mixed_Voice_and_Falsetto/菊花台/Mixed_Voice_Group/0007.wav,Chinese,ZH-Alto-1,菊花台,Mixed_Voice_Group,1,0,0,0,0,0,1,clear_mix,100000,positive_mix,0.725692,cpu
Chinese#ZH-Alto-1#Mixed_Voice_and_Falsetto#菊花台#Mixed_Voice_Group#0008,D:\-MindEcho-main\ml_dl_models\gtsinger_multitech\dataset\raw\Chinese\ZH-Alto-1\Mixed_Voice_and_Falsetto\菊花台\Mixed_Voice_Group\0008.wav,Chinese/ZH-Alto-1/Mixed_Voice_and_Falsetto/菊花台/Mixed_Voice_Group/0008.wav,Chinese,ZH-Alto-1,菊花台,Mixed_Voice_Group,1,0,0,0,1,0,1,clear_mix,100010,positive_mix,0.781790,cpu
Chinese#ZH-Alto-1#Mixed_Voice_and_Falsetto#菊花台#Mixed_Voice_Group#0009,D:\-MindEcho-main\ml_dl_models\gtsinger_multitech\dataset\raw\Chinese\ZH-Alto-1\Mixed_Voice_and_Falsetto\菊花台\Mixed_Voice_Group\0009.wav,Chinese/ZH-Alto-1/Mixed_Voice_and_Falsetto/菊花台/Mixed_Voice_Group/0009.wav,Chinese,ZH-Alto-1,菊花台,Mixed_Voice_Group,1,0,0,0,1,0,1,clear_mix,100010,positive_mix,0.782156,cpu
Chinese#ZH-Alto-1#Mixed_Voice_and_Falsetto#菊花台#Mixed_Voice_Group#0012,D:\-MindEcho-main\ml_dl_models\gtsinger_multitech\dataset\raw\Chinese\ZH-Alto-1\Mixed_Voice_and_Falsetto\菊花台\Mixed_Voice_Group\0012.wav,Chinese/ZH-Alto-1/Mixed_Voice_and_Falsetto/菊花台/Mixed_Voice_Group/0012.wav,Chinese,ZH-Alto-1,菊花台,Mixed_Voice_Group,1,0,0,0,1,0,1,clear_mix,100010,positive_mix,0.479298,cpu
Chinese#ZH-Alto-1#Mixed_Voice_and_Falsetto#菊花台#Mixed_Voice_Group#0014,D:\-MindEcho-main\ml_dl_models\gtsinger_multitech\dataset\raw\Chinese\ZH-Alto-1\Mixed_Voice_and_Falsetto\菊花台\Mixed_Voice_Group\0014.wav,Chinese/ZH-Alto-1/Mixed_Voice_and_Falsetto/菊花台/Mixed_Voice_Group/0014.wav,Chinese,ZH-Alto-1,菊花台,Mixed_Voice_Group,1,0,0,0,1,0,1,clear_mix,100010,positive_mix,0.649298,cpu
Chinese#ZH-Alto-1#Mixed_Voice_and_Falsetto#菊花台#Mixed_Voice_Group#0015,D:\-MindEcho-main\ml_dl_models\gtsinger_multitech\dataset\raw\Chinese\ZH-Alto-1\Mixed_Voice_and_Falsetto\菊花台\Mixed_Voice_Group\0015.wav,Chinese/ZH-Alto-1/Mixed_Voice_and_Falsetto/菊花台/Mixed_Voice_Group/0015.wav,Chinese,ZH-Alto-1,菊花台,Mixed_Voice_Group,1,0,0,0,1,0,1,clear_mix,100010,positive_mix,0.593506,cpu
Chinese#ZH-Alto-1#Mixed_Voice_and_Falsetto#菊花台#Mixed_Voice_Group#0016,D:\-MindEcho-main\ml_dl_models\gtsinger_multitech\dataset\raw\Chinese\ZH-Alto-1\Mixed_Voice_and_Falsetto\菊花台\Mixed_Voice_Group\0016.wav,Chinese/ZH-Alto-1/Mixed_Voice_and_Falsetto/菊花台/Mixed_Voice_Group/0016.wav,Chinese,ZH-Alto-1,菊花台,Mixed_Voice_Group,1,0,0,0,1,0,1,clear_mix,100010,positive_mix,0.572047,cpu
Chinese#ZH-Alto-1#Mixed_Voice_and_Falsetto#菊花台#Mixed_Voice_Group#0017,D:\-MindEcho-main\ml_dl_models\gtsinger_multitech\dataset\raw\Chinese\ZH-Alto-1\Mixed_Voice_and_Falsetto\菊花台\Mixed_Voice_Group\0017.wav,Chinese/ZH-Alto-1/Mixed_Voice_and_Falsetto/菊花台/Mixed_Voice_Group/0017.wav,Chinese,ZH-Alto-1,菊花台,Mixed_Voice_Group,1,0,0,0,1,0,1,clear_mix,100010,positive_mix,0.727366,cpu
Chinese#ZH-Alto-1#Mixed_Voice_and_Falsetto#菊花台#Mixed_Voice_Group#0018,D:\-MindEcho-main\ml_dl_models\gtsinger_multitech\dataset\raw\Chinese\ZH-Alto-1\Mixed_Voice_and_Falsetto\菊花台\Mixed_Voice_Group\0018.wav,Chinese/ZH-Alto-1/Mixed_Voice_and_Falsetto/菊花台/Mixed_Voice_Group/0018.wav,Chinese,ZH-Alto-1,菊花台,Mixed_Voice_Group,1,0,0,0,1,0,1,clear_mix,100010,positive_mix,0.842105,cpu
Chinese#ZH-Alto-1#Mixed_Voice_and_Falsetto#菊花台#Mixed_Voice_Group#0019,D:\-MindEcho-main\ml_dl_models\gtsinger_multitech\dataset\raw\Chinese\ZH-Alto-1\Mixed_Voice_and_Falsetto\菊花台\Mixed_Voice_Group\0019.wav,Chinese/ZH-Alto-1/Mixed_Voice_and_Falsetto/菊花台/Mixed_Voice_Group/0019.wav,Chinese,ZH-Alto-1,菊花台,Mixed_Voice_Group,1,0,0,0,1,0,1,clear_mix,100010,positive_mix,0.859143,cpu
Chinese#ZH-Alto-1#Mixed_Voice_and_Falsetto#贝加尔湖畔#Mixed_Voice_Group#0000,D:\-MindEcho-main\ml_dl_models\gtsinger_multitech\dataset\raw\Chinese\ZH-Alto-1\Mixed_Voice_and_Falsetto\贝加尔湖畔\Mixed_Voice_Group\0000.wav,Chinese/ZH-Alto-1/Mixed_Voice_and_Falsetto/贝加尔湖畔/Mixed_Voice_Group/0000.wav,Chinese,ZH-Alto-1,贝加尔湖畔,Mixed_Voice_Group,1,0,0,0,1,0,1,clear_mix,100010,positive_mix,0.450086,cpu
Chinese#ZH-Alto-1#Mixed_Voice_and_Falsetto#贝加尔湖畔#Mixed_Voice_Group#0001,D:\-MindEcho-main\ml_dl_models\gtsinger_multitech\dataset\raw\Chinese\ZH-Alto-1\Mixed_Voice_and_Falsetto\贝加尔湖畔\Mixed_Voice_Group\0001.wav,Chinese/ZH-Alto-1/Mixed_Voice_and_Falsetto/贝加尔湖畔/Mixed_Voice_Group/0001.wav,Chinese,ZH-Alto-1,贝加尔湖畔,Mixed_Voice_Group,1,0,0,1,1,0,1,clear_mix,100110,positive_mix,0.661859,cpu
Chinese#ZH-Alto-1#Mixed_Voice_and_Falsetto#贝加尔湖畔#Mixed_Voice_Group#0003,D:\-MindEcho-main\ml_dl_models\gtsinger_multitech\dataset\raw\Chinese\ZH-Alto-1\Mixed_Voice_and_Falsetto\贝加尔湖畔\Mixed_Voice_Group\0003.wav,Chinese/ZH-Alto-1/Mixed_Voice_and_Falsetto/贝加尔湖畔/Mixed_Voice_Group/0003.wav,Chinese,ZH-Alto-1,贝加尔湖畔,Mixed_Voice_Group,1,0,0,1,1,0,1,clear_mix,100110,positive_mix,0.768588,cpu
Chinese#ZH-Alto-1#Mixed_Voice_and_Falsetto#贝加尔湖畔#Mixed_Voice_Group#0004,D:\-MindEcho-main\ml_dl_models\gtsinger_multitech\dataset\raw\Chinese\ZH-Alto-1\Mixed_Voice_and_Falsetto\贝加尔湖畔\Mixed_Voice_Group\0004.wav,Chinese/ZH-Alto-1/Mixed_Voice_and_Falsetto/贝加尔湖畔/Mixed_Voice_Group/0004.wav,Chinese,ZH-Alto-1,贝加尔湖畔,Mixed_Voice_Group,1,0,0,1,1,0,1,clear_mix,100110,positive_mix,0.713958,cpu
Chinese#ZH-Alto-1#Mixed_Voice_and_Falsetto#贝加尔湖畔#Mixed_Voice_Group#0008,D:\-MindEcho-main\ml_dl_models\gtsinger_multitech\dataset\raw\Chinese\ZH-Alto-1\Mixed_Voice_and_Falsetto\贝加尔湖畔\Mixed_Voice_Group\0008.wav,Chinese/ZH-Alto-1/Mixed_Voice_and_Falsetto/贝加尔湖畔/Mixed_Voice_Group/0008.wav,Chinese,ZH-Alto-1,贝加尔湖畔,Mixed_Voice_Group,1,0,0,0,1,0,1,clear_mix,100010,positive_mix,0.512566,cpu
Chinese#ZH-Alto-1#Mixed_Voice_and_Falsetto#贝加尔湖畔#Mixed_Voice_Group#0009,D:\-MindEcho-main\ml_dl_models\gtsinger_multitech\dataset\raw\Chinese\ZH-Alto-1\Mixed_Voice_and_Falsetto\贝加尔湖畔\Mixed_Voice_Group\0009.wav,Chinese/ZH-Alto-1/Mixed_Voice_and_Falsetto/贝加尔湖畔/Mixed_Voice_Group/0009.wav,Chinese,ZH-Alto-1,贝加尔湖畔,Mixed_Voice_Group,1,0,0,0,1,0,1,clear_mix,100010,positive_mix,0.852692,cpu
Chinese#ZH-Alto-1#Mixed_Voice_and_Falsetto#贝加尔湖畔#Mixed_Voice_Group#0010,D:\-MindEcho-main\ml_dl_models\gtsinger_multitech\dataset\raw\Chinese\ZH-Alto-1\Mixed_Voice_and_Falsetto\贝加尔湖畔\Mixed_Voice_Group\0010.wav,Chinese/ZH-Alto-1/Mixed_Voice_and_Falsetto/贝加尔湖畔/Mixed_Voice_Group/0010.wav,Chinese,ZH-Alto-1,贝加尔湖畔,Mixed_Voice_Group,1,0,0,0,1,0,1,clear_mix,100010,positive_mix,0.762032,cpu
Chinese#ZH-Alto-1#Mixed_Voice_and_Falsetto#贝加尔湖畔#Mixed_Voice_Group#0011,D:\-MindEcho-main\ml_dl_models\gtsinger_multitech\dataset\raw\Chinese\ZH-Alto-1\Mixed_Voice_and_Falsetto\贝加尔湖畔\Mixed_Voice_Group\0011.wav,Chinese/ZH-Alto-1/Mixed_Voice_and_Falsetto/贝加尔湖畔/Mixed_Voice_Group/0011.wav,Chinese,ZH-Alto-1,贝加尔湖畔,Mixed_Voice_Group,1,0,0,1,1,0,1,clear_mix,100110,positive_mix,0.787940,cpu
Chinese#ZH-Alto-1#Mixed_Voice_and_Falsetto#走马#Mixed_Voice_Group#0001,D:\-MindEcho-main\ml_dl_models\gtsinger_multitech\dataset\raw\Chinese\ZH-Alto-1\Mixed_Voice_and_Falsetto\走马\Mixed_Voice_Group\0001.wav,Chinese/ZH-Alto-1/Mixed_Voice_and_Falsetto/走马/Mixed_Voice_Group/0001.wav,Chinese,ZH-Alto-1,走马,Mixed_Voice_Group,1,0,0,0,1,0,1,clear_mix,100010,positive_mix,0.463611,cpu
Chinese#ZH-Alto-1#Mixed_Voice_and_Falsetto#逆光#Mixed_Voice_Group#0000,D:\-MindEcho-main\ml_dl_models\gtsinger_multitech\dataset\raw\Chinese\ZH-Alto-1\Mixed_Voice_and_Falsetto\逆光\Mixed_Voice_Group\0000.wav,Chinese/ZH-Alto-1/Mixed_Voice_and_Falsetto/逆光/Mixed_Voice_Group/0000.wav,Chinese,ZH-Alto-1,逆光,Mixed_Voice_Group,1,0,0,0,1,0,1,clear_mix,100010,positive_mix,0.295374,cpu
Chinese#ZH-Alto-1#Mixed_Voice_and_Falsetto#逆光#Mixed_Voice_Group#0001,D:\-MindEcho-main\ml_dl_models\gtsinger_multitech\dataset\raw\Chinese\ZH-Alto-1\Mixed_Voice_and_Falsetto\逆光\Mixed_Voice_Group\0001.wav,Chinese/ZH-Alto-1/Mixed_Voice_and_Falsetto/逆光/Mixed_Voice_Group/0001.wav,Chinese,ZH-Alto-1,逆光,Mixed_Voice_Group,1,0,0,0,1,0,1,clear_mix,100010,positive_mix,0.565690,cpu
Chinese#ZH-Alto-1#Mixed_Voice_and_Falsetto#逆光#Mixed_Voice_Group#0002,D:\-MindEcho-main\ml_dl_models\gtsinger_multitech\dataset\raw\Chinese\ZH-Alto-1\Mixed_Voice_and_Falsetto\逆光\Mixed_Voice_Group\0002.wav,Chinese/ZH-Alto-1/Mixed_Voice_and_Falsetto/逆光/Mixed_Voice_Group/0002.wav,Chinese,ZH-Alto-1,逆光,Mixed_Voice_Group,1,0,0,0,1,0,1,clear_mix,100010,positive_mix,0.372585,cpu
Chinese#ZH-Alto-1#Mixed_Voice_and_Falsetto#逆光#Mixed_Voice_Group#0003,D:\-MindEcho-main\ml_dl_models\gtsinger_multitech\dataset\raw\Chinese\ZH-Alto-1\Mixed_Voice_and_Falsetto\逆光\Mixed_Voice_Group\0003.wav,Chinese/ZH-Alto-1/Mixed_Voice_and_Falsetto/逆光/Mixed_Voice_Group/0003.wav,Chinese,ZH-Alto-1,逆光,Mixed_Voice_Group,1,0,0,1,1,0,1,clear_mix,100110,positive_mix,0.603041,cpu
Chinese#ZH-Alto-1#Mixed_Voice_and_Falsetto#青花瓷#Mixed_Voice_Group#0000,D:\-MindEcho-main\ml_dl_models\gtsinger_multitech\dataset\raw\Chinese\ZH-Alto-1\Mixed_Voice_and_Falsetto\青花瓷\Mixed_Voice_Group\0000.wav,Chinese/ZH-Alto-1/Mixed_Voice_and_Falsetto/青花瓷/Mixed_Voice_Group/0000.wav,Chinese,ZH-Alto-1,青花瓷,Mixed_Voice_Group,1,0,0,0,1,0,1,clear_mix,100010,positive_mix,0.399591,cpu
Chinese#ZH-Alto-1#Mixed_Voice_and_Falsetto#青花瓷#Mixed_Voice_Group#0001,D:\-MindEcho-main\ml_dl_models\gtsinger_multitech\dataset\raw\Chinese\ZH-Alto-1\Mixed_Voice_and_Falsetto\青花瓷\Mixed_Voice_Group\0001.wav,Chinese/ZH-Alto-1/Mixed_Voice_and_Falsetto/青花瓷/Mixed_Voice_Group/0001.wav,Chinese,ZH-Alto-1,青花瓷,Mixed_Voice_Group,1,0,0,0,1,0,1,clear_mix,100010,positive_mix,0.826561,cpu
Chinese#ZH-Alto-1#Mixed_Voice_and_Falsetto#青花瓷#Mixed_Voice_Group#0003,D:\-MindEcho-main\ml_dl_models\gtsinger_multitech\dataset\raw\Chinese\ZH-Alto-1\Mixed_Voice_and_Falsetto\青花瓷\Mixed_Voice_Group\0003.wav,Chinese/ZH-Alto-1/Mixed_Voice_and_Falsetto/青花瓷/Mixed_Voice_Group/0003.wav,Chinese,ZH-Alto-1,青花瓷,Mixed_Voice_Group,1,0,0,0,1,0,1,clear_mix,100010,positive_mix,0.677043,cpu
Chinese#ZH-Alto-1#Mixed_Voice_and_Falsetto#青花瓷#Mixed_Voice_Group#0004,D:\-MindEcho-main\ml_dl_models\gtsinger_multitech\dataset\raw\Chinese\ZH-Alto-1\Mixed_Voice_and_Falsetto\青花瓷\Mixed_Voice_Group\0004.wav,Chinese/ZH-Alto-1/Mixed_Voice_and_Falsetto/青花瓷/Mixed_Voice_Group/0004.wav,Chinese,ZH-Alto-1,青花瓷,Mixed_Voice_Group,1,0,0,0,1,0,1,clear_mix,100010,positive_mix,0.859243,cpu
Chinese#ZH-Alto-1#Mixed_Voice_and_Falsetto#青花瓷#Mixed_Voice_Group#0005,D:\-MindEcho-main\ml_dl_models\gtsinger_multitech\dataset\raw\Chinese\ZH-Alto-1\Mixed_Voice_and_Falsetto\青花瓷\Mixed_Voice_Group\0005.wav,Chinese/ZH-Alto-1/Mixed_Voice_and_Falsetto/青花瓷/Mixed_Voice_Group/0005.wav,Chinese,ZH-Alto-1,青花瓷,Mixed_Voice_Group,1,0,0,0,1,1,1,clear_mix,100011,positive_mix,0.750477,cpu
Chinese#ZH-Alto-1#Mixed_Voice_and_Falsetto#青花瓷#Mixed_Voice_Group#0006,D:\-MindEcho-main\ml_dl_models\gtsinger_multitech\dataset\raw\Chinese\ZH-Alto-1\Mixed_Voice_and_Falsetto\青花瓷\Mixed_Voice_Group\0006.wav,Chinese/ZH-Alto-1/Mixed_Voice_and_Falsetto/青花瓷/Mixed_Voice_Group/0006.wav,Chinese,ZH-Alto-1,青花瓷,Mixed_Voice_Group,1,0,0,0,0,0,1,clear_mix,100000,positive_mix,0.889519,cpu
Chinese#ZH-Alto-1#Mixed_Voice_and_Falsetto#青花瓷#Mixed_Voice_Group#0007,D:\-MindEcho-main\ml_dl_models\gtsinger_multitech\dataset\raw\Chinese\ZH-Alto-1\Mixed_Voice_and_Falsetto\青花瓷\Mixed_Voice_Group\0007.wav,Chinese/ZH-Alto-1/Mixed_Voice_and_Falsetto/青花瓷/Mixed_Voice_Group/0007.wav,Chinese,ZH-Alto-1,青花瓷,Mixed_Voice_Group,1,0,0,0,1,1,1,clear_mix,100011,positive_mix,0.773873,cpu
Chinese#ZH-Alto-1#Mixed_Voice_and_Falsetto#青花瓷#Mixed_Voice_Group#0008,D:\-MindEcho-main\ml_dl_models\gtsinger_multitech\dataset\raw\Chinese\ZH-Alto-1\Mixed_Voice_and_Falsetto\青花瓷\Mixed_Voice_Group\0008.wav,Chinese/ZH-Alto-1/Mixed_Voice_and_Falsetto/青花瓷/Mixed_Voice_Group/0008.wav,Chinese,ZH-Alto-1,青花瓷,Mixed_Voice_Group,1,0,0,0,0,0,1,clear_mix,100000,positive_mix,0.470570,cpu
Chinese#ZH-Alto-1#Mixed_Voice_and_Falsetto#青花瓷#Mixed_Voice_Group#0009,D:\-MindEcho-main\ml_dl_models\gtsinger_multitech\dataset\raw\Chinese\ZH-Alto-1\Mixed_Voice_and_Falsetto\青花瓷\Mixed_Voice_Group\0009.wav,Chinese/ZH-Alto-1/Mixed_Voice_and_Falsetto/青花瓷/Mixed_Voice_Group/0009.wav,Chinese,ZH-Alto-1,青花瓷,Mixed_Voice_Group,1,0,0,0,1,0,1,clear_mix,100010,positive_mix,0.685191,cpu
Chinese#ZH-Alto-1#Mixed_Voice_and_Falsetto#鸽子#Mixed_Voice_Group#0002,D:\-MindEcho-main\ml_dl_models\gtsinger_multitech\dataset\raw\Chinese\ZH-Alto-1\Mixed_Voice_and_Falsetto\鸽子\Mixed_Voice_Group\0002.wav,Chinese/ZH-Alto-1/Mixed_Voice_and_Falsetto/鸽子/Mixed_Voice_Group/0002.wav,Chinese,ZH-Alto-1,鸽子,Mixed_Voice_Group,1,0,0,0,1,0,1,clear_mix,100010,positive_mix,0.385819,cpu
Chinese#ZH-Alto-1#Mixed_Voice_and_Falsetto#鸽子#Mixed_Voice_Group#0003,D:\-MindEcho-main\ml_dl_models\gtsinger_multitech\dataset\raw\Chinese\ZH-Alto-1\Mixed_Voice_and_Falsetto\鸽子\Mixed_Voice_Group\0003.wav,Chinese/ZH-Alto-1/Mixed_Voice_and_Falsetto/鸽子/Mixed_Voice_Group/0003.wav,Chinese,ZH-Alto-1,鸽子,Mixed_Voice_Group,1,0,0,0,1,0,1,clear_mix,100010,positive_mix,0.725254,cpu
Chinese#ZH-Alto-1#Mixed_Voice_and_Falsetto#鸽子#Mixed_Voice_Group#0004,D:\-MindEcho-main\ml_dl_models\gtsinger_multitech\dataset\raw\Chinese\ZH-Alto-1\Mixed_Voice_and_Falsetto\鸽子\Mixed_Voice_Group\0004.wav,Chinese/ZH-Alto-1/Mixed_Voice_and_Falsetto/鸽子/Mixed_Voice_Group/0004.wav,Chinese,ZH-Alto-1,鸽子,Mixed_Voice_Group,1,0,0,0,1,0,1,clear_mix,100010,positive_mix,0.670002,cpu
Chinese#ZH-Alto-1#Mixed_Voice_and_Falsetto#鸽子#Mixed_Voice_Group#0005,D:\-MindEcho-main\ml_dl_models\gtsinger_multitech\dataset\raw\Chinese\ZH-Alto-1\Mixed_Voice_and_Falsetto\鸽子\Mixed_Voice_Group\0005.wav,Chinese/ZH-Alto-1/Mixed_Voice_and_Falsetto/鸽子/Mixed_Voice_Group/0005.wav,Chinese,ZH-Alto-1,鸽子,Mixed_Voice_Group,1,0,0,0,1,0,1,clear_mix,100010,positive_mix,0.811385,cpu
Chinese#ZH-Alto-1#Mixed_Voice_and_Falsetto#鸽子#Mixed_Voice_Group#0006,D:\-MindEcho-main\ml_dl_models\gtsinger_multitech\dataset\raw\Chinese\ZH-Alto-1\Mixed_Voice_and_Falsetto\鸽子\Mixed_Voice_Group\0006.wav,Chinese/ZH-Alto-1/Mixed_Voice_and_Falsetto/鸽子/Mixed_Voice_Group/0006.wav,Chinese,ZH-Alto-1,鸽子,Mixed_Voice_Group,1,0,0,0,1,0,1,clear_mix,100010,positive_mix,0.643470,cpu
Chinese#ZH-Alto-1#Mixed_Voice_and_Falsetto#鸽子#Mixed_Voice_Group#0007,D:\-MindEcho-main\ml_dl_models\gtsinger_multitech\dataset\raw\Chinese\ZH-Alto-1\Mixed_Voice_and_Falsetto\鸽子\Mixed_Voice_Group\0007.wav,Chinese/ZH-Alto-1/Mixed_Voice_and_Falsetto/鸽子/Mixed_Voice_Group/0007.wav,Chinese,ZH-Alto-1,鸽子,Mixed_Voice_Group,1,0,0,0,1,0,1,clear_mix,100010,positive_mix,0.623121,cpu
Chinese#ZH-Tenor-1#Mixed_Voice_and_Falsetto#一次就好#Mixed_Voice_Group#0000,D:\-MindEcho-main\ml_dl_models\gtsinger_multitech\dataset\raw\Chinese\ZH-Tenor-1\Mixed_Voice_and_Falsetto\一次就好\Mixed_Voice_Group\0000.wav,Chinese/ZH-Tenor-1/Mixed_Voice_and_Falsetto/一次就好/Mixed_Voice_Group/0000.wav,Chinese,ZH-Tenor-1,一次就好,Mixed_Voice_Group,1,0,0,0,1,0,1,clear_mix,100010,positive_mix,0.786373,cpu
Chinese#ZH-Tenor-1#Mixed_Voice_and_Falsetto#一次就好#Mixed_Voice_Group#0004,D:\-MindEcho-main\ml_dl_models\gtsinger_multitech\dataset\raw\Chinese\ZH-Tenor-1\Mixed_Voice_and_Falsetto\一次就好\Mixed_Voice_Group\0004.wav,Chinese/ZH-Tenor-1/Mixed_Voice_and_Falsetto/一次就好/Mixed_Voice_Group/0004.wav,Chinese,ZH-Tenor-1,一次就好,Mixed_Voice_Group,1,0,0,0,1,0,1,clear_mix,100010,positive_mix,0.888581,cpu
Chinese#ZH-Tenor-1#Mixed_Voice_and_Falsetto#一次就好#Mixed_Voice_Group#0005,D:\-MindEcho-main\ml_dl_models\gtsinger_multitech\dataset\raw\Chinese\ZH-Tenor-1\Mixed_Voice_and_Falsetto\一次就好\Mixed_Voice_Group\0005.wav,Chinese/ZH-Tenor-1/Mixed_Voice_and_Falsetto/一次就好/Mixed_Voice_Group/0005.wav,Chinese,ZH-Tenor-1,一次就好,Mixed_Voice_Group,1,0,0,0,1,0,1,clear_mix,100010,positive_mix,0.747762,cpu
Chinese#ZH-Tenor-1#Mixed_Voice_and_Falsetto#一次就好#Mixed_Voice_Group#0006,D:\-MindEcho-main\ml_dl_models\gtsinger_multitech\dataset\raw\Chinese\ZH-Tenor-1\Mixed_Voice_and_Falsetto\一次就好\Mixed_Voice_Group\0006.wav,Chinese/ZH-Tenor-1/Mixed_Voice_and_Falsetto/一次就好/Mixed_Voice_Group/0006.wav,Chinese,ZH-Tenor-1,一次就好,Mixed_Voice_Group,1,0,0,0,1,0,1,clear_mix,100010,positive_mix,0.787223,cpu
Chinese#ZH-Tenor-1#Mixed_Voice_and_Falsetto#一次就好#Mixed_Voice_Group#0007,D:\-MindEcho-main\ml_dl_models\gtsinger_multitech\dataset\raw\Chinese\ZH-Tenor-1\Mixed_Voice_and_Falsetto\一次就好\Mixed_Voice_Group\0007.wav,Chinese/ZH-Tenor-1/Mixed_Voice_and_Falsetto/一次就好/Mixed_Voice_Group/0007.wav,Chinese,ZH-Tenor-1,一次就好,Mixed_Voice_Group,1,0,0,0,1,0,1,clear_mix,100010,positive_mix,0.766907,cpu
Chinese#ZH-Tenor-1#Mixed_Voice_and_Falsetto#一次就好#Mixed_Voice_Group#0009,D:\-MindEcho-main\ml_dl_models\gtsinger_multitech\dataset\raw\Chinese\ZH-Tenor-1\Mixed_Voice_and_Falsetto\一次就好\Mixed_Voice_Group\0009.wav,Chinese/ZH-Tenor-1/Mixed_Voice_and_Falsetto/一次就好/Mixed_Voice_Group/0009.wav,Chinese,ZH-Tenor-1,一次就好,Mixed_Voice_Group,1,0,0,0,1,0,1,clear_mix,100010,positive_mix,0.793661,cpu
Chinese#ZH-Tenor-1#Mixed_Voice_and_Falsetto#一次就好#Mixed_Voice_Group#0010,D:\-MindEcho-main\ml_dl_models\gtsinger_multitech\dataset\raw\Chinese\ZH-Tenor-1\Mixed_Voice_and_Falsetto\一次就好\Mixed_Voice_Group\0010.wav,Chinese/ZH-Tenor-1/Mixed_Voice_and_Falsetto/一次就好/Mixed_Voice_Group/0010.wav,Chinese,ZH-Tenor-1,一次就好,Mixed_Voice_Group,1,0,0,0,1,0,1,clear_mix,100010,positive_mix,0.747738,cpu
Chinese#ZH-Tenor-1#Mixed_Voice_and_Falsetto#不能说的秘密#Mixed_Voice_Group#0000,D:\-MindEcho-main\ml_dl_models\gtsinger_multitech\dataset\raw\Chinese\ZH-Tenor-1\Mixed_Voice_and_Falsetto\不能说的秘密\Mixed_Voice_Group\0000.wav,Chinese/ZH-Tenor-1/Mixed_Voice_and_Falsetto/不能说的秘密/Mixed_Voice_Group/0000.wav,Chinese,ZH-Tenor-1,不能说的秘密,Mixed_Voice_Group,1,0,0,0,1,0,1,clear_mix,100010,positive_mix,0.677785,cpu
Chinese#ZH-Tenor-1#Mixed_Voice_and_Falsetto#不能说的秘密#Mixed_Voice_Group#0001,D:\-MindEcho-main\ml_dl_models\gtsinger_multitech\dataset\raw\Chinese\ZH-Tenor-1\Mixed_Voice_and_Falsetto\不能说的秘密\Mixed_Voice_Group\0001.wav,Chinese/ZH-Tenor-1/Mixed_Voice_and_Falsetto/不能说的秘密/Mixed_Voice_Group/0001.wav,Chinese,ZH-Tenor-1,不能说的秘密,Mixed_Voice_Group,1,0,0,0,1,0,1,clear_mix,100010,positive_mix,0.799280,cpu
Chinese#ZH-Tenor-1#Mixed_Voice_and_Falsetto#不能说的秘密#Mixed_Voice_Group#0004,D:\-MindEcho-main\ml_dl_models\gtsinger_multitech\dataset\raw\Chinese\ZH-Tenor-1\Mixed_Voice_and_Falsetto\不能说的秘密\Mixed_Voice_Group\0004.wav,Chinese/ZH-Tenor-1/Mixed_Voice_and_Falsetto/不能说的秘密/Mixed_Voice_Group/0004.wav,Chinese,ZH-Tenor-1,不能说的秘密,Mixed_Voice_Group,1,0,0,0,1,0,1,clear_mix,100010,positive_mix,0.689903,cpu
Chinese#ZH-Tenor-1#Mixed_Voice_and_Falsetto#不能说的秘密#Mixed_Voice_Group#0005,D:\-MindEcho-main\ml_dl_models\gtsinger_multitech\dataset\raw\Chinese\ZH-Tenor-1\Mixed_Voice_and_Falsetto\不能说的秘密\Mixed_Voice_Group\0005.wav,Chinese/ZH-Tenor-1/Mixed_Voice_and_Falsetto/不能说的秘密/Mixed_Voice_Group/0005.wav,Chinese,ZH-Tenor-1,不能说的秘密,Mixed_Voice_Group,1,0,0,0,1,0,1,clear_mix,100010,positive_mix,0.708905,cpu
Chinese#ZH-Tenor-1#Mixed_Voice_and_Falsetto#不能说的秘密#Mixed_Voice_Group#0008,D:\-MindEcho-main\ml_dl_models\gtsinger_multitech\dataset\raw\Chinese\ZH-Tenor-1\Mixed_Voice_and_Falsetto\不能说的秘密\Mixed_Voice_Group\0008.wav,Chinese/ZH-Tenor-1/Mixed_Voice_and_Falsetto/不能说的秘密/Mixed_Voice_Group/0008.wav,Chinese,ZH-Tenor-1,不能说的秘密,Mixed_Voice_Group,1,0,0,0,1,0,1,clear_mix,100010,positive_mix,0.650783,cpu
Chinese#ZH-Tenor-1#Mixed_Voice_and_Falsetto#不能说的秘密#Mixed_Voice_Group#0009,D:\-MindEcho-main\ml_dl_models\gtsinger_multitech\dataset\raw\Chinese\ZH-Tenor-1\Mixed_Voice_and_Falsetto\不能说的秘密\Mixed_Voice_Group\0009.wav,Chinese/ZH-Tenor-1/Mixed_Voice_and_Falsetto/不能说的秘密/Mixed_Voice_Group/0009.wav,Chinese,ZH-Tenor-1,不能说的秘密,Mixed_Voice_Group,1,0,0,0,1,0,1,clear_mix,100010,positive_mix,0.642086,cpu
Chinese#ZH-Tenor-1#Mixed_Voice_and_Falsetto#不能说的秘密#Mixed_Voice_Group#0010,D:\-MindEcho-main\ml_dl_models\gtsinger_multitech\dataset\raw\Chinese\ZH-Tenor-1\Mixed_Voice_and_Falsetto\不能说的秘密\Mixed_Voice_Group\0010.wav,Chinese/ZH-Tenor-1/Mixed_Voice_and_Falsetto/不能说的秘密/Mixed_Voice_Group/0010.wav,Chinese,ZH-Tenor-1,不能说的秘密,Mixed_Voice_Group,1,0,0,0,1,0,1,clear_mix,100010,positive_mix,0.671470,cpu
Chinese#ZH-Tenor-1#Mixed_Voice_and_Falsetto#你就不要想起我#Mixed_Voice_Group#0002,D:\-MindEcho-main\ml_dl_models\gtsinger_multitech\dataset\raw\Chinese\ZH-Tenor-1\Mixed_Voice_and_Falsetto\你就不要想起我\Mixed_Voice_Group\0002.wav,Chinese/ZH-Tenor-1/Mixed_Voice_and_Falsetto/你就不要想起我/Mixed_Voice_Group/0002.wav,Chinese,ZH-Tenor-1,你就不要想起我,Mixed_Voice_Group,1,0,0,0,1,0,1,clear_mix,100010,positive_mix,0.846482,cpu
Chinese#ZH-Tenor-1#Mixed_Voice_and_Falsetto#你就不要想起我#Mixed_Voice_Group#0003,D:\-MindEcho-main\ml_dl_models\gtsinger_multitech\dataset\raw\Chinese\ZH-Tenor-1\Mixed_Voice_and_Falsetto\你就不要想起我\Mixed_Voice_Group\0003.wav,Chinese/ZH-Tenor-1/Mixed_Voice_and_Falsetto/你就不要想起我/Mixed_Voice_Group/0003.wav,Chinese,ZH-Tenor-1,你就不要想起我,Mixed_Voice_Group,1,0,0,0,1,0,1,clear_mix,100010,positive_mix,0.963959,cpu
Chinese#ZH-Tenor-1#Mixed_Voice_and_Falsetto#你就不要想起我#Mixed_Voice_Group#0004,D:\-MindEcho-main\ml_dl_models\gtsinger_multitech\dataset\raw\Chinese\ZH-Tenor-1\Mixed_Voice_and_Falsetto\你就不要想起我\Mixed_Voice_Group\0004.wav,Chinese/ZH-Tenor-1/Mixed_Voice_and_Falsetto/你就不要想起我/Mixed_Voice_Group/0004.wav,Chinese,ZH-Tenor-1,你就不要想起我,Mixed_Voice_Group,1,0,0,0,1,0,1,clear_mix,100010,positive_mix,0.957038,cpu
Chinese#ZH-Tenor-1#Mixed_Voice_and_Falsetto#你就不要想起我#Mixed_Voice_Group#0005,D:\-MindEcho-main\ml_dl_models\gtsinger_multitech\dataset\raw\Chinese\ZH-Tenor-1\Mixed_Voice_and_Falsetto\你就不要想起我\Mixed_Voice_Group\0005.wav,Chinese/ZH-Tenor-1/Mixed_Voice_and_Falsetto/你就不要想起我/Mixed_Voice_Group/0005.wav,Chinese,ZH-Tenor-1,你就不要想起我,Mixed_Voice_Group,1,0,0,0,1,0,1,clear_mix,100010,positive_mix,0.817727,cpu
Chinese#ZH-Tenor-1#Mixed_Voice_and_Falsetto#你就不要想起我#Mixed_Voice_Group#0006,D:\-MindEcho-main\ml_dl_models\gtsinger_multitech\dataset\raw\Chinese\ZH-Tenor-1\Mixed_Voice_and_Falsetto\你就不要想起我\Mixed_Voice_Group\0006.wav,Chinese/ZH-Tenor-1/Mixed_Voice_and_Falsetto/你就不要想起我/Mixed_Voice_Group/0006.wav,Chinese,ZH-Tenor-1,你就不要想起我,Mixed_Voice_Group,1,0,0,0,1,0,1,clear_mix,100010,positive_mix,0.900483,cpu
Chinese#ZH-Tenor-1#Mixed_Voice_and_Falsetto#你就不要想起我#Mixed_Voice_Group#0007,D:\-MindEcho-main\ml_dl_models\gtsinger_multitech\dataset\raw\Chinese\ZH-Tenor-1\Mixed_Voice_and_Falsetto\你就不要想起我\Mixed_Voice_Group\0007.wav,Chinese/ZH-Tenor-1/Mixed_Voice_and_Falsetto/你就不要想起我/Mixed_Voice_Group/0007.wav,Chinese,ZH-Tenor-1,你就不要想起我,Mixed_Voice_Group,1,0,0,0,1,0,1,clear_mix,100010,positive_mix,0.882641,cpu
Chinese#ZH-Tenor-1#Mixed_Voice_and_Falsetto#你就不要想起我#Mixed_Voice_Group#0008,D:\-MindEcho-main\ml_dl_models\gtsinger_multitech\dataset\raw\Chinese\ZH-Tenor-1\Mixed_Voice_and_Falsetto\你就不要想起我\Mixed_Voice_Group\0008.wav,Chinese/ZH-Tenor-1/Mixed_Voice_and_Falsetto/你就不要想起我/Mixed_Voice_Group/0008.wav,Chinese,ZH-Tenor-1,你就不要想起我,Mixed_Voice_Group,1,0,0,0,1,0,1,clear_mix,100010,positive_mix,0.817591,cpu
Chinese#ZH-Tenor-1#Mixed_Voice_and_Falsetto#你就不要想起我#Mixed_Voice_Group#0010,D:\-MindEcho-main\ml_dl_models\gtsinger_multitech\dataset\raw\Chinese\ZH-Tenor-1\Mixed_Voice_and_Falsetto\你就不要想起我\Mixed_Voice_Group\0010.wav,Chinese/ZH-Tenor-1/Mixed_Voice_and_Falsetto/你就不要想起我/Mixed_Voice_Group/0010.wav,Chinese,ZH-Tenor-1,你就不要想起我,Mixed_Voice_Group,1,0,0,0,1,0,1,clear_mix,100010,positive_mix,0.956300,cpu
Chinese#ZH-Tenor-1#Mixed_Voice_and_Falsetto#你就不要想起我#Mixed_Voice_Group#0011,D:\-MindEcho-main\ml_dl_models\gtsinger_multitech\dataset\raw\Chinese\ZH-Tenor-1\Mixed_Voice_and_Falsetto\你就不要想起我\Mixed_Voice_Group\0011.wav,Chinese/ZH-Tenor-1/Mixed_Voice_and_Falsetto/你就不要想起我/Mixed_Voice_Group/0011.wav,Chinese,ZH-Tenor-1,你就不要想起我,Mixed_Voice_Group,1,0,0,0,1,0,1,clear_mix,100010,positive_mix,0.833550,cpu
Chinese#ZH-Tenor-1#Mixed_Voice_and_Falsetto#你就不要想起我#Mixed_Voice_Group#0014,D:\-MindEcho-main\ml_dl_models\gtsinger_multitech\dataset\raw\Chinese\ZH-Tenor-1\Mixed_Voice_and_Falsetto\你就不要想起我\Mixed_Voice_Group\0014.wav,Chinese/ZH-Tenor-1/Mixed_Voice_and_Falsetto/你就不要想起我/Mixed_Voice_Group/0014.wav,Chinese,ZH-Tenor-1,你就不要想起我,Mixed_Voice_Group,1,0,0,0,1,0,1,clear_mix,100010,positive_mix,0.883609,cpu
Chinese#ZH-Tenor-1#Mixed_Voice_and_Falsetto#你就不要想起我#Mixed_Voice_Group#0017,D:\-MindEcho-main\ml_dl_models\gtsinger_multitech\dataset\raw\Chinese\ZH-Tenor-1\Mixed_Voice_and_Falsetto\你就不要想起我\Mixed_Voice_Group\0017.wav,Chinese/ZH-Tenor-1/Mixed_Voice_and_Falsetto/你就不要想起我/Mixed_Voice_Group/0017.wav,Chinese,ZH-Tenor-1,你就不要想起我,Mixed_Voice_Group,1,0,0,0,1,0,1,clear_mix,100010,positive_mix,0.359972,cpu
Chinese#ZH-Tenor-1#Mixed_Voice_and_Falsetto#你就不要想起我#Mixed_Voice_Group#0018,D:\-MindEcho-main\ml_dl_models\gtsinger_multitech\dataset\raw\Chinese\ZH-Tenor-1\Mixed_Voice_and_Falsetto\你就不要想起我\Mixed_Voice_Group\0018.wav,Chinese/ZH-Tenor-1/Mixed_Voice_and_Falsetto/你就不要想起我/Mixed_Voice_Group/0018.wav,Chinese,ZH-Tenor-1,你就不要想起我,Mixed_Voice_Group,1,0,0,0,1,0,1,clear_mix,100010,positive_mix,0.890396,cpu
Chinese#ZH-Tenor-1#Mixed_Voice_and_Falsetto#你就不要想起我#Mixed_Voice_Group#0019,D:\-MindEcho-main\ml_dl_models\gtsinger_multitech\dataset\raw\Chinese\ZH-Tenor-1\Mixed_Voice_and_Falsetto\你就不要想起我\Mixed_Voice_Group\0019.wav,Chinese/ZH-Tenor-1/Mixed_Voice_and_Falsetto/你就不要想起我/Mixed_Voice_Group/0019.wav,Chinese,ZH-Tenor-1,你就不要想起我,Mixed_Voice_Group,1,0,0,0,1,0,1,clear_mix,100010,positive_mix,0.836825,cpu
Chinese#ZH-Tenor-1#Mixed_Voice_and_Falsetto#你就不要想起我#Mixed_Voice_Group#0020,D:\-MindEcho-main\ml_dl_models\gtsinger_multitech\dataset\raw\Chinese\ZH-Tenor-1\Mixed_Voice_and_Falsetto\你就不要想起我\Mixed_Voice_Group\0020.wav,Chinese/ZH-Tenor-1/Mixed_Voice_and_Falsetto/你就不要想起我/Mixed_Voice_Group/0020.wav,Chinese,ZH-Tenor-1,你就不要想起我,Mixed_Voice_Group,1,0,0,0,1,0,1,clear_mix,100010,positive_mix,0.822847,cpu
Chinese#ZH-Tenor-1#Mixed_Voice_and_Falsetto#修炼爱情#Mixed_Voice_Group#0000,D:\-MindEcho-main\ml_dl_models\gtsinger_multitech\dataset\raw\Chinese\ZH-Tenor-1\Mixed_Voice_and_Falsetto\修炼爱情\Mixed_Voice_Group\0000.wav,Chinese/ZH-Tenor-1/Mixed_Voice_and_Falsetto/修炼爱情/Mixed_Voice_Group/0000.wav,Chinese,ZH-Tenor-1,修炼爱情,Mixed_Voice_Group,1,0,0,0,0,0,1,clear_mix,100000,positive_mix,0.585830,cpu
Chinese#ZH-Tenor-1#Mixed_Voice_and_Falsetto#修炼爱情#Mixed_Voice_Group#0001,D:\-MindEcho-main\ml_dl_models\gtsinger_multitech\dataset\raw\Chinese\ZH-Tenor-1\Mixed_Voice_and_Falsetto\修炼爱情\Mixed_Voice_Group\0001.wav,Chinese/ZH-Tenor-1/Mixed_Voice_and_Falsetto/修炼爱情/Mixed_Voice_Group/0001.wav,Chinese,ZH-Tenor-1,修炼爱情,Mixed_Voice_Group,1,1,0,0,1,0,1,head_mix,110010,positive_mix,0.640520,cpu
Chinese#ZH-Tenor-1#Mixed_Voice_and_Falsetto#修炼爱情#Mixed_Voice_Group#0002,D:\-MindEcho-main\ml_dl_models\gtsinger_multitech\dataset\raw\Chinese\ZH-Tenor-1\Mixed_Voice_and_Falsetto\修炼爱情\Mixed_Voice_Group\0002.wav,Chinese/ZH-Tenor-1/Mixed_Voice_and_Falsetto/修炼爱情/Mixed_Voice_Group/0002.wav,Chinese,ZH-Tenor-1,修炼爱情,Mixed_Voice_Group,1,1,0,0,1,0,1,head_mix,110010,positive_mix,0.848841,cpu
Chinese#ZH-Tenor-1#Mixed_Voice_and_Falsetto#倒带#Mixed_Voice_Group#0000,D:\-MindEcho-main\ml_dl_models\gtsinger_multitech\dataset\raw\Chinese\ZH-Tenor-1\Mixed_Voice_and_Falsetto\倒带\Mixed_Voice_Group\0000.wav,Chinese/ZH-Tenor-1/Mixed_Voice_and_Falsetto/倒带/Mixed_Voice_Group/0000.wav,Chinese,ZH-Tenor-1,倒带,Mixed_Voice_Group,1,0,0,0,1,0,1,clear_mix,100010,positive_mix,0.744718,cpu
Chinese#ZH-Tenor-1#Mixed_Voice_and_Falsetto#倒带#Mixed_Voice_Group#0001,D:\-MindEcho-main\ml_dl_models\gtsinger_multitech\dataset\raw\Chinese\ZH-Tenor-1\Mixed_Voice_and_Falsetto\倒带\Mixed_Voice_Group\0001.wav,Chinese/ZH-Tenor-1/Mixed_Voice_and_Falsetto/倒带/Mixed_Voice_Group/0001.wav,Chinese,ZH-Tenor-1,倒带,Mixed_Voice_Group,1,0,0,0,1,0,1,clear_mix,100010,positive_mix,0.847913,cpu
Chinese#ZH-Tenor-1#Mixed_Voice_and_Falsetto#倒带#Mixed_Voice_Group#0003,D:\-MindEcho-main\ml_dl_models\gtsinger_multitech\dataset\raw\Chinese\ZH-Tenor-1\Mixed_Voice_and_Falsetto\倒带\Mixed_Voice_Group\0003.wav,Chinese/ZH-Tenor-1/Mixed_Voice_and_Falsetto/倒带/Mixed_Voice_Group/0003.wav,Chinese,ZH-Tenor-1,倒带,Mixed_Voice_Group,1,0,0,0,0,0,1,clear_mix,100000,positive_mix,0.714575,cpu
Chinese#ZH-Tenor-1#Mixed_Voice_and_Falsetto#倒带#Mixed_Voice_Group#0004,D:\-MindEcho-main\ml_dl_models\gtsinger_multitech\dataset\raw\Chinese\ZH-Tenor-1\Mixed_Voice_and_Falsetto\倒带\Mixed_Voice_Group\0004.wav,Chinese/ZH-Tenor-1/Mixed_Voice_and_Falsetto/倒带/Mixed_Voice_Group/0004.wav,Chinese,ZH-Tenor-1,倒带,Mixed_Voice_Group,1,0,0,0,1,0,1,clear_mix,100010,positive_mix,0.936080,cpu
Chinese#ZH-Tenor-1#Mixed_Voice_and_Falsetto#倒带#Mixed_Voice_Group#0005,D:\-MindEcho-main\ml_dl_models\gtsinger_multitech\dataset\raw\Chinese\ZH-Tenor-1\Mixed_Voice_and_Falsetto\倒带\Mixed_Voice_Group\0005.wav,Chinese/ZH-Tenor-1/Mixed_Voice_and_Falsetto/倒带/Mixed_Voice_Group/0005.wav,Chinese,ZH-Tenor-1,倒带,Mixed_Voice_Group,1,0,0,0,1,0,1,clear_mix,100010,positive_mix,0.946624,cpu
Chinese#ZH-Tenor-1#Mixed_Voice_and_Falsetto#倒带#Mixed_Voice_Group#0006,D:\-MindEcho-main\ml_dl_models\gtsinger_multitech\dataset\raw\Chinese\ZH-Tenor-1\Mixed_Voice_and_Falsetto\倒带\Mixed_Voice_Group\0006.wav,Chinese/ZH-Tenor-1/Mixed_Voice_and_Falsetto/倒带/Mixed_Voice_Group/0006.wav,Chinese,ZH-Tenor-1,倒带,Mixed_Voice_Group,1,0,0,0,1,0,1,clear_mix,100010,positive_mix,0.941666,cpu
Chinese#ZH-Tenor-1#Mixed_Voice_and_Falsetto#倒带#Mixed_Voice_Group#0007,D:\-MindEcho-main\ml_dl_models\gtsinger_multitech\dataset\raw\Chinese\ZH-Tenor-1\Mixed_Voice_and_Falsetto\倒带\Mixed_Voice_Group\0007.wav,Chinese/ZH-Tenor-1/Mixed_Voice_and_Falsetto/倒带/Mixed_Voice_Group/0007.wav,Chinese,ZH-Tenor-1,倒带,Mixed_Voice_Group,1,0,0,0,1,0,1,clear_mix,100010,positive_mix,0.900849,cpu
Chinese#ZH-Tenor-1#Mixed_Voice_and_Falsetto#倒带#Mixed_Voice_Group#0008,D:\-MindEcho-main\ml_dl_models\gtsinger_multitech\dataset\raw\Chinese\ZH-Tenor-1\Mixed_Voice_and_Falsetto\倒带\Mixed_Voice_Group\0008.wav,Chinese/ZH-Tenor-1/Mixed_Voice_and_Falsetto/倒带/Mixed_Voice_Group/0008.wav,Chinese,ZH-Tenor-1,倒带,Mixed_Voice_Group,1,0,0,0,1,0,1,clear_mix,100010,positive_mix,0.635234,cpu
Chinese#ZH-Tenor-1#Mixed_Voice_and_Falsetto#倒带#Mixed_Voice_Group#0009,D:\-MindEcho-main\ml_dl_models\gtsinger_multitech\dataset\raw\Chinese\ZH-Tenor-1\Mixed_Voice_and_Falsetto\倒带\Mixed_Voice_Group\0009.wav,Chinese/ZH-Tenor-1/Mixed_Voice_and_Falsetto/倒带/Mixed_Voice_Group/0009.wav,Chinese,ZH-Tenor-1,倒带,Mixed_Voice_Group,1,0,0,0,1,0,1,clear_mix,100010,positive_mix,0.829866,cpu
Chinese#ZH-Tenor-1#Mixed_Voice_and_Falsetto#倒带#Mixed_Voice_Group#0010,D:\-MindEcho-main\ml_dl_models\gtsinger_multitech\dataset\raw\Chinese\ZH-Tenor-1\Mixed_Voice_and_Falsetto\倒带\Mixed_Voice_Group\0010.wav,Chinese/ZH-Tenor-1/Mixed_Voice_and_Falsetto/倒带/Mixed_Voice_Group/0010.wav,Chinese,ZH-Tenor-1,倒带,Mixed_Voice_Group,1,0,0,0,1,0,1,clear_mix,100010,positive_mix,0.912811,cpu
Chinese#ZH-Tenor-1#Mixed_Voice_and_Falsetto#倒带#Mixed_Voice_Group#0012,D:\-MindEcho-main\ml_dl_models\gtsinger_multitech\dataset\raw\Chinese\ZH-Tenor-1\Mixed_Voice_and_Falsetto\倒带\Mixed_Voice_Group\0012.wav,Chinese/ZH-Tenor-1/Mixed_Voice_and_Falsetto/倒带/Mixed_Voice_Group/0012.wav,Chinese,ZH-Tenor-1,倒带,Mixed_Voice_Group,1,0,0,0,1,0,1,clear_mix,100010,positive_mix,0.697371,cpu
Chinese#ZH-Tenor-1#Mixed_Voice_and_Falsetto#倒带#Mixed_Voice_Group#0013,D:\-MindEcho-main\ml_dl_models\gtsinger_multitech\dataset\raw\Chinese\ZH-Tenor-1\Mixed_Voice_and_Falsetto\倒带\Mixed_Voice_Group\0013.wav,Chinese/ZH-Tenor-1/Mixed_Voice_and_Falsetto/倒带/Mixed_Voice_Group/0013.wav,Chinese,ZH-Tenor-1,倒带,Mixed_Voice_Group,1,0,0,0,0,0,1,clear_mix,100000,positive_mix,0.843234,cpu
Chinese#ZH-Tenor-1#Mixed_Voice_and_Falsetto#倒带#Mixed_Voice_Group#0014,D:\-MindEcho-main\ml_dl_models\gtsinger_multitech\dataset\raw\Chinese\ZH-Tenor-1\Mixed_Voice_and_Falsetto\倒带\Mixed_Voice_Group\0014.wav,Chinese/ZH-Tenor-1/Mixed_Voice_and_Falsetto/倒带/Mixed_Voice_Group/0014.wav,Chinese,ZH-Tenor-1,倒带,Mixed_Voice_Group,1,0,0,0,1,0,1,clear_mix,100010,positive_mix,0.690729,cpu
Chinese#ZH-Tenor-1#Mixed_Voice_and_Falsetto#倒带#Mixed_Voice_Group#0015,D:\-MindEcho-main\ml_dl_models\gtsinger_multitech\dataset\raw\Chinese\ZH-Tenor-1\Mixed_Voice_and_Falsetto\倒带\Mixed_Voice_Group\0015.wav,Chinese/ZH-Tenor-1/Mixed_Voice_and_Falsetto/倒带/Mixed_Voice_Group/0015.wav,Chinese,ZH-Tenor-1,倒带,Mixed_Voice_Group,1,0,0,0,1,0,1,clear_mix,100010,positive_mix,0.716665,cpu
Chinese#ZH-Tenor-1#Mixed_Voice_and_Falsetto#倒带#Mixed_Voice_Group#0016,D:\-MindEcho-main\ml_dl_models\gtsinger_multitech\dataset\raw\Chinese\ZH-Tenor-1\Mixed_Voice_and_Falsetto\倒带\Mixed_Voice_Group\0016.wav,Chinese/ZH-Tenor-1/Mixed_Voice_and_Falsetto/倒带/Mixed_Voice_Group/0016.wav,Chinese,ZH-Tenor-1,倒带,Mixed_Voice_Group,1,0,0,0,1,0,1,clear_mix,100010,positive_mix,0.844854,cpu
Chinese#ZH-Tenor-1#Mixed_Voice_and_Falsetto#倒带#Mixed_Voice_Group#0017,D:\-MindEcho-main\ml_dl_models\gtsinger_multitech\dataset\raw\Chinese\ZH-Tenor-1\Mixed_Voice_and_Falsetto\倒带\Mixed_Voice_Group\0017.wav,Chinese/ZH-Tenor-1/Mixed_Voice_and_Falsetto/倒带/Mixed_Voice_Group/0017.wav,Chinese,ZH-Tenor-1,倒带,Mixed_Voice_Group,1,0,0,0,1,0,1,clear_mix,100010,positive_mix,0.969884,cpu
Chinese#ZH-Tenor-1#Mixed_Voice_and_Falsetto#倒带#Mixed_Voice_Group#0018,D:\-MindEcho-main\ml_dl_models\gtsinger_multitech\dataset\raw\Chinese\ZH-Tenor-1\Mixed_Voice_and_Falsetto\倒带\Mixed_Voice_Group\0018.wav,Chinese/ZH-Tenor-1/Mixed_Voice_and_Falsetto/倒带/Mixed_Voice_Group/0018.wav,Chinese,ZH-Tenor-1,倒带,Mixed_Voice_Group,1,0,0,0,1,0,1,clear_mix,100010,positive_mix,0.819050,cpu
Chinese#ZH-Tenor-1#Mixed_Voice_and_Falsetto#倒带#Mixed_Voice_Group#0019,D:\-MindEcho-main\ml_dl_models\gtsinger_multitech\dataset\raw\Chinese\ZH-Tenor-1\Mixed_Voice_and_Falsetto\倒带\Mixed_Voice_Group\0019.wav,Chinese/ZH-Tenor-1/Mixed_Voice_and_Falsetto/倒带/Mixed_Voice_Group/0019.wav,Chinese,ZH-Tenor-1,倒带,Mixed_Voice_Group,1,0,0,0,1,0,1,clear_mix,100010,positive_mix,0.871982,cpu
Chinese#ZH-Tenor-1#Mixed_Voice_and_Falsetto#倒带#Mixed_Voice_Group#0020,D:\-MindEcho-main\ml_dl_models\gtsinger_multitech\dataset\raw\Chinese\ZH-Tenor-1\Mixed_Voice_and_Falsetto\倒带\Mixed_Voice_Group\0020.wav,Chinese/ZH-Tenor-1/Mixed_Voice_and_Falsetto/倒带/Mixed_Voice_Group/0020.wav,Chinese,ZH-Tenor-1,倒带,Mixed_Voice_Group,1,0,0,0,1,0,1,clear_mix,100010,positive_mix,0.651669,cpu
Chinese#ZH-Tenor-1#Mixed_Voice_and_Falsetto#倒带#Mixed_Voice_Group#0021,D:\-MindEcho-main\ml_dl_models\gtsinger_multitech\dataset\raw\Chinese\ZH-Tenor-1\Mixed_Voice_and_Falsetto\倒带\Mixed_Voice_Group\0021.wav,Chinese/ZH-Tenor-1/Mixed_Voice_and_Falsetto/倒带/Mixed_Voice_Group/0021.wav,Chinese,ZH-Tenor-1,倒带,Mixed_Voice_Group,1,0,0,0,1,0,1,clear_mix,100010,positive_mix,0.918278,cpu
Chinese#ZH-Tenor-1#Mixed_Voice_and_Falsetto#倒带#Mixed_Voice_Group#0022,D:\-MindEcho-main\ml_dl_models\gtsinger_multitech\dataset\raw\Chinese\ZH-Tenor-1\Mixed_Voice_and_Falsetto\倒带\Mixed_Voice_Group\0022.wav,Chinese/ZH-Tenor-1/Mixed_Voice_and_Falsetto/倒带/Mixed_Voice_Group/0022.wav,Chinese,ZH-Tenor-1,倒带,Mixed_Voice_Group,1,0,0,0,1,0,1,clear_mix,100010,positive_mix,0.827941,cpu
Chinese#ZH-Tenor-1#Mixed_Voice_and_Falsetto#倒带#Mixed_Voice_Group#0023,D:\-MindEcho-main\ml_dl_models\gtsinger_multitech\dataset\raw\Chinese\ZH-Tenor-1\Mixed_Voice_and_Falsetto\倒带\Mixed_Voice_Group\0023.wav,Chinese/ZH-Tenor-1/Mixed_Voice_and_Falsetto/倒带/Mixed_Voice_Group/0023.wav,Chinese,ZH-Tenor-1,倒带,Mixed_Voice_Group,1,0,0,0,1,0,1,clear_mix,100010,positive_mix,0.888661,cpu
Chinese#ZH-Tenor-1#Mixed_Voice_and_Falsetto#倒带#Mixed_Voice_Group#0024,D:\-MindEcho-main\ml_dl_models\gtsinger_multitech\dataset\raw\Chinese\ZH-Tenor-1\Mixed_Voice_and_Falsetto\倒带\Mixed_Voice_Group\0024.wav,Chinese/ZH-Tenor-1/Mixed_Voice_and_Falsetto/倒带/Mixed_Voice_Group/0024.wav,Chinese,ZH-Tenor-1,倒带,Mixed_Voice_Group,1,0,0,0,1,0,1,clear_mix,100010,positive_mix,0.725544,cpu
Chinese#ZH-Tenor-1#Mixed_Voice_and_Falsetto#偏爱#Mixed_Voice_Group#0000,D:\-MindEcho-main\ml_dl_models\gtsinger_multitech\dataset\raw\Chinese\ZH-Tenor-1\Mixed_Voice_and_Falsetto\偏爱\Mixed_Voice_Group\0000.wav,Chinese/ZH-Tenor-1/Mixed_Voice_and_Falsetto/偏爱/Mixed_Voice_Group/0000.wav,Chinese,ZH-Tenor-1,偏爱,Mixed_Voice_Group,1,0,0,0,1,0,1,clear_mix,100010,positive_mix,0.727487,cpu
Chinese#ZH-Tenor-1#Mixed_Voice_and_Falsetto#偏爱#Mixed_Voice_Group#0001,D:\-MindEcho-main\ml_dl_models\gtsinger_multitech\dataset\raw\Chinese\ZH-Tenor-1\Mixed_Voice_and_Falsetto\偏爱\Mixed_Voice_Group\0001.wav,Chinese/ZH-Tenor-1/Mixed_Voice_and_Falsetto/偏爱/Mixed_Voice_Group/0001.wav,Chinese,ZH-Tenor-1,偏爱,Mixed_Voice_Group,1,0,0,0,1,0,1,clear_mix,100010,positive_mix,0.764265,cpu
Chinese#ZH-Tenor-1#Mixed_Voice_and_Falsetto#偏爱#Mixed_Voice_Group#0002,D:\-MindEcho-main\ml_dl_models\gtsinger_multitech\dataset\raw\Chinese\ZH-Tenor-1\Mixed_Voice_and_Falsetto\偏爱\Mixed_Voice_Group\0002.wav,Chinese/ZH-Tenor-1/Mixed_Voice_and_Falsetto/偏爱/Mixed_Voice_Group/0002.wav,Chinese,ZH-Tenor-1,偏爱,Mixed_Voice_Group,1,0,0,0,1,0,1,clear_mix,100010,positive_mix,0.945396,cpu
Chinese#ZH-Tenor-1#Mixed_Voice_and_Falsetto#偏爱#Mixed_Voice_Group#0003,D:\-MindEcho-main\ml_dl_models\gtsinger_multitech\dataset\raw\Chinese\ZH-Tenor-1\Mixed_Voice_and_Falsetto\偏爱\Mixed_Voice_Group\0003.wav,Chinese/ZH-Tenor-1/Mixed_Voice_and_Falsetto/偏爱/Mixed_Voice_Group/0003.wav,Chinese,ZH-Tenor-1,偏爱,Mixed_Voice_Group,1,0,0,0,1,0,1,clear_mix,100010,positive_mix,0.447240,cpu
Chinese#ZH-Tenor-1#Mixed_Voice_and_Falsetto#偏爱#Mixed_Voice_Group#0005,D:\-MindEcho-main\ml_dl_models\gtsinger_multitech\dataset\raw\Chinese\ZH-Tenor-1\Mixed_Voice_and_Falsetto\偏爱\Mixed_Voice_Group\0005.wav,Chinese/ZH-Tenor-1/Mixed_Voice_and_Falsetto/偏爱/Mixed_Voice_Group/0005.wav,Chinese,ZH-Tenor-1,偏爱,Mixed_Voice_Group,1,0,0,0,1,0,1,clear_mix,100010,positive_mix,0.923059,cpu
Chinese#ZH-Tenor-1#Mixed_Voice_and_Falsetto#偏爱#Mixed_Voice_Group#0006,D:\-MindEcho-main\ml_dl_models\gtsinger_multitech\dataset\raw\Chinese\ZH-Tenor-1\Mixed_Voice_and_Falsetto\偏爱\Mixed_Voice_Group\0006.wav,Chinese/ZH-Tenor-1/Mixed_Voice_and_Falsetto/偏爱/Mixed_Voice_Group/0006.wav,Chinese,ZH-Tenor-1,偏爱,Mixed_Voice_Group,1,0,0,0,1,0,1,clear_mix,100010,positive_mix,0.884661,cpu
Chinese#ZH-Tenor-1#Mixed_Voice_and_Falsetto#偏爱#Mixed_Voice_Group#0007,D:\-MindEcho-main\ml_dl_models\gtsinger_multitech\dataset\raw\Chinese\ZH-Tenor-1\Mixed_Voice_and_Falsetto\偏爱\Mixed_Voice_Group\0007.wav,Chinese/ZH-Tenor-1/Mixed_Voice_and_Falsetto/偏爱/Mixed_Voice_Group/0007.wav,Chinese,ZH-Tenor-1,偏爱,Mixed_Voice_Group,1,0,0,0,1,0,1,clear_mix,100010,positive_mix,0.926422,cpu
Chinese#ZH-Tenor-1#Mixed_Voice_and_Falsetto#偏爱#Mixed_Voice_Group#0008,D:\-MindEcho-main\ml_dl_models\gtsinger_multitech\dataset\raw\Chinese\ZH-Tenor-1\Mixed_Voice_and_Falsetto\偏爱\Mixed_Voice_Group\0008.wav,Chinese/ZH-Tenor-1/Mixed_Voice_and_Falsetto/偏爱/Mixed_Voice_Group/0008.wav,Chinese,ZH-Tenor-1,偏爱,Mixed_Voice_Group,1,0,0,0,1,0,1,clear_mix,100010,positive_mix,0.766020,cpu
Chinese#ZH-Tenor-1#Mixed_Voice_and_Falsetto#偏爱#Mixed_Voice_Group#0009,D:\-MindEcho-main\ml_dl_models\gtsinger_multitech\dataset\raw\Chinese\ZH-Tenor-1\Mixed_Voice_and_Falsetto\偏爱\Mixed_Voice_Group\0009.wav,Chinese/ZH-Tenor-1/Mixed_Voice_and_Falsetto/偏爱/Mixed_Voice_Group/0009.wav,Chinese,ZH-Tenor-1,偏爱,Mixed_Voice_Group,1,0,0,0,1,0,1,clear_mix,100010,positive_mix,0.682251,cpu
Chinese#ZH-Tenor-1#Mixed_Voice_and_Falsetto#偏爱#Mixed_Voice_Group#0011,D:\-MindEcho-main\ml_dl_models\gtsinger_multitech\dataset\raw\Chinese\ZH-Tenor-1\Mixed_Voice_and_Falsetto\偏爱\Mixed_Voice_Group\0011.wav,Chinese/ZH-Tenor-1/Mixed_Voice_and_Falsetto/偏爱/Mixed_Voice_Group/0011.wav,Chinese,ZH-Tenor-1,偏爱,Mixed_Voice_Group,1,0,0,0,1,0,1,clear_mix,100010,positive_mix,0.646254,cpu
Chinese#ZH-Tenor-1#Mixed_Voice_and_Falsetto#偏爱#Mixed_Voice_Group#0012,D:\-MindEcho-main\ml_dl_models\gtsinger_multitech\dataset\raw\Chinese\ZH-Tenor-1\Mixed_Voice_and_Falsetto\偏爱\Mixed_Voice_Group\0012.wav,Chinese/ZH-Tenor-1/Mixed_Voice_and_Falsetto/偏爱/Mixed_Voice_Group/0012.wav,Chinese,ZH-Tenor-1,偏爱,Mixed_Voice_Group,1,0,0,0,1,0,1,clear_mix,100010,positive_mix,0.821971,cpu
Chinese#ZH-Tenor-1#Mixed_Voice_and_Falsetto#偏爱#Mixed_Voice_Group#0013,D:\-MindEcho-main\ml_dl_models\gtsinger_multitech\dataset\raw\Chinese\ZH-Tenor-1\Mixed_Voice_and_Falsetto\偏爱\Mixed_Voice_Group\0013.wav,Chinese/ZH-Tenor-1/Mixed_Voice_and_Falsetto/偏爱/Mixed_Voice_Group/0013.wav,Chinese,ZH-Tenor-1,偏爱,Mixed_Voice_Group,1,0,0,0,1,0,1,clear_mix,100010,positive_mix,0.728336,cpu
Chinese#ZH-Tenor-1#Mixed_Voice_and_Falsetto#偏爱#Mixed_Voice_Group#0014,D:\-MindEcho-main\ml_dl_models\gtsinger_multitech\dataset\raw\Chinese\ZH-Tenor-1\Mixed_Voice_and_Falsetto\偏爱\Mixed_Voice_Group\0014.wav,Chinese/ZH-Tenor-1/Mixed_Voice_and_Falsetto/偏爱/Mixed_Voice_Group/0014.wav,Chinese,ZH-Tenor-1,偏爱,Mixed_Voice_Group,1,0,0,0,1,0,1,clear_mix,100010,positive_mix,0.792525,cpu
Chinese#ZH-Tenor-1#Mixed_Voice_and_Falsetto#偏爱#Mixed_Voice_Group#0015,D:\-MindEcho-main\ml_dl_models\gtsinger_multitech\dataset\raw\Chinese\ZH-Tenor-1\Mixed_Voice_and_Falsetto\偏爱\Mixed_Voice_Group\0015.wav,Chinese/ZH-Tenor-1/Mixed_Voice_and_Falsetto/偏爱/Mixed_Voice_Group/0015.wav,Chinese,ZH-Tenor-1,偏爱,Mixed_Voice_Group,1,0,0,0,1,0,1,clear_mix,100010,positive_mix,0.944779,cpu
Chinese#ZH-Tenor-1#Mixed_Voice_and_Falsetto#偏爱#Mixed_Voice_Group#0016,D:\-MindEcho-main\ml_dl_models\gtsinger_multitech\dataset\raw\Chinese\ZH-Tenor-1\Mixed_Voice_and_Falsetto\偏爱\Mixed_Voice_Group\0016.wav,Chinese/ZH-Tenor-1/Mixed_Voice_and_Falsetto/偏爱/Mixed_Voice_Group/0016.wav,Chinese,ZH-Tenor-1,偏爱,Mixed_Voice_Group,1,0,0,0,1,0,1,clear_mix,100010,positive_mix,0.652064,cpu
Chinese#ZH-Tenor-1#Mixed_Voice_and_Falsetto#偏爱#Mixed_Voice_Group#0017,D:\-MindEcho-main\ml_dl_models\gtsinger_multitech\dataset\raw\Chinese\ZH-Tenor-1\Mixed_Voice_and_Falsetto\偏爱\Mixed_Voice_Group\0017.wav,Chinese/ZH-Tenor-1/Mixed_Voice_and_Falsetto/偏爱/Mixed_Voice_Group/0017.wav,Chinese,ZH-Tenor-1,偏爱,Mixed_Voice_Group,1,0,0,0,1,0,1,clear_mix,100010,positive_mix,0.891065,cpu
Chinese#ZH-Tenor-1#Mixed_Voice_and_Falsetto#偏爱#Mixed_Voice_Group#0018,D:\-MindEcho-main\ml_dl_models\gtsinger_multitech\dataset\raw\Chinese\ZH-Tenor-1\Mixed_Voice_and_Falsetto\偏爱\Mixed_Voice_Group\0018.wav,Chinese/ZH-Tenor-1/Mixed_Voice_and_Falsetto/偏爱/Mixed_Voice_Group/0018.wav,Chinese,ZH-Tenor-1,偏爱,Mixed_Voice_Group,1,0,0,0,1,0,1,clear_mix,100010,positive_mix,0.858774,cpu
Chinese#ZH-Tenor-1#Mixed_Voice_and_Falsetto#偏爱#Mixed_Voice_Group#0019,D:\-MindEcho-main\ml_dl_models\gtsinger_multitech\dataset\raw\Chinese\ZH-Tenor-1\Mixed_Voice_and_Falsetto\偏爱\Mixed_Voice_Group\0019.wav,Chinese/ZH-Tenor-1/Mixed_Voice_and_Falsetto/偏爱/Mixed_Voice_Group/0019.wav,Chinese,ZH-Tenor-1,偏爱,Mixed_Voice_Group,1,0,0,0,1,0,1,clear_mix,100010,positive_mix,0.872499,cpu
Chinese#ZH-Tenor-1#Mixed_Voice_and_Falsetto#全世界谁倾听你#Mixed_Voice_Group#0000,D:\-MindEcho-main\ml_dl_models\gtsinger_multitech\dataset\raw\Chinese\ZH-Tenor-1\Mixed_Voice_and_Falsetto\全世界谁倾听你\Mixed_Voice_Group\0000.wav,Chinese/ZH-Tenor-1/Mixed_Voice_and_Falsetto/全世界谁倾听你/Mixed_Voice_Group/0000.wav,Chinese,ZH-Tenor-1,全世界谁倾听你,Mixed_Voice_Group,1,0,0,0,1,0,1,clear_mix,100010,positive_mix,0.979438,cpu
Chinese#ZH-Tenor-1#Mixed_Voice_and_Falsetto#全世界谁倾听你#Mixed_Voice_Group#0001,D:\-MindEcho-main\ml_dl_models\gtsinger_multitech\dataset\raw\Chinese\ZH-Tenor-1\Mixed_Voice_and_Falsetto\全世界谁倾听你\Mixed_Voice_Group\0001.wav,Chinese/ZH-Tenor-1/Mixed_Voice_and_Falsetto/全世界谁倾听你/Mixed_Voice_Group/0001.wav,Chinese,ZH-Tenor-1,全世界谁倾听你,Mixed_Voice_Group,1,0,0,0,1,0,1,clear_mix,100010,positive_mix,0.507442,cpu
Chinese#ZH-Tenor-1#Mixed_Voice_and_Falsetto#全世界谁倾听你#Mixed_Voice_Group#0002,D:\-MindEcho-main\ml_dl_models\gtsinger_multitech\dataset\raw\Chinese\ZH-Tenor-1\Mixed_Voice_and_Falsetto\全世界谁倾听你\Mixed_Voice_Group\0002.wav,Chinese/ZH-Tenor-1/Mixed_Voice_and_Falsetto/全世界谁倾听你/Mixed_Voice_Group/0002.wav,Chinese,ZH-Tenor-1,全世界谁倾听你,Mixed_Voice_Group,1,0,0,0,1,0,1,clear_mix,100010,positive_mix,0.287073,cpu
Chinese#ZH-Tenor-1#Mixed_Voice_and_Falsetto#全世界谁倾听你#Mixed_Voice_Group#0003,D:\-MindEcho-main\ml_dl_models\gtsinger_multitech\dataset\raw\Chinese\ZH-Tenor-1\Mixed_Voice_and_Falsetto\全世界谁倾听你\Mixed_Voice_Group\0003.wav,Chinese/ZH-Tenor-1/Mixed_Voice_and_Falsetto/全世界谁倾听你/Mixed_Voice_Group/0003.wav,Chinese,ZH-Tenor-1,全世界谁倾听你,Mixed_Voice_Group,1,0,0,0,1,0,1,clear_mix,100010,positive_mix,0.195261,cpu
Chinese#ZH-Tenor-1#Mixed_Voice_and_Falsetto#全世界谁倾听你#Mixed_Voice_Group#0004,D:\-MindEcho-main\ml_dl_models\gtsinger_multitech\dataset\raw\Chinese\ZH-Tenor-1\Mixed_Voice_and_Falsetto\全世界谁倾听你\Mixed_Voice_Group\0004.wav,Chinese/ZH-Tenor-1/Mixed_Voice_and_Falsetto/全世界谁倾听你/Mixed_Voice_Group/0004.wav,Chinese,ZH-Tenor-1,全世界谁倾听你,Mixed_Voice_Group,1,0,0,0,1,0,1,clear_mix,100010,positive_mix,0.949328,cpu
Chinese#ZH-Tenor-1#Mixed_Voice_and_Falsetto#全世界谁倾听你#Mixed_Voice_Group#0005,D:\-MindEcho-main\ml_dl_models\gtsinger_multitech\dataset\raw\Chinese\ZH-Tenor-1\Mixed_Voice_and_Falsetto\全世界谁倾听你\Mixed_Voice_Group\0005.wav,Chinese/ZH-Tenor-1/Mixed_Voice_and_Falsetto/全世界谁倾听你/Mixed_Voice_Group/0005.wav,Chinese,ZH-Tenor-1,全世界谁倾听你,Mixed_Voice_Group,1,0,0,0,1,0,1,clear_mix,100010,positive_mix,0.795397,cpu
Chinese#ZH-Tenor-1#Mixed_Voice_and_Falsetto#全世界谁倾听你#Mixed_Voice_Group#0010,D:\-MindEcho-main\ml_dl_models\gtsinger_multitech\dataset\raw\Chinese\ZH-Tenor-1\Mixed_Voice_and_Falsetto\全世界谁倾听你\Mixed_Voice_Group\0010.wav,Chinese/ZH-Tenor-1/Mixed_Voice_and_Falsetto/全世界谁倾听你/Mixed_Voice_Group/0010.wav,Chinese,ZH-Tenor-1,全世界谁倾听你,Mixed_Voice_Group,1,0,0,0,1,0,1,clear_mix,100010,positive_mix,0.928526,cpu
Chinese#ZH-Tenor-1#Mixed_Voice_and_Falsetto#全世界谁倾听你#Mixed_Voice_Group#0011,D:\-MindEcho-main\ml_dl_models\gtsinger_multitech\dataset\raw\Chinese\ZH-Tenor-1\Mixed_Voice_and_Falsetto\全世界谁倾听你\Mixed_Voice_Group\0011.wav,Chinese/ZH-Tenor-1/Mixed_Voice_and_Falsetto/全世界谁倾听你/Mixed_Voice_Group/0011.wav,Chinese,ZH-Tenor-1,全世界谁倾听你,Mixed_Voice_Group,1,0,0,0,1,0,1,clear_mix,100010,positive_mix,0.923620,cpu
Chinese#ZH-Tenor-1#Mixed_Voice_and_Falsetto#全世界谁倾听你#Mixed_Voice_Group#0012,D:\-MindEcho-main\ml_dl_models\gtsinger_multitech\dataset\raw\Chinese\ZH-Tenor-1\Mixed_Voice_and_Falsetto\全世界谁倾听你\Mixed_Voice_Group\0012.wav,Chinese/ZH-Tenor-1/Mixed_Voice_and_Falsetto/全世界谁倾听你/Mixed_Voice_Group/0012.wav,Chinese,ZH-Tenor-1,全世界谁倾听你,Mixed_Voice_Group,1,0,0,0,1,0,1,clear_mix,100010,positive_mix,0.774290,cpu
Chinese#ZH-Tenor-1#Mixed_Voice_and_Falsetto#全世界谁倾听你#Mixed_Voice_Group#0013,D:\-MindEcho-main\ml_dl_models\gtsinger_multitech\dataset\raw\Chinese\ZH-Tenor-1\Mixed_Voice_and_Falsetto\全世界谁倾听你\Mixed_Voice_Group\0013.wav,Chinese/ZH-Tenor-1/Mixed_Voice_and_Falsetto/全世界谁倾听你/Mixed_Voice_Group/0013.wav,Chinese,ZH-Tenor-1,全世界谁倾听你,Mixed_Voice_Group,1,0,0,0,1,0,1,clear_mix,100010,positive_mix,0.885967,cpu
Chinese#ZH-Tenor-1#Mixed_Voice_and_Falsetto#全世界谁倾听你#Mixed_Voice_Group#0014,D:\-MindEcho-main\ml_dl_models\gtsinger_multitech\dataset\raw\Chinese\ZH-Tenor-1\Mixed_Voice_and_Falsetto\全世界谁倾听你\Mixed_Voice_Group\0014.wav,Chinese/ZH-Tenor-1/Mixed_Voice_and_Falsetto/全世界谁倾听你/Mixed_Voice_Group/0014.wav,Chinese,ZH-Tenor-1,全世界谁倾听你,Mixed_Voice_Group,1,0,0,0,1,0,1,clear_mix,100010,positive_mix,0.892376,cpu
Chinese#ZH-Tenor-1#Mixed_Voice_and_Falsetto#全世界谁倾听你#Mixed_Voice_Group#0016,D:\-MindEcho-main\ml_dl_models\gtsinger_multitech\dataset\raw\Chinese\ZH-Tenor-1\Mixed_Voice_and_Falsetto\全世界谁倾听你\Mixed_Voice_Group\0016.wav,Chinese/ZH-Tenor-1/Mixed_Voice_and_Falsetto/全世界谁倾听你/Mixed_Voice_Group/0016.wav,Chinese,ZH-Tenor-1,全世界谁倾听你,Mixed_Voice_Group,1,0,0,0,1,0,1,clear_mix,100010,positive_mix,0.973121,cpu
Chinese#ZH-Tenor-1#Mixed_Voice_and_Falsetto#全世界谁倾听你#Mixed_Voice_Group#0017,D:\-MindEcho-main\ml_dl_models\gtsinger_multitech\dataset\raw\Chinese\ZH-Tenor-1\Mixed_Voice_and_Falsetto\全世界谁倾听你\Mixed_Voice_Group\0017.wav,Chinese/ZH-Tenor-1/Mixed_Voice_and_Falsetto/全世界谁倾听你/Mixed_Voice_Group/0017.wav,Chinese,ZH-Tenor-1,全世界谁倾听你,Mixed_Voice_Group,1,0,0,0,1,0,1,clear_mix,100010,positive_mix,0.888452,cpu
Chinese#ZH-Tenor-1#Mixed_Voice_and_Falsetto#全世界谁倾听你#Mixed_Voice_Group#0019,D:\-MindEcho-main\ml_dl_models\gtsinger_multitech\dataset\raw\Chinese\ZH-Tenor-1\Mixed_Voice_and_Falsetto\全世界谁倾听你\Mixed_Voice_Group\0019.wav,Chinese/ZH-Tenor-1/Mixed_Voice_and_Falsetto/全世界谁倾听你/Mixed_Voice_Group/0019.wav,Chinese,ZH-Tenor-1,全世界谁倾听你,Mixed_Voice_Group,1,0,0,0,1,0,1,clear_mix,100010,positive_mix,0.731245,cpu
Chinese#ZH-Tenor-1#Mixed_Voice_and_Falsetto#可惜没如果#Mixed_Voice_Group#0000,D:\-MindEcho-main\ml_dl_models\gtsinger_multitech\dataset\raw\Chinese\ZH-Tenor-1\Mixed_Voice_and_Falsetto\可惜没如果\Mixed_Voice_Group\0000.wav,Chinese/ZH-Tenor-1/Mixed_Voice_and_Falsetto/可惜没如果/Mixed_Voice_Group/0000.wav,Chinese,ZH-Tenor-1,可惜没如果,Mixed_Voice_Group,1,0,0,0,1,0,1,clear_mix,100010,positive_mix,0.908879,cpu
Chinese#ZH-Tenor-1#Mixed_Voice_and_Falsetto#可惜没如果#Mixed_Voice_Group#0001,D:\-MindEcho-main\ml_dl_models\gtsinger_multitech\dataset\raw\Chinese\ZH-Tenor-1\Mixed_Voice_and_Falsetto\可惜没如果\Mixed_Voice_Group\0001.wav,Chinese/ZH-Tenor-1/Mixed_Voice_and_Falsetto/可惜没如果/Mixed_Voice_Group/0001.wav,Chinese,ZH-Tenor-1,可惜没如果,Mixed_Voice_Group,1,0,0,0,1,0,1,clear_mix,100010,positive_mix,0.938327,cpu
Chinese#ZH-Tenor-1#Mixed_Voice_and_Falsetto#可惜没如果#Mixed_Voice_Group#0002,D:\-MindEcho-main\ml_dl_models\gtsinger_multitech\dataset\raw\Chinese\ZH-Tenor-1\Mixed_Voice_and_Falsetto\可惜没如果\Mixed_Voice_Group\0002.wav,Chinese/ZH-Tenor-1/Mixed_Voice_and_Falsetto/可惜没如果/Mixed_Voice_Group/0002.wav,Chinese,ZH-Tenor-1,可惜没如果,Mixed_Voice_Group,1,0,0,0,1,0,1,clear_mix,100010,positive_mix,0.879006,cpu
Chinese#ZH-Tenor-1#Mixed_Voice_and_Falsetto#后来#Mixed_Voice_Group#0000,D:\-MindEcho-main\ml_dl_models\gtsinger_multitech\dataset\raw\Chinese\ZH-Tenor-1\Mixed_Voice_and_Falsetto\后来\Mixed_Voice_Group\0000.wav,Chinese/ZH-Tenor-1/Mixed_Voice_and_Falsetto/后来/Mixed_Voice_Group/0000.wav,Chinese,ZH-Tenor-1,后来,Mixed_Voice_Group,1,0,0,0,1,0,1,clear_mix,100010,positive_mix,0.454472,cpu
Chinese#ZH-Tenor-1#Mixed_Voice_and_Falsetto#后来#Mixed_Voice_Group#0001,D:\-MindEcho-main\ml_dl_models\gtsinger_multitech\dataset\raw\Chinese\ZH-Tenor-1\Mixed_Voice_and_Falsetto\后来\Mixed_Voice_Group\0001.wav,Chinese/ZH-Tenor-1/Mixed_Voice_and_Falsetto/后来/Mixed_Voice_Group/0001.wav,Chinese,ZH-Tenor-1,后来,Mixed_Voice_Group,1,0,0,0,1,0,1,clear_mix,100010,positive_mix,0.902790,cpu
Chinese#ZH-Tenor-1#Mixed_Voice_and_Falsetto#后来#Mixed_Voice_Group#0002,D:\-MindEcho-main\ml_dl_models\gtsinger_multitech\dataset\raw\Chinese\ZH-Tenor-1\Mixed_Voice_and_Falsetto\后来\Mixed_Voice_Group\0002.wav,Chinese/ZH-Tenor-1/Mixed_Voice_and_Falsetto/后来/Mixed_Voice_Group/0002.wav,Chinese,ZH-Tenor-1,后来,Mixed_Voice_Group,1,0,0,0,1,0,1,clear_mix,100010,positive_mix,0.845477,cpu
Chinese#ZH-Tenor-1#Mixed_Voice_and_Falsetto#后来#Mixed_Voice_Group#0004,D:\-MindEcho-main\ml_dl_models\gtsinger_multitech\dataset\raw\Chinese\ZH-Tenor-1\Mixed_Voice_and_Falsetto\后来\Mixed_Voice_Group\0004.wav,Chinese/ZH-Tenor-1/Mixed_Voice_and_Falsetto/后来/Mixed_Voice_Group/0004.wav,Chinese,ZH-Tenor-1,后来,Mixed_Voice_Group,1,0,0,0,1,0,1,clear_mix,100010,positive_mix,0.957402,cpu
Chinese#ZH-Tenor-1#Mixed_Voice_and_Falsetto#后来#Mixed_Voice_Group#0005,D:\-MindEcho-main\ml_dl_models\gtsinger_multitech\dataset\raw\Chinese\ZH-Tenor-1\Mixed_Voice_and_Falsetto\后来\Mixed_Voice_Group\0005.wav,Chinese/ZH-Tenor-1/Mixed_Voice_and_Falsetto/后来/Mixed_Voice_Group/0005.wav,Chinese,ZH-Tenor-1,后来,Mixed_Voice_Group,1,0,0,0,1,0,1,clear_mix,100010,positive_mix,0.922138,cpu
Chinese#ZH-Tenor-1#Mixed_Voice_and_Falsetto#后来#Mixed_Voice_Group#0006,D:\-MindEcho-main\ml_dl_models\gtsinger_multitech\dataset\raw\Chinese\ZH-Tenor-1\Mixed_Voice_and_Falsetto\后来\Mixed_Voice_Group\0006.wav,Chinese/ZH-Tenor-1/Mixed_Voice_and_Falsetto/后来/Mixed_Voice_Group/0006.wav,Chinese,ZH-Tenor-1,后来,Mixed_Voice_Group,1,0,0,0,1,0,1,clear_mix,100010,positive_mix,0.719663,cpu
Chinese#ZH-Tenor-1#Mixed_Voice_and_Falsetto#后来#Mixed_Voice_Group#0008,D:\-MindEcho-main\ml_dl_models\gtsinger_multitech\dataset\raw\Chinese\ZH-Tenor-1\Mixed_Voice_and_Falsetto\后来\Mixed_Voice_Group\0008.wav,Chinese/ZH-Tenor-1/Mixed_Voice_and_Falsetto/后来/Mixed_Voice_Group/0008.wav,Chinese,ZH-Tenor-1,后来,Mixed_Voice_Group,1,0,0,0,1,0,1,clear_mix,100010,positive_mix,0.450085,cpu
Chinese#ZH-Tenor-1#Mixed_Voice_and_Falsetto#后来#Mixed_Voice_Group#0009,D:\-MindEcho-main\ml_dl_models\gtsinger_multitech\dataset\raw\Chinese\ZH-Tenor-1\Mixed_Voice_and_Falsetto\后来\Mixed_Voice_Group\0009.wav,Chinese/ZH-Tenor-1/Mixed_Voice_and_Falsetto/后来/Mixed_Voice_Group/0009.wav,Chinese,ZH-Tenor-1,后来,Mixed_Voice_Group,1,0,0,0,1,0,1,clear_mix,100010,positive_mix,0.591942,cpu
Chinese#ZH-Tenor-1#Mixed_Voice_and_Falsetto#后来#Mixed_Voice_Group#0010,D:\-MindEcho-main\ml_dl_models\gtsinger_multitech\dataset\raw\Chinese\ZH-Tenor-1\Mixed_Voice_and_Falsetto\后来\Mixed_Voice_Group\0010.wav,Chinese/ZH-Tenor-1/Mixed_Voice_and_Falsetto/后来/Mixed_Voice_Group/0010.wav,Chinese,ZH-Tenor-1,后来,Mixed_Voice_Group,1,0,0,0,1,0,1,clear_mix,100010,positive_mix,0.768489,cpu
Chinese#ZH-Tenor-1#Mixed_Voice_and_Falsetto#后来#Mixed_Voice_Group#0011,D:\-MindEcho-main\ml_dl_models\gtsinger_multitech\dataset\raw\Chinese\ZH-Tenor-1\Mixed_Voice_and_Falsetto\后来\Mixed_Voice_Group\0011.wav,Chinese/ZH-Tenor-1/Mixed_Voice_and_Falsetto/后来/Mixed_Voice_Group/0011.wav,Chinese,ZH-Tenor-1,后来,Mixed_Voice_Group,1,0,0,0,1,0,1,clear_mix,100010,positive_mix,0.525990,cpu
Chinese#ZH-Tenor-1#Mixed_Voice_and_Falsetto#听海#Mixed_Voice_Group#0000,D:\-MindEcho-main\ml_dl_models\gtsinger_multitech\dataset\raw\Chinese\ZH-Tenor-1\Mixed_Voice_and_Falsetto\听海\Mixed_Voice_Group\0000.wav,Chinese/ZH-Tenor-1/Mixed_Voice_and_Falsetto/听海/Mixed_Voice_Group/0000.wav,Chinese,ZH-Tenor-1,听海,Mixed_Voice_Group,1,0,0,0,1,0,1,clear_mix,100010,positive_mix,0.714887,cpu
Chinese#ZH-Tenor-1#Mixed_Voice_and_Falsetto#听海#Mixed_Voice_Group#0001,D:\-MindEcho-main\ml_dl_models\gtsinger_multitech\dataset\raw\Chinese\ZH-Tenor-1\Mixed_Voice_and_Falsetto\听海\Mixed_Voice_Group\0001.wav,Chinese/ZH-Tenor-1/Mixed_Voice_and_Falsetto/听海/Mixed_Voice_Group/0001.wav,Chinese,ZH-Tenor-1,听海,Mixed_Voice_Group,1,0,0,0,1,0,1,clear_mix,100010,positive_mix,0.696884,cpu
Chinese#ZH-Tenor-1#Mixed_Voice_and_Falsetto#听海#Mixed_Voice_Group#0003,D:\-MindEcho-main\ml_dl_models\gtsinger_multitech\dataset\raw\Chinese\ZH-Tenor-1\Mixed_Voice_and_Falsetto\听海\Mixed_Voice_Group\0003.wav,Chinese/ZH-Tenor-1/Mixed_Voice_and_Falsetto/听海/Mixed_Voice_Group/0003.wav,Chinese,ZH-Tenor-1,听海,Mixed_Voice_Group,1,0,0,0,1,0,1,clear_mix,100010,positive_mix,0.595215,cpu
Chinese#ZH-Tenor-1#Mixed_Voice_and_Falsetto#听海#Mixed_Voice_Group#0004,D:\-MindEcho-main\ml_dl_models\gtsinger_multitech\dataset\raw\Chinese\ZH-Tenor-1\Mixed_Voice_and_Falsetto\听海\Mixed_Voice_Group\0004.wav,Chinese/ZH-Tenor-1/Mixed_Voice_and_Falsetto/听海/Mixed_Voice_Group/0004.wav,Chinese,ZH-Tenor-1,听海,Mixed_Voice_Group,1,0,0,0,1,0,1,clear_mix,100010,positive_mix,0.715958,cpu
Chinese#ZH-Tenor-1#Mixed_Voice_and_Falsetto#听海#Mixed_Voice_Group#0005,D:\-MindEcho-main\ml_dl_models\gtsinger_multitech\dataset\raw\Chinese\ZH-Tenor-1\Mixed_Voice_and_Falsetto\听海\Mixed_Voice_Group\0005.wav,Chinese/ZH-Tenor-1/Mixed_Voice_and_Falsetto/听海/Mixed_Voice_Group/0005.wav,Chinese,ZH-Tenor-1,听海,Mixed_Voice_Group,1,0,0,0,1,0,1,clear_mix,100010,positive_mix,0.937973,cpu
Chinese#ZH-Tenor-1#Mixed_Voice_and_Falsetto#听海#Mixed_Voice_Group#0006,D:\-MindEcho-main\ml_dl_models\gtsinger_multitech\dataset\raw\Chinese\ZH-Tenor-1\Mixed_Voice_and_Falsetto\听海\Mixed_Voice_Group\0006.wav,Chinese/ZH-Tenor-1/Mixed_Voice_and_Falsetto/听海/Mixed_Voice_Group/0006.wav,Chinese,ZH-Tenor-1,听海,Mixed_Voice_Group,1,0,0,0,1,0,1,clear_mix,100010,positive_mix,0.322596,cpu
Chinese#ZH-Tenor-1#Mixed_Voice_and_Falsetto#听海#Mixed_Voice_Group#0008,D:\-MindEcho-main\ml_dl_models\gtsinger_multitech\dataset\raw\Chinese\ZH-Tenor-1\Mixed_Voice_and_Falsetto\听海\Mixed_Voice_Group\0008.wav,Chinese/ZH-Tenor-1/Mixed_Voice_and_Falsetto/听海/Mixed_Voice_Group/0008.wav,Chinese,ZH-Tenor-1,听海,Mixed_Voice_Group,1,0,0,0,0,0,1,clear_mix,100000,positive_mix,0.568758,cpu
Chinese#ZH-Tenor-1#Mixed_Voice_and_Falsetto#听海#Mixed_Voice_Group#0009,D:\-MindEcho-main\ml_dl_models\gtsinger_multitech\dataset\raw\Chinese\ZH-Tenor-1\Mixed_Voice_and_Falsetto\听海\Mixed_Voice_Group\0009.wav,Chinese/ZH-Tenor-1/Mixed_Voice_and_Falsetto/听海/Mixed_Voice_Group/0009.wav,Chinese,ZH-Tenor-1,听海,Mixed_Voice_Group,1,0,0,0,1,0,1,clear_mix,100010,positive_mix,0.408188,cpu
Chinese#ZH-Tenor-1#Mixed_Voice_and_Falsetto#听海#Mixed_Voice_Group#0010,D:\-MindEcho-main\ml_dl_models\gtsinger_multitech\dataset\raw\Chinese\ZH-Tenor-1\Mixed_Voice_and_Falsetto\听海\Mixed_Voice_Group\0010.wav,Chinese/ZH-Tenor-1/Mixed_Voice_and_Falsetto/听海/Mixed_Voice_Group/0010.wav,Chinese,ZH-Tenor-1,听海,Mixed_Voice_Group,1,0,0,0,1,0,1,clear_mix,100010,positive_mix,0.652948,cpu
Chinese#ZH-Tenor-1#Mixed_Voice_and_Falsetto#听海#Mixed_Voice_Group#0011,D:\-MindEcho-main\ml_dl_models\gtsinger_multitech\dataset\raw\Chinese\ZH-Tenor-1\Mixed_Voice_and_Falsetto\听海\Mixed_Voice_Group\0011.wav,Chinese/ZH-Tenor-1/Mixed_Voice_and_Falsetto/听海/Mixed_Voice_Group/0011.wav,Chinese,ZH-Tenor-1,听海,Mixed_Voice_Group,1,0,0,0,1,0,1,clear_mix,100010,positive_mix,0.566884,cpu
Chinese#ZH-Tenor-1#Mixed_Voice_and_Falsetto#听海#Mixed_Voice_Group#0012,D:\-MindEcho-main\ml_dl_models\gtsinger_multitech\dataset\raw\Chinese\ZH-Tenor-1\Mixed_Voice_and_Falsetto\听海\Mixed_Voice_Group\0012.wav,Chinese/ZH-Tenor-1/Mixed_Voice_and_Falsetto/听海/Mixed_Voice_Group/0012.wav,Chinese,ZH-Tenor-1,听海,Mixed_Voice_Group,1,0,0,0,1,0,1,clear_mix,100010,positive_mix,0.512441,cpu
Chinese#ZH-Tenor-1#Mixed_Voice_and_Falsetto#听海#Mixed_Voice_Group#0013,D:\-MindEcho-main\ml_dl_models\gtsinger_multitech\dataset\raw\Chinese\ZH-Tenor-1\Mixed_Voice_and_Falsetto\听海\Mixed_Voice_Group\0013.wav,Chinese/ZH-Tenor-1/Mixed_Voice_and_Falsetto/听海/Mixed_Voice_Group/0013.wav,Chinese,ZH-Tenor-1,听海,Mixed_Voice_Group,1,0,0,0,1,0,1,clear_mix,100010,positive_mix,0.568806,cpu
Chinese#ZH-Tenor-1#Mixed_Voice_and_Falsetto#听海#Mixed_Voice_Group#0014,D:\-MindEcho-main\ml_dl_models\gtsinger_multitech\dataset\raw\Chinese\ZH-Tenor-1\Mixed_Voice_and_Falsetto\听海\Mixed_Voice_Group\0014.wav,Chinese/ZH-Tenor-1/Mixed_Voice_and_Falsetto/听海/Mixed_Voice_Group/0014.wav,Chinese,ZH-Tenor-1,听海,Mixed_Voice_Group,1,0,0,0,1,0,1,clear_mix,100010,positive_mix,0.597934,cpu
Chinese#ZH-Tenor-1#Mixed_Voice_and_Falsetto#听海#Mixed_Voice_Group#0015,D:\-MindEcho-main\ml_dl_models\gtsinger_multitech\dataset\raw\Chinese\ZH-Tenor-1\Mixed_Voice_and_Falsetto\听海\Mixed_Voice_Group\0015.wav,Chinese/ZH-Tenor-1/Mixed_Voice_and_Falsetto/听海/Mixed_Voice_Group/0015.wav,Chinese,ZH-Tenor-1,听海,Mixed_Voice_Group,1,0,0,0,0,0,1,clear_mix,100000,positive_mix,0.620039,cpu
Chinese#ZH-Tenor-1#Mixed_Voice_and_Falsetto#失落沙洲#Mixed_Voice_Group#0000,D:\-MindEcho-main\ml_dl_models\gtsinger_multitech\dataset\raw\Chinese\ZH-Tenor-1\Mixed_Voice_and_Falsetto\失落沙洲\Mixed_Voice_Group\0000.wav,Chinese/ZH-Tenor-1/Mixed_Voice_and_Falsetto/失落沙洲/Mixed_Voice_Group/0000.wav,Chinese,ZH-Tenor-1,失落沙洲,Mixed_Voice_Group,1,0,0,0,1,0,1,clear_mix,100010,positive_mix,0.666736,cpu
Chinese#ZH-Tenor-1#Mixed_Voice_and_Falsetto#失落沙洲#Mixed_Voice_Group#0001,D:\-MindEcho-main\ml_dl_models\gtsinger_multitech\dataset\raw\Chinese\ZH-Tenor-1\Mixed_Voice_and_Falsetto\失落沙洲\Mixed_Voice_Group\0001.wav,Chinese/ZH-Tenor-1/Mixed_Voice_and_Falsetto/失落沙洲/Mixed_Voice_Group/0001.wav,Chinese,ZH-Tenor-1,失落沙洲,Mixed_Voice_Group,1,0,0,0,1,0,1,clear_mix,100010,positive_mix,0.638886,cpu
Chinese#ZH-Tenor-1#Mixed_Voice_and_Falsetto#失落沙洲#Mixed_Voice_Group#0003,D:\-MindEcho-main\ml_dl_models\gtsinger_multitech\dataset\raw\Chinese\ZH-Tenor-1\Mixed_Voice_and_Falsetto\失落沙洲\Mixed_Voice_Group\0003.wav,Chinese/ZH-Tenor-1/Mixed_Voice_and_Falsetto/失落沙洲/Mixed_Voice_Group/0003.wav,Chinese,ZH-Tenor-1,失落沙洲,Mixed_Voice_Group,1,0,0,0,1,0,1,clear_mix,100010,positive_mix,0.604728,cpu
Chinese#ZH-Tenor-1#Mixed_Voice_and_Falsetto#失落沙洲#Mixed_Voice_Group#0004,D:\-MindEcho-main\ml_dl_models\gtsinger_multitech\dataset\raw\Chinese\ZH-Tenor-1\Mixed_Voice_and_Falsetto\失落沙洲\Mixed_Voice_Group\0004.wav,Chinese/ZH-Tenor-1/Mixed_Voice_and_Falsetto/失落沙洲/Mixed_Voice_Group/0004.wav,Chinese,ZH-Tenor-1,失落沙洲,Mixed_Voice_Group,1,0,0,0,1,0,1,clear_mix,100010,positive_mix,0.720427,cpu
Chinese#ZH-Tenor-1#Mixed_Voice_and_Falsetto#失落沙洲#Mixed_Voice_Group#0005,D:\-MindEcho-main\ml_dl_models\gtsinger_multitech\dataset\raw\Chinese\ZH-Tenor-1\Mixed_Voice_and_Falsetto\失落沙洲\Mixed_Voice_Group\0005.wav,Chinese/ZH-Tenor-1/Mixed_Voice_and_Falsetto/失落沙洲/Mixed_Voice_Group/0005.wav,Chinese,ZH-Tenor-1,失落沙洲,Mixed_Voice_Group,1,0,0,0,1,0,1,clear_mix,100010,positive_mix,0.808958,cpu
Chinese#ZH-Tenor-1#Mixed_Voice_and_Falsetto#失落沙洲#Mixed_Voice_Group#0006,D:\-MindEcho-main\ml_dl_models\gtsinger_multitech\dataset\raw\Chinese\ZH-Tenor-1\Mixed_Voice_and_Falsetto\失落沙洲\Mixed_Voice_Group\0006.wav,Chinese/ZH-Tenor-1/Mixed_Voice_and_Falsetto/失落沙洲/Mixed_Voice_Group/0006.wav,Chinese,ZH-Tenor-1,失落沙洲,Mixed_Voice_Group,1,0,0,0,1,0,1,clear_mix,100010,positive_mix,0.827722,cpu
Chinese#ZH-Tenor-1#Mixed_Voice_and_Falsetto#失落沙洲#Mixed_Voice_Group#0007,D:\-MindEcho-main\ml_dl_models\gtsinger_multitech\dataset\raw\Chinese\ZH-Tenor-1\Mixed_Voice_and_Falsetto\失落沙洲\Mixed_Voice_Group\0007.wav,Chinese/ZH-Tenor-1/Mixed_Voice_and_Falsetto/失落沙洲/Mixed_Voice_Group/0007.wav,Chinese,ZH-Tenor-1,失落沙洲,Mixed_Voice_Group,1,0,0,0,1,0,1,clear_mix,100010,positive_mix,0.743809,cpu
Chinese#ZH-Tenor-1#Mixed_Voice_and_Falsetto#失落沙洲#Mixed_Voice_Group#0009,D:\-MindEcho-main\ml_dl_models\gtsinger_multitech\dataset\raw\Chinese\ZH-Tenor-1\Mixed_Voice_and_Falsetto\失落沙洲\Mixed_Voice_Group\0009.wav,Chinese/ZH-Tenor-1/Mixed_Voice_and_Falsetto/失落沙洲/Mixed_Voice_Group/0009.wav,Chinese,ZH-Tenor-1,失落沙洲,Mixed_Voice_Group,1,0,0,0,1,0,1,clear_mix,100010,positive_mix,0.510565,cpu
Chinese#ZH-Tenor-1#Mixed_Voice_and_Falsetto#崇拜#Mixed_Voice_Group#0002,D:\-MindEcho-main\ml_dl_models\gtsinger_multitech\dataset\raw\Chinese\ZH-Tenor-1\Mixed_Voice_and_Falsetto\崇拜\Mixed_Voice_Group\0002.wav,Chinese/ZH-Tenor-1/Mixed_Voice_and_Falsetto/崇拜/Mixed_Voice_Group/0002.wav,Chinese,ZH-Tenor-1,崇拜,Mixed_Voice_Group,1,0,0,1,1,0,1,clear_mix,100110,positive_mix,0.653895,cpu
Chinese#ZH-Tenor-1#Mixed_Voice_and_Falsetto#崇拜#Mixed_Voice_Group#0004,D:\-MindEcho-main\ml_dl_models\gtsinger_multitech\dataset\raw\Chinese\ZH-Tenor-1\Mixed_Voice_and_Falsetto\崇拜\Mixed_Voice_Group\0004.wav,Chinese/ZH-Tenor-1/Mixed_Voice_and_Falsetto/崇拜/Mixed_Voice_Group/0004.wav,Chinese,ZH-Tenor-1,崇拜,Mixed_Voice_Group,1,0,0,0,1,0,1,clear_mix,100010,positive_mix,0.807457,cpu
Chinese#ZH-Tenor-1#Mixed_Voice_and_Falsetto#崇拜#Mixed_Voice_Group#0005,D:\-MindEcho-main\ml_dl_models\gtsinger_multitech\dataset\raw\Chinese\ZH-Tenor-1\Mixed_Voice_and_Falsetto\崇拜\Mixed_Voice_Group\0005.wav,Chinese/ZH-Tenor-1/Mixed_Voice_and_Falsetto/崇拜/Mixed_Voice_Group/0005.wav,Chinese,ZH-Tenor-1,崇拜,Mixed_Voice_Group,1,0,0,1,1,0,1,clear_mix,100110,positive_mix,0.435080,cpu
Chinese#ZH-Tenor-1#Mixed_Voice_and_Falsetto#崇拜#Mixed_Voice_Group#0006,D:\-MindEcho-main\ml_dl_models\gtsinger_multitech\dataset\raw\Chinese\ZH-Tenor-1\Mixed_Voice_and_Falsetto\崇拜\Mixed_Voice_Group\0006.wav,Chinese/ZH-Tenor-1/Mixed_Voice_and_Falsetto/崇拜/Mixed_Voice_Group/0006.wav,Chinese,ZH-Tenor-1,崇拜,Mixed_Voice_Group,1,0,0,1,1,0,1,clear_mix,100110,positive_mix,0.587620,cpu
Chinese#ZH-Tenor-1#Mixed_Voice_and_Falsetto#崇拜#Mixed_Voice_Group#0007,D:\-MindEcho-main\ml_dl_models\gtsinger_multitech\dataset\raw\Chinese\ZH-Tenor-1\Mixed_Voice_and_Falsetto\崇拜\Mixed_Voice_Group\0007.wav,Chinese/ZH-Tenor-1/Mixed_Voice_and_Falsetto/崇拜/Mixed_Voice_Group/0007.wav,Chinese,ZH-Tenor-1,崇拜,Mixed_Voice_Group,1,0,0,1,1,0,1,clear_mix,100110,positive_mix,0.562923,cpu
Chinese#ZH-Tenor-1#Mixed_Voice_and_Falsetto#平凡之路#Mixed_Voice_Group#0000,D:\-MindEcho-main\ml_dl_models\gtsinger_multitech\dataset\raw\Chinese\ZH-Tenor-1\Mixed_Voice_and_Falsetto\平凡之路\Mixed_Voice_Group\0000.wav,Chinese/ZH-Tenor-1/Mixed_Voice_and_Falsetto/平凡之路/Mixed_Voice_Group/0000.wav,Chinese,ZH-Tenor-1,平凡之路,Mixed_Voice_Group,1,0,0,0,1,0,1,clear_mix,100010,positive_mix,0.236896,cpu
Chinese#ZH-Tenor-1#Mixed_Voice_and_Falsetto#平凡之路#Mixed_Voice_Group#0001,D:\-MindEcho-main\ml_dl_models\gtsinger_multitech\dataset\raw\Chinese\ZH-Tenor-1\Mixed_Voice_and_Falsetto\平凡之路\Mixed_Voice_Group\0001.wav,Chinese/ZH-Tenor-1/Mixed_Voice_and_Falsetto/平凡之路/Mixed_Voice_Group/0001.wav,Chinese,ZH-Tenor-1,平凡之路,Mixed_Voice_Group,1,0,0,0,1,0,1,clear_mix,100010,positive_mix,0.958482,cpu
Chinese#ZH-Tenor-1#Mixed_Voice_and_Falsetto#平凡之路#Mixed_Voice_Group#0002,D:\-MindEcho-main\ml_dl_models\gtsinger_multitech\dataset\raw\Chinese\ZH-Tenor-1\Mixed_Voice_and_Falsetto\平凡之路\Mixed_Voice_Group\0002.wav,Chinese/ZH-Tenor-1/Mixed_Voice_and_Falsetto/平凡之路/Mixed_Voice_Group/0002.wav,Chinese,ZH-Tenor-1,平凡之路,Mixed_Voice_Group,1,0,0,0,1,0,1,clear_mix,100010,positive_mix,0.933640,cpu
Chinese#ZH-Tenor-1#Mixed_Voice_and_Falsetto#平凡之路#Mixed_Voice_Group#0004,D:\-MindEcho-main\ml_dl_models\gtsinger_multitech\dataset\raw\Chinese\ZH-Tenor-1\Mixed_Voice_and_Falsetto\平凡之路\Mixed_Voice_Group\0004.wav,Chinese/ZH-Tenor-1/Mixed_Voice_and_Falsetto/平凡之路/Mixed_Voice_Group/0004.wav,Chinese,ZH-Tenor-1,平凡之路,Mixed_Voice_Group,1,0,0,0,1,0,1,clear_mix,100010,positive_mix,0.985762,cpu
Chinese#ZH-Tenor-1#Mixed_Voice_and_Falsetto#平凡之路#Mixed_Voice_Group#0005,D:\-MindEcho-main\ml_dl_models\gtsinger_multitech\dataset\raw\Chinese\ZH-Tenor-1\Mixed_Voice_and_Falsetto\平凡之路\Mixed_Voice_Group\0005.wav,Chinese/ZH-Tenor-1/Mixed_Voice_and_Falsetto/平凡之路/Mixed_Voice_Group/0005.wav,Chinese,ZH-Tenor-1,平凡之路,Mixed_Voice_Group,1,0,0,0,1,0,1,clear_mix,100010,positive_mix,0.959013,cpu
Chinese#ZH-Tenor-1#Mixed_Voice_and_Falsetto#平凡之路#Mixed_Voice_Group#0006,D:\-MindEcho-main\ml_dl_models\gtsinger_multitech\dataset\raw\Chinese\ZH-Tenor-1\Mixed_Voice_and_Falsetto\平凡之路\Mixed_Voice_Group\0006.wav,Chinese/ZH-Tenor-1/Mixed_Voice_and_Falsetto/平凡之路/Mixed_Voice_Group/0006.wav,Chinese,ZH-Tenor-1,平凡之路,Mixed_Voice_Group,1,0,0,0,1,0,1,clear_mix,100010,positive_mix,0.849611,cpu
Chinese#ZH-Tenor-1#Mixed_Voice_and_Falsetto#平凡之路#Mixed_Voice_Group#0007,D:\-MindEcho-main\ml_dl_models\gtsinger_multitech\dataset\raw\Chinese\ZH-Tenor-1\Mixed_Voice_and_Falsetto\平凡之路\Mixed_Voice_Group\0007.wav,Chinese/ZH-Tenor-1/Mixed_Voice_and_Falsetto/平凡之路/Mixed_Voice_Group/0007.wav,Chinese,ZH-Tenor-1,平凡之路,Mixed_Voice_Group,1,0,0,0,1,0,1,clear_mix,100010,positive_mix,0.945647,cpu
Chinese#ZH-Tenor-1#Mixed_Voice_and_Falsetto#平凡之路#Mixed_Voice_Group#0008,D:\-MindEcho-main\ml_dl_models\gtsinger_multitech\dataset\raw\Chinese\ZH-Tenor-1\Mixed_Voice_and_Falsetto\平凡之路\Mixed_Voice_Group\0008.wav,Chinese/ZH-Tenor-1/Mixed_Voice_and_Falsetto/平凡之路/Mixed_Voice_Group/0008.wav,Chinese,ZH-Tenor-1,平凡之路,Mixed_Voice_Group,1,0,0,0,1,0,1,clear_mix,100010,positive_mix,0.895730,cpu
Chinese#ZH-Tenor-1#Mixed_Voice_and_Falsetto#平凡之路#Mixed_Voice_Group#0010,D:\-MindEcho-main\ml_dl_models\gtsinger_multitech\dataset\raw\Chinese\ZH-Tenor-1\Mixed_Voice_and_Falsetto\平凡之路\Mixed_Voice_Group\0010.wav,Chinese/ZH-Tenor-1/Mixed_Voice_and_Falsetto/平凡之路/Mixed_Voice_Group/0010.wav,Chinese,ZH-Tenor-1,平凡之路,Mixed_Voice_Group,1,0,0,0,1,0,1,clear_mix,100010,positive_mix,0.967244,cpu
Chinese#ZH-Tenor-1#Mixed_Voice_and_Falsetto#平凡之路#Mixed_Voice_Group#0011,D:\-MindEcho-main\ml_dl_models\gtsinger_multitech\dataset\raw\Chinese\ZH-Tenor-1\Mixed_Voice_and_Falsetto\平凡之路\Mixed_Voice_Group\0011.wav,Chinese/ZH-Tenor-1/Mixed_Voice_and_Falsetto/平凡之路/Mixed_Voice_Group/0011.wav,Chinese,ZH-Tenor-1,平凡之路,Mixed_Voice_Group,1,0,0,0,0,0,1,clear_mix,100000,positive_mix,0.888115,cpu
Chinese#ZH-Tenor-1#Mixed_Voice_and_Falsetto#情歌#Mixed_Voice_Group#0000,D:\-MindEcho-main\ml_dl_models\gtsinger_multitech\dataset\raw\Chinese\ZH-Tenor-1\Mixed_Voice_and_Falsetto\情歌\Mixed_Voice_Group\0000.wav,Chinese/ZH-Tenor-1/Mixed_Voice_and_Falsetto/情歌/Mixed_Voice_Group/0000.wav,Chinese,ZH-Tenor-1,情歌,Mixed_Voice_Group,1,0,0,0,1,0,1,clear_mix,100010,positive_mix,0.248630,cpu
Chinese#ZH-Tenor-1#Mixed_Voice_and_Falsetto#情歌#Mixed_Voice_Group#0001,D:\-MindEcho-main\ml_dl_models\gtsinger_multitech\dataset\raw\Chinese\ZH-Tenor-1\Mixed_Voice_and_Falsetto\情歌\Mixed_Voice_Group\0001.wav,Chinese/ZH-Tenor-1/Mixed_Voice_and_Falsetto/情歌/Mixed_Voice_Group/0001.wav,Chinese,ZH-Tenor-1,情歌,Mixed_Voice_Group,1,0,0,0,1,0,1,clear_mix,100010,positive_mix,0.783594,cpu
Chinese#ZH-Tenor-1#Mixed_Voice_and_Falsetto#情歌#Mixed_Voice_Group#0002,D:\-MindEcho-main\ml_dl_models\gtsinger_multitech\dataset\raw\Chinese\ZH-Tenor-1\Mixed_Voice_and_Falsetto\情歌\Mixed_Voice_Group\0002.wav,Chinese/ZH-Tenor-1/Mixed_Voice_and_Falsetto/情歌/Mixed_Voice_Group/0002.wav,Chinese,ZH-Tenor-1,情歌,Mixed_Voice_Group,1,0,0,0,1,0,1,clear_mix,100010,positive_mix,0.726855,cpu
Chinese#ZH-Tenor-1#Mixed_Voice_and_Falsetto#情歌#Mixed_Voice_Group#0004,D:\-MindEcho-main\ml_dl_models\gtsinger_multitech\dataset\raw\Chinese\ZH-Tenor-1\Mixed_Voice_and_Falsetto\情歌\Mixed_Voice_Group\0004.wav,Chinese/ZH-Tenor-1/Mixed_Voice_and_Falsetto/情歌/Mixed_Voice_Group/0004.wav,Chinese,ZH-Tenor-1,情歌,Mixed_Voice_Group,1,0,0,0,1,0,1,clear_mix,100010,positive_mix,0.818528,cpu
Chinese#ZH-Tenor-1#Mixed_Voice_and_Falsetto#情歌#Mixed_Voice_Group#0005,D:\-MindEcho-main\ml_dl_models\gtsinger_multitech\dataset\raw\Chinese\ZH-Tenor-1\Mixed_Voice_and_Falsetto\情歌\Mixed_Voice_Group\0005.wav,Chinese/ZH-Tenor-1/Mixed_Voice_and_Falsetto/情歌/Mixed_Voice_Group/0005.wav,Chinese,ZH-Tenor-1,情歌,Mixed_Voice_Group,1,0,0,0,1,0,1,clear_mix,100010,positive_mix,0.827806,cpu
Chinese#ZH-Tenor-1#Mixed_Voice_and_Falsetto#情歌#Mixed_Voice_Group#0007,D:\-MindEcho-main\ml_dl_models\gtsinger_multitech\dataset\raw\Chinese\ZH-Tenor-1\Mixed_Voice_and_Falsetto\情歌\Mixed_Voice_Group\0007.wav,Chinese/ZH-Tenor-1/Mixed_Voice_and_Falsetto/情歌/Mixed_Voice_Group/0007.wav,Chinese,ZH-Tenor-1,情歌,Mixed_Voice_Group,1,0,0,0,1,0,1,clear_mix,100010,positive_mix,0.911035,cpu
Chinese#ZH-Tenor-1#Mixed_Voice_and_Falsetto#情歌#Mixed_Voice_Group#0008,D:\-MindEcho-main\ml_dl_models\gtsinger_multitech\dataset\raw\Chinese\ZH-Tenor-1\Mixed_Voice_and_Falsetto\情歌\Mixed_Voice_Group\0008.wav,Chinese/ZH-Tenor-1/Mixed_Voice_and_Falsetto/情歌/Mixed_Voice_Group/0008.wav,Chinese,ZH-Tenor-1,情歌,Mixed_Voice_Group,1,0,0,0,1,0,1,clear_mix,100010,positive_mix,0.832449,cpu
Chinese#ZH-Tenor-1#Mixed_Voice_and_Falsetto#情歌#Mixed_Voice_Group#0009,D:\-MindEcho-main\ml_dl_models\gtsinger_multitech\dataset\raw\Chinese\ZH-Tenor-1\Mixed_Voice_and_Falsetto\情歌\Mixed_Voice_Group\0009.wav,Chinese/ZH-Tenor-1/Mixed_Voice_and_Falsetto/情歌/Mixed_Voice_Group/0009.wav,Chinese,ZH-Tenor-1,情歌,Mixed_Voice_Group,1,0,0,0,1,0,1,clear_mix,100010,positive_mix,0.848051,cpu
Chinese#ZH-Tenor-1#Mixed_Voice_and_Falsetto#情歌#Mixed_Voice_Group#0010,D:\-MindEcho-main\ml_dl_models\gtsinger_multitech\dataset\raw\Chinese\ZH-Tenor-1\Mixed_Voice_and_Falsetto\情歌\Mixed_Voice_Group\0010.wav,Chinese/ZH-Tenor-1/Mixed_Voice_and_Falsetto/情歌/Mixed_Voice_Group/0010.wav,Chinese,ZH-Tenor-1,情歌,Mixed_Voice_Group,1,0,0,0,1,0,1,clear_mix,100010,positive_mix,0.901509,cpu
Chinese#ZH-Tenor-1#Mixed_Voice_and_Falsetto#情歌#Mixed_Voice_Group#0011,D:\-MindEcho-main\ml_dl_models\gtsinger_multitech\dataset\raw\Chinese\ZH-Tenor-1\Mixed_Voice_and_Falsetto\情歌\Mixed_Voice_Group\0011.wav,Chinese/ZH-Tenor-1/Mixed_Voice_and_Falsetto/情歌/Mixed_Voice_Group/0011.wav,Chinese,ZH-Tenor-1,情歌,Mixed_Voice_Group,1,0,0,0,1,0,1,clear_mix,100010,positive_mix,0.626433,cpu
Chinese#ZH-Tenor-1#Mixed_Voice_and_Falsetto#情歌#Mixed_Voice_Group#0012,D:\-MindEcho-main\ml_dl_models\gtsinger_multitech\dataset\raw\Chinese\ZH-Tenor-1\Mixed_Voice_and_Falsetto\情歌\Mixed_Voice_Group\0012.wav,Chinese/ZH-Tenor-1/Mixed_Voice_and_Falsetto/情歌/Mixed_Voice_Group/0012.wav,Chinese,ZH-Tenor-1,情歌,Mixed_Voice_Group,1,0,0,0,1,0,1,clear_mix,100010,positive_mix,0.618590,cpu
Chinese#ZH-Tenor-1#Mixed_Voice_and_Falsetto#情歌#Mixed_Voice_Group#0013,D:\-MindEcho-main\ml_dl_models\gtsinger_multitech\dataset\raw\Chinese\ZH-Tenor-1\Mixed_Voice_and_Falsetto\情歌\Mixed_Voice_Group\0013.wav,Chinese/ZH-Tenor-1/Mixed_Voice_and_Falsetto/情歌/Mixed_Voice_Group/0013.wav,Chinese,ZH-Tenor-1,情歌,Mixed_Voice_Group,1,0,0,0,1,0,1,clear_mix,100010,positive_mix,0.900071,cpu
Chinese#ZH-Tenor-1#Mixed_Voice_and_Falsetto#情歌#Mixed_Voice_Group#0014,D:\-MindEcho-main\ml_dl_models\gtsinger_multitech\dataset\raw\Chinese\ZH-Tenor-1\Mixed_Voice_and_Falsetto\情歌\Mixed_Voice_Group\0014.wav,Chinese/ZH-Tenor-1/Mixed_Voice_and_Falsetto/情歌/Mixed_Voice_Group/0014.wav,Chinese,ZH-Tenor-1,情歌,Mixed_Voice_Group,1,0,0,0,1,0,1,clear_mix,100010,positive_mix,0.950965,cpu
Chinese#ZH-Tenor-1#Mixed_Voice_and_Falsetto#情歌#Mixed_Voice_Group#0015,D:\-MindEcho-main\ml_dl_models\gtsinger_multitech\dataset\raw\Chinese\ZH-Tenor-1\Mixed_Voice_and_Falsetto\情歌\Mixed_Voice_Group\0015.wav,Chinese/ZH-Tenor-1/Mixed_Voice_and_Falsetto/情歌/Mixed_Voice_Group/0015.wav,Chinese,ZH-Tenor-1,情歌,Mixed_Voice_Group,1,0,0,0,1,0,1,clear_mix,100010,positive_mix,0.894361,cpu
Chinese#ZH-Tenor-1#Mixed_Voice_and_Falsetto#情歌#Mixed_Voice_Group#0016,D:\-MindEcho-main\ml_dl_models\gtsinger_multitech\dataset\raw\Chinese\ZH-Tenor-1\Mixed_Voice_and_Falsetto\情歌\Mixed_Voice_Group\0016.wav,Chinese/ZH-Tenor-1/Mixed_Voice_and_Falsetto/情歌/Mixed_Voice_Group/0016.wav,Chinese,ZH-Tenor-1,情歌,Mixed_Voice_Group,1,0,0,0,1,0,1,clear_mix,100010,positive_mix,0.802441,cpu
Chinese#ZH-Tenor-1#Mixed_Voice_and_Falsetto#情歌#Mixed_Voice_Group#0017,D:\-MindEcho-main\ml_dl_models\gtsinger_multitech\dataset\raw\Chinese\ZH-Tenor-1\Mixed_Voice_and_Falsetto\情歌\Mixed_Voice_Group\0017.wav,Chinese/ZH-Tenor-1/Mixed_Voice_and_Falsetto/情歌/Mixed_Voice_Group/0017.wav,Chinese,ZH-Tenor-1,情歌,Mixed_Voice_Group,1,0,0,0,1,0,1,clear_mix,100010,positive_mix,0.824073,cpu
Chinese#ZH-Tenor-1#Mixed_Voice_and_Falsetto#情歌#Mixed_Voice_Group#0018,D:\-MindEcho-main\ml_dl_models\gtsinger_multitech\dataset\raw\Chinese\ZH-Tenor-1\Mixed_Voice_and_Falsetto\情歌\Mixed_Voice_Group\0018.wav,Chinese/ZH-Tenor-1/Mixed_Voice_and_Falsetto/情歌/Mixed_Voice_Group/0018.wav,Chinese,ZH-Tenor-1,情歌,Mixed_Voice_Group,1,0,0,0,0,0,1,clear_mix,100000,positive_mix,0.893458,cpu
Chinese#ZH-Tenor-1#Mixed_Voice_and_Falsetto#情歌#Mixed_Voice_Group#0020,D:\-MindEcho-main\ml_dl_models\gtsinger_multitech\dataset\raw\Chinese\ZH-Tenor-1\Mixed_Voice_and_Falsetto\情歌\Mixed_Voice_Group\0020.wav,Chinese/ZH-Tenor-1/Mixed_Voice_and_Falsetto/情歌/Mixed_Voice_Group/0020.wav,Chinese,ZH-Tenor-1,情歌,Mixed_Voice_Group,1,0,0,0,1,0,1,clear_mix,100010,positive_mix,0.528643,cpu
Chinese#ZH-Tenor-1#Mixed_Voice_and_Falsetto#情歌#Mixed_Voice_Group#0021,D:\-MindEcho-main\ml_dl_models\gtsinger_multitech\dataset\raw\Chinese\ZH-Tenor-1\Mixed_Voice_and_Falsetto\情歌\Mixed_Voice_Group\0021.wav,Chinese/ZH-Tenor-1/Mixed_Voice_and_Falsetto/情歌/Mixed_Voice_Group/0021.wav,Chinese,ZH-Tenor-1,情歌,Mixed_Voice_Group,1,0,0,0,1,0,1,clear_mix,100010,positive_mix,0.722725,cpu
Chinese#ZH-Tenor-1#Mixed_Voice_and_Falsetto#情歌#Mixed_Voice_Group#0022,D:\-MindEcho-main\ml_dl_models\gtsinger_multitech\dataset\raw\Chinese\ZH-Tenor-1\Mixed_Voice_and_Falsetto\情歌\Mixed_Voice_Group\0022.wav,Chinese/ZH-Tenor-1/Mixed_Voice_and_Falsetto/情歌/Mixed_Voice_Group/0022.wav,Chinese,ZH-Tenor-1,情歌,Mixed_Voice_Group,1,0,0,0,1,0,1,clear_mix,100010,positive_mix,0.603839,cpu
Chinese#ZH-Tenor-1#Mixed_Voice_and_Falsetto#情歌#Mixed_Voice_Group#0023,D:\-MindEcho-main\ml_dl_models\gtsinger_multitech\dataset\raw\Chinese\ZH-Tenor-1\Mixed_Voice_and_Falsetto\情歌\Mixed_Voice_Group\0023.wav,Chinese/ZH-Tenor-1/Mixed_Voice_and_Falsetto/情歌/Mixed_Voice_Group/0023.wav,Chinese,ZH-Tenor-1,情歌,Mixed_Voice_Group,1,0,0,0,1,0,1,clear_mix,100010,positive_mix,0.872727,cpu
Chinese#ZH-Tenor-1#Mixed_Voice_and_Falsetto#情歌#Mixed_Voice_Group#0024,D:\-MindEcho-main\ml_dl_models\gtsinger_multitech\dataset\raw\Chinese\ZH-Tenor-1\Mixed_Voice_and_Falsetto\情歌\Mixed_Voice_Group\0024.wav,Chinese/ZH-Tenor-1/Mixed_Voice_and_Falsetto/情歌/Mixed_Voice_Group/0024.wav,Chinese,ZH-Tenor-1,情歌,Mixed_Voice_Group,1,0,0,0,1,0,1,clear_mix,100010,positive_mix,0.713049,cpu
Chinese#ZH-Tenor-1#Mixed_Voice_and_Falsetto#情歌#Mixed_Voice_Group#0025,D:\-MindEcho-main\ml_dl_models\gtsinger_multitech\dataset\raw\Chinese\ZH-Tenor-1\Mixed_Voice_and_Falsetto\情歌\Mixed_Voice_Group\0025.wav,Chinese/ZH-Tenor-1/Mixed_Voice_and_Falsetto/情歌/Mixed_Voice_Group/0025.wav,Chinese,ZH-Tenor-1,情歌,Mixed_Voice_Group,1,0,0,0,1,0,1,clear_mix,100010,positive_mix,0.701011,cpu
Chinese#ZH-Tenor-1#Mixed_Voice_and_Falsetto#想自由#Mixed_Voice_Group#0002,D:\-MindEcho-main\ml_dl_models\gtsinger_multitech\dataset\raw\Chinese\ZH-Tenor-1\Mixed_Voice_and_Falsetto\想自由\Mixed_Voice_Group\0002.wav,Chinese/ZH-Tenor-1/Mixed_Voice_and_Falsetto/想自由/Mixed_Voice_Group/0002.wav,Chinese,ZH-Tenor-1,想自由,Mixed_Voice_Group,1,0,0,0,1,0,1,clear_mix,100010,positive_mix,0.657714,cpu
Chinese#ZH-Tenor-1#Mixed_Voice_and_Falsetto#想自由#Mixed_Voice_Group#0003,D:\-MindEcho-main\ml_dl_models\gtsinger_multitech\dataset\raw\Chinese\ZH-Tenor-1\Mixed_Voice_and_Falsetto\想自由\Mixed_Voice_Group\0003.wav,Chinese/ZH-Tenor-1/Mixed_Voice_and_Falsetto/想自由/Mixed_Voice_Group/0003.wav,Chinese,ZH-Tenor-1,想自由,Mixed_Voice_Group,1,0,0,0,1,0,1,clear_mix,100010,positive_mix,0.340084,cpu
Chinese#ZH-Tenor-1#Mixed_Voice_and_Falsetto#想自由#Mixed_Voice_Group#0004,D:\-MindEcho-main\ml_dl_models\gtsinger_multitech\dataset\raw\Chinese\ZH-Tenor-1\Mixed_Voice_and_Falsetto\想自由\Mixed_Voice_Group\0004.wav,Chinese/ZH-Tenor-1/Mixed_Voice_and_Falsetto/想自由/Mixed_Voice_Group/0004.wav,Chinese,ZH-Tenor-1,想自由,Mixed_Voice_Group,1,0,0,0,1,0,1,clear_mix,100010,positive_mix,0.867113,cpu
Chinese#ZH-Tenor-1#Mixed_Voice_and_Falsetto#想自由#Mixed_Voice_Group#0005,D:\-MindEcho-main\ml_dl_models\gtsinger_multitech\dataset\raw\Chinese\ZH-Tenor-1\Mixed_Voice_and_Falsetto\想自由\Mixed_Voice_Group\0005.wav,Chinese/ZH-Tenor-1/Mixed_Voice_and_Falsetto/想自由/Mixed_Voice_Group/0005.wav,Chinese,ZH-Tenor-1,想自由,Mixed_Voice_Group,1,0,0,0,1,0,1,clear_mix,100010,positive_mix,0.958901,cpu
Chinese#ZH-Tenor-1#Mixed_Voice_and_Falsetto#想自由#Mixed_Voice_Group#0006,D:\-MindEcho-main\ml_dl_models\gtsinger_multitech\dataset\raw\Chinese\ZH-Tenor-1\Mixed_Voice_and_Falsetto\想自由\Mixed_Voice_Group\0006.wav,Chinese/ZH-Tenor-1/Mixed_Voice_and_Falsetto/想自由/Mixed_Voice_Group/0006.wav,Chinese,ZH-Tenor-1,想自由,Mixed_Voice_Group,1,0,0,0,1,0,1,clear_mix,100010,positive_mix,0.978531,cpu
Chinese#ZH-Tenor-1#Mixed_Voice_and_Falsetto#想自由#Mixed_Voice_Group#0007,D:\-MindEcho-main\ml_dl_models\gtsinger_multitech\dataset\raw\Chinese\ZH-Tenor-1\Mixed_Voice_and_Falsetto\想自由\Mixed_Voice_Group\0007.wav,Chinese/ZH-Tenor-1/Mixed_Voice_and_Falsetto/想自由/Mixed_Voice_Group/0007.wav,Chinese,ZH-Tenor-1,想自由,Mixed_Voice_Group,1,0,0,0,1,0,1,clear_mix,100010,positive_mix,0.870988,cpu
Chinese#ZH-Tenor-1#Mixed_Voice_and_Falsetto#想自由#Mixed_Voice_Group#0008,D:\-MindEcho-main\ml_dl_models\gtsinger_multitech\dataset\raw\Chinese\ZH-Tenor-1\Mixed_Voice_and_Falsetto\想自由\Mixed_Voice_Group\0008.wav,Chinese/ZH-Tenor-1/Mixed_Voice_and_Falsetto/想自由/Mixed_Voice_Group/0008.wav,Chinese,ZH-Tenor-1,想自由,Mixed_Voice_Group,1,0,0,0,1,0,1,clear_mix,100010,positive_mix,0.808268,cpu
Chinese#ZH-Tenor-1#Mixed_Voice_and_Falsetto#想自由#Mixed_Voice_Group#0009,D:\-MindEcho-main\ml_dl_models\gtsinger_multitech\dataset\raw\Chinese\ZH-Tenor-1\Mixed_Voice_and_Falsetto\想自由\Mixed_Voice_Group\0009.wav,Chinese/ZH-Tenor-1/Mixed_Voice_and_Falsetto/想自由/Mixed_Voice_Group/0009.wav,Chinese,ZH-Tenor-1,想自由,Mixed_Voice_Group,1,0,0,0,1,0,1,clear_mix,100010,positive_mix,0.500360,cpu
Chinese#ZH-Tenor-1#Mixed_Voice_and_Falsetto#想自由#Mixed_Voice_Group#0011,D:\-MindEcho-main\ml_dl_models\gtsinger_multitech\dataset\raw\Chinese\ZH-Tenor-1\Mixed_Voice_and_Falsetto\想自由\Mixed_Voice_Group\0011.wav,Chinese/ZH-Tenor-1/Mixed_Voice_and_Falsetto/想自由/Mixed_Voice_Group/0011.wav,Chinese,ZH-Tenor-1,想自由,Mixed_Voice_Group,1,0,0,0,1,0,1,clear_mix,100010,positive_mix,0.732015,cpu
Chinese#ZH-Tenor-1#Mixed_Voice_and_Falsetto#想自由#Mixed_Voice_Group#0012,D:\-MindEcho-main\ml_dl_models\gtsinger_multitech\dataset\raw\Chinese\ZH-Tenor-1\Mixed_Voice_and_Falsetto\想自由\Mixed_Voice_Group\0012.wav,Chinese/ZH-Tenor-1/Mixed_Voice_and_Falsetto/想自由/Mixed_Voice_Group/0012.wav,Chinese,ZH-Tenor-1,想自由,Mixed_Voice_Group,1,0,0,0,1,0,1,clear_mix,100010,positive_mix,0.465641,cpu
Chinese#ZH-Tenor-1#Mixed_Voice_and_Falsetto#想自由#Mixed_Voice_Group#0013,D:\-MindEcho-main\ml_dl_models\gtsinger_multitech\dataset\raw\Chinese\ZH-Tenor-1\Mixed_Voice_and_Falsetto\想自由\Mixed_Voice_Group\0013.wav,Chinese/ZH-Tenor-1/Mixed_Voice_and_Falsetto/想自由/Mixed_Voice_Group/0013.wav,Chinese,ZH-Tenor-1,想自由,Mixed_Voice_Group,1,0,0,0,1,0,1,clear_mix,100010,positive_mix,0.519886,cpu
Chinese#ZH-Tenor-1#Mixed_Voice_and_Falsetto#想自由#Mixed_Voice_Group#0015,D:\-MindEcho-main\ml_dl_models\gtsinger_multitech\dataset\raw\Chinese\ZH-Tenor-1\Mixed_Voice_and_Falsetto\想自由\Mixed_Voice_Group\0015.wav,Chinese/ZH-Tenor-1/Mixed_Voice_and_Falsetto/想自由/Mixed_Voice_Group/0015.wav,Chinese,ZH-Tenor-1,想自由,Mixed_Voice_Group,1,0,0,0,1,0,1,clear_mix,100010,positive_mix,0.908429,cpu
Chinese#ZH-Tenor-1#Mixed_Voice_and_Falsetto#想自由#Mixed_Voice_Group#0016,D:\-MindEcho-main\ml_dl_models\gtsinger_multitech\dataset\raw\Chinese\ZH-Tenor-1\Mixed_Voice_and_Falsetto\想自由\Mixed_Voice_Group\0016.wav,Chinese/ZH-Tenor-1/Mixed_Voice_and_Falsetto/想自由/Mixed_Voice_Group/0016.wav,Chinese,ZH-Tenor-1,想自由,Mixed_Voice_Group,1,0,0,0,1,0,1,clear_mix,100010,positive_mix,0.857239,cpu
Chinese#ZH-Tenor-1#Mixed_Voice_and_Falsetto#我的歌声里#Mixed_Voice_Group#0000,D:\-MindEcho-main\ml_dl_models\gtsinger_multitech\dataset\raw\Chinese\ZH-Tenor-1\Mixed_Voice_and_Falsetto\我的歌声里\Mixed_Voice_Group\0000.wav,Chinese/ZH-Tenor-1/Mixed_Voice_and_Falsetto/我的歌声里/Mixed_Voice_Group/0000.wav,Chinese,ZH-Tenor-1,我的歌声里,Mixed_Voice_Group,1,0,0,0,1,0,1,clear_mix,100010,positive_mix,0.842732,cpu
Chinese#ZH-Tenor-1#Mixed_Voice_and_Falsetto#我的歌声里#Mixed_Voice_Group#0001,D:\-MindEcho-main\ml_dl_models\gtsinger_multitech\dataset\raw\Chinese\ZH-Tenor-1\Mixed_Voice_and_Falsetto\我的歌声里\Mixed_Voice_Group\0001.wav,Chinese/ZH-Tenor-1/Mixed_Voice_and_Falsetto/我的歌声里/Mixed_Voice_Group/0001.wav,Chinese,ZH-Tenor-1,我的歌声里,Mixed_Voice_Group,1,0,0,0,1,0,1,clear_mix,100010,positive_mix,0.713712,cpu
Chinese#ZH-Tenor-1#Mixed_Voice_and_Falsetto#我的歌声里#Mixed_Voice_Group#0003,D:\-MindEcho-main\ml_dl_models\gtsinger_multitech\dataset\raw\Chinese\ZH-Tenor-1\Mixed_Voice_and_Falsetto\我的歌声里\Mixed_Voice_Group\0003.wav,Chinese/ZH-Tenor-1/Mixed_Voice_and_Falsetto/我的歌声里/Mixed_Voice_Group/0003.wav,Chinese,ZH-Tenor-1,我的歌声里,Mixed_Voice_Group,1,0,0,0,1,0,1,clear_mix,100010,positive_mix,0.933850,cpu
Chinese#ZH-Tenor-1#Mixed_Voice_and_Falsetto#我的歌声里#Mixed_Voice_Group#0004,D:\-MindEcho-main\ml_dl_models\gtsinger_multitech\dataset\raw\Chinese\ZH-Tenor-1\Mixed_Voice_and_Falsetto\我的歌声里\Mixed_Voice_Group\0004.wav,Chinese/ZH-Tenor-1/Mixed_Voice_and_Falsetto/我的歌声里/Mixed_Voice_Group/0004.wav,Chinese,ZH-Tenor-1,我的歌声里,Mixed_Voice_Group,1,0,0,0,1,0,1,clear_mix,100010,positive_mix,0.770599,cpu
Chinese#ZH-Tenor-1#Mixed_Voice_and_Falsetto#我的歌声里#Mixed_Voice_Group#0005,D:\-MindEcho-main\ml_dl_models\gtsinger_multitech\dataset\raw\Chinese\ZH-Tenor-1\Mixed_Voice_and_Falsetto\我的歌声里\Mixed_Voice_Group\0005.wav,Chinese/ZH-Tenor-1/Mixed_Voice_and_Falsetto/我的歌声里/Mixed_Voice_Group/0005.wav,Chinese,ZH-Tenor-1,我的歌声里,Mixed_Voice_Group,1,0,0,0,1,0,1,clear_mix,100010,positive_mix,0.928509,cpu
Chinese#ZH-Tenor-1#Mixed_Voice_and_Falsetto#我的歌声里#Mixed_Voice_Group#0006,D:\-MindEcho-main\ml_dl_models\gtsinger_multitech\dataset\raw\Chinese\ZH-Tenor-1\Mixed_Voice_and_Falsetto\我的歌声里\Mixed_Voice_Group\0006.wav,Chinese/ZH-Tenor-1/Mixed_Voice_and_Falsetto/我的歌声里/Mixed_Voice_Group/0006.wav,Chinese,ZH-Tenor-1,我的歌声里,Mixed_Voice_Group,1,0,0,0,1,0,1,clear_mix,100010,positive_mix,0.915861,cpu
Chinese#ZH-Tenor-1#Mixed_Voice_and_Falsetto#我的歌声里#Mixed_Voice_Group#0007,D:\-MindEcho-main\ml_dl_models\gtsinger_multitech\dataset\raw\Chinese\ZH-Tenor-1\Mixed_Voice_and_Falsetto\我的歌声里\Mixed_Voice_Group\0007.wav,Chinese/ZH-Tenor-1/Mixed_Voice_and_Falsetto/我的歌声里/Mixed_Voice_Group/0007.wav,Chinese,ZH-Tenor-1,我的歌声里,Mixed_Voice_Group,1,0,0,0,0,0,1,clear_mix,100000,positive_mix,0.959456,cpu
Chinese#ZH-Tenor-1#Mixed_Voice_and_Falsetto#我的歌声里#Mixed_Voice_Group#0008,D:\-MindEcho-main\ml_dl_models\gtsinger_multitech\dataset\raw\Chinese\ZH-Tenor-1\Mixed_Voice_and_Falsetto\我的歌声里\Mixed_Voice_Group\0008.wav,Chinese/ZH-Tenor-1/Mixed_Voice_and_Falsetto/我的歌声里/Mixed_Voice_Group/0008.wav,Chinese,ZH-Tenor-1,我的歌声里,Mixed_Voice_Group,1,0,0,0,1,0,1,clear_mix,100010,positive_mix,0.857764,cpu
Chinese#ZH-Tenor-1#Mixed_Voice_and_Falsetto#我的歌声里#Mixed_Voice_Group#0009,D:\-MindEcho-main\ml_dl_models\gtsinger_multitech\dataset\raw\Chinese\ZH-Tenor-1\Mixed_Voice_and_Falsetto\我的歌声里\Mixed_Voice_Group\0009.wav,Chinese/ZH-Tenor-1/Mixed_Voice_and_Falsetto/我的歌声里/Mixed_Voice_Group/0009.wav,Chinese,ZH-Tenor-1,我的歌声里,Mixed_Voice_Group,1,0,0,0,1,0,1,clear_mix,100010,positive_mix,0.531308,cpu
Chinese#ZH-Tenor-1#Mixed_Voice_and_Falsetto#我的歌声里#Mixed_Voice_Group#0010,D:\-MindEcho-main\ml_dl_models\gtsinger_multitech\dataset\raw\Chinese\ZH-Tenor-1\Mixed_Voice_and_Falsetto\我的歌声里\Mixed_Voice_Group\0010.wav,Chinese/ZH-Tenor-1/Mixed_Voice_and_Falsetto/我的歌声里/Mixed_Voice_Group/0010.wav,Chinese,ZH-Tenor-1,我的歌声里,Mixed_Voice_Group,1,0,0,0,1,0,1,clear_mix,100010,positive_mix,0.879431,cpu
Chinese#ZH-Tenor-1#Mixed_Voice_and_Falsetto#我的歌声里#Mixed_Voice_Group#0012,D:\-MindEcho-main\ml_dl_models\gtsinger_multitech\dataset\raw\Chinese\ZH-Tenor-1\Mixed_Voice_and_Falsetto\我的歌声里\Mixed_Voice_Group\0012.wav,Chinese/ZH-Tenor-1/Mixed_Voice_and_Falsetto/我的歌声里/Mixed_Voice_Group/0012.wav,Chinese,ZH-Tenor-1,我的歌声里,Mixed_Voice_Group,1,0,0,0,1,0,1,clear_mix,100010,positive_mix,0.868813,cpu
Chinese#ZH-Tenor-1#Mixed_Voice_and_Falsetto#曹操#Mixed_Voice_Group#0000,D:\-MindEcho-main\ml_dl_models\gtsinger_multitech\dataset\raw\Chinese\ZH-Tenor-1\Mixed_Voice_and_Falsetto\曹操\Mixed_Voice_Group\0000.wav,Chinese/ZH-Tenor-1/Mixed_Voice_and_Falsetto/曹操/Mixed_Voice_Group/0000.wav,Chinese,ZH-Tenor-1,曹操,Mixed_Voice_Group,1,0,0,0,1,0,1,clear_mix,100010,positive_mix,0.720391,cpu
Chinese#ZH-Tenor-1#Mixed_Voice_and_Falsetto#曹操#Mixed_Voice_Group#0001,D:\-MindEcho-main\ml_dl_models\gtsinger_multitech\dataset\raw\Chinese\ZH-Tenor-1\Mixed_Voice_and_Falsetto\曹操\Mixed_Voice_Group\0001.wav,Chinese/ZH-Tenor-1/Mixed_Voice_and_Falsetto/曹操/Mixed_Voice_Group/0001.wav,Chinese,ZH-Tenor-1,曹操,Mixed_Voice_Group,1,0,0,0,1,0,1,clear_mix,100010,positive_mix,0.932709,cpu
Chinese#ZH-Tenor-1#Mixed_Voice_and_Falsetto#曹操#Mixed_Voice_Group#0002,D:\-MindEcho-main\ml_dl_models\gtsinger_multitech\dataset\raw\Chinese\ZH-Tenor-1\Mixed_Voice_and_Falsetto\曹操\Mixed_Voice_Group\0002.wav,Chinese/ZH-Tenor-1/Mixed_Voice_and_Falsetto/曹操/Mixed_Voice_Group/0002.wav,Chinese,ZH-Tenor-1,曹操,Mixed_Voice_Group,1,0,0,0,1,0,1,clear_mix,100010,positive_mix,0.922124,cpu
Chinese#ZH-Tenor-1#Mixed_Voice_and_Falsetto#曹操#Mixed_Voice_Group#0003,D:\-MindEcho-main\ml_dl_models\gtsinger_multitech\dataset\raw\Chinese\ZH-Tenor-1\Mixed_Voice_and_Falsetto\曹操\Mixed_Voice_Group\0003.wav,Chinese/ZH-Tenor-1/Mixed_Voice_and_Falsetto/曹操/Mixed_Voice_Group/0003.wav,Chinese,ZH-Tenor-1,曹操,Mixed_Voice_Group,1,0,0,0,1,0,1,clear_mix,100010,positive_mix,0.960908,cpu
Chinese#ZH-Tenor-1#Mixed_Voice_and_Falsetto#曹操#Mixed_Voice_Group#0004,D:\-MindEcho-main\ml_dl_models\gtsinger_multitech\dataset\raw\Chinese\ZH-Tenor-1\Mixed_Voice_and_Falsetto\曹操\Mixed_Voice_Group\0004.wav,Chinese/ZH-Tenor-1/Mixed_Voice_and_Falsetto/曹操/Mixed_Voice_Group/0004.wav,Chinese,ZH-Tenor-1,曹操,Mixed_Voice_Group,1,0,0,0,1,0,1,clear_mix,100010,positive_mix,0.885336,cpu
Chinese#ZH-Tenor-1#Mixed_Voice_and_Falsetto#曹操#Mixed_Voice_Group#0005,D:\-MindEcho-main\ml_dl_models\gtsinger_multitech\dataset\raw\Chinese\ZH-Tenor-1\Mixed_Voice_and_Falsetto\曹操\Mixed_Voice_Group\0005.wav,Chinese/ZH-Tenor-1/Mixed_Voice_and_Falsetto/曹操/Mixed_Voice_Group/0005.wav,Chinese,ZH-Tenor-1,曹操,Mixed_Voice_Group,1,0,0,0,1,0,1,clear_mix,100010,positive_mix,0.813657,cpu
Chinese#ZH-Tenor-1#Mixed_Voice_and_Falsetto#曹操#Mixed_Voice_Group#0006,D:\-MindEcho-main\ml_dl_models\gtsinger_multitech\dataset\raw\Chinese\ZH-Tenor-1\Mixed_Voice_and_Falsetto\曹操\Mixed_Voice_Group\0006.wav,Chinese/ZH-Tenor-1/Mixed_Voice_and_Falsetto/曹操/Mixed_Voice_Group/0006.wav,Chinese,ZH-Tenor-1,曹操,Mixed_Voice_Group,1,0,0,0,1,0,1,clear_mix,100010,positive_mix,0.582773,cpu
Chinese#ZH-Tenor-1#Mixed_Voice_and_Falsetto#曹操#Mixed_Voice_Group#0008,D:\-MindEcho-main\ml_dl_models\gtsinger_multitech\dataset\raw\Chinese\ZH-Tenor-1\Mixed_Voice_and_Falsetto\曹操\Mixed_Voice_Group\0008.wav,Chinese/ZH-Tenor-1/Mixed_Voice_and_Falsetto/曹操/Mixed_Voice_Group/0008.wav,Chinese,ZH-Tenor-1,曹操,Mixed_Voice_Group,1,0,0,0,1,0,1,clear_mix,100010,positive_mix,0.832083,cpu
Chinese#ZH-Tenor-1#Mixed_Voice_and_Falsetto#曹操#Mixed_Voice_Group#0009,D:\-MindEcho-main\ml_dl_models\gtsinger_multitech\dataset\raw\Chinese\ZH-Tenor-1\Mixed_Voice_and_Falsetto\曹操\Mixed_Voice_Group\0009.wav,Chinese/ZH-Tenor-1/Mixed_Voice_and_Falsetto/曹操/Mixed_Voice_Group/0009.wav,Chinese,ZH-Tenor-1,曹操,Mixed_Voice_Group,1,0,0,0,1,0,1,clear_mix,100010,positive_mix,0.984381,cpu
Chinese#ZH-Tenor-1#Mixed_Voice_and_Falsetto#曹操#Mixed_Voice_Group#0010,D:\-MindEcho-main\ml_dl_models\gtsinger_multitech\dataset\raw\Chinese\ZH-Tenor-1\Mixed_Voice_and_Falsetto\曹操\Mixed_Voice_Group\0010.wav,Chinese/ZH-Tenor-1/Mixed_Voice_and_Falsetto/曹操/Mixed_Voice_Group/0010.wav,Chinese,ZH-Tenor-1,曹操,Mixed_Voice_Group,1,0,0,0,1,0,1,clear_mix,100010,positive_mix,0.939084,cpu
Chinese#ZH-Tenor-1#Mixed_Voice_and_Falsetto#曹操#Mixed_Voice_Group#0011,D:\-MindEcho-main\ml_dl_models\gtsinger_multitech\dataset\raw\Chinese\ZH-Tenor-1\Mixed_Voice_and_Falsetto\曹操\Mixed_Voice_Group\0011.wav,Chinese/ZH-Tenor-1/Mixed_Voice_and_Falsetto/曹操/Mixed_Voice_Group/0011.wav,Chinese,ZH-Tenor-1,曹操,Mixed_Voice_Group,1,0,0,0,1,0,1,clear_mix,100010,positive_mix,0.738150,cpu
Chinese#ZH-Tenor-1#Mixed_Voice_and_Falsetto#最初的梦想#Mixed_Voice_Group#0000,D:\-MindEcho-main\ml_dl_models\gtsinger_multitech\dataset\raw\Chinese\ZH-Tenor-1\Mixed_Voice_and_Falsetto\最初的梦想\Mixed_Voice_Group\0000.wav,Chinese/ZH-Tenor-1/Mixed_Voice_and_Falsetto/最初的梦想/Mixed_Voice_Group/0000.wav,Chinese,ZH-Tenor-1,最初的梦想,Mixed_Voice_Group,1,0,0,0,1,0,1,clear_mix,100010,positive_mix,0.827789,cpu
Chinese#ZH-Tenor-1#Mixed_Voice_and_Falsetto#最初的梦想#Mixed_Voice_Group#0001,D:\-MindEcho-main\ml_dl_models\gtsinger_multitech\dataset\raw\Chinese\ZH-Tenor-1\Mixed_Voice_and_Falsetto\最初的梦想\Mixed_Voice_Group\0001.wav,Chinese/ZH-Tenor-1/Mixed_Voice_and_Falsetto/最初的梦想/Mixed_Voice_Group/0001.wav,Chinese,ZH-Tenor-1,最初的梦想,Mixed_Voice_Group,1,0,0,0,1,0,1,clear_mix,100010,positive_mix,0.691333,cpu
Chinese#ZH-Tenor-1#Mixed_Voice_and_Falsetto#最初的梦想#Mixed_Voice_Group#0002,D:\-MindEcho-main\ml_dl_models\gtsinger_multitech\dataset\raw\Chinese\ZH-Tenor-1\Mixed_Voice_and_Falsetto\最初的梦想\Mixed_Voice_Group\0002.wav,Chinese/ZH-Tenor-1/Mixed_Voice_and_Falsetto/最初的梦想/Mixed_Voice_Group/0002.wav,Chinese,ZH-Tenor-1,最初的梦想,Mixed_Voice_Group,1,0,0,0,1,0,1,clear_mix,100010,positive_mix,0.479444,cpu
Chinese#ZH-Tenor-1#Mixed_Voice_and_Falsetto#最初的梦想#Mixed_Voice_Group#0003,D:\-MindEcho-main\ml_dl_models\gtsinger_multitech\dataset\raw\Chinese\ZH-Tenor-1\Mixed_Voice_and_Falsetto\最初的梦想\Mixed_Voice_Group\0003.wav,Chinese/ZH-Tenor-1/Mixed_Voice_and_Falsetto/最初的梦想/Mixed_Voice_Group/0003.wav,Chinese,ZH-Tenor-1,最初的梦想,Mixed_Voice_Group,1,0,0,0,1,0,1,clear_mix,100010,positive_mix,0.656102,cpu
Chinese#ZH-Tenor-1#Mixed_Voice_and_Falsetto#最初的梦想#Mixed_Voice_Group#0004,D:\-MindEcho-main\ml_dl_models\gtsinger_multitech\dataset\raw\Chinese\ZH-Tenor-1\Mixed_Voice_and_Falsetto\最初的梦想\Mixed_Voice_Group\0004.wav,Chinese/ZH-Tenor-1/Mixed_Voice_and_Falsetto/最初的梦想/Mixed_Voice_Group/0004.wav,Chinese,ZH-Tenor-1,最初的梦想,Mixed_Voice_Group,1,0,0,0,1,0,1,clear_mix,100010,positive_mix,0.849265,cpu
Chinese#ZH-Tenor-1#Mixed_Voice_and_Falsetto#最初的梦想#Mixed_Voice_Group#0005,D:\-MindEcho-main\ml_dl_models\gtsinger_multitech\dataset\raw\Chinese\ZH-Tenor-1\Mixed_Voice_and_Falsetto\最初的梦想\Mixed_Voice_Group\0005.wav,Chinese/ZH-Tenor-1/Mixed_Voice_and_Falsetto/最初的梦想/Mixed_Voice_Group/0005.wav,Chinese,ZH-Tenor-1,最初的梦想,Mixed_Voice_Group,1,0,0,0,1,0,1,clear_mix,100010,positive_mix,0.584108,cpu
Chinese#ZH-Tenor-1#Mixed_Voice_and_Falsetto#最初的梦想#Mixed_Voice_Group#0006,D:\-MindEcho-main\ml_dl_models\gtsinger_multitech\dataset\raw\Chinese\ZH-Tenor-1\Mixed_Voice_and_Falsetto\最初的梦想\Mixed_Voice_Group\0006.wav,Chinese/ZH-Tenor-1/Mixed_Voice_and_Falsetto/最初的梦想/Mixed_Voice_Group/0006.wav,Chinese,ZH-Tenor-1,最初的梦想,Mixed_Voice_Group,1,1,0,0,1,0,1,head_mix,110010,positive_mix,0.962949,cpu
Chinese#ZH-Tenor-1#Mixed_Voice_and_Falsetto#最初的梦想#Mixed_Voice_Group#0007,D:\-MindEcho-main\ml_dl_models\gtsinger_multitech\dataset\raw\Chinese\ZH-Tenor-1\Mixed_Voice_and_Falsetto\最初的梦想\Mixed_Voice_Group\0007.wav,Chinese/ZH-Tenor-1/Mixed_Voice_and_Falsetto/最初的梦想/Mixed_Voice_Group/0007.wav,Chinese,ZH-Tenor-1,最初的梦想,Mixed_Voice_Group,1,0,0,0,1,0,1,clear_mix,100010,positive_mix,0.977742,cpu
Chinese#ZH-Tenor-1#Mixed_Voice_and_Falsetto#最初的梦想#Mixed_Voice_Group#0009,D:\-MindEcho-main\ml_dl_models\gtsinger_multitech\dataset\raw\Chinese\ZH-Tenor-1\Mixed_Voice_and_Falsetto\最初的梦想\Mixed_Voice_Group\0009.wav,Chinese/ZH-Tenor-1/Mixed_Voice_and_Falsetto/最初的梦想/Mixed_Voice_Group/0009.wav,Chinese,ZH-Tenor-1,最初的梦想,Mixed_Voice_Group,1,0,0,0,1,0,1,clear_mix,100010,positive_mix,0.966531,cpu
Chinese#ZH-Tenor-1#Mixed_Voice_and_Falsetto#最初的梦想#Mixed_Voice_Group#0010,D:\-MindEcho-main\ml_dl_models\gtsinger_multitech\dataset\raw\Chinese\ZH-Tenor-1\Mixed_Voice_and_Falsetto\最初的梦想\Mixed_Voice_Group\0010.wav,Chinese/ZH-Tenor-1/Mixed_Voice_and_Falsetto/最初的梦想/Mixed_Voice_Group/0010.wav,Chinese,ZH-Tenor-1,最初的梦想,Mixed_Voice_Group,1,0,0,0,1,0,1,clear_mix,100010,positive_mix,0.937871,cpu
Chinese#ZH-Tenor-1#Mixed_Voice_and_Falsetto#最初的梦想#Mixed_Voice_Group#0011,D:\-MindEcho-main\ml_dl_models\gtsinger_multitech\dataset\raw\Chinese\ZH-Tenor-1\Mixed_Voice_and_Falsetto\最初的梦想\Mixed_Voice_Group\0011.wav,Chinese/ZH-Tenor-1/Mixed_Voice_and_Falsetto/最初的梦想/Mixed_Voice_Group/0011.wav,Chinese,ZH-Tenor-1,最初的梦想,Mixed_Voice_Group,1,0,0,0,1,0,1,clear_mix,100010,positive_mix,0.737468,cpu
Chinese#ZH-Tenor-1#Mixed_Voice_and_Falsetto#最初的梦想#Mixed_Voice_Group#0012,D:\-MindEcho-main\ml_dl_models\gtsinger_multitech\dataset\raw\Chinese\ZH-Tenor-1\Mixed_Voice_and_Falsetto\最初的梦想\Mixed_Voice_Group\0012.wav,Chinese/ZH-Tenor-1/Mixed_Voice_and_Falsetto/最初的梦想/Mixed_Voice_Group/0012.wav,Chinese,ZH-Tenor-1,最初的梦想,Mixed_Voice_Group,1,0,0,0,1,0,1,clear_mix,100010,positive_mix,0.735268,cpu
Chinese#ZH-Tenor-1#Mixed_Voice_and_Falsetto#最初的梦想#Mixed_Voice_Group#0015,D:\-MindEcho-main\ml_dl_models\gtsinger_multitech\dataset\raw\Chinese\ZH-Tenor-1\Mixed_Voice_and_Falsetto\最初的梦想\Mixed_Voice_Group\0015.wav,Chinese/ZH-Tenor-1/Mixed_Voice_and_Falsetto/最初的梦想/Mixed_Voice_Group/0015.wav,Chinese,ZH-Tenor-1,最初的梦想,Mixed_Voice_Group,1,1,0,0,1,0,1,head_mix,110010,positive_mix,0.954506,cpu
Chinese#ZH-Tenor-1#Mixed_Voice_and_Falsetto#最初的梦想#Mixed_Voice_Group#0017,D:\-MindEcho-main\ml_dl_models\gtsinger_multitech\dataset\raw\Chinese\ZH-Tenor-1\Mixed_Voice_and_Falsetto\最初的梦想\Mixed_Voice_Group\0017.wav,Chinese/ZH-Tenor-1/Mixed_Voice_and_Falsetto/最初的梦想/Mixed_Voice_Group/0017.wav,Chinese,ZH-Tenor-1,最初的梦想,Mixed_Voice_Group,1,0,0,0,1,0,1,clear_mix,100010,positive_mix,0.973657,cpu
Chinese#ZH-Tenor-1#Mixed_Voice_and_Falsetto#最初的梦想#Mixed_Voice_Group#0018,D:\-MindEcho-main\ml_dl_models\gtsinger_multitech\dataset\raw\Chinese\ZH-Tenor-1\Mixed_Voice_and_Falsetto\最初的梦想\Mixed_Voice_Group\0018.wav,Chinese/ZH-Tenor-1/Mixed_Voice_and_Falsetto/最初的梦想/Mixed_Voice_Group/0018.wav,Chinese,ZH-Tenor-1,最初的梦想,Mixed_Voice_Group,1,0,0,0,1,0,1,clear_mix,100010,positive_mix,0.962251,cpu
Chinese#ZH-Tenor-1#Mixed_Voice_and_Falsetto#末班车#Mixed_Voice_Group#0002,D:\-MindEcho-main\ml_dl_models\gtsinger_multitech\dataset\raw\Chinese\ZH-Tenor-1\Mixed_Voice_and_Falsetto\末班车\Mixed_Voice_Group\0002.wav,Chinese/ZH-Tenor-1/Mixed_Voice_and_Falsetto/末班车/Mixed_Voice_Group/0002.wav,Chinese,ZH-Tenor-1,末班车,Mixed_Voice_Group,1,0,0,0,1,0,1,clear_mix,100010,positive_mix,0.737057,cpu
Chinese#ZH-Tenor-1#Mixed_Voice_and_Falsetto#末班车#Mixed_Voice_Group#0003,D:\-MindEcho-main\ml_dl_models\gtsinger_multitech\dataset\raw\Chinese\ZH-Tenor-1\Mixed_Voice_and_Falsetto\末班车\Mixed_Voice_Group\0003.wav,Chinese/ZH-Tenor-1/Mixed_Voice_and_Falsetto/末班车/Mixed_Voice_Group/0003.wav,Chinese,ZH-Tenor-1,末班车,Mixed_Voice_Group,1,0,1,0,1,0,1,breathy_mix,101010,positive_mix,0.708741,cpu
Chinese#ZH-Tenor-1#Mixed_Voice_and_Falsetto#末班车#Mixed_Voice_Group#0004,D:\-MindEcho-main\ml_dl_models\gtsinger_multitech\dataset\raw\Chinese\ZH-Tenor-1\Mixed_Voice_and_Falsetto\末班车\Mixed_Voice_Group\0004.wav,Chinese/ZH-Tenor-1/Mixed_Voice_and_Falsetto/末班车/Mixed_Voice_Group/0004.wav,Chinese,ZH-Tenor-1,末班车,Mixed_Voice_Group,1,0,0,0,1,0,1,clear_mix,100010,positive_mix,0.951770,cpu
Chinese#ZH-Tenor-1#Mixed_Voice_and_Falsetto#末班车#Mixed_Voice_Group#0005,D:\-MindEcho-main\ml_dl_models\gtsinger_multitech\dataset\raw\Chinese\ZH-Tenor-1\Mixed_Voice_and_Falsetto\末班车\Mixed_Voice_Group\0005.wav,Chinese/ZH-Tenor-1/Mixed_Voice_and_Falsetto/末班车/Mixed_Voice_Group/0005.wav,Chinese,ZH-Tenor-1,末班车,Mixed_Voice_Group,1,0,0,0,1,0,1,clear_mix,100010,positive_mix,0.938915,cpu
Chinese#ZH-Tenor-1#Mixed_Voice_and_Falsetto#末班车#Mixed_Voice_Group#0007,D:\-MindEcho-main\ml_dl_models\gtsinger_multitech\dataset\raw\Chinese\ZH-Tenor-1\Mixed_Voice_and_Falsetto\末班车\Mixed_Voice_Group\0007.wav,Chinese/ZH-Tenor-1/Mixed_Voice_and_Falsetto/末班车/Mixed_Voice_Group/0007.wav,Chinese,ZH-Tenor-1,末班车,Mixed_Voice_Group,1,0,0,0,1,0,1,clear_mix,100010,positive_mix,0.918383,cpu
Chinese#ZH-Tenor-1#Mixed_Voice_and_Falsetto#末班车#Mixed_Voice_Group#0008,D:\-MindEcho-main\ml_dl_models\gtsinger_multitech\dataset\raw\Chinese\ZH-Tenor-1\Mixed_Voice_and_Falsetto\末班车\Mixed_Voice_Group\0008.wav,Chinese/ZH-Tenor-1/Mixed_Voice_and_Falsetto/末班车/Mixed_Voice_Group/0008.wav,Chinese,ZH-Tenor-1,末班车,Mixed_Voice_Group,1,0,0,0,1,0,1,clear_mix,100010,positive_mix,0.735411,cpu
Chinese#ZH-Tenor-1#Mixed_Voice_and_Falsetto#枫#Mixed_Voice_Group#0000,D:\-MindEcho-main\ml_dl_models\gtsinger_multitech\dataset\raw\Chinese\ZH-Tenor-1\Mixed_Voice_and_Falsetto\枫\Mixed_Voice_Group\0000.wav,Chinese/ZH-Tenor-1/Mixed_Voice_and_Falsetto/枫/Mixed_Voice_Group/0000.wav,Chinese,ZH-Tenor-1,枫,Mixed_Voice_Group,1,0,0,0,0,0,1,clear_mix,100000,positive_mix,0.309613,cpu
Chinese#ZH-Tenor-1#Mixed_Voice_and_Falsetto#枫#Mixed_Voice_Group#0002,D:\-MindEcho-main\ml_dl_models\gtsinger_multitech\dataset\raw\Chinese\ZH-Tenor-1\Mixed_Voice_and_Falsetto\枫\Mixed_Voice_Group\0002.wav,Chinese/ZH-Tenor-1/Mixed_Voice_and_Falsetto/枫/Mixed_Voice_Group/0002.wav,Chinese,ZH-Tenor-1,枫,Mixed_Voice_Group,1,0,0,0,1,0,1,clear_mix,100010,positive_mix,0.581291,cpu
Chinese#ZH-Tenor-1#Mixed_Voice_and_Falsetto#枫#Mixed_Voice_Group#0004,D:\-MindEcho-main\ml_dl_models\gtsinger_multitech\dataset\raw\Chinese\ZH-Tenor-1\Mixed_Voice_and_Falsetto\枫\Mixed_Voice_Group\0004.wav,Chinese/ZH-Tenor-1/Mixed_Voice_and_Falsetto/枫/Mixed_Voice_Group/0004.wav,Chinese,ZH-Tenor-1,枫,Mixed_Voice_Group,1,0,0,0,1,0,1,clear_mix,100010,positive_mix,0.721092,cpu
Chinese#ZH-Tenor-1#Mixed_Voice_and_Falsetto#枫#Mixed_Voice_Group#0005,D:\-MindEcho-main\ml_dl_models\gtsinger_multitech\dataset\raw\Chinese\ZH-Tenor-1\Mixed_Voice_and_Falsetto\枫\Mixed_Voice_Group\0005.wav,Chinese/ZH-Tenor-1/Mixed_Voice_and_Falsetto/枫/Mixed_Voice_Group/0005.wav,Chinese,ZH-Tenor-1,枫,Mixed_Voice_Group,1,1,0,0,1,0,1,head_mix,110010,positive_mix,0.449031,cpu
Chinese#ZH-Tenor-1#Mixed_Voice_and_Falsetto#枫#Mixed_Voice_Group#0007,D:\-MindEcho-main\ml_dl_models\gtsinger_multitech\dataset\raw\Chinese\ZH-Tenor-1\Mixed_Voice_and_Falsetto\枫\Mixed_Voice_Group\0007.wav,Chinese/ZH-Tenor-1/Mixed_Voice_and_Falsetto/枫/Mixed_Voice_Group/0007.wav,Chinese,ZH-Tenor-1,枫,Mixed_Voice_Group,1,0,0,0,1,0,1,clear_mix,100010,positive_mix,0.729969,cpu
Chinese#ZH-Tenor-1#Mixed_Voice_and_Falsetto#枫#Mixed_Voice_Group#0010,D:\-MindEcho-main\ml_dl_models\gtsinger_multitech\dataset\raw\Chinese\ZH-Tenor-1\Mixed_Voice_and_Falsetto\枫\Mixed_Voice_Group\0010.wav,Chinese/ZH-Tenor-1/Mixed_Voice_and_Falsetto/枫/Mixed_Voice_Group/0010.wav,Chinese,ZH-Tenor-1,枫,Mixed_Voice_Group,1,0,0,0,1,0,1,clear_mix,100010,positive_mix,0.535388,cpu
Chinese#ZH-Tenor-1#Mixed_Voice_and_Falsetto#枫#Mixed_Voice_Group#0011,D:\-MindEcho-main\ml_dl_models\gtsinger_multitech\dataset\raw\Chinese\ZH-Tenor-1\Mixed_Voice_and_Falsetto\枫\Mixed_Voice_Group\0011.wav,Chinese/ZH-Tenor-1/Mixed_Voice_and_Falsetto/枫/Mixed_Voice_Group/0011.wav,Chinese,ZH-Tenor-1,枫,Mixed_Voice_Group,1,0,0,0,1,0,1,clear_mix,100010,positive_mix,0.554459,cpu
Chinese#ZH-Tenor-1#Mixed_Voice_and_Falsetto#残酷月光#Mixed_Voice_Group#0000,D:\-MindEcho-main\ml_dl_models\gtsinger_multitech\dataset\raw\Chinese\ZH-Tenor-1\Mixed_Voice_and_Falsetto\残酷月光\Mixed_Voice_Group\0000.wav,Chinese/ZH-Tenor-1/Mixed_Voice_and_Falsetto/残酷月光/Mixed_Voice_Group/0000.wav,Chinese,ZH-Tenor-1,残酷月光,Mixed_Voice_Group,1,0,0,0,1,0,1,clear_mix,100010,positive_mix,0.808158,cpu
Chinese#ZH-Tenor-1#Mixed_Voice_and_Falsetto#残酷月光#Mixed_Voice_Group#0002,D:\-MindEcho-main\ml_dl_models\gtsinger_multitech\dataset\raw\Chinese\ZH-Tenor-1\Mixed_Voice_and_Falsetto\残酷月光\Mixed_Voice_Group\0002.wav,Chinese/ZH-Tenor-1/Mixed_Voice_and_Falsetto/残酷月光/Mixed_Voice_Group/0002.wav,Chinese,ZH-Tenor-1,残酷月光,Mixed_Voice_Group,1,0,0,0,1,0,1,clear_mix,100010,positive_mix,0.661743,cpu
Chinese#ZH-Tenor-1#Mixed_Voice_and_Falsetto#残酷月光#Mixed_Voice_Group#0003,D:\-MindEcho-main\ml_dl_models\gtsinger_multitech\dataset\raw\Chinese\ZH-Tenor-1\Mixed_Voice_and_Falsetto\残酷月光\Mixed_Voice_Group\0003.wav,Chinese/ZH-Tenor-1/Mixed_Voice_and_Falsetto/残酷月光/Mixed_Voice_Group/0003.wav,Chinese,ZH-Tenor-1,残酷月光,Mixed_Voice_Group,1,0,0,0,1,0,1,clear_mix,100010,positive_mix,0.841361,cpu
Chinese#ZH-Tenor-1#Mixed_Voice_and_Falsetto#残酷月光#Mixed_Voice_Group#0004,D:\-MindEcho-main\ml_dl_models\gtsinger_multitech\dataset\raw\Chinese\ZH-Tenor-1\Mixed_Voice_and_Falsetto\残酷月光\Mixed_Voice_Group\0004.wav,Chinese/ZH-Tenor-1/Mixed_Voice_and_Falsetto/残酷月光/Mixed_Voice_Group/0004.wav,Chinese,ZH-Tenor-1,残酷月光,Mixed_Voice_Group,1,0,0,0,1,0,1,clear_mix,100010,positive_mix,0.778692,cpu
Chinese#ZH-Tenor-1#Mixed_Voice_and_Falsetto#残酷月光#Mixed_Voice_Group#0005,D:\-MindEcho-main\ml_dl_models\gtsinger_multitech\dataset\raw\Chinese\ZH-Tenor-1\Mixed_Voice_and_Falsetto\残酷月光\Mixed_Voice_Group\0005.wav,Chinese/ZH-Tenor-1/Mixed_Voice_and_Falsetto/残酷月光/Mixed_Voice_Group/0005.wav,Chinese,ZH-Tenor-1,残酷月光,Mixed_Voice_Group,1,0,0,0,1,0,1,clear_mix,100010,positive_mix,0.915407,cpu
Chinese#ZH-Tenor-1#Mixed_Voice_and_Falsetto#残酷月光#Mixed_Voice_Group#0006,D:\-MindEcho-main\ml_dl_models\gtsinger_multitech\dataset\raw\Chinese\ZH-Tenor-1\Mixed_Voice_and_Falsetto\残酷月光\Mixed_Voice_Group\0006.wav,Chinese/ZH-Tenor-1/Mixed_Voice_and_Falsetto/残酷月光/Mixed_Voice_Group/0006.wav,Chinese,ZH-Tenor-1,残酷月光,Mixed_Voice_Group,1,0,0,0,1,0,1,clear_mix,100010,positive_mix,0.806488,cpu
Chinese#ZH-Tenor-1#Mixed_Voice_and_Falsetto#残酷月光#Mixed_Voice_Group#0007,D:\-MindEcho-main\ml_dl_models\gtsinger_multitech\dataset\raw\Chinese\ZH-Tenor-1\Mixed_Voice_and_Falsetto\残酷月光\Mixed_Voice_Group\0007.wav,Chinese/ZH-Tenor-1/Mixed_Voice_and_Falsetto/残酷月光/Mixed_Voice_Group/0007.wav,Chinese,ZH-Tenor-1,残酷月光,Mixed_Voice_Group,1,0,0,0,1,0,1,clear_mix,100010,positive_mix,0.742110,cpu
Chinese#ZH-Tenor-1#Mixed_Voice_and_Falsetto#残酷月光#Mixed_Voice_Group#0008,D:\-MindEcho-main\ml_dl_models\gtsinger_multitech\dataset\raw\Chinese\ZH-Tenor-1\Mixed_Voice_and_Falsetto\残酷月光\Mixed_Voice_Group\0008.wav,Chinese/ZH-Tenor-1/Mixed_Voice_and_Falsetto/残酷月光/Mixed_Voice_Group/0008.wav,Chinese,ZH-Tenor-1,残酷月光,Mixed_Voice_Group,1,0,0,0,1,0,1,clear_mix,100010,positive_mix,0.724599,cpu
Chinese#ZH-Tenor-1#Mixed_Voice_and_Falsetto#残酷月光#Mixed_Voice_Group#0009,D:\-MindEcho-main\ml_dl_models\gtsinger_multitech\dataset\raw\Chinese\ZH-Tenor-1\Mixed_Voice_and_Falsetto\残酷月光\Mixed_Voice_Group\0009.wav,Chinese/ZH-Tenor-1/Mixed_Voice_and_Falsetto/残酷月光/Mixed_Voice_Group/0009.wav,Chinese,ZH-Tenor-1,残酷月光,Mixed_Voice_Group,1,0,0,0,1,0,1,clear_mix,100010,positive_mix,0.681132,cpu
Chinese#ZH-Tenor-1#Mixed_Voice_and_Falsetto#残酷月光#Mixed_Voice_Group#0010,D:\-MindEcho-main\ml_dl_models\gtsinger_multitech\dataset\raw\Chinese\ZH-Tenor-1\Mixed_Voice_and_Falsetto\残酷月光\Mixed_Voice_Group\0010.wav,Chinese/ZH-Tenor-1/Mixed_Voice_and_Falsetto/残酷月光/Mixed_Voice_Group/0010.wav,Chinese,ZH-Tenor-1,残酷月光,Mixed_Voice_Group,1,0,0,0,1,0,1,clear_mix,100010,positive_mix,0.775105,cpu
Chinese#ZH-Tenor-1#Mixed_Voice_and_Falsetto#残酷月光#Mixed_Voice_Group#0012,D:\-MindEcho-main\ml_dl_models\gtsinger_multitech\dataset\raw\Chinese\ZH-Tenor-1\Mixed_Voice_and_Falsetto\残酷月光\Mixed_Voice_Group\0012.wav,Chinese/ZH-Tenor-1/Mixed_Voice_and_Falsetto/残酷月光/Mixed_Voice_Group/0012.wav,Chinese,ZH-Tenor-1,残酷月光,Mixed_Voice_Group,1,0,0,0,1,0,1,clear_mix,100010,positive_mix,0.899123,cpu
Chinese#ZH-Tenor-1#Mixed_Voice_and_Falsetto#残酷月光#Mixed_Voice_Group#0014,D:\-MindEcho-main\ml_dl_models\gtsinger_multitech\dataset\raw\Chinese\ZH-Tenor-1\Mixed_Voice_and_Falsetto\残酷月光\Mixed_Voice_Group\0014.wav,Chinese/ZH-Tenor-1/Mixed_Voice_and_Falsetto/残酷月光/Mixed_Voice_Group/0014.wav,Chinese,ZH-Tenor-1,残酷月光,Mixed_Voice_Group,1,0,0,0,1,0,1,clear_mix,100010,positive_mix,0.951548,cpu
Chinese#ZH-Tenor-1#Mixed_Voice_and_Falsetto#残酷月光#Mixed_Voice_Group#0015,D:\-MindEcho-main\ml_dl_models\gtsinger_multitech\dataset\raw\Chinese\ZH-Tenor-1\Mixed_Voice_and_Falsetto\残酷月光\Mixed_Voice_Group\0015.wav,Chinese/ZH-Tenor-1/Mixed_Voice_and_Falsetto/残酷月光/Mixed_Voice_Group/0015.wav,Chinese,ZH-Tenor-1,残酷月光,Mixed_Voice_Group,1,0,0,0,1,0,1,clear_mix,100010,positive_mix,0.904203,cpu
Chinese#ZH-Tenor-1#Mixed_Voice_and_Falsetto#残酷月光#Mixed_Voice_Group#0016,D:\-MindEcho-main\ml_dl_models\gtsinger_multitech\dataset\raw\Chinese\ZH-Tenor-1\Mixed_Voice_and_Falsetto\残酷月光\Mixed_Voice_Group\0016.wav,Chinese/ZH-Tenor-1/Mixed_Voice_and_Falsetto/残酷月光/Mixed_Voice_Group/0016.wav,Chinese,ZH-Tenor-1,残酷月光,Mixed_Voice_Group,1,0,0,0,1,0,1,clear_mix,100010,positive_mix,0.627306,cpu
Chinese#ZH-Tenor-1#Mixed_Voice_and_Falsetto#残酷月光#Mixed_Voice_Group#0017,D:\-MindEcho-main\ml_dl_models\gtsinger_multitech\dataset\raw\Chinese\ZH-Tenor-1\Mixed_Voice_and_Falsetto\残酷月光\Mixed_Voice_Group\0017.wav,Chinese/ZH-Tenor-1/Mixed_Voice_and_Falsetto/残酷月光/Mixed_Voice_Group/0017.wav,Chinese,ZH-Tenor-1,残酷月光,Mixed_Voice_Group,1,0,0,0,1,0,1,clear_mix,100010,positive_mix,0.915272,cpu
Chinese#ZH-Tenor-1#Mixed_Voice_and_Falsetto#残酷月光#Mixed_Voice_Group#0018,D:\-MindEcho-main\ml_dl_models\gtsinger_multitech\dataset\raw\Chinese\ZH-Tenor-1\Mixed_Voice_and_Falsetto\残酷月光\Mixed_Voice_Group\0018.wav,Chinese/ZH-Tenor-1/Mixed_Voice_and_Falsetto/残酷月光/Mixed_Voice_Group/0018.wav,Chinese,ZH-Tenor-1,残酷月光,Mixed_Voice_Group,1,0,0,0,1,0,1,clear_mix,100010,positive_mix,0.845918,cpu
Chinese#ZH-Tenor-1#Mixed_Voice_and_Falsetto#残酷月光#Mixed_Voice_Group#0019,D:\-MindEcho-main\ml_dl_models\gtsinger_multitech\dataset\raw\Chinese\ZH-Tenor-1\Mixed_Voice_and_Falsetto\残酷月光\Mixed_Voice_Group\0019.wav,Chinese/ZH-Tenor-1/Mixed_Voice_and_Falsetto/残酷月光/Mixed_Voice_Group/0019.wav,Chinese,ZH-Tenor-1,残酷月光,Mixed_Voice_Group,1,0,0,0,1,0,1,clear_mix,100010,positive_mix,0.857084,cpu
Chinese#ZH-Tenor-1#Mixed_Voice_and_Falsetto#残酷月光#Mixed_Voice_Group#0020,D:\-MindEcho-main\ml_dl_models\gtsinger_multitech\dataset\raw\Chinese\ZH-Tenor-1\Mixed_Voice_and_Falsetto\残酷月光\Mixed_Voice_Group\0020.wav,Chinese/ZH-Tenor-1/Mixed_Voice_and_Falsetto/残酷月光/Mixed_Voice_Group/0020.wav,Chinese,ZH-Tenor-1,残酷月光,Mixed_Voice_Group,1,0,0,0,1,0,1,clear_mix,100010,positive_mix,0.682885,cpu
Chinese#ZH-Tenor-1#Mixed_Voice_and_Falsetto#残酷月光#Mixed_Voice_Group#0021,D:\-MindEcho-main\ml_dl_models\gtsinger_multitech\dataset\raw\Chinese\ZH-Tenor-1\Mixed_Voice_and_Falsetto\残酷月光\Mixed_Voice_Group\0021.wav,Chinese/ZH-Tenor-1/Mixed_Voice_and_Falsetto/残酷月光/Mixed_Voice_Group/0021.wav,Chinese,ZH-Tenor-1,残酷月光,Mixed_Voice_Group,1,0,0,0,1,0,1,clear_mix,100010,positive_mix,0.591014,cpu
Chinese#ZH-Tenor-1#Mixed_Voice_and_Falsetto#江南#Mixed_Voice_Group#0000,D:\-MindEcho-main\ml_dl_models\gtsinger_multitech\dataset\raw\Chinese\ZH-Tenor-1\Mixed_Voice_and_Falsetto\江南\Mixed_Voice_Group\0000.wav,Chinese/ZH-Tenor-1/Mixed_Voice_and_Falsetto/江南/Mixed_Voice_Group/0000.wav,Chinese,ZH-Tenor-1,江南,Mixed_Voice_Group,1,0,0,1,1,0,1,clear_mix,100110,positive_mix,0.414733,cpu
Chinese#ZH-Tenor-1#Mixed_Voice_and_Falsetto#江南#Mixed_Voice_Group#0001,D:\-MindEcho-main\ml_dl_models\gtsinger_multitech\dataset\raw\Chinese\ZH-Tenor-1\Mixed_Voice_and_Falsetto\江南\Mixed_Voice_Group\0001.wav,Chinese/ZH-Tenor-1/Mixed_Voice_and_Falsetto/江南/Mixed_Voice_Group/0001.wav,Chinese,ZH-Tenor-1,江南,Mixed_Voice_Group,1,0,0,1,1,0,1,clear_mix,100110,positive_mix,0.717357,cpu
Chinese#ZH-Tenor-1#Mixed_Voice_and_Falsetto#江南#Mixed_Voice_Group#0003,D:\-MindEcho-main\ml_dl_models\gtsinger_multitech\dataset\raw\Chinese\ZH-Tenor-1\Mixed_Voice_and_Falsetto\江南\Mixed_Voice_Group\0003.wav,Chinese/ZH-Tenor-1/Mixed_Voice_and_Falsetto/江南/Mixed_Voice_Group/0003.wav,Chinese,ZH-Tenor-1,江南,Mixed_Voice_Group,1,0,0,1,1,0,1,clear_mix,100110,positive_mix,0.335316,cpu
Chinese#ZH-Tenor-1#Mixed_Voice_and_Falsetto#江南#Mixed_Voice_Group#0004,D:\-MindEcho-main\ml_dl_models\gtsinger_multitech\dataset\raw\Chinese\ZH-Tenor-1\Mixed_Voice_and_Falsetto\江南\Mixed_Voice_Group\0004.wav,Chinese/ZH-Tenor-1/Mixed_Voice_and_Falsetto/江南/Mixed_Voice_Group/0004.wav,Chinese,ZH-Tenor-1,江南,Mixed_Voice_Group,1,0,0,0,1,0,1,clear_mix,100010,positive_mix,0.667718,cpu
Chinese#ZH-Tenor-1#Mixed_Voice_and_Falsetto#江南#Mixed_Voice_Group#0005,D:\-MindEcho-main\ml_dl_models\gtsinger_multitech\dataset\raw\Chinese\ZH-Tenor-1\Mixed_Voice_and_Falsetto\江南\Mixed_Voice_Group\0005.wav,Chinese/ZH-Tenor-1/Mixed_Voice_and_Falsetto/江南/Mixed_Voice_Group/0005.wav,Chinese,ZH-Tenor-1,江南,Mixed_Voice_Group,1,0,0,0,1,0,1,clear_mix,100010,positive_mix,0.679428,cpu
Chinese#ZH-Tenor-1#Mixed_Voice_and_Falsetto#江南#Mixed_Voice_Group#0006,D:\-MindEcho-main\ml_dl_models\gtsinger_multitech\dataset\raw\Chinese\ZH-Tenor-1\Mixed_Voice_and_Falsetto\江南\Mixed_Voice_Group\0006.wav,Chinese/ZH-Tenor-1/Mixed_Voice_and_Falsetto/江南/Mixed_Voice_Group/0006.wav,Chinese,ZH-Tenor-1,江南,Mixed_Voice_Group,1,0,0,0,1,0,1,clear_mix,100010,positive_mix,0.459211,cpu
Chinese#ZH-Tenor-1#Mixed_Voice_and_Falsetto#江南#Mixed_Voice_Group#0007,D:\-MindEcho-main\ml_dl_models\gtsinger_multitech\dataset\raw\Chinese\ZH-Tenor-1\Mixed_Voice_and_Falsetto\江南\Mixed_Voice_Group\0007.wav,Chinese/ZH-Tenor-1/Mixed_Voice_and_Falsetto/江南/Mixed_Voice_Group/0007.wav,Chinese,ZH-Tenor-1,江南,Mixed_Voice_Group,1,0,0,0,1,0,1,clear_mix,100010,positive_mix,0.330708,cpu
Chinese#ZH-Tenor-1#Mixed_Voice_and_Falsetto#江南#Mixed_Voice_Group#0008,D:\-MindEcho-main\ml_dl_models\gtsinger_multitech\dataset\raw\Chinese\ZH-Tenor-1\Mixed_Voice_and_Falsetto\江南\Mixed_Voice_Group\0008.wav,Chinese/ZH-Tenor-1/Mixed_Voice_and_Falsetto/江南/Mixed_Voice_Group/0008.wav,Chinese,ZH-Tenor-1,江南,Mixed_Voice_Group,1,0,0,0,0,0,1,clear_mix,100000,positive_mix,0.469642,cpu
Chinese#ZH-Tenor-1#Mixed_Voice_and_Falsetto#江南#Mixed_Voice_Group#0009,D:\-MindEcho-main\ml_dl_models\gtsinger_multitech\dataset\raw\Chinese\ZH-Tenor-1\Mixed_Voice_and_Falsetto\江南\Mixed_Voice_Group\0009.wav,Chinese/ZH-Tenor-1/Mixed_Voice_and_Falsetto/江南/Mixed_Voice_Group/0009.wav,Chinese,ZH-Tenor-1,江南,Mixed_Voice_Group,1,0,0,0,1,0,1,clear_mix,100010,positive_mix,0.807635,cpu
Chinese#ZH-Tenor-1#Mixed_Voice_and_Falsetto#演员#Mixed_Voice_Group#0001,D:\-MindEcho-main\ml_dl_models\gtsinger_multitech\dataset\raw\Chinese\ZH-Tenor-1\Mixed_Voice_and_Falsetto\演员\Mixed_Voice_Group\0001.wav,Chinese/ZH-Tenor-1/Mixed_Voice_and_Falsetto/演员/Mixed_Voice_Group/0001.wav,Chinese,ZH-Tenor-1,演员,Mixed_Voice_Group,1,0,0,0,1,0,1,clear_mix,100010,positive_mix,0.746497,cpu
Chinese#ZH-Tenor-1#Mixed_Voice_and_Falsetto#演员#Mixed_Voice_Group#0002,D:\-MindEcho-main\ml_dl_models\gtsinger_multitech\dataset\raw\Chinese\ZH-Tenor-1\Mixed_Voice_and_Falsetto\演员\Mixed_Voice_Group\0002.wav,Chinese/ZH-Tenor-1/Mixed_Voice_and_Falsetto/演员/Mixed_Voice_Group/0002.wav,Chinese,ZH-Tenor-1,演员,Mixed_Voice_Group,1,0,0,0,1,0,1,clear_mix,100010,positive_mix,0.578388,cpu
Chinese#ZH-Tenor-1#Mixed_Voice_and_Falsetto#演员#Mixed_Voice_Group#0003,D:\-MindEcho-main\ml_dl_models\gtsinger_multitech\dataset\raw\Chinese\ZH-Tenor-1\Mixed_Voice_and_Falsetto\演员\Mixed_Voice_Group\0003.wav,Chinese/ZH-Tenor-1/Mixed_Voice_and_Falsetto/演员/Mixed_Voice_Group/0003.wav,Chinese,ZH-Tenor-1,演员,Mixed_Voice_Group,1,0,0,0,1,0,1,clear_mix,100010,positive_mix,0.777042,cpu
Chinese#ZH-Tenor-1#Mixed_Voice_and_Falsetto#演员#Mixed_Voice_Group#0004,D:\-MindEcho-main\ml_dl_models\gtsinger_multitech\dataset\raw\Chinese\ZH-Tenor-1\Mixed_Voice_and_Falsetto\演员\Mixed_Voice_Group\0004.wav,Chinese/ZH-Tenor-1/Mixed_Voice_and_Falsetto/演员/Mixed_Voice_Group/0004.wav,Chinese,ZH-Tenor-1,演员,Mixed_Voice_Group,1,0,0,0,1,0,1,clear_mix,100010,positive_mix,0.541818,cpu
Chinese#ZH-Tenor-1#Mixed_Voice_and_Falsetto#演员#Mixed_Voice_Group#0005,D:\-MindEcho-main\ml_dl_models\gtsinger_multitech\dataset\raw\Chinese\ZH-Tenor-1\Mixed_Voice_and_Falsetto\演员\Mixed_Voice_Group\0005.wav,Chinese/ZH-Tenor-1/Mixed_Voice_and_Falsetto/演员/Mixed_Voice_Group/0005.wav,Chinese,ZH-Tenor-1,演员,Mixed_Voice_Group,1,0,0,0,1,0,1,clear_mix,100010,positive_mix,0.567572,cpu
Chinese#ZH-Tenor-1#Mixed_Voice_and_Falsetto#演员#Mixed_Voice_Group#0007,D:\-MindEcho-main\ml_dl_models\gtsinger_multitech\dataset\raw\Chinese\ZH-Tenor-1\Mixed_Voice_and_Falsetto\演员\Mixed_Voice_Group\0007.wav,Chinese/ZH-Tenor-1/Mixed_Voice_and_Falsetto/演员/Mixed_Voice_Group/0007.wav,Chinese,ZH-Tenor-1,演员,Mixed_Voice_Group,1,0,0,0,1,0,1,clear_mix,100010,positive_mix,0.848476,cpu
Chinese#ZH-Tenor-1#Mixed_Voice_and_Falsetto#演员#Mixed_Voice_Group#0008,D:\-MindEcho-main\ml_dl_models\gtsinger_multitech\dataset\raw\Chinese\ZH-Tenor-1\Mixed_Voice_and_Falsetto\演员\Mixed_Voice_Group\0008.wav,Chinese/ZH-Tenor-1/Mixed_Voice_and_Falsetto/演员/Mixed_Voice_Group/0008.wav,Chinese,ZH-Tenor-1,演员,Mixed_Voice_Group,1,0,0,0,0,0,1,clear_mix,100000,positive_mix,0.912212,cpu
Chinese#ZH-Tenor-1#Mixed_Voice_and_Falsetto#演员#Mixed_Voice_Group#0010,D:\-MindEcho-main\ml_dl_models\gtsinger_multitech\dataset\raw\Chinese\ZH-Tenor-1\Mixed_Voice_and_Falsetto\演员\Mixed_Voice_Group\0010.wav,Chinese/ZH-Tenor-1/Mixed_Voice_and_Falsetto/演员/Mixed_Voice_Group/0010.wav,Chinese,ZH-Tenor-1,演员,Mixed_Voice_Group,1,0,0,0,1,0,1,clear_mix,100010,positive_mix,0.910108,cpu
Chinese#ZH-Tenor-1#Mixed_Voice_and_Falsetto#演员#Mixed_Voice_Group#0011,D:\-MindEcho-main\ml_dl_models\gtsinger_multitech\dataset\raw\Chinese\ZH-Tenor-1\Mixed_Voice_and_Falsetto\演员\Mixed_Voice_Group\0011.wav,Chinese/ZH-Tenor-1/Mixed_Voice_and_Falsetto/演员/Mixed_Voice_Group/0011.wav,Chinese,ZH-Tenor-1,演员,Mixed_Voice_Group,1,0,0,0,1,0,1,clear_mix,100010,positive_mix,0.905672,cpu
Chinese#ZH-Tenor-1#Mixed_Voice_and_Falsetto#演员#Mixed_Voice_Group#0012,D:\-MindEcho-main\ml_dl_models\gtsinger_multitech\dataset\raw\Chinese\ZH-Tenor-1\Mixed_Voice_and_Falsetto\演员\Mixed_Voice_Group\0012.wav,Chinese/ZH-Tenor-1/Mixed_Voice_and_Falsetto/演员/Mixed_Voice_Group/0012.wav,Chinese,ZH-Tenor-1,演员,Mixed_Voice_Group,1,0,0,0,1,0,1,clear_mix,100010,positive_mix,0.666125,cpu
Chinese#ZH-Tenor-1#Mixed_Voice_and_Falsetto#演员#Mixed_Voice_Group#0013,D:\-MindEcho-main\ml_dl_models\gtsinger_multitech\dataset\raw\Chinese\ZH-Tenor-1\Mixed_Voice_and_Falsetto\演员\Mixed_Voice_Group\0013.wav,Chinese/ZH-Tenor-1/Mixed_Voice_and_Falsetto/演员/Mixed_Voice_Group/0013.wav,Chinese,ZH-Tenor-1,演员,Mixed_Voice_Group,1,0,0,0,1,0,1,clear_mix,100010,positive_mix,0.757978,cpu
Chinese#ZH-Tenor-1#Mixed_Voice_and_Falsetto#演员#Mixed_Voice_Group#0015,D:\-MindEcho-main\ml_dl_models\gtsinger_multitech\dataset\raw\Chinese\ZH-Tenor-1\Mixed_Voice_and_Falsetto\演员\Mixed_Voice_Group\0015.wav,Chinese/ZH-Tenor-1/Mixed_Voice_and_Falsetto/演员/Mixed_Voice_Group/0015.wav,Chinese,ZH-Tenor-1,演员,Mixed_Voice_Group,1,0,0,0,1,0,1,clear_mix,100010,positive_mix,0.652821,cpu
Chinese#ZH-Tenor-1#Mixed_Voice_and_Falsetto#终于等到你#Mixed_Voice_Group#0000,D:\-MindEcho-main\ml_dl_models\gtsinger_multitech\dataset\raw\Chinese\ZH-Tenor-1\Mixed_Voice_and_Falsetto\终于等到你\Mixed_Voice_Group\0000.wav,Chinese/ZH-Tenor-1/Mixed_Voice_and_Falsetto/终于等到你/Mixed_Voice_Group/0000.wav,Chinese,ZH-Tenor-1,终于等到你,Mixed_Voice_Group,1,0,0,0,1,0,1,clear_mix,100010,positive_mix,0.829629,cpu
Chinese#ZH-Tenor-1#Mixed_Voice_and_Falsetto#终于等到你#Mixed_Voice_Group#0001,D:\-MindEcho-main\ml_dl_models\gtsinger_multitech\dataset\raw\Chinese\ZH-Tenor-1\Mixed_Voice_and_Falsetto\终于等到你\Mixed_Voice_Group\0001.wav,Chinese/ZH-Tenor-1/Mixed_Voice_and_Falsetto/终于等到你/Mixed_Voice_Group/0001.wav,Chinese,ZH-Tenor-1,终于等到你,Mixed_Voice_Group,1,0,0,0,1,0,1,clear_mix,100010,positive_mix,0.548723,cpu
Chinese#ZH-Tenor-1#Mixed_Voice_and_Falsetto#终于等到你#Mixed_Voice_Group#0002,D:\-MindEcho-main\ml_dl_models\gtsinger_multitech\dataset\raw\Chinese\ZH-Tenor-1\Mixed_Voice_and_Falsetto\终于等到你\Mixed_Voice_Group\0002.wav,Chinese/ZH-Tenor-1/Mixed_Voice_and_Falsetto/终于等到你/Mixed_Voice_Group/0002.wav,Chinese,ZH-Tenor-1,终于等到你,Mixed_Voice_Group,1,0,0,0,1,0,1,clear_mix,100010,positive_mix,0.978105,cpu
Chinese#ZH-Tenor-1#Mixed_Voice_and_Falsetto#终于等到你#Mixed_Voice_Group#0003,D:\-MindEcho-main\ml_dl_models\gtsinger_multitech\dataset\raw\Chinese\ZH-Tenor-1\Mixed_Voice_and_Falsetto\终于等到你\Mixed_Voice_Group\0003.wav,Chinese/ZH-Tenor-1/Mixed_Voice_and_Falsetto/终于等到你/Mixed_Voice_Group/0003.wav,Chinese,ZH-Tenor-1,终于等到你,Mixed_Voice_Group,1,0,0,0,1,0,1,clear_mix,100010,positive_mix,0.844664,cpu
Chinese#ZH-Tenor-1#Mixed_Voice_and_Falsetto#终于等到你#Mixed_Voice_Group#0004,D:\-MindEcho-main\ml_dl_models\gtsinger_multitech\dataset\raw\Chinese\ZH-Tenor-1\Mixed_Voice_and_Falsetto\终于等到你\Mixed_Voice_Group\0004.wav,Chinese/ZH-Tenor-1/Mixed_Voice_and_Falsetto/终于等到你/Mixed_Voice_Group/0004.wav,Chinese,ZH-Tenor-1,终于等到你,Mixed_Voice_Group,1,0,0,0,1,0,1,clear_mix,100010,positive_mix,0.628787,cpu
Chinese#ZH-Tenor-1#Mixed_Voice_and_Falsetto#终于等到你#Mixed_Voice_Group#0005,D:\-MindEcho-main\ml_dl_models\gtsinger_multitech\dataset\raw\Chinese\ZH-Tenor-1\Mixed_Voice_and_Falsetto\终于等到你\Mixed_Voice_Group\0005.wav,Chinese/ZH-Tenor-1/Mixed_Voice_and_Falsetto/终于等到你/Mixed_Voice_Group/0005.wav,Chinese,ZH-Tenor-1,终于等到你,Mixed_Voice_Group,1,0,0,0,1,0,1,clear_mix,100010,positive_mix,0.781076,cpu
Chinese#ZH-Tenor-1#Mixed_Voice_and_Falsetto#终于等到你#Mixed_Voice_Group#0006,D:\-MindEcho-main\ml_dl_models\gtsinger_multitech\dataset\raw\Chinese\ZH-Tenor-1\Mixed_Voice_and_Falsetto\终于等到你\Mixed_Voice_Group\0006.wav,Chinese/ZH-Tenor-1/Mixed_Voice_and_Falsetto/终于等到你/Mixed_Voice_Group/0006.wav,Chinese,ZH-Tenor-1,终于等到你,Mixed_Voice_Group,1,0,0,0,1,0,1,clear_mix,100010,positive_mix,0.470661,cpu
Chinese#ZH-Tenor-1#Mixed_Voice_and_Falsetto#终于等到你#Mixed_Voice_Group#0008,D:\-MindEcho-main\ml_dl_models\gtsinger_multitech\dataset\raw\Chinese\ZH-Tenor-1\Mixed_Voice_and_Falsetto\终于等到你\Mixed_Voice_Group\0008.wav,Chinese/ZH-Tenor-1/Mixed_Voice_and_Falsetto/终于等到你/Mixed_Voice_Group/0008.wav,Chinese,ZH-Tenor-1,终于等到你,Mixed_Voice_Group,1,0,0,0,1,0,1,clear_mix,100010,positive_mix,0.889608,cpu
Chinese#ZH-Tenor-1#Mixed_Voice_and_Falsetto#终于等到你#Mixed_Voice_Group#0009,D:\-MindEcho-main\ml_dl_models\gtsinger_multitech\dataset\raw\Chinese\ZH-Tenor-1\Mixed_Voice_and_Falsetto\终于等到你\Mixed_Voice_Group\0009.wav,Chinese/ZH-Tenor-1/Mixed_Voice_and_Falsetto/终于等到你/Mixed_Voice_Group/0009.wav,Chinese,ZH-Tenor-1,终于等到你,Mixed_Voice_Group,1,0,0,0,1,0,1,clear_mix,100010,positive_mix,0.334320,cpu
Chinese#ZH-Tenor-1#Mixed_Voice_and_Falsetto#终于等到你#Mixed_Voice_Group#0010,D:\-MindEcho-main\ml_dl_models\gtsinger_multitech\dataset\raw\Chinese\ZH-Tenor-1\Mixed_Voice_and_Falsetto\终于等到你\Mixed_Voice_Group\0010.wav,Chinese/ZH-Tenor-1/Mixed_Voice_and_Falsetto/终于等到你/Mixed_Voice_Group/0010.wav,Chinese,ZH-Tenor-1,终于等到你,Mixed_Voice_Group,1,0,0,0,1,0,1,clear_mix,100010,positive_mix,0.978632,cpu
Chinese#ZH-Tenor-1#Mixed_Voice_and_Falsetto#终于等到你#Mixed_Voice_Group#0011,D:\-MindEcho-main\ml_dl_models\gtsinger_multitech\dataset\raw\Chinese\ZH-Tenor-1\Mixed_Voice_and_Falsetto\终于等到你\Mixed_Voice_Group\0011.wav,Chinese/ZH-Tenor-1/Mixed_Voice_and_Falsetto/终于等到你/Mixed_Voice_Group/0011.wav,Chinese,ZH-Tenor-1,终于等到你,Mixed_Voice_Group,1,0,0,0,1,0,1,clear_mix,100010,positive_mix,0.765975,cpu
Chinese#ZH-Tenor-1#Mixed_Voice_and_Falsetto#终于等到你#Mixed_Voice_Group#0012,D:\-MindEcho-main\ml_dl_models\gtsinger_multitech\dataset\raw\Chinese\ZH-Tenor-1\Mixed_Voice_and_Falsetto\终于等到你\Mixed_Voice_Group\0012.wav,Chinese/ZH-Tenor-1/Mixed_Voice_and_Falsetto/终于等到你/Mixed_Voice_Group/0012.wav,Chinese,ZH-Tenor-1,终于等到你,Mixed_Voice_Group,1,0,0,0,1,0,1,clear_mix,100010,positive_mix,0.869044,cpu
Chinese#ZH-Tenor-1#Mixed_Voice_and_Falsetto#终于等到你#Mixed_Voice_Group#0013,D:\-MindEcho-main\ml_dl_models\gtsinger_multitech\dataset\raw\Chinese\ZH-Tenor-1\Mixed_Voice_and_Falsetto\终于等到你\Mixed_Voice_Group\0013.wav,Chinese/ZH-Tenor-1/Mixed_Voice_and_Falsetto/终于等到你/Mixed_Voice_Group/0013.wav,Chinese,ZH-Tenor-1,终于等到你,Mixed_Voice_Group,1,0,0,0,1,0,1,clear_mix,100010,positive_mix,0.836320,cpu
Chinese#ZH-Tenor-1#Mixed_Voice_and_Falsetto#终于等到你#Mixed_Voice_Group#0014,D:\-MindEcho-main\ml_dl_models\gtsinger_multitech\dataset\raw\Chinese\ZH-Tenor-1\Mixed_Voice_and_Falsetto\终于等到你\Mixed_Voice_Group\0014.wav,Chinese/ZH-Tenor-1/Mixed_Voice_and_Falsetto/终于等到你/Mixed_Voice_Group/0014.wav,Chinese,ZH-Tenor-1,终于等到你,Mixed_Voice_Group,1,0,0,0,1,0,1,clear_mix,100010,positive_mix,0.521302,cpu
Chinese#ZH-Tenor-1#Mixed_Voice_and_Falsetto#终于等到你#Mixed_Voice_Group#0015,D:\-MindEcho-main\ml_dl_models\gtsinger_multitech\dataset\raw\Chinese\ZH-Tenor-1\Mixed_Voice_and_Falsetto\终于等到你\Mixed_Voice_Group\0015.wav,Chinese/ZH-Tenor-1/Mixed_Voice_and_Falsetto/终于等到你/Mixed_Voice_Group/0015.wav,Chinese,ZH-Tenor-1,终于等到你,Mixed_Voice_Group,1,0,0,0,1,0,1,clear_mix,100010,positive_mix,0.611511,cpu
Chinese#ZH-Tenor-1#Mixed_Voice_and_Falsetto#终于等到你#Mixed_Voice_Group#0016,D:\-MindEcho-main\ml_dl_models\gtsinger_multitech\dataset\raw\Chinese\ZH-Tenor-1\Mixed_Voice_and_Falsetto\终于等到你\Mixed_Voice_Group\0016.wav,Chinese/ZH-Tenor-1/Mixed_Voice_and_Falsetto/终于等到你/Mixed_Voice_Group/0016.wav,Chinese,ZH-Tenor-1,终于等到你,Mixed_Voice_Group,1,0,0,0,1,0,1,clear_mix,100010,positive_mix,0.458428,cpu
Chinese#ZH-Tenor-1#Mixed_Voice_and_Falsetto#终于等到你#Mixed_Voice_Group#0017,D:\-MindEcho-main\ml_dl_models\gtsinger_multitech\dataset\raw\Chinese\ZH-Tenor-1\Mixed_Voice_and_Falsetto\终于等到你\Mixed_Voice_Group\0017.wav,Chinese/ZH-Tenor-1/Mixed_Voice_and_Falsetto/终于等到你/Mixed_Voice_Group/0017.wav,Chinese,ZH-Tenor-1,终于等到你,Mixed_Voice_Group,1,0,0,0,1,0,1,clear_mix,100010,positive_mix,0.675662,cpu
Chinese#ZH-Tenor-1#Mixed_Voice_and_Falsetto#终于等到你#Mixed_Voice_Group#0018,D:\-MindEcho-main\ml_dl_models\gtsinger_multitech\dataset\raw\Chinese\ZH-Tenor-1\Mixed_Voice_and_Falsetto\终于等到你\Mixed_Voice_Group\0018.wav,Chinese/ZH-Tenor-1/Mixed_Voice_and_Falsetto/终于等到你/Mixed_Voice_Group/0018.wav,Chinese,ZH-Tenor-1,终于等到你,Mixed_Voice_Group,1,0,0,0,1,0,1,clear_mix,100010,positive_mix,0.263570,cpu
Chinese#ZH-Tenor-1#Mixed_Voice_and_Falsetto#终于等到你#Mixed_Voice_Group#0019,D:\-MindEcho-main\ml_dl_models\gtsinger_multitech\dataset\raw\Chinese\ZH-Tenor-1\Mixed_Voice_and_Falsetto\终于等到你\Mixed_Voice_Group\0019.wav,Chinese/ZH-Tenor-1/Mixed_Voice_and_Falsetto/终于等到你/Mixed_Voice_Group/0019.wav,Chinese,ZH-Tenor-1,终于等到你,Mixed_Voice_Group,1,0,0,0,1,0,1,clear_mix,100010,positive_mix,0.709919,cpu
Chinese#ZH-Tenor-1#Mixed_Voice_and_Falsetto#老男孩#Mixed_Voice_Group#0000,D:\-MindEcho-main\ml_dl_models\gtsinger_multitech\dataset\raw\Chinese\ZH-Tenor-1\Mixed_Voice_and_Falsetto\老男孩\Mixed_Voice_Group\0000.wav,Chinese/ZH-Tenor-1/Mixed_Voice_and_Falsetto/老男孩/Mixed_Voice_Group/0000.wav,Chinese,ZH-Tenor-1,老男孩,Mixed_Voice_Group,1,0,0,0,1,0,1,clear_mix,100010,positive_mix,0.953454,cpu
Chinese#ZH-Tenor-1#Mixed_Voice_and_Falsetto#老男孩#Mixed_Voice_Group#0001,D:\-MindEcho-main\ml_dl_models\gtsinger_multitech\dataset\raw\Chinese\ZH-Tenor-1\Mixed_Voice_and_Falsetto\老男孩\Mixed_Voice_Group\0001.wav,Chinese/ZH-Tenor-1/Mixed_Voice_and_Falsetto/老男孩/Mixed_Voice_Group/0001.wav,Chinese,ZH-Tenor-1,老男孩,Mixed_Voice_Group,1,0,0,0,1,0,1,clear_mix,100010,positive_mix,0.956085,cpu
Chinese#ZH-Tenor-1#Mixed_Voice_and_Falsetto#老男孩#Mixed_Voice_Group#0002,D:\-MindEcho-main\ml_dl_models\gtsinger_multitech\dataset\raw\Chinese\ZH-Tenor-1\Mixed_Voice_and_Falsetto\老男孩\Mixed_Voice_Group\0002.wav,Chinese/ZH-Tenor-1/Mixed_Voice_and_Falsetto/老男孩/Mixed_Voice_Group/0002.wav,Chinese,ZH-Tenor-1,老男孩,Mixed_Voice_Group,1,0,0,0,1,0,1,clear_mix,100010,positive_mix,0.779936,cpu
Chinese#ZH-Tenor-1#Mixed_Voice_and_Falsetto#老男孩#Mixed_Voice_Group#0003,D:\-MindEcho-main\ml_dl_models\gtsinger_multitech\dataset\raw\Chinese\ZH-Tenor-1\Mixed_Voice_and_Falsetto\老男孩\Mixed_Voice_Group\0003.wav,Chinese/ZH-Tenor-1/Mixed_Voice_and_Falsetto/老男孩/Mixed_Voice_Group/0003.wav,Chinese,ZH-Tenor-1,老男孩,Mixed_Voice_Group,1,0,0,0,1,0,1,clear_mix,100010,positive_mix,0.883484,cpu
Chinese#ZH-Tenor-1#Mixed_Voice_and_Falsetto#老男孩#Mixed_Voice_Group#0004,D:\-MindEcho-main\ml_dl_models\gtsinger_multitech\dataset\raw\Chinese\ZH-Tenor-1\Mixed_Voice_and_Falsetto\老男孩\Mixed_Voice_Group\0004.wav,Chinese/ZH-Tenor-1/Mixed_Voice_and_Falsetto/老男孩/Mixed_Voice_Group/0004.wav,Chinese,ZH-Tenor-1,老男孩,Mixed_Voice_Group,1,0,0,0,1,0,1,clear_mix,100010,positive_mix,0.778705,cpu
Chinese#ZH-Tenor-1#Mixed_Voice_and_Falsetto#老男孩#Mixed_Voice_Group#0005,D:\-MindEcho-main\ml_dl_models\gtsinger_multitech\dataset\raw\Chinese\ZH-Tenor-1\Mixed_Voice_and_Falsetto\老男孩\Mixed_Voice_Group\0005.wav,Chinese/ZH-Tenor-1/Mixed_Voice_and_Falsetto/老男孩/Mixed_Voice_Group/0005.wav,Chinese,ZH-Tenor-1,老男孩,Mixed_Voice_Group,1,0,0,0,1,0,1,clear_mix,100010,positive_mix,0.948133,cpu
Chinese#ZH-Tenor-1#Mixed_Voice_and_Falsetto#老男孩#Mixed_Voice_Group#0006,D:\-MindEcho-main\ml_dl_models\gtsinger_multitech\dataset\raw\Chinese\ZH-Tenor-1\Mixed_Voice_and_Falsetto\老男孩\Mixed_Voice_Group\0006.wav,Chinese/ZH-Tenor-1/Mixed_Voice_and_Falsetto/老男孩/Mixed_Voice_Group/0006.wav,Chinese,ZH-Tenor-1,老男孩,Mixed_Voice_Group,1,0,0,0,1,0,1,clear_mix,100010,positive_mix,0.637726,cpu
Chinese#ZH-Tenor-1#Mixed_Voice_and_Falsetto#老男孩#Mixed_Voice_Group#0007,D:\-MindEcho-main\ml_dl_models\gtsinger_multitech\dataset\raw\Chinese\ZH-Tenor-1\Mixed_Voice_and_Falsetto\老男孩\Mixed_Voice_Group\0007.wav,Chinese/ZH-Tenor-1/Mixed_Voice_and_Falsetto/老男孩/Mixed_Voice_Group/0007.wav,Chinese,ZH-Tenor-1,老男孩,Mixed_Voice_Group,1,0,0,0,1,0,1,clear_mix,100010,positive_mix,0.911606,cpu
Chinese#ZH-Tenor-1#Mixed_Voice_and_Falsetto#老男孩#Mixed_Voice_Group#0008,D:\-MindEcho-main\ml_dl_models\gtsinger_multitech\dataset\raw\Chinese\ZH-Tenor-1\Mixed_Voice_and_Falsetto\老男孩\Mixed_Voice_Group\0008.wav,Chinese/ZH-Tenor-1/Mixed_Voice_and_Falsetto/老男孩/Mixed_Voice_Group/0008.wav,Chinese,ZH-Tenor-1,老男孩,Mixed_Voice_Group,1,0,0,0,1,0,1,clear_mix,100010,positive_mix,0.867848,cpu
Chinese#ZH-Tenor-1#Mixed_Voice_and_Falsetto#老男孩#Mixed_Voice_Group#0009,D:\-MindEcho-main\ml_dl_models\gtsinger_multitech\dataset\raw\Chinese\ZH-Tenor-1\Mixed_Voice_and_Falsetto\老男孩\Mixed_Voice_Group\0009.wav,Chinese/ZH-Tenor-1/Mixed_Voice_and_Falsetto/老男孩/Mixed_Voice_Group/0009.wav,Chinese,ZH-Tenor-1,老男孩,Mixed_Voice_Group,1,0,0,0,1,0,1,clear_mix,100010,positive_mix,0.866935,cpu
Chinese#ZH-Tenor-1#Mixed_Voice_and_Falsetto#老男孩#Mixed_Voice_Group#0010,D:\-MindEcho-main\ml_dl_models\gtsinger_multitech\dataset\raw\Chinese\ZH-Tenor-1\Mixed_Voice_and_Falsetto\老男孩\Mixed_Voice_Group\0010.wav,Chinese/ZH-Tenor-1/Mixed_Voice_and_Falsetto/老男孩/Mixed_Voice_Group/0010.wav,Chinese,ZH-Tenor-1,老男孩,Mixed_Voice_Group,1,0,0,0,1,0,1,clear_mix,100010,positive_mix,0.797749,cpu
Chinese#ZH-Tenor-1#Mixed_Voice_and_Falsetto#老男孩#Mixed_Voice_Group#0012,D:\-MindEcho-main\ml_dl_models\gtsinger_multitech\dataset\raw\Chinese\ZH-Tenor-1\Mixed_Voice_and_Falsetto\老男孩\Mixed_Voice_Group\0012.wav,Chinese/ZH-Tenor-1/Mixed_Voice_and_Falsetto/老男孩/Mixed_Voice_Group/0012.wav,Chinese,ZH-Tenor-1,老男孩,Mixed_Voice_Group,1,0,0,0,1,0,1,clear_mix,100010,positive_mix,0.782839,cpu
Chinese#ZH-Tenor-1#Mixed_Voice_and_Falsetto#老男孩#Mixed_Voice_Group#0014,D:\-MindEcho-main\ml_dl_models\gtsinger_multitech\dataset\raw\Chinese\ZH-Tenor-1\Mixed_Voice_and_Falsetto\老男孩\Mixed_Voice_Group\0014.wav,Chinese/ZH-Tenor-1/Mixed_Voice_and_Falsetto/老男孩/Mixed_Voice_Group/0014.wav,Chinese,ZH-Tenor-1,老男孩,Mixed_Voice_Group,1,0,0,0,1,0,1,clear_mix,100010,positive_mix,0.943243,cpu
Chinese#ZH-Tenor-1#Mixed_Voice_and_Falsetto#老男孩#Mixed_Voice_Group#0015,D:\-MindEcho-main\ml_dl_models\gtsinger_multitech\dataset\raw\Chinese\ZH-Tenor-1\Mixed_Voice_and_Falsetto\老男孩\Mixed_Voice_Group\0015.wav,Chinese/ZH-Tenor-1/Mixed_Voice_and_Falsetto/老男孩/Mixed_Voice_Group/0015.wav,Chinese,ZH-Tenor-1,老男孩,Mixed_Voice_Group,1,0,0,0,1,0,1,clear_mix,100010,positive_mix,0.786243,cpu
Chinese#ZH-Tenor-1#Mixed_Voice_and_Falsetto#老男孩#Mixed_Voice_Group#0017,D:\-MindEcho-main\ml_dl_models\gtsinger_multitech\dataset\raw\Chinese\ZH-Tenor-1\Mixed_Voice_and_Falsetto\老男孩\Mixed_Voice_Group\0017.wav,Chinese/ZH-Tenor-1/Mixed_Voice_and_Falsetto/老男孩/Mixed_Voice_Group/0017.wav,Chinese,ZH-Tenor-1,老男孩,Mixed_Voice_Group,1,0,0,0,1,0,1,clear_mix,100010,positive_mix,0.765158,cpu
Chinese#ZH-Tenor-1#Mixed_Voice_and_Falsetto#老男孩#Mixed_Voice_Group#0018,D:\-MindEcho-main\ml_dl_models\gtsinger_multitech\dataset\raw\Chinese\ZH-Tenor-1\Mixed_Voice_and_Falsetto\老男孩\Mixed_Voice_Group\0018.wav,Chinese/ZH-Tenor-1/Mixed_Voice_and_Falsetto/老男孩/Mixed_Voice_Group/0018.wav,Chinese,ZH-Tenor-1,老男孩,Mixed_Voice_Group,1,0,0,0,1,0,1,clear_mix,100010,positive_mix,0.564581,cpu
Chinese#ZH-Tenor-1#Mixed_Voice_and_Falsetto#老男孩#Mixed_Voice_Group#0020,D:\-MindEcho-main\ml_dl_models\gtsinger_multitech\dataset\raw\Chinese\ZH-Tenor-1\Mixed_Voice_and_Falsetto\老男孩\Mixed_Voice_Group\0020.wav,Chinese/ZH-Tenor-1/Mixed_Voice_and_Falsetto/老男孩/Mixed_Voice_Group/0020.wav,Chinese,ZH-Tenor-1,老男孩,Mixed_Voice_Group,1,0,0,0,1,0,1,clear_mix,100010,positive_mix,0.770158,cpu
Chinese#ZH-Tenor-1#Mixed_Voice_and_Falsetto#老男孩#Mixed_Voice_Group#0021,D:\-MindEcho-main\ml_dl_models\gtsinger_multitech\dataset\raw\Chinese\ZH-Tenor-1\Mixed_Voice_and_Falsetto\老男孩\Mixed_Voice_Group\0021.wav,Chinese/ZH-Tenor-1/Mixed_Voice_and_Falsetto/老男孩/Mixed_Voice_Group/0021.wav,Chinese,ZH-Tenor-1,老男孩,Mixed_Voice_Group,1,0,0,0,1,0,1,clear_mix,100010,positive_mix,0.703059,cpu
Chinese#ZH-Tenor-1#Mixed_Voice_and_Falsetto#老男孩#Mixed_Voice_Group#0022,D:\-MindEcho-main\ml_dl_models\gtsinger_multitech\dataset\raw\Chinese\ZH-Tenor-1\Mixed_Voice_and_Falsetto\老男孩\Mixed_Voice_Group\0022.wav,Chinese/ZH-Tenor-1/Mixed_Voice_and_Falsetto/老男孩/Mixed_Voice_Group/0022.wav,Chinese,ZH-Tenor-1,老男孩,Mixed_Voice_Group,1,0,0,0,1,0,1,clear_mix,100010,positive_mix,0.670343,cpu
Chinese#ZH-Tenor-1#Mixed_Voice_and_Falsetto#菊花台#Mixed_Voice_Group#0000,D:\-MindEcho-main\ml_dl_models\gtsinger_multitech\dataset\raw\Chinese\ZH-Tenor-1\Mixed_Voice_and_Falsetto\菊花台\Mixed_Voice_Group\0000.wav,Chinese/ZH-Tenor-1/Mixed_Voice_and_Falsetto/菊花台/Mixed_Voice_Group/0000.wav,Chinese,ZH-Tenor-1,菊花台,Mixed_Voice_Group,1,0,0,0,1,0,1,clear_mix,100010,positive_mix,0.863847,cpu
Chinese#ZH-Tenor-1#Mixed_Voice_and_Falsetto#菊花台#Mixed_Voice_Group#0001,D:\-MindEcho-main\ml_dl_models\gtsinger_multitech\dataset\raw\Chinese\ZH-Tenor-1\Mixed_Voice_and_Falsetto\菊花台\Mixed_Voice_Group\0001.wav,Chinese/ZH-Tenor-1/Mixed_Voice_and_Falsetto/菊花台/Mixed_Voice_Group/0001.wav,Chinese,ZH-Tenor-1,菊花台,Mixed_Voice_Group,1,0,0,0,1,0,1,clear_mix,100010,positive_mix,0.618897,cpu
Chinese#ZH-Tenor-1#Mixed_Voice_and_Falsetto#菊花台#Mixed_Voice_Group#0003,D:\-MindEcho-main\ml_dl_models\gtsinger_multitech\dataset\raw\Chinese\ZH-Tenor-1\Mixed_Voice_and_Falsetto\菊花台\Mixed_Voice_Group\0003.wav,Chinese/ZH-Tenor-1/Mixed_Voice_and_Falsetto/菊花台/Mixed_Voice_Group/0003.wav,Chinese,ZH-Tenor-1,菊花台,Mixed_Voice_Group,1,0,0,0,1,0,1,clear_mix,100010,positive_mix,0.820151,cpu
Chinese#ZH-Tenor-1#Mixed_Voice_and_Falsetto#菊花台#Mixed_Voice_Group#0004,D:\-MindEcho-main\ml_dl_models\gtsinger_multitech\dataset\raw\Chinese\ZH-Tenor-1\Mixed_Voice_and_Falsetto\菊花台\Mixed_Voice_Group\0004.wav,Chinese/ZH-Tenor-1/Mixed_Voice_and_Falsetto/菊花台/Mixed_Voice_Group/0004.wav,Chinese,ZH-Tenor-1,菊花台,Mixed_Voice_Group,1,0,0,0,1,0,1,clear_mix,100010,positive_mix,0.900622,cpu
Chinese#ZH-Tenor-1#Mixed_Voice_and_Falsetto#菊花台#Mixed_Voice_Group#0005,D:\-MindEcho-main\ml_dl_models\gtsinger_multitech\dataset\raw\Chinese\ZH-Tenor-1\Mixed_Voice_and_Falsetto\菊花台\Mixed_Voice_Group\0005.wav,Chinese/ZH-Tenor-1/Mixed_Voice_and_Falsetto/菊花台/Mixed_Voice_Group/0005.wav,Chinese,ZH-Tenor-1,菊花台,Mixed_Voice_Group,1,0,0,0,1,0,1,clear_mix,100010,positive_mix,0.737818,cpu
Chinese#ZH-Tenor-1#Mixed_Voice_and_Falsetto#菊花台#Mixed_Voice_Group#0007,D:\-MindEcho-main\ml_dl_models\gtsinger_multitech\dataset\raw\Chinese\ZH-Tenor-1\Mixed_Voice_and_Falsetto\菊花台\Mixed_Voice_Group\0007.wav,Chinese/ZH-Tenor-1/Mixed_Voice_and_Falsetto/菊花台/Mixed_Voice_Group/0007.wav,Chinese,ZH-Tenor-1,菊花台,Mixed_Voice_Group,1,1,0,0,1,0,1,head_mix,110010,positive_mix,0.696793,cpu
Chinese#ZH-Tenor-1#Mixed_Voice_and_Falsetto#菊花台#Mixed_Voice_Group#0008,D:\-MindEcho-main\ml_dl_models\gtsinger_multitech\dataset\raw\Chinese\ZH-Tenor-1\Mixed_Voice_and_Falsetto\菊花台\Mixed_Voice_Group\0008.wav,Chinese/ZH-Tenor-1/Mixed_Voice_and_Falsetto/菊花台/Mixed_Voice_Group/0008.wav,Chinese,ZH-Tenor-1,菊花台,Mixed_Voice_Group,1,0,0,0,1,0,1,clear_mix,100010,positive_mix,0.918783,cpu
Chinese#ZH-Tenor-1#Mixed_Voice_and_Falsetto#菊花台#Mixed_Voice_Group#0010,D:\-MindEcho-main\ml_dl_models\gtsinger_multitech\dataset\raw\Chinese\ZH-Tenor-1\Mixed_Voice_and_Falsetto\菊花台\Mixed_Voice_Group\0010.wav,Chinese/ZH-Tenor-1/Mixed_Voice_and_Falsetto/菊花台/Mixed_Voice_Group/0010.wav,Chinese,ZH-Tenor-1,菊花台,Mixed_Voice_Group,1,0,0,0,1,0,1,clear_mix,100010,positive_mix,0.735660,cpu
Chinese#ZH-Tenor-1#Mixed_Voice_and_Falsetto#菊花台#Mixed_Voice_Group#0012,D:\-MindEcho-main\ml_dl_models\gtsinger_multitech\dataset\raw\Chinese\ZH-Tenor-1\Mixed_Voice_and_Falsetto\菊花台\Mixed_Voice_Group\0012.wav,Chinese/ZH-Tenor-1/Mixed_Voice_and_Falsetto/菊花台/Mixed_Voice_Group/0012.wav,Chinese,ZH-Tenor-1,菊花台,Mixed_Voice_Group,1,0,0,0,1,0,1,clear_mix,100010,positive_mix,0.592106,cpu
Chinese#ZH-Tenor-1#Mixed_Voice_and_Falsetto#菊花台#Mixed_Voice_Group#0013,D:\-MindEcho-main\ml_dl_models\gtsinger_multitech\dataset\raw\Chinese\ZH-Tenor-1\Mixed_Voice_and_Falsetto\菊花台\Mixed_Voice_Group\0013.wav,Chinese/ZH-Tenor-1/Mixed_Voice_and_Falsetto/菊花台/Mixed_Voice_Group/0013.wav,Chinese,ZH-Tenor-1,菊花台,Mixed_Voice_Group,1,0,0,0,1,0,1,clear_mix,100010,positive_mix,0.842135,cpu
Chinese#ZH-Tenor-1#Mixed_Voice_and_Falsetto#菊花台#Mixed_Voice_Group#0014,D:\-MindEcho-main\ml_dl_models\gtsinger_multitech\dataset\raw\Chinese\ZH-Tenor-1\Mixed_Voice_and_Falsetto\菊花台\Mixed_Voice_Group\0014.wav,Chinese/ZH-Tenor-1/Mixed_Voice_and_Falsetto/菊花台/Mixed_Voice_Group/0014.wav,Chinese,ZH-Tenor-1,菊花台,Mixed_Voice_Group,1,0,0,0,1,0,1,clear_mix,100010,positive_mix,0.776997,cpu
Chinese#ZH-Tenor-1#Mixed_Voice_and_Falsetto#菊花台#Mixed_Voice_Group#0015,D:\-MindEcho-main\ml_dl_models\gtsinger_multitech\dataset\raw\Chinese\ZH-Tenor-1\Mixed_Voice_and_Falsetto\菊花台\Mixed_Voice_Group\0015.wav,Chinese/ZH-Tenor-1/Mixed_Voice_and_Falsetto/菊花台/Mixed_Voice_Group/0015.wav,Chinese,ZH-Tenor-1,菊花台,Mixed_Voice_Group,1,0,0,0,1,0,1,clear_mix,100010,positive_mix,0.867043,cpu
Chinese#ZH-Tenor-1#Mixed_Voice_and_Falsetto#菊花台#Mixed_Voice_Group#0017,D:\-MindEcho-main\ml_dl_models\gtsinger_multitech\dataset\raw\Chinese\ZH-Tenor-1\Mixed_Voice_and_Falsetto\菊花台\Mixed_Voice_Group\0017.wav,Chinese/ZH-Tenor-1/Mixed_Voice_and_Falsetto/菊花台/Mixed_Voice_Group/0017.wav,Chinese,ZH-Tenor-1,菊花台,Mixed_Voice_Group,1,0,0,0,1,0,1,clear_mix,100010,positive_mix,0.976380,cpu
Chinese#ZH-Tenor-1#Mixed_Voice_and_Falsetto#菊花台#Mixed_Voice_Group#0018,D:\-MindEcho-main\ml_dl_models\gtsinger_multitech\dataset\raw\Chinese\ZH-Tenor-1\Mixed_Voice_and_Falsetto\菊花台\Mixed_Voice_Group\0018.wav,Chinese/ZH-Tenor-1/Mixed_Voice_and_Falsetto/菊花台/Mixed_Voice_Group/0018.wav,Chinese,ZH-Tenor-1,菊花台,Mixed_Voice_Group,1,1,0,0,1,0,1,head_mix,110010,positive_mix,0.577554,cpu
Chinese#ZH-Tenor-1#Mixed_Voice_and_Falsetto#菊花台#Mixed_Voice_Group#0019,D:\-MindEcho-main\ml_dl_models\gtsinger_multitech\dataset\raw\Chinese\ZH-Tenor-1\Mixed_Voice_and_Falsetto\菊花台\Mixed_Voice_Group\0019.wav,Chinese/ZH-Tenor-1/Mixed_Voice_and_Falsetto/菊花台/Mixed_Voice_Group/0019.wav,Chinese,ZH-Tenor-1,菊花台,Mixed_Voice_Group,1,1,0,0,1,0,1,head_mix,110010,positive_mix,0.946089,cpu
Chinese#ZH-Tenor-1#Mixed_Voice_and_Falsetto#菊花台#Mixed_Voice_Group#0020,D:\-MindEcho-main\ml_dl_models\gtsinger_multitech\dataset\raw\Chinese\ZH-Tenor-1\Mixed_Voice_and_Falsetto\菊花台\Mixed_Voice_Group\0020.wav,Chinese/ZH-Tenor-1/Mixed_Voice_and_Falsetto/菊花台/Mixed_Voice_Group/0020.wav,Chinese,ZH-Tenor-1,菊花台,Mixed_Voice_Group,1,0,0,0,1,0,1,clear_mix,100010,positive_mix,0.976137,cpu
Chinese#ZH-Tenor-1#Mixed_Voice_and_Falsetto#菊花台#Mixed_Voice_Group#0021,D:\-MindEcho-main\ml_dl_models\gtsinger_multitech\dataset\raw\Chinese\ZH-Tenor-1\Mixed_Voice_and_Falsetto\菊花台\Mixed_Voice_Group\0021.wav,Chinese/ZH-Tenor-1/Mixed_Voice_and_Falsetto/菊花台/Mixed_Voice_Group/0021.wav,Chinese,ZH-Tenor-1,菊花台,Mixed_Voice_Group,1,1,0,0,1,0,1,head_mix,110010,positive_mix,0.451249,cpu
Chinese#ZH-Tenor-1#Mixed_Voice_and_Falsetto#讲真的#Mixed_Voice_Group#0000,D:\-MindEcho-main\ml_dl_models\gtsinger_multitech\dataset\raw\Chinese\ZH-Tenor-1\Mixed_Voice_and_Falsetto\讲真的\Mixed_Voice_Group\0000.wav,Chinese/ZH-Tenor-1/Mixed_Voice_and_Falsetto/讲真的/Mixed_Voice_Group/0000.wav,Chinese,ZH-Tenor-1,讲真的,Mixed_Voice_Group,1,0,0,0,0,0,1,clear_mix,100000,positive_mix,0.875564,cpu
Chinese#ZH-Tenor-1#Mixed_Voice_and_Falsetto#讲真的#Mixed_Voice_Group#0001,D:\-MindEcho-main\ml_dl_models\gtsinger_multitech\dataset\raw\Chinese\ZH-Tenor-1\Mixed_Voice_and_Falsetto\讲真的\Mixed_Voice_Group\0001.wav,Chinese/ZH-Tenor-1/Mixed_Voice_and_Falsetto/讲真的/Mixed_Voice_Group/0001.wav,Chinese,ZH-Tenor-1,讲真的,Mixed_Voice_Group,1,0,0,0,1,0,1,clear_mix,100010,positive_mix,0.857718,cpu
Chinese#ZH-Tenor-1#Mixed_Voice_and_Falsetto#讲真的#Mixed_Voice_Group#0002,D:\-MindEcho-main\ml_dl_models\gtsinger_multitech\dataset\raw\Chinese\ZH-Tenor-1\Mixed_Voice_and_Falsetto\讲真的\Mixed_Voice_Group\0002.wav,Chinese/ZH-Tenor-1/Mixed_Voice_and_Falsetto/讲真的/Mixed_Voice_Group/0002.wav,Chinese,ZH-Tenor-1,讲真的,Mixed_Voice_Group,1,0,0,0,1,0,1,clear_mix,100010,positive_mix,0.930227,cpu
Chinese#ZH-Tenor-1#Mixed_Voice_and_Falsetto#讲真的#Mixed_Voice_Group#0003,D:\-MindEcho-main\ml_dl_models\gtsinger_multitech\dataset\raw\Chinese\ZH-Tenor-1\Mixed_Voice_and_Falsetto\讲真的\Mixed_Voice_Group\0003.wav,Chinese/ZH-Tenor-1/Mixed_Voice_and_Falsetto/讲真的/Mixed_Voice_Group/0003.wav,Chinese,ZH-Tenor-1,讲真的,Mixed_Voice_Group,1,0,0,0,1,0,1,clear_mix,100010,positive_mix,0.973446,cpu
Chinese#ZH-Tenor-1#Mixed_Voice_and_Falsetto#讲真的#Mixed_Voice_Group#0004,D:\-MindEcho-main\ml_dl_models\gtsinger_multitech\dataset\raw\Chinese\ZH-Tenor-1\Mixed_Voice_and_Falsetto\讲真的\Mixed_Voice_Group\0004.wav,Chinese/ZH-Tenor-1/Mixed_Voice_and_Falsetto/讲真的/Mixed_Voice_Group/0004.wav,Chinese,ZH-Tenor-1,讲真的,Mixed_Voice_Group,1,0,0,0,1,0,1,clear_mix,100010,positive_mix,0.901069,cpu
Chinese#ZH-Tenor-1#Mixed_Voice_and_Falsetto#讲真的#Mixed_Voice_Group#0005,D:\-MindEcho-main\ml_dl_models\gtsinger_multitech\dataset\raw\Chinese\ZH-Tenor-1\Mixed_Voice_and_Falsetto\讲真的\Mixed_Voice_Group\0005.wav,Chinese/ZH-Tenor-1/Mixed_Voice_and_Falsetto/讲真的/Mixed_Voice_Group/0005.wav,Chinese,ZH-Tenor-1,讲真的,Mixed_Voice_Group,1,0,0,0,1,0,1,clear_mix,100010,positive_mix,0.984495,cpu
Chinese#ZH-Tenor-1#Mixed_Voice_and_Falsetto#讲真的#Mixed_Voice_Group#0007,D:\-MindEcho-main\ml_dl_models\gtsinger_multitech\dataset\raw\Chinese\ZH-Tenor-1\Mixed_Voice_and_Falsetto\讲真的\Mixed_Voice_Group\0007.wav,Chinese/ZH-Tenor-1/Mixed_Voice_and_Falsetto/讲真的/Mixed_Voice_Group/0007.wav,Chinese,ZH-Tenor-1,讲真的,Mixed_Voice_Group,1,0,0,0,1,0,1,clear_mix,100010,positive_mix,0.952469,cpu
Chinese#ZH-Tenor-1#Mixed_Voice_and_Falsetto#讲真的#Mixed_Voice_Group#0008,D:\-MindEcho-main\ml_dl_models\gtsinger_multitech\dataset\raw\Chinese\ZH-Tenor-1\Mixed_Voice_and_Falsetto\讲真的\Mixed_Voice_Group\0008.wav,Chinese/ZH-Tenor-1/Mixed_Voice_and_Falsetto/讲真的/Mixed_Voice_Group/0008.wav,Chinese,ZH-Tenor-1,讲真的,Mixed_Voice_Group,1,0,0,0,1,0,1,clear_mix,100010,positive_mix,0.943843,cpu
Chinese#ZH-Tenor-1#Mixed_Voice_and_Falsetto#讲真的#Mixed_Voice_Group#0009,D:\-MindEcho-main\ml_dl_models\gtsinger_multitech\dataset\raw\Chinese\ZH-Tenor-1\Mixed_Voice_and_Falsetto\讲真的\Mixed_Voice_Group\0009.wav,Chinese/ZH-Tenor-1/Mixed_Voice_and_Falsetto/讲真的/Mixed_Voice_Group/0009.wav,Chinese,ZH-Tenor-1,讲真的,Mixed_Voice_Group,1,0,0,0,1,0,1,clear_mix,100010,positive_mix,0.922075,cpu
Chinese#ZH-Tenor-1#Mixed_Voice_and_Falsetto#讲真的#Mixed_Voice_Group#0010,D:\-MindEcho-main\ml_dl_models\gtsinger_multitech\dataset\raw\Chinese\ZH-Tenor-1\Mixed_Voice_and_Falsetto\讲真的\Mixed_Voice_Group\0010.wav,Chinese/ZH-Tenor-1/Mixed_Voice_and_Falsetto/讲真的/Mixed_Voice_Group/0010.wav,Chinese,ZH-Tenor-1,讲真的,Mixed_Voice_Group,1,0,0,0,1,0,1,clear_mix,100010,positive_mix,0.970504,cpu
Chinese#ZH-Tenor-1#Mixed_Voice_and_Falsetto#讲真的#Mixed_Voice_Group#0011,D:\-MindEcho-main\ml_dl_models\gtsinger_multitech\dataset\raw\Chinese\ZH-Tenor-1\Mixed_Voice_and_Falsetto\讲真的\Mixed_Voice_Group\0011.wav,Chinese/ZH-Tenor-1/Mixed_Voice_and_Falsetto/讲真的/Mixed_Voice_Group/0011.wav,Chinese,ZH-Tenor-1,讲真的,Mixed_Voice_Group,1,0,0,0,1,0,1,clear_mix,100010,positive_mix,0.975340,cpu
Chinese#ZH-Tenor-1#Mixed_Voice_and_Falsetto#讲真的#Mixed_Voice_Group#0012,D:\-MindEcho-main\ml_dl_models\gtsinger_multitech\dataset\raw\Chinese\ZH-Tenor-1\Mixed_Voice_and_Falsetto\讲真的\Mixed_Voice_Group\0012.wav,Chinese/ZH-Tenor-1/Mixed_Voice_and_Falsetto/讲真的/Mixed_Voice_Group/0012.wav,Chinese,ZH-Tenor-1,讲真的,Mixed_Voice_Group,1,0,0,0,1,0,1,clear_mix,100010,positive_mix,0.965195,cpu
Chinese#ZH-Tenor-1#Mixed_Voice_and_Falsetto#讲真的#Mixed_Voice_Group#0013,D:\-MindEcho-main\ml_dl_models\gtsinger_multitech\dataset\raw\Chinese\ZH-Tenor-1\Mixed_Voice_and_Falsetto\讲真的\Mixed_Voice_Group\0013.wav,Chinese/ZH-Tenor-1/Mixed_Voice_and_Falsetto/讲真的/Mixed_Voice_Group/0013.wav,Chinese,ZH-Tenor-1,讲真的,Mixed_Voice_Group,1,0,0,0,1,0,1,clear_mix,100010,positive_mix,0.967695,cpu
Chinese#ZH-Tenor-1#Mixed_Voice_and_Falsetto#讲真的#Mixed_Voice_Group#0015,D:\-MindEcho-main\ml_dl_models\gtsinger_multitech\dataset\raw\Chinese\ZH-Tenor-1\Mixed_Voice_and_Falsetto\讲真的\Mixed_Voice_Group\0015.wav,Chinese/ZH-Tenor-1/Mixed_Voice_and_Falsetto/讲真的/Mixed_Voice_Group/0015.wav,Chinese,ZH-Tenor-1,讲真的,Mixed_Voice_Group,1,0,0,0,1,0,1,clear_mix,100010,positive_mix,0.946230,cpu
Chinese#ZH-Tenor-1#Mixed_Voice_and_Falsetto#讲真的#Mixed_Voice_Group#0016,D:\-MindEcho-main\ml_dl_models\gtsinger_multitech\dataset\raw\Chinese\ZH-Tenor-1\Mixed_Voice_and_Falsetto\讲真的\Mixed_Voice_Group\0016.wav,Chinese/ZH-Tenor-1/Mixed_Voice_and_Falsetto/讲真的/Mixed_Voice_Group/0016.wav,Chinese,ZH-Tenor-1,讲真的,Mixed_Voice_Group,1,0,0,0,1,0,1,clear_mix,100010,positive_mix,0.987171,cpu
Chinese#ZH-Tenor-1#Mixed_Voice_and_Falsetto#讲真的#Mixed_Voice_Group#0017,D:\-MindEcho-main\ml_dl_models\gtsinger_multitech\dataset\raw\Chinese\ZH-Tenor-1\Mixed_Voice_and_Falsetto\讲真的\Mixed_Voice_Group\0017.wav,Chinese/ZH-Tenor-1/Mixed_Voice_and_Falsetto/讲真的/Mixed_Voice_Group/0017.wav,Chinese,ZH-Tenor-1,讲真的,Mixed_Voice_Group,1,0,0,0,1,0,1,clear_mix,100010,positive_mix,0.966394,cpu
Chinese#ZH-Tenor-1#Mixed_Voice_and_Falsetto#讲真的#Mixed_Voice_Group#0018,D:\-MindEcho-main\ml_dl_models\gtsinger_multitech\dataset\raw\Chinese\ZH-Tenor-1\Mixed_Voice_and_Falsetto\讲真的\Mixed_Voice_Group\0018.wav,Chinese/ZH-Tenor-1/Mixed_Voice_and_Falsetto/讲真的/Mixed_Voice_Group/0018.wav,Chinese,ZH-Tenor-1,讲真的,Mixed_Voice_Group,1,0,0,0,1,0,1,clear_mix,100010,positive_mix,0.971107,cpu
Chinese#ZH-Tenor-1#Mixed_Voice_and_Falsetto#讲真的#Mixed_Voice_Group#0019,D:\-MindEcho-main\ml_dl_models\gtsinger_multitech\dataset\raw\Chinese\ZH-Tenor-1\Mixed_Voice_and_Falsetto\讲真的\Mixed_Voice_Group\0019.wav,Chinese/ZH-Tenor-1/Mixed_Voice_and_Falsetto/讲真的/Mixed_Voice_Group/0019.wav,Chinese,ZH-Tenor-1,讲真的,Mixed_Voice_Group,1,0,0,0,1,0,1,clear_mix,100010,positive_mix,0.959431,cpu
Chinese#ZH-Tenor-1#Mixed_Voice_and_Falsetto#贝加尔湖畔#Mixed_Voice_Group#0000,D:\-MindEcho-main\ml_dl_models\gtsinger_multitech\dataset\raw\Chinese\ZH-Tenor-1\Mixed_Voice_and_Falsetto\贝加尔湖畔\Mixed_Voice_Group\0000.wav,Chinese/ZH-Tenor-1/Mixed_Voice_and_Falsetto/贝加尔湖畔/Mixed_Voice_Group/0000.wav,Chinese,ZH-Tenor-1,贝加尔湖畔,Mixed_Voice_Group,1,0,0,0,1,0,1,clear_mix,100010,positive_mix,0.511668,cpu
Chinese#ZH-Tenor-1#Mixed_Voice_and_Falsetto#贝加尔湖畔#Mixed_Voice_Group#0001,D:\-MindEcho-main\ml_dl_models\gtsinger_multitech\dataset\raw\Chinese\ZH-Tenor-1\Mixed_Voice_and_Falsetto\贝加尔湖畔\Mixed_Voice_Group\0001.wav,Chinese/ZH-Tenor-1/Mixed_Voice_and_Falsetto/贝加尔湖畔/Mixed_Voice_Group/0001.wav,Chinese,ZH-Tenor-1,贝加尔湖畔,Mixed_Voice_Group,1,0,0,0,1,0,1,clear_mix,100010,positive_mix,0.706574,cpu
Chinese#ZH-Tenor-1#Mixed_Voice_and_Falsetto#贝加尔湖畔#Mixed_Voice_Group#0002,D:\-MindEcho-main\ml_dl_models\gtsinger_multitech\dataset\raw\Chinese\ZH-Tenor-1\Mixed_Voice_and_Falsetto\贝加尔湖畔\Mixed_Voice_Group\0002.wav,Chinese/ZH-Tenor-1/Mixed_Voice_and_Falsetto/贝加尔湖畔/Mixed_Voice_Group/0002.wav,Chinese,ZH-Tenor-1,贝加尔湖畔,Mixed_Voice_Group,1,0,0,0,1,0,1,clear_mix,100010,positive_mix,0.461112,cpu
Chinese#ZH-Tenor-1#Mixed_Voice_and_Falsetto#贝加尔湖畔#Mixed_Voice_Group#0003,D:\-MindEcho-main\ml_dl_models\gtsinger_multitech\dataset\raw\Chinese\ZH-Tenor-1\Mixed_Voice_and_Falsetto\贝加尔湖畔\Mixed_Voice_Group\0003.wav,Chinese/ZH-Tenor-1/Mixed_Voice_and_Falsetto/贝加尔湖畔/Mixed_Voice_Group/0003.wav,Chinese,ZH-Tenor-1,贝加尔湖畔,Mixed_Voice_Group,1,0,0,0,1,0,1,clear_mix,100010,positive_mix,0.504411,cpu
Chinese#ZH-Tenor-1#Mixed_Voice_and_Falsetto#贝加尔湖畔#Mixed_Voice_Group#0004,D:\-MindEcho-main\ml_dl_models\gtsinger_multitech\dataset\raw\Chinese\ZH-Tenor-1\Mixed_Voice_and_Falsetto\贝加尔湖畔\Mixed_Voice_Group\0004.wav,Chinese/ZH-Tenor-1/Mixed_Voice_and_Falsetto/贝加尔湖畔/Mixed_Voice_Group/0004.wav,Chinese,ZH-Tenor-1,贝加尔湖畔,Mixed_Voice_Group,1,0,0,0,1,0,1,clear_mix,100010,positive_mix,0.789088,cpu
Chinese#ZH-Tenor-1#Mixed_Voice_and_Falsetto#贝加尔湖畔#Mixed_Voice_Group#0005,D:\-MindEcho-main\ml_dl_models\gtsinger_multitech\dataset\raw\Chinese\ZH-Tenor-1\Mixed_Voice_and_Falsetto\贝加尔湖畔\Mixed_Voice_Group\0005.wav,Chinese/ZH-Tenor-1/Mixed_Voice_and_Falsetto/贝加尔湖畔/Mixed_Voice_Group/0005.wav,Chinese,ZH-Tenor-1,贝加尔湖畔,Mixed_Voice_Group,1,0,0,0,1,0,1,clear_mix,100010,positive_mix,0.779277,cpu
Chinese#ZH-Tenor-1#Mixed_Voice_and_Falsetto#贝加尔湖畔#Mixed_Voice_Group#0006,D:\-MindEcho-main\ml_dl_models\gtsinger_multitech\dataset\raw\Chinese\ZH-Tenor-1\Mixed_Voice_and_Falsetto\贝加尔湖畔\Mixed_Voice_Group\0006.wav,Chinese/ZH-Tenor-1/Mixed_Voice_and_Falsetto/贝加尔湖畔/Mixed_Voice_Group/0006.wav,Chinese,ZH-Tenor-1,贝加尔湖畔,Mixed_Voice_Group,1,0,0,0,1,0,1,clear_mix,100010,positive_mix,0.530535,cpu
Chinese#ZH-Tenor-1#Mixed_Voice_and_Falsetto#贝加尔湖畔#Mixed_Voice_Group#0007,D:\-MindEcho-main\ml_dl_models\gtsinger_multitech\dataset\raw\Chinese\ZH-Tenor-1\Mixed_Voice_and_Falsetto\贝加尔湖畔\Mixed_Voice_Group\0007.wav,Chinese/ZH-Tenor-1/Mixed_Voice_and_Falsetto/贝加尔湖畔/Mixed_Voice_Group/0007.wav,Chinese,ZH-Tenor-1,贝加尔湖畔,Mixed_Voice_Group,1,1,0,0,1,0,1,head_mix,110010,positive_mix,0.686872,cpu
Chinese#ZH-Tenor-1#Mixed_Voice_and_Falsetto#走着走着就散了#Mixed_Voice_Group#0000,D:\-MindEcho-main\ml_dl_models\gtsinger_multitech\dataset\raw\Chinese\ZH-Tenor-1\Mixed_Voice_and_Falsetto\走着走着就散了\Mixed_Voice_Group\0000.wav,Chinese/ZH-Tenor-1/Mixed_Voice_and_Falsetto/走着走着就散了/Mixed_Voice_Group/0000.wav,Chinese,ZH-Tenor-1,走着走着就散了,Mixed_Voice_Group,1,0,0,0,1,0,1,clear_mix,100010,positive_mix,0.597639,cpu
Chinese#ZH-Tenor-1#Mixed_Voice_and_Falsetto#走着走着就散了#Mixed_Voice_Group#0001,D:\-MindEcho-main\ml_dl_models\gtsinger_multitech\dataset\raw\Chinese\ZH-Tenor-1\Mixed_Voice_and_Falsetto\走着走着就散了\Mixed_Voice_Group\0001.wav,Chinese/ZH-Tenor-1/Mixed_Voice_and_Falsetto/走着走着就散了/Mixed_Voice_Group/0001.wav,Chinese,ZH-Tenor-1,走着走着就散了,Mixed_Voice_Group,1,0,0,0,1,0,1,clear_mix,100010,positive_mix,0.813936,cpu
Chinese#ZH-Tenor-1#Mixed_Voice_and_Falsetto#走着走着就散了#Mixed_Voice_Group#0002,D:\-MindEcho-main\ml_dl_models\gtsinger_multitech\dataset\raw\Chinese\ZH-Tenor-1\Mixed_Voice_and_Falsetto\走着走着就散了\Mixed_Voice_Group\0002.wav,Chinese/ZH-Tenor-1/Mixed_Voice_and_Falsetto/走着走着就散了/Mixed_Voice_Group/0002.wav,Chinese,ZH-Tenor-1,走着走着就散了,Mixed_Voice_Group,1,0,0,0,1,0,1,clear_mix,100010,positive_mix,0.674072,cpu
Chinese#ZH-Tenor-1#Mixed_Voice_and_Falsetto#走着走着就散了#Mixed_Voice_Group#0003,D:\-MindEcho-main\ml_dl_models\gtsinger_multitech\dataset\raw\Chinese\ZH-Tenor-1\Mixed_Voice_and_Falsetto\走着走着就散了\Mixed_Voice_Group\0003.wav,Chinese/ZH-Tenor-1/Mixed_Voice_and_Falsetto/走着走着就散了/Mixed_Voice_Group/0003.wav,Chinese,ZH-Tenor-1,走着走着就散了,Mixed_Voice_Group,1,0,0,0,1,0,1,clear_mix,100010,positive_mix,0.767859,cpu
Chinese#ZH-Tenor-1#Mixed_Voice_and_Falsetto#走着走着就散了#Mixed_Voice_Group#0005,D:\-MindEcho-main\ml_dl_models\gtsinger_multitech\dataset\raw\Chinese\ZH-Tenor-1\Mixed_Voice_and_Falsetto\走着走着就散了\Mixed_Voice_Group\0005.wav,Chinese/ZH-Tenor-1/Mixed_Voice_and_Falsetto/走着走着就散了/Mixed_Voice_Group/0005.wav,Chinese,ZH-Tenor-1,走着走着就散了,Mixed_Voice_Group,1,0,0,0,1,0,1,clear_mix,100010,positive_mix,0.846587,cpu
Chinese#ZH-Tenor-1#Mixed_Voice_and_Falsetto#走着走着就散了#Mixed_Voice_Group#0006,D:\-MindEcho-main\ml_dl_models\gtsinger_multitech\dataset\raw\Chinese\ZH-Tenor-1\Mixed_Voice_and_Falsetto\走着走着就散了\Mixed_Voice_Group\0006.wav,Chinese/ZH-Tenor-1/Mixed_Voice_and_Falsetto/走着走着就散了/Mixed_Voice_Group/0006.wav,Chinese,ZH-Tenor-1,走着走着就散了,Mixed_Voice_Group,1,0,0,0,0,0,1,clear_mix,100000,positive_mix,0.963351,cpu
Chinese#ZH-Tenor-1#Mixed_Voice_and_Falsetto#走着走着就散了#Mixed_Voice_Group#0007,D:\-MindEcho-main\ml_dl_models\gtsinger_multitech\dataset\raw\Chinese\ZH-Tenor-1\Mixed_Voice_and_Falsetto\走着走着就散了\Mixed_Voice_Group\0007.wav,Chinese/ZH-Tenor-1/Mixed_Voice_and_Falsetto/走着走着就散了/Mixed_Voice_Group/0007.wav,Chinese,ZH-Tenor-1,走着走着就散了,Mixed_Voice_Group,1,0,0,0,1,0,1,clear_mix,100010,positive_mix,0.918363,cpu
Chinese#ZH-Tenor-1#Mixed_Voice_and_Falsetto#走着走着就散了#Mixed_Voice_Group#0008,D:\-MindEcho-main\ml_dl_models\gtsinger_multitech\dataset\raw\Chinese\ZH-Tenor-1\Mixed_Voice_and_Falsetto\走着走着就散了\Mixed_Voice_Group\0008.wav,Chinese/ZH-Tenor-1/Mixed_Voice_and_Falsetto/走着走着就散了/Mixed_Voice_Group/0008.wav,Chinese,ZH-Tenor-1,走着走着就散了,Mixed_Voice_Group,1,0,0,0,1,0,1,clear_mix,100010,positive_mix,0.968548,cpu
Chinese#ZH-Tenor-1#Mixed_Voice_and_Falsetto#走着走着就散了#Mixed_Voice_Group#0009,D:\-MindEcho-main\ml_dl_models\gtsinger_multitech\dataset\raw\Chinese\ZH-Tenor-1\Mixed_Voice_and_Falsetto\走着走着就散了\Mixed_Voice_Group\0009.wav,Chinese/ZH-Tenor-1/Mixed_Voice_and_Falsetto/走着走着就散了/Mixed_Voice_Group/0009.wav,Chinese,ZH-Tenor-1,走着走着就散了,Mixed_Voice_Group,1,0,0,0,1,0,1,clear_mix,100010,positive_mix,0.960617,cpu
Chinese#ZH-Tenor-1#Mixed_Voice_and_Falsetto#走着走着就散了#Mixed_Voice_Group#0010,D:\-MindEcho-main\ml_dl_models\gtsinger_multitech\dataset\raw\Chinese\ZH-Tenor-1\Mixed_Voice_and_Falsetto\走着走着就散了\Mixed_Voice_Group\0010.wav,Chinese/ZH-Tenor-1/Mixed_Voice_and_Falsetto/走着走着就散了/Mixed_Voice_Group/0010.wav,Chinese,ZH-Tenor-1,走着走着就散了,Mixed_Voice_Group,1,0,0,0,1,0,1,clear_mix,100010,positive_mix,0.944095,cpu
Chinese#ZH-Tenor-1#Mixed_Voice_and_Falsetto#走着走着就散了#Mixed_Voice_Group#0011,D:\-MindEcho-main\ml_dl_models\gtsinger_multitech\dataset\raw\Chinese\ZH-Tenor-1\Mixed_Voice_and_Falsetto\走着走着就散了\Mixed_Voice_Group\0011.wav,Chinese/ZH-Tenor-1/Mixed_Voice_and_Falsetto/走着走着就散了/Mixed_Voice_Group/0011.wav,Chinese,ZH-Tenor-1,走着走着就散了,Mixed_Voice_Group,1,0,0,0,1,0,1,clear_mix,100010,positive_mix,0.807539,cpu
Chinese#ZH-Tenor-1#Mixed_Voice_and_Falsetto#走马#Mixed_Voice_Group#0000,D:\-MindEcho-main\ml_dl_models\gtsinger_multitech\dataset\raw\Chinese\ZH-Tenor-1\Mixed_Voice_and_Falsetto\走马\Mixed_Voice_Group\0000.wav,Chinese/ZH-Tenor-1/Mixed_Voice_and_Falsetto/走马/Mixed_Voice_Group/0000.wav,Chinese,ZH-Tenor-1,走马,Mixed_Voice_Group,1,0,0,0,0,0,1,clear_mix,100000,positive_mix,0.776810,cpu
Chinese#ZH-Tenor-1#Mixed_Voice_and_Falsetto#走马#Mixed_Voice_Group#0002,D:\-MindEcho-main\ml_dl_models\gtsinger_multitech\dataset\raw\Chinese\ZH-Tenor-1\Mixed_Voice_and_Falsetto\走马\Mixed_Voice_Group\0002.wav,Chinese/ZH-Tenor-1/Mixed_Voice_and_Falsetto/走马/Mixed_Voice_Group/0002.wav,Chinese,ZH-Tenor-1,走马,Mixed_Voice_Group,1,0,0,0,0,0,1,clear_mix,100000,positive_mix,0.922820,cpu
Chinese#ZH-Tenor-1#Mixed_Voice_and_Falsetto#走马#Mixed_Voice_Group#0003,D:\-MindEcho-main\ml_dl_models\gtsinger_multitech\dataset\raw\Chinese\ZH-Tenor-1\Mixed_Voice_and_Falsetto\走马\Mixed_Voice_Group\0003.wav,Chinese/ZH-Tenor-1/Mixed_Voice_and_Falsetto/走马/Mixed_Voice_Group/0003.wav,Chinese,ZH-Tenor-1,走马,Mixed_Voice_Group,1,0,0,0,0,0,1,clear_mix,100000,positive_mix,0.802045,cpu
Chinese#ZH-Tenor-1#Mixed_Voice_and_Falsetto#走马#Mixed_Voice_Group#0004,D:\-MindEcho-main\ml_dl_models\gtsinger_multitech\dataset\raw\Chinese\ZH-Tenor-1\Mixed_Voice_and_Falsetto\走马\Mixed_Voice_Group\0004.wav,Chinese/ZH-Tenor-1/Mixed_Voice_and_Falsetto/走马/Mixed_Voice_Group/0004.wav,Chinese,ZH-Tenor-1,走马,Mixed_Voice_Group,1,0,0,0,0,0,1,clear_mix,100000,positive_mix,0.843775,cpu
Chinese#ZH-Tenor-1#Mixed_Voice_and_Falsetto#走马#Mixed_Voice_Group#0005,D:\-MindEcho-main\ml_dl_models\gtsinger_multitech\dataset\raw\Chinese\ZH-Tenor-1\Mixed_Voice_and_Falsetto\走马\Mixed_Voice_Group\0005.wav,Chinese/ZH-Tenor-1/Mixed_Voice_and_Falsetto/走马/Mixed_Voice_Group/0005.wav,Chinese,ZH-Tenor-1,走马,Mixed_Voice_Group,1,0,0,0,0,0,1,clear_mix,100000,positive_mix,0.861062,cpu
Chinese#ZH-Tenor-1#Mixed_Voice_and_Falsetto#走马#Mixed_Voice_Group#0006,D:\-MindEcho-main\ml_dl_models\gtsinger_multitech\dataset\raw\Chinese\ZH-Tenor-1\Mixed_Voice_and_Falsetto\走马\Mixed_Voice_Group\0006.wav,Chinese/ZH-Tenor-1/Mixed_Voice_and_Falsetto/走马/Mixed_Voice_Group/0006.wav,Chinese,ZH-Tenor-1,走马,Mixed_Voice_Group,1,0,0,0,1,0,1,clear_mix,100010,positive_mix,0.602066,cpu
Chinese#ZH-Tenor-1#Mixed_Voice_and_Falsetto#走马#Mixed_Voice_Group#0007,D:\-MindEcho-main\ml_dl_models\gtsinger_multitech\dataset\raw\Chinese\ZH-Tenor-1\Mixed_Voice_and_Falsetto\走马\Mixed_Voice_Group\0007.wav,Chinese/ZH-Tenor-1/Mixed_Voice_and_Falsetto/走马/Mixed_Voice_Group/0007.wav,Chinese,ZH-Tenor-1,走马,Mixed_Voice_Group,1,0,0,0,1,0,1,clear_mix,100010,positive_mix,0.223131,cpu
Chinese#ZH-Tenor-1#Mixed_Voice_and_Falsetto#走马#Mixed_Voice_Group#0008,D:\-MindEcho-main\ml_dl_models\gtsinger_multitech\dataset\raw\Chinese\ZH-Tenor-1\Mixed_Voice_and_Falsetto\走马\Mixed_Voice_Group\0008.wav,Chinese/ZH-Tenor-1/Mixed_Voice_and_Falsetto/走马/Mixed_Voice_Group/0008.wav,Chinese,ZH-Tenor-1,走马,Mixed_Voice_Group,1,0,0,0,0,0,1,clear_mix,100000,positive_mix,0.803623,cpu
Chinese#ZH-Tenor-1#Mixed_Voice_and_Falsetto#走马#Mixed_Voice_Group#0009,D:\-MindEcho-main\ml_dl_models\gtsinger_multitech\dataset\raw\Chinese\ZH-Tenor-1\Mixed_Voice_and_Falsetto\走马\Mixed_Voice_Group\0009.wav,Chinese/ZH-Tenor-1/Mixed_Voice_and_Falsetto/走马/Mixed_Voice_Group/0009.wav,Chinese,ZH-Tenor-1,走马,Mixed_Voice_Group,1,0,0,0,0,0,1,clear_mix,100000,positive_mix,0.890077,cpu
Chinese#ZH-Tenor-1#Mixed_Voice_and_Falsetto#走马#Mixed_Voice_Group#0011,D:\-MindEcho-main\ml_dl_models\gtsinger_multitech\dataset\raw\Chinese\ZH-Tenor-1\Mixed_Voice_and_Falsetto\走马\Mixed_Voice_Group\0011.wav,Chinese/ZH-Tenor-1/Mixed_Voice_and_Falsetto/走马/Mixed_Voice_Group/0011.wav,Chinese,ZH-Tenor-1,走马,Mixed_Voice_Group,1,0,0,0,1,0,1,clear_mix,100010,positive_mix,0.821939,cpu
Chinese#ZH-Tenor-1#Mixed_Voice_and_Falsetto#走马#Mixed_Voice_Group#0012,D:\-MindEcho-main\ml_dl_models\gtsinger_multitech\dataset\raw\Chinese\ZH-Tenor-1\Mixed_Voice_and_Falsetto\走马\Mixed_Voice_Group\0012.wav,Chinese/ZH-Tenor-1/Mixed_Voice_and_Falsetto/走马/Mixed_Voice_Group/0012.wav,Chinese,ZH-Tenor-1,走马,Mixed_Voice_Group,1,0,0,0,1,0,1,clear_mix,100010,positive_mix,0.940409,cpu
Chinese#ZH-Tenor-1#Mixed_Voice_and_Falsetto#走马#Mixed_Voice_Group#0013,D:\-MindEcho-main\ml_dl_models\gtsinger_multitech\dataset\raw\Chinese\ZH-Tenor-1\Mixed_Voice_and_Falsetto\走马\Mixed_Voice_Group\0013.wav,Chinese/ZH-Tenor-1/Mixed_Voice_and_Falsetto/走马/Mixed_Voice_Group/0013.wav,Chinese,ZH-Tenor-1,走马,Mixed_Voice_Group,1,0,0,0,0,0,1,clear_mix,100000,positive_mix,0.807827,cpu
Chinese#ZH-Tenor-1#Mixed_Voice_and_Falsetto#过火#Mixed_Voice_Group#0001,D:\-MindEcho-main\ml_dl_models\gtsinger_multitech\dataset\raw\Chinese\ZH-Tenor-1\Mixed_Voice_and_Falsetto\过火\Mixed_Voice_Group\0001.wav,Chinese/ZH-Tenor-1/Mixed_Voice_and_Falsetto/过火/Mixed_Voice_Group/0001.wav,Chinese,ZH-Tenor-1,过火,Mixed_Voice_Group,1,0,0,0,1,0,1,clear_mix,100010,positive_mix,0.473066,cpu
Chinese#ZH-Tenor-1#Mixed_Voice_and_Falsetto#过火#Mixed_Voice_Group#0002,D:\-MindEcho-main\ml_dl_models\gtsinger_multitech\dataset\raw\Chinese\ZH-Tenor-1\Mixed_Voice_and_Falsetto\过火\Mixed_Voice_Group\0002.wav,Chinese/ZH-Tenor-1/Mixed_Voice_and_Falsetto/过火/Mixed_Voice_Group/0002.wav,Chinese,ZH-Tenor-1,过火,Mixed_Voice_Group,1,0,0,0,1,0,1,clear_mix,100010,positive_mix,0.191280,cpu
Chinese#ZH-Tenor-1#Mixed_Voice_and_Falsetto#过火#Mixed_Voice_Group#0003,D:\-MindEcho-main\ml_dl_models\gtsinger_multitech\dataset\raw\Chinese\ZH-Tenor-1\Mixed_Voice_and_Falsetto\过火\Mixed_Voice_Group\0003.wav,Chinese/ZH-Tenor-1/Mixed_Voice_and_Falsetto/过火/Mixed_Voice_Group/0003.wav,Chinese,ZH-Tenor-1,过火,Mixed_Voice_Group,1,0,0,0,1,0,1,clear_mix,100010,positive_mix,0.307448,cpu
Chinese#ZH-Tenor-1#Mixed_Voice_and_Falsetto#过火#Mixed_Voice_Group#0004,D:\-MindEcho-main\ml_dl_models\gtsinger_multitech\dataset\raw\Chinese\ZH-Tenor-1\Mixed_Voice_and_Falsetto\过火\Mixed_Voice_Group\0004.wav,Chinese/ZH-Tenor-1/Mixed_Voice_and_Falsetto/过火/Mixed_Voice_Group/0004.wav,Chinese,ZH-Tenor-1,过火,Mixed_Voice_Group,1,1,0,0,1,0,1,head_mix,110010,positive_mix,0.744058,cpu
Chinese#ZH-Tenor-1#Mixed_Voice_and_Falsetto#过火#Mixed_Voice_Group#0005,D:\-MindEcho-main\ml_dl_models\gtsinger_multitech\dataset\raw\Chinese\ZH-Tenor-1\Mixed_Voice_and_Falsetto\过火\Mixed_Voice_Group\0005.wav,Chinese/ZH-Tenor-1/Mixed_Voice_and_Falsetto/过火/Mixed_Voice_Group/0005.wav,Chinese,ZH-Tenor-1,过火,Mixed_Voice_Group,1,0,0,0,1,0,1,clear_mix,100010,positive_mix,0.723778,cpu
Chinese#ZH-Tenor-1#Mixed_Voice_and_Falsetto#过火#Mixed_Voice_Group#0006,D:\-MindEcho-main\ml_dl_models\gtsinger_multitech\dataset\raw\Chinese\ZH-Tenor-1\Mixed_Voice_and_Falsetto\过火\Mixed_Voice_Group\0006.wav,Chinese/ZH-Tenor-1/Mixed_Voice_and_Falsetto/过火/Mixed_Voice_Group/0006.wav,Chinese,ZH-Tenor-1,过火,Mixed_Voice_Group,1,0,0,0,1,0,1,clear_mix,100010,positive_mix,0.743896,cpu
Chinese#ZH-Tenor-1#Mixed_Voice_and_Falsetto#过火#Mixed_Voice_Group#0007,D:\-MindEcho-main\ml_dl_models\gtsinger_multitech\dataset\raw\Chinese\ZH-Tenor-1\Mixed_Voice_and_Falsetto\过火\Mixed_Voice_Group\0007.wav,Chinese/ZH-Tenor-1/Mixed_Voice_and_Falsetto/过火/Mixed_Voice_Group/0007.wav,Chinese,ZH-Tenor-1,过火,Mixed_Voice_Group,1,1,0,0,1,0,1,head_mix,110010,positive_mix,0.852638,cpu
Chinese#ZH-Tenor-1#Mixed_Voice_and_Falsetto#过火#Mixed_Voice_Group#0009,D:\-MindEcho-main\ml_dl_models\gtsinger_multitech\dataset\raw\Chinese\ZH-Tenor-1\Mixed_Voice_and_Falsetto\过火\Mixed_Voice_Group\0009.wav,Chinese/ZH-Tenor-1/Mixed_Voice_and_Falsetto/过火/Mixed_Voice_Group/0009.wav,Chinese,ZH-Tenor-1,过火,Mixed_Voice_Group,1,1,0,0,1,0,1,head_mix,110010,positive_mix,0.861340,cpu
Chinese#ZH-Tenor-1#Mixed_Voice_and_Falsetto#过火#Mixed_Voice_Group#0010,D:\-MindEcho-main\ml_dl_models\gtsinger_multitech\dataset\raw\Chinese\ZH-Tenor-1\Mixed_Voice_and_Falsetto\过火\Mixed_Voice_Group\0010.wav,Chinese/ZH-Tenor-1/Mixed_Voice_and_Falsetto/过火/Mixed_Voice_Group/0010.wav,Chinese,ZH-Tenor-1,过火,Mixed_Voice_Group,1,0,0,0,0,0,1,clear_mix,100000,positive_mix,0.679040,cpu
Chinese#ZH-Tenor-1#Mixed_Voice_and_Falsetto#过火#Mixed_Voice_Group#0012,D:\-MindEcho-main\ml_dl_models\gtsinger_multitech\dataset\raw\Chinese\ZH-Tenor-1\Mixed_Voice_and_Falsetto\过火\Mixed_Voice_Group\0012.wav,Chinese/ZH-Tenor-1/Mixed_Voice_and_Falsetto/过火/Mixed_Voice_Group/0012.wav,Chinese,ZH-Tenor-1,过火,Mixed_Voice_Group,1,0,0,0,1,0,1,clear_mix,100010,positive_mix,0.771447,cpu
Chinese#ZH-Tenor-1#Mixed_Voice_and_Falsetto#过火#Mixed_Voice_Group#0013,D:\-MindEcho-main\ml_dl_models\gtsinger_multitech\dataset\raw\Chinese\ZH-Tenor-1\Mixed_Voice_and_Falsetto\过火\Mixed_Voice_Group\0013.wav,Chinese/ZH-Tenor-1/Mixed_Voice_and_Falsetto/过火/Mixed_Voice_Group/0013.wav,Chinese,ZH-Tenor-1,过火,Mixed_Voice_Group,1,0,0,0,1,0,1,clear_mix,100010,positive_mix,0.542555,cpu
Chinese#ZH-Tenor-1#Mixed_Voice_and_Falsetto#过火#Mixed_Voice_Group#0016,D:\-MindEcho-main\ml_dl_models\gtsinger_multitech\dataset\raw\Chinese\ZH-Tenor-1\Mixed_Voice_and_Falsetto\过火\Mixed_Voice_Group\0016.wav,Chinese/ZH-Tenor-1/Mixed_Voice_and_Falsetto/过火/Mixed_Voice_Group/0016.wav,Chinese,ZH-Tenor-1,过火,Mixed_Voice_Group,1,0,0,0,1,0,1,clear_mix,100010,positive_mix,0.663843,cpu
Chinese#ZH-Tenor-1#Mixed_Voice_and_Falsetto#过火#Mixed_Voice_Group#0017,D:\-MindEcho-main\ml_dl_models\gtsinger_multitech\dataset\raw\Chinese\ZH-Tenor-1\Mixed_Voice_and_Falsetto\过火\Mixed_Voice_Group\0017.wav,Chinese/ZH-Tenor-1/Mixed_Voice_and_Falsetto/过火/Mixed_Voice_Group/0017.wav,Chinese,ZH-Tenor-1,过火,Mixed_Voice_Group,1,0,0,0,1,0,1,clear_mix,100010,positive_mix,0.929647,cpu
Chinese#ZH-Tenor-1#Mixed_Voice_and_Falsetto#过火#Mixed_Voice_Group#0018,D:\-MindEcho-main\ml_dl_models\gtsinger_multitech\dataset\raw\Chinese\ZH-Tenor-1\Mixed_Voice_and_Falsetto\过火\Mixed_Voice_Group\0018.wav,Chinese/ZH-Tenor-1/Mixed_Voice_and_Falsetto/过火/Mixed_Voice_Group/0018.wav,Chinese,ZH-Tenor-1,过火,Mixed_Voice_Group,1,1,0,0,1,0,1,head_mix,110010,positive_mix,0.546871,cpu
Chinese#ZH-Tenor-1#Mixed_Voice_and_Falsetto#过火#Mixed_Voice_Group#0019,D:\-MindEcho-main\ml_dl_models\gtsinger_multitech\dataset\raw\Chinese\ZH-Tenor-1\Mixed_Voice_and_Falsetto\过火\Mixed_Voice_Group\0019.wav,Chinese/ZH-Tenor-1/Mixed_Voice_and_Falsetto/过火/Mixed_Voice_Group/0019.wav,Chinese,ZH-Tenor-1,过火,Mixed_Voice_Group,1,0,0,0,1,0,1,clear_mix,100010,positive_mix,0.964393,cpu
Chinese#ZH-Tenor-1#Mixed_Voice_and_Falsetto#过火#Mixed_Voice_Group#0021,D:\-MindEcho-main\ml_dl_models\gtsinger_multitech\dataset\raw\Chinese\ZH-Tenor-1\Mixed_Voice_and_Falsetto\过火\Mixed_Voice_Group\0021.wav,Chinese/ZH-Tenor-1/Mixed_Voice_and_Falsetto/过火/Mixed_Voice_Group/0021.wav,Chinese,ZH-Tenor-1,过火,Mixed_Voice_Group,1,0,0,0,1,0,1,clear_mix,100010,positive_mix,0.736483,cpu
Chinese#ZH-Tenor-1#Mixed_Voice_and_Falsetto#过火#Mixed_Voice_Group#0022,D:\-MindEcho-main\ml_dl_models\gtsinger_multitech\dataset\raw\Chinese\ZH-Tenor-1\Mixed_Voice_and_Falsetto\过火\Mixed_Voice_Group\0022.wav,Chinese/ZH-Tenor-1/Mixed_Voice_and_Falsetto/过火/Mixed_Voice_Group/0022.wav,Chinese,ZH-Tenor-1,过火,Mixed_Voice_Group,1,1,0,0,1,0,1,head_mix,110010,positive_mix,0.964640,cpu
Chinese#ZH-Tenor-1#Mixed_Voice_and_Falsetto#过火#Mixed_Voice_Group#0023,D:\-MindEcho-main\ml_dl_models\gtsinger_multitech\dataset\raw\Chinese\ZH-Tenor-1\Mixed_Voice_and_Falsetto\过火\Mixed_Voice_Group\0023.wav,Chinese/ZH-Tenor-1/Mixed_Voice_and_Falsetto/过火/Mixed_Voice_Group/0023.wav,Chinese,ZH-Tenor-1,过火,Mixed_Voice_Group,1,0,0,0,1,0,1,clear_mix,100010,positive_mix,0.953571,cpu
Chinese#ZH-Tenor-1#Mixed_Voice_and_Falsetto#雪落下的声音#Mixed_Voice_Group#0001,D:\-MindEcho-main\ml_dl_models\gtsinger_multitech\dataset\raw\Chinese\ZH-Tenor-1\Mixed_Voice_and_Falsetto\雪落下的声音\Mixed_Voice_Group\0001.wav,Chinese/ZH-Tenor-1/Mixed_Voice_and_Falsetto/雪落下的声音/Mixed_Voice_Group/0001.wav,Chinese,ZH-Tenor-1,雪落下的声音,Mixed_Voice_Group,1,0,0,0,1,0,1,clear_mix,100010,positive_mix,0.487169,cpu
Chinese#ZH-Tenor-1#Mixed_Voice_and_Falsetto#雪落下的声音#Mixed_Voice_Group#0002,D:\-MindEcho-main\ml_dl_models\gtsinger_multitech\dataset\raw\Chinese\ZH-Tenor-1\Mixed_Voice_and_Falsetto\雪落下的声音\Mixed_Voice_Group\0002.wav,Chinese/ZH-Tenor-1/Mixed_Voice_and_Falsetto/雪落下的声音/Mixed_Voice_Group/0002.wav,Chinese,ZH-Tenor-1,雪落下的声音,Mixed_Voice_Group,1,0,0,0,1,0,1,clear_mix,100010,positive_mix,0.733982,cpu
Chinese#ZH-Tenor-1#Mixed_Voice_and_Falsetto#雪落下的声音#Mixed_Voice_Group#0003,D:\-MindEcho-main\ml_dl_models\gtsinger_multitech\dataset\raw\Chinese\ZH-Tenor-1\Mixed_Voice_and_Falsetto\雪落下的声音\Mixed_Voice_Group\0003.wav,Chinese/ZH-Tenor-1/Mixed_Voice_and_Falsetto/雪落下的声音/Mixed_Voice_Group/0003.wav,Chinese,ZH-Tenor-1,雪落下的声音,Mixed_Voice_Group,1,0,0,0,1,0,1,clear_mix,100010,positive_mix,0.612682,cpu
Chinese#ZH-Tenor-1#Mixed_Voice_and_Falsetto#雪落下的声音#Mixed_Voice_Group#0004,D:\-MindEcho-main\ml_dl_models\gtsinger_multitech\dataset\raw\Chinese\ZH-Tenor-1\Mixed_Voice_and_Falsetto\雪落下的声音\Mixed_Voice_Group\0004.wav,Chinese/ZH-Tenor-1/Mixed_Voice_and_Falsetto/雪落下的声音/Mixed_Voice_Group/0004.wav,Chinese,ZH-Tenor-1,雪落下的声音,Mixed_Voice_Group,1,0,0,0,1,0,1,clear_mix,100010,positive_mix,0.892828,cpu
Chinese#ZH-Tenor-1#Mixed_Voice_and_Falsetto#雪落下的声音#Mixed_Voice_Group#0006,D:\-MindEcho-main\ml_dl_models\gtsinger_multitech\dataset\raw\Chinese\ZH-Tenor-1\Mixed_Voice_and_Falsetto\雪落下的声音\Mixed_Voice_Group\0006.wav,Chinese/ZH-Tenor-1/Mixed_Voice_and_Falsetto/雪落下的声音/Mixed_Voice_Group/0006.wav,Chinese,ZH-Tenor-1,雪落下的声音,Mixed_Voice_Group,1,0,0,0,1,0,1,clear_mix,100010,positive_mix,0.915628,cpu
Chinese#ZH-Tenor-1#Mixed_Voice_and_Falsetto#雪落下的声音#Mixed_Voice_Group#0007,D:\-MindEcho-main\ml_dl_models\gtsinger_multitech\dataset\raw\Chinese\ZH-Tenor-1\Mixed_Voice_and_Falsetto\雪落下的声音\Mixed_Voice_Group\0007.wav,Chinese/ZH-Tenor-1/Mixed_Voice_and_Falsetto/雪落下的声音/Mixed_Voice_Group/0007.wav,Chinese,ZH-Tenor-1,雪落下的声音,Mixed_Voice_Group,1,0,0,0,1,0,1,clear_mix,100010,positive_mix,0.489684,cpu
Chinese#ZH-Tenor-1#Mixed_Voice_and_Falsetto#雪落下的声音#Mixed_Voice_Group#0008,D:\-MindEcho-main\ml_dl_models\gtsinger_multitech\dataset\raw\Chinese\ZH-Tenor-1\Mixed_Voice_and_Falsetto\雪落下的声音\Mixed_Voice_Group\0008.wav,Chinese/ZH-Tenor-1/Mixed_Voice_and_Falsetto/雪落下的声音/Mixed_Voice_Group/0008.wav,Chinese,ZH-Tenor-1,雪落下的声音,Mixed_Voice_Group,1,0,0,0,1,0,1,clear_mix,100010,positive_mix,0.712961,cpu
Chinese#ZH-Tenor-1#Mixed_Voice_and_Falsetto#青花瓷#Mixed_Voice_Group#0001,D:\-MindEcho-main\ml_dl_models\gtsinger_multitech\dataset\raw\Chinese\ZH-Tenor-1\Mixed_Voice_and_Falsetto\青花瓷\Mixed_Voice_Group\0001.wav,Chinese/ZH-Tenor-1/Mixed_Voice_and_Falsetto/青花瓷/Mixed_Voice_Group/0001.wav,Chinese,ZH-Tenor-1,青花瓷,Mixed_Voice_Group,1,0,0,0,1,0,1,clear_mix,100010,positive_mix,0.929583,cpu
Chinese#ZH-Tenor-1#Mixed_Voice_and_Falsetto#青花瓷#Mixed_Voice_Group#0002,D:\-MindEcho-main\ml_dl_models\gtsinger_multitech\dataset\raw\Chinese\ZH-Tenor-1\Mixed_Voice_and_Falsetto\青花瓷\Mixed_Voice_Group\0002.wav,Chinese/ZH-Tenor-1/Mixed_Voice_and_Falsetto/青花瓷/Mixed_Voice_Group/0002.wav,Chinese,ZH-Tenor-1,青花瓷,Mixed_Voice_Group,1,0,0,0,1,0,1,clear_mix,100010,positive_mix,0.860904,cpu
Chinese#ZH-Tenor-1#Mixed_Voice_and_Falsetto#青花瓷#Mixed_Voice_Group#0003,D:\-MindEcho-main\ml_dl_models\gtsinger_multitech\dataset\raw\Chinese\ZH-Tenor-1\Mixed_Voice_and_Falsetto\青花瓷\Mixed_Voice_Group\0003.wav,Chinese/ZH-Tenor-1/Mixed_Voice_and_Falsetto/青花瓷/Mixed_Voice_Group/0003.wav,Chinese,ZH-Tenor-1,青花瓷,Mixed_Voice_Group,1,0,0,0,1,0,1,clear_mix,100010,positive_mix,0.871695,cpu
Chinese#ZH-Tenor-1#Mixed_Voice_and_Falsetto#青花瓷#Mixed_Voice_Group#0004,D:\-MindEcho-main\ml_dl_models\gtsinger_multitech\dataset\raw\Chinese\ZH-Tenor-1\Mixed_Voice_and_Falsetto\青花瓷\Mixed_Voice_Group\0004.wav,Chinese/ZH-Tenor-1/Mixed_Voice_and_Falsetto/青花瓷/Mixed_Voice_Group/0004.wav,Chinese,ZH-Tenor-1,青花瓷,Mixed_Voice_Group,1,0,0,0,0,0,1,clear_mix,100000,positive_mix,0.751043,cpu
Chinese#ZH-Tenor-1#Mixed_Voice_and_Falsetto#青花瓷#Mixed_Voice_Group#0007,D:\-MindEcho-main\ml_dl_models\gtsinger_multitech\dataset\raw\Chinese\ZH-Tenor-1\Mixed_Voice_and_Falsetto\青花瓷\Mixed_Voice_Group\0007.wav,Chinese/ZH-Tenor-1/Mixed_Voice_and_Falsetto/青花瓷/Mixed_Voice_Group/0007.wav,Chinese,ZH-Tenor-1,青花瓷,Mixed_Voice_Group,1,0,0,0,1,0,1,clear_mix,100010,positive_mix,0.697008,cpu
Chinese#ZH-Tenor-1#Mixed_Voice_and_Falsetto#青花瓷#Mixed_Voice_Group#0008,D:\-MindEcho-main\ml_dl_models\gtsinger_multitech\dataset\raw\Chinese\ZH-Tenor-1\Mixed_Voice_and_Falsetto\青花瓷\Mixed_Voice_Group\0008.wav,Chinese/ZH-Tenor-1/Mixed_Voice_and_Falsetto/青花瓷/Mixed_Voice_Group/0008.wav,Chinese,ZH-Tenor-1,青花瓷,Mixed_Voice_Group,1,0,0,0,0,0,1,clear_mix,100000,positive_mix,0.683891,cpu
Chinese#ZH-Tenor-1#Mixed_Voice_and_Falsetto#青花瓷#Mixed_Voice_Group#0012,D:\-MindEcho-main\ml_dl_models\gtsinger_multitech\dataset\raw\Chinese\ZH-Tenor-1\Mixed_Voice_and_Falsetto\青花瓷\Mixed_Voice_Group\0012.wav,Chinese/ZH-Tenor-1/Mixed_Voice_and_Falsetto/青花瓷/Mixed_Voice_Group/0012.wav,Chinese,ZH-Tenor-1,青花瓷,Mixed_Voice_Group,1,0,0,0,0,0,1,clear_mix,100000,positive_mix,0.925516,cpu
Chinese#ZH-Tenor-1#Mixed_Voice_and_Falsetto#青花瓷#Mixed_Voice_Group#0013,D:\-MindEcho-main\ml_dl_models\gtsinger_multitech\dataset\raw\Chinese\ZH-Tenor-1\Mixed_Voice_and_Falsetto\青花瓷\Mixed_Voice_Group\0013.wav,Chinese/ZH-Tenor-1/Mixed_Voice_and_Falsetto/青花瓷/Mixed_Voice_Group/0013.wav,Chinese,ZH-Tenor-1,青花瓷,Mixed_Voice_Group,1,0,0,0,0,0,1,clear_mix,100000,positive_mix,0.771893,cpu
Chinese#ZH-Tenor-1#Mixed_Voice_and_Falsetto#青花瓷#Mixed_Voice_Group#0015,D:\-MindEcho-main\ml_dl_models\gtsinger_multitech\dataset\raw\Chinese\ZH-Tenor-1\Mixed_Voice_and_Falsetto\青花瓷\Mixed_Voice_Group\0015.wav,Chinese/ZH-Tenor-1/Mixed_Voice_and_Falsetto/青花瓷/Mixed_Voice_Group/0015.wav,Chinese,ZH-Tenor-1,青花瓷,Mixed_Voice_Group,1,0,0,0,0,0,1,clear_mix,100000,positive_mix,0.888529,cpu
Chinese#ZH-Tenor-1#Mixed_Voice_and_Falsetto#青花瓷#Mixed_Voice_Group#0016,D:\-MindEcho-main\ml_dl_models\gtsinger_multitech\dataset\raw\Chinese\ZH-Tenor-1\Mixed_Voice_and_Falsetto\青花瓷\Mixed_Voice_Group\0016.wav,Chinese/ZH-Tenor-1/Mixed_Voice_and_Falsetto/青花瓷/Mixed_Voice_Group/0016.wav,Chinese,ZH-Tenor-1,青花瓷,Mixed_Voice_Group,1,0,0,0,1,0,1,clear_mix,100010,positive_mix,0.602053,cpu
Chinese#ZH-Tenor-1#Mixed_Voice_and_Falsetto#青花瓷#Mixed_Voice_Group#0017,D:\-MindEcho-main\ml_dl_models\gtsinger_multitech\dataset\raw\Chinese\ZH-Tenor-1\Mixed_Voice_and_Falsetto\青花瓷\Mixed_Voice_Group\0017.wav,Chinese/ZH-Tenor-1/Mixed_Voice_and_Falsetto/青花瓷/Mixed_Voice_Group/0017.wav,Chinese,ZH-Tenor-1,青花瓷,Mixed_Voice_Group,1,0,0,0,0,0,1,clear_mix,100000,positive_mix,0.870534,cpu
Chinese#ZH-Tenor-1#Mixed_Voice_and_Falsetto#青花瓷#Mixed_Voice_Group#0018,D:\-MindEcho-main\ml_dl_models\gtsinger_multitech\dataset\raw\Chinese\ZH-Tenor-1\Mixed_Voice_and_Falsetto\青花瓷\Mixed_Voice_Group\0018.wav,Chinese/ZH-Tenor-1/Mixed_Voice_and_Falsetto/青花瓷/Mixed_Voice_Group/0018.wav,Chinese,ZH-Tenor-1,青花瓷,Mixed_Voice_Group,1,0,0,0,0,0,1,clear_mix,100000,positive_mix,0.603276,cpu
Chinese#ZH-Tenor-1#Mixed_Voice_and_Falsetto#青花瓷#Mixed_Voice_Group#0021,D:\-MindEcho-main\ml_dl_models\gtsinger_multitech\dataset\raw\Chinese\ZH-Tenor-1\Mixed_Voice_and_Falsetto\青花瓷\Mixed_Voice_Group\0021.wav,Chinese/ZH-Tenor-1/Mixed_Voice_and_Falsetto/青花瓷/Mixed_Voice_Group/0021.wav,Chinese,ZH-Tenor-1,青花瓷,Mixed_Voice_Group,1,0,0,0,1,0,1,clear_mix,100010,positive_mix,0.586741,cpu
Chinese#ZH-Tenor-1#Pharyngeal#亲爱的那不是爱情#Pharyngeal_Group#0000,D:\-MindEcho-main\ml_dl_models\gtsinger_multitech\dataset\raw\Chinese\ZH-Tenor-1\Pharyngeal\亲爱的那不是爱情\Pharyngeal_Group\0000.wav,Chinese/ZH-Tenor-1/Pharyngeal/亲爱的那不是爱情/Pharyngeal_Group/0000.wav,Chinese,ZH-Tenor-1,亲爱的那不是爱情,Pharyngeal_Group,1,0,0,0,1,1,1,clear_mix,100011,positive_mix,0.334121,cpu
Chinese#ZH-Tenor-1#Pharyngeal#亲爱的那不是爱情#Pharyngeal_Group#0001,D:\-MindEcho-main\ml_dl_models\gtsinger_multitech\dataset\raw\Chinese\ZH-Tenor-1\Pharyngeal\亲爱的那不是爱情\Pharyngeal_Group\0001.wav,Chinese/ZH-Tenor-1/Pharyngeal/亲爱的那不是爱情/Pharyngeal_Group/0001.wav,Chinese,ZH-Tenor-1,亲爱的那不是爱情,Pharyngeal_Group,1,1,0,0,1,1,1,head_mix,110011,positive_mix,0.277247,cpu
Chinese#ZH-Tenor-1#Pharyngeal#亲爱的那不是爱情#Pharyngeal_Group#0002,D:\-MindEcho-main\ml_dl_models\gtsinger_multitech\dataset\raw\Chinese\ZH-Tenor-1\Pharyngeal\亲爱的那不是爱情\Pharyngeal_Group\0002.wav,Chinese/ZH-Tenor-1/Pharyngeal/亲爱的那不是爱情/Pharyngeal_Group/0002.wav,Chinese,ZH-Tenor-1,亲爱的那不是爱情,Pharyngeal_Group,1,0,0,0,1,1,1,clear_mix,100011,positive_mix,0.519443,cpu
Chinese#ZH-Tenor-1#Pharyngeal#亲爱的那不是爱情#Pharyngeal_Group#0003,D:\-MindEcho-main\ml_dl_models\gtsinger_multitech\dataset\raw\Chinese\ZH-Tenor-1\Pharyngeal\亲爱的那不是爱情\Pharyngeal_Group\0003.wav,Chinese/ZH-Tenor-1/Pharyngeal/亲爱的那不是爱情/Pharyngeal_Group/0003.wav,Chinese,ZH-Tenor-1,亲爱的那不是爱情,Pharyngeal_Group,1,1,0,0,1,1,1,head_mix,110011,positive_mix,0.374749,cpu
Chinese#ZH-Tenor-1#Vibrato#失落沙洲#Vibrato_Group#0005,D:\-MindEcho-main\ml_dl_models\gtsinger_multitech\dataset\raw\Chinese\ZH-Tenor-1\Vibrato\失落沙洲\Vibrato_Group\0005.wav,Chinese/ZH-Tenor-1/Vibrato/失落沙洲/Vibrato_Group/0005.wav,Chinese,ZH-Tenor-1,失落沙洲,Vibrato_Group,1,0,0,1,1,0,1,clear_mix,100110,positive_mix,0.698790,cpu
Chinese#ZH-Tenor-1#Vibrato#失落沙洲#Vibrato_Group#0006,D:\-MindEcho-main\ml_dl_models\gtsinger_multitech\dataset\raw\Chinese\ZH-Tenor-1\Vibrato\失落沙洲\Vibrato_Group\0006.wav,Chinese/ZH-Tenor-1/Vibrato/失落沙洲/Vibrato_Group/0006.wav,Chinese,ZH-Tenor-1,失落沙洲,Vibrato_Group,1,0,0,1,1,0,1,clear_mix,100110,positive_mix,0.663719,cpu
Chinese#ZH-Tenor-1#Vibrato#失落沙洲#Vibrato_Group#0008,D:\-MindEcho-main\ml_dl_models\gtsinger_multitech\dataset\raw\Chinese\ZH-Tenor-1\Vibrato\失落沙洲\Vibrato_Group\0008.wav,Chinese/ZH-Tenor-1/Vibrato/失落沙洲/Vibrato_Group/0008.wav,Chinese,ZH-Tenor-1,失落沙洲,Vibrato_Group,1,0,0,1,1,0,1,clear_mix,100110,positive_mix,0.653404,cpu
