wav_path,breath,anchor_ratio,anchor_time_sec,language,singer,song_name,song_key,ap_duration_sec
d:\-MindEcho-main\ml_dl_models\gtsinger_multitech\dataset\raw\Chinese\ZH-Alto-1\Vibrato\好久不见\Control_Group\0005.wav,1,0.579095,5.762,Chinese,ZH-Alto-1,好久不见,Chinese/ZH-Alto-1/好久不见,1.694
d:\-MindEcho-main\ml_dl_models\gtsinger_multitech\dataset\raw\Chinese\ZH-Alto-1\Mixed_Voice_and_Falsetto\年轮\Control_Group\0001.wav,0,0.506674,3.986,Chinese,ZH-Alto-1,年轮,Chinese/ZH-Alto-1/年轮,0.0
d:\-MindEcho-main\ml_dl_models\gtsinger_multitech\dataset\raw\Chinese\ZH-Alto-1\Glissando\时间煮雨\Control_Group\0009.wav,1,0.49729,5.505,Chinese,ZH-Alto-1,时间煮雨,Chinese/ZH-Alto-1/时间煮雨,0.67
d:\-MindEcho-main\ml_dl_models\gtsinger_multitech\dataset\raw\Chinese\ZH-Tenor-1\Vibrato\我真的受伤了\Vibrato_Group\0010.wav,1,0.47563,2.83,Chinese,ZH-Tenor-1,我真的受伤了,Chinese/ZH-Tenor-1/我真的受伤了,0.84
d:\-MindEcho-main\ml_dl_models\gtsinger_multitech\dataset\raw\French\FR-Soprano-1\Mixed_Voice_and_Falsetto\comment deja\Mixed_Voice_Group\0002.wav,1,0.120199,1.667,French,FR-Soprano-1,comment deja,French/FR-Soprano-1/comment deja,0.494
d:\-MindEcho-main\ml_dl_models\gtsinger_multitech\dataset\raw\Chinese\ZH-Alto-1\Mixed_Voice_and_Falsetto\平凡之路\Falsetto_Group\0000.wav,1,0.646834,5.925,Chinese,ZH-Alto-1,平凡之路,Chinese/ZH-Alto-1/平凡之路,0.43
d:\-MindEcho-main\ml_dl_models\gtsinger_multitech\dataset\raw\Chinese\ZH-Tenor-1\Vibrato\终于等到你\Control_Group\0012.wav,1,0.499756,3.074,Chinese,ZH-Tenor-1,终于等到你,Chinese/ZH-Tenor-1/终于等到你,0.533
d:\-MindEcho-main\ml_dl_models\gtsinger_multitech\dataset\raw\Chinese\ZH-Tenor-1\Mixed_Voice_and_Falsetto\倒带\Mixed_Voice_Group\0010.wav,0,0.21871,1.695,Chinese,ZH-Tenor-1,倒带,Chinese/ZH-Tenor-1/倒带,0.0
d:\-MindEcho-main\ml_dl_models\gtsinger_multitech\dataset\raw\Chinese\ZH-Tenor-1\Breathy\爱的回归线\Control_Group\0008.wav,0,0.285714,2.02,Chinese,ZH-Tenor-1,爱的回归线,Chinese/ZH-Tenor-1/爱的回归线,0.0
d:\-MindEcho-main\ml_dl_models\gtsinger_multitech\dataset\raw\Chinese\ZH-Tenor-1\Mixed_Voice_and_Falsetto\讲真的\Mixed_Voice_Group\0015.wav,1,0.690079,7.025,Chinese,ZH-Tenor-1,讲真的,Chinese/ZH-Tenor-1/讲真的,0.33
d:\-MindEcho-main\ml_dl_models\gtsinger_multitech\dataset\raw\Chinese\ZH-Alto-1\Pharyngeal\老男孩\Pharyngeal_Group\0006.wav,0,0.150945,1.301,Chinese,ZH-Alto-1,老男孩,Chinese/ZH-Alto-1/老男孩,0.0
d:\-MindEcho-main\ml_dl_models\gtsinger_multitech\dataset\raw\Chinese\ZH-Alto-1\Breathy\可乐\Breathy_Group\0009.wav,1,0.634594,5.375,Chinese,ZH-Alto-1,可乐,Chinese/ZH-Alto-1/可乐,0.47
d:\-MindEcho-main\ml_dl_models\gtsinger_multitech\dataset\raw\Chinese\ZH-Tenor-1\Pharyngeal\情歌\Pharyngeal_Group\0015.wav,0,0.638118,5.175,Chinese,ZH-Tenor-1,情歌,Chinese/ZH-Tenor-1/情歌,0.0
d:\-MindEcho-main\ml_dl_models\gtsinger_multitech\dataset\raw\Chinese\ZH-Alto-1\Mixed_Voice_and_Falsetto\时间煮雨\Falsetto_Group\0003.wav,0,0.177907,1.865,Chinese,ZH-Alto-1,时间煮雨,Chinese/ZH-Alto-1/时间煮雨,0.0
d:\-MindEcho-main\ml_dl_models\gtsinger_multitech\dataset\raw\French\FR-Soprano-1\Mixed_Voice_and_Falsetto\eviter les roses\Mixed_Voice_Group\0007.wav,0,0.40375,7.515,French,FR-Soprano-1,eviter les roses,French/FR-Soprano-1/eviter les roses,0.0
d:\-MindEcho-main\ml_dl_models\gtsinger_multitech\dataset\raw\Chinese\ZH-Alto-1\Mixed_Voice_and_Falsetto\老男孩\Control_Group\0015.wav,0,0.132012,1.252,Chinese,ZH-Alto-1,老男孩,Chinese/ZH-Alto-1/老男孩,0.0
d:\-MindEcho-main\ml_dl_models\gtsinger_multitech\dataset\raw\French\FR-Soprano-1\Glissando\la fuite\Glissando_Group\0005.wav,0,0.144406,1.39,French,FR-Soprano-1,la fuite,French/FR-Soprano-1/la fuite,0.0
d:\-MindEcho-main\ml_dl_models\gtsinger_multitech\dataset\raw\French\FR-Soprano-1\Breathy\anxiete\Breathy_Group\0000.wav,0,0.656227,6.998,French,FR-Soprano-1,anxiete,French/FR-Soprano-1/anxiete,0.0
d:\-MindEcho-main\ml_dl_models\gtsinger_multitech\dataset\raw\Chinese\ZH-Alto-1\Breathy\失落沙洲\Control_Group\0003.wav,0,0.458333,3.685,Chinese,ZH-Alto-1,失落沙洲,Chinese/ZH-Alto-1/失落沙洲,0.0
d:\-MindEcho-main\ml_dl_models\gtsinger_multitech\dataset\raw\Chinese\ZH-Tenor-1\Mixed_Voice_and_Falsetto\偏爱\Mixed_Voice_Group\0015.wav,1,0.638691,4.391,Chinese,ZH-Tenor-1,偏爱,Chinese/ZH-Tenor-1/偏爱,0.308
d:\-MindEcho-main\ml_dl_models\gtsinger_multitech\dataset\raw\Chinese\ZH-Alto-1\Mixed_Voice_and_Falsetto\告白气球\Falsetto_Group\0003.wav,1,0.327206,2.67,Chinese,ZH-Alto-1,告白气球,Chinese/ZH-Alto-1/告白气球,0.34
d:\-MindEcho-main\ml_dl_models\gtsinger_multitech\dataset\raw\Chinese\ZH-Tenor-1\Mixed_Voice_and_Falsetto\最初的梦想\Falsetto_Group\0004.wav,0,0.387526,5.53,Chinese,ZH-Tenor-1,最初的梦想,Chinese/ZH-Tenor-1/最初的梦想,0.0
d:\-MindEcho-main\ml_dl_models\gtsinger_multitech\dataset\raw\Chinese\ZH-Alto-1\Mixed_Voice_and_Falsetto\可乐\Mixed_Voice_Group\0012.wav,0,0.167836,1.435,Chinese,ZH-Alto-1,可乐,Chinese/ZH-Alto-1/可乐,0.0
d:\-MindEcho-main\ml_dl_models\gtsinger_multitech\dataset\raw\Chinese\ZH-Tenor-1\Breathy\化身孤岛的鲸\Control_Group\0018.wav,1,0.526642,4.25,Chinese,ZH-Tenor-1,化身孤岛的鲸,Chinese/ZH-Tenor-1/化身孤岛的鲸,0.26
d:\-MindEcho-main\ml_dl_models\gtsinger_multitech\dataset\raw\French\FR-Tenor-1\Glissando\manon\Control_Group\0002.wav,0,0.284972,2.768,French,FR-Tenor-1,manon,French/FR-Tenor-1/manon,0.0
d:\-MindEcho-main\ml_dl_models\gtsinger_multitech\dataset\raw\French\FR-Soprano-1\Mixed_Voice_and_Falsetto\comment deja\Mixed_Voice_Group\0000.wav,0,0.195388,1.83,French,FR-Soprano-1,comment deja,French/FR-Soprano-1/comment deja,0.0
d:\-MindEcho-main\ml_dl_models\gtsinger_multitech\dataset\raw\Chinese\ZH-Alto-1\Mixed_Voice_and_Falsetto\可乐\Mixed_Voice_Group\0012.wav,1,0.490058,4.19,Chinese,ZH-Alto-1,可乐,Chinese/ZH-Alto-1/可乐,0.36
d:\-MindEcho-main\ml_dl_models\gtsinger_multitech\dataset\raw\Chinese\ZH-Tenor-1\Mixed_Voice_and_Falsetto\老男孩\Falsetto_Group\0021.wav,0,0.608359,3.93,Chinese,ZH-Tenor-1,老男孩,Chinese/ZH-Tenor-1/老男孩,0.0
d:\-MindEcho-main\ml_dl_models\gtsinger_multitech\dataset\raw\Chinese\ZH-Alto-1\Mixed_Voice_and_Falsetto\匆匆那年\Mixed_Voice_Group\0007.wav,0,0.139059,1.36,Chinese,ZH-Alto-1,匆匆那年,Chinese/ZH-Alto-1/匆匆那年,0.0
d:\-MindEcho-main\ml_dl_models\gtsinger_multitech\dataset\raw\Chinese\ZH-Tenor-1\Breathy\不染\Breathy_Group\0011.wav,1,0.502031,3.337,Chinese,ZH-Tenor-1,不染,Chinese/ZH-Tenor-1/不染,0.42
d:\-MindEcho-main\ml_dl_models\gtsinger_multitech\dataset\raw\Chinese\ZH-Tenor-1\Glissando\大鱼\Glissando_Group\0009.wav,0,0.246341,1.515,Chinese,ZH-Tenor-1,大鱼,Chinese/ZH-Tenor-1/大鱼,0.0
d:\-MindEcho-main\ml_dl_models\gtsinger_multitech\dataset\raw\Chinese\ZH-Tenor-1\Mixed_Voice_and_Falsetto\我的歌声里\Control_Group\0003.wav,1,0.779129,6.085,Chinese,ZH-Tenor-1,我的歌声里,Chinese/ZH-Tenor-1/我的歌声里,0.35
d:\-MindEcho-main\ml_dl_models\gtsinger_multitech\dataset\raw\Chinese\ZH-Tenor-1\Mixed_Voice_and_Falsetto\倒带\Mixed_Voice_Group\0000.wav,0,0.612436,4.801,Chinese,ZH-Tenor-1,倒带,Chinese/ZH-Tenor-1/倒带,0.0
d:\-MindEcho-main\ml_dl_models\gtsinger_multitech\dataset\raw\Chinese\ZH-Tenor-1\Mixed_Voice_and_Falsetto\演员\Mixed_Voice_Group\0003.wav,1,0.627552,5.102,Chinese,ZH-Tenor-1,演员,Chinese/ZH-Tenor-1/演员,0.656
d:\-MindEcho-main\ml_dl_models\gtsinger_multitech\dataset\raw\Chinese\ZH-Alto-1\Pharyngeal\你就不要想起我\Control_Group\0007.wav,0,0.24269,1.66,Chinese,ZH-Alto-1,你就不要想起我,Chinese/ZH-Alto-1/你就不要想起我,0.0
d:\-MindEcho-main\ml_dl_models\gtsinger_multitech\dataset\raw\Chinese\ZH-Tenor-1\Mixed_Voice_and_Falsetto\残酷月光\Control_Group\0009.wav,1,0.463345,6.51,Chinese,ZH-Tenor-1,残酷月光,Chinese/ZH-Tenor-1/残酷月光,1.16
d:\-MindEcho-main\ml_dl_models\gtsinger_multitech\dataset\raw\Chinese\ZH-Tenor-1\Vibrato\我真的受伤了\Control_Group\0005.wav,0,0.468905,2.827,Chinese,ZH-Tenor-1,我真的受伤了,Chinese/ZH-Tenor-1/我真的受伤了,0.0
d:\-MindEcho-main\ml_dl_models\gtsinger_multitech\dataset\raw\French\FR-Tenor-1\Glissando\avant\Glissando_Group\0000.wav,0,0.10873,1.715,French,FR-Tenor-1,avant,French/FR-Tenor-1/avant,0.0
d:\-MindEcho-main\ml_dl_models\gtsinger_multitech\dataset\raw\Chinese\ZH-Tenor-1\Breathy\会呼吸的痛\Breathy_Group\0021.wav,0,0.150389,1.74,Chinese,ZH-Tenor-1,会呼吸的痛,Chinese/ZH-Tenor-1/会呼吸的痛,0.0
d:\-MindEcho-main\ml_dl_models\gtsinger_multitech\dataset\raw\Chinese\ZH-Tenor-1\Mixed_Voice_and_Falsetto\想自由\Falsetto_Group\0011.wav,1,0.41629,2.76,Chinese,ZH-Tenor-1,想自由,Chinese/ZH-Tenor-1/想自由,0.44
d:\-MindEcho-main\ml_dl_models\gtsinger_multitech\dataset\raw\Chinese\ZH-Alto-1\Mixed_Voice_and_Falsetto\演员\Falsetto_Group\0016.wav,0,0.142476,1.335,Chinese,ZH-Alto-1,演员,Chinese/ZH-Alto-1/演员,0.0
d:\-MindEcho-main\ml_dl_models\gtsinger_multitech\dataset\raw\Chinese\ZH-Tenor-1\Glissando\传奇\Glissando_Group\0012.wav,0,0.174539,1.515,Chinese,ZH-Tenor-1,传奇,Chinese/ZH-Tenor-1/传奇,0.0
d:\-MindEcho-main\ml_dl_models\gtsinger_multitech\dataset\raw\Chinese\ZH-Tenor-1\Mixed_Voice_and_Falsetto\最初的梦想\Control_Group\0010.wav,1,0.766443,5.71,Chinese,ZH-Tenor-1,最初的梦想,Chinese/ZH-Tenor-1/最初的梦想,0.32
d:\-MindEcho-main\ml_dl_models\gtsinger_multitech\dataset\raw\French\FR-Tenor-1\Breathy\manon\Control_Group\0014.wav,0,0.174977,2.695,French,FR-Tenor-1,manon,French/FR-Tenor-1/manon,0.0
d:\-MindEcho-main\ml_dl_models\gtsinger_multitech\dataset\raw\French\FR-Soprano-1\Glissando\pour la peine\Control_Group\0002.wav,1,0.527465,6.28,French,FR-Soprano-1,pour la peine,French/FR-Soprano-1/pour la peine,0.526
d:\-MindEcho-main\ml_dl_models\gtsinger_multitech\dataset\raw\Chinese\ZH-Tenor-1\Mixed_Voice_and_Falsetto\后来\Control_Group\0010.wav,0,0.625119,6.545,Chinese,ZH-Tenor-1,后来,Chinese/ZH-Tenor-1/后来,0.0
d:\-MindEcho-main\ml_dl_models\gtsinger_multitech\dataset\raw\Chinese\ZH-Alto-1\Mixed_Voice_and_Falsetto\化身孤岛的鲸\Mixed_Voice_Group\0011.wav,0,0.154235,1.22,Chinese,ZH-Alto-1,化身孤岛的鲸,Chinese/ZH-Alto-1/化身孤岛的鲸,0.0
d:\-MindEcho-main\ml_dl_models\gtsinger_multitech\dataset\raw\French\FR-Soprano-1\Breathy\a la vie comme a la mort\Control_Group\0000.wav,0,0.338695,2.938,French,FR-Soprano-1,a la vie comme a la mort,French/FR-Soprano-1/a la vie comme a la mort,0.0
d:\-MindEcho-main\ml_dl_models\gtsinger_multitech\dataset\raw\Chinese\ZH-Alto-1\Pharyngeal\听海\Control_Group\0011.wav,0,0.518655,4.951,Chinese,ZH-Alto-1,听海,Chinese/ZH-Alto-1/听海,0.0
d:\-MindEcho-main\ml_dl_models\gtsinger_multitech\dataset\raw\Chinese\ZH-Tenor-1\Vibrato\终于等到你\Control_Group\0006.wav,0,0.178787,1.627,Chinese,ZH-Tenor-1,终于等到你,Chinese/ZH-Tenor-1/终于等到你,0.0
d:\-MindEcho-main\ml_dl_models\gtsinger_multitech\dataset\raw\Chinese\ZH-Tenor-1\Pharyngeal\情歌\Pharyngeal_Group\0007.wav,1,0.501236,4.055,Chinese,ZH-Tenor-1,情歌,Chinese/ZH-Tenor-1/情歌,0.33
d:\-MindEcho-main\ml_dl_models\gtsinger_multitech\dataset\raw\Chinese\ZH-Alto-1\Mixed_Voice_and_Falsetto\我的歌声里\Control_Group\0009.wav,0,0.558795,5.845,Chinese,ZH-Alto-1,我的歌声里,Chinese/ZH-Alto-1/我的歌声里,0.0
d:\-MindEcho-main\ml_dl_models\gtsinger_multitech\dataset\raw\Chinese\ZH-Alto-1\Mixed_Voice_and_Falsetto\演员\Falsetto_Group\0006.wav,0,0.116527,1.255,Chinese,ZH-Alto-1,演员,Chinese/ZH-Alto-1/演员,0.0
d:\-MindEcho-main\ml_dl_models\gtsinger_multitech\dataset\raw\Chinese\ZH-Alto-1\Glissando\她说\Control_Group\0008.wav,0,0.631852,4.265,Chinese,ZH-Alto-1,她说,Chinese/ZH-Alto-1/她说,0.0
d:\-MindEcho-main\ml_dl_models\gtsinger_multitech\dataset\raw\French\FR-Soprano-1\Mixed_Voice_and_Falsetto\je vole\Mixed_Voice_Group\0001.wav,1,0.175381,2.05,French,FR-Soprano-1,je vole,French/FR-Soprano-1/je vole,1.441
d:\-MindEcho-main\ml_dl_models\gtsinger_multitech\dataset\raw\Chinese\ZH-Tenor-1\Mixed_Voice_and_Falsetto\最初的梦想\Control_Group\0000.wav,0,0.417781,3.125,Chinese,ZH-Tenor-1,最初的梦想,Chinese/ZH-Tenor-1/最初的梦想,0.0
d:\-MindEcho-main\ml_dl_models\gtsinger_multitech\dataset\raw\French\FR-Soprano-1\Mixed_Voice_and_Falsetto\la gloire a mes genoux\Mixed_Voice_Group\0002.wav,0,0.262992,3.701,French,FR-Soprano-1,la gloire a mes genoux,French/FR-Soprano-1/la gloire a mes genoux,0.0
d:\-MindEcho-main\ml_dl_models\gtsinger_multitech\dataset\raw\Chinese\ZH-Alto-1\Vibrato\南屏晚钟\Control_Group\0005.wav,1,0.341754,2.591,Chinese,ZH-Alto-1,南屏晚钟,Chinese/ZH-Alto-1/南屏晚钟,0.367
d:\-MindEcho-main\ml_dl_models\gtsinger_multitech\dataset\raw\Chinese\ZH-Alto-1\Mixed_Voice_and_Falsetto\贝加尔湖畔\Falsetto_Group\0004.wav,0,0.585757,4.915,Chinese,ZH-Alto-1,贝加尔湖畔,Chinese/ZH-Alto-1/贝加尔湖畔,0.0
d:\-MindEcho-main\ml_dl_models\gtsinger_multitech\dataset\raw\French\FR-Tenor-1\Breathy\avant\Paired_Speech_Group\0006.wav,0,0.203785,1.346,French,FR-Tenor-1,avant,French/FR-Tenor-1/avant,0.0
d:\-MindEcho-main\ml_dl_models\gtsinger_multitech\dataset\raw\Chinese\ZH-Alto-1\Breathy\默\Breathy_Group\0000.wav,1,0.498778,6.12,Chinese,ZH-Alto-1,默,Chinese/ZH-Alto-1/默,1.8
d:\-MindEcho-main\ml_dl_models\gtsinger_multitech\dataset\raw\Chinese\ZH-Alto-1\Mixed_Voice_and_Falsetto\匆匆那年\Control_Group\0015.wav,0,0.394027,4.09,Chinese,ZH-Alto-1,匆匆那年,Chinese/ZH-Alto-1/匆匆那年,0.0
d:\-MindEcho-main\ml_dl_models\gtsinger_multitech\dataset\raw\Chinese\ZH-Tenor-1\Mixed_Voice_and_Falsetto\枫\Mixed_Voice_Group\0004.wav,0,0.164512,1.4,Chinese,ZH-Tenor-1,枫,Chinese/ZH-Tenor-1/枫,0.0
d:\-MindEcho-main\ml_dl_models\gtsinger_multitech\dataset\raw\French\FR-Soprano-1\Pharyngeal\je ne sais pas choisir\Paired_Speech_Group\0006.wav,0,0.54266,2.875,French,FR-Soprano-1,je ne sais pas choisir,French/FR-Soprano-1/je ne sais pas choisir,0.0
d:\-MindEcho-main\ml_dl_models\gtsinger_multitech\dataset\raw\Chinese\ZH-Tenor-1\Mixed_Voice_and_Falsetto\全世界谁倾听你\Falsetto_Group\0007.wav,0,0.147379,1.49,Chinese,ZH-Tenor-1,全世界谁倾听你,Chinese/ZH-Tenor-1/全世界谁倾听你,0.0
d:\-MindEcho-main\ml_dl_models\gtsinger_multitech\dataset\raw\Chinese\ZH-Alto-1\Breathy\给电影人的情书\Control_Group\0007.wav,0,0.464029,5.16,Chinese,ZH-Alto-1,给电影人的情书,Chinese/ZH-Alto-1/给电影人的情书,0.0
d:\-MindEcho-main\ml_dl_models\gtsinger_multitech\dataset\raw\Chinese\ZH-Tenor-1\Mixed_Voice_and_Falsetto\可惜没如果\Falsetto_Group\0001.wav,0,0.446845,2.833,Chinese,ZH-Tenor-1,可惜没如果,Chinese/ZH-Tenor-1/可惜没如果,0.0
d:\-MindEcho-main\ml_dl_models\gtsinger_multitech\dataset\raw\French\FR-Soprano-1\Pharyngeal\les maudits mots d'amour\Pharyngeal_Group\0001.wav,1,0.55939,9.072,French,FR-Soprano-1,les maudits mots d'amour,French/FR-Soprano-1/les maudits mots d'amour,0.36
d:\-MindEcho-main\ml_dl_models\gtsinger_multitech\dataset\raw\Chinese\ZH-Tenor-1\Mixed_Voice_and_Falsetto\老男孩\Falsetto_Group\0002.wav,1,0.521739,3.36,Chinese,ZH-Tenor-1,老男孩,Chinese/ZH-Tenor-1/老男孩,0.26
d:\-MindEcho-main\ml_dl_models\gtsinger_multitech\dataset\raw\French\FR-Soprano-1\Mixed_Voice_and_Falsetto\comment deja\Falsetto_Group\0001.wav,1,0.875544,9.457,French,FR-Soprano-1,comment deja,French/FR-Soprano-1/comment deja,0.37
d:\-MindEcho-main\ml_dl_models\gtsinger_multitech\dataset\raw\Chinese\ZH-Tenor-1\Mixed_Voice_and_Falsetto\过火\Control_Group\0024.wav,0,0.123925,1.585,Chinese,ZH-Tenor-1,过火,Chinese/ZH-Tenor-1/过火,0.0
d:\-MindEcho-main\ml_dl_models\gtsinger_multitech\dataset\raw\Chinese\ZH-Tenor-1\Mixed_Voice_and_Falsetto\情歌\Falsetto_Group\0010.wav,0,0.329513,2.3,Chinese,ZH-Tenor-1,情歌,Chinese/ZH-Tenor-1/情歌,0.0
d:\-MindEcho-main\ml_dl_models\gtsinger_multitech\dataset\raw\French\FR-Soprano-1\Pharyngeal\comment dire\Pharyngeal_Group\0008.wav,0,0.07731,1.322,French,FR-Soprano-1,comment dire,French/FR-Soprano-1/comment dire,0.0
d:\-MindEcho-main\ml_dl_models\gtsinger_multitech\dataset\raw\Chinese\ZH-Alto-1\Glissando\你给我听好\Control_Group\0003.wav,0,0.641312,7.588,Chinese,ZH-Alto-1,你给我听好,Chinese/ZH-Alto-1/你给我听好,0.0
d:\-MindEcho-main\ml_dl_models\gtsinger_multitech\dataset\raw\Chinese\ZH-Alto-1\Mixed_Voice_and_Falsetto\可乐\Mixed_Voice_Group\0002.wav,1,0.512838,3.795,Chinese,ZH-Alto-1,可乐,Chinese/ZH-Alto-1/可乐,0.51
d:\-MindEcho-main\ml_dl_models\gtsinger_multitech\dataset\raw\Chinese\ZH-Tenor-1\Glissando\彩虹\Control_Group\0014.wav,0,0.266447,1.62,Chinese,ZH-Tenor-1,彩虹,Chinese/ZH-Tenor-1/彩虹,0.0
d:\-MindEcho-main\ml_dl_models\gtsinger_multitech\dataset\raw\Chinese\ZH-Alto-1\Mixed_Voice_and_Falsetto\三寸天堂\Control_Group\0011.wav,0,0.556281,3.41,Chinese,ZH-Alto-1,三寸天堂,Chinese/ZH-Alto-1/三寸天堂,0.0
d:\-MindEcho-main\ml_dl_models\gtsinger_multitech\dataset\raw\Chinese\ZH-Tenor-1\Breathy\会呼吸的痛\Control_Group\0011.wav,0,0.650684,7.125,Chinese,ZH-Tenor-1,会呼吸的痛,Chinese/ZH-Tenor-1/会呼吸的痛,0.0
d:\-MindEcho-main\ml_dl_models\gtsinger_multitech\dataset\raw\Chinese\ZH-Alto-1\Glissando\青花瓷\Control_Group\0009.wav,0,0.498787,6.579,Chinese,ZH-Alto-1,青花瓷,Chinese/ZH-Alto-1/青花瓷,0.0
d:\-MindEcho-main\ml_dl_models\gtsinger_multitech\dataset\raw\Chinese\ZH-Alto-1\Breathy\默\Breathy_Group\0002.wav,0,0.610783,4.135,Chinese,ZH-Alto-1,默,Chinese/ZH-Alto-1/默,0.0
d:\-MindEcho-main\ml_dl_models\gtsinger_multitech\dataset\raw\French\FR-Tenor-1\Mixed_Voice_and_Falsetto\Les Marionnettes\Falsetto_Group\0006.wav,1,0.90492,12.355,French,FR-Tenor-1,Les Marionnettes,French/FR-Tenor-1/Les Marionnettes,0.531
d:\-MindEcho-main\ml_dl_models\gtsinger_multitech\dataset\raw\Chinese\ZH-Tenor-1\Pharyngeal\不为谁而作的歌\Pharyngeal_Group\0005.wav,1,0.550608,4.45,Chinese,ZH-Tenor-1,不为谁而作的歌,Chinese/ZH-Tenor-1/不为谁而作的歌,0.5
d:\-MindEcho-main\ml_dl_models\gtsinger_multitech\dataset\raw\Chinese\ZH-Tenor-1\Vibrato\空白格\Vibrato_Group\0001.wav,1,0.264357,2.9,Chinese,ZH-Tenor-1,空白格,Chinese/ZH-Tenor-1/空白格,0.34
d:\-MindEcho-main\ml_dl_models\gtsinger_multitech\dataset\raw\Chinese\ZH-Tenor-1\Mixed_Voice_and_Falsetto\偏爱\Mixed_Voice_Group\0004.wav,0,0.164973,2.11,Chinese,ZH-Tenor-1,偏爱,Chinese/ZH-Tenor-1/偏爱,0.0
d:\-MindEcho-main\ml_dl_models\gtsinger_multitech\dataset\raw\French\FR-Soprano-1\Mixed_Voice_and_Falsetto\la vaguelette\Mixed_Voice_Group\0003.wav,0,0.536638,6.247,French,FR-Soprano-1,la vaguelette,French/FR-Soprano-1/la vaguelette,0.0
d:\-MindEcho-main\ml_dl_models\gtsinger_multitech\dataset\raw\French\FR-Soprano-1\Glissando\pour la peine\Glissando_Group\0007.wav,1,0.6535,6.361,French,FR-Soprano-1,pour la peine,French/FR-Soprano-1/pour la peine,1.681
d:\-MindEcho-main\ml_dl_models\gtsinger_multitech\dataset\raw\Chinese\ZH-Tenor-1\Pharyngeal\我怀念的\Pharyngeal_Group\0009.wav,1,0.523341,3.512,Chinese,ZH-Tenor-1,我怀念的,Chinese/ZH-Tenor-1/我怀念的,0.256
d:\-MindEcho-main\ml_dl_models\gtsinger_multitech\dataset\raw\Chinese\ZH-Alto-1\Mixed_Voice_and_Falsetto\给电影人的情书\Falsetto_Group\0008.wav,0,0.206873,1.535,Chinese,ZH-Alto-1,给电影人的情书,Chinese/ZH-Alto-1/给电影人的情书,0.0
d:\-MindEcho-main\ml_dl_models\gtsinger_multitech\dataset\raw\French\FR-Tenor-1\Glissando\o souverain\Glissando_Group\0012.wav,0,0.544723,4.604,French,FR-Tenor-1,o souverain,French/FR-Tenor-1/o souverain,0.0
d:\-MindEcho-main\ml_dl_models\gtsinger_multitech\dataset\raw\Chinese\ZH-Alto-1\Mixed_Voice_and_Falsetto\剑伤\Control_Group\0006.wav,1,0.396696,2.93,Chinese,ZH-Alto-1,剑伤,Chinese/ZH-Alto-1/剑伤,0.32
d:\-MindEcho-main\ml_dl_models\gtsinger_multitech\dataset\raw\Chinese\ZH-Tenor-1\Vibrato\终于等到你\Control_Group\0005.wav,0,0.499293,4.593,Chinese,ZH-Tenor-1,终于等到你,Chinese/ZH-Tenor-1/终于等到你,0.0
d:\-MindEcho-main\ml_dl_models\gtsinger_multitech\dataset\raw\French\FR-Tenor-1\Breathy\avant\Breathy_Group\0003.wav,0,0.345262,5.217,French,FR-Tenor-1,avant,French/FR-Tenor-1/avant,0.0
d:\-MindEcho-main\ml_dl_models\gtsinger_multitech\dataset\raw\French\FR-Soprano-1\Pharyngeal\comment dire\Control_Group\0007.wav,1,0.360608,4.059,French,FR-Soprano-1,comment dire,French/FR-Soprano-1/comment dire,0.756
d:\-MindEcho-main\ml_dl_models\gtsinger_multitech\dataset\raw\Chinese\ZH-Tenor-1\Pharyngeal\逆光\Control_Group\0001.wav,0,0.314859,3.571,Chinese,ZH-Tenor-1,逆光,Chinese/ZH-Tenor-1/逆光,0.0
d:\-MindEcho-main\ml_dl_models\gtsinger_multitech\dataset\raw\Chinese\ZH-Alto-1\Vibrato\不再见\Vibrato_Group\0017.wav,0,0.175389,1.575,Chinese,ZH-Alto-1,不再见,Chinese/ZH-Alto-1/不再见,0.0
d:\-MindEcho-main\ml_dl_models\gtsinger_multitech\dataset\raw\Chinese\ZH-Tenor-1\Vibrato\空白格\Control_Group\0000.wav,1,0.498647,5.895,Chinese,ZH-Tenor-1,空白格,Chinese/ZH-Tenor-1/空白格,0.95
d:\-MindEcho-main\ml_dl_models\gtsinger_multitech\dataset\raw\Chinese\ZH-Alto-1\Breathy\说谎\Control_Group\0002.wav,1,0.505017,3.473,Chinese,ZH-Alto-1,说谎,Chinese/ZH-Alto-1/说谎,0.455
d:\-MindEcho-main\ml_dl_models\gtsinger_multitech\dataset\raw\French\FR-Soprano-1\Mixed_Voice_and_Falsetto\eviter les roses\Paired_Speech_Group\0007.wav,0,0.451794,7.554,French,FR-Soprano-1,eviter les roses,French/FR-Soprano-1/eviter les roses,0.0
d:\-MindEcho-main\ml_dl_models\gtsinger_multitech\dataset\raw\Chinese\ZH-Tenor-1\Pharyngeal\雨爱\Pharyngeal_Group\0012.wav,1,0.369277,3.065,Chinese,ZH-Tenor-1,雨爱,Chinese/ZH-Tenor-1/雨爱,0.29
d:\-MindEcho-main\ml_dl_models\gtsinger_multitech\dataset\raw\Chinese\ZH-Alto-1\Breathy\说谎\Control_Group\0000.wav,0,0.105576,1.439,Chinese,ZH-Alto-1,说谎,Chinese/ZH-Alto-1/说谎,0.0
d:\-MindEcho-main\ml_dl_models\gtsinger_multitech\dataset\raw\Chinese\ZH-Tenor-1\Pharyngeal\亲爱的那不是爱情\Pharyngeal_Group\0004.wav,1,0.510536,5.815,Chinese,ZH-Tenor-1,亲爱的那不是爱情,Chinese/ZH-Tenor-1/亲爱的那不是爱情,0.39
d:\-MindEcho-main\ml_dl_models\gtsinger_multitech\dataset\raw\Chinese\ZH-Tenor-1\Vibrato\残酷月光\Control_Group\0001.wav,0,0.201779,1.27,Chinese,ZH-Tenor-1,残酷月光,Chinese/ZH-Tenor-1/残酷月光,0.0
d:\-MindEcho-main\ml_dl_models\gtsinger_multitech\dataset\raw\Chinese\ZH-Alto-1\Pharyngeal\说散就散\Control_Group\0007.wav,0,0.447595,2.81,Chinese,ZH-Alto-1,说散就散,Chinese/ZH-Alto-1/说散就散,0.0
d:\-MindEcho-main\ml_dl_models\gtsinger_multitech\dataset\raw\Chinese\ZH-Tenor-1\Glissando\倒带\Control_Group\0010.wav,0,0.511978,4.595,Chinese,ZH-Tenor-1,倒带,Chinese/ZH-Tenor-1/倒带,0.0
d:\-MindEcho-main\ml_dl_models\gtsinger_multitech\dataset\raw\Chinese\ZH-Alto-1\Glissando\时间煮雨\Glissando_Group\0014.wav,1,0.244076,1.545,Chinese,ZH-Alto-1,时间煮雨,Chinese/ZH-Alto-1/时间煮雨,0.31
d:\-MindEcho-main\ml_dl_models\gtsinger_multitech\dataset\raw\Chinese\ZH-Tenor-1\Mixed_Voice_and_Falsetto\偏爱\Falsetto_Group\0014.wav,0,0.386172,2.29,Chinese,ZH-Tenor-1,偏爱,Chinese/ZH-Tenor-1/偏爱,0.0
d:\-MindEcho-main\ml_dl_models\gtsinger_multitech\dataset\raw\Chinese\ZH-Alto-1\Glissando\奇妙能力歌\Glissando_Group\0014.wav,1,0.506842,4.445,Chinese,ZH-Alto-1,奇妙能力歌,Chinese/ZH-Alto-1/奇妙能力歌,0.37
d:\-MindEcho-main\ml_dl_models\gtsinger_multitech\dataset\raw\Chinese\ZH-Tenor-1\Mixed_Voice_and_Falsetto\过火\Control_Group\0022.wav,0,0.172476,1.435,Chinese,ZH-Tenor-1,过火,Chinese/ZH-Tenor-1/过火,0.0
d:\-MindEcho-main\ml_dl_models\gtsinger_multitech\dataset\raw\French\FR-Soprano-1\Mixed_Voice_and_Falsetto\le dernier train\Control_Group\0011.wav,1,0.64579,9.105,French,FR-Soprano-1,le dernier train,French/FR-Soprano-1/le dernier train,0.72
"d:\-MindEcho-main\ml_dl_models\gtsinger_multitech\dataset\raw\French\FR-Soprano-1\Mixed_Voice_and_Falsetto\t'es beau,t'es beau\Falsetto_Group\0001.wav",0,0.108801,1.385,French,FR-Soprano-1,"t'es beau,t'es beau","French/FR-Soprano-1/t'es beau,t'es beau",0.0
d:\-MindEcho-main\ml_dl_models\gtsinger_multitech\dataset\raw\French\FR-Tenor-1\Glissando\pourquoi\Glissando_Group\0002.wav,0,0.428374,4.503,French,FR-Tenor-1,pourquoi,French/FR-Tenor-1/pourquoi,0.0
d:\-MindEcho-main\ml_dl_models\gtsinger_multitech\dataset\raw\French\FR-Soprano-1\Mixed_Voice_and_Falsetto\chez moi\Control_Group\0000.wav,1,0.39343,3.952,French,FR-Soprano-1,chez moi,French/FR-Soprano-1/chez moi,0.5
d:\-MindEcho-main\ml_dl_models\gtsinger_multitech\dataset\raw\Chinese\ZH-Tenor-1\Mixed_Voice_and_Falsetto\我的歌声里\Mixed_Voice_Group\0010.wav,1,0.372229,2.855,Chinese,ZH-Tenor-1,我的歌声里,Chinese/ZH-Tenor-1/我的歌声里,0.95
d:\-MindEcho-main\ml_dl_models\gtsinger_multitech\dataset\raw\French\FR-Soprano-1\Mixed_Voice_and_Falsetto\lentement\Control_Group\0011.wav,0,0.186261,1.616,French,FR-Soprano-1,lentement,French/FR-Soprano-1/lentement,0.0
d:\-MindEcho-main\ml_dl_models\gtsinger_multitech\dataset\raw\Chinese\ZH-Alto-1\Glissando\青花瓷\Glissando_Group\0003.wav,1,0.668258,5.6,Chinese,ZH-Alto-1,青花瓷,Chinese/ZH-Alto-1/青花瓷,0.24
d:\-MindEcho-main\ml_dl_models\gtsinger_multitech\dataset\raw\Chinese\ZH-Tenor-1\Glissando\画心\Glissando_Group\0002.wav,0,0.353543,2.245,Chinese,ZH-Tenor-1,画心,Chinese/ZH-Tenor-1/画心,0.0
d:\-MindEcho-main\ml_dl_models\gtsinger_multitech\dataset\raw\French\FR-Soprano-1\Mixed_Voice_and_Falsetto\comment deja\Falsetto_Group\0003.wav,0,0.65221,6.143,French,FR-Soprano-1,comment deja,French/FR-Soprano-1/comment deja,0.0
d:\-MindEcho-main\ml_dl_models\gtsinger_multitech\dataset\raw\French\FR-Tenor-1\Glissando\manon\Glissando_Group\0007.wav,1,0.892617,10.848,French,FR-Tenor-1,manon,French/FR-Tenor-1/manon,0.654
d:\-MindEcho-main\ml_dl_models\gtsinger_multitech\dataset\raw\French\FR-Tenor-1\Glissando\o souverain\Glissando_Group\0015.wav,1,0.425586,4.724,French,FR-Tenor-1,o souverain,French/FR-Tenor-1/o souverain,0.37
d:\-MindEcho-main\ml_dl_models\gtsinger_multitech\dataset\raw\Chinese\ZH-Tenor-1\Vibrato\终于等到你\Vibrato_Group\0008.wav,0,0.249428,1.526,Chinese,ZH-Tenor-1,终于等到你,Chinese/ZH-Tenor-1/终于等到你,0.0
d:\-MindEcho-main\ml_dl_models\gtsinger_multitech\dataset\raw\Chinese\ZH-Tenor-1\Breathy\和你一样\Control_Group\0009.wav,1,0.245455,2.7,Chinese,ZH-Tenor-1,和你一样,Chinese/ZH-Tenor-1/和你一样,0.38
d:\-MindEcho-main\ml_dl_models\gtsinger_multitech\dataset\raw\French\FR-Tenor-1\Glissando\manon\Control_Group\0002.wav,1,0.87648,9.659,French,FR-Tenor-1,manon,French/FR-Tenor-1/manon,0.111
d:\-MindEcho-main\ml_dl_models\gtsinger_multitech\dataset\raw\Chinese\ZH-Tenor-1\Glissando\大鱼\Glissando_Group\0014.wav,0,0.567299,7.46,Chinese,ZH-Tenor-1,大鱼,Chinese/ZH-Tenor-1/大鱼,0.0
d:\-MindEcho-main\ml_dl_models\gtsinger_multitech\dataset\raw\Chinese\ZH-Tenor-1\Mixed_Voice_and_Falsetto\平凡之路\Falsetto_Group\0006.wav,0,0.507514,4.39,Chinese,ZH-Tenor-1,平凡之路,Chinese/ZH-Tenor-1/平凡之路,0.0
d:\-MindEcho-main\ml_dl_models\gtsinger_multitech\dataset\raw\Chinese\ZH-Tenor-1\Vibrato\空白格\Vibrato_Group\0001.wav,0,0.631723,6.93,Chinese,ZH-Tenor-1,空白格,Chinese/ZH-Tenor-1/空白格,0.0
d:\-MindEcho-main\ml_dl_models\gtsinger_multitech\dataset\raw\Chinese\ZH-Tenor-1\Breathy\慢慢喜欢你\Control_Group\0006.wav,0,0.206447,1.505,Chinese,ZH-Tenor-1,慢慢喜欢你,Chinese/ZH-Tenor-1/慢慢喜欢你,0.0
d:\-MindEcho-main\ml_dl_models\gtsinger_multitech\dataset\raw\Chinese\ZH-Tenor-1\Pharyngeal\全世界谁倾听你\Pharyngeal_Group\0001.wav,1,0.409966,4.895,Chinese,ZH-Tenor-1,全世界谁倾听你,Chinese/ZH-Tenor-1/全世界谁倾听你,0.35
d:\-MindEcho-main\ml_dl_models\gtsinger_multitech\dataset\raw\Chinese\ZH-Alto-1\Mixed_Voice_and_Falsetto\最长的电影\Control_Group\0009.wav,0,0.562073,4.609,Chinese,ZH-Alto-1,最长的电影,Chinese/ZH-Alto-1/最长的电影,0.0
d:\-MindEcho-main\ml_dl_models\gtsinger_multitech\dataset\raw\Chinese\ZH-Tenor-1\Breathy\和你一样\Breathy_Group\0008.wav,0,0.140768,1.54,Chinese,ZH-Tenor-1,和你一样,Chinese/ZH-Tenor-1/和你一样,0.0
d:\-MindEcho-main\ml_dl_models\gtsinger_multitech\dataset\raw\French\FR-Soprano-1\Mixed_Voice_and_Falsetto\comment deja\Falsetto_Group\0001.wav,0,0.23268,2.244,French,FR-Soprano-1,comment deja,French/FR-Soprano-1/comment deja,0.0
d:\-MindEcho-main\ml_dl_models\gtsinger_multitech\dataset\raw\Chinese\ZH-Tenor-1\Pharyngeal\全世界谁倾听你\Pharyngeal_Group\0005.wav,1,0.459515,5.055,Chinese,ZH-Tenor-1,全世界谁倾听你,Chinese/ZH-Tenor-1/全世界谁倾听你,0.29
d:\-MindEcho-main\ml_dl_models\gtsinger_multitech\dataset\raw\Chinese\ZH-Alto-1\Breathy\越过山丘\Control_Group\0004.wav,0,0.232575,1.635,Chinese,ZH-Alto-1,越过山丘,Chinese/ZH-Alto-1/越过山丘,0.0
d:\-MindEcho-main\ml_dl_models\gtsinger_multitech\dataset\raw\Chinese\ZH-Tenor-1\Mixed_Voice_and_Falsetto\过火\Falsetto_Group\0011.wav,0,0.173913,1.2,Chinese,ZH-Tenor-1,过火,Chinese/ZH-Tenor-1/过火,0.0
d:\-MindEcho-main\ml_dl_models\gtsinger_multitech\dataset\raw\Chinese\ZH-Tenor-1\Mixed_Voice_and_Falsetto\讲真的\Falsetto_Group\0019.wav,1,0.373669,3.86,Chinese,ZH-Tenor-1,讲真的,Chinese/ZH-Tenor-1/讲真的,0.4
d:\-MindEcho-main\ml_dl_models\gtsinger_multitech\dataset\raw\French\FR-Soprano-1\Pharyngeal\la terre\Control_Group\0002.wav,0,0.109806,1.312,French,FR-Soprano-1,la terre,French/FR-Soprano-1/la terre,0.0
d:\-MindEcho-main\ml_dl_models\gtsinger_multitech\dataset\raw\Chinese\ZH-Tenor-1\Glissando\大鱼\Control_Group\0011.wav,0,0.239554,1.72,Chinese,ZH-Tenor-1,大鱼,Chinese/ZH-Tenor-1/大鱼,0.0
d:\-MindEcho-main\ml_dl_models\gtsinger_multitech\dataset\raw\Chinese\ZH-Tenor-1\Mixed_Voice_and_Falsetto\演员\Mixed_Voice_Group\0014.wav,0,0.141756,1.462,Chinese,ZH-Tenor-1,演员,Chinese/ZH-Tenor-1/演员,0.0
d:\-MindEcho-main\ml_dl_models\gtsinger_multitech\dataset\raw\Chinese\ZH-Tenor-1\Breathy\和你一样\Breathy_Group\0012.wav,0,0.628286,5.975,Chinese,ZH-Tenor-1,和你一样,Chinese/ZH-Tenor-1/和你一样,0.0
d:\-MindEcho-main\ml_dl_models\gtsinger_multitech\dataset\raw\French\FR-Tenor-1\Glissando\o souverain\Glissando_Group\0015.wav,1,0.891892,10.865,French,FR-Tenor-1,o souverain,French/FR-Tenor-1/o souverain,0.47
d:\-MindEcho-main\ml_dl_models\gtsinger_multitech\dataset\raw\French\FR-Soprano-1\Pharyngeal\la terre\Pharyngeal_Group\0000.wav,1,0.91332,13.504,French,FR-Soprano-1,la terre,French/FR-Soprano-1/la terre,0.68
d:\-MindEcho-main\ml_dl_models\gtsinger_multitech\dataset\raw\French\FR-Soprano-1\Mixed_Voice_and_Falsetto\lentement\Falsetto_Group\0005.wav,0,0.571554,7.76,French,FR-Soprano-1,lentement,French/FR-Soprano-1/lentement,0.0
d:\-MindEcho-main\ml_dl_models\gtsinger_multitech\dataset\raw\Chinese\ZH-Alto-1\Breathy\越过山丘\Control_Group\0011.wav,0,0.434017,5.295,Chinese,ZH-Alto-1,越过山丘,Chinese/ZH-Alto-1/越过山丘,0.0
d:\-MindEcho-main\ml_dl_models\gtsinger_multitech\dataset\raw\French\FR-Soprano-1\Glissando\dingdong\Control_Group\0003.wav,1,0.681332,7.008,French,FR-Soprano-1,dingdong,French/FR-Soprano-1/dingdong,0.891
d:\-MindEcho-main\ml_dl_models\gtsinger_multitech\dataset\raw\Chinese\ZH-Tenor-1\Glissando\我的歌声里\Control_Group\0001.wav,1,0.659202,6.77,Chinese,ZH-Tenor-1,我的歌声里,Chinese/ZH-Tenor-1/我的歌声里,2.2
d:\-MindEcho-main\ml_dl_models\gtsinger_multitech\dataset\raw\Chinese\ZH-Tenor-1\Breathy\慢慢喜欢你\Breathy_Group\0003.wav,0,0.125095,1.645,Chinese,ZH-Tenor-1,慢慢喜欢你,Chinese/ZH-Tenor-1/慢慢喜欢你,0.0
d:\-MindEcho-main\ml_dl_models\gtsinger_multitech\dataset\raw\Chinese\ZH-Alto-1\Pharyngeal\隐形的翅膀\Control_Group\0012.wav,0,0.683743,5.005,Chinese,ZH-Alto-1,隐形的翅膀,Chinese/ZH-Alto-1/隐形的翅膀,0.0
d:\-MindEcho-main\ml_dl_models\gtsinger_multitech\dataset\raw\French\FR-Soprano-1\Glissando\pour la peine\Control_Group\0002.wav,1,0.678733,8.081,French,FR-Soprano-1,pour la peine,French/FR-Soprano-1/pour la peine,0.366
d:\-MindEcho-main\ml_dl_models\gtsinger_multitech\dataset\raw\Chinese\ZH-Tenor-1\Mixed_Voice_and_Falsetto\修炼爱情\Mixed_Voice_Group\0002.wav,0,0.198463,2.195,Chinese,ZH-Tenor-1,修炼爱情,Chinese/ZH-Tenor-1/修炼爱情,0.0
d:\-MindEcho-main\ml_dl_models\gtsinger_multitech\dataset\raw\Chinese\ZH-Alto-1\Breathy\知足\Control_Group\0014.wav,0,0.17039,1.266,Chinese,ZH-Alto-1,知足,Chinese/ZH-Alto-1/知足,0.0
d:\-MindEcho-main\ml_dl_models\gtsinger_multitech\dataset\raw\Chinese\ZH-Alto-1\Vibrato\奇妙能力歌\Vibrato_Group\0009.wav,1,0.434174,3.1,Chinese,ZH-Alto-1,奇妙能力歌,Chinese/ZH-Alto-1/奇妙能力歌,0.36
d:\-MindEcho-main\ml_dl_models\gtsinger_multitech\dataset\raw\Chinese\ZH-Tenor-1\Mixed_Voice_and_Falsetto\演员\Falsetto_Group\0013.wav,0,0.587737,6.005,Chinese,ZH-Tenor-1,演员,Chinese/ZH-Tenor-1/演员,0.0
d:\-MindEcho-main\ml_dl_models\gtsinger_multitech\dataset\raw\Chinese\ZH-Alto-1\Mixed_Voice_and_Falsetto\告白气球\Falsetto_Group\0007.wav,0,0.212349,1.41,Chinese,ZH-Alto-1,告白气球,Chinese/ZH-Alto-1/告白气球,0.0
d:\-MindEcho-main\ml_dl_models\gtsinger_multitech\dataset\raw\Chinese\ZH-Alto-1\Pharyngeal\隐形的翅膀\Pharyngeal_Group\0007.wav,1,0.334842,2.22,Chinese,ZH-Alto-1,隐形的翅膀,Chinese/ZH-Alto-1/隐形的翅膀,0.34
d:\-MindEcho-main\ml_dl_models\gtsinger_multitech\dataset\raw\Chinese\ZH-Alto-1\Vibrato\不再见\Control_Group\0009.wav,0,0.566438,4.135,Chinese,ZH-Alto-1,不再见,Chinese/ZH-Alto-1/不再见,0.0
d:\-MindEcho-main\ml_dl_models\gtsinger_multitech\dataset\raw\Chinese\ZH-Alto-1\Pharyngeal\说散就散\Control_Group\0008.wav,1,0.248512,1.92,Chinese,ZH-Alto-1,说散就散,Chinese/ZH-Alto-1/说散就散,0.22
d:\-MindEcho-main\ml_dl_models\gtsinger_multitech\dataset\raw\French\FR-Soprano-1\Breathy\adieu mon homme\Control_Group\0002.wav,1,0.106176,0.576,French,FR-Soprano-1,adieu mon homme,French/FR-Soprano-1/adieu mon homme,1.151
d:\-MindEcho-main\ml_dl_models\gtsinger_multitech\dataset\raw\Chinese\ZH-Tenor-1\Breathy\传奇\Breathy_Group\0011.wav,0,0.115646,1.53,Chinese,ZH-Tenor-1,传奇,Chinese/ZH-Tenor-1/传奇,0.0
d:\-MindEcho-main\ml_dl_models\gtsinger_multitech\dataset\raw\Chinese\ZH-Alto-1\Pharyngeal\崇拜\Control_Group\0006.wav,1,0.486429,3.405,Chinese,ZH-Alto-1,崇拜,Chinese/ZH-Alto-1/崇拜,0.33
d:\-MindEcho-main\ml_dl_models\gtsinger_multitech\dataset\raw\Chinese\ZH-Tenor-1\Mixed_Voice_and_Falsetto\不能说的秘密\Mixed_Voice_Group\0009.wav,0,0.240894,1.508,Chinese,ZH-Tenor-1,不能说的秘密,Chinese/ZH-Tenor-1/不能说的秘密,0.0
d:\-MindEcho-main\ml_dl_models\gtsinger_multitech\dataset\raw\French\FR-Tenor-1\Breathy\o souverain\Breathy_Group\0002.wav,0,0.108072,1.308,French,FR-Tenor-1,o souverain,French/FR-Tenor-1/o souverain,0.0
d:\-MindEcho-main\ml_dl_models\gtsinger_multitech\dataset\raw\Chinese\ZH-Alto-1\Breathy\匆匆那年\Breathy_Group\0006.wav,0,0.130365,1.215,Chinese,ZH-Alto-1,匆匆那年,Chinese/ZH-Alto-1/匆匆那年,0.0
d:\-MindEcho-main\ml_dl_models\gtsinger_multitech\dataset\raw\Chinese\ZH-Alto-1\Mixed_Voice_and_Falsetto\告白气球\Control_Group\0003.wav,0,0.15848,1.355,Chinese,ZH-Alto-1,告白气球,Chinese/ZH-Alto-1/告白气球,0.0
d:\-MindEcho-main\ml_dl_models\gtsinger_multitech\dataset\raw\French\FR-Soprano-1\Mixed_Voice_and_Falsetto\le dernier train\Control_Group\0000.wav,1,0.498296,5.85,French,FR-Soprano-1,le dernier train,French/FR-Soprano-1/le dernier train,1.034
d:\-MindEcho-main\ml_dl_models\gtsinger_multitech\dataset\raw\Chinese\ZH-Alto-1\Mixed_Voice_and_Falsetto\终于等到你\Falsetto_Group\0007.wav,0,0.473878,5.796,Chinese,ZH-Alto-1,终于等到你,Chinese/ZH-Alto-1/终于等到你,0.0
d:\-MindEcho-main\ml_dl_models\gtsinger_multitech\dataset\raw\French\FR-Soprano-1\Breathy\les passagers du vent\Breathy_Group\0007.wav,0,0.083924,1.445,French,FR-Soprano-1,les passagers du vent,French/FR-Soprano-1/les passagers du vent,0.0
d:\-MindEcho-main\ml_dl_models\gtsinger_multitech\dataset\raw\French\FR-Soprano-1\Pharyngeal\lassasymphonie\Pharyngeal_Group\0013.wav,0,0.830887,7.812,French,FR-Soprano-1,lassasymphonie,French/FR-Soprano-1/lassasymphonie,0.0
d:\-MindEcho-main\ml_dl_models\gtsinger_multitech\dataset\raw\Chinese\ZH-Alto-1\Mixed_Voice_and_Falsetto\匆匆那年\Control_Group\0014.wav,0,0.571782,3.465,Chinese,ZH-Alto-1,匆匆那年,Chinese/ZH-Alto-1/匆匆那年,0.0
d:\-MindEcho-main\ml_dl_models\gtsinger_multitech\dataset\raw\French\FR-Soprano-1\Glissando\le jardin des roses\Glissando_Group\0001.wav,0,0.66645,8.206,French,FR-Soprano-1,le jardin des roses,French/FR-Soprano-1/le jardin des roses,0.0
d:\-MindEcho-main\ml_dl_models\gtsinger_multitech\dataset\raw\French\FR-Soprano-1\Pharyngeal\l'amour\Control_Group\0000.wav,0,0.524239,7.559,French,FR-Soprano-1,l'amour,French/FR-Soprano-1/l'amour,0.0
d:\-MindEcho-main\ml_dl_models\gtsinger_multitech\dataset\raw\French\FR-Soprano-1\Mixed_Voice_and_Falsetto\la vaguelette\Paired_Speech_Group\0002.wav,0,0.578446,4.904,French,FR-Soprano-1,la vaguelette,French/FR-Soprano-1/la vaguelette,0.0
d:\-MindEcho-main\ml_dl_models\gtsinger_multitech\dataset\raw\French\FR-Soprano-1\Breathy\le balcon\Paired_Speech_Group\0011.wav,0,0.32003,1.692,French,FR-Soprano-1,le balcon,French/FR-Soprano-1/le balcon,0.0
d:\-MindEcho-main\ml_dl_models\gtsinger_multitech\dataset\raw\Chinese\ZH-Tenor-1\Mixed_Voice_and_Falsetto\全世界谁倾听你\Falsetto_Group\0004.wav,0,0.578773,5.764,Chinese,ZH-Tenor-1,全世界谁倾听你,Chinese/ZH-Tenor-1/全世界谁倾听你,0.0
d:\-MindEcho-main\ml_dl_models\gtsinger_multitech\dataset\raw\French\FR-Soprano-1\Mixed_Voice_and_Falsetto\le dernier train\Mixed_Voice_Group\0007.wav,1,0.694085,6.03,French,FR-Soprano-1,le dernier train,French/FR-Soprano-1/le dernier train,1.091
d:\-MindEcho-main\ml_dl_models\gtsinger_multitech\dataset\raw\Chinese\ZH-Tenor-1\Glissando\十年\Glissando_Group\0003.wav,0,0.144058,1.285,Chinese,ZH-Tenor-1,十年,Chinese/ZH-Tenor-1/十年,0.0
d:\-MindEcho-main\ml_dl_models\gtsinger_multitech\dataset\raw\French\FR-Soprano-1\Breathy\le balcon\Control_Group\0013.wav,0,0.411715,3.63,French,FR-Soprano-1,le balcon,French/FR-Soprano-1/le balcon,0.0
d:\-MindEcho-main\ml_dl_models\gtsinger_multitech\dataset\raw\Chinese\ZH-Tenor-1\Mixed_Voice_and_Falsetto\全世界谁倾听你\Falsetto_Group\0002.wav,1,0.503175,4.755,Chinese,ZH-Tenor-1,全世界谁倾听你,Chinese/ZH-Tenor-1/全世界谁倾听你,0.63
d:\-MindEcho-main\ml_dl_models\gtsinger_multitech\dataset\raw\Chinese\ZH-Tenor-1\Breathy\化身孤岛的鲸\Breathy_Group\0010.wav,0,0.195559,1.365,Chinese,ZH-Tenor-1,化身孤岛的鲸,Chinese/ZH-Tenor-1/化身孤岛的鲸,0.0
d:\-MindEcho-main\ml_dl_models\gtsinger_multitech\dataset\raw\Chinese\ZH-Tenor-1\Mixed_Voice_and_Falsetto\倒带\Control_Group\0012.wav,0,0.629609,6.145,Chinese,ZH-Tenor-1,倒带,Chinese/ZH-Tenor-1/倒带,0.0
d:\-MindEcho-main\ml_dl_models\gtsinger_multitech\dataset\raw\Chinese\ZH-Alto-1\Pharyngeal\没那么简单\Control_Group\0001.wav,0,0.361068,2.74,Chinese,ZH-Alto-1,没那么简单,Chinese/ZH-Alto-1/没那么简单,0.0
d:\-MindEcho-main\ml_dl_models\gtsinger_multitech\dataset\raw\French\FR-Soprano-1\Mixed_Voice_and_Falsetto\la gloire a mes genoux\Falsetto_Group\0001.wav,1,0.360505,3.286,French,FR-Soprano-1,la gloire a mes genoux,French/FR-Soprano-1/la gloire a mes genoux,0.11
d:\-MindEcho-main\ml_dl_models\gtsinger_multitech\dataset\raw\Chinese\ZH-Tenor-1\Pharyngeal\情歌\Control_Group\0000.wav,0,0.453402,3.065,Chinese,ZH-Tenor-1,情歌,Chinese/ZH-Tenor-1/情歌,0.0
d:\-MindEcho-main\ml_dl_models\gtsinger_multitech\dataset\raw\Chinese\ZH-Tenor-1\Breathy\和你一样\Control_Group\0011.wav,1,0.544889,5.705,Chinese,ZH-Tenor-1,和你一样,Chinese/ZH-Tenor-1/和你一样,0.25
d:\-MindEcho-main\ml_dl_models\gtsinger_multitech\dataset\raw\Chinese\ZH-Tenor-1\Glissando\不染\Glissando_Group\0020.wav,0,0.227946,1.54,Chinese,ZH-Tenor-1,不染,Chinese/ZH-Tenor-1/不染,0.0
d:\-MindEcho-main\ml_dl_models\gtsinger_multitech\dataset\raw\Chinese\ZH-Tenor-1\Pharyngeal\最初的梦想\Control_Group\0017.wav,1,0.31369,2.635,Chinese,ZH-Tenor-1,最初的梦想,Chinese/ZH-Tenor-1/最初的梦想,0.27
d:\-MindEcho-main\ml_dl_models\gtsinger_multitech\dataset\raw\French\FR-Soprano-1\Mixed_Voice_and_Falsetto\la vaguelette\Mixed_Voice_Group\0004.wav,0,0.178071,2.111,French,FR-Soprano-1,la vaguelette,French/FR-Soprano-1/la vaguelette,0.0
d:\-MindEcho-main\ml_dl_models\gtsinger_multitech\dataset\raw\French\FR-Soprano-1\Breathy\soleil solleil\Paired_Speech_Group\0009.wav,0,0.581953,3.337,French,FR-Soprano-1,soleil solleil,French/FR-Soprano-1/soleil solleil,0.0
d:\-MindEcho-main\ml_dl_models\gtsinger_multitech\dataset\raw\French\FR-Soprano-1\Breathy\le balcon\Breathy_Group\0005.wav,0,0.488544,6.373,French,FR-Soprano-1,le balcon,French/FR-Soprano-1/le balcon,0.0
d:\-MindEcho-main\ml_dl_models\gtsinger_multitech\dataset\raw\Chinese\ZH-Tenor-1\Vibrato\残酷月光\Control_Group\0000.wav,0,0.637187,4.575,Chinese,ZH-Tenor-1,残酷月光,Chinese/ZH-Tenor-1/残酷月光,0.0
d:\-MindEcho-main\ml_dl_models\gtsinger_multitech\dataset\raw\French\FR-Soprano-1\Mixed_Voice_and_Falsetto\magic boul'vard\Paired_Speech_Group\0001.wav,0,0.318758,1.232,French,FR-Soprano-1,magic boul'vard,French/FR-Soprano-1/magic boul'vard,0.0
d:\-MindEcho-main\ml_dl_models\gtsinger_multitech\dataset\raw\French\FR-Soprano-1\Glissando\donnez-moi\Glissando_Group\0002.wav,1,0.105226,0.61,French,FR-Soprano-1,donnez-moi,French/FR-Soprano-1/donnez-moi,1.22
d:\-MindEcho-main\ml_dl_models\gtsinger_multitech\dataset\raw\French\FR-Soprano-1\Mixed_Voice_and_Falsetto\magic boul'vard\Control_Group\0013.wav,1,0.61885,8.037,French,FR-Soprano-1,magic boul'vard,French/FR-Soprano-1/magic boul'vard,0.87
d:\-MindEcho-main\ml_dl_models\gtsinger_multitech\dataset\raw\Chinese\ZH-Tenor-1\Mixed_Voice_and_Falsetto\老男孩\Control_Group\0015.wav,1,0.51014,3.27,Chinese,ZH-Tenor-1,老男孩,Chinese/ZH-Tenor-1/老男孩,0.24
d:\-MindEcho-main\ml_dl_models\gtsinger_multitech\dataset\raw\Chinese\ZH-Tenor-1\Mixed_Voice_and_Falsetto\想自由\Control_Group\0014.wav,0,0.641608,4.071,Chinese,ZH-Tenor-1,想自由,Chinese/ZH-Tenor-1/想自由,0.0
d:\-MindEcho-main\ml_dl_models\gtsinger_multitech\dataset\raw\Chinese\ZH-Tenor-1\Pharyngeal\雨爱\Pharyngeal_Group\0001.wav,0,0.631384,5.07,Chinese,ZH-Tenor-1,雨爱,Chinese/ZH-Tenor-1/雨爱,0.0
d:\-MindEcho-main\ml_dl_models\gtsinger_multitech\dataset\raw\Chinese\ZH-Alto-1\Breathy\失落沙洲\Breathy_Group\0000.wav,1,0.839631,9.555,Chinese,ZH-Alto-1,失落沙洲,Chinese/ZH-Alto-1/失落沙洲,0.45
d:\-MindEcho-main\ml_dl_models\gtsinger_multitech\dataset\raw\Chinese\ZH-Tenor-1\Vibrato\心动\Control_Group\0016.wav,1,0.634098,9.64,Chinese,ZH-Tenor-1,心动,Chinese/ZH-Tenor-1/心动,0.76
d:\-MindEcho-main\ml_dl_models\gtsinger_multitech\dataset\raw\Chinese\ZH-Tenor-1\Vibrato\水星记\Control_Group\0014.wav,0,0.381535,5.765,Chinese,ZH-Tenor-1,水星记,Chinese/ZH-Tenor-1/水星记,0.0
d:\-MindEcho-main\ml_dl_models\gtsinger_multitech\dataset\raw\French\FR-Soprano-1\Vibrato\eden eden\Control_Group\0014.wav,1,0.527995,5.338,French,FR-Soprano-1,eden eden,French/FR-Soprano-1/eden eden,0.185
d:\-MindEcho-main\ml_dl_models\gtsinger_multitech\dataset\raw\Chinese\ZH-Tenor-1\Breathy\和你一样\Control_Group\0008.wav,1,0.506364,5.57,Chinese,ZH-Tenor-1,和你一样,Chinese/ZH-Tenor-1/和你一样,0.46
d:\-MindEcho-main\ml_dl_models\gtsinger_multitech\dataset\raw\Chinese\ZH-Alto-1\Vibrato\南山南\Control_Group\0012.wav,0,0.182002,1.345,Chinese,ZH-Alto-1,南山南,Chinese/ZH-Alto-1/南山南,0.0
d:\-MindEcho-main\ml_dl_models\gtsinger_multitech\dataset\raw\Chinese\ZH-Alto-1\Glissando\温柔\Control_Group\0008.wav,0,0.410715,2.99,Chinese,ZH-Alto-1,温柔,Chinese/ZH-Alto-1/温柔,0.0
d:\-MindEcho-main\ml_dl_models\gtsinger_multitech\dataset\raw\Chinese\ZH-Tenor-1\Breathy\和你一样\Breathy_Group\0007.wav,1,0.500912,5.495,Chinese,ZH-Tenor-1,和你一样,Chinese/ZH-Tenor-1/和你一样,0.39
d:\-MindEcho-main\ml_dl_models\gtsinger_multitech\dataset\raw\Chinese\ZH-Tenor-1\Mixed_Voice_and_Falsetto\演员\Mixed_Voice_Group\0005.wav,0,0.140913,1.46,Chinese,ZH-Tenor-1,演员,Chinese/ZH-Tenor-1/演员,0.0
d:\-MindEcho-main\ml_dl_models\gtsinger_multitech\dataset\raw\Chinese\ZH-Tenor-1\Mixed_Voice_and_Falsetto\偏爱\Mixed_Voice_Group\0017.wav,1,0.389566,2.875,Chinese,ZH-Tenor-1,偏爱,Chinese/ZH-Tenor-1/偏爱,0.21
d:\-MindEcho-main\ml_dl_models\gtsinger_multitech\dataset\raw\Chinese\ZH-Tenor-1\Mixed_Voice_and_Falsetto\偏爱\Control_Group\0015.wav,1,0.633363,4.336,Chinese,ZH-Tenor-1,偏爱,Chinese/ZH-Tenor-1/偏爱,0.288
d:\-MindEcho-main\ml_dl_models\gtsinger_multitech\dataset\raw\French\FR-Soprano-1\Pharyngeal\lassasymphonie\Paired_Speech_Group\0011.wav,0,0.411857,2.105,French,FR-Soprano-1,lassasymphonie,French/FR-Soprano-1/lassasymphonie,0.0
d:\-MindEcho-main\ml_dl_models\gtsinger_multitech\dataset\raw\French\FR-Tenor-1\Glissando\pourquoi\Control_Group\0000.wav,1,0.917949,14.033,French,FR-Tenor-1,pourquoi,French/FR-Tenor-1/pourquoi,1.184
d:\-MindEcho-main\ml_dl_models\gtsinger_multitech\dataset\raw\Chinese\ZH-Alto-1\Glissando\温柔\Glissando_Group\0006.wav,0,0.574639,3.58,Chinese,ZH-Alto-1,温柔,Chinese/ZH-Alto-1/温柔,0.0
d:\-MindEcho-main\ml_dl_models\gtsinger_multitech\dataset\raw\Chinese\ZH-Alto-1\Breathy\匆匆那年\Breathy_Group\0010.wav,0,0.112773,1.395,Chinese,ZH-Alto-1,匆匆那年,Chinese/ZH-Alto-1/匆匆那年,0.0
d:\-MindEcho-main\ml_dl_models\gtsinger_multitech\dataset\raw\French\FR-Soprano-1\Mixed_Voice_and_Falsetto\eviter les roses\Control_Group\0006.wav,0,0.387164,3.553,French,FR-Soprano-1,eviter les roses,French/FR-Soprano-1/eviter les roses,0.0
d:\-MindEcho-main\ml_dl_models\gtsinger_multitech\dataset\raw\Chinese\ZH-Alto-1\Mixed_Voice_and_Falsetto\老男孩\Falsetto_Group\0012.wav,1,0.561644,4.1,Chinese,ZH-Alto-1,老男孩,Chinese/ZH-Alto-1/老男孩,0.38
d:\-MindEcho-main\ml_dl_models\gtsinger_multitech\dataset\raw\Chinese\ZH-Tenor-1\Mixed_Voice_and_Falsetto\走着走着就散了\Control_Group\0009.wav,0,0.401398,2.585,Chinese,ZH-Tenor-1,走着走着就散了,Chinese/ZH-Tenor-1/走着走着就散了,0.0
d:\-MindEcho-main\ml_dl_models\gtsinger_multitech\dataset\raw\French\FR-Soprano-1\Mixed_Voice_and_Falsetto\mustang cabriolet\Falsetto_Group\0009.wav,1,0.699063,13.052,French,FR-Soprano-1,mustang cabriolet,French/FR-Soprano-1/mustang cabriolet,2.093
d:\-MindEcho-main\ml_dl_models\gtsinger_multitech\dataset\raw\French\FR-Tenor-1\Glissando\Les Marionnettes\Control_Group\0000.wav,1,0.921182,14.78,French,FR-Tenor-1,Les Marionnettes,French/FR-Tenor-1/Les Marionnettes,0.89
d:\-MindEcho-main\ml_dl_models\gtsinger_multitech\dataset\raw\Chinese\ZH-Alto-1\Mixed_Voice_and_Falsetto\三寸天堂\Mixed_Voice_Group\0002.wav,0,0.226678,1.385,Chinese,ZH-Alto-1,三寸天堂,Chinese/ZH-Alto-1/三寸天堂,0.0
d:\-MindEcho-main\ml_dl_models\gtsinger_multitech\dataset\raw\French\FR-Tenor-1\Glissando\o souverain\Glissando_Group\0000.wav,0,0.216763,2.325,French,FR-Tenor-1,o souverain,French/FR-Tenor-1/o souverain,0.0
d:\-MindEcho-main\ml_dl_models\gtsinger_multitech\dataset\raw\Chinese\ZH-Tenor-1\Mixed_Voice_and_Falsetto\青花瓷\Mixed_Voice_Group\0010.wav,0,0.392804,2.62,Chinese,ZH-Tenor-1,青花瓷,Chinese/ZH-Tenor-1/青花瓷,0.0
d:\-MindEcho-main\ml_dl_models\gtsinger_multitech\dataset\raw\Chinese\ZH-Tenor-1\Pharyngeal\我怀念的\Pharyngeal_Group\0003.wav,1,0.164414,1.825,Chinese,ZH-Tenor-1,我怀念的,Chinese/ZH-Tenor-1/我怀念的,0.25
d:\-MindEcho-main\ml_dl_models\gtsinger_multitech\dataset\raw\Chinese\ZH-Tenor-1\Glissando\彩虹\Glissando_Group\0005.wav,0,0.126843,1.583,Chinese,ZH-Tenor-1,彩虹,Chinese/ZH-Tenor-1/彩虹,0.0
d:\-MindEcho-main\ml_dl_models\gtsinger_multitech\dataset\raw\Chinese\ZH-Alto-1\Mixed_Voice_and_Falsetto\后来\Mixed_Voice_Group\0009.wav,1,0.231997,2.835,Chinese,ZH-Alto-1,后来,Chinese/ZH-Alto-1/后来,0.37
d:\-MindEcho-main\ml_dl_models\gtsinger_multitech\dataset\raw\Chinese\ZH-Alto-1\Glissando\她说\Control_Group\0005.wav,0,0.565015,3.65,Chinese,ZH-Alto-1,她说,Chinese/ZH-Alto-1/她说,0.0
d:\-MindEcho-main\ml_dl_models\gtsinger_multitech\dataset\raw\Chinese\ZH-Alto-1\Mixed_Voice_and_Falsetto\演员\Mixed_Voice_Group\0000.wav,1,0.428021,3.33,Chinese,ZH-Alto-1,演员,Chinese/ZH-Alto-1/演员,0.82
d:\-MindEcho-main\ml_dl_models\gtsinger_multitech\dataset\raw\French\FR-Soprano-1\Pharyngeal\lassasymphonie\Control_Group\0010.wav,1,0.881668,9.956,French,FR-Soprano-1,lassasymphonie,French/FR-Soprano-1/lassasymphonie,0.37
d:\-MindEcho-main\ml_dl_models\gtsinger_multitech\dataset\raw\Chinese\ZH-Tenor-1\Mixed_Voice_and_Falsetto\最初的梦想\Falsetto_Group\0005.wav,0,0.564,7.05,Chinese,ZH-Tenor-1,最初的梦想,Chinese/ZH-Tenor-1/最初的梦想,0.0
d:\-MindEcho-main\ml_dl_models\gtsinger_multitech\dataset\raw\Chinese\ZH-Alto-1\Mixed_Voice_and_Falsetto\后来\Control_Group\0011.wav,0,0.176064,1.655,Chinese,ZH-Alto-1,后来,Chinese/ZH-Alto-1/后来,0.0
d:\-MindEcho-main\ml_dl_models\gtsinger_multitech\dataset\raw\Chinese\ZH-Alto-1\Mixed_Voice_and_Falsetto\贝加尔湖畔\Mixed_Voice_Group\0011.wav,1,0.339744,3.445,Chinese,ZH-Alto-1,贝加尔湖畔,Chinese/ZH-Alto-1/贝加尔湖畔,0.67
d:\-MindEcho-main\ml_dl_models\gtsinger_multitech\dataset\raw\Chinese\ZH-Alto-1\Mixed_Voice_and_Falsetto\剑伤\Mixed_Voice_Group\0001.wav,0,0.20722,1.521,Chinese,ZH-Alto-1,剑伤,Chinese/ZH-Alto-1/剑伤,0.0
"d:\-MindEcho-main\ml_dl_models\gtsinger_multitech\dataset\raw\French\FR-Soprano-1\Mixed_Voice_and_Falsetto\t'es beau,t'es beau\Falsetto_Group\0003.wav",1,0.5917,10.715,French,FR-Soprano-1,"t'es beau,t'es beau","French/FR-Soprano-1/t'es beau,t'es beau",1.801
d:\-MindEcho-main\ml_dl_models\gtsinger_multitech\dataset\raw\Chinese\ZH-Alto-1\Glissando\温柔\Glissando_Group\0008.wav,0,0.425517,3.085,Chinese,ZH-Alto-1,温柔,Chinese/ZH-Alto-1/温柔,0.0
d:\-MindEcho-main\ml_dl_models\gtsinger_multitech\dataset\raw\Chinese\ZH-Alto-1\Pharyngeal\小幸运\Pharyngeal_Group\0005.wav,1,0.492126,3.125,Chinese,ZH-Alto-1,小幸运,Chinese/ZH-Alto-1/小幸运,0.37
d:\-MindEcho-main\ml_dl_models\gtsinger_multitech\dataset\raw\Chinese\ZH-Tenor-1\Vibrato\心动\Vibrato_Group\0008.wav,0,0.115163,1.62,Chinese,ZH-Tenor-1,心动,Chinese/ZH-Tenor-1/心动,0.0
d:\-MindEcho-main\ml_dl_models\gtsinger_multitech\dataset\raw\Chinese\ZH-Tenor-1\Mixed_Voice_and_Falsetto\情歌\Mixed_Voice_Group\0006.wav,0,0.654899,3.924,Chinese,ZH-Tenor-1,情歌,Chinese/ZH-Tenor-1/情歌,0.0
d:\-MindEcho-main\ml_dl_models\gtsinger_multitech\dataset\raw\Chinese\ZH-Tenor-1\Mixed_Voice_and_Falsetto\失落沙洲\Mixed_Voice_Group\0007.wav,0,0.118056,1.275,Chinese,ZH-Tenor-1,失落沙洲,Chinese/ZH-Tenor-1/失落沙洲,0.0
d:\-MindEcho-main\ml_dl_models\gtsinger_multitech\dataset\raw\French\FR-Soprano-1\Pharyngeal\comment dire\Control_Group\0002.wav,1,0.185597,1.634,French,FR-Soprano-1,comment dire,French/FR-Soprano-1/comment dire,0.428
d:\-MindEcho-main\ml_dl_models\gtsinger_multitech\dataset\raw\French\FR-Soprano-1\Breathy\le balcon\Breathy_Group\0000.wav,1,0.865093,8.344,French,FR-Soprano-1,le balcon,French/FR-Soprano-1/le balcon,1.102
d:\-MindEcho-main\ml_dl_models\gtsinger_multitech\dataset\raw\Chinese\ZH-Alto-1\Mixed_Voice_and_Falsetto\三寸天堂\Falsetto_Group\0002.wav,1,0.295083,1.8,Chinese,ZH-Alto-1,三寸天堂,Chinese/ZH-Alto-1/三寸天堂,0.34
d:\-MindEcho-main\ml_dl_models\gtsinger_multitech\dataset\raw\Chinese\ZH-Alto-1\Mixed_Voice_and_Falsetto\最长的电影\Falsetto_Group\0001.wav,0,0.596715,4.905,Chinese,ZH-Alto-1,最长的电影,Chinese/ZH-Alto-1/最长的电影,0.0
d:\-MindEcho-main\ml_dl_models\gtsinger_multitech\dataset\raw\Chinese\ZH-Alto-1\Mixed_Voice_and_Falsetto\奇妙能力歌\Falsetto_Group\0000.wav,0,0.178572,1.475,Chinese,ZH-Alto-1,奇妙能力歌,Chinese/ZH-Alto-1/奇妙能力歌,0.0
d:\-MindEcho-main\ml_dl_models\gtsinger_multitech\dataset\raw\French\FR-Soprano-1\Mixed_Voice_and_Falsetto\la vaguelette\Mixed_Voice_Group\0001.wav,0,0.240132,2.695,French,FR-Soprano-1,la vaguelette,French/FR-Soprano-1/la vaguelette,0.0
d:\-MindEcho-main\ml_dl_models\gtsinger_multitech\dataset\raw\Chinese\ZH-Tenor-1\Mixed_Voice_and_Falsetto\残酷月光\Mixed_Voice_Group\0000.wav,0,0.626999,4.547,Chinese,ZH-Tenor-1,残酷月光,Chinese/ZH-Tenor-1/残酷月光,0.0
d:\-MindEcho-main\ml_dl_models\gtsinger_multitech\dataset\raw\Chinese\ZH-Alto-1\Mixed_Voice_and_Falsetto\剑伤\Falsetto_Group\0007.wav,0,0.52367,4.115,Chinese,ZH-Alto-1,剑伤,Chinese/ZH-Alto-1/剑伤,0.0
d:\-MindEcho-main\ml_dl_models\gtsinger_multitech\dataset\raw\Chinese\ZH-Alto-1\Mixed_Voice_and_Falsetto\老男孩\Falsetto_Group\0002.wav,0,0.54136,3.822,Chinese,ZH-Alto-1,老男孩,Chinese/ZH-Alto-1/老男孩,0.0
d:\-MindEcho-main\ml_dl_models\gtsinger_multitech\dataset\raw\Chinese\ZH-Tenor-1\Breathy\我真的受伤了\Control_Group\0007.wav,0,0.436464,4.74,Chinese,ZH-Tenor-1,我真的受伤了,Chinese/ZH-Tenor-1/我真的受伤了,0.0
d:\-MindEcho-main\ml_dl_models\gtsinger_multitech\dataset\raw\Chinese\ZH-Tenor-1\Vibrato\残酷月光\Vibrato_Group\0002.wav,1,0.508041,3.475,Chinese,ZH-Tenor-1,残酷月光,Chinese/ZH-Tenor-1/残酷月光,1.23
d:\-MindEcho-main\ml_dl_models\gtsinger_multitech\dataset\raw\Chinese\ZH-Tenor-1\Pharyngeal\传奇\Control_Group\0011.wav,0,0.185121,1.605,Chinese,ZH-Tenor-1,传奇,Chinese/ZH-Tenor-1/传奇,0.0
d:\-MindEcho-main\ml_dl_models\gtsinger_multitech\dataset\raw\Chinese\ZH-Tenor-1\Vibrato\失落沙洲\Control_Group\0003.wav,0,0.190174,1.2,Chinese,ZH-Tenor-1,失落沙洲,Chinese/ZH-Tenor-1/失落沙洲,0.0
d:\-MindEcho-main\ml_dl_models\gtsinger_multitech\dataset\raw\French\FR-Soprano-1\Mixed_Voice_and_Falsetto\vivre a en crever\Paired_Speech_Group\0003.wav,0,0.546322,1.946,French,FR-Soprano-1,vivre a en crever,French/FR-Soprano-1/vivre a en crever,0.0
d:\-MindEcho-main\ml_dl_models\gtsinger_multitech\dataset\raw\French\FR-Soprano-1\Breathy\anxiete\Breathy_Group\0004.wav,0,0.44772,5.99,French,FR-Soprano-1,anxiete,French/FR-Soprano-1/anxiete,0.0
d:\-MindEcho-main\ml_dl_models\gtsinger_multitech\dataset\raw\French\FR-Tenor-1\Breathy\manon\Paired_Speech_Group\0000.wav,0,0.181088,1.555,French,FR-Tenor-1,manon,French/FR-Tenor-1/manon,0.0
d:\-MindEcho-main\ml_dl_models\gtsinger_multitech\dataset\raw\Chinese\ZH-Alto-1\Vibrato\南屏晚钟\Vibrato_Group\0007.wav,0,0.16198,1.284,Chinese,ZH-Alto-1,南屏晚钟,Chinese/ZH-Alto-1/南屏晚钟,0.0
d:\-MindEcho-main\ml_dl_models\gtsinger_multitech\dataset\raw\French\FR-Soprano-1\Mixed_Voice_and_Falsetto\mustang cabriolet\Paired_Speech_Group\0006.wav,0,0.522358,2.313,French,FR-Soprano-1,mustang cabriolet,French/FR-Soprano-1/mustang cabriolet,0.0
d:\-MindEcho-main\ml_dl_models\gtsinger_multitech\dataset\raw\Chinese\ZH-Alto-1\Breathy\奇妙能力歌\Control_Group\0009.wav,0,0.186047,1.28,Chinese,ZH-Alto-1,奇妙能力歌,Chinese/ZH-Alto-1/奇妙能力歌,0.0
d:\-MindEcho-main\ml_dl_models\gtsinger_multitech\dataset\raw\Chinese\ZH-Tenor-1\Breathy\给电影人的情书\Breathy_Group\0009.wav,0,0.487913,3.835,Chinese,ZH-Tenor-1,给电影人的情书,Chinese/ZH-Tenor-1/给电影人的情书,0.0
d:\-MindEcho-main\ml_dl_models\gtsinger_multitech\dataset\raw\Chinese\ZH-Alto-1\Breathy\温柔\Breathy_Group\0016.wav,1,0.536496,3.935,Chinese,ZH-Alto-1,温柔,Chinese/ZH-Alto-1/温柔,0.37
d:\-MindEcho-main\ml_dl_models\gtsinger_multitech\dataset\raw\French\FR-Soprano-1\Mixed_Voice_and_Falsetto\nos ballades\Mixed_Voice_Group\0003.wav,0,0.42451,4.136,French,FR-Soprano-1,nos ballades,French/FR-Soprano-1/nos ballades,0.0
d:\-MindEcho-main\ml_dl_models\gtsinger_multitech\dataset\raw\Chinese\ZH-Alto-1\Mixed_Voice_and_Falsetto\一次就好\Falsetto_Group\0000.wav,0,0.131028,1.44,Chinese,ZH-Alto-1,一次就好,Chinese/ZH-Alto-1/一次就好,0.0
d:\-MindEcho-main\ml_dl_models\gtsinger_multitech\dataset\raw\Chinese\ZH-Tenor-1\Mixed_Voice_and_Falsetto\崇拜\Mixed_Voice_Group\0006.wav,0,0.229772,1.409,Chinese,ZH-Tenor-1,崇拜,Chinese/ZH-Tenor-1/崇拜,0.0
d:\-MindEcho-main\ml_dl_models\gtsinger_multitech\dataset\raw\German\DE-Soprano-1\Breathy\Copilot\Control_Group\0006.wav,0,0.193179,1.365,German,DE-Soprano-1,Copilot,German/DE-Soprano-1/Copilot,0.0
d:\-MindEcho-main\ml_dl_models\gtsinger_multitech\dataset\raw\Chinese\ZH-Alto-1\Mixed_Voice_and_Falsetto\桃花诺\Mixed_Voice_Group\0013.wav,0,0.205071,1.585,Chinese,ZH-Alto-1,桃花诺,Chinese/ZH-Alto-1/桃花诺,0.0
d:\-MindEcho-main\ml_dl_models\gtsinger_multitech\dataset\raw\Chinese\ZH-Alto-1\Mixed_Voice_and_Falsetto\桃花诺\Falsetto_Group\0008.wav,0,0.186176,1.503,Chinese,ZH-Alto-1,桃花诺,Chinese/ZH-Alto-1/桃花诺,0.0
d:\-MindEcho-main\ml_dl_models\gtsinger_multitech\dataset\raw\French\FR-Soprano-1\Mixed_Voice_and_Falsetto\la terre\Mixed_Voice_Group\0002.wav,0,0.162955,2.619,French,FR-Soprano-1,la terre,French/FR-Soprano-1/la terre,0.0
d:\-MindEcho-main\ml_dl_models\gtsinger_multitech\dataset\raw\Chinese\ZH-Alto-1\Breathy\越过山丘\Control_Group\0005.wav,0,0.586158,4.15,Chinese,ZH-Alto-1,越过山丘,Chinese/ZH-Alto-1/越过山丘,0.0
d:\-MindEcho-main\ml_dl_models\gtsinger_multitech\dataset\raw\Chinese\ZH-Alto-1\Mixed_Voice_and_Falsetto\终于等到你\Control_Group\0007.wav,0,0.470629,5.408,Chinese,ZH-Alto-1,终于等到你,Chinese/ZH-Alto-1/终于等到你,0.0
d:\-MindEcho-main\ml_dl_models\gtsinger_multitech\dataset\raw\Chinese\ZH-Tenor-1\Mixed_Voice_and_Falsetto\我的歌声里\Mixed_Voice_Group\0006.wav,1,0.436375,3.395,Chinese,ZH-Tenor-1,我的歌声里,Chinese/ZH-Tenor-1/我的歌声里,0.21
d:\-MindEcho-main\ml_dl_models\gtsinger_multitech\dataset\raw\French\FR-Soprano-1\Mixed_Voice_and_Falsetto\chez moi\Control_Group\0004.wav,1,0.482438,4.519,French,FR-Soprano-1,chez moi,French/FR-Soprano-1/chez moi,0.592
d:\-MindEcho-main\ml_dl_models\gtsinger_multitech\dataset\raw\Chinese\ZH-Alto-1\Pharyngeal\你就不要想起我\Pharyngeal_Group\0008.wav,0,0.202008,2.555,Chinese,ZH-Alto-1,你就不要想起我,Chinese/ZH-Alto-1/你就不要想起我,0.0
d:\-MindEcho-main\ml_dl_models\gtsinger_multitech\dataset\raw\Chinese\ZH-Tenor-1\Breathy\和你一样\Breathy_Group\0001.wav,1,0.493107,5.365,Chinese,ZH-Tenor-1,和你一样,Chinese/ZH-Tenor-1/和你一样,0.39
d:\-MindEcho-main\ml_dl_models\gtsinger_multitech\dataset\raw\Chinese\ZH-Alto-1\Vibrato\不再见\Control_Group\0010.wav,1,0.545098,4.17,Chinese,ZH-Alto-1,不再见,Chinese/ZH-Alto-1/不再见,0.46
d:\-MindEcho-main\ml_dl_models\gtsinger_multitech\dataset\raw\Chinese\ZH-Alto-1\Vibrato\不再见\Vibrato_Group\0023.wav,0,0.503755,4.695,Chinese,ZH-Alto-1,不再见,Chinese/ZH-Alto-1/不再见,0.0
d:\-MindEcho-main\ml_dl_models\gtsinger_multitech\dataset\raw\Chinese\ZH-Alto-1\Mixed_Voice_and_Falsetto\告白气球\Falsetto_Group\0010.wav,0,0.230712,1.555,Chinese,ZH-Alto-1,告白气球,Chinese/ZH-Alto-1/告白气球,0.0
d:\-MindEcho-main\ml_dl_models\gtsinger_multitech\dataset\raw\Chinese\ZH-Alto-1\Pharyngeal\没那么简单\Pharyngeal_Group\0004.wav,0,0.190961,1.434,Chinese,ZH-Alto-1,没那么简单,Chinese/ZH-Alto-1/没那么简单,0.0
d:\-MindEcho-main\ml_dl_models\gtsinger_multitech\dataset\raw\Chinese\ZH-Alto-1\Vibrato\不再见\Vibrato_Group\0010.wav,0,0.212891,1.635,Chinese,ZH-Alto-1,不再见,Chinese/ZH-Alto-1/不再见,0.0
d:\-MindEcho-main\ml_dl_models\gtsinger_multitech\dataset\raw\Chinese\ZH-Tenor-1\Mixed_Voice_and_Falsetto\想自由\Falsetto_Group\0003.wav,1,0.451454,5.761,Chinese,ZH-Tenor-1,想自由,Chinese/ZH-Tenor-1/想自由,3.2
d:\-MindEcho-main\ml_dl_models\gtsinger_multitech\dataset\raw\French\FR-Soprano-1\Pharyngeal\je ne sais pas choisir\Control_Group\0001.wav,0,0.50142,6.005,French,FR-Soprano-1,je ne sais pas choisir,French/FR-Soprano-1/je ne sais pas choisir,0.0
d:\-MindEcho-main\ml_dl_models\gtsinger_multitech\dataset\raw\French\FR-Soprano-1\Mixed_Voice_and_Falsetto\comment deja\Mixed_Voice_Group\0003.wav,0,0.681203,6.092,French,FR-Soprano-1,comment deja,French/FR-Soprano-1/comment deja,0.0
d:\-MindEcho-main\ml_dl_models\gtsinger_multitech\dataset\raw\French\FR-Soprano-1\Mixed_Voice_and_Falsetto\mustang cabriolet\Paired_Speech_Group\0010.wav,0,0.473166,1.587,French,FR-Soprano-1,mustang cabriolet,French/FR-Soprano-1/mustang cabriolet,0.0
d:\-MindEcho-main\ml_dl_models\gtsinger_multitech\dataset\raw\Chinese\ZH-Alto-1\Breathy\越过山丘\Control_Group\0002.wav,1,0.505634,3.59,Chinese,ZH-Alto-1,越过山丘,Chinese/ZH-Alto-1/越过山丘,0.58
d:\-MindEcho-main\ml_dl_models\gtsinger_multitech\dataset\raw\Chinese\ZH-Tenor-1\Vibrato\残酷月光\Vibrato_Group\0000.wav,0,0.242759,1.76,Chinese,ZH-Tenor-1,残酷月光,Chinese/ZH-Tenor-1/残酷月光,0.0
d:\-MindEcho-main\ml_dl_models\gtsinger_multitech\dataset\raw\Chinese\ZH-Alto-1\Breathy\不再见\Breathy_Group\0002.wav,0,0.573157,4.431,Chinese,ZH-Alto-1,不再见,Chinese/ZH-Alto-1/不再见,0.0
d:\-MindEcho-main\ml_dl_models\gtsinger_multitech\dataset\raw\Chinese\ZH-Alto-1\Breathy\匆匆那年\Control_Group\0007.wav,1,0.828358,9.99,Chinese,ZH-Alto-1,匆匆那年,Chinese/ZH-Alto-1/匆匆那年,0.3
d:\-MindEcho-main\ml_dl_models\gtsinger_multitech\dataset\raw\Chinese\ZH-Alto-1\Vibrato\不再见\Vibrato_Group\0022.wav,0,0.18916,1.71,Chinese,ZH-Alto-1,不再见,Chinese/ZH-Alto-1/不再见,0.0
d:\-MindEcho-main\ml_dl_models\gtsinger_multitech\dataset\raw\Chinese\ZH-Alto-1\Vibrato\贝加尔湖畔\Vibrato_Group\0005.wav,1,0.403539,3.535,Chinese,ZH-Alto-1,贝加尔湖畔,Chinese/ZH-Alto-1/贝加尔湖畔,0.39
d:\-MindEcho-main\ml_dl_models\gtsinger_multitech\dataset\raw\French\FR-Soprano-1\Pharyngeal\ce train qui s'en va\Control_Group\0003.wav,1,0.856836,8.082,French,FR-Soprano-1,ce train qui s'en va,French/FR-Soprano-1/ce train qui s'en va,0.6
d:\-MindEcho-main\ml_dl_models\gtsinger_multitech\dataset\raw\Chinese\ZH-Alto-1\Mixed_Voice_and_Falsetto\时间煮雨\Control_Group\0006.wav,1,0.619223,6.217,Chinese,ZH-Alto-1,时间煮雨,Chinese/ZH-Alto-1/时间煮雨,1.606
d:\-MindEcho-main\ml_dl_models\gtsinger_multitech\dataset\raw\Chinese\ZH-Tenor-1\Mixed_Voice_and_Falsetto\残酷月光\Falsetto_Group\0019.wav,0,0.591876,4.561,Chinese,ZH-Tenor-1,残酷月光,Chinese/ZH-Tenor-1/残酷月光,0.0
d:\-MindEcho-main\ml_dl_models\gtsinger_multitech\dataset\raw\Chinese\ZH-Tenor-1\Mixed_Voice_and_Falsetto\走着走着就散了\Control_Group\0008.wav,1,0.497564,4.085,Chinese,ZH-Tenor-1,走着走着就散了,Chinese/ZH-Tenor-1/走着走着就散了,0.55
d:\-MindEcho-main\ml_dl_models\gtsinger_multitech\dataset\raw\French\FR-Soprano-1\Pharyngeal\lassasymphonie\Control_Group\0002.wav,0,0.167998,1.472,French,FR-Soprano-1,lassasymphonie,French/FR-Soprano-1/lassasymphonie,0.0
d:\-MindEcho-main\ml_dl_models\gtsinger_multitech\dataset\raw\Chinese\ZH-Tenor-1\Breathy\慢慢喜欢你\Breathy_Group\0008.wav,0,0.404964,3.345,Chinese,ZH-Tenor-1,慢慢喜欢你,Chinese/ZH-Tenor-1/慢慢喜欢你,0.0
d:\-MindEcho-main\ml_dl_models\gtsinger_multitech\dataset\raw\Chinese\ZH-Tenor-1\Breathy\慢慢喜欢你\Control_Group\0012.wav,0,0.461103,3.26,Chinese,ZH-Tenor-1,慢慢喜欢你,Chinese/ZH-Tenor-1/慢慢喜欢你,0.0
d:\-MindEcho-main\ml_dl_models\gtsinger_multitech\dataset\raw\Chinese\ZH-Tenor-1\Mixed_Voice_and_Falsetto\崇拜\Falsetto_Group\0004.wav,0,0.186,1.395,Chinese,ZH-Tenor-1,崇拜,Chinese/ZH-Tenor-1/崇拜,0.0
d:\-MindEcho-main\ml_dl_models\gtsinger_multitech\dataset\raw\Chinese\ZH-Tenor-1\Mixed_Voice_and_Falsetto\最初的梦想\Control_Group\0008.wav,1,0.314727,2.65,Chinese,ZH-Tenor-1,最初的梦想,Chinese/ZH-Tenor-1/最初的梦想,0.28
d:\-MindEcho-main\ml_dl_models\gtsinger_multitech\dataset\raw\French\FR-Soprano-1\Vibrato\adieu mon homme\Control_Group\0006.wav,0,0.531079,4.768,French,FR-Soprano-1,adieu mon homme,French/FR-Soprano-1/adieu mon homme,0.0
d:\-MindEcho-main\ml_dl_models\gtsinger_multitech\dataset\raw\Chinese\ZH-Tenor-1\Breathy\慢慢喜欢你\Control_Group\0007.wav,0,0.360544,4.77,Chinese,ZH-Tenor-1,慢慢喜欢你,Chinese/ZH-Tenor-1/慢慢喜欢你,0.0
d:\-MindEcho-main\ml_dl_models\gtsinger_multitech\dataset\raw\Chinese\ZH-Tenor-1\Mixed_Voice_and_Falsetto\终于等到你\Falsetto_Group\0017.wav,0,0.626103,4.044,Chinese,ZH-Tenor-1,终于等到你,Chinese/ZH-Tenor-1/终于等到你,0.0
d:\-MindEcho-main\ml_dl_models\gtsinger_multitech\dataset\raw\Chinese\ZH-Tenor-1\Mixed_Voice_and_Falsetto\偏爱\Mixed_Voice_Group\0017.wav,1,0.785908,5.8,Chinese,ZH-Tenor-1,偏爱,Chinese/ZH-Tenor-1/偏爱,0.4
d:\-MindEcho-main\ml_dl_models\gtsinger_multitech\dataset\raw\Chinese\ZH-Alto-1\Glissando\温柔\Glissando_Group\0008.wav,1,0.63931,4.635,Chinese,ZH-Alto-1,温柔,Chinese/ZH-Alto-1/温柔,0.47
d:\-MindEcho-main\ml_dl_models\gtsinger_multitech\dataset\raw\Chinese\ZH-Tenor-1\Mixed_Voice_and_Falsetto\演员\Falsetto_Group\0002.wav,0,0.150225,1.503,Chinese,ZH-Tenor-1,演员,Chinese/ZH-Tenor-1/演员,0.0
d:\-MindEcho-main\ml_dl_models\gtsinger_multitech\dataset\raw\Chinese\ZH-Tenor-1\Glissando\彩虹\Control_Group\0016.wav,1,0.45622,4.694,Chinese,ZH-Tenor-1,彩虹,Chinese/ZH-Tenor-1/彩虹,0.371
d:\-MindEcho-main\ml_dl_models\gtsinger_multitech\dataset\raw\Chinese\ZH-Alto-1\Mixed_Voice_and_Falsetto\演员\Falsetto_Group\0001.wav,1,0.562193,3.435,Chinese,ZH-Alto-1,演员,Chinese/ZH-Alto-1/演员,0.37
d:\-MindEcho-main\ml_dl_models\gtsinger_multitech\dataset\raw\Chinese\ZH-Alto-1\Mixed_Voice_and_Falsetto\时间煮雨\Falsetto_Group\0007.wav,1,0.361772,2.735,Chinese,ZH-Alto-1,时间煮雨,Chinese/ZH-Alto-1/时间煮雨,0.35
d:\-MindEcho-main\ml_dl_models\gtsinger_multitech\dataset\raw\Chinese\ZH-Tenor-1\Mixed_Voice_and_Falsetto\青花瓷\Falsetto_Group\0003.wav,1,0.381615,4.25,Chinese,ZH-Tenor-1,青花瓷,Chinese/ZH-Tenor-1/青花瓷,0.5
d:\-MindEcho-main\ml_dl_models\gtsinger_multitech\dataset\raw\French\FR-Soprano-1\Glissando\dingdong\Paired_Speech_Group\0002.wav,0,0.453887,3.498,French,FR-Soprano-1,dingdong,French/FR-Soprano-1/dingdong,0.0
d:\-MindEcho-main\ml_dl_models\gtsinger_multitech\dataset\raw\Chinese\ZH-Tenor-1\Breathy\和你一样\Control_Group\0001.wav,1,0.24333,2.645,Chinese,ZH-Tenor-1,和你一样,Chinese/ZH-Tenor-1/和你一样,0.41
d:\-MindEcho-main\ml_dl_models\gtsinger_multitech\dataset\raw\Chinese\ZH-Tenor-1\Mixed_Voice_and_Falsetto\终于等到你\Falsetto_Group\0017.wav,0,0.24911,1.609,Chinese,ZH-Tenor-1,终于等到你,Chinese/ZH-Tenor-1/终于等到你,0.0
d:\-MindEcho-main\ml_dl_models\gtsinger_multitech\dataset\raw\French\FR-Soprano-1\Vibrato\aimer\Control_Group\0001.wav,0,0.108987,1.895,French,FR-Soprano-1,aimer,French/FR-Soprano-1/aimer,0.0
d:\-MindEcho-main\ml_dl_models\gtsinger_multitech\dataset\raw\Chinese\ZH-Tenor-1\Mixed_Voice_and_Falsetto\残酷月光\Control_Group\0017.wav,1,0.462251,3.245,Chinese,ZH-Tenor-1,残酷月光,Chinese/ZH-Tenor-1/残酷月光,0.41
d:\-MindEcho-main\ml_dl_models\gtsinger_multitech\dataset\raw\Chinese\ZH-Tenor-1\Vibrato\失落沙洲\Vibrato_Group\0004.wav,1,0.514497,4.365,Chinese,ZH-Tenor-1,失落沙洲,Chinese/ZH-Tenor-1/失落沙洲,0.35
d:\-MindEcho-main\ml_dl_models\gtsinger_multitech\dataset\raw\French\FR-Soprano-1\Mixed_Voice_and_Falsetto\magic boul'vard\Mixed_Voice_Group\0012.wav,1,0.606486,6.069,French,FR-Soprano-1,magic boul'vard,French/FR-Soprano-1/magic boul'vard,0.111
d:\-MindEcho-main\ml_dl_models\gtsinger_multitech\dataset\raw\Chinese\ZH-Alto-1\Glissando\时间煮雨\Glissando_Group\0004.wav,1,0.600559,6.871,Chinese,ZH-Alto-1,时间煮雨,Chinese/ZH-Alto-1/时间煮雨,0.32
d:\-MindEcho-main\ml_dl_models\gtsinger_multitech\dataset\raw\French\FR-Soprano-1\Pharyngeal\je ne veux pas de toi\Pharyngeal_Group\0003.wav,1,0.866903,7.966,French,FR-Soprano-1,je ne veux pas de toi,French/FR-Soprano-1/je ne veux pas de toi,1.742
d:\-MindEcho-main\ml_dl_models\gtsinger_multitech\dataset\raw\Chinese\ZH-Alto-1\Breathy\默\Breathy_Group\0001.wav,1,0.666117,6.055,Chinese,ZH-Alto-1,默,Chinese/ZH-Alto-1/默,1.15
d:\-MindEcho-main\ml_dl_models\gtsinger_multitech\dataset\raw\French\FR-Soprano-1\Mixed_Voice_and_Falsetto\lentement\Control_Group\0003.wav,1,0.515286,5.056,French,FR-Soprano-1,lentement,French/FR-Soprano-1/lentement,0.611
d:\-MindEcho-main\ml_dl_models\gtsinger_multitech\dataset\raw\Chinese\ZH-Tenor-1\Pharyngeal\情歌\Control_Group\0002.wav,1,0.666859,5.775,Chinese,ZH-Tenor-1,情歌,Chinese/ZH-Tenor-1/情歌,0.43
d:\-MindEcho-main\ml_dl_models\gtsinger_multitech\dataset\raw\French\FR-Soprano-1\Mixed_Voice_and_Falsetto\vivre a en crever\Paired_Speech_Group\0001.wav,0,0.449247,3.461,French,FR-Soprano-1,vivre a en crever,French/FR-Soprano-1/vivre a en crever,0.0
d:\-MindEcho-main\ml_dl_models\gtsinger_multitech\dataset\raw\Chinese\ZH-Tenor-1\Pharyngeal\不要忘记我爱你\Pharyngeal_Group\0003.wav,0,0.594214,4.005,Chinese,ZH-Tenor-1,不要忘记我爱你,Chinese/ZH-Tenor-1/不要忘记我爱你,0.0
d:\-MindEcho-main\ml_dl_models\gtsinger_multitech\dataset\raw\Chinese\ZH-Tenor-1\Breathy\和你一样\Control_Group\0003.wav,0,0.095685,1.375,Chinese,ZH-Tenor-1,和你一样,Chinese/ZH-Tenor-1/和你一样,0.0
d:\-MindEcho-main\ml_dl_models\gtsinger_multitech\dataset\raw\Chinese\ZH-Tenor-1\Mixed_Voice_and_Falsetto\崇拜\Mixed_Voice_Group\0001.wav,0,0.205208,1.97,Chinese,ZH-Tenor-1,崇拜,Chinese/ZH-Tenor-1/崇拜,0.0
d:\-MindEcho-main\ml_dl_models\gtsinger_multitech\dataset\raw\Chinese\ZH-Tenor-1\Mixed_Voice_and_Falsetto\我的歌声里\Falsetto_Group\0007.wav,0,0.515441,3.505,Chinese,ZH-Tenor-1,我的歌声里,Chinese/ZH-Tenor-1/我的歌声里,0.0
d:\-MindEcho-main\ml_dl_models\gtsinger_multitech\dataset\raw\French\FR-Soprano-1\Vibrato\les souvenirs\Vibrato_Group\0005.wav,0,0.467728,3.918,French,FR-Soprano-1,les souvenirs,French/FR-Soprano-1/les souvenirs,0.0
d:\-MindEcho-main\ml_dl_models\gtsinger_multitech\dataset\raw\Chinese\ZH-Alto-1\Glissando\时间煮雨\Glissando_Group\0008.wav,1,0.46044,5.645,Chinese,ZH-Alto-1,时间煮雨,Chinese/ZH-Alto-1/时间煮雨,2.49
d:\-MindEcho-main\ml_dl_models\gtsinger_multitech\dataset\raw\Chinese\ZH-Tenor-1\Mixed_Voice_and_Falsetto\想自由\Control_Group\0000.wav,1,0.456078,5.815,Chinese,ZH-Tenor-1,想自由,Chinese/ZH-Tenor-1/想自由,3.27
d:\-MindEcho-main\ml_dl_models\gtsinger_multitech\dataset\raw\Chinese\ZH-Alto-1\Mixed_Voice_and_Falsetto\我的歌声里\Mixed_Voice_Group\0013.wav,0,0.1875,1.53,Chinese,ZH-Alto-1,我的歌声里,Chinese/ZH-Alto-1/我的歌声里,0.0
d:\-MindEcho-main\ml_dl_models\gtsinger_multitech\dataset\raw\Chinese\ZH-Tenor-1\Pharyngeal\老男孩\Control_Group\0000.wav,1,0.565354,3.59,Chinese,ZH-Tenor-1,老男孩,Chinese/ZH-Tenor-1/老男孩,0.32
d:\-MindEcho-main\ml_dl_models\gtsinger_multitech\dataset\raw\Chinese\ZH-Tenor-1\Mixed_Voice_and_Falsetto\可惜没如果\Falsetto_Group\0002.wav,1,0.572345,8.683,Chinese,ZH-Tenor-1,可惜没如果,Chinese/ZH-Tenor-1/可惜没如果,0.852
d:\-MindEcho-main\ml_dl_models\gtsinger_multitech\dataset\raw\Chinese\ZH-Tenor-1\Mixed_Voice_and_Falsetto\青花瓷\Control_Group\0009.wav,0,0.381494,2.35,Chinese,ZH-Tenor-1,青花瓷,Chinese/ZH-Tenor-1/青花瓷,0.0
d:\-MindEcho-main\ml_dl_models\gtsinger_multitech\dataset\raw\Chinese\ZH-Alto-1\Mixed_Voice_and_Falsetto\化身孤岛的鲸\Control_Group\0011.wav,1,0.440077,3.415,Chinese,ZH-Alto-1,化身孤岛的鲸,Chinese/ZH-Alto-1/化身孤岛的鲸,0.31
d:\-MindEcho-main\ml_dl_models\gtsinger_multitech\dataset\raw\French\FR-Soprano-1\Mixed_Voice_and_Falsetto\chez moi\Falsetto_Group\0001.wav,0,0.456759,6.322,French,FR-Soprano-1,chez moi,French/FR-Soprano-1/chez moi,0.0
d:\-MindEcho-main\ml_dl_models\gtsinger_multitech\dataset\raw\Chinese\ZH-Tenor-1\Mixed_Voice_and_Falsetto\过火\Mixed_Voice_Group\0010.wav,0,0.498413,3.14,Chinese,ZH-Tenor-1,过火,Chinese/ZH-Tenor-1/过火,0.0
d:\-MindEcho-main\ml_dl_models\gtsinger_multitech\dataset\raw\Chinese\ZH-Alto-1\Mixed_Voice_and_Falsetto\老男孩\Mixed_Voice_Group\0003.wav,0,0.437335,2.987,Chinese,ZH-Alto-1,老男孩,Chinese/ZH-Alto-1/老男孩,0.0
d:\-MindEcho-main\ml_dl_models\gtsinger_multitech\dataset\raw\Chinese\ZH-Tenor-1\Mixed_Voice_and_Falsetto\走着走着就散了\Control_Group\0001.wav,1,0.294181,2.73,Chinese,ZH-Tenor-1,走着走着就散了,Chinese/ZH-Tenor-1/走着走着就散了,0.38
d:\-MindEcho-main\ml_dl_models\gtsinger_multitech\dataset\raw\French\FR-Soprano-1\Mixed_Voice_and_Falsetto\lentement\Control_Group\0004.wav,0,0.477553,5.446,French,FR-Soprano-1,lentement,French/FR-Soprano-1/lentement,0.0
d:\-MindEcho-main\ml_dl_models\gtsinger_multitech\dataset\raw\Chinese\ZH-Alto-1\Vibrato\南屏晚钟\Control_Group\0008.wav,1,0.573362,5.51,Chinese,ZH-Alto-1,南屏晚钟,Chinese/ZH-Alto-1/南屏晚钟,0.52
d:\-MindEcho-main\ml_dl_models\gtsinger_multitech\dataset\raw\Chinese\ZH-Tenor-1\Breathy\不染\Breathy_Group\0010.wav,0,0.619259,4.18,Chinese,ZH-Tenor-1,不染,Chinese/ZH-Tenor-1/不染,0.0
d:\-MindEcho-main\ml_dl_models\gtsinger_multitech\dataset\raw\Chinese\ZH-Alto-1\Mixed_Voice_and_Falsetto\知足\Control_Group\0001.wav,0,0.222134,1.395,Chinese,ZH-Alto-1,知足,Chinese/ZH-Alto-1/知足,0.0
d:\-MindEcho-main\ml_dl_models\gtsinger_multitech\dataset\raw\Chinese\ZH-Tenor-1\Mixed_Voice_and_Falsetto\残酷月光\Control_Group\0008.wav,1,0.512147,4.005,Chinese,ZH-Tenor-1,残酷月光,Chinese/ZH-Tenor-1/残酷月光,0.31
d:\-MindEcho-main\ml_dl_models\gtsinger_multitech\dataset\raw\Chinese\ZH-Tenor-1\Mixed_Voice_and_Falsetto\倒带\Falsetto_Group\0008.wav,0,0.506548,5.415,Chinese,ZH-Tenor-1,倒带,Chinese/ZH-Tenor-1/倒带,0.0
d:\-MindEcho-main\ml_dl_models\gtsinger_multitech\dataset\raw\Chinese\ZH-Tenor-1\Vibrato\你给我听好\Vibrato_Group\0007.wav,0,0.185075,1.736,Chinese,ZH-Tenor-1,你给我听好,Chinese/ZH-Tenor-1/你给我听好,0.0
d:\-MindEcho-main\ml_dl_models\gtsinger_multitech\dataset\raw\Chinese\ZH-Tenor-1\Breathy\平凡的一天\Control_Group\0004.wav,1,0.401515,2.942,Chinese,ZH-Tenor-1,平凡的一天,Chinese/ZH-Tenor-1/平凡的一天,1.669
d:\-MindEcho-main\ml_dl_models\gtsinger_multitech\dataset\raw\Chinese\ZH-Alto-1\Mixed_Voice_and_Falsetto\剑伤\Mixed_Voice_Group\0001.wav,0,0.57493,4.22,Chinese,ZH-Alto-1,剑伤,Chinese/ZH-Alto-1/剑伤,0.0
d:\-MindEcho-main\ml_dl_models\gtsinger_multitech\dataset\raw\Chinese\ZH-Alto-1\Breathy\温柔\Breathy_Group\0005.wav,0,0.18759,1.3,Chinese,ZH-Alto-1,温柔,Chinese/ZH-Alto-1/温柔,0.0
d:\-MindEcho-main\ml_dl_models\gtsinger_multitech\dataset\raw\Chinese\ZH-Tenor-1\Glissando\大鱼\Glissando_Group\0015.wav,0,0.496992,3.305,Chinese,ZH-Tenor-1,大鱼,Chinese/ZH-Tenor-1/大鱼,0.0
d:\-MindEcho-main\ml_dl_models\gtsinger_multitech\dataset\raw\Chinese\ZH-Alto-1\Glissando\她说\Control_Group\0007.wav,0,0.155051,1.535,Chinese,ZH-Alto-1,她说,Chinese/ZH-Alto-1/她说,0.0
d:\-MindEcho-main\ml_dl_models\gtsinger_multitech\dataset\raw\Chinese\ZH-Tenor-1\Breathy\慢慢喜欢你\Control_Group\0002.wav,0,0.206403,1.515,Chinese,ZH-Tenor-1,慢慢喜欢你,Chinese/ZH-Tenor-1/慢慢喜欢你,0.0
d:\-MindEcho-main\ml_dl_models\gtsinger_multitech\dataset\raw\Chinese\ZH-Tenor-1\Mixed_Voice_and_Falsetto\偏爱\Falsetto_Group\0018.wav,1,0.201811,1.56,Chinese,ZH-Tenor-1,偏爱,Chinese/ZH-Tenor-1/偏爱,0.32
d:\-MindEcho-main\ml_dl_models\gtsinger_multitech\dataset\raw\French\FR-Tenor-1\Breathy\manon\Breathy_Group\0012.wav,1,0.215385,2.926,French,FR-Tenor-1,manon,French/FR-Tenor-1/manon,0.77
d:\-MindEcho-main\ml_dl_models\gtsinger_multitech\dataset\raw\Chinese\ZH-Alto-1\Mixed_Voice_and_Falsetto\我的歌声里\Falsetto_Group\0003.wav,1,0.423033,3.71,Chinese,ZH-Alto-1,我的歌声里,Chinese/ZH-Alto-1/我的歌声里,0.22
d:\-MindEcho-main\ml_dl_models\gtsinger_multitech\dataset\raw\French\FR-Soprano-1\Mixed_Voice_and_Falsetto\mustang cabriolet\Falsetto_Group\0012.wav,1,0.898106,10.82,French,FR-Soprano-1,mustang cabriolet,French/FR-Soprano-1/mustang cabriolet,1.914
d:\-MindEcho-main\ml_dl_models\gtsinger_multitech\dataset\raw\French\FR-Soprano-1\Mixed_Voice_and_Falsetto\le dernier train\Control_Group\0005.wav,0,0.159889,1.415,French,FR-Soprano-1,le dernier train,French/FR-Soprano-1/le dernier train,0.0
d:\-MindEcho-main\ml_dl_models\gtsinger_multitech\dataset\raw\Chinese\ZH-Alto-1\Mixed_Voice_and_Falsetto\老男孩\Mixed_Voice_Group\0009.wav,0,0.180321,1.248,Chinese,ZH-Alto-1,老男孩,Chinese/ZH-Alto-1/老男孩,0.0
d:\-MindEcho-main\ml_dl_models\gtsinger_multitech\dataset\raw\Chinese\ZH-Tenor-1\Pharyngeal\我怀念的\Control_Group\0005.wav,1,0.261861,2.003,Chinese,ZH-Tenor-1,我怀念的,Chinese/ZH-Tenor-1/我怀念的,0.273
d:\-MindEcho-main\ml_dl_models\gtsinger_multitech\dataset\raw\Chinese\ZH-Tenor-1\Mixed_Voice_and_Falsetto\演员\Falsetto_Group\0007.wav,1,0.60164,4.916,Chinese,ZH-Tenor-1,演员,Chinese/ZH-Tenor-1/演员,0.63
d:\-MindEcho-main\ml_dl_models\gtsinger_multitech\dataset\raw\Chinese\ZH-Tenor-1\Vibrato\失落沙洲\Control_Group\0000.wav,0,0.429061,4.449,Chinese,ZH-Tenor-1,失落沙洲,Chinese/ZH-Tenor-1/失落沙洲,0.0
d:\-MindEcho-main\ml_dl_models\gtsinger_multitech\dataset\raw\Chinese\ZH-Alto-1\Mixed_Voice_and_Falsetto\三寸天堂\Control_Group\0006.wav,0,0.206162,1.305,Chinese,ZH-Alto-1,三寸天堂,Chinese/ZH-Alto-1/三寸天堂,0.0
d:\-MindEcho-main\ml_dl_models\gtsinger_multitech\dataset\raw\Chinese\ZH-Tenor-1\Mixed_Voice_and_Falsetto\倒带\Control_Group\0023.wav,0,0.613924,4.365,Chinese,ZH-Tenor-1,倒带,Chinese/ZH-Tenor-1/倒带,0.0
d:\-MindEcho-main\ml_dl_models\gtsinger_multitech\dataset\raw\French\FR-Soprano-1\Mixed_Voice_and_Falsetto\le dernier train\Control_Group\0011.wav,0,0.574863,8.105,French,FR-Soprano-1,le dernier train,French/FR-Soprano-1/le dernier train,0.0
d:\-MindEcho-main\ml_dl_models\gtsinger_multitech\dataset\raw\Chinese\ZH-Alto-1\Pharyngeal\默\Control_Group\0001.wav,0,0.320562,2.51,Chinese,ZH-Alto-1,默,Chinese/ZH-Alto-1/默,0.0
d:\-MindEcho-main\ml_dl_models\gtsinger_multitech\dataset\raw\Chinese\ZH-Alto-1\Glissando\曹操\Control_Group\0004.wav,0,0.381349,2.74,Chinese,ZH-Alto-1,曹操,Chinese/ZH-Alto-1/曹操,0.0
d:\-MindEcho-main\ml_dl_models\gtsinger_multitech\dataset\raw\Chinese\ZH-Alto-1\Pharyngeal\小幸运\Control_Group\0006.wav,0,0.686526,4.316,Chinese,ZH-Alto-1,小幸运,Chinese/ZH-Alto-1/小幸运,0.0
d:\-MindEcho-main\ml_dl_models\gtsinger_multitech\dataset\raw\Chinese\ZH-Alto-1\Glissando\没那么简单\Glissando_Group\0012.wav,0,0.185104,1.429,Chinese,ZH-Alto-1,没那么简单,Chinese/ZH-Alto-1/没那么简单,0.0
d:\-MindEcho-main\ml_dl_models\gtsinger_multitech\dataset\raw\Chinese\ZH-Tenor-1\Mixed_Voice_and_Falsetto\残酷月光\Mixed_Voice_Group\0001.wav,0,0.541057,3.255,Chinese,ZH-Tenor-1,残酷月光,Chinese/ZH-Tenor-1/残酷月光,0.0
d:\-MindEcho-main\ml_dl_models\gtsinger_multitech\dataset\raw\French\FR-Tenor-1\Glissando\manon\Paired_Speech_Group\0008.wav,0,0.559159,2.405,French,FR-Tenor-1,manon,French/FR-Tenor-1/manon,0.0
d:\-MindEcho-main\ml_dl_models\gtsinger_multitech\dataset\raw\Chinese\ZH-Tenor-1\Mixed_Voice_and_Falsetto\演员\Falsetto_Group\0002.wav,1,0.49925,4.995,Chinese,ZH-Tenor-1,演员,Chinese/ZH-Tenor-1/演员,0.31
d:\-MindEcho-main\ml_dl_models\gtsinger_multitech\dataset\raw\Chinese\ZH-Tenor-1\Breathy\会呼吸的痛\Control_Group\0004.wav,0,0.56685,6.19,Chinese,ZH-Tenor-1,会呼吸的痛,Chinese/ZH-Tenor-1/会呼吸的痛,0.0
d:\-MindEcho-main\ml_dl_models\gtsinger_multitech\dataset\raw\French\FR-Tenor-1\Breathy\o souverain\Breathy_Group\0004.wav,1,0.247828,3.585,French,FR-Tenor-1,o souverain,French/FR-Tenor-1/o souverain,0.873
d:\-MindEcho-main\ml_dl_models\gtsinger_multitech\dataset\raw\Chinese\ZH-Tenor-1\Breathy\不染\Control_Group\0020.wav,1,0.560741,3.785,Chinese,ZH-Tenor-1,不染,Chinese/ZH-Tenor-1/不染,0.49
d:\-MindEcho-main\ml_dl_models\gtsinger_multitech\dataset\raw\Chinese\ZH-Tenor-1\Mixed_Voice_and_Falsetto\全世界谁倾听你\Mixed_Voice_Group\0003.wav,0,0.152426,1.445,Chinese,ZH-Tenor-1,全世界谁倾听你,Chinese/ZH-Tenor-1/全世界谁倾听你,0.0
d:\-MindEcho-main\ml_dl_models\gtsinger_multitech\dataset\raw\Chinese\ZH-Alto-1\Vibrato\南屏晚钟\Vibrato_Group\0003.wav,0,0.580007,5.709,Chinese,ZH-Alto-1,南屏晚钟,Chinese/ZH-Alto-1/南屏晚钟,0.0
d:\-MindEcho-main\ml_dl_models\gtsinger_multitech\dataset\raw\Chinese\ZH-Alto-1\Pharyngeal\听海\Control_Group\0011.wav,1,0.221121,2.111,Chinese,ZH-Alto-1,听海,Chinese/ZH-Alto-1/听海,0.358
d:\-MindEcho-main\ml_dl_models\gtsinger_multitech\dataset\raw\Chinese\ZH-Tenor-1\Vibrato\失落沙洲\Control_Group\0001.wav,0,0.177526,2.019,Chinese,ZH-Tenor-1,失落沙洲,Chinese/ZH-Tenor-1/失落沙洲,0.0
d:\-MindEcho-main\ml_dl_models\gtsinger_multitech\dataset\raw\Chinese\ZH-Tenor-1\Vibrato\末班车\Control_Group\0000.wav,0,0.229402,1.42,Chinese,ZH-Tenor-1,末班车,Chinese/ZH-Tenor-1/末班车,0.0
d:\-MindEcho-main\ml_dl_models\gtsinger_multitech\dataset\raw\Chinese\ZH-Tenor-1\Mixed_Voice_and_Falsetto\情歌\Control_Group\0013.wav,0,0.259288,1.675,Chinese,ZH-Tenor-1,情歌,Chinese/ZH-Tenor-1/情歌,0.0
d:\-MindEcho-main\ml_dl_models\gtsinger_multitech\dataset\raw\French\FR-Soprano-1\Mixed_Voice_and_Falsetto\comment deja\Falsetto_Group\0005.wav,1,0.343699,4.83,French,FR-Soprano-1,comment deja,French/FR-Soprano-1/comment deja,1.662
d:\-MindEcho-main\ml_dl_models\gtsinger_multitech\dataset\raw\French\FR-Soprano-1\Breathy\le balcon\Control_Group\0001.wav,1,0.701579,6.886,French,FR-Soprano-1,le balcon,French/FR-Soprano-1/le balcon,0.232
d:\-MindEcho-main\ml_dl_models\gtsinger_multitech\dataset\raw\Chinese\ZH-Alto-1\Mixed_Voice_and_Falsetto\桃花诺\Control_Group\0004.wav,1,0.409453,3.595,Chinese,ZH-Alto-1,桃花诺,Chinese/ZH-Alto-1/桃花诺,0.41
d:\-MindEcho-main\ml_dl_models\gtsinger_multitech\dataset\raw\Chinese\ZH-Tenor-1\Pharyngeal\老男孩\Pharyngeal_Group\0004.wav,0,0.121046,1.393,Chinese,ZH-Tenor-1,老男孩,Chinese/ZH-Tenor-1/老男孩,0.0
d:\-MindEcho-main\ml_dl_models\gtsinger_multitech\dataset\raw\Chinese\ZH-Tenor-1\Breathy\会呼吸的痛\Breathy_Group\0005.wav,1,0.484903,4.015,Chinese,ZH-Tenor-1,会呼吸的痛,Chinese/ZH-Tenor-1/会呼吸的痛,0.33
d:\-MindEcho-main\ml_dl_models\gtsinger_multitech\dataset\raw\French\FR-Soprano-1\Vibrato\aimer\Vibrato_Group\0004.wav,1,0.707877,8.394,French,FR-Soprano-1,aimer,French/FR-Soprano-1/aimer,0.12
d:\-MindEcho-main\ml_dl_models\gtsinger_multitech\dataset\raw\Chinese\ZH-Tenor-1\Mixed_Voice_and_Falsetto\走着走着就散了\Control_Group\0005.wav,0,0.563586,4.25,Chinese,ZH-Tenor-1,走着走着就散了,Chinese/ZH-Tenor-1/走着走着就散了,0.0
d:\-MindEcho-main\ml_dl_models\gtsinger_multitech\dataset\raw\Chinese\ZH-Alto-1\Breathy\默\Breathy_Group\0001.wav,0,0.40209,3.655,Chinese,ZH-Alto-1,默,Chinese/ZH-Alto-1/默,0.0
d:\-MindEcho-main\ml_dl_models\gtsinger_multitech\dataset\raw\French\FR-Soprano-1\Mixed_Voice_and_Falsetto\magic boul'vard\Falsetto_Group\0002.wav,0,0.626831,9.885,French,FR-Soprano-1,magic boul'vard,French/FR-Soprano-1/magic boul'vard,0.0
d:\-MindEcho-main\ml_dl_models\gtsinger_multitech\dataset\raw\Chinese\ZH-Alto-1\Vibrato\奇妙能力歌\Control_Group\0004.wav,1,0.505769,3.945,Chinese,ZH-Alto-1,奇妙能力歌,Chinese/ZH-Alto-1/奇妙能力歌,0.43
d:\-MindEcho-main\ml_dl_models\gtsinger_multitech\dataset\raw\Chinese\ZH-Alto-1\Glissando\没那么简单\Glissando_Group\0020.wav,1,0.66967,4.46,Chinese,ZH-Alto-1,没那么简单,Chinese/ZH-Alto-1/没那么简单,0.32
d:\-MindEcho-main\ml_dl_models\gtsinger_multitech\dataset\raw\Chinese\ZH-Tenor-1\Mixed_Voice_and_Falsetto\我的歌声里\Control_Group\0005.wav,0,0.618112,5.945,Chinese,ZH-Tenor-1,我的歌声里,Chinese/ZH-Tenor-1/我的歌声里,0.0
d:\-MindEcho-main\ml_dl_models\gtsinger_multitech\dataset\raw\French\FR-Tenor-1\Glissando\manon\Glissando_Group\0005.wav,1,0.30359,7.946,French,FR-Tenor-1,manon,French/FR-Tenor-1/manon,0.399
d:\-MindEcho-main\ml_dl_models\gtsinger_multitech\dataset\raw\French\FR-Soprano-1\Mixed_Voice_and_Falsetto\mustang cabriolet\Falsetto_Group\0001.wav,0,0.085005,1.546,French,FR-Soprano-1,mustang cabriolet,French/FR-Soprano-1/mustang cabriolet,0.0
d:\-MindEcho-main\ml_dl_models\gtsinger_multitech\dataset\raw\Chinese\ZH-Tenor-1\Pharyngeal\南山南\Pharyngeal_Group\0010.wav,0,0.15,1.308,Chinese,ZH-Tenor-1,南山南,Chinese/ZH-Tenor-1/南山南,0.0
d:\-MindEcho-main\ml_dl_models\gtsinger_multitech\dataset\raw\French\FR-Tenor-1\Breathy\pourquoi\Paired_Speech_Group\0008.wav,0,0.526243,1.895,French,FR-Tenor-1,pourquoi,French/FR-Tenor-1/pourquoi,0.0
d:\-MindEcho-main\ml_dl_models\gtsinger_multitech\dataset\raw\Chinese\ZH-Tenor-1\Mixed_Voice_and_Falsetto\残酷月光\Mixed_Voice_Group\0004.wav,0,0.558352,4.88,Chinese,ZH-Tenor-1,残酷月光,Chinese/ZH-Tenor-1/残酷月光,0.0
d:\-MindEcho-main\ml_dl_models\gtsinger_multitech\dataset\raw\Chinese\ZH-Alto-1\Breathy\可乐\Breathy_Group\0008.wav,0,0.169364,1.465,Chinese,ZH-Alto-1,可乐,Chinese/ZH-Alto-1/可乐,0.0
d:\-MindEcho-main\ml_dl_models\gtsinger_multitech\dataset\raw\Chinese\ZH-Tenor-1\Mixed_Voice_and_Falsetto\不能说的秘密\Mixed_Voice_Group\0004.wav,0,0.506329,3.2,Chinese,ZH-Tenor-1,不能说的秘密,Chinese/ZH-Tenor-1/不能说的秘密,0.0
d:\-MindEcho-main\ml_dl_models\gtsinger_multitech\dataset\raw\Chinese\ZH-Tenor-1\Breathy\不染\Control_Group\0025.wav,0,0.303344,1.905,Chinese,ZH-Tenor-1,不染,Chinese/ZH-Tenor-1/不染,0.0
d:\-MindEcho-main\ml_dl_models\gtsinger_multitech\dataset\raw\French\FR-Soprano-1\Pharyngeal\comment dire\Control_Group\0002.wav,0,0.339164,2.986,French,FR-Soprano-1,comment dire,French/FR-Soprano-1/comment dire,0.0
d:\-MindEcho-main\ml_dl_models\gtsinger_multitech\dataset\raw\French\FR-Tenor-1\Breathy\o souverain\Control_Group\0000.wav,1,0.89227,10.126,French,FR-Tenor-1,o souverain,French/FR-Tenor-1/o souverain,2.026
d:\-MindEcho-main\ml_dl_models\gtsinger_multitech\dataset\raw\Chinese\ZH-Alto-1\Breathy\温柔\Breathy_Group\0002.wav,0,0.503693,3.41,Chinese,ZH-Alto-1,温柔,Chinese/ZH-Alto-1/温柔,0.0
d:\-MindEcho-main\ml_dl_models\gtsinger_multitech\dataset\raw\Chinese\ZH-Tenor-1\Pharyngeal\我怀念的\Control_Group\0003.wav,1,0.160036,1.81,Chinese,ZH-Tenor-1,我怀念的,Chinese/ZH-Tenor-1/我怀念的,0.32
d:\-MindEcho-main\ml_dl_models\gtsinger_multitech\dataset\raw\Chinese\ZH-Tenor-1\Breathy\我真的受伤了\Control_Group\0000.wav,0,0.472007,5.48,Chinese,ZH-Tenor-1,我真的受伤了,Chinese/ZH-Tenor-1/我真的受伤了,0.0
d:\-MindEcho-main\ml_dl_models\gtsinger_multitech\dataset\raw\Chinese\ZH-Alto-1\Pharyngeal\不为谁而作的歌\Pharyngeal_Group\0001.wav,0,0.234968,1.485,Chinese,ZH-Alto-1,不为谁而作的歌,Chinese/ZH-Alto-1/不为谁而作的歌,0.0
d:\-MindEcho-main\ml_dl_models\gtsinger_multitech\dataset\raw\Chinese\ZH-Alto-1\Vibrato\南屏晚钟\Control_Group\0006.wav,1,0.511691,4.705,Chinese,ZH-Alto-1,南屏晚钟,Chinese/ZH-Alto-1/南屏晚钟,0.75
"d:\-MindEcho-main\ml_dl_models\gtsinger_multitech\dataset\raw\French\FR-Soprano-1\Mixed_Voice_and_Falsetto\t'es beau,t'es beau\Falsetto_Group\0004.wav",1,0.597189,6.203,French,FR-Soprano-1,"t'es beau,t'es beau","French/FR-Soprano-1/t'es beau,t'es beau",0.26
d:\-MindEcho-main\ml_dl_models\gtsinger_multitech\dataset\raw\Chinese\ZH-Tenor-1\Glissando\不染\Control_Group\0012.wav,0,0.622127,3.925,Chinese,ZH-Tenor-1,不染,Chinese/ZH-Tenor-1/不染,0.0
d:\-MindEcho-main\ml_dl_models\gtsinger_multitech\dataset\raw\Chinese\ZH-Tenor-1\Mixed_Voice_and_Falsetto\演员\Mixed_Voice_Group\0013.wav,0,0.619417,6.38,Chinese,ZH-Tenor-1,演员,Chinese/ZH-Tenor-1/演员,0.0
d:\-MindEcho-main\ml_dl_models\gtsinger_multitech\dataset\raw\French\FR-Tenor-1\Breathy\o souverain\Breathy_Group\0012.wav,1,0.697119,6.387,French,FR-Tenor-1,o souverain,French/FR-Tenor-1/o souverain,0.62
d:\-MindEcho-main\ml_dl_models\gtsinger_multitech\dataset\raw\Chinese\ZH-Tenor-1\Mixed_Voice_and_Falsetto\我的歌声里\Falsetto_Group\0009.wav,0,0.20915,1.6,Chinese,ZH-Tenor-1,我的歌声里,Chinese/ZH-Tenor-1/我的歌声里,0.0
d:\-MindEcho-main\ml_dl_models\gtsinger_multitech\dataset\raw\Chinese\ZH-Tenor-1\Pharyngeal\全世界谁倾听你\Pharyngeal_Group\0003.wav,0,0.134306,1.335,Chinese,ZH-Tenor-1,全世界谁倾听你,Chinese/ZH-Tenor-1/全世界谁倾听你,0.0
d:\-MindEcho-main\ml_dl_models\gtsinger_multitech\dataset\raw\Chinese\ZH-Alto-1\Mixed_Voice_and_Falsetto\平凡之路\Falsetto_Group\0001.wav,1,0.590985,5.277,Chinese,ZH-Alto-1,平凡之路,Chinese/ZH-Alto-1/平凡之路,0.285
d:\-MindEcho-main\ml_dl_models\gtsinger_multitech\dataset\raw\French\FR-Soprano-1\Mixed_Voice_and_Falsetto\magic boul'vard\Mixed_Voice_Group\0010.wav,1,0.908446,12.896,French,FR-Soprano-1,magic boul'vard,French/FR-Soprano-1/magic boul'vard,0.421
d:\-MindEcho-main\ml_dl_models\gtsinger_multitech\dataset\raw\Chinese\ZH-Tenor-1\Mixed_Voice_and_Falsetto\我的歌声里\Control_Group\0009.wav,1,0.565469,4.405,Chinese,ZH-Tenor-1,我的歌声里,Chinese/ZH-Tenor-1/我的歌声里,0.45
d:\-MindEcho-main\ml_dl_models\gtsinger_multitech\dataset\raw\Chinese\ZH-Tenor-1\Mixed_Voice_and_Falsetto\偏爱\Falsetto_Group\0001.wav,0,0.206825,2.0,Chinese,ZH-Tenor-1,偏爱,Chinese/ZH-Tenor-1/偏爱,0.0
d:\-MindEcho-main\ml_dl_models\gtsinger_multitech\dataset\raw\Chinese\ZH-Alto-1\Mixed_Voice_and_Falsetto\青花瓷\Falsetto_Group\0008.wav,1,0.518143,4.855,Chinese,ZH-Alto-1,青花瓷,Chinese/ZH-Alto-1/青花瓷,0.51
d:\-MindEcho-main\ml_dl_models\gtsinger_multitech\dataset\raw\French\FR-Tenor-1\Breathy\o souverain\Control_Group\0014.wav,0,0.158737,1.675,French,FR-Tenor-1,o souverain,French/FR-Tenor-1/o souverain,0.0
d:\-MindEcho-main\ml_dl_models\gtsinger_multitech\dataset\raw\French\FR-Soprano-1\Mixed_Voice_and_Falsetto\comment deja\Paired_Speech_Group\0000.wav,0,0.531992,2.578,French,FR-Soprano-1,comment deja,French/FR-Soprano-1/comment deja,0.0
d:\-MindEcho-main\ml_dl_models\gtsinger_multitech\dataset\raw\French\FR-Soprano-1\Pharyngeal\lassasymphonie\Control_Group\0005.wav,1,0.10198,0.42,French,FR-Soprano-1,lassasymphonie,French/FR-Soprano-1/lassasymphonie,0.84
d:\-MindEcho-main\ml_dl_models\gtsinger_multitech\dataset\raw\French\FR-Soprano-1\Mixed_Voice_and_Falsetto\nos ballades\Mixed_Voice_Group\0008.wav,0,0.128868,1.433,French,FR-Soprano-1,nos ballades,French/FR-Soprano-1/nos ballades,0.0
d:\-MindEcho-main\ml_dl_models\gtsinger_multitech\dataset\raw\Chinese\ZH-Tenor-1\Pharyngeal\全世界谁倾听你\Pharyngeal_Group\0012.wav,1,0.662281,7.55,Chinese,ZH-Tenor-1,全世界谁倾听你,Chinese/ZH-Tenor-1/全世界谁倾听你,0.94
d:\-MindEcho-main\ml_dl_models\gtsinger_multitech\dataset\raw\French\FR-Tenor-1\Breathy\pourquoi\Breathy_Group\0011.wav,1,0.378556,4.741,French,FR-Tenor-1,pourquoi,French/FR-Tenor-1/pourquoi,0.922
d:\-MindEcho-main\ml_dl_models\gtsinger_multitech\dataset\raw\French\FR-Soprano-1\Breathy\la famillle que l'on a choisie\Breathy_Group\0001.wav,0,0.165663,1.54,French,FR-Soprano-1,la famillle que l'on a choisie,French/FR-Soprano-1/la famillle que l'on a choisie,0.0
d:\-MindEcho-main\ml_dl_models\gtsinger_multitech\dataset\raw\French\FR-Soprano-1\Pharyngeal\vivre a en crever\Control_Group\0001.wav,1,0.85495,7.14,French,FR-Soprano-1,vivre a en crever,French/FR-Soprano-1/vivre a en crever,0.377
d:\-MindEcho-main\ml_dl_models\gtsinger_multitech\dataset\raw\Chinese\ZH-Tenor-1\Breathy\传奇\Control_Group\0003.wav,0,0.127019,1.73,Chinese,ZH-Tenor-1,传奇,Chinese/ZH-Tenor-1/传奇,0.0
d:\-MindEcho-main\ml_dl_models\gtsinger_multitech\dataset\raw\French\FR-Soprano-1\Mixed_Voice_and_Falsetto\violet snow\Falsetto_Group\0004.wav,1,0.884737,10.183,French,FR-Soprano-1,violet snow,French/FR-Soprano-1/violet snow,0.457
d:\-MindEcho-main\ml_dl_models\gtsinger_multitech\dataset\raw\Chinese\ZH-Alto-1\Mixed_Voice_and_Falsetto\逆光\Mixed_Voice_Group\0002.wav,1,0.49223,5.385,Chinese,ZH-Alto-1,逆光,Chinese/ZH-Alto-1/逆光,2.09
d:\-MindEcho-main\ml_dl_models\gtsinger_multitech\dataset\raw\Chinese\ZH-Tenor-1\Mixed_Voice_and_Falsetto\最初的梦想\Control_Group\0004.wav,0,0.448612,6.495,Chinese,ZH-Tenor-1,最初的梦想,Chinese/ZH-Tenor-1/最初的梦想,0.0
d:\-MindEcho-main\ml_dl_models\gtsinger_multitech\dataset\raw\Chinese\ZH-Tenor-1\Mixed_Voice_and_Falsetto\过火\Mixed_Voice_Group\0012.wav,0,0.201515,1.33,Chinese,ZH-Tenor-1,过火,Chinese/ZH-Tenor-1/过火,0.0
d:\-MindEcho-main\ml_dl_models\gtsinger_multitech\dataset\raw\Chinese\ZH-Alto-1\Vibrato\奇妙能力歌\Control_Group\0008.wav,0,0.149813,1.2,Chinese,ZH-Alto-1,奇妙能力歌,Chinese/ZH-Alto-1/奇妙能力歌,0.0
d:\-MindEcho-main\ml_dl_models\gtsinger_multitech\dataset\raw\French\FR-Soprano-1\Mixed_Voice_and_Falsetto\violet snow\Control_Group\0001.wav,0,0.348454,3.403,French,FR-Soprano-1,violet snow,French/FR-Soprano-1/violet snow,0.0
d:\-MindEcho-main\ml_dl_models\gtsinger_multitech\dataset\raw\Chinese\ZH-Tenor-1\Mixed_Voice_and_Falsetto\我的歌声里\Mixed_Voice_Group\0006.wav,0,0.515424,4.01,Chinese,ZH-Tenor-1,我的歌声里,Chinese/ZH-Tenor-1/我的歌声里,0.0
d:\-MindEcho-main\ml_dl_models\gtsinger_multitech\dataset\raw\Chinese\ZH-Alto-1\Breathy\最长的电影\Control_Group\0003.wav,0,0.226709,1.46,Chinese,ZH-Alto-1,最长的电影,Chinese/ZH-Alto-1/最长的电影,0.0
d:\-MindEcho-main\ml_dl_models\gtsinger_multitech\dataset\raw\Chinese\ZH-Tenor-1\Breathy\会呼吸的痛\Breathy_Group\0001.wav,0,0.714022,5.805,Chinese,ZH-Tenor-1,会呼吸的痛,Chinese/ZH-Tenor-1/会呼吸的痛,0.0
d:\-MindEcho-main\ml_dl_models\gtsinger_multitech\dataset\raw\Chinese\ZH-Alto-1\Mixed_Voice_and_Falsetto\烟花易冷\Control_Group\0007.wav,0,0.191035,1.545,Chinese,ZH-Alto-1,烟花易冷,Chinese/ZH-Alto-1/烟花易冷,0.0
d:\-MindEcho-main\ml_dl_models\gtsinger_multitech\dataset\raw\Chinese\ZH-Tenor-1\Vibrato\我真的受伤了\Vibrato_Group\0011.wav,0,0.109797,1.3,Chinese,ZH-Tenor-1,我真的受伤了,Chinese/ZH-Tenor-1/我真的受伤了,0.0
d:\-MindEcho-main\ml_dl_models\gtsinger_multitech\dataset\raw\Chinese\ZH-Alto-1\Mixed_Voice_and_Falsetto\平凡的一天\Control_Group\0001.wav,0,0.125292,1.61,Chinese,ZH-Alto-1,平凡的一天,Chinese/ZH-Alto-1/平凡的一天,0.0
d:\-MindEcho-main\ml_dl_models\gtsinger_multitech\dataset\raw\Chinese\ZH-Tenor-1\Vibrato\心动\Vibrato_Group\0004.wav,0,0.216019,1.335,Chinese,ZH-Tenor-1,心动,Chinese/ZH-Tenor-1/心动,0.0
d:\-MindEcho-main\ml_dl_models\gtsinger_multitech\dataset\raw\Chinese\ZH-Tenor-1\Mixed_Voice_and_Falsetto\想自由\Mixed_Voice_Group\0012.wav,0,0.121887,1.595,Chinese,ZH-Tenor-1,想自由,Chinese/ZH-Tenor-1/想自由,0.0
d:\-MindEcho-main\ml_dl_models\gtsinger_multitech\dataset\raw\Chinese\ZH-Alto-1\Mixed_Voice_and_Falsetto\烟花易冷\Falsetto_Group\0014.wav,0,0.615919,4.79,Chinese,ZH-Alto-1,烟花易冷,Chinese/ZH-Alto-1/烟花易冷,0.0
d:\-MindEcho-main\ml_dl_models\gtsinger_multitech\dataset\raw\Chinese\ZH-Tenor-1\Mixed_Voice_and_Falsetto\想自由\Falsetto_Group\0006.wav,0,0.596662,4.38,Chinese,ZH-Tenor-1,想自由,Chinese/ZH-Tenor-1/想自由,0.0
d:\-MindEcho-main\ml_dl_models\gtsinger_multitech\dataset\raw\Chinese\ZH-Tenor-1\Mixed_Voice_and_Falsetto\青花瓷\Control_Group\0012.wav,0,0.472038,2.87,Chinese,ZH-Tenor-1,青花瓷,Chinese/ZH-Tenor-1/青花瓷,0.0
d:\-MindEcho-main\ml_dl_models\gtsinger_multitech\dataset\raw\Chinese\ZH-Alto-1\Vibrato\贝加尔湖畔\Control_Group\0012.wav,0,0.499831,4.448,Chinese,ZH-Alto-1,贝加尔湖畔,Chinese/ZH-Alto-1/贝加尔湖畔,0.0
d:\-MindEcho-main\ml_dl_models\gtsinger_multitech\dataset\raw\Chinese\ZH-Tenor-1\Mixed_Voice_and_Falsetto\讲真的\Falsetto_Group\0018.wav,1,0.746145,6.775,Chinese,ZH-Tenor-1,讲真的,Chinese/ZH-Tenor-1/讲真的,0.27
d:\-MindEcho-main\ml_dl_models\gtsinger_multitech\dataset\raw\Chinese\ZH-Alto-1\Pharyngeal\默\Pharyngeal_Group\0002.wav,0,0.143771,1.235,Chinese,ZH-Alto-1,默,Chinese/ZH-Alto-1/默,0.0
d:\-MindEcho-main\ml_dl_models\gtsinger_multitech\dataset\raw\French\FR-Tenor-1\Breathy\Lafleur\Control_Group\0002.wav,0,0.54483,8.282,French,FR-Tenor-1,Lafleur,French/FR-Tenor-1/Lafleur,0.0
d:\-MindEcho-main\ml_dl_models\gtsinger_multitech\dataset\raw\Chinese\ZH-Tenor-1\Pharyngeal\不要忘记我爱你\Control_Group\0008.wav,0,0.241549,1.715,Chinese,ZH-Tenor-1,不要忘记我爱你,Chinese/ZH-Tenor-1/不要忘记我爱你,0.0
d:\-MindEcho-main\ml_dl_models\gtsinger_multitech\dataset\raw\Chinese\ZH-Tenor-1\Mixed_Voice_and_Falsetto\过火\Falsetto_Group\0023.wav,0,0.18247,1.655,Chinese,ZH-Tenor-1,过火,Chinese/ZH-Tenor-1/过火,0.0
d:\-MindEcho-main\ml_dl_models\gtsinger_multitech\dataset\raw\Chinese\ZH-Tenor-1\Mixed_Voice_and_Falsetto\偏爱\Mixed_Voice_Group\0005.wav,1,0.785061,5.833,Chinese,ZH-Tenor-1,偏爱,Chinese/ZH-Tenor-1/偏爱,0.414
d:\-MindEcho-main\ml_dl_models\gtsinger_multitech\dataset\raw\French\FR-Soprano-1\Vibrato\eden eden\Paired_Speech_Group\0015.wav,0,0.486845,3.904,French,FR-Soprano-1,eden eden,French/FR-Soprano-1/eden eden,0.0
d:\-MindEcho-main\ml_dl_models\gtsinger_multitech\dataset\raw\French\FR-Soprano-1\Glissando\dingdong\Glissando_Group\0009.wav,0,0.51768,7.151,French,FR-Soprano-1,dingdong,French/FR-Soprano-1/dingdong,0.0
d:\-MindEcho-main\ml_dl_models\gtsinger_multitech\dataset\raw\Chinese\ZH-Alto-1\Glissando\没那么简单\Control_Group\0002.wav,1,0.498062,3.855,Chinese,ZH-Alto-1,没那么简单,Chinese/ZH-Alto-1/没那么简单,0.51
d:\-MindEcho-main\ml_dl_models\gtsinger_multitech\dataset\raw\Chinese\ZH-Alto-1\Vibrato\贝加尔湖畔\Vibrato_Group\0003.wav,0,0.184479,1.45,Chinese,ZH-Alto-1,贝加尔湖畔,Chinese/ZH-Alto-1/贝加尔湖畔,0.0
d:\-MindEcho-main\ml_dl_models\gtsinger_multitech\dataset\raw\Chinese\ZH-Alto-1\Breathy\奇妙能力歌\Control_Group\0003.wav,0,0.190909,1.386,Chinese,ZH-Alto-1,奇妙能力歌,Chinese/ZH-Alto-1/奇妙能力歌,0.0
d:\-MindEcho-main\ml_dl_models\gtsinger_multitech\dataset\raw\Chinese\ZH-Tenor-1\Vibrato\后会无期\Vibrato_Group\0001.wav,1,0.157831,1.352,Chinese,ZH-Tenor-1,后会无期,Chinese/ZH-Tenor-1/后会无期,0.263
d:\-MindEcho-main\ml_dl_models\gtsinger_multitech\dataset\raw\Chinese\ZH-Tenor-1\Breathy\给电影人的情书\Control_Group\0017.wav,1,0.366366,2.429,Chinese,ZH-Tenor-1,给电影人的情书,Chinese/ZH-Tenor-1/给电影人的情书,0.222
d:\-MindEcho-main\ml_dl_models\gtsinger_multitech\dataset\raw\Chinese\ZH-Alto-1\Mixed_Voice_and_Falsetto\演员\Control_Group\0015.wav,0,0.578678,6.215,Chinese,ZH-Alto-1,演员,Chinese/ZH-Alto-1/演员,0.0
d:\-MindEcho-main\ml_dl_models\gtsinger_multitech\dataset\raw\Chinese\ZH-Tenor-1\Mixed_Voice_and_Falsetto\走着走着就散了\Falsetto_Group\0004.wav,0,0.220335,2.232,Chinese,ZH-Tenor-1,走着走着就散了,Chinese/ZH-Tenor-1/走着走着就散了,0.0
d:\-MindEcho-main\ml_dl_models\gtsinger_multitech\dataset\raw\French\FR-Soprano-1\Mixed_Voice_and_Falsetto\mustang cabriolet\Control_Group\0003.wav,1,0.182245,2.968,French,FR-Soprano-1,mustang cabriolet,French/FR-Soprano-1/mustang cabriolet,0.331
d:\-MindEcho-main\ml_dl_models\gtsinger_multitech\dataset\raw\Chinese\ZH-Tenor-1\Pharyngeal\雨爱\Control_Group\0002.wav,0,0.404321,2.62,Chinese,ZH-Tenor-1,雨爱,Chinese/ZH-Tenor-1/雨爱,0.0
d:\-MindEcho-main\ml_dl_models\gtsinger_multitech\dataset\raw\Chinese\ZH-Tenor-1\Mixed_Voice_and_Falsetto\倒带\Control_Group\0017.wav,0,0.208815,1.48,Chinese,ZH-Tenor-1,倒带,Chinese/ZH-Tenor-1/倒带,0.0
d:\-MindEcho-main\ml_dl_models\gtsinger_multitech\dataset\raw\Chinese\ZH-Alto-1\Vibrato\我真的受伤了\Vibrato_Group\0006.wav,1,0.54846,3.65,Chinese,ZH-Alto-1,我真的受伤了,Chinese/ZH-Alto-1/我真的受伤了,0.49
d:\-MindEcho-main\ml_dl_models\gtsinger_multitech\dataset\raw\Chinese\ZH-Alto-1\Mixed_Voice_and_Falsetto\热雪\Falsetto_Group\0000.wav,0,0.351883,3.092,Chinese,ZH-Alto-1,热雪,Chinese/ZH-Alto-1/热雪,0.0
d:\-MindEcho-main\ml_dl_models\gtsinger_multitech\dataset\raw\Chinese\ZH-Tenor-1\Mixed_Voice_and_Falsetto\末班车\Mixed_Voice_Group\0002.wav,1,0.645349,6.105,Chinese,ZH-Tenor-1,末班车,Chinese/ZH-Tenor-1/末班车,0.51
d:\-MindEcho-main\ml_dl_models\gtsinger_multitech\dataset\raw\French\FR-Soprano-1\Breathy\soleil solleil\Control_Group\0009.wav,1,0.698939,7.638,French,FR-Soprano-1,soleil solleil,French/FR-Soprano-1/soleil solleil,0.15
d:\-MindEcho-main\ml_dl_models\gtsinger_multitech\dataset\raw\Chinese\ZH-Tenor-1\Mixed_Voice_and_Falsetto\后来\Control_Group\0002.wav,1,0.831072,6.125,Chinese,ZH-Tenor-1,后来,Chinese/ZH-Tenor-1/后来,0.33
d:\-MindEcho-main\ml_dl_models\gtsinger_multitech\dataset\raw\French\FR-Soprano-1\Mixed_Voice_and_Falsetto\mustang cabriolet\Mixed_Voice_Group\0008.wav,1,0.099776,0.46,French,FR-Soprano-1,mustang cabriolet,French/FR-Soprano-1/mustang cabriolet,0.92
d:\-MindEcho-main\ml_dl_models\gtsinger_multitech\dataset\raw\Chinese\ZH-Tenor-1\Mixed_Voice_and_Falsetto\崇拜\Control_Group\0005.wav,0,0.196785,2.265,Chinese,ZH-Tenor-1,崇拜,Chinese/ZH-Tenor-1/崇拜,0.0
d:\-MindEcho-main\ml_dl_models\gtsinger_multitech\dataset\raw\Chinese\ZH-Tenor-1\Mixed_Voice_and_Falsetto\过火\Control_Group\0004.wav,0,0.46791,3.135,Chinese,ZH-Tenor-1,过火,Chinese/ZH-Tenor-1/过火,0.0
d:\-MindEcho-main\ml_dl_models\gtsinger_multitech\dataset\raw\Chinese\ZH-Alto-1\Mixed_Voice_and_Falsetto\后来\Mixed_Voice_Group\0012.wav,1,0.378628,2.87,Chinese,ZH-Alto-1,后来,Chinese/ZH-Alto-1/后来,0.26
d:\-MindEcho-main\ml_dl_models\gtsinger_multitech\dataset\raw\Chinese\ZH-Alto-1\Breathy\知足\Breathy_Group\0014.wav,0,0.440611,3.231,Chinese,ZH-Alto-1,知足,Chinese/ZH-Alto-1/知足,0.0
d:\-MindEcho-main\ml_dl_models\gtsinger_multitech\dataset\raw\Chinese\ZH-Alto-1\Mixed_Voice_and_Falsetto\知足\Control_Group\0011.wav,1,0.51183,3.245,Chinese,ZH-Alto-1,知足,Chinese/ZH-Alto-1/知足,0.35
d:\-MindEcho-main\ml_dl_models\gtsinger_multitech\dataset\raw\Chinese\ZH-Tenor-1\Mixed_Voice_and_Falsetto\全世界谁倾听你\Falsetto_Group\0015.wav,0,0.647129,5.41,Chinese,ZH-Tenor-1,全世界谁倾听你,Chinese/ZH-Tenor-1/全世界谁倾听你,0.0
d:\-MindEcho-main\ml_dl_models\gtsinger_multitech\dataset\raw\Chinese\ZH-Alto-1\Breathy\可乐\Breathy_Group\0008.wav,1,0.482659,4.175,Chinese,ZH-Alto-1,可乐,Chinese/ZH-Alto-1/可乐,0.49
d:\-MindEcho-main\ml_dl_models\gtsinger_multitech\dataset\raw\Chinese\ZH-Alto-1\Vibrato\南山南\Control_Group\0008.wav,0,0.638856,4.3,Chinese,ZH-Alto-1,南山南,Chinese/ZH-Alto-1/南山南,0.0
d:\-MindEcho-main\ml_dl_models\gtsinger_multitech\dataset\raw\Chinese\ZH-Tenor-1\Mixed_Voice_and_Falsetto\最初的梦想\Mixed_Voice_Group\0016.wav,1,0.683521,6.015,Chinese,ZH-Tenor-1,最初的梦想,Chinese/ZH-Tenor-1/最初的梦想,0.25
d:\-MindEcho-main\ml_dl_models\gtsinger_multitech\dataset\raw\Chinese\ZH-Tenor-1\Pharyngeal\不为谁而作的歌\Pharyngeal_Group\0017.wav,0,0.129747,1.387,Chinese,ZH-Tenor-1,不为谁而作的歌,Chinese/ZH-Tenor-1/不为谁而作的歌,0.0
d:\-MindEcho-main\ml_dl_models\gtsinger_multitech\dataset\raw\Chinese\ZH-Tenor-1\Mixed_Voice_and_Falsetto\老男孩\Control_Group\0003.wav,0,0.479299,3.01,Chinese,ZH-Tenor-1,老男孩,Chinese/ZH-Tenor-1/老男孩,0.0
d:\-MindEcho-main\ml_dl_models\gtsinger_multitech\dataset\raw\Chinese\ZH-Tenor-1\Breathy\爱的回归线\Control_Group\0003.wav,0,0.384896,2.33,Chinese,ZH-Tenor-1,爱的回归线,Chinese/ZH-Tenor-1/爱的回归线,0.0
d:\-MindEcho-main\ml_dl_models\gtsinger_multitech\dataset\raw\French\FR-Soprano-1\Breathy\a la vie comme a la mort\Control_Group\0002.wav,1,0.26916,2.504,French,FR-Soprano-1,a la vie comme a la mort,French/FR-Soprano-1/a la vie comme a la mort,0.102
d:\-MindEcho-main\ml_dl_models\gtsinger_multitech\dataset\raw\Chinese\ZH-Tenor-1\Pharyngeal\最初的梦想\Control_Group\0006.wav,1,0.633842,4.57,Chinese,ZH-Tenor-1,最初的梦想,Chinese/ZH-Tenor-1/最初的梦想,0.34
d:\-MindEcho-main\ml_dl_models\gtsinger_multitech\dataset\raw\French\FR-Soprano-1\Pharyngeal\lassasymphonie\Pharyngeal_Group\0007.wav,0,0.127494,1.45,French,FR-Soprano-1,lassasymphonie,French/FR-Soprano-1/lassasymphonie,0.0
d:\-MindEcho-main\ml_dl_models\gtsinger_multitech\dataset\raw\Chinese\ZH-Alto-1\Breathy\给电影人的情书\Control_Group\0001.wav,1,0.542909,6.01,Chinese,ZH-Alto-1,给电影人的情书,Chinese/ZH-Alto-1/给电影人的情书,0.42
d:\-MindEcho-main\ml_dl_models\gtsinger_multitech\dataset\raw\Chinese\ZH-Tenor-1\Pharyngeal\我怀念的\Control_Group\0016.wav,0,0.241564,1.575,Chinese,ZH-Tenor-1,我怀念的,Chinese/ZH-Tenor-1/我怀念的,0.0
d:\-MindEcho-main\ml_dl_models\gtsinger_multitech\dataset\raw\French\FR-Tenor-1\Glissando\o souverain\Glissando_Group\0009.wav,1,0.378998,7.525,French,FR-Tenor-1,o souverain,French/FR-Tenor-1/o souverain,0.614
d:\-MindEcho-main\ml_dl_models\gtsinger_multitech\dataset\raw\Chinese\ZH-Alto-1\Mixed_Voice_and_Falsetto\贝加尔湖畔\Control_Group\0005.wav,0,0.546288,4.709,Chinese,ZH-Alto-1,贝加尔湖畔,Chinese/ZH-Alto-1/贝加尔湖畔,0.0
d:\-MindEcho-main\ml_dl_models\gtsinger_multitech\dataset\raw\Chinese\ZH-Alto-1\Glissando\没那么简单\Glissando_Group\0011.wav,0,0.341243,2.675,Chinese,ZH-Alto-1,没那么简单,Chinese/ZH-Alto-1/没那么简单,0.0
d:\-MindEcho-main\ml_dl_models\gtsinger_multitech\dataset\raw\Chinese\ZH-Tenor-1\Mixed_Voice_and_Falsetto\讲真的\Falsetto_Group\0007.wav,0,0.529269,5.425,Chinese,ZH-Tenor-1,讲真的,Chinese/ZH-Tenor-1/讲真的,0.0
d:\-MindEcho-main\ml_dl_models\gtsinger_multitech\dataset\raw\Chinese\ZH-Alto-1\Mixed_Voice_and_Falsetto\桃花诺\Mixed_Voice_Group\0006.wav,0,0.149764,1.27,Chinese,ZH-Alto-1,桃花诺,Chinese/ZH-Alto-1/桃花诺,0.0
d:\-MindEcho-main\ml_dl_models\gtsinger_multitech\dataset\raw\Chinese\ZH-Alto-1\Mixed_Voice_and_Falsetto\平凡之路\Control_Group\0003.wav,0,0.140715,1.22,Chinese,ZH-Alto-1,平凡之路,Chinese/ZH-Alto-1/平凡之路,0.0
d:\-MindEcho-main\ml_dl_models\gtsinger_multitech\dataset\raw\Chinese\ZH-Alto-1\Vibrato\奇妙能力歌\Vibrato_Group\0001.wav,0,0.217164,1.455,Chinese,ZH-Alto-1,奇妙能力歌,Chinese/ZH-Alto-1/奇妙能力歌,0.0
d:\-MindEcho-main\ml_dl_models\gtsinger_multitech\dataset\raw\French\FR-Soprano-1\Pharyngeal\guel ennui\Control_Group\0004.wav,1,0.698389,11.038,French,FR-Soprano-1,guel ennui,French/FR-Soprano-1/guel ennui,0.351
d:\-MindEcho-main\ml_dl_models\gtsinger_multitech\dataset\raw\French\FR-Soprano-1\Mixed_Voice_and_Falsetto\lentement\Paired_Speech_Group\0003.wav,0,0.322209,1.371,French,FR-Soprano-1,lentement,French/FR-Soprano-1/lentement,0.0
d:\-MindEcho-main\ml_dl_models\gtsinger_multitech\dataset\raw\French\FR-Soprano-1\Vibrato\eden eden\Paired_Speech_Group\0002.wav,0,0.562784,2.102,French,FR-Soprano-1,eden eden,French/FR-Soprano-1/eden eden,0.0
d:\-MindEcho-main\ml_dl_models\gtsinger_multitech\dataset\raw\French\FR-Soprano-1\Glissando\dingdong\Control_Group\0002.wav,1,0.119024,0.14,French,FR-Soprano-1,dingdong,French/FR-Soprano-1/dingdong,0.14
d:\-MindEcho-main\ml_dl_models\gtsinger_multitech\dataset\raw\Chinese\ZH-Tenor-1\Mixed_Voice_and_Falsetto\我的歌声里\Mixed_Voice_Group\0003.wav,1,0.380319,2.86,Chinese,ZH-Tenor-1,我的歌声里,Chinese/ZH-Tenor-1/我的歌声里,1.02
d:\-MindEcho-main\ml_dl_models\gtsinger_multitech\dataset\raw\Chinese\ZH-Tenor-1\Mixed_Voice_and_Falsetto\听海\Mixed_Voice_Group\0000.wav,0,0.648786,3.955,Chinese,ZH-Tenor-1,听海,Chinese/ZH-Tenor-1/听海,0.0
d:\-MindEcho-main\ml_dl_models\gtsinger_multitech\dataset\raw\Chinese\ZH-Tenor-1\Mixed_Voice_and_Falsetto\讲真的\Control_Group\0006.wav,0,0.446969,4.13,Chinese,ZH-Tenor-1,讲真的,Chinese/ZH-Tenor-1/讲真的,0.0
d:\-MindEcho-main\ml_dl_models\gtsinger_multitech\dataset\raw\French\FR-Soprano-1\Vibrato\les oiseaux\Control_Group\0006.wav,0,0.149987,1.791,French,FR-Soprano-1,les oiseaux,French/FR-Soprano-1/les oiseaux,0.0
d:\-MindEcho-main\ml_dl_models\gtsinger_multitech\dataset\raw\Chinese\ZH-Alto-1\Breathy\奇妙能力歌\Breathy_Group\0005.wav,0,0.523134,3.505,Chinese,ZH-Alto-1,奇妙能力歌,Chinese/ZH-Alto-1/奇妙能力歌,0.0
d:\-MindEcho-main\ml_dl_models\gtsinger_multitech\dataset\raw\Chinese\ZH-Alto-1\Vibrato\贝加尔湖畔\Control_Group\0012.wav,1,0.403933,3.595,Chinese,ZH-Alto-1,贝加尔湖畔,Chinese/ZH-Alto-1/贝加尔湖畔,0.39
d:\-MindEcho-main\ml_dl_models\gtsinger_multitech\dataset\raw\French\FR-Soprano-1\Mixed_Voice_and_Falsetto\vivre a en crever\Mixed_Voice_Group\0008.wav,1,0.458003,8.402,French,FR-Soprano-1,vivre a en crever,French/FR-Soprano-1/vivre a en crever,1.659
d:\-MindEcho-main\ml_dl_models\gtsinger_multitech\dataset\raw\Chinese\ZH-Tenor-1\Breathy\会呼吸的痛\Control_Group\0000.wav,0,0.470534,5.11,Chinese,ZH-Tenor-1,会呼吸的痛,Chinese/ZH-Tenor-1/会呼吸的痛,0.0
d:\-MindEcho-main\ml_dl_models\gtsinger_multitech\dataset\raw\Chinese\ZH-Tenor-1\Mixed_Voice_and_Falsetto\终于等到你\Falsetto_Group\0011.wav,0,0.18945,1.275,Chinese,ZH-Tenor-1,终于等到你,Chinese/ZH-Tenor-1/终于等到你,0.0
d:\-MindEcho-main\ml_dl_models\gtsinger_multitech\dataset\raw\Chinese\ZH-Alto-1\Pharyngeal\说谎\Control_Group\0001.wav,1,0.210826,2.22,Chinese,ZH-Alto-1,说谎,Chinese/ZH-Alto-1/说谎,0.42
d:\-MindEcho-main\ml_dl_models\gtsinger_multitech\dataset\raw\Chinese\ZH-Alto-1\Vibrato\南山南\Vibrato_Group\0010.wav,1,0.511012,3.945,Chinese,ZH-Alto-1,南山南,Chinese/ZH-Alto-1/南山南,0.51
d:\-MindEcho-main\ml_dl_models\gtsinger_multitech\dataset\raw\Chinese\ZH-Alto-1\Glissando\没那么简单\Glissando_Group\0015.wav,0,0.208076,1.482,Chinese,ZH-Alto-1,没那么简单,Chinese/ZH-Alto-1/没那么简单,0.0
d:\-MindEcho-main\ml_dl_models\gtsinger_multitech\dataset\raw\Chinese\ZH-Tenor-1\Vibrato\水星记\Control_Group\0024.wav,0,0.168264,1.58,Chinese,ZH-Tenor-1,水星记,Chinese/ZH-Tenor-1/水星记,0.0
d:\-MindEcho-main\ml_dl_models\gtsinger_multitech\dataset\raw\Chinese\ZH-Alto-1\Pharyngeal\你就不要想起我\Control_Group\0008.wav,0,0.196425,2.434,Chinese,ZH-Alto-1,你就不要想起我,Chinese/ZH-Alto-1/你就不要想起我,0.0
d:\-MindEcho-main\ml_dl_models\gtsinger_multitech\dataset\raw\French\FR-Soprano-1\Vibrato\les souvenirs\Control_Group\0000.wav,1,0.521531,5.184,French,FR-Soprano-1,les souvenirs,French/FR-Soprano-1/les souvenirs,0.563
d:\-MindEcho-main\ml_dl_models\gtsinger_multitech\dataset\raw\Chinese\ZH-Alto-1\Mixed_Voice_and_Falsetto\桃花诺\Control_Group\0011.wav,1,0.302597,2.563,Chinese,ZH-Alto-1,桃花诺,Chinese/ZH-Alto-1/桃花诺,0.474
d:\-MindEcho-main\ml_dl_models\gtsinger_multitech\dataset\raw\Chinese\ZH-Tenor-1\Breathy\平凡的一天\Control_Group\0001.wav,0,0.540278,3.89,Chinese,ZH-Tenor-1,平凡的一天,Chinese/ZH-Tenor-1/平凡的一天,0.0
d:\-MindEcho-main\ml_dl_models\gtsinger_multitech\dataset\raw\Chinese\ZH-Tenor-1\Mixed_Voice_and_Falsetto\修炼爱情\Falsetto_Group\0000.wav,0,0.612288,4.335,Chinese,ZH-Tenor-1,修炼爱情,Chinese/ZH-Tenor-1/修炼爱情,0.0
d:\-MindEcho-main\ml_dl_models\gtsinger_multitech\dataset\raw\French\FR-Tenor-1\Breathy\Lafleur\Breathy_Group\0000.wav,1,0.923882,15.513,French,FR-Tenor-1,Lafleur,French/FR-Tenor-1/Lafleur,0.504
d:\-MindEcho-main\ml_dl_models\gtsinger_multitech\dataset\raw\French\FR-Tenor-1\Breathy\ouvre\Breathy_Group\0000.wav,1,0.478554,5.824,French,FR-Tenor-1,ouvre,French/FR-Tenor-1/ouvre,1.454
d:\-MindEcho-main\ml_dl_models\gtsinger_multitech\dataset\raw\French\FR-Soprano-1\Vibrato\les souvenirs\Control_Group\0004.wav,1,0.867608,8.793,French,FR-Soprano-1,les souvenirs,French/FR-Soprano-1/les souvenirs,0.541
d:\-MindEcho-main\ml_dl_models\gtsinger_multitech\dataset\raw\Chinese\ZH-Tenor-1\Mixed_Voice_and_Falsetto\倒带\Mixed_Voice_Group\0009.wav,0,0.471622,5.9,Chinese,ZH-Tenor-1,倒带,Chinese/ZH-Tenor-1/倒带,0.0
d:\-MindEcho-main\ml_dl_models\gtsinger_multitech\dataset\raw\Chinese\ZH-Alto-1\Breathy\知足\Breathy_Group\0002.wav,0,0.521212,3.44,Chinese,ZH-Alto-1,知足,Chinese/ZH-Alto-1/知足,0.0
d:\-MindEcho-main\ml_dl_models\gtsinger_multitech\dataset\raw\Chinese\ZH-Alto-1\Vibrato\年轮\Control_Group\0009.wav,0,0.464552,4.98,Chinese,ZH-Alto-1,年轮,Chinese/ZH-Alto-1/年轮,0.0
d:\-MindEcho-main\ml_dl_models\gtsinger_multitech\dataset\raw\Chinese\ZH-Tenor-1\Mixed_Voice_and_Falsetto\情歌\Control_Group\0000.wav,0,0.25663,1.645,Chinese,ZH-Tenor-1,情歌,Chinese/ZH-Tenor-1/情歌,0.0
d:\-MindEcho-main\ml_dl_models\gtsinger_multitech\dataset\raw\Chinese\ZH-Tenor-1\Vibrato\心动\Vibrato_Group\0000.wav,0,0.136847,1.415,Chinese,ZH-Tenor-1,心动,Chinese/ZH-Tenor-1/心动,0.0
d:\-MindEcho-main\ml_dl_models\gtsinger_multitech\dataset\raw\Chinese\ZH-Tenor-1\Glissando\我的歌声里\Control_Group\0006.wav,1,0.564185,4.395,Chinese,ZH-Tenor-1,我的歌声里,Chinese/ZH-Tenor-1/我的歌声里,0.43
d:\-MindEcho-main\ml_dl_models\gtsinger_multitech\dataset\raw\Chinese\ZH-Tenor-1\Mixed_Voice_and_Falsetto\演员\Control_Group\0011.wav,0,0.446469,3.92,Chinese,ZH-Tenor-1,演员,Chinese/ZH-Tenor-1/演员,0.0
d:\-MindEcho-main\ml_dl_models\gtsinger_multitech\dataset\raw\Chinese\ZH-Tenor-1\Vibrato\水星记\Control_Group\0010.wav,0,0.186598,1.21,Chinese,ZH-Tenor-1,水星记,Chinese/ZH-Tenor-1/水星记,0.0
d:\-MindEcho-main\ml_dl_models\gtsinger_multitech\dataset\raw\Chinese\ZH-Alto-1\Glissando\奇妙能力歌\Control_Group\0001.wav,1,0.436409,3.5,Chinese,ZH-Alto-1,奇妙能力歌,Chinese/ZH-Alto-1/奇妙能力歌,0.46
d:\-MindEcho-main\ml_dl_models\gtsinger_multitech\dataset\raw\French\FR-Soprano-1\Vibrato\les oiseaux\Vibrato_Group\0005.wav,0,0.64213,11.349,French,FR-Soprano-1,les oiseaux,French/FR-Soprano-1/les oiseaux,0.0
d:\-MindEcho-main\ml_dl_models\gtsinger_multitech\dataset\raw\French\FR-Soprano-1\Mixed_Voice_and_Falsetto\eviter les roses\Falsetto_Group\0006.wav,0,0.134209,1.246,French,FR-Soprano-1,eviter les roses,French/FR-Soprano-1/eviter les roses,0.0
d:\-MindEcho-main\ml_dl_models\gtsinger_multitech\dataset\raw\Chinese\ZH-Alto-1\Breathy\江南\Control_Group\0001.wav,0,0.145797,1.41,Chinese,ZH-Alto-1,江南,Chinese/ZH-Alto-1/江南,0.0
d:\-MindEcho-main\ml_dl_models\gtsinger_multitech\dataset\raw\Chinese\ZH-Tenor-1\Mixed_Voice_and_Falsetto\一次就好\Mixed_Voice_Group\0010.wav,0,0.426299,2.95,Chinese,ZH-Tenor-1,一次就好,Chinese/ZH-Tenor-1/一次就好,0.0
d:\-MindEcho-main\ml_dl_models\gtsinger_multitech\dataset\raw\French\FR-Soprano-1\Glissando\pour la peine\Glissando_Group\0008.wav,1,0.649299,8.256,French,FR-Soprano-1,pour la peine,French/FR-Soprano-1/pour la peine,0.435
d:\-MindEcho-main\ml_dl_models\gtsinger_multitech\dataset\raw\Chinese\ZH-Alto-1\Mixed_Voice_and_Falsetto\剑伤\Mixed_Voice_Group\0004.wav,1,0.654212,4.955,Chinese,ZH-Alto-1,剑伤,Chinese/ZH-Alto-1/剑伤,0.31
d:\-MindEcho-main\ml_dl_models\gtsinger_multitech\dataset\raw\French\FR-Tenor-1\Glissando\ouvre\Glissando_Group\0006.wav,0,0.314121,3.112,French,FR-Tenor-1,ouvre,French/FR-Tenor-1/ouvre,0.0
d:\-MindEcho-main\ml_dl_models\gtsinger_multitech\dataset\raw\Chinese\ZH-Tenor-1\Mixed_Voice_and_Falsetto\听海\Mixed_Voice_Group\0003.wav,1,0.291543,1.965,Chinese,ZH-Tenor-1,听海,Chinese/ZH-Tenor-1/听海,0.35
d:\-MindEcho-main\ml_dl_models\gtsinger_multitech\dataset\raw\Chinese\ZH-Alto-1\Mixed_Voice_and_Falsetto\可乐\Control_Group\0001.wav,0,0.166441,1.23,Chinese,ZH-Alto-1,可乐,Chinese/ZH-Alto-1/可乐,0.0
d:\-MindEcho-main\ml_dl_models\gtsinger_multitech\dataset\raw\Chinese\ZH-Tenor-1\Mixed_Voice_and_Falsetto\想自由\Falsetto_Group\0008.wav,0,0.289788,3.15,Chinese,ZH-Tenor-1,想自由,Chinese/ZH-Tenor-1/想自由,0.0
d:\-MindEcho-main\ml_dl_models\gtsinger_multitech\dataset\raw\Chinese\ZH-Alto-1\Vibrato\奇妙能力歌\Control_Group\0005.wav,0,0.54663,3.9,Chinese,ZH-Alto-1,奇妙能力歌,Chinese/ZH-Alto-1/奇妙能力歌,0.0
d:\-MindEcho-main\ml_dl_models\gtsinger_multitech\dataset\raw\Chinese\ZH-Alto-1\Mixed_Voice_and_Falsetto\烟花易冷\Mixed_Voice_Group\0022.wav,1,0.505548,3.645,Chinese,ZH-Alto-1,烟花易冷,Chinese/ZH-Alto-1/烟花易冷,0.33
d:\-MindEcho-main\ml_dl_models\gtsinger_multitech\dataset\raw\Chinese\ZH-Tenor-1\Mixed_Voice_and_Falsetto\情歌\Mixed_Voice_Group\0002.wav,0,0.411214,2.64,Chinese,ZH-Tenor-1,情歌,Chinese/ZH-Tenor-1/情歌,0.0
d:\-MindEcho-main\ml_dl_models\gtsinger_multitech\dataset\raw\Chinese\ZH-Alto-1\Mixed_Voice_and_Falsetto\贝加尔湖畔\Mixed_Voice_Group\0002.wav,0,0.169308,1.442,Chinese,ZH-Alto-1,贝加尔湖畔,Chinese/ZH-Alto-1/贝加尔湖畔,0.0
d:\-MindEcho-main\ml_dl_models\gtsinger_multitech\dataset\raw\French\FR-Soprano-1\Vibrato\les souvenirs\Vibrato_Group\0005.wav,0,0.154895,1.297,French,FR-Soprano-1,les souvenirs,French/FR-Soprano-1/les souvenirs,0.0
d:\-MindEcho-main\ml_dl_models\gtsinger_multitech\dataset\raw\Chinese\ZH-Alto-1\Mixed_Voice_and_Falsetto\老男孩\Falsetto_Group\0021.wav,0,0.415962,3.789,Chinese,ZH-Alto-1,老男孩,Chinese/ZH-Alto-1/老男孩,0.0
d:\-MindEcho-main\ml_dl_models\gtsinger_multitech\dataset\raw\Chinese\ZH-Alto-1\Mixed_Voice_and_Falsetto\化身孤岛的鲸\Mixed_Voice_Group\0005.wav,1,0.16581,2.58,Chinese,ZH-Alto-1,化身孤岛的鲸,Chinese/ZH-Alto-1/化身孤岛的鲸,0.34
d:\-MindEcho-main\ml_dl_models\gtsinger_multitech\dataset\raw\Chinese\ZH-Tenor-1\Glissando\残酷月光\Control_Group\0004.wav,0,0.478597,4.025,Chinese,ZH-Tenor-1,残酷月光,Chinese/ZH-Tenor-1/残酷月光,0.0
d:\-MindEcho-main\ml_dl_models\gtsinger_multitech\dataset\raw\Chinese\ZH-Tenor-1\Pharyngeal\老男孩\Control_Group\0004.wav,0,0.113525,1.369,Chinese,ZH-Tenor-1,老男孩,Chinese/ZH-Tenor-1/老男孩,0.0
d:\-MindEcho-main\ml_dl_models\gtsinger_multitech\dataset\raw\Chinese\ZH-Tenor-1\Mixed_Voice_and_Falsetto\最初的梦想\Falsetto_Group\0012.wav,0,0.525862,4.27,Chinese,ZH-Tenor-1,最初的梦想,Chinese/ZH-Tenor-1/最初的梦想,0.0
d:\-MindEcho-main\ml_dl_models\gtsinger_multitech\dataset\raw\Chinese\ZH-Tenor-1\Pharyngeal\我怀念的\Control_Group\0007.wav,0,0.466967,3.11,Chinese,ZH-Tenor-1,我怀念的,Chinese/ZH-Tenor-1/我怀念的,0.0
d:\-MindEcho-main\ml_dl_models\gtsinger_multitech\dataset\raw\Chinese\ZH-Tenor-1\Breathy\会呼吸的痛\Control_Group\0011.wav,0,0.158767,1.738,Chinese,ZH-Tenor-1,会呼吸的痛,Chinese/ZH-Tenor-1/会呼吸的痛,0.0
d:\-MindEcho-main\ml_dl_models\gtsinger_multitech\dataset\raw\Chinese\ZH-Tenor-1\Mixed_Voice_and_Falsetto\失落沙洲\Control_Group\0004.wav,0,0.42823,4.475,Chinese,ZH-Tenor-1,失落沙洲,Chinese/ZH-Tenor-1/失落沙洲,0.0
d:\-MindEcho-main\ml_dl_models\gtsinger_multitech\dataset\raw\Chinese\ZH-Alto-1\Mixed_Voice_and_Falsetto\青花瓷\Mixed_Voice_Group\0005.wav,1,0.602041,6.785,Chinese,ZH-Alto-1,青花瓷,Chinese/ZH-Alto-1/青花瓷,0.27
d:\-MindEcho-main\ml_dl_models\gtsinger_multitech\dataset\raw\Chinese\ZH-Alto-1\Mixed_Voice_and_Falsetto\我的歌声里\Control_Group\0012.wav,0,0.5,3.135,Chinese,ZH-Alto-1,我的歌声里,Chinese/ZH-Alto-1/我的歌声里,0.0
d:\-MindEcho-main\ml_dl_models\gtsinger_multitech\dataset\raw\French\FR-Soprano-1\Mixed_Voice_and_Falsetto\chez moi\Control_Group\0000.wav,1,0.119462,0.52,French,FR-Soprano-1,chez moi,French/FR-Soprano-1/chez moi,1.04
d:\-MindEcho-main\ml_dl_models\gtsinger_multitech\dataset\raw\Chinese\ZH-Alto-1\Mixed_Voice_and_Falsetto\老男孩\Control_Group\0008.wav,0,0.206494,1.59,Chinese,ZH-Alto-1,老男孩,Chinese/ZH-Alto-1/老男孩,0.0
d:\-MindEcho-main\ml_dl_models\gtsinger_multitech\dataset\raw\Chinese\ZH-Alto-1\Vibrato\年轮\Vibrato_Group\0003.wav,1,0.230175,2.235,Chinese,ZH-Alto-1,年轮,Chinese/ZH-Alto-1/年轮,0.43
d:\-MindEcho-main\ml_dl_models\gtsinger_multitech\dataset\raw\Chinese\ZH-Alto-1\Breathy\说谎\Control_Group\0007.wav,0,0.601704,5.12,Chinese,ZH-Alto-1,说谎,Chinese/ZH-Alto-1/说谎,0.0
d:\-MindEcho-main\ml_dl_models\gtsinger_multitech\dataset\raw\Chinese\ZH-Alto-1\Mixed_Voice_and_Falsetto\告白气球\Control_Group\0001.wav,1,0.569157,3.58,Chinese,ZH-Alto-1,告白气球,Chinese/ZH-Alto-1/告白气球,0.7
d:\-MindEcho-main\ml_dl_models\gtsinger_multitech\dataset\raw\French\FR-Soprano-1\Breathy\le balcon\Paired_Speech_Group\0007.wav,0,0.335039,1.636,French,FR-Soprano-1,le balcon,French/FR-Soprano-1/le balcon,0.0
d:\-MindEcho-main\ml_dl_models\gtsinger_multitech\dataset\raw\French\FR-Tenor-1\Breathy\o souverain\Control_Group\0013.wav,1,0.568171,5.918,French,FR-Tenor-1,o souverain,French/FR-Tenor-1/o souverain,0.633
d:\-MindEcho-main\ml_dl_models\gtsinger_multitech\dataset\raw\Chinese\ZH-Tenor-1\Glissando\我的歌声里\Glissando_Group\0004.wav,0,0.127919,1.205,Chinese,ZH-Tenor-1,我的歌声里,Chinese/ZH-Tenor-1/我的歌声里,0.0
d:\-MindEcho-main\ml_dl_models\gtsinger_multitech\dataset\raw\Chinese\ZH-Alto-1\Vibrato\我真的受伤了\Vibrato_Group\0008.wav,0,0.470436,2.912,Chinese,ZH-Alto-1,我真的受伤了,Chinese/ZH-Alto-1/我真的受伤了,0.0
d:\-MindEcho-main\ml_dl_models\gtsinger_multitech\dataset\raw\Chinese\ZH-Alto-1\Mixed_Voice_and_Falsetto\我的歌声里\Control_Group\0004.wav,1,0.522659,3.46,Chinese,ZH-Alto-1,我的歌声里,Chinese/ZH-Alto-1/我的歌声里,0.46
d:\-MindEcho-main\ml_dl_models\gtsinger_multitech\dataset\raw\Chinese\ZH-Tenor-1\Mixed_Voice_and_Falsetto\老男孩\Mixed_Voice_Group\0001.wav,0,0.186475,1.365,Chinese,ZH-Tenor-1,老男孩,Chinese/ZH-Tenor-1/老男孩,0.0
d:\-MindEcho-main\ml_dl_models\gtsinger_multitech\dataset\raw\French\FR-Soprano-1\Mixed_Voice_and_Falsetto\comment deja\Control_Group\0001.wav,1,0.376817,3.655,French,FR-Soprano-1,comment deja,French/FR-Soprano-1/comment deja,0.495
d:\-MindEcho-main\ml_dl_models\gtsinger_multitech\dataset\raw\Chinese\ZH-Alto-1\Breathy\越过山丘\Control_Group\0017.wav,0,0.597075,4.327,Chinese,ZH-Alto-1,越过山丘,Chinese/ZH-Alto-1/越过山丘,0.0
d:\-MindEcho-main\ml_dl_models\gtsinger_multitech\dataset\raw\Chinese\ZH-Alto-1\Glissando\时间煮雨\Control_Group\0002.wav,0,0.110193,1.394,Chinese,ZH-Alto-1,时间煮雨,Chinese/ZH-Alto-1/时间煮雨,0.0
d:\-MindEcho-main\ml_dl_models\gtsinger_multitech\dataset\raw\French\FR-Soprano-1\Glissando\donnez-moi\Control_Group\0001.wav,1,0.542008,6.419,French,FR-Soprano-1,donnez-moi,French/FR-Soprano-1/donnez-moi,1.642
d:\-MindEcho-main\ml_dl_models\gtsinger_multitech\dataset\raw\Chinese\ZH-Tenor-1\Breathy\化身孤岛的鲸\Control_Group\0015.wav,1,0.161648,2.04,Chinese,ZH-Tenor-1,化身孤岛的鲸,Chinese/ZH-Tenor-1/化身孤岛的鲸,0.22
d:\-MindEcho-main\ml_dl_models\gtsinger_multitech\dataset\raw\Chinese\ZH-Tenor-1\Mixed_Voice_and_Falsetto\情歌\Falsetto_Group\0025.wav,1,0.201317,1.604,Chinese,ZH-Tenor-1,情歌,Chinese/ZH-Tenor-1/情歌,0.329
d:\-MindEcho-main\ml_dl_models\gtsinger_multitech\dataset\raw\Chinese\ZH-Alto-1\Mixed_Voice_and_Falsetto\老男孩\Falsetto_Group\0005.wav,0,0.145731,1.275,Chinese,ZH-Alto-1,老男孩,Chinese/ZH-Alto-1/老男孩,0.0
d:\-MindEcho-main\ml_dl_models\gtsinger_multitech\dataset\raw\Chinese\ZH-Tenor-1\Breathy\慢慢喜欢你\Breathy_Group\0016.wav,0,0.191818,1.583,Chinese,ZH-Tenor-1,慢慢喜欢你,Chinese/ZH-Tenor-1/慢慢喜欢你,0.0
d:\-MindEcho-main\ml_dl_models\gtsinger_multitech\dataset\raw\Chinese\ZH-Alto-1\Glissando\时间煮雨\Control_Group\0002.wav,1,0.479256,6.065,Chinese,ZH-Alto-1,时间煮雨,Chinese/ZH-Alto-1/时间煮雨,2.47
d:\-MindEcho-main\ml_dl_models\gtsinger_multitech\dataset\raw\French\FR-Soprano-1\Mixed_Voice_and_Falsetto\vivre a en crever\Mixed_Voice_Group\0008.wav,0,0.507741,9.315,French,FR-Soprano-1,vivre a en crever,French/FR-Soprano-1/vivre a en crever,0.0
d:\-MindEcho-main\ml_dl_models\gtsinger_multitech\dataset\raw\Chinese\ZH-Alto-1\Mixed_Voice_and_Falsetto\我的歌声里\Falsetto_Group\0006.wav,0,0.640876,4.39,Chinese,ZH-Alto-1,我的歌声里,Chinese/ZH-Alto-1/我的歌声里,0.0
"d:\-MindEcho-main\ml_dl_models\gtsinger_multitech\dataset\raw\French\FR-Soprano-1\Mixed_Voice_and_Falsetto\t'es beau,t'es beau\Falsetto_Group\0001.wav",0,0.557045,7.091,French,FR-Soprano-1,"t'es beau,t'es beau","French/FR-Soprano-1/t'es beau,t'es beau",0.0
d:\-MindEcho-main\ml_dl_models\gtsinger_multitech\dataset\raw\French\FR-Soprano-1\Mixed_Voice_and_Falsetto\magic boul'vard\Control_Group\0008.wav,1,0.116032,0.28,French,FR-Soprano-1,magic boul'vard,French/FR-Soprano-1/magic boul'vard,0.56
d:\-MindEcho-main\ml_dl_models\gtsinger_multitech\dataset\raw\French\FR-Soprano-1\Mixed_Voice_and_Falsetto\mustang cabriolet\Control_Group\0005.wav,0,0.524971,10.07,French,FR-Soprano-1,mustang cabriolet,French/FR-Soprano-1/mustang cabriolet,0.0
d:\-MindEcho-main\ml_dl_models\gtsinger_multitech\dataset\raw\Chinese\ZH-Tenor-1\Pharyngeal\全世界谁倾听你\Control_Group\0008.wav,0,0.434998,4.38,Chinese,ZH-Tenor-1,全世界谁倾听你,Chinese/ZH-Tenor-1/全世界谁倾听你,0.0
d:\-MindEcho-main\ml_dl_models\gtsinger_multitech\dataset\raw\Chinese\ZH-Alto-1\Pharyngeal\不为谁而作的歌\Control_Group\0007.wav,0,0.21148,1.4,Chinese,ZH-Alto-1,不为谁而作的歌,Chinese/ZH-Alto-1/不为谁而作的歌,0.0
d:\-MindEcho-main\ml_dl_models\gtsinger_multitech\dataset\raw\Chinese\ZH-Alto-1\Glissando\温柔\Control_Group\0007.wav,0,0.383998,2.63,Chinese,ZH-Alto-1,温柔,Chinese/ZH-Alto-1/温柔,0.0
d:\-MindEcho-main\ml_dl_models\gtsinger_multitech\dataset\raw\Chinese\ZH-Tenor-1\Mixed_Voice_and_Falsetto\后来\Mixed_Voice_Group\0007.wav,1,0.649146,4.94,Chinese,ZH-Tenor-1,后来,Chinese/ZH-Tenor-1/后来,0.54
d:\-MindEcho-main\ml_dl_models\gtsinger_multitech\dataset\raw\French\FR-Soprano-1\Mixed_Voice_and_Falsetto\la terre\Control_Group\0002.wav,0,0.549044,8.945,French,FR-Soprano-1,la terre,French/FR-Soprano-1/la terre,0.0
d:\-MindEcho-main\ml_dl_models\gtsinger_multitech\dataset\raw\Chinese\ZH-Tenor-1\Mixed_Voice_and_Falsetto\全世界谁倾听你\Falsetto_Group\0010.wav,0,0.583162,5.68,Chinese,ZH-Tenor-1,全世界谁倾听你,Chinese/ZH-Tenor-1/全世界谁倾听你,0.0
d:\-MindEcho-main\ml_dl_models\gtsinger_multitech\dataset\raw\Chinese\ZH-Alto-1\Vibrato\贝加尔湖畔\Control_Group\0006.wav,1,0.50012,4.155,Chinese,ZH-Alto-1,贝加尔湖畔,Chinese/ZH-Alto-1/贝加尔湖畔,0.53
d:\-MindEcho-main\ml_dl_models\gtsinger_multitech\dataset\raw\French\FR-Soprano-1\Mixed_Voice_and_Falsetto\nos ballades\Control_Group\0005.wav,0,0.594634,6.758,French,FR-Soprano-1,nos ballades,French/FR-Soprano-1/nos ballades,0.0
d:\-MindEcho-main\ml_dl_models\gtsinger_multitech\dataset\raw\Chinese\ZH-Alto-1\Mixed_Voice_and_Falsetto\终于等到你\Control_Group\0003.wav,0,0.490446,5.57,Chinese,ZH-Alto-1,终于等到你,Chinese/ZH-Alto-1/终于等到你,0.0
d:\-MindEcho-main\ml_dl_models\gtsinger_multitech\dataset\raw\Chinese\ZH-Alto-1\Vibrato\多远都要在一起\Control_Group\0001.wav,1,0.572289,5.225,Chinese,ZH-Alto-1,多远都要在一起,Chinese/ZH-Alto-1/多远都要在一起,0.37
d:\-MindEcho-main\ml_dl_models\gtsinger_multitech\dataset\raw\French\FR-Soprano-1\Mixed_Voice_and_Falsetto\la terre\Control_Group\0002.wav,1,0.242161,3.946,French,FR-Soprano-1,la terre,French/FR-Soprano-1/la terre,0.459
d:\-MindEcho-main\ml_dl_models\gtsinger_multitech\dataset\raw\Chinese\ZH-Alto-1\Mixed_Voice_and_Falsetto\化身孤岛的鲸\Falsetto_Group\0010.wav,0,0.320896,1.935,Chinese,ZH-Alto-1,化身孤岛的鲸,Chinese/ZH-Alto-1/化身孤岛的鲸,0.0
d:\-MindEcho-main\ml_dl_models\gtsinger_multitech\dataset\raw\Chinese\ZH-Tenor-1\Breathy\会呼吸的痛\Breathy_Group\0009.wav,1,0.358546,2.683,Chinese,ZH-Tenor-1,会呼吸的痛,Chinese/ZH-Tenor-1/会呼吸的痛,0.48
d:\-MindEcho-main\ml_dl_models\gtsinger_multitech\dataset\raw\Chinese\ZH-Tenor-1\Glissando\倒带\Control_Group\0014.wav,0,0.230758,1.61,Chinese,ZH-Tenor-1,倒带,Chinese/ZH-Tenor-1/倒带,0.0
d:\-MindEcho-main\ml_dl_models\gtsinger_multitech\dataset\raw\Chinese\ZH-Tenor-1\Pharyngeal\雨爱\Pharyngeal_Group\0005.wav,0,0.299692,1.945,Chinese,ZH-Tenor-1,雨爱,Chinese/ZH-Tenor-1/雨爱,0.0
d:\-MindEcho-main\ml_dl_models\gtsinger_multitech\dataset\raw\French\FR-Soprano-1\Glissando\donnez-moi\Glissando_Group\0001.wav,0,0.133699,1.779,French,FR-Soprano-1,donnez-moi,French/FR-Soprano-1/donnez-moi,0.0
d:\-MindEcho-main\ml_dl_models\gtsinger_multitech\dataset\raw\French\FR-Tenor-1\Glissando\ouvre\Glissando_Group\0001.wav,1,0.914335,13.525,French,FR-Tenor-1,ouvre,French/FR-Tenor-1/ouvre,0.965
d:\-MindEcho-main\ml_dl_models\gtsinger_multitech\dataset\raw\French\FR-Soprano-1\Mixed_Voice_and_Falsetto\nos ballades\Falsetto_Group\0007.wav,1,0.613884,7.048,French,FR-Soprano-1,nos ballades,French/FR-Soprano-1/nos ballades,0.82
d:\-MindEcho-main\ml_dl_models\gtsinger_multitech\dataset\raw\French\FR-Soprano-1\Mixed_Voice_and_Falsetto\le plus beau et le plus triste paysage du monde\Paired_Speech_Group\0001.wav,0,0.484176,3.381,French,FR-Soprano-1,le plus beau et le plus triste paysage du monde,French/FR-Soprano-1/le plus beau et le plus triste paysage du monde,0.0
d:\-MindEcho-main\ml_dl_models\gtsinger_multitech\dataset\raw\Chinese\ZH-Alto-1\Vibrato\好久不见\Control_Group\0003.wav,1,0.23608,2.722,Chinese,ZH-Alto-1,好久不见,Chinese/ZH-Alto-1/好久不见,0.284
d:\-MindEcho-main\ml_dl_models\gtsinger_multitech\dataset\raw\French\FR-Soprano-1\Mixed_Voice_and_Falsetto\le dernier train\Control_Group\0003.wav,0,0.531094,5.389,French,FR-Soprano-1,le dernier train,French/FR-Soprano-1/le dernier train,0.0
d:\-MindEcho-main\ml_dl_models\gtsinger_multitech\dataset\raw\Chinese\ZH-Tenor-1\Mixed_Voice_and_Falsetto\过火\Falsetto_Group\0020.wav,0,0.166876,1.33,Chinese,ZH-Tenor-1,过火,Chinese/ZH-Tenor-1/过火,0.0
d:\-MindEcho-main\ml_dl_models\gtsinger_multitech\dataset\raw\Chinese\ZH-Tenor-1\Mixed_Voice_and_Falsetto\演员\Falsetto_Group\0008.wav,0,0.607677,6.095,Chinese,ZH-Tenor-1,演员,Chinese/ZH-Tenor-1/演员,0.0
d:\-MindEcho-main\ml_dl_models\gtsinger_multitech\dataset\raw\French\FR-Soprano-1\Breathy\adieu mon homme\Breathy_Group\0004.wav,0,0.192563,2.26,French,FR-Soprano-1,adieu mon homme,French/FR-Soprano-1/adieu mon homme,0.0
d:\-MindEcho-main\ml_dl_models\gtsinger_multitech\dataset\raw\Chinese\ZH-Alto-1\Glissando\温柔\Control_Group\0007.wav,1,0.247481,1.695,Chinese,ZH-Alto-1,温柔,Chinese/ZH-Alto-1/温柔,0.31
d:\-MindEcho-main\ml_dl_models\gtsinger_multitech\dataset\raw\French\FR-Soprano-1\Mixed_Voice_and_Falsetto\vivre a en crever\Control_Group\0008.wav,1,0.436655,8.148,French,FR-Soprano-1,vivre a en crever,French/FR-Soprano-1/vivre a en crever,2.031
d:\-MindEcho-main\ml_dl_models\gtsinger_multitech\dataset\raw\French\FR-Soprano-1\Breathy\soleil solleil\Paired_Speech_Group\0003.wav,0,0.593265,3.117,French,FR-Soprano-1,soleil solleil,French/FR-Soprano-1/soleil solleil,0.0
d:\-MindEcho-main\ml_dl_models\gtsinger_multitech\dataset\raw\Chinese\ZH-Tenor-1\Mixed_Voice_and_Falsetto\崇拜\Mixed_Voice_Group\0007.wav,0,0.216384,1.377,Chinese,ZH-Tenor-1,崇拜,Chinese/ZH-Tenor-1/崇拜,0.0
d:\-MindEcho-main\ml_dl_models\gtsinger_multitech\dataset\raw\French\FR-Soprano-1\Mixed_Voice_and_Falsetto\le plus beau et le plus triste paysage du monde\Control_Group\0000.wav,0,0.119987,1.325,French,FR-Soprano-1,le plus beau et le plus triste paysage du monde,French/FR-Soprano-1/le plus beau et le plus triste paysage du monde,0.0
d:\-MindEcho-main\ml_dl_models\gtsinger_multitech\dataset\raw\French\FR-Soprano-1\Mixed_Voice_and_Falsetto\comment deja\Falsetto_Group\0005.wav,1,0.66331,9.322,French,FR-Soprano-1,comment deja,French/FR-Soprano-1/comment deja,0.521
d:\-MindEcho-main\ml_dl_models\gtsinger_multitech\dataset\raw\Chinese\ZH-Alto-1\Breathy\有一种悲伤\Control_Group\0005.wav,0,0.476052,3.28,Chinese,ZH-Alto-1,有一种悲伤,Chinese/ZH-Alto-1/有一种悲伤,0.0
d:\-MindEcho-main\ml_dl_models\gtsinger_multitech\dataset\raw\Chinese\ZH-Tenor-1\Mixed_Voice_and_Falsetto\末班车\Falsetto_Group\0001.wav,0,0.624093,3.697,Chinese,ZH-Tenor-1,末班车,Chinese/ZH-Tenor-1/末班车,0.0
d:\-MindEcho-main\ml_dl_models\gtsinger_multitech\dataset\raw\French\FR-Soprano-1\Mixed_Voice_and_Falsetto\mustang cabriolet\Falsetto_Group\0002.wav,1,0.888693,9.816,French,FR-Soprano-1,mustang cabriolet,French/FR-Soprano-1/mustang cabriolet,1.93
d:\-MindEcho-main\ml_dl_models\gtsinger_multitech\dataset\raw\Chinese\ZH-Tenor-1\Vibrato\终于等到你\Control_Group\0004.wav,1,0.484375,3.72,Chinese,ZH-Tenor-1,终于等到你,Chinese/ZH-Tenor-1/终于等到你,2.4
d:\-MindEcho-main\ml_dl_models\gtsinger_multitech\dataset\raw\Chinese\ZH-Alto-1\Mixed_Voice_and_Falsetto\最长的电影\Falsetto_Group\0008.wav,0,0.56851,4.73,Chinese,ZH-Alto-1,最长的电影,Chinese/ZH-Alto-1/最长的电影,0.0
d:\-MindEcho-main\ml_dl_models\gtsinger_multitech\dataset\raw\Chinese\ZH-Alto-1\Mixed_Voice_and_Falsetto\最长的电影\Control_Group\0007.wav,0,0.230475,1.505,Chinese,ZH-Alto-1,最长的电影,Chinese/ZH-Alto-1/最长的电影,0.0
d:\-MindEcho-main\ml_dl_models\gtsinger_multitech\dataset\raw\Chinese\ZH-Tenor-1\Glissando\传奇\Control_Group\0005.wav,0,0.541409,4.707,Chinese,ZH-Tenor-1,传奇,Chinese/ZH-Tenor-1/传奇,0.0
d:\-MindEcho-main\ml_dl_models\gtsinger_multitech\dataset\raw\French\FR-Soprano-1\Breathy\le balcon\Breathy_Group\0010.wav,1,0.676762,6.346,French,FR-Soprano-1,le balcon,French/FR-Soprano-1/le balcon,1.172
d:\-MindEcho-main\ml_dl_models\gtsinger_multitech\dataset\raw\Chinese\ZH-Alto-1\Mixed_Voice_and_Falsetto\鸽子\Falsetto_Group\0006.wav,1,0.342185,3.26,Chinese,ZH-Alto-1,鸽子,Chinese/ZH-Alto-1/鸽子,0.306
d:\-MindEcho-main\ml_dl_models\gtsinger_multitech\dataset\raw\Chinese\ZH-Alto-1\Mixed_Voice_and_Falsetto\知足\Mixed_Voice_Group\0012.wav,1,0.517129,3.17,Chinese,ZH-Alto-1,知足,Chinese/ZH-Alto-1/知足,0.32
d:\-MindEcho-main\ml_dl_models\gtsinger_multitech\dataset\raw\Chinese\ZH-Tenor-1\Pharyngeal\不为谁而作的歌\Control_Group\0002.wav,0,0.641515,4.234,Chinese,ZH-Tenor-1,不为谁而作的歌,Chinese/ZH-Tenor-1/不为谁而作的歌,0.0
d:\-MindEcho-main\ml_dl_models\gtsinger_multitech\dataset\raw\Chinese\ZH-Alto-1\Mixed_Voice_and_Falsetto\可乐\Mixed_Voice_Group\0005.wav,0,0.177954,1.34,Chinese,ZH-Alto-1,可乐,Chinese/ZH-Alto-1/可乐,0.0
d:\-MindEcho-main\ml_dl_models\gtsinger_multitech\dataset\raw\French\FR-Soprano-1\Mixed_Voice_and_Falsetto\violet snow\Control_Group\0002.wav,0,0.242548,2.503,French,FR-Soprano-1,violet snow,French/FR-Soprano-1/violet snow,0.0
d:\-MindEcho-main\ml_dl_models\gtsinger_multitech\dataset\raw\Chinese\ZH-Tenor-1\Vibrato\水星记\Vibrato_Group\0018.wav,0,0.520833,5.125,Chinese,ZH-Tenor-1,水星记,Chinese/ZH-Tenor-1/水星记,0.0
d:\-MindEcho-main\ml_dl_models\gtsinger_multitech\dataset\raw\Chinese\ZH-Alto-1\Mixed_Voice_and_Falsetto\剑伤\Falsetto_Group\0000.wav,0,0.214135,1.424,Chinese,ZH-Alto-1,剑伤,Chinese/ZH-Alto-1/剑伤,0.0
d:\-MindEcho-main\ml_dl_models\gtsinger_multitech\dataset\raw\French\FR-Tenor-1\Breathy\manon\Control_Group\0008.wav,0,0.629633,7.118,French,FR-Tenor-1,manon,French/FR-Tenor-1/manon,0.0
d:\-MindEcho-main\ml_dl_models\gtsinger_multitech\dataset\raw\Chinese\ZH-Tenor-1\Breathy\平凡的一天\Breathy_Group\0000.wav,1,0.322611,3.595,Chinese,ZH-Tenor-1,平凡的一天,Chinese/ZH-Tenor-1/平凡的一天,0.329
d:\-MindEcho-main\ml_dl_models\gtsinger_multitech\dataset\raw\French\FR-Tenor-1\Breathy\ouvre\Breathy_Group\0000.wav,1,0.901397,11.778,French,FR-Tenor-1,ouvre,French/FR-Tenor-1/ouvre,0.784
d:\-MindEcho-main\ml_dl_models\gtsinger_multitech\dataset\raw\Chinese\ZH-Tenor-1\Mixed_Voice_and_Falsetto\想自由\Control_Group\0013.wav,0,0.675032,4.815,Chinese,ZH-Tenor-1,想自由,Chinese/ZH-Tenor-1/想自由,0.0
d:\-MindEcho-main\ml_dl_models\gtsinger_multitech\dataset\raw\Chinese\ZH-Tenor-1\Mixed_Voice_and_Falsetto\倒带\Falsetto_Group\0009.wav,0,0.585177,7.545,Chinese,ZH-Tenor-1,倒带,Chinese/ZH-Tenor-1/倒带,0.0
d:\-MindEcho-main\ml_dl_models\gtsinger_multitech\dataset\raw\French\FR-Soprano-1\Glissando\la fuite\Glissando_Group\0003.wav,1,0.153732,1.401,French,FR-Soprano-1,la fuite,French/FR-Soprano-1/la fuite,0.381
d:\-MindEcho-main\ml_dl_models\gtsinger_multitech\dataset\raw\Chinese\ZH-Alto-1\Mixed_Voice_and_Falsetto\桃花诺\Mixed_Voice_Group\0004.wav,1,0.642774,5.515,Chinese,ZH-Alto-1,桃花诺,Chinese/ZH-Alto-1/桃花诺,0.37
d:\-MindEcho-main\ml_dl_models\gtsinger_multitech\dataset\raw\Chinese\ZH-Tenor-1\Mixed_Voice_and_Falsetto\过火\Falsetto_Group\0002.wav,0,0.104199,1.34,Chinese,ZH-Tenor-1,过火,Chinese/ZH-Tenor-1/过火,0.0
d:\-MindEcho-main\ml_dl_models\gtsinger_multitech\dataset\raw\French\FR-Tenor-1\Breathy\o souverain\Breathy_Group\0020.wav,0,0.16137,2.493,French,FR-Tenor-1,o souverain,French/FR-Tenor-1/o souverain,0.0
d:\-MindEcho-main\ml_dl_models\gtsinger_multitech\dataset\raw\Chinese\ZH-Tenor-1\Mixed_Voice_and_Falsetto\枫\Control_Group\0006.wav,1,0.428742,5.184,Chinese,ZH-Tenor-1,枫,Chinese/ZH-Tenor-1/枫,0.353
d:\-MindEcho-main\ml_dl_models\gtsinger_multitech\dataset\raw\Chinese\ZH-Tenor-1\Mixed_Voice_and_Falsetto\演员\Falsetto_Group\0006.wav,1,0.485575,4.898,Chinese,ZH-Tenor-1,演员,Chinese/ZH-Tenor-1/演员,0.502
d:\-MindEcho-main\ml_dl_models\gtsinger_multitech\dataset\raw\French\FR-Soprano-1\Pharyngeal\comment dire\Control_Group\0006.wav,1,0.175933,2.971,French,FR-Soprano-1,comment dire,French/FR-Soprano-1/comment dire,0.421
d:\-MindEcho-main\ml_dl_models\gtsinger_multitech\dataset\raw\French\FR-Soprano-1\Mixed_Voice_and_Falsetto\le dernier train\Control_Group\0000.wav,0,0.551235,6.471,French,FR-Soprano-1,le dernier train,French/FR-Soprano-1/le dernier train,0.0
d:\-MindEcho-main\ml_dl_models\gtsinger_multitech\dataset\raw\Chinese\ZH-Alto-1\Mixed_Voice_and_Falsetto\匆匆那年\Mixed_Voice_Group\0007.wav,1,0.613446,5.999,Chinese,ZH-Alto-1,匆匆那年,Chinese/ZH-Alto-1/匆匆那年,0.541
d:\-MindEcho-main\ml_dl_models\gtsinger_multitech\dataset\raw\Chinese\ZH-Alto-1\Breathy\奇妙能力歌\Breathy_Group\0004.wav,1,0.521797,3.95,Chinese,ZH-Alto-1,奇妙能力歌,Chinese/ZH-Alto-1/奇妙能力歌,0.46
d:\-MindEcho-main\ml_dl_models\gtsinger_multitech\dataset\raw\French\FR-Tenor-1\Breathy\manon\Breathy_Group\0004.wav,0,0.349151,4.297,French,FR-Tenor-1,manon,French/FR-Tenor-1/manon,0.0
d:\-MindEcho-main\ml_dl_models\gtsinger_multitech\dataset\raw\Chinese\ZH-Alto-1\Mixed_Voice_and_Falsetto\烟花易冷\Mixed_Voice_Group\0003.wav,1,0.370321,2.77,Chinese,ZH-Alto-1,烟花易冷,Chinese/ZH-Alto-1/烟花易冷,0.5
d:\-MindEcho-main\ml_dl_models\gtsinger_multitech\dataset\raw\French\FR-Soprano-1\Glissando\la fuite\Glissando_Group\0000.wav,0,0.150669,1.228,French,FR-Soprano-1,la fuite,French/FR-Soprano-1/la fuite,0.0
d:\-MindEcho-main\ml_dl_models\gtsinger_multitech\dataset\raw\Chinese\ZH-Tenor-1\Mixed_Voice_and_Falsetto\讲真的\Control_Group\0017.wav,0,0.442175,3.192,Chinese,ZH-Tenor-1,讲真的,Chinese/ZH-Tenor-1/讲真的,0.0
d:\-MindEcho-main\ml_dl_models\gtsinger_multitech\dataset\raw\Chinese\ZH-Alto-1\Mixed_Voice_and_Falsetto\时间煮雨\Falsetto_Group\0007.wav,1,0.17328,1.31,Chinese,ZH-Alto-1,时间煮雨,Chinese/ZH-Alto-1/时间煮雨,0.28
d:\-MindEcho-main\ml_dl_models\gtsinger_multitech\dataset\raw\Chinese\ZH-Alto-1\Vibrato\贝加尔湖畔\Control_Group\0008.wav,1,0.49399,4.11,Chinese,ZH-Alto-1,贝加尔湖畔,Chinese/ZH-Alto-1/贝加尔湖畔,0.46
d:\-MindEcho-main\ml_dl_models\gtsinger_multitech\dataset\raw\Chinese\ZH-Tenor-1\Vibrato\后会无期\Vibrato_Group\0003.wav,0,0.139471,1.318,Chinese,ZH-Tenor-1,后会无期,Chinese/ZH-Tenor-1/后会无期,0.0
d:\-MindEcho-main\ml_dl_models\gtsinger_multitech\dataset\raw\Chinese\ZH-Alto-1\Mixed_Voice_and_Falsetto\桃花诺\Falsetto_Group\0007.wav,0,0.490636,4.165,Chinese,ZH-Alto-1,桃花诺,Chinese/ZH-Alto-1/桃花诺,0.0
d:\-MindEcho-main\ml_dl_models\gtsinger_multitech\dataset\raw\French\FR-Tenor-1\Breathy\manon\Breathy_Group\0009.wav,1,0.134962,1.37,French,FR-Tenor-1,manon,French/FR-Tenor-1/manon,0.22
d:\-MindEcho-main\ml_dl_models\gtsinger_multitech\dataset\raw\Chinese\ZH-Tenor-1\Mixed_Voice_and_Falsetto\可惜没如果\Falsetto_Group\0000.wav,1,0.584854,6.024,Chinese,ZH-Tenor-1,可惜没如果,Chinese/ZH-Tenor-1/可惜没如果,0.292
d:\-MindEcho-main\ml_dl_models\gtsinger_multitech\dataset\raw\Chinese\ZH-Alto-1\Mixed_Voice_and_Falsetto\热雪\Mixed_Voice_Group\0002.wav,0,0.462219,2.875,Chinese,ZH-Alto-1,热雪,Chinese/ZH-Alto-1/热雪,0.0
d:\-MindEcho-main\ml_dl_models\gtsinger_multitech\dataset\raw\Chinese\ZH-Alto-1\Pharyngeal\崇拜\Pharyngeal_Group\0010.wav,1,0.531817,3.05,Chinese,ZH-Alto-1,崇拜,Chinese/ZH-Alto-1/崇拜,0.269
d:\-MindEcho-main\ml_dl_models\gtsinger_multitech\dataset\raw\Chinese\ZH-Alto-1\Mixed_Voice_and_Falsetto\三寸天堂\Control_Group\0003.wav,0,0.541534,3.39,Chinese,ZH-Alto-1,三寸天堂,Chinese/ZH-Alto-1/三寸天堂,0.0
d:\-MindEcho-main\ml_dl_models\gtsinger_multitech\dataset\raw\French\FR-Soprano-1\Vibrato\les souvenirs\Vibrato_Group\0002.wav,1,0.577887,5.613,French,FR-Soprano-1,les souvenirs,French/FR-Soprano-1/les souvenirs,0.59
d:\-MindEcho-main\ml_dl_models\gtsinger_multitech\dataset\raw\Chinese\ZH-Alto-1\Mixed_Voice_and_Falsetto\三寸天堂\Control_Group\0007.wav,0,0.520393,3.445,Chinese,ZH-Alto-1,三寸天堂,Chinese/ZH-Alto-1/三寸天堂,0.0
d:\-MindEcho-main\ml_dl_models\gtsinger_multitech\dataset\raw\French\FR-Tenor-1\Glissando\ouvre\Control_Group\0007.wav,0,0.129817,1.702,French,FR-Tenor-1,ouvre,French/FR-Tenor-1/ouvre,0.0
d:\-MindEcho-main\ml_dl_models\gtsinger_multitech\dataset\raw\Chinese\ZH-Alto-1\Mixed_Voice_and_Falsetto\知足\Mixed_Voice_Group\0004.wav,0,0.623322,3.715,Chinese,ZH-Alto-1,知足,Chinese/ZH-Alto-1/知足,0.0
d:\-MindEcho-main\ml_dl_models\gtsinger_multitech\dataset\raw\Chinese\ZH-Tenor-1\Vibrato\你给我听好\Vibrato_Group\0003.wav,0,0.639476,6.35,Chinese,ZH-Tenor-1,你给我听好,Chinese/ZH-Tenor-1/你给我听好,0.0
d:\-MindEcho-main\ml_dl_models\gtsinger_multitech\dataset\raw\Chinese\ZH-Tenor-1\Mixed_Voice_and_Falsetto\江南\Control_Group\0000.wav,0,0.210133,1.265,Chinese,ZH-Tenor-1,江南,Chinese/ZH-Tenor-1/江南,0.0
d:\-MindEcho-main\ml_dl_models\gtsinger_multitech\dataset\raw\French\FR-Soprano-1\Mixed_Voice_and_Falsetto\violet snow\Falsetto_Group\0007.wav,1,0.894644,10.866,French,FR-Soprano-1,violet snow,French/FR-Soprano-1/violet snow,1.048
d:\-MindEcho-main\ml_dl_models\gtsinger_multitech\dataset\raw\Chinese\ZH-Alto-1\Pharyngeal\没那么简单\Pharyngeal_Group\0008.wav,1,0.425184,2.33,Chinese,ZH-Alto-1,没那么简单,Chinese/ZH-Alto-1/没那么简单,0.38
d:\-MindEcho-main\ml_dl_models\gtsinger_multitech\dataset\raw\French\FR-Soprano-1\Pharyngeal\vivre a en crever\Pharyngeal_Group\0000.wav,1,0.346011,4.576,French,FR-Soprano-1,vivre a en crever,French/FR-Soprano-1/vivre a en crever,0.37
d:\-MindEcho-main\ml_dl_models\gtsinger_multitech\dataset\raw\French\FR-Soprano-1\Mixed_Voice_and_Falsetto\le dernier train\Falsetto_Group\0010.wav,1,0.226056,1.966,French,FR-Soprano-1,le dernier train,French/FR-Soprano-1/le dernier train,0.13
d:\-MindEcho-main\ml_dl_models\gtsinger_multitech\dataset\raw\Chinese\ZH-Alto-1\Mixed_Voice_and_Falsetto\给电影人的情书\Mixed_Voice_Group\0009.wav,0,0.175,1.47,Chinese,ZH-Alto-1,给电影人的情书,Chinese/ZH-Alto-1/给电影人的情书,0.0
d:\-MindEcho-main\ml_dl_models\gtsinger_multitech\dataset\raw\Chinese\ZH-Tenor-1\Mixed_Voice_and_Falsetto\过火\Mixed_Voice_Group\0018.wav,1,0.55528,4.47,Chinese,ZH-Tenor-1,过火,Chinese/ZH-Tenor-1/过火,0.6
d:\-MindEcho-main\ml_dl_models\gtsinger_multitech\dataset\raw\Chinese\ZH-Tenor-1\Glissando\残酷月光\Control_Group\0000.wav,0,0.173458,1.294,Chinese,ZH-Tenor-1,残酷月光,Chinese/ZH-Tenor-1/残酷月光,0.0
d:\-MindEcho-main\ml_dl_models\gtsinger_multitech\dataset\raw\Chinese\ZH-Alto-1\Pharyngeal\老男孩\Pharyngeal_Group\0012.wav,1,0.549897,4.265,Chinese,ZH-Alto-1,老男孩,Chinese/ZH-Alto-1/老男孩,0.29
d:\-MindEcho-main\ml_dl_models\gtsinger_multitech\dataset\raw\French\FR-Soprano-1\Mixed_Voice_and_Falsetto\vivre a en crever\Control_Group\0001.wav,0,0.364015,4.192,French,FR-Soprano-1,vivre a en crever,French/FR-Soprano-1/vivre a en crever,0.0
d:\-MindEcho-main\ml_dl_models\gtsinger_multitech\dataset\raw\Chinese\ZH-Tenor-1\Mixed_Voice_and_Falsetto\全世界谁倾听你\Control_Group\0015.wav,1,0.388078,3.19,Chinese,ZH-Tenor-1,全世界谁倾听你,Chinese/ZH-Tenor-1/全世界谁倾听你,0.2
d:\-MindEcho-main\ml_dl_models\gtsinger_multitech\dataset\raw\French\FR-Soprano-1\Pharyngeal\lassasymphonie\Paired_Speech_Group\0005.wav,0,0.570987,2.771,French,FR-Soprano-1,lassasymphonie,French/FR-Soprano-1/lassasymphonie,0.0
d:\-MindEcho-main\ml_dl_models\gtsinger_multitech\dataset\raw\Chinese\ZH-Tenor-1\Breathy\给电影人的情书\Breathy_Group\0016.wav,0,0.164579,1.445,Chinese,ZH-Tenor-1,给电影人的情书,Chinese/ZH-Tenor-1/给电影人的情书,0.0
d:\-MindEcho-main\ml_dl_models\gtsinger_multitech\dataset\raw\Chinese\ZH-Tenor-1\Mixed_Voice_and_Falsetto\偏爱\Control_Group\0002.wav,0,0.642252,5.235,Chinese,ZH-Tenor-1,偏爱,Chinese/ZH-Tenor-1/偏爱,0.0
d:\-MindEcho-main\ml_dl_models\gtsinger_multitech\dataset\raw\French\FR-Tenor-1\Breathy\ouvre\Breathy_Group\0001.wav,0,0.202195,4.275,French,FR-Tenor-1,ouvre,French/FR-Tenor-1/ouvre,0.0
d:\-MindEcho-main\ml_dl_models\gtsinger_multitech\dataset\raw\Chinese\ZH-Tenor-1\Glissando\给电影人的情书\Control_Group\0007.wav,0,0.21151,1.415,Chinese,ZH-Tenor-1,给电影人的情书,Chinese/ZH-Tenor-1/给电影人的情书,0.0
d:\-MindEcho-main\ml_dl_models\gtsinger_multitech\dataset\raw\French\FR-Soprano-1\Mixed_Voice_and_Falsetto\violet snow\Paired_Speech_Group\0002.wav,0,0.311177,1.55,French,FR-Soprano-1,violet snow,French/FR-Soprano-1/violet snow,0.0
d:\-MindEcho-main\ml_dl_models\gtsinger_multitech\dataset\raw\Chinese\ZH-Tenor-1\Mixed_Voice_and_Falsetto\残酷月光\Falsetto_Group\0007.wav,1,0.404863,3.83,Chinese,ZH-Tenor-1,残酷月光,Chinese/ZH-Tenor-1/残酷月光,0.26
d:\-MindEcho-main\ml_dl_models\gtsinger_multitech\dataset\raw\Chinese\ZH-Alto-1\Vibrato\奇妙能力歌\Control_Group\0003.wav,1,0.465101,3.265,Chinese,ZH-Alto-1,奇妙能力歌,Chinese/ZH-Alto-1/奇妙能力歌,0.37
d:\-MindEcho-main\ml_dl_models\gtsinger_multitech\dataset\raw\Chinese\ZH-Tenor-1\Glissando\十年\Control_Group\0004.wav,0,0.252668,2.486,Chinese,ZH-Tenor-1,十年,Chinese/ZH-Tenor-1/十年,0.0
d:\-MindEcho-main\ml_dl_models\gtsinger_multitech\dataset\raw\Chinese\ZH-Tenor-1\Mixed_Voice_and_Falsetto\讲真的\Falsetto_Group\0017.wav,1,0.250356,1.76,Chinese,ZH-Tenor-1,讲真的,Chinese/ZH-Tenor-1/讲真的,0.2
d:\-MindEcho-main\ml_dl_models\gtsinger_multitech\dataset\raw\French\FR-Tenor-1\Mixed_Voice_and_Falsetto\Les Marionnettes\Control_Group\0004.wav,0,0.185626,1.77,French,FR-Tenor-1,Les Marionnettes,French/FR-Tenor-1/Les Marionnettes,0.0
d:\-MindEcho-main\ml_dl_models\gtsinger_multitech\dataset\raw\Chinese\ZH-Tenor-1\Glissando\倒带\Glissando_Group\0003.wav,0,0.629274,4.325,Chinese,ZH-Tenor-1,倒带,Chinese/ZH-Tenor-1/倒带,0.0
d:\-MindEcho-main\ml_dl_models\gtsinger_multitech\dataset\raw\Chinese\ZH-Tenor-1\Pharyngeal\亲爱的那不是爱情\Control_Group\0003.wav,0,0.547561,6.735,Chinese,ZH-Tenor-1,亲爱的那不是爱情,Chinese/ZH-Tenor-1/亲爱的那不是爱情,0.0
d:\-MindEcho-main\ml_dl_models\gtsinger_multitech\dataset\raw\Chinese\ZH-Alto-1\Vibrato\不再见\Control_Group\0012.wav,1,0.507766,4.25,Chinese,ZH-Alto-1,不再见,Chinese/ZH-Alto-1/不再见,0.58
d:\-MindEcho-main\ml_dl_models\gtsinger_multitech\dataset\raw\Chinese\ZH-Alto-1\Mixed_Voice_and_Falsetto\老男孩\Control_Group\0000.wav,0,0.537846,3.695,Chinese,ZH-Alto-1,老男孩,Chinese/ZH-Alto-1/老男孩,0.0
d:\-MindEcho-main\ml_dl_models\gtsinger_multitech\dataset\raw\Chinese\ZH-Alto-1\Breathy\知足\Control_Group\0012.wav,0,0.220144,1.53,Chinese,ZH-Alto-1,知足,Chinese/ZH-Alto-1/知足,0.0
d:\-MindEcho-main\ml_dl_models\gtsinger_multitech\dataset\raw\French\FR-Soprano-1\Mixed_Voice_and_Falsetto\magic boul'vard\Mixed_Voice_Group\0008.wav,0,0.584038,6.077,French,FR-Soprano-1,magic boul'vard,French/FR-Soprano-1/magic boul'vard,0.0
d:\-MindEcho-main\ml_dl_models\gtsinger_multitech\dataset\raw\French\FR-Tenor-1\Breathy\pourquoi\Breathy_Group\0004.wav,1,0.930005,16.293,French,FR-Tenor-1,pourquoi,French/FR-Tenor-1/pourquoi,1.702
d:\-MindEcho-main\ml_dl_models\gtsinger_multitech\dataset\raw\Chinese\ZH-Tenor-1\Mixed_Voice_and_Falsetto\后来\Mixed_Voice_Group\0005.wav,0,0.112455,1.86,Chinese,ZH-Tenor-1,后来,Chinese/ZH-Tenor-1/后来,0.0
d:\-MindEcho-main\ml_dl_models\gtsinger_multitech\dataset\raw\French\FR-Tenor-1\Glissando\ouvre\Control_Group\0000.wav,1,0.917571,14.151,French,FR-Tenor-1,ouvre,French/FR-Tenor-1/ouvre,0.815
d:\-MindEcho-main\ml_dl_models\gtsinger_multitech\dataset\raw\Chinese\ZH-Alto-1\Pharyngeal\说散就散\Control_Group\0009.wav,0,0.11846,1.2,Chinese,ZH-Alto-1,说散就散,Chinese/ZH-Alto-1/说散就散,0.0
d:\-MindEcho-main\ml_dl_models\gtsinger_multitech\dataset\raw\Chinese\ZH-Alto-1\Mixed_Voice_and_Falsetto\老男孩\Control_Group\0008.wav,1,0.507792,3.91,Chinese,ZH-Alto-1,老男孩,Chinese/ZH-Alto-1/老男孩,0.26
d:\-MindEcho-main\ml_dl_models\gtsinger_multitech\dataset\raw\Chinese\ZH-Alto-1\Pharyngeal\说谎\Pharyngeal_Group\0000.wav,0,0.583592,4.325,Chinese,ZH-Alto-1,说谎,Chinese/ZH-Alto-1/说谎,0.0
d:\-MindEcho-main\ml_dl_models\gtsinger_multitech\dataset\raw\Chinese\ZH-Tenor-1\Mixed_Voice_and_Falsetto\走着走着就散了\Falsetto_Group\0000.wav,0,0.207658,1.41,Chinese,ZH-Tenor-1,走着走着就散了,Chinese/ZH-Tenor-1/走着走着就散了,0.0
d:\-MindEcho-main\ml_dl_models\gtsinger_multitech\dataset\raw\Chinese\ZH-Tenor-1\Pharyngeal\不为谁而作的歌\Pharyngeal_Group\0015.wav,1,0.443902,3.094,Chinese,ZH-Tenor-1,不为谁而作的歌,Chinese/ZH-Tenor-1/不为谁而作的歌,0.228
d:\-MindEcho-main\ml_dl_models\gtsinger_multitech\dataset\raw\Chinese\ZH-Alto-1\Pharyngeal\小幸运\Control_Group\0000.wav,1,0.587092,3.775,Chinese,ZH-Alto-1,小幸运,Chinese/ZH-Alto-1/小幸运,0.41
d:\-MindEcho-main\ml_dl_models\gtsinger_multitech\dataset\raw\French\FR-Soprano-1\Pharyngeal\+la vie\Control_Group\0000.wav,0,0.115939,1.583,French,FR-Soprano-1,+la vie,French/FR-Soprano-1/+la vie,0.0
d:\-MindEcho-main\ml_dl_models\gtsinger_multitech\dataset\raw\Chinese\ZH-Alto-1\Pharyngeal\说散就散\Pharyngeal_Group\0000.wav,0,0.196474,1.605,Chinese,ZH-Alto-1,说散就散,Chinese/ZH-Alto-1/说散就散,0.0
d:\-MindEcho-main\ml_dl_models\gtsinger_multitech\dataset\raw\Chinese\ZH-Tenor-1\Vibrato\残酷月光\Vibrato_Group\0001.wav,0,0.565523,3.625,Chinese,ZH-Tenor-1,残酷月光,Chinese/ZH-Tenor-1/残酷月光,0.0
d:\-MindEcho-main\ml_dl_models\gtsinger_multitech\dataset\raw\French\FR-Soprano-1\Mixed_Voice_and_Falsetto\eviter les roses\Paired_Speech_Group\0001.wav,0,0.567725,3.898,French,FR-Soprano-1,eviter les roses,French/FR-Soprano-1/eviter les roses,0.0
d:\-MindEcho-main\ml_dl_models\gtsinger_multitech\dataset\raw\Chinese\ZH-Alto-1\Breathy\知足\Breathy_Group\0002.wav,0,0.237879,1.57,Chinese,ZH-Alto-1,知足,Chinese/ZH-Alto-1/知足,0.0
d:\-MindEcho-main\ml_dl_models\gtsinger_multitech\dataset\raw\French\FR-Soprano-1\Mixed_Voice_and_Falsetto\magic boul'vard\Control_Group\0007.wav,0,0.665606,13.392,French,FR-Soprano-1,magic boul'vard,French/FR-Soprano-1/magic boul'vard,0.0
d:\-MindEcho-main\ml_dl_models\gtsinger_multitech\dataset\raw\Chinese\ZH-Tenor-1\Mixed_Voice_and_Falsetto\过火\Control_Group\0004.wav,1,0.732836,4.91,Chinese,ZH-Tenor-1,过火,Chinese/ZH-Tenor-1/过火,0.4
d:\-MindEcho-main\ml_dl_models\gtsinger_multitech\dataset\raw\Chinese\ZH-Alto-1\Mixed_Voice_and_Falsetto\一次就好\Falsetto_Group\0004.wav,0,0.210461,2.555,Chinese,ZH-Alto-1,一次就好,Chinese/ZH-Alto-1/一次就好,0.0
d:\-MindEcho-main\ml_dl_models\gtsinger_multitech\dataset\raw\Chinese\ZH-Alto-1\Mixed_Voice_and_Falsetto\桃花诺\Mixed_Voice_Group\0004.wav,0,0.486014,4.17,Chinese,ZH-Alto-1,桃花诺,Chinese/ZH-Alto-1/桃花诺,0.0
d:\-MindEcho-main\ml_dl_models\gtsinger_multitech\dataset\raw\Chinese\ZH-Tenor-1\Mixed_Voice_and_Falsetto\走着走着就散了\Falsetto_Group\0002.wav,0,0.567678,4.865,Chinese,ZH-Tenor-1,走着走着就散了,Chinese/ZH-Tenor-1/走着走着就散了,0.0
d:\-MindEcho-main\ml_dl_models\gtsinger_multitech\dataset\raw\Chinese\ZH-Tenor-1\Mixed_Voice_and_Falsetto\残酷月光\Control_Group\0005.wav,0,0.157325,1.235,Chinese,ZH-Tenor-1,残酷月光,Chinese/ZH-Tenor-1/残酷月光,0.0
d:\-MindEcho-main\ml_dl_models\gtsinger_multitech\dataset\raw\Chinese\ZH-Tenor-1\Vibrato\水星记\Control_Group\0003.wav,0,0.245902,1.65,Chinese,ZH-Tenor-1,水星记,Chinese/ZH-Tenor-1/水星记,0.0
d:\-MindEcho-main\ml_dl_models\gtsinger_multitech\dataset\raw\Chinese\ZH-Alto-1\Mixed_Voice_and_Falsetto\一次就好\Control_Group\0008.wav,0,0.155334,1.325,Chinese,ZH-Alto-1,一次就好,Chinese/ZH-Alto-1/一次就好,0.0
d:\-MindEcho-main\ml_dl_models\gtsinger_multitech\dataset\raw\French\FR-Soprano-1\Pharyngeal\comment dire\Control_Group\0005.wav,1,0.65997,7.079,French,FR-Soprano-1,comment dire,French/FR-Soprano-1/comment dire,0.331
d:\-MindEcho-main\ml_dl_models\gtsinger_multitech\dataset\raw\French\FR-Soprano-1\Vibrato\eden eden\Control_Group\0011.wav,1,0.131236,2.318,French,FR-Soprano-1,eden eden,French/FR-Soprano-1/eden eden,0.496
d:\-MindEcho-main\ml_dl_models\gtsinger_multitech\dataset\raw\Chinese\ZH-Alto-1\Mixed_Voice_and_Falsetto\剑伤\Falsetto_Group\0004.wav,0,0.157362,1.415,Chinese,ZH-Alto-1,剑伤,Chinese/ZH-Alto-1/剑伤,0.0
d:\-MindEcho-main\ml_dl_models\gtsinger_multitech\dataset\raw\Chinese\ZH-Tenor-1\Mixed_Voice_and_Falsetto\失落沙洲\Control_Group\0003.wav,0,0.509714,4.725,Chinese,ZH-Tenor-1,失落沙洲,Chinese/ZH-Tenor-1/失落沙洲,0.0
d:\-MindEcho-main\ml_dl_models\gtsinger_multitech\dataset\raw\Chinese\ZH-Tenor-1\Mixed_Voice_and_Falsetto\走着走着就散了\Falsetto_Group\0004.wav,1,0.583908,5.915,Chinese,ZH-Tenor-1,走着走着就散了,Chinese/ZH-Tenor-1/走着走着就散了,0.47
d:\-MindEcho-main\ml_dl_models\gtsinger_multitech\dataset\raw\Chinese\ZH-Alto-1\Pharyngeal\默\Pharyngeal_Group\0003.wav,0,0.158749,1.37,Chinese,ZH-Alto-1,默,Chinese/ZH-Alto-1/默,0.0
d:\-MindEcho-main\ml_dl_models\gtsinger_multitech\dataset\raw\Chinese\ZH-Tenor-1\Pharyngeal\南山南\Control_Group\0001.wav,0,0.394975,3.93,Chinese,ZH-Tenor-1,南山南,Chinese/ZH-Tenor-1/南山南,0.0
d:\-MindEcho-main\ml_dl_models\gtsinger_multitech\dataset\raw\French\FR-Soprano-1\Pharyngeal\guel ennui\Control_Group\0001.wav,0,0.145614,1.381,French,FR-Soprano-1,guel ennui,French/FR-Soprano-1/guel ennui,0.0
d:\-MindEcho-main\ml_dl_models\gtsinger_multitech\dataset\raw\Chinese\ZH-Tenor-1\Glissando\倒带\Control_Group\0012.wav,0,0.369773,3.44,Chinese,ZH-Tenor-1,倒带,Chinese/ZH-Tenor-1/倒带,0.0
d:\-MindEcho-main\ml_dl_models\gtsinger_multitech\dataset\raw\French\FR-Tenor-1\Breathy\Lafleur\Control_Group\0002.wav,1,0.078937,0.13,French,FR-Tenor-1,Lafleur,French/FR-Tenor-1/Lafleur,0.26
d:\-MindEcho-main\ml_dl_models\gtsinger_multitech\dataset\raw\Chinese\ZH-Tenor-1\Pharyngeal\亲爱的那不是爱情\Pharyngeal_Group\0002.wav,0,0.440635,2.635,Chinese,ZH-Tenor-1,亲爱的那不是爱情,Chinese/ZH-Tenor-1/亲爱的那不是爱情,0.0
d:\-MindEcho-main\ml_dl_models\gtsinger_multitech\dataset\raw\French\FR-Soprano-1\Breathy\le balcon\Control_Group\0005.wav,1,0.450109,5.738,French,FR-Soprano-1,le balcon,French/FR-Soprano-1/le balcon,0.612
d:\-MindEcho-main\ml_dl_models\gtsinger_multitech\dataset\raw\French\FR-Soprano-1\Mixed_Voice_and_Falsetto\chez moi\Falsetto_Group\0000.wav,0,0.510837,4.902,French,FR-Soprano-1,chez moi,French/FR-Soprano-1/chez moi,0.0
d:\-MindEcho-main\ml_dl_models\gtsinger_multitech\dataset\raw\Chinese\ZH-Alto-1\Vibrato\我真的受伤了\Control_Group\0008.wav,0,0.246395,1.572,Chinese,ZH-Alto-1,我真的受伤了,Chinese/ZH-Alto-1/我真的受伤了,0.0
d:\-MindEcho-main\ml_dl_models\gtsinger_multitech\dataset\raw\Chinese\ZH-Tenor-1\Vibrato\失落沙洲\Vibrato_Group\0000.wav,1,0.522158,5.42,Chinese,ZH-Tenor-1,失落沙洲,Chinese/ZH-Tenor-1/失落沙洲,1.04
d:\-MindEcho-main\ml_dl_models\gtsinger_multitech\dataset\raw\French\FR-Tenor-1\Breathy\o souverain\Control_Group\0003.wav,0,0.652606,5.685,French,FR-Tenor-1,o souverain,French/FR-Tenor-1/o souverain,0.0
d:\-MindEcho-main\ml_dl_models\gtsinger_multitech\dataset\raw\Chinese\ZH-Tenor-1\Breathy\爱的回归线\Control_Group\0006.wav,1,0.452064,3.395,Chinese,ZH-Tenor-1,爱的回归线,Chinese/ZH-Tenor-1/爱的回归线,0.21
d:\-MindEcho-main\ml_dl_models\gtsinger_multitech\dataset\raw\Chinese\ZH-Alto-1\Vibrato\好久不见\Control_Group\0002.wav,0,0.613393,6.87,Chinese,ZH-Alto-1,好久不见,Chinese/ZH-Alto-1/好久不见,0.0
d:\-MindEcho-main\ml_dl_models\gtsinger_multitech\dataset\raw\Chinese\ZH-Tenor-1\Glissando\残酷月光\Control_Group\0005.wav,0,0.160315,1.22,Chinese,ZH-Tenor-1,残酷月光,Chinese/ZH-Tenor-1/残酷月光,0.0
d:\-MindEcho-main\ml_dl_models\gtsinger_multitech\dataset\raw\Chinese\ZH-Alto-1\Mixed_Voice_and_Falsetto\剑伤\Mixed_Voice_Group\0003.wav,1,0.484375,3.565,Chinese,ZH-Alto-1,剑伤,Chinese/ZH-Alto-1/剑伤,0.51
d:\-MindEcho-main\ml_dl_models\gtsinger_multitech\dataset\raw\Chinese\ZH-Tenor-1\Mixed_Voice_and_Falsetto\青花瓷\Falsetto_Group\0004.wav,0,0.153932,1.312,Chinese,ZH-Tenor-1,青花瓷,Chinese/ZH-Tenor-1/青花瓷,0.0
d:\-MindEcho-main\ml_dl_models\gtsinger_multitech\dataset\raw\French\FR-Soprano-1\Pharyngeal\comment dire\Control_Group\0004.wav,1,0.471471,8.039,French,FR-Soprano-1,comment dire,French/FR-Soprano-1/comment dire,0.308
d:\-MindEcho-main\ml_dl_models\gtsinger_multitech\dataset\raw\Chinese\ZH-Alto-1\Glissando\时间煮雨\Glissando_Group\0012.wav,0,0.475387,3.38,Chinese,ZH-Alto-1,时间煮雨,Chinese/ZH-Alto-1/时间煮雨,0.0
d:\-MindEcho-main\ml_dl_models\gtsinger_multitech\dataset\raw\Chinese\ZH-Tenor-1\Glissando\给电影人的情书\Glissando_Group\0003.wav,0,0.464958,4.445,Chinese,ZH-Tenor-1,给电影人的情书,Chinese/ZH-Tenor-1/给电影人的情书,0.0
d:\-MindEcho-main\ml_dl_models\gtsinger_multitech\dataset\raw\Chinese\ZH-Tenor-1\Vibrato\我真的受伤了\Vibrato_Group\0011.wav,0,0.567568,6.72,Chinese,ZH-Tenor-1,我真的受伤了,Chinese/ZH-Tenor-1/我真的受伤了,0.0
d:\-MindEcho-main\ml_dl_models\gtsinger_multitech\dataset\raw\Chinese\ZH-Alto-1\Breathy\最长的电影\Breathy_Group\0001.wav,0,0.612758,4.755,Chinese,ZH-Alto-1,最长的电影,Chinese/ZH-Alto-1/最长的电影,0.0
d:\-MindEcho-main\ml_dl_models\gtsinger_multitech\dataset\raw\French\FR-Soprano-1\Mixed_Voice_and_Falsetto\lentement\Control_Group\0004.wav,1,0.894774,11.329,French,FR-Soprano-1,lentement,French/FR-Soprano-1/lentement,0.151
d:\-MindEcho-main\ml_dl_models\gtsinger_multitech\dataset\raw\Chinese\ZH-Tenor-1\Breathy\不染\Control_Group\0029.wav,0,0.320942,2.115,Chinese,ZH-Tenor-1,不染,Chinese/ZH-Tenor-1/不染,0.0
d:\-MindEcho-main\ml_dl_models\gtsinger_multitech\dataset\raw\Chinese\ZH-Tenor-1\Mixed_Voice_and_Falsetto\全世界谁倾听你\Mixed_Voice_Group\0000.wav,0,0.548755,5.29,Chinese,ZH-Tenor-1,全世界谁倾听你,Chinese/ZH-Tenor-1/全世界谁倾听你,0.0
d:\-MindEcho-main\ml_dl_models\gtsinger_multitech\dataset\raw\French\FR-Soprano-1\Mixed_Voice_and_Falsetto\lentement\Control_Group\0005.wav,1,0.728548,9.423,French,FR-Soprano-1,lentement,French/FR-Soprano-1/lentement,1.42
d:\-MindEcho-main\ml_dl_models\gtsinger_multitech\dataset\raw\Chinese\ZH-Tenor-1\Mixed_Voice_and_Falsetto\最初的梦想\Falsetto_Group\0009.wav,0,0.131033,1.39,Chinese,ZH-Tenor-1,最初的梦想,Chinese/ZH-Tenor-1/最初的梦想,0.0
d:\-MindEcho-main\ml_dl_models\gtsinger_multitech\dataset\raw\French\FR-Soprano-1\Mixed_Voice_and_Falsetto\mustang cabriolet\Control_Group\0000.wav,1,0.099133,0.75,French,FR-Soprano-1,mustang cabriolet,French/FR-Soprano-1/mustang cabriolet,1.5
d:\-MindEcho-main\ml_dl_models\gtsinger_multitech\dataset\raw\Chinese\ZH-Alto-1\Vibrato\我真的受伤了\Control_Group\0004.wav,0,0.625185,4.232,Chinese,ZH-Alto-1,我真的受伤了,Chinese/ZH-Alto-1/我真的受伤了,0.0
d:\-MindEcho-main\ml_dl_models\gtsinger_multitech\dataset\raw\German\DE-Soprano-1\Breathy\Copilot\Breathy_Group\0000.wav,0,0.571244,3.989,German,DE-Soprano-1,Copilot,German/DE-Soprano-1/Copilot,0.0
d:\-MindEcho-main\ml_dl_models\gtsinger_multitech\dataset\raw\French\FR-Soprano-1\Mixed_Voice_and_Falsetto\lentement\Falsetto_Group\0000.wav,1,0.870228,8.505,French,FR-Soprano-1,lentement,French/FR-Soprano-1/lentement,1.484
d:\-MindEcho-main\ml_dl_models\gtsinger_multitech\dataset\raw\Chinese\ZH-Tenor-1\Pharyngeal\我怀念的\Control_Group\0013.wav,1,0.615995,5.045,Chinese,ZH-Tenor-1,我怀念的,Chinese/ZH-Tenor-1/我怀念的,0.21
d:\-MindEcho-main\ml_dl_models\gtsinger_multitech\dataset\raw\French\FR-Soprano-1\Breathy\2019\Paired_Speech_Group\0000.wav,0,0.289259,1.306,French,FR-Soprano-1,2019,French/FR-Soprano-1/2019,0.0
d:\-MindEcho-main\ml_dl_models\gtsinger_multitech\dataset\raw\Chinese\ZH-Tenor-1\Mixed_Voice_and_Falsetto\讲真的\Falsetto_Group\0004.wav,0,0.38837,3.74,Chinese,ZH-Tenor-1,讲真的,Chinese/ZH-Tenor-1/讲真的,0.0
d:\-MindEcho-main\ml_dl_models\gtsinger_multitech\dataset\raw\Chinese\ZH-Alto-1\Glissando\奇妙能力歌\Control_Group\0011.wav,0,0.525102,4.1,Chinese,ZH-Alto-1,奇妙能力歌,Chinese/ZH-Alto-1/奇妙能力歌,0.0
d:\-MindEcho-main\ml_dl_models\gtsinger_multitech\dataset\raw\French\FR-Soprano-1\Mixed_Voice_and_Falsetto\violet snow\Mixed_Voice_Group\0002.wav,1,0.318903,3.356,French,FR-Soprano-1,violet snow,French/FR-Soprano-1/violet snow,0.371
d:\-MindEcho-main\ml_dl_models\gtsinger_multitech\dataset\raw\French\FR-Soprano-1\Mixed_Voice_and_Falsetto\magic boul'vard\Falsetto_Group\0000.wav,0,0.252065,2.747,French,FR-Soprano-1,magic boul'vard,French/FR-Soprano-1/magic boul'vard,0.0
d:\-MindEcho-main\ml_dl_models\gtsinger_multitech\dataset\raw\Chinese\ZH-Tenor-1\Mixed_Voice_and_Falsetto\失落沙洲\Control_Group\0005.wav,0,0.303345,1.905,Chinese,ZH-Tenor-1,失落沙洲,Chinese/ZH-Tenor-1/失落沙洲,0.0
d:\-MindEcho-main\ml_dl_models\gtsinger_multitech\dataset\raw\French\FR-Soprano-1\Pharyngeal\je ne sais pas choisir\Control_Group\0005.wav,0,0.179809,1.542,French,FR-Soprano-1,je ne sais pas choisir,French/FR-Soprano-1/je ne sais pas choisir,0.0
d:\-MindEcho-main\ml_dl_models\gtsinger_multitech\dataset\raw\Chinese\ZH-Alto-1\Pharyngeal\隐形的翅膀\Pharyngeal_Group\0009.wav,0,0.2768,1.73,Chinese,ZH-Alto-1,隐形的翅膀,Chinese/ZH-Alto-1/隐形的翅膀,0.0
d:\-MindEcho-main\ml_dl_models\gtsinger_multitech\dataset\raw\Chinese\ZH-Tenor-1\Mixed_Voice_and_Falsetto\倒带\Control_Group\0023.wav,1,0.516174,3.67,Chinese,ZH-Tenor-1,倒带,Chinese/ZH-Tenor-1/倒带,0.32
d:\-MindEcho-main\ml_dl_models\gtsinger_multitech\dataset\raw\Chinese\ZH-Alto-1\Pharyngeal\隐形的翅膀\Control_Group\0004.wav,1,0.50904,3.66,Chinese,ZH-Alto-1,隐形的翅膀,Chinese/ZH-Alto-1/隐形的翅膀,0.32
d:\-MindEcho-main\ml_dl_models\gtsinger_multitech\dataset\raw\Chinese\ZH-Alto-1\Mixed_Voice_and_Falsetto\最长的电影\Control_Group\0002.wav,0,0.582271,5.025,Chinese,ZH-Alto-1,最长的电影,Chinese/ZH-Alto-1/最长的电影,0.0
d:\-MindEcho-main\ml_dl_models\gtsinger_multitech\dataset\raw\French\FR-Soprano-1\Breathy\les passagers du vent\Breathy_Group\0010.wav,1,0.101194,1.501,French,FR-Soprano-1,les passagers du vent,French/FR-Soprano-1/les passagers du vent,0.111
d:\-MindEcho-main\ml_dl_models\gtsinger_multitech\dataset\raw\Chinese\ZH-Alto-1\Breathy\可乐\Breathy_Group\0011.wav,0,0.410323,2.997,Chinese,ZH-Alto-1,可乐,Chinese/ZH-Alto-1/可乐,0.0
d:\-MindEcho-main\ml_dl_models\gtsinger_multitech\dataset\raw\Chinese\ZH-Tenor-1\Pharyngeal\情歌\Pharyngeal_Group\0012.wav,0,0.149255,1.301,Chinese,ZH-Tenor-1,情歌,Chinese/ZH-Tenor-1/情歌,0.0
d:\-MindEcho-main\ml_dl_models\gtsinger_multitech\dataset\raw\Chinese\ZH-Alto-1\Mixed_Voice_and_Falsetto\桃花诺\Falsetto_Group\0007.wav,1,0.30396,2.58,Chinese,ZH-Alto-1,桃花诺,Chinese/ZH-Alto-1/桃花诺,0.34
d:\-MindEcho-main\ml_dl_models\gtsinger_multitech\dataset\raw\Chinese\ZH-Tenor-1\Pharyngeal\南山南\Pharyngeal_Group\0005.wav,0,0.350282,2.48,Chinese,ZH-Tenor-1,南山南,Chinese/ZH-Tenor-1/南山南,0.0
d:\-MindEcho-main\ml_dl_models\gtsinger_multitech\dataset\raw\Chinese\ZH-Tenor-1\Breathy\不染\Control_Group\0011.wav,0,0.355421,2.36,Chinese,ZH-Tenor-1,不染,Chinese/ZH-Tenor-1/不染,0.0
d:\-MindEcho-main\ml_dl_models\gtsinger_multitech\dataset\raw\Chinese\ZH-Tenor-1\Glissando\传奇\Glissando_Group\0002.wav,0,0.564595,5.135,Chinese,ZH-Tenor-1,传奇,Chinese/ZH-Tenor-1/传奇,0.0
d:\-MindEcho-main\ml_dl_models\gtsinger_multitech\dataset\raw\French\FR-Soprano-1\Mixed_Voice_and_Falsetto\vivre a en crever\Control_Group\0006.wav,0,0.544794,7.161,French,FR-Soprano-1,vivre a en crever,French/FR-Soprano-1/vivre a en crever,0.0
d:\-MindEcho-main\ml_dl_models\gtsinger_multitech\dataset\raw\Chinese\ZH-Tenor-1\Mixed_Voice_and_Falsetto\倒带\Falsetto_Group\0012.wav,0,0.634149,6.065,Chinese,ZH-Tenor-1,倒带,Chinese/ZH-Tenor-1/倒带,0.0
d:\-MindEcho-main\ml_dl_models\gtsinger_multitech\dataset\raw\Chinese\ZH-Tenor-1\Pharyngeal\亲爱的那不是爱情\Pharyngeal_Group\0001.wav,0,0.107519,1.307,Chinese,ZH-Tenor-1,亲爱的那不是爱情,Chinese/ZH-Tenor-1/亲爱的那不是爱情,0.0
d:\-MindEcho-main\ml_dl_models\gtsinger_multitech\dataset\raw\French\FR-Tenor-1\Glissando\ouvre\Glissando_Group\0007.wav,1,0.50602,6.472,French,FR-Tenor-1,ouvre,French/FR-Tenor-1/ouvre,0.372
d:\-MindEcho-main\ml_dl_models\gtsinger_multitech\dataset\raw\Chinese\ZH-Tenor-1\Mixed_Voice_and_Falsetto\残酷月光\Control_Group\0016.wav,0,0.470443,2.865,Chinese,ZH-Tenor-1,残酷月光,Chinese/ZH-Tenor-1/残酷月光,0.0
d:\-MindEcho-main\ml_dl_models\gtsinger_multitech\dataset\raw\French\FR-Soprano-1\Mixed_Voice_and_Falsetto\je vole\Control_Group\0002.wav,0,0.247483,2.064,French,FR-Soprano-1,je vole,French/FR-Soprano-1/je vole,0.0
d:\-MindEcho-main\ml_dl_models\gtsinger_multitech\dataset\raw\French\FR-Soprano-1\Mixed_Voice_and_Falsetto\chez moi\Control_Group\0000.wav,0,0.741663,7.45,French,FR-Soprano-1,chez moi,French/FR-Soprano-1/chez moi,0.0
d:\-MindEcho-main\ml_dl_models\gtsinger_multitech\dataset\raw\Chinese\ZH-Tenor-1\Vibrato\我真的受伤了\Control_Group\0008.wav,0,0.509605,4.51,Chinese,ZH-Tenor-1,我真的受伤了,Chinese/ZH-Tenor-1/我真的受伤了,0.0
d:\-MindEcho-main\ml_dl_models\gtsinger_multitech\dataset\raw\Chinese\ZH-Tenor-1\Pharyngeal\传奇\Control_Group\0012.wav,1,0.459201,5.29,Chinese,ZH-Tenor-1,传奇,Chinese/ZH-Tenor-1/传奇,1.5
d:\-MindEcho-main\ml_dl_models\gtsinger_multitech\dataset\raw\Chinese\ZH-Tenor-1\Vibrato\失落沙洲\Control_Group\0002.wav,0,0.138046,1.455,Chinese,ZH-Tenor-1,失落沙洲,Chinese/ZH-Tenor-1/失落沙洲,0.0
d:\-MindEcho-main\ml_dl_models\gtsinger_multitech\dataset\raw\Chinese\ZH-Alto-1\Mixed_Voice_and_Falsetto\平凡的一天\Mixed_Voice_Group\0003.wav,0,0.121677,1.643,Chinese,ZH-Alto-1,平凡的一天,Chinese/ZH-Alto-1/平凡的一天,0.0
d:\-MindEcho-main\ml_dl_models\gtsinger_multitech\dataset\raw\Chinese\ZH-Tenor-1\Glissando\我的歌声里\Glissando_Group\0004.wav,0,0.564225,5.315,Chinese,ZH-Tenor-1,我的歌声里,Chinese/ZH-Tenor-1/我的歌声里,0.0
d:\-MindEcho-main\ml_dl_models\gtsinger_multitech\dataset\raw\French\FR-Tenor-1\Breathy\o souverain\Control_Group\0011.wav,0,0.091639,1.684,French,FR-Tenor-1,o souverain,French/FR-Tenor-1/o souverain,0.0
d:\-MindEcho-main\ml_dl_models\gtsinger_multitech\dataset\raw\French\FR-Soprano-1\Vibrato\les oiseaux\Paired_Speech_Group\0007.wav,0,0.164022,1.426,French,FR-Soprano-1,les oiseaux,French/FR-Soprano-1/les oiseaux,0.0
d:\-MindEcho-main\ml_dl_models\gtsinger_multitech\dataset\raw\French\FR-Soprano-1\Pharyngeal\je ne sais pas choisir\Pharyngeal_Group\0006.wav,1,0.284095,2.481,French,FR-Soprano-1,je ne sais pas choisir,French/FR-Soprano-1/je ne sais pas choisir,0.38
d:\-MindEcho-main\ml_dl_models\gtsinger_multitech\dataset\raw\Chinese\ZH-Alto-1\Mixed_Voice_and_Falsetto\告白气球\Control_Group\0007.wav,0,0.565271,3.685,Chinese,ZH-Alto-1,告白气球,Chinese/ZH-Alto-1/告白气球,0.0
d:\-MindEcho-main\ml_dl_models\gtsinger_multitech\dataset\raw\Chinese\ZH-Tenor-1\Mixed_Voice_and_Falsetto\倒带\Mixed_Voice_Group\0002.wav,0,0.598969,5.81,Chinese,ZH-Tenor-1,倒带,Chinese/ZH-Tenor-1/倒带,0.0
d:\-MindEcho-main\ml_dl_models\gtsinger_multitech\dataset\raw\Chinese\ZH-Tenor-1\Mixed_Voice_and_Falsetto\演员\Control_Group\0012.wav,0,0.599409,6.09,Chinese,ZH-Tenor-1,演员,Chinese/ZH-Tenor-1/演员,0.0
d:\-MindEcho-main\ml_dl_models\gtsinger_multitech\dataset\raw\Chinese\ZH-Alto-1\Pharyngeal\你就不要想起我\Pharyngeal_Group\0007.wav,0,0.534134,3.826,Chinese,ZH-Alto-1,你就不要想起我,Chinese/ZH-Alto-1/你就不要想起我,0.0
d:\-MindEcho-main\ml_dl_models\gtsinger_multitech\dataset\raw\French\FR-Tenor-1\Glissando\o souverain\Glissando_Group\0016.wav,1,0.729655,13.323,French,FR-Tenor-1,o souverain,French/FR-Tenor-1/o souverain,0.535
d:\-MindEcho-main\ml_dl_models\gtsinger_multitech\dataset\raw\Chinese\ZH-Tenor-1\Mixed_Voice_and_Falsetto\偏爱\Falsetto_Group\0004.wav,1,0.242907,3.117,Chinese,ZH-Tenor-1,偏爱,Chinese/ZH-Tenor-1/偏爱,0.453
d:\-MindEcho-main\ml_dl_models\gtsinger_multitech\dataset\raw\Chinese\ZH-Tenor-1\Mixed_Voice_and_Falsetto\情歌\Control_Group\0021.wav,1,0.194578,1.543,Chinese,ZH-Tenor-1,情歌,Chinese/ZH-Tenor-1/情歌,0.274
d:\-MindEcho-main\ml_dl_models\gtsinger_multitech\dataset\raw\Chinese\ZH-Alto-1\Mixed_Voice_and_Falsetto\忽然之间\Falsetto_Group\0001.wav,0,0.125112,1.4,Chinese,ZH-Alto-1,忽然之间,Chinese/ZH-Alto-1/忽然之间,0.0
d:\-MindEcho-main\ml_dl_models\gtsinger_multitech\dataset\raw\French\FR-Soprano-1\Mixed_Voice_and_Falsetto\je vole\Mixed_Voice_Group\0001.wav,0,0.245935,2.874,French,FR-Soprano-1,je vole,French/FR-Soprano-1/je vole,0.0
d:\-MindEcho-main\ml_dl_models\gtsinger_multitech\dataset\raw\Chinese\ZH-Alto-1\Mixed_Voice_and_Falsetto\后来\Falsetto_Group\0013.wav,0,0.235659,1.52,Chinese,ZH-Alto-1,后来,Chinese/ZH-Alto-1/后来,0.0
d:\-MindEcho-main\ml_dl_models\gtsinger_multitech\dataset\raw\Chinese\ZH-Tenor-1\Glissando\不染\Glissando_Group\0025.wav,0,0.305758,1.933,Chinese,ZH-Tenor-1,不染,Chinese/ZH-Tenor-1/不染,0.0
d:\-MindEcho-main\ml_dl_models\gtsinger_multitech\dataset\raw\Chinese\ZH-Alto-1\Pharyngeal\默\Pharyngeal_Group\0005.wav,0,0.285065,2.414,Chinese,ZH-Alto-1,默,Chinese/ZH-Alto-1/默,0.0
d:\-MindEcho-main\ml_dl_models\gtsinger_multitech\dataset\raw\French\FR-Soprano-1\Vibrato\aimer\Vibrato_Group\0004.wav,0,0.107354,1.273,French,FR-Soprano-1,aimer,French/FR-Soprano-1/aimer,0.0
d:\-MindEcho-main\ml_dl_models\gtsinger_multitech\dataset\raw\French\FR-Tenor-1\Breathy\Les Marionnettes\Breathy_Group\0001.wav,1,0.650165,11.688,French,FR-Tenor-1,Les Marionnettes,French/FR-Tenor-1/Les Marionnettes,0.172
d:\-MindEcho-main\ml_dl_models\gtsinger_multitech\dataset\raw\French\FR-Soprano-1\Mixed_Voice_and_Falsetto\comment deja\Control_Group\0004.wav,0,0.452831,3.893,French,FR-Soprano-1,comment deja,French/FR-Soprano-1/comment deja,0.0
d:\-MindEcho-main\ml_dl_models\gtsinger_multitech\dataset\raw\French\FR-Soprano-1\Pharyngeal\vivre a en crever\Control_Group\0001.wav,0,0.200048,1.655,French,FR-Soprano-1,vivre a en crever,French/FR-Soprano-1/vivre a en crever,0.0
d:\-MindEcho-main\ml_dl_models\gtsinger_multitech\dataset\raw\French\FR-Soprano-1\Glissando\la fuite\Control_Group\0001.wav,1,0.339199,3.932,French,FR-Soprano-1,la fuite,French/FR-Soprano-1/la fuite,0.44
d:\-MindEcho-main\ml_dl_models\gtsinger_multitech\dataset\raw\Chinese\ZH-Alto-1\Mixed_Voice_and_Falsetto\日不落\Mixed_Voice_Group\0003.wav,0,0.370678,2.68,Chinese,ZH-Alto-1,日不落,Chinese/ZH-Alto-1/日不落,0.0
d:\-MindEcho-main\ml_dl_models\gtsinger_multitech\dataset\raw\Chinese\ZH-Tenor-1\Breathy\我真的受伤了\Control_Group\0004.wav,0,0.426881,5.05,Chinese,ZH-Tenor-1,我真的受伤了,Chinese/ZH-Tenor-1/我真的受伤了,0.0
d:\-MindEcho-main\ml_dl_models\gtsinger_multitech\dataset\raw\French\FR-Soprano-1\Mixed_Voice_and_Falsetto\mustang cabriolet\Control_Group\0004.wav,1,0.704506,8.114,French,FR-Soprano-1,mustang cabriolet,French/FR-Soprano-1/mustang cabriolet,0.481
d:\-MindEcho-main\ml_dl_models\gtsinger_multitech\dataset\raw\French\FR-Tenor-1\Glissando\o souverain\Glissando_Group\0001.wav,1,0.063701,1.135,French,FR-Tenor-1,o souverain,French/FR-Tenor-1/o souverain,0.223
d:\-MindEcho-main\ml_dl_models\gtsinger_multitech\dataset\raw\Chinese\ZH-Alto-1\Glissando\你给我听好\Control_Group\0002.wav,0,0.215299,1.731,Chinese,ZH-Alto-1,你给我听好,Chinese/ZH-Alto-1/你给我听好,0.0
d:\-MindEcho-main\ml_dl_models\gtsinger_multitech\dataset\raw\Chinese\ZH-Alto-1\Mixed_Voice_and_Falsetto\贝加尔湖畔\Control_Group\0008.wav,1,0.50053,4.249,Chinese,ZH-Alto-1,贝加尔湖畔,Chinese/ZH-Alto-1/贝加尔湖畔,0.521
d:\-MindEcho-main\ml_dl_models\gtsinger_multitech\dataset\raw\Chinese\ZH-Alto-1\Mixed_Voice_and_Falsetto\化身孤岛的鲸\Control_Group\0016.wav,0,0.471153,7.105,Chinese,ZH-Alto-1,化身孤岛的鲸,Chinese/ZH-Alto-1/化身孤岛的鲸,0.0
d:\-MindEcho-main\ml_dl_models\gtsinger_multitech\dataset\raw\Chinese\ZH-Tenor-1\Breathy\化身孤岛的鲸\Breathy_Group\0007.wav,1,0.247017,2.07,Chinese,ZH-Tenor-1,化身孤岛的鲸,Chinese/ZH-Tenor-1/化身孤岛的鲸,0.24
d:\-MindEcho-main\ml_dl_models\gtsinger_multitech\dataset\raw\Chinese\ZH-Tenor-1\Mixed_Voice_and_Falsetto\平凡之路\Falsetto_Group\0011.wav,0,0.181078,1.445,Chinese,ZH-Tenor-1,平凡之路,Chinese/ZH-Tenor-1/平凡之路,0.0
d:\-MindEcho-main\ml_dl_models\gtsinger_multitech\dataset\raw\Chinese\ZH-Tenor-1\Breathy\不染\Control_Group\0014.wav,0,0.617086,4.19,Chinese,ZH-Tenor-1,不染,Chinese/ZH-Tenor-1/不染,0.0
d:\-MindEcho-main\ml_dl_models\gtsinger_multitech\dataset\raw\Chinese\ZH-Alto-1\Mixed_Voice_and_Falsetto\贝加尔湖畔\Falsetto_Group\0000.wav,0,0.601591,4.915,Chinese,ZH-Alto-1,贝加尔湖畔,Chinese/ZH-Alto-1/贝加尔湖畔,0.0
d:\-MindEcho-main\ml_dl_models\gtsinger_multitech\dataset\raw\Chinese\ZH-Alto-1\Glissando\时间煮雨\Glissando_Group\0017.wav,1,0.45071,5.715,Chinese,ZH-Alto-1,时间煮雨,Chinese/ZH-Alto-1/时间煮雨,0.73
d:\-MindEcho-main\ml_dl_models\gtsinger_multitech\dataset\raw\Chinese\ZH-Alto-1\Mixed_Voice_and_Falsetto\年轮\Control_Group\0001.wav,1,0.424104,3.336,Chinese,ZH-Alto-1,年轮,Chinese/ZH-Alto-1/年轮,0.3
d:\-MindEcho-main\ml_dl_models\gtsinger_multitech\dataset\raw\French\FR-Soprano-1\Vibrato\eden eden\Vibrato_Group\0012.wav,1,0.734495,7.627,French,FR-Soprano-1,eden eden,French/FR-Soprano-1/eden eden,0.11
d:\-MindEcho-main\ml_dl_models\gtsinger_multitech\dataset\raw\French\FR-Soprano-1\Mixed_Voice_and_Falsetto\lentement\Control_Group\0000.wav,0,0.434778,4.303,French,FR-Soprano-1,lentement,French/FR-Soprano-1/lentement,0.0
d:\-MindEcho-main\ml_dl_models\gtsinger_multitech\dataset\raw\Chinese\ZH-Tenor-1\Glissando\画心\Control_Group\0007.wav,1,0.24181,1.55,Chinese,ZH-Tenor-1,画心,Chinese/ZH-Tenor-1/画心,0.2
d:\-MindEcho-main\ml_dl_models\gtsinger_multitech\dataset\raw\Chinese\ZH-Tenor-1\Mixed_Voice_and_Falsetto\终于等到你\Mixed_Voice_Group\0017.wav,0,0.626118,4.061,Chinese,ZH-Tenor-1,终于等到你,Chinese/ZH-Tenor-1/终于等到你,0.0
d:\-MindEcho-main\ml_dl_models\gtsinger_multitech\dataset\raw\Chinese\ZH-Tenor-1\Breathy\会呼吸的痛\Control_Group\0014.wav,1,0.480287,4.02,Chinese,ZH-Tenor-1,会呼吸的痛,Chinese/ZH-Tenor-1/会呼吸的痛,0.32
d:\-MindEcho-main\ml_dl_models\gtsinger_multitech\dataset\raw\Chinese\ZH-Tenor-1\Mixed_Voice_and_Falsetto\后来\Control_Group\0000.wav,1,0.64418,4.87,Chinese,ZH-Tenor-1,后来,Chinese/ZH-Tenor-1/后来,0.46
d:\-MindEcho-main\ml_dl_models\gtsinger_multitech\dataset\raw\Chinese\ZH-Tenor-1\Mixed_Voice_and_Falsetto\最初的梦想\Control_Group\0009.wav,0,0.127908,1.43,Chinese,ZH-Tenor-1,最初的梦想,Chinese/ZH-Tenor-1/最初的梦想,0.0
d:\-MindEcho-main\ml_dl_models\gtsinger_multitech\dataset\raw\Chinese\ZH-Alto-1\Breathy\江南\Breathy_Group\0006.wav,0,0.116004,1.225,Chinese,ZH-Alto-1,江南,Chinese/ZH-Alto-1/江南,0.0
d:\-MindEcho-main\ml_dl_models\gtsinger_multitech\dataset\raw\French\FR-Soprano-1\Mixed_Voice_and_Falsetto\magic boul'vard\Mixed_Voice_Group\0007.wav,0,0.077932,1.604,French,FR-Soprano-1,magic boul'vard,French/FR-Soprano-1/magic boul'vard,0.0
d:\-MindEcho-main\ml_dl_models\gtsinger_multitech\dataset\raw\French\FR-Soprano-1\Mixed_Voice_and_Falsetto\lentement\Control_Group\0011.wav,1,0.649895,5.639,French,FR-Soprano-1,lentement,French/FR-Soprano-1/lentement,0.611
d:\-MindEcho-main\ml_dl_models\gtsinger_multitech\dataset\raw\French\FR-Soprano-1\Mixed_Voice_and_Falsetto\chez moi\Paired_Speech_Group\0004.wav,0,0.543415,2.822,French,FR-Soprano-1,chez moi,French/FR-Soprano-1/chez moi,0.0
d:\-MindEcho-main\ml_dl_models\gtsinger_multitech\dataset\raw\Chinese\ZH-Tenor-1\Vibrato\残酷月光\Control_Group\0007.wav,0,0.137146,1.355,Chinese,ZH-Tenor-1,残酷月光,Chinese/ZH-Tenor-1/残酷月光,0.0
d:\-MindEcho-main\ml_dl_models\gtsinger_multitech\dataset\raw\Chinese\ZH-Alto-1\Breathy\越过山丘\Breathy_Group\0016.wav,1,0.519809,3.805,Chinese,ZH-Alto-1,越过山丘,Chinese/ZH-Alto-1/越过山丘,0.43
d:\-MindEcho-main\ml_dl_models\gtsinger_multitech\dataset\raw\Chinese\ZH-Tenor-1\Glissando\空白格\Glissando_Group\0007.wav,0,0.220768,1.265,Chinese,ZH-Tenor-1,空白格,Chinese/ZH-Tenor-1/空白格,0.0
d:\-MindEcho-main\ml_dl_models\gtsinger_multitech\dataset\raw\French\FR-Soprano-1\Mixed_Voice_and_Falsetto\vivre a en crever\Falsetto_Group\0007.wav,0,0.539567,5.386,French,FR-Soprano-1,vivre a en crever,French/FR-Soprano-1/vivre a en crever,0.0
d:\-MindEcho-main\ml_dl_models\gtsinger_multitech\dataset\raw\Chinese\ZH-Alto-1\Breathy\知足\Control_Group\0010.wav,0,0.224561,1.92,Chinese,ZH-Alto-1,知足,Chinese/ZH-Alto-1/知足,0.0
d:\-MindEcho-main\ml_dl_models\gtsinger_multitech\dataset\raw\Chinese\ZH-Tenor-1\Breathy\我真的受伤了\Breathy_Group\0001.wav,0,0.59465,7.225,Chinese,ZH-Tenor-1,我真的受伤了,Chinese/ZH-Tenor-1/我真的受伤了,0.0
d:\-MindEcho-main\ml_dl_models\gtsinger_multitech\dataset\raw\French\FR-Soprano-1\Mixed_Voice_and_Falsetto\le dernier train\Control_Group\0009.wav,0,0.565416,4.581,French,FR-Soprano-1,le dernier train,French/FR-Soprano-1/le dernier train,0.0
d:\-MindEcho-main\ml_dl_models\gtsinger_multitech\dataset\raw\Chinese\ZH-Tenor-1\Mixed_Voice_and_Falsetto\终于等到你\Mixed_Voice_Group\0015.wav,1,0.303792,3.445,Chinese,ZH-Tenor-1,终于等到你,Chinese/ZH-Tenor-1/终于等到你,0.29
d:\-MindEcho-main\ml_dl_models\gtsinger_multitech\dataset\raw\Chinese\ZH-Tenor-1\Mixed_Voice_and_Falsetto\失落沙洲\Mixed_Voice_Group\0001.wav,0,0.143693,1.72,Chinese,ZH-Tenor-1,失落沙洲,Chinese/ZH-Tenor-1/失落沙洲,0.0
d:\-MindEcho-main\ml_dl_models\gtsinger_multitech\dataset\raw\Chinese\ZH-Tenor-1\Mixed_Voice_and_Falsetto\讲真的\Mixed_Voice_Group\0014.wav,0,0.396947,3.64,Chinese,ZH-Tenor-1,讲真的,Chinese/ZH-Tenor-1/讲真的,0.0
d:\-MindEcho-main\ml_dl_models\gtsinger_multitech\dataset\raw\French\FR-Tenor-1\Glissando\avant\Control_Group\0002.wav,0,0.53443,4.858,French,FR-Tenor-1,avant,French/FR-Tenor-1/avant,0.0
d:\-MindEcho-main\ml_dl_models\gtsinger_multitech\dataset\raw\French\FR-Soprano-1\Mixed_Voice_and_Falsetto\lentement\Mixed_Voice_Group\0000.wav,0,0.199574,2.061,French,FR-Soprano-1,lentement,French/FR-Soprano-1/lentement,0.0
d:\-MindEcho-main\ml_dl_models\gtsinger_multitech\dataset\raw\Chinese\ZH-Tenor-1\Mixed_Voice_and_Falsetto\青花瓷\Falsetto_Group\0018.wav,1,0.356481,2.31,Chinese,ZH-Tenor-1,青花瓷,Chinese/ZH-Tenor-1/青花瓷,0.38
d:\-MindEcho-main\ml_dl_models\gtsinger_multitech\dataset\raw\Chinese\ZH-Tenor-1\Mixed_Voice_and_Falsetto\后来\Mixed_Voice_Group\0002.wav,1,0.446575,3.26,Chinese,ZH-Tenor-1,后来,Chinese/ZH-Tenor-1/后来,0.36
d:\-MindEcho-main\ml_dl_models\gtsinger_multitech\dataset\raw\French\FR-Soprano-1\Vibrato\aimer\Control_Group\0001.wav,0,0.610884,10.625,French,FR-Soprano-1,aimer,French/FR-Soprano-1/aimer,0.0
d:\-MindEcho-main\ml_dl_models\gtsinger_multitech\dataset\raw\French\FR-Soprano-1\Mixed_Voice_and_Falsetto\nos ballades\Mixed_Voice_Group\0004.wav,0,0.097273,1.256,French,FR-Soprano-1,nos ballades,French/FR-Soprano-1/nos ballades,0.0
d:\-MindEcho-main\ml_dl_models\gtsinger_multitech\dataset\raw\Chinese\ZH-Alto-1\Pharyngeal\没那么简单\Pharyngeal_Group\0010.wav,1,0.551724,4.16,Chinese,ZH-Alto-1,没那么简单,Chinese/ZH-Alto-1/没那么简单,0.36
d:\-MindEcho-main\ml_dl_models\gtsinger_multitech\dataset\raw\French\FR-Soprano-1\Pharyngeal\lassasymphonie\Pharyngeal_Group\0009.wav,1,0.104312,0.3,French,FR-Soprano-1,lassasymphonie,French/FR-Soprano-1/lassasymphonie,0.6
d:\-MindEcho-main\ml_dl_models\gtsinger_multitech\dataset\raw\Chinese\ZH-Tenor-1\Glissando\我的歌声里\Glissando_Group\0009.wav,0,0.605176,5.846,Chinese,ZH-Tenor-1,我的歌声里,Chinese/ZH-Tenor-1/我的歌声里,0.0
d:\-MindEcho-main\ml_dl_models\gtsinger_multitech\dataset\raw\French\FR-Soprano-1\Pharyngeal\lassasymphonie\Control_Group\0004.wav,1,0.658896,10.387,French,FR-Soprano-1,lassasymphonie,French/FR-Soprano-1/lassasymphonie,0.851
d:\-MindEcho-main\ml_dl_models\gtsinger_multitech\dataset\raw\Chinese\ZH-Tenor-1\Mixed_Voice_and_Falsetto\听海\Control_Group\0002.wav,1,0.546457,3.47,Chinese,ZH-Tenor-1,听海,Chinese/ZH-Tenor-1/听海,0.48
d:\-MindEcho-main\ml_dl_models\gtsinger_multitech\dataset\raw\Chinese\ZH-Tenor-1\Mixed_Voice_and_Falsetto\走着走着就散了\Falsetto_Group\0007.wav,0,0.148362,1.359,Chinese,ZH-Tenor-1,走着走着就散了,Chinese/ZH-Tenor-1/走着走着就散了,0.0
d:\-MindEcho-main\ml_dl_models\gtsinger_multitech\dataset\raw\Chinese\ZH-Alto-1\Mixed_Voice_and_Falsetto\烟花易冷\Control_Group\0022.wav,0,0.340003,2.447,Chinese,ZH-Alto-1,烟花易冷,Chinese/ZH-Alto-1/烟花易冷,0.0
d:\-MindEcho-main\ml_dl_models\gtsinger_multitech\dataset\raw\French\FR-Soprano-1\Vibrato\eden eden\Control_Group\0008.wav,0,0.573367,6.021,French,FR-Soprano-1,eden eden,French/FR-Soprano-1/eden eden,0.0
d:\-MindEcho-main\ml_dl_models\gtsinger_multitech\dataset\raw\Chinese\ZH-Alto-1\Mixed_Voice_and_Falsetto\三寸天堂\Mixed_Voice_Group\0005.wav,1,0.313559,1.85,Chinese,ZH-Alto-1,三寸天堂,Chinese/ZH-Alto-1/三寸天堂,0.32
d:\-MindEcho-main\ml_dl_models\gtsinger_multitech\dataset\raw\Chinese\ZH-Tenor-1\Breathy\平凡的一天\Breathy_Group\0009.wav,1,0.49218,6.546,Chinese,ZH-Tenor-1,平凡的一天,Chinese/ZH-Tenor-1/平凡的一天,2.095
d:\-MindEcho-main\ml_dl_models\gtsinger_multitech\dataset\raw\Chinese\ZH-Tenor-1\Mixed_Voice_and_Falsetto\听海\Mixed_Voice_Group\0004.wav,0,0.630448,4.006,Chinese,ZH-Tenor-1,听海,Chinese/ZH-Tenor-1/听海,0.0
d:\-MindEcho-main\ml_dl_models\gtsinger_multitech\dataset\raw\Chinese\ZH-Tenor-1\Mixed_Voice_and_Falsetto\终于等到你\Falsetto_Group\0008.wav,1,0.670167,6.065,Chinese,ZH-Tenor-1,终于等到你,Chinese/ZH-Tenor-1/终于等到你,0.69
d:\-MindEcho-main\ml_dl_models\gtsinger_multitech\dataset\raw\Chinese\ZH-Alto-1\Mixed_Voice_and_Falsetto\化身孤岛的鲸\Falsetto_Group\0010.wav,1,0.209784,1.265,Chinese,ZH-Alto-1,化身孤岛的鲸,Chinese/ZH-Alto-1/化身孤岛的鲸,0.35
d:\-MindEcho-main\ml_dl_models\gtsinger_multitech\dataset\raw\French\FR-Tenor-1\Breathy\Lafleur\Control_Group\0000.wav,0,0.533998,7.524,French,FR-Tenor-1,Lafleur,French/FR-Tenor-1/Lafleur,0.0
d:\-MindEcho-main\ml_dl_models\gtsinger_multitech\dataset\raw\Chinese\ZH-Alto-1\Vibrato\我真的受伤了\Vibrato_Group\0004.wav,0,0.262519,1.699,Chinese,ZH-Alto-1,我真的受伤了,Chinese/ZH-Alto-1/我真的受伤了,0.0
d:\-MindEcho-main\ml_dl_models\gtsinger_multitech\dataset\raw\Chinese\ZH-Alto-1\Vibrato\我真的受伤了\Control_Group\0005.wav,0,0.419907,2.7,Chinese,ZH-Alto-1,我真的受伤了,Chinese/ZH-Alto-1/我真的受伤了,0.0
d:\-MindEcho-main\ml_dl_models\gtsinger_multitech\dataset\raw\Chinese\ZH-Tenor-1\Vibrato\水星记\Vibrato_Group\0018.wav,0,0.142785,1.405,Chinese,ZH-Tenor-1,水星记,Chinese/ZH-Tenor-1/水星记,0.0
d:\-MindEcho-main\ml_dl_models\gtsinger_multitech\dataset\raw\French\FR-Soprano-1\Breathy\le balcon\Control_Group\0013.wav,1,0.863915,8.502,French,FR-Soprano-1,le balcon,French/FR-Soprano-1/le balcon,0.633
d:\-MindEcho-main\ml_dl_models\gtsinger_multitech\dataset\raw\Chinese\ZH-Alto-1\Mixed_Voice_and_Falsetto\可乐\Control_Group\0010.wav,0,0.158824,1.35,Chinese,ZH-Alto-1,可乐,Chinese/ZH-Alto-1/可乐,0.0
d:\-MindEcho-main\ml_dl_models\gtsinger_multitech\dataset\raw\Chinese\ZH-Tenor-1\Mixed_Voice_and_Falsetto\演员\Falsetto_Group\0007.wav,0,0.394505,3.223,Chinese,ZH-Tenor-1,演员,Chinese/ZH-Tenor-1/演员,0.0
d:\-MindEcho-main\ml_dl_models\gtsinger_multitech\dataset\raw\Chinese\ZH-Alto-1\Mixed_Voice_and_Falsetto\烟花易冷\Mixed_Voice_Group\0005.wav,0,0.470268,3.503,Chinese,ZH-Alto-1,烟花易冷,Chinese/ZH-Alto-1/烟花易冷,0.0
d:\-MindEcho-main\ml_dl_models\gtsinger_multitech\dataset\raw\Chinese\ZH-Alto-1\Breathy\江南\Breathy_Group\0008.wav,0,0.612356,6.393,Chinese,ZH-Alto-1,江南,Chinese/ZH-Alto-1/江南,0.0
d:\-MindEcho-main\ml_dl_models\gtsinger_multitech\dataset\raw\Chinese\ZH-Alto-1\Glissando\热雪\Control_Group\0000.wav,0,0.379439,2.96,Chinese,ZH-Alto-1,热雪,Chinese/ZH-Alto-1/热雪,0.0
d:\-MindEcho-main\ml_dl_models\gtsinger_multitech\dataset\raw\Chinese\ZH-Tenor-1\Mixed_Voice_and_Falsetto\演员\Mixed_Voice_Group\0014.wav,0,0.589331,6.076,Chinese,ZH-Tenor-1,演员,Chinese/ZH-Tenor-1/演员,0.0
d:\-MindEcho-main\ml_dl_models\gtsinger_multitech\dataset\raw\French\FR-Soprano-1\Mixed_Voice_and_Falsetto\la vaguelette\Mixed_Voice_Group\0000.wav,0,0.434297,3.771,French,FR-Soprano-1,la vaguelette,French/FR-Soprano-1/la vaguelette,0.0
d:\-MindEcho-main\ml_dl_models\gtsinger_multitech\dataset\raw\Chinese\ZH-Tenor-1\Breathy\和你一样\Breathy_Group\0010.wav,0,0.624771,6.835,Chinese,ZH-Tenor-1,和你一样,Chinese/ZH-Tenor-1/和你一样,0.0
d:\-MindEcho-main\ml_dl_models\gtsinger_multitech\dataset\raw\French\FR-Soprano-1\Vibrato\les souvenirs\Control_Group\0003.wav,0,0.357038,2.925,French,FR-Soprano-1,les souvenirs,French/FR-Soprano-1/les souvenirs,0.0
d:\-MindEcho-main\ml_dl_models\gtsinger_multitech\dataset\raw\Chinese\ZH-Tenor-1\Mixed_Voice_and_Falsetto\听海\Falsetto_Group\0007.wav,1,0.466778,3.646,Chinese,ZH-Tenor-1,听海,Chinese/ZH-Tenor-1/听海,0.33
d:\-MindEcho-main\ml_dl_models\gtsinger_multitech\dataset\raw\Chinese\ZH-Tenor-1\Glissando\倒带\Control_Group\0002.wav,1,0.483956,4.706,Chinese,ZH-Tenor-1,倒带,Chinese/ZH-Tenor-1/倒带,0.829
d:\-MindEcho-main\ml_dl_models\gtsinger_multitech\dataset\raw\Chinese\ZH-Tenor-1\Mixed_Voice_and_Falsetto\后来\Falsetto_Group\0007.wav,0,0.494094,3.765,Chinese,ZH-Tenor-1,后来,Chinese/ZH-Tenor-1/后来,0.0
d:\-MindEcho-main\ml_dl_models\gtsinger_multitech\dataset\raw\French\FR-Tenor-1\Breathy\avant\Breathy_Group\0001.wav,0,0.521658,9.383,French,FR-Tenor-1,avant,French/FR-Tenor-1/avant,0.0
d:\-MindEcho-main\ml_dl_models\gtsinger_multitech\dataset\raw\French\FR-Tenor-1\Mixed_Voice_and_Falsetto\Les Marionnettes\Paired_Speech_Group\0003.wav,0,0.205277,1.435,French,FR-Tenor-1,Les Marionnettes,French/FR-Tenor-1/Les Marionnettes,0.0
d:\-MindEcho-main\ml_dl_models\gtsinger_multitech\dataset\raw\Chinese\ZH-Tenor-1\Mixed_Voice_and_Falsetto\情歌\Control_Group\0007.wav,0,0.198864,1.365,Chinese,ZH-Tenor-1,情歌,Chinese/ZH-Tenor-1/情歌,0.0
d:\-MindEcho-main\ml_dl_models\gtsinger_multitech\dataset\raw\Chinese\ZH-Tenor-1\Vibrato\从前慢\Control_Group\0006.wav,1,0.434611,3.855,Chinese,ZH-Tenor-1,从前慢,Chinese/ZH-Tenor-1/从前慢,0.57
d:\-MindEcho-main\ml_dl_models\gtsinger_multitech\dataset\raw\Chinese\ZH-Tenor-1\Mixed_Voice_and_Falsetto\老男孩\Control_Group\0009.wav,1,0.618636,6.44,Chinese,ZH-Tenor-1,老男孩,Chinese/ZH-Tenor-1/老男孩,0.38
d:\-MindEcho-main\ml_dl_models\gtsinger_multitech\dataset\raw\Chinese\ZH-Alto-1\Vibrato\南屏晚钟\Control_Group\0009.wav,1,0.527871,5.076,Chinese,ZH-Alto-1,南屏晚钟,Chinese/ZH-Alto-1/南屏晚钟,0.46
d:\-MindEcho-main\ml_dl_models\gtsinger_multitech\dataset\raw\German\DE-Soprano-1\Breathy\Copilot\Control_Group\0008.wav,0,0.113428,1.605,German,DE-Soprano-1,Copilot,German/DE-Soprano-1/Copilot,0.0
d:\-MindEcho-main\ml_dl_models\gtsinger_multitech\dataset\raw\Chinese\ZH-Tenor-1\Mixed_Voice_and_Falsetto\情歌\Control_Group\0000.wav,1,0.76131,4.88,Chinese,ZH-Tenor-1,情歌,Chinese/ZH-Tenor-1/情歌,0.28
d:\-MindEcho-main\ml_dl_models\gtsinger_multitech\dataset\raw\French\FR-Tenor-1\Breathy\o souverain\Breathy_Group\0001.wav,1,0.251621,4.425,French,FR-Tenor-1,o souverain,French/FR-Tenor-1/o souverain,0.631
d:\-MindEcho-main\ml_dl_models\gtsinger_multitech\dataset\raw\French\FR-Soprano-1\Mixed_Voice_and_Falsetto\nos ballades\Mixed_Voice_Group\0002.wav,1,0.518247,5.368,French,FR-Soprano-1,nos ballades,French/FR-Soprano-1/nos ballades,0.374
d:\-MindEcho-main\ml_dl_models\gtsinger_multitech\dataset\raw\French\FR-Soprano-1\Vibrato\aimer\Vibrato_Group\0006.wav,0,0.492653,4.526,French,FR-Soprano-1,aimer,French/FR-Soprano-1/aimer,0.0
d:\-MindEcho-main\ml_dl_models\gtsinger_multitech\dataset\raw\Chinese\ZH-Tenor-1\Vibrato\我真的受伤了\Control_Group\0002.wav,0,0.137366,1.283,Chinese,ZH-Tenor-1,我真的受伤了,Chinese/ZH-Tenor-1/我真的受伤了,0.0
d:\-MindEcho-main\ml_dl_models\gtsinger_multitech\dataset\raw\Chinese\ZH-Alto-1\Glissando\温柔\Glissando_Group\0015.wav,0,0.193673,1.255,Chinese,ZH-Alto-1,温柔,Chinese/ZH-Alto-1/温柔,0.0
d:\-MindEcho-main\ml_dl_models\gtsinger_multitech\dataset\raw\Chinese\ZH-Tenor-1\Mixed_Voice_and_Falsetto\情歌\Falsetto_Group\0018.wav,0,0.527523,4.6,Chinese,ZH-Tenor-1,情歌,Chinese/ZH-Tenor-1/情歌,0.0
d:\-MindEcho-main\ml_dl_models\gtsinger_multitech\dataset\raw\Chinese\ZH-Tenor-1\Vibrato\你给我听好\Vibrato_Group\0001.wav,1,0.232512,2.36,Chinese,ZH-Tenor-1,你给我听好,Chinese/ZH-Tenor-1/你给我听好,0.44
d:\-MindEcho-main\ml_dl_models\gtsinger_multitech\dataset\raw\Chinese\ZH-Alto-1\Pharyngeal\默\Pharyngeal_Group\0004.wav,0,0.349413,2.68,Chinese,ZH-Alto-1,默,Chinese/ZH-Alto-1/默,0.0
d:\-MindEcho-main\ml_dl_models\gtsinger_multitech\dataset\raw\Chinese\ZH-Tenor-1\Mixed_Voice_and_Falsetto\讲真的\Mixed_Voice_Group\0019.wav,0,0.145626,1.465,Chinese,ZH-Tenor-1,讲真的,Chinese/ZH-Tenor-1/讲真的,0.0
d:\-MindEcho-main\ml_dl_models\gtsinger_multitech\dataset\raw\Chinese\ZH-Tenor-1\Mixed_Voice_and_Falsetto\后来\Falsetto_Group\0000.wav,0,0.495333,3.715,Chinese,ZH-Tenor-1,后来,Chinese/ZH-Tenor-1/后来,0.0
d:\-MindEcho-main\ml_dl_models\gtsinger_multitech\dataset\raw\Chinese\ZH-Tenor-1\Pharyngeal\亲爱的那不是爱情\Control_Group\0002.wav,0,0.432343,2.62,Chinese,ZH-Tenor-1,亲爱的那不是爱情,Chinese/ZH-Tenor-1/亲爱的那不是爱情,0.0
d:\-MindEcho-main\ml_dl_models\gtsinger_multitech\dataset\raw\Chinese\ZH-Tenor-1\Mixed_Voice_and_Falsetto\偏爱\Mixed_Voice_Group\0011.wav,1,0.548601,7.12,Chinese,ZH-Tenor-1,偏爱,Chinese/ZH-Tenor-1/偏爱,0.519
d:\-MindEcho-main\ml_dl_models\gtsinger_multitech\dataset\raw\French\FR-Soprano-1\Pharyngeal\comment dire\Control_Group\0004.wav,1,0.703042,11.988,French,FR-Soprano-1,comment dire,French/FR-Soprano-1/comment dire,0.641
d:\-MindEcho-main\ml_dl_models\gtsinger_multitech\dataset\raw\Chinese\ZH-Tenor-1\Mixed_Voice_and_Falsetto\听海\Mixed_Voice_Group\0004.wav,1,0.514477,3.269,Chinese,ZH-Tenor-1,听海,Chinese/ZH-Tenor-1/听海,0.421
d:\-MindEcho-main\ml_dl_models\gtsinger_multitech\dataset\raw\Chinese\ZH-Tenor-1\Pharyngeal\雨爱\Pharyngeal_Group\0009.wav,1,0.379437,3.1,Chinese,ZH-Tenor-1,雨爱,Chinese/ZH-Tenor-1/雨爱,0.24
d:\-MindEcho-main\ml_dl_models\gtsinger_multitech\dataset\raw\French\FR-Soprano-1\Pharyngeal\comment dire\Control_Group\0008.wav,1,0.929065,16.392,French,FR-Soprano-1,comment dire,French/FR-Soprano-1/comment dire,1.051
d:\-MindEcho-main\ml_dl_models\gtsinger_multitech\dataset\raw\Chinese\ZH-Tenor-1\Mixed_Voice_and_Falsetto\倒带\Falsetto_Group\0014.wav,0,0.210791,1.465,Chinese,ZH-Tenor-1,倒带,Chinese/ZH-Tenor-1/倒带,0.0
d:\-MindEcho-main\ml_dl_models\gtsinger_multitech\dataset\raw\Chinese\ZH-Alto-1\Breathy\给电影人的情书\Control_Group\0007.wav,1,0.519784,5.78,Chinese,ZH-Alto-1,给电影人的情书,Chinese/ZH-Alto-1/给电影人的情书,0.44
d:\-MindEcho-main\ml_dl_models\gtsinger_multitech\dataset\raw\French\FR-Soprano-1\Glissando\la fuite\Glissando_Group\0001.wav,0,0.456714,5.276,French,FR-Soprano-1,la fuite,French/FR-Soprano-1/la fuite,0.0
d:\-MindEcho-main\ml_dl_models\gtsinger_multitech\dataset\raw\Chinese\ZH-Tenor-1\Pharyngeal\全世界谁倾听你\Control_Group\0008.wav,1,0.279074,2.81,Chinese,ZH-Tenor-1,全世界谁倾听你,Chinese/ZH-Tenor-1/全世界谁倾听你,0.3
d:\-MindEcho-main\ml_dl_models\gtsinger_multitech\dataset\raw\French\FR-Soprano-1\Breathy\adieu mon homme\Breathy_Group\0005.wav,0,0.514276,6.022,French,FR-Soprano-1,adieu mon homme,French/FR-Soprano-1/adieu mon homme,0.0
d:\-MindEcho-main\ml_dl_models\gtsinger_multitech\dataset\raw\Chinese\ZH-Alto-1\Mixed_Voice_and_Falsetto\时间煮雨\Falsetto_Group\0006.wav,0,0.205291,1.94,Chinese,ZH-Alto-1,时间煮雨,Chinese/ZH-Alto-1/时间煮雨,0.0
d:\-MindEcho-main\ml_dl_models\gtsinger_multitech\dataset\raw\Chinese\ZH-Tenor-1\Breathy\慢慢喜欢你\Breathy_Group\0011.wav,0,0.147408,1.365,Chinese,ZH-Tenor-1,慢慢喜欢你,Chinese/ZH-Tenor-1/慢慢喜欢你,0.0
d:\-MindEcho-main\ml_dl_models\gtsinger_multitech\dataset\raw\Chinese\ZH-Alto-1\Mixed_Voice_and_Falsetto\给电影人的情书\Falsetto_Group\0010.wav,0,0.130213,1.53,Chinese,ZH-Alto-1,给电影人的情书,Chinese/ZH-Alto-1/给电影人的情书,0.0
d:\-MindEcho-main\ml_dl_models\gtsinger_multitech\dataset\raw\Chinese\ZH-Tenor-1\Glissando\心动\Control_Group\0009.wav,0,0.563742,3.405,Chinese,ZH-Tenor-1,心动,Chinese/ZH-Tenor-1/心动,0.0
d:\-MindEcho-main\ml_dl_models\gtsinger_multitech\dataset\raw\French\FR-Soprano-1\Breathy\les passagers du vent\Control_Group\0004.wav,1,0.885408,10.0,French,FR-Soprano-1,les passagers du vent,French/FR-Soprano-1/les passagers du vent,0.944
d:\-MindEcho-main\ml_dl_models\gtsinger_multitech\dataset\raw\French\FR-Soprano-1\Breathy\a la vie comme a la mort\Breathy_Group\0001.wav,1,0.078303,1.081,French,FR-Soprano-1,a la vie comme a la mort,French/FR-Soprano-1/a la vie comme a la mort,0.281
d:\-MindEcho-main\ml_dl_models\gtsinger_multitech\dataset\raw\French\FR-Tenor-1\Glissando\Les Marionnettes\Paired_Speech_Group\0000.wav,0,0.499178,3.341,French,FR-Tenor-1,Les Marionnettes,French/FR-Tenor-1/Les Marionnettes,0.0
d:\-MindEcho-main\ml_dl_models\gtsinger_multitech\dataset\raw\Chinese\ZH-Tenor-1\Glissando\我的歌声里\Control_Group\0004.wav,0,0.15552,1.465,Chinese,ZH-Tenor-1,我的歌声里,Chinese/ZH-Tenor-1/我的歌声里,0.0
d:\-MindEcho-main\ml_dl_models\gtsinger_multitech\dataset\raw\Chinese\ZH-Alto-1\Mixed_Voice_and_Falsetto\老男孩\Mixed_Voice_Group\0002.wav,0,0.537366,3.509,Chinese,ZH-Alto-1,老男孩,Chinese/ZH-Alto-1/老男孩,0.0
d:\-MindEcho-main\ml_dl_models\gtsinger_multitech\dataset\raw\French\FR-Soprano-1\Vibrato\eden eden\Paired_Speech_Group\0014.wav,0,0.519854,2.212,French,FR-Soprano-1,eden eden,French/FR-Soprano-1/eden eden,0.0
d:\-MindEcho-main\ml_dl_models\gtsinger_multitech\dataset\raw\French\FR-Soprano-1\Breathy\le balcon\Breathy_Group\0010.wav,0,0.543884,5.1,French,FR-Soprano-1,le balcon,French/FR-Soprano-1/le balcon,0.0
d:\-MindEcho-main\ml_dl_models\gtsinger_multitech\dataset\raw\Chinese\ZH-Alto-1\Mixed_Voice_and_Falsetto\告白气球\Falsetto_Group\0004.wav,0,0.498144,6.71,Chinese,ZH-Alto-1,告白气球,Chinese/ZH-Alto-1/告白气球,0.0
d:\-MindEcho-main\ml_dl_models\gtsinger_multitech\dataset\raw\French\FR-Soprano-1\Mixed_Voice_and_Falsetto\lentement\Paired_Speech_Group\0009.wav,0,0.242062,1.296,French,FR-Soprano-1,lentement,French/FR-Soprano-1/lentement,0.0
d:\-MindEcho-main\ml_dl_models\gtsinger_multitech\dataset\raw\Chinese\ZH-Alto-1\Glissando\你给我听好\Control_Group\0000.wav,1,0.506068,5.005,Chinese,ZH-Alto-1,你给我听好,Chinese/ZH-Alto-1/你给我听好,0.35
d:\-MindEcho-main\ml_dl_models\gtsinger_multitech\dataset\raw\Chinese\ZH-Tenor-1\Vibrato\残酷月光\Control_Group\0001.wav,1,0.413886,2.605,Chinese,ZH-Tenor-1,残酷月光,Chinese/ZH-Tenor-1/残酷月光,0.69
d:\-MindEcho-main\ml_dl_models\gtsinger_multitech\dataset\raw\Chinese\ZH-Tenor-1\Mixed_Voice_and_Falsetto\青花瓷\Falsetto_Group\0019.wav,0,0.620718,3.805,Chinese,ZH-Tenor-1,青花瓷,Chinese/ZH-Tenor-1/青花瓷,0.0
d:\-MindEcho-main\ml_dl_models\gtsinger_multitech\dataset\raw\French\FR-Soprano-1\Pharyngeal\comment dire\Control_Group\0004.wav,1,0.604132,10.301,French,FR-Soprano-1,comment dire,French/FR-Soprano-1/comment dire,0.592
d:\-MindEcho-main\ml_dl_models\gtsinger_multitech\dataset\raw\Chinese\ZH-Alto-1\Mixed_Voice_and_Falsetto\平凡之路\Falsetto_Group\0005.wav,1,0.429314,2.727,Chinese,ZH-Alto-1,平凡之路,Chinese/ZH-Alto-1/平凡之路,0.43
d:\-MindEcho-main\ml_dl_models\gtsinger_multitech\dataset\raw\French\FR-Soprano-1\Mixed_Voice_and_Falsetto\chez moi\Mixed_Voice_Group\0002.wav,1,0.137979,0.45,French,FR-Soprano-1,chez moi,French/FR-Soprano-1/chez moi,0.9
d:\-MindEcho-main\ml_dl_models\gtsinger_multitech\dataset\raw\Chinese\ZH-Tenor-1\Glissando\不染\Control_Group\0026.wav,0,0.541667,3.64,Chinese,ZH-Tenor-1,不染,Chinese/ZH-Tenor-1/不染,0.0
d:\-MindEcho-main\ml_dl_models\gtsinger_multitech\dataset\raw\Chinese\ZH-Tenor-1\Mixed_Voice_and_Falsetto\倒带\Falsetto_Group\0002.wav,1,0.468686,4.565,Chinese,ZH-Tenor-1,倒带,Chinese/ZH-Tenor-1/倒带,1.05
d:\-MindEcho-main\ml_dl_models\gtsinger_multitech\dataset\raw\Chinese\ZH-Tenor-1\Breathy\慢慢喜欢你\Control_Group\0007.wav,1,0.576342,7.625,Chinese,ZH-Tenor-1,慢慢喜欢你,Chinese/ZH-Tenor-1/慢慢喜欢你,0.65
d:\-MindEcho-main\ml_dl_models\gtsinger_multitech\dataset\raw\Chinese\ZH-Alto-1\Mixed_Voice_and_Falsetto\奇妙能力歌\Control_Group\0002.wav,0,0.161593,1.38,Chinese,ZH-Alto-1,奇妙能力歌,Chinese/ZH-Alto-1/奇妙能力歌,0.0
d:\-MindEcho-main\ml_dl_models\gtsinger_multitech\dataset\raw\French\FR-Soprano-1\Breathy\la chanson de la mer\Paired_Speech_Group\0001.wav,0,0.15733,1.261,French,FR-Soprano-1,la chanson de la mer,French/FR-Soprano-1/la chanson de la mer,0.0
d:\-MindEcho-main\ml_dl_models\gtsinger_multitech\dataset\raw\French\FR-Soprano-1\Mixed_Voice_and_Falsetto\magic boul'vard\Falsetto_Group\0005.wav,1,0.903498,11.95,French,FR-Soprano-1,magic boul'vard,French/FR-Soprano-1/magic boul'vard,0.971
d:\-MindEcho-main\ml_dl_models\gtsinger_multitech\dataset\raw\French\FR-Soprano-1\Glissando\donnez-moi\Control_Group\0005.wav,1,0.906133,12.487,French,FR-Soprano-1,donnez-moi,French/FR-Soprano-1/donnez-moi,0.594
d:\-MindEcho-main\ml_dl_models\gtsinger_multitech\dataset\raw\Chinese\ZH-Tenor-1\Mixed_Voice_and_Falsetto\不能说的秘密\Control_Group\0010.wav,1,0.496019,3.115,Chinese,ZH-Tenor-1,不能说的秘密,Chinese/ZH-Tenor-1/不能说的秘密,0.31
d:\-MindEcho-main\ml_dl_models\gtsinger_multitech\dataset\raw\Chinese\ZH-Tenor-1\Breathy\和你一样\Breathy_Group\0004.wav,0,0.620975,6.75,Chinese,ZH-Tenor-1,和你一样,Chinese/ZH-Tenor-1/和你一样,0.0
d:\-MindEcho-main\ml_dl_models\gtsinger_multitech\dataset\raw\Chinese\ZH-Alto-1\Mixed_Voice_and_Falsetto\演员\Control_Group\0011.wav,1,0.498827,5.318,Chinese,ZH-Alto-1,演员,Chinese/ZH-Alto-1/演员,0.399
d:\-MindEcho-main\ml_dl_models\gtsinger_multitech\dataset\raw\Chinese\ZH-Alto-1\Pharyngeal\小幸运\Control_Group\0005.wav,1,0.493419,3.075,Chinese,ZH-Alto-1,小幸运,Chinese/ZH-Alto-1/小幸运,0.33
d:\-MindEcho-main\ml_dl_models\gtsinger_multitech\dataset\raw\Chinese\ZH-Alto-1\Glissando\温柔\Glissando_Group\0008.wav,0,0.175172,1.27,Chinese,ZH-Alto-1,温柔,Chinese/ZH-Alto-1/温柔,0.0
d:\-MindEcho-main\ml_dl_models\gtsinger_multitech\dataset\raw\Chinese\ZH-Alto-1\Mixed_Voice_and_Falsetto\日不落\Control_Group\0002.wav,0,0.463351,3.54,Chinese,ZH-Alto-1,日不落,Chinese/ZH-Alto-1/日不落,0.0
d:\-MindEcho-main\ml_dl_models\gtsinger_multitech\dataset\raw\French\FR-Soprano-1\Glissando\dingdong\Glissando_Group\0001.wav,0,0.44571,6.322,French,FR-Soprano-1,dingdong,French/FR-Soprano-1/dingdong,0.0
d:\-MindEcho-main\ml_dl_models\gtsinger_multitech\dataset\raw\French\FR-Soprano-1\Mixed_Voice_and_Falsetto\nos ballades\Falsetto_Group\0004.wav,1,0.907207,12.413,French,FR-Soprano-1,nos ballades,French/FR-Soprano-1/nos ballades,1.038
d:\-MindEcho-main\ml_dl_models\gtsinger_multitech\dataset\raw\Chinese\ZH-Alto-1\Vibrato\不再见\Control_Group\0025.wav,0,0.212682,1.61,Chinese,ZH-Alto-1,不再见,Chinese/ZH-Alto-1/不再见,0.0
d:\-MindEcho-main\ml_dl_models\gtsinger_multitech\dataset\raw\French\FR-Soprano-1\Mixed_Voice_and_Falsetto\comment deja\Falsetto_Group\0003.wav,1,0.384159,3.618,French,FR-Soprano-1,comment deja,French/FR-Soprano-1/comment deja,0.284
d:\-MindEcho-main\ml_dl_models\gtsinger_multitech\dataset\raw\French\FR-Soprano-1\Glissando\la fuite\Paired_Speech_Group\0009.wav,0,0.237448,1.228,French,FR-Soprano-1,la fuite,French/FR-Soprano-1/la fuite,0.0
d:\-MindEcho-main\ml_dl_models\gtsinger_multitech\dataset\raw\Chinese\ZH-Tenor-1\Mixed_Voice_and_Falsetto\残酷月光\Control_Group\0011.wav,0,0.500227,3.305,Chinese,ZH-Tenor-1,残酷月光,Chinese/ZH-Tenor-1/残酷月光,0.0
"d:\-MindEcho-main\ml_dl_models\gtsinger_multitech\dataset\raw\French\FR-Soprano-1\Mixed_Voice_and_Falsetto\t'es beau,t'es beau\Falsetto_Group\0002.wav",1,0.815147,8.008,French,FR-Soprano-1,"t'es beau,t'es beau","French/FR-Soprano-1/t'es beau,t'es beau",0.51
d:\-MindEcho-main\ml_dl_models\gtsinger_multitech\dataset\raw\Chinese\ZH-Alto-1\Mixed_Voice_and_Falsetto\奇妙能力歌\Mixed_Voice_Group\0000.wav,0,0.616573,5.395,Chinese,ZH-Alto-1,奇妙能力歌,Chinese/ZH-Alto-1/奇妙能力歌,0.0
d:\-MindEcho-main\ml_dl_models\gtsinger_multitech\dataset\raw\French\FR-Soprano-1\Vibrato\les souvenirs\Vibrato_Group\0002.wav,0,0.68043,6.609,French,FR-Soprano-1,les souvenirs,French/FR-Soprano-1/les souvenirs,0.0
d:\-MindEcho-main\ml_dl_models\gtsinger_multitech\dataset\raw\Chinese\ZH-Alto-1\Glissando\日不落\Control_Group\0000.wav,1,0.522017,3.675,Chinese,ZH-Alto-1,日不落,Chinese/ZH-Alto-1/日不落,0.27
d:\-MindEcho-main\ml_dl_models\gtsinger_multitech\dataset\raw\French\FR-Tenor-1\Glissando\o souverain\Control_Group\0018.wav,1,0.264273,4.312,French,FR-Tenor-1,o souverain,French/FR-Tenor-1/o souverain,0.921
d:\-MindEcho-main\ml_dl_models\gtsinger_multitech\dataset\raw\Chinese\ZH-Tenor-1\Pharyngeal\不为谁而作的歌\Pharyngeal_Group\0009.wav,0,0.604098,3.758,Chinese,ZH-Tenor-1,不为谁而作的歌,Chinese/ZH-Tenor-1/不为谁而作的歌,0.0
d:\-MindEcho-main\ml_dl_models\gtsinger_multitech\dataset\raw\Chinese\ZH-Tenor-1\Vibrato\从前慢\Control_Group\0001.wav,0,0.22003,1.45,Chinese,ZH-Tenor-1,从前慢,Chinese/ZH-Tenor-1/从前慢,0.0
d:\-MindEcho-main\ml_dl_models\gtsinger_multitech\dataset\raw\French\FR-Tenor-1\Breathy\manon\Control_Group\0001.wav,1,0.476512,5.082,French,FR-Tenor-1,manon,French/FR-Tenor-1/manon,0.162
d:\-MindEcho-main\ml_dl_models\gtsinger_multitech\dataset\raw\Chinese\ZH-Alto-1\Vibrato\南山南\Control_Group\0009.wav,0,0.131002,1.255,Chinese,ZH-Alto-1,南山南,Chinese/ZH-Alto-1/南山南,0.0
d:\-MindEcho-main\ml_dl_models\gtsinger_multitech\dataset\raw\French\FR-Soprano-1\Breathy\les passagers du vent\Paired_Speech_Group\0004.wav,0,0.526415,3.009,French,FR-Soprano-1,les passagers du vent,French/FR-Soprano-1/les passagers du vent,0.0
d:\-MindEcho-main\ml_dl_models\gtsinger_multitech\dataset\raw\Chinese\ZH-Alto-1\Mixed_Voice_and_Falsetto\平凡的一天\Falsetto_Group\0002.wav,0,0.621654,9.037,Chinese,ZH-Alto-1,平凡的一天,Chinese/ZH-Alto-1/平凡的一天,0.0
d:\-MindEcho-main\ml_dl_models\gtsinger_multitech\dataset\raw\Chinese\ZH-Tenor-1\Pharyngeal\我怀念的\Control_Group\0012.wav,0,0.590564,3.73,Chinese,ZH-Tenor-1,我怀念的,Chinese/ZH-Tenor-1/我怀念的,0.0
d:\-MindEcho-main\ml_dl_models\gtsinger_multitech\dataset\raw\French\FR-Soprano-1\Mixed_Voice_and_Falsetto\mustang cabriolet\Control_Group\0000.wav,1,0.410202,4.966,French,FR-Soprano-1,mustang cabriolet,French/FR-Soprano-1/mustang cabriolet,0.671
d:\-MindEcho-main\ml_dl_models\gtsinger_multitech\dataset\raw\French\FR-Soprano-1\Mixed_Voice_and_Falsetto\mustang cabriolet\Mixed_Voice_Group\0006.wav,1,0.096603,0.595,French,FR-Soprano-1,mustang cabriolet,French/FR-Soprano-1/mustang cabriolet,1.19
d:\-MindEcho-main\ml_dl_models\gtsinger_multitech\dataset\raw\Chinese\ZH-Alto-1\Mixed_Voice_and_Falsetto\匆匆那年\Falsetto_Group\0011.wav,1,0.511779,6.3,Chinese,ZH-Alto-1,匆匆那年,Chinese/ZH-Alto-1/匆匆那年,1.12
d:\-MindEcho-main\ml_dl_models\gtsinger_multitech\dataset\raw\Chinese\ZH-Alto-1\Mixed_Voice_and_Falsetto\告白气球\Falsetto_Group\0001.wav,1,0.791667,4.722,Chinese,ZH-Alto-1,告白气球,Chinese/ZH-Alto-1/告白气球,0.284
d:\-MindEcho-main\ml_dl_models\gtsinger_multitech\dataset\raw\French\FR-Soprano-1\Pharyngeal\je ne veux pas de toi\Pharyngeal_Group\0000.wav,1,0.577138,5.481,French,FR-Soprano-1,je ne veux pas de toi,French/FR-Soprano-1/je ne veux pas de toi,0.567
d:\-MindEcho-main\ml_dl_models\gtsinger_multitech\dataset\raw\French\FR-Tenor-1\Breathy\o souverain\Breathy_Group\0000.wav,1,0.232136,2.28,French,FR-Tenor-1,o souverain,French/FR-Tenor-1/o souverain,1.241
d:\-MindEcho-main\ml_dl_models\gtsinger_multitech\dataset\raw\French\FR-Soprano-1\Breathy\le balcon\Control_Group\0011.wav,1,0.360902,3.952,French,FR-Soprano-1,le balcon,French/FR-Soprano-1/le balcon,0.911
d:\-MindEcho-main\ml_dl_models\gtsinger_multitech\dataset\raw\Chinese\ZH-Alto-1\Mixed_Voice_and_Falsetto\演员\Falsetto_Group\0019.wav,0,0.608358,6.42,Chinese,ZH-Alto-1,演员,Chinese/ZH-Alto-1/演员,0.0
d:\-MindEcho-main\ml_dl_models\gtsinger_multitech\dataset\raw\French\FR-Soprano-1\Vibrato\eden eden\Vibrato_Group\0009.wav,0,0.467696,6.602,French,FR-Soprano-1,eden eden,French/FR-Soprano-1/eden eden,0.0
d:\-MindEcho-main\ml_dl_models\gtsinger_multitech\dataset\raw\Chinese\ZH-Alto-1\Pharyngeal\不为谁而作的歌\Control_Group\0008.wav,0,0.427632,2.925,Chinese,ZH-Alto-1,不为谁而作的歌,Chinese/ZH-Alto-1/不为谁而作的歌,0.0
d:\-MindEcho-main\ml_dl_models\gtsinger_multitech\dataset\raw\French\FR-Soprano-1\Breathy\soleil solleil\Paired_Speech_Group\0004.wav,0,0.489431,1.876,French,FR-Soprano-1,soleil solleil,French/FR-Soprano-1/soleil solleil,0.0
d:\-MindEcho-main\ml_dl_models\gtsinger_multitech\dataset\raw\French\FR-Tenor-1\Glissando\avant\Glissando_Group\0002.wav,1,0.321397,2.54,French,FR-Tenor-1,avant,French/FR-Tenor-1/avant,0.14
d:\-MindEcho-main\ml_dl_models\gtsinger_multitech\dataset\raw\French\FR-Soprano-1\Pharyngeal\la terre\Control_Group\0001.wav,0,0.645358,7.354,French,FR-Soprano-1,la terre,French/FR-Soprano-1/la terre,0.0
d:\-MindEcho-main\ml_dl_models\gtsinger_multitech\dataset\raw\French\FR-Soprano-1\Vibrato\eden eden\Vibrato_Group\0007.wav,1,0.106831,0.275,French,FR-Soprano-1,eden eden,French/FR-Soprano-1/eden eden,0.37
d:\-MindEcho-main\ml_dl_models\gtsinger_multitech\dataset\raw\Chinese\ZH-Tenor-1\Glissando\心动\Control_Group\0010.wav,0,0.440561,3.265,Chinese,ZH-Tenor-1,心动,Chinese/ZH-Tenor-1/心动,0.0
d:\-MindEcho-main\ml_dl_models\gtsinger_multitech\dataset\raw\Chinese\ZH-Alto-1\Mixed_Voice_and_Falsetto\老男孩\Control_Group\0005.wav,1,0.482143,4.455,Chinese,ZH-Alto-1,老男孩,Chinese/ZH-Alto-1/老男孩,0.37
"d:\-MindEcho-main\ml_dl_models\gtsinger_multitech\dataset\raw\French\FR-Soprano-1\Mixed_Voice_and_Falsetto\t'es beau,t'es beau\Control_Group\0006.wav",0,0.073774,1.252,French,FR-Soprano-1,"t'es beau,t'es beau","French/FR-Soprano-1/t'es beau,t'es beau",0.0
d:\-MindEcho-main\ml_dl_models\gtsinger_multitech\dataset\raw\Chinese\ZH-Alto-1\Mixed_Voice_and_Falsetto\青花瓷\Control_Group\0009.wav,1,0.482873,4.37,Chinese,ZH-Alto-1,青花瓷,Chinese/ZH-Alto-1/青花瓷,0.24
d:\-MindEcho-main\ml_dl_models\gtsinger_multitech\dataset\raw\Chinese\ZH-Alto-1\Mixed_Voice_and_Falsetto\后来\Control_Group\0013.wav,0,0.588571,3.605,Chinese,ZH-Alto-1,后来,Chinese/ZH-Alto-1/后来,0.0
d:\-MindEcho-main\ml_dl_models\gtsinger_multitech\dataset\raw\Chinese\ZH-Alto-1\Pharyngeal\失落沙洲\Control_Group\0006.wav,0,0.360596,3.17,Chinese,ZH-Alto-1,失落沙洲,Chinese/ZH-Alto-1/失落沙洲,0.0
d:\-MindEcho-main\ml_dl_models\gtsinger_multitech\dataset\raw\Chinese\ZH-Tenor-1\Glissando\传奇\Control_Group\0009.wav,0,0.556735,11.01,Chinese,ZH-Tenor-1,传奇,Chinese/ZH-Tenor-1/传奇,0.0
d:\-MindEcho-main\ml_dl_models\gtsinger_multitech\dataset\raw\Chinese\ZH-Tenor-1\Vibrato\末班车\Vibrato_Group\0002.wav,0,0.23064,1.37,Chinese,ZH-Tenor-1,末班车,Chinese/ZH-Tenor-1/末班车,0.0
d:\-MindEcho-main\ml_dl_models\gtsinger_multitech\dataset\raw\French\FR-Soprano-1\Breathy\la famillle que l'on a choisie\Breathy_Group\0004.wav,0,0.520251,8.696,French,FR-Soprano-1,la famillle que l'on a choisie,French/FR-Soprano-1/la famillle que l'on a choisie,0.0
d:\-MindEcho-main\ml_dl_models\gtsinger_multitech\dataset\raw\Chinese\ZH-Alto-1\Mixed_Voice_and_Falsetto\告白气球\Falsetto_Group\0005.wav,0,0.208347,1.248,Chinese,ZH-Alto-1,告白气球,Chinese/ZH-Alto-1/告白气球,0.0
d:\-MindEcho-main\ml_dl_models\gtsinger_multitech\dataset\raw\French\FR-Soprano-1\Breathy\les passagers du vent\Breathy_Group\0002.wav,1,0.544467,7.867,French,FR-Soprano-1,les passagers du vent,French/FR-Soprano-1/les passagers du vent,0.12
d:\-MindEcho-main\ml_dl_models\gtsinger_multitech\dataset\raw\Chinese\ZH-Tenor-1\Mixed_Voice_and_Falsetto\情歌\Falsetto_Group\0010.wav,1,0.457736,3.195,Chinese,ZH-Tenor-1,情歌,Chinese/ZH-Tenor-1/情歌,0.15
d:\-MindEcho-main\ml_dl_models\gtsinger_multitech\dataset\raw\Chinese\ZH-Alto-1\Mixed_Voice_and_Falsetto\后来\Mixed_Voice_Group\0013.wav,0,0.621415,3.9,Chinese,ZH-Alto-1,后来,Chinese/ZH-Alto-1/后来,0.0
d:\-MindEcho-main\ml_dl_models\gtsinger_multitech\dataset\raw\Chinese\ZH-Tenor-1\Breathy\平凡的一天\Breathy_Group\0008.wav,0,0.143587,1.265,Chinese,ZH-Tenor-1,平凡的一天,Chinese/ZH-Tenor-1/平凡的一天,0.0
d:\-MindEcho-main\ml_dl_models\gtsinger_multitech\dataset\raw\Chinese\ZH-Tenor-1\Mixed_Voice_and_Falsetto\情歌\Control_Group\0015.wav,1,0.702043,7.21,Chinese,ZH-Tenor-1,情歌,Chinese/ZH-Tenor-1/情歌,1.0
d:\-MindEcho-main\ml_dl_models\gtsinger_multitech\dataset\raw\French\FR-Soprano-1\Mixed_Voice_and_Falsetto\magic boul'vard\Falsetto_Group\0001.wav,0,0.179464,1.923,French,FR-Soprano-1,magic boul'vard,French/FR-Soprano-1/magic boul'vard,0.0
d:\-MindEcho-main\ml_dl_models\gtsinger_multitech\dataset\raw\Chinese\ZH-Tenor-1\Mixed_Voice_and_Falsetto\最初的梦想\Falsetto_Group\0004.wav,0,0.088963,1.269,Chinese,ZH-Tenor-1,最初的梦想,Chinese/ZH-Tenor-1/最初的梦想,0.0
d:\-MindEcho-main\ml_dl_models\gtsinger_multitech\dataset\raw\Chinese\ZH-Alto-1\Mixed_Voice_and_Falsetto\化身孤岛的鲸\Control_Group\0017.wav,0,0.627144,6.215,Chinese,ZH-Alto-1,化身孤岛的鲸,Chinese/ZH-Alto-1/化身孤岛的鲸,0.0
d:\-MindEcho-main\ml_dl_models\gtsinger_multitech\dataset\raw\Chinese\ZH-Tenor-1\Mixed_Voice_and_Falsetto\老男孩\Control_Group\0019.wav,0,0.203101,1.31,Chinese,ZH-Tenor-1,老男孩,Chinese/ZH-Tenor-1/老男孩,0.0
d:\-MindEcho-main\ml_dl_models\gtsinger_multitech\dataset\raw\Chinese\ZH-Alto-1\Glissando\没那么简单\Glissando_Group\0009.wav,0,0.356671,2.7,Chinese,ZH-Alto-1,没那么简单,Chinese/ZH-Alto-1/没那么简单,0.0
d:\-MindEcho-main\ml_dl_models\gtsinger_multitech\dataset\raw\French\FR-Soprano-1\Mixed_Voice_and_Falsetto\vivre a en crever\Mixed_Voice_Group\0003.wav,1,0.841417,7.385,French,FR-Soprano-1,vivre a en crever,French/FR-Soprano-1/vivre a en crever,0.364
d:\-MindEcho-main\ml_dl_models\gtsinger_multitech\dataset\raw\French\FR-Soprano-1\Mixed_Voice_and_Falsetto\mustang cabriolet\Falsetto_Group\0005.wav,1,0.376367,7.049,French,FR-Soprano-1,mustang cabriolet,French/FR-Soprano-1/mustang cabriolet,0.415
d:\-MindEcho-main\ml_dl_models\gtsinger_multitech\dataset\raw\Chinese\ZH-Tenor-1\Mixed_Voice_and_Falsetto\过火\Falsetto_Group\0022.wav,0,0.602454,4.91,Chinese,ZH-Tenor-1,过火,Chinese/ZH-Tenor-1/过火,0.0
d:\-MindEcho-main\ml_dl_models\gtsinger_multitech\dataset\raw\Chinese\ZH-Tenor-1\Mixed_Voice_and_Falsetto\不能说的秘密\Control_Group\0000.wav,1,0.378894,3.285,Chinese,ZH-Tenor-1,不能说的秘密,Chinese/ZH-Tenor-1/不能说的秘密,0.47
d:\-MindEcho-main\ml_dl_models\gtsinger_multitech\dataset\raw\German\DE-Soprano-1\Breathy\Copilot\Breathy_Group\0006.wav,0,0.545189,3.915,German,DE-Soprano-1,Copilot,German/DE-Soprano-1/Copilot,0.0
d:\-MindEcho-main\ml_dl_models\gtsinger_multitech\dataset\raw\Chinese\ZH-Alto-1\Mixed_Voice_and_Falsetto\烟花易冷\Control_Group\0013.wav,0,0.239815,1.825,Chinese,ZH-Alto-1,烟花易冷,Chinese/ZH-Alto-1/烟花易冷,0.0
d:\-MindEcho-main\ml_dl_models\gtsinger_multitech\dataset\raw\Chinese\ZH-Tenor-1\Mixed_Voice_and_Falsetto\偏爱\Mixed_Voice_Group\0006.wav,0,0.435162,3.49,Chinese,ZH-Tenor-1,偏爱,Chinese/ZH-Tenor-1/偏爱,0.0
d:\-MindEcho-main\ml_dl_models\gtsinger_multitech\dataset\raw\Chinese\ZH-Alto-1\Glissando\曹操\Control_Group\0003.wav,0,0.209885,1.454,Chinese,ZH-Alto-1,曹操,Chinese/ZH-Alto-1/曹操,0.0
d:\-MindEcho-main\ml_dl_models\gtsinger_multitech\dataset\raw\French\FR-Tenor-1\Glissando\Les Marionnettes\Control_Group\0007.wav,0,0.181287,2.604,French,FR-Tenor-1,Les Marionnettes,French/FR-Tenor-1/Les Marionnettes,0.0
d:\-MindEcho-main\ml_dl_models\gtsinger_multitech\dataset\raw\Chinese\ZH-Tenor-1\Vibrato\空白格\Vibrato_Group\0003.wav,0,0.512414,3.715,Chinese,ZH-Tenor-1,空白格,Chinese/ZH-Tenor-1/空白格,0.0
d:\-MindEcho-main\ml_dl_models\gtsinger_multitech\dataset\raw\French\FR-Soprano-1\Mixed_Voice_and_Falsetto\eviter les roses\Paired_Speech_Group\0000.wav,0,0.161167,1.221,French,FR-Soprano-1,eviter les roses,French/FR-Soprano-1/eviter les roses,0.0
d:\-MindEcho-main\ml_dl_models\gtsinger_multitech\dataset\raw\Chinese\ZH-Alto-1\Mixed_Voice_and_Falsetto\老男孩\Falsetto_Group\0005.wav,0,0.421648,3.689,Chinese,ZH-Alto-1,老男孩,Chinese/ZH-Alto-1/老男孩,0.0
d:\-MindEcho-main\ml_dl_models\gtsinger_multitech\dataset\raw\French\FR-Tenor-1\Breathy\Lafleur\Breathy_Group\0003.wav,1,0.19023,3.746,French,FR-Tenor-1,Lafleur,French/FR-Tenor-1/Lafleur,0.412
d:\-MindEcho-main\ml_dl_models\gtsinger_multitech\dataset\raw\French\FR-Soprano-1\Breathy\2019\Breathy_Group\0005.wav,1,0.575412,6.949,French,FR-Soprano-1,2019,French/FR-Soprano-1/2019,0.571
d:\-MindEcho-main\ml_dl_models\gtsinger_multitech\dataset\raw\Chinese\ZH-Alto-1\Breathy\失落沙洲\Control_Group\0001.wav,0,0.276,1.725,Chinese,ZH-Alto-1,失落沙洲,Chinese/ZH-Alto-1/失落沙洲,0.0
d:\-MindEcho-main\ml_dl_models\gtsinger_multitech\dataset\raw\French\FR-Soprano-1\Vibrato\eden eden\Paired_Speech_Group\0005.wav,0,0.328536,1.461,French,FR-Soprano-1,eden eden,French/FR-Soprano-1/eden eden,0.0
d:\-MindEcho-main\ml_dl_models\gtsinger_multitech\dataset\raw\Chinese\ZH-Tenor-1\Mixed_Voice_and_Falsetto\全世界谁倾听你\Control_Group\0004.wav,0,0.137137,1.37,Chinese,ZH-Tenor-1,全世界谁倾听你,Chinese/ZH-Tenor-1/全世界谁倾听你,0.0
d:\-MindEcho-main\ml_dl_models\gtsinger_multitech\dataset\raw\Chinese\ZH-Alto-1\Breathy\江南\Control_Group\0002.wav,0,0.131833,1.216,Chinese,ZH-Alto-1,江南,Chinese/ZH-Alto-1/江南,0.0
d:\-MindEcho-main\ml_dl_models\gtsinger_multitech\dataset\raw\Chinese\ZH-Alto-1\Mixed_Voice_and_Falsetto\热雪\Falsetto_Group\0003.wav,0,0.619792,8.048,Chinese,ZH-Alto-1,热雪,Chinese/ZH-Alto-1/热雪,0.0
d:\-MindEcho-main\ml_dl_models\gtsinger_multitech\dataset\raw\Chinese\ZH-Alto-1\Mixed_Voice_and_Falsetto\桃花诺\Mixed_Voice_Group\0011.wav,1,0.330909,2.73,Chinese,ZH-Alto-1,桃花诺,Chinese/ZH-Alto-1/桃花诺,0.44
d:\-MindEcho-main\ml_dl_models\gtsinger_multitech\dataset\raw\Chinese\ZH-Alto-1\Pharyngeal\老男孩\Pharyngeal_Group\0005.wav,1,0.526219,5.078,Chinese,ZH-Alto-1,老男孩,Chinese/ZH-Alto-1/老男孩,0.324
d:\-MindEcho-main\ml_dl_models\gtsinger_multitech\dataset\raw\Chinese\ZH-Tenor-1\Pharyngeal\雨爱\Pharyngeal_Group\0003.wav,0,0.505855,4.32,Chinese,ZH-Tenor-1,雨爱,Chinese/ZH-Tenor-1/雨爱,0.0
d:\-MindEcho-main\ml_dl_models\gtsinger_multitech\dataset\raw\Chinese\ZH-Tenor-1\Mixed_Voice_and_Falsetto\最初的梦想\Mixed_Voice_Group\0015.wav,0,0.248623,1.805,Chinese,ZH-Tenor-1,最初的梦想,Chinese/ZH-Tenor-1/最初的梦想,0.0
"d:\-MindEcho-main\ml_dl_models\gtsinger_multitech\dataset\raw\French\FR-Soprano-1\Mixed_Voice_and_Falsetto\t'es beau,t'es beau\Falsetto_Group\0000.wav",1,0.904256,13.576,French,FR-Soprano-1,"t'es beau,t'es beau","French/FR-Soprano-1/t'es beau,t'es beau",2.875
d:\-MindEcho-main\ml_dl_models\gtsinger_multitech\dataset\raw\French\FR-Soprano-1\Mixed_Voice_and_Falsetto\le dernier train\Falsetto_Group\0003.wav,1,0.522002,4.97,French,FR-Soprano-1,le dernier train,French/FR-Soprano-1/le dernier train,0.821
d:\-MindEcho-main\ml_dl_models\gtsinger_multitech\dataset\raw\Chinese\ZH-Alto-1\Vibrato\不再见\Vibrato_Group\0021.wav,1,0.502317,4.335,Chinese,ZH-Alto-1,不再见,Chinese/ZH-Alto-1/不再见,0.33
d:\-MindEcho-main\ml_dl_models\gtsinger_multitech\dataset\raw\Chinese\ZH-Alto-1\Mixed_Voice_and_Falsetto\老男孩\Falsetto_Group\0013.wav,1,0.513504,3.879,Chinese,ZH-Alto-1,老男孩,Chinese/ZH-Alto-1/老男孩,0.81
d:\-MindEcho-main\ml_dl_models\gtsinger_multitech\dataset\raw\French\FR-Soprano-1\Pharyngeal\guel ennui\Control_Group\0003.wav,1,0.877401,9.541,French,FR-Soprano-1,guel ennui,French/FR-Soprano-1/guel ennui,0.494
d:\-MindEcho-main\ml_dl_models\gtsinger_multitech\dataset\raw\Chinese\ZH-Alto-1\Mixed_Voice_and_Falsetto\鸽子\Falsetto_Group\0004.wav,0,0.184365,1.728,Chinese,ZH-Alto-1,鸽子,Chinese/ZH-Alto-1/鸽子,0.0
d:\-MindEcho-main\ml_dl_models\gtsinger_multitech\dataset\raw\Chinese\ZH-Tenor-1\Mixed_Voice_and_Falsetto\情歌\Mixed_Voice_Group\0021.wav,0,0.652258,5.055,Chinese,ZH-Tenor-1,情歌,Chinese/ZH-Tenor-1/情歌,0.0
d:\-MindEcho-main\ml_dl_models\gtsinger_multitech\dataset\raw\Chinese\ZH-Tenor-1\Glissando\倒带\Glissando_Group\0004.wav,0,0.215734,1.5,Chinese,ZH-Tenor-1,倒带,Chinese/ZH-Tenor-1/倒带,0.0
d:\-MindEcho-main\ml_dl_models\gtsinger_multitech\dataset\raw\French\FR-Soprano-1\Vibrato\eden eden\Vibrato_Group\0001.wav,1,0.586646,10.126,French,FR-Soprano-1,eden eden,French/FR-Soprano-1/eden eden,0.14
d:\-MindEcho-main\ml_dl_models\gtsinger_multitech\dataset\raw\Chinese\ZH-Alto-1\Pharyngeal\说谎\Control_Group\0009.wav,0,0.19422,1.445,Chinese,ZH-Alto-1,说谎,Chinese/ZH-Alto-1/说谎,0.0
d:\-MindEcho-main\ml_dl_models\gtsinger_multitech\dataset\raw\French\FR-Tenor-1\Glissando\ouvre\Glissando_Group\0002.wav,1,0.913904,13.745,French,FR-Tenor-1,ouvre,French/FR-Tenor-1/ouvre,0.387
d:\-MindEcho-main\ml_dl_models\gtsinger_multitech\dataset\raw\French\FR-Tenor-1\Glissando\Les Marionnettes\Control_Group\0000.wav,1,0.078818,0.2,French,FR-Tenor-1,Les Marionnettes,French/FR-Tenor-1/Les Marionnettes,0.4
d:\-MindEcho-main\ml_dl_models\gtsinger_multitech\dataset\raw\Chinese\ZH-Tenor-1\Pharyngeal\雨爱\Pharyngeal_Group\0009.wav,0,0.5306,4.335,Chinese,ZH-Tenor-1,雨爱,Chinese/ZH-Tenor-1/雨爱,0.0
d:\-MindEcho-main\ml_dl_models\gtsinger_multitech\dataset\raw\Chinese\ZH-Alto-1\Breathy\温柔\Breathy_Group\0007.wav,1,0.248641,1.83,Chinese,ZH-Alto-1,温柔,Chinese/ZH-Alto-1/温柔,0.36
d:\-MindEcho-main\ml_dl_models\gtsinger_multitech\dataset\raw\French\FR-Soprano-1\Mixed_Voice_and_Falsetto\chez moi\Falsetto_Group\0003.wav,1,0.886161,12.038,French,FR-Soprano-1,chez moi,French/FR-Soprano-1/chez moi,0.193
d:\-MindEcho-main\ml_dl_models\gtsinger_multitech\dataset\raw\Chinese\ZH-Tenor-1\Mixed_Voice_and_Falsetto\末班车\Control_Group\0004.wav,0,0.24541,1.47,Chinese,ZH-Tenor-1,末班车,Chinese/ZH-Tenor-1/末班车,0.0
d:\-MindEcho-main\ml_dl_models\gtsinger_multitech\dataset\raw\French\FR-Tenor-1\Glissando\Les Marionnettes\Glissando_Group\0000.wav,0,0.084273,1.36,French,FR-Tenor-1,Les Marionnettes,French/FR-Tenor-1/Les Marionnettes,0.0
d:\-MindEcho-main\ml_dl_models\gtsinger_multitech\dataset\raw\French\FR-Soprano-1\Pharyngeal\comment dire\Paired_Speech_Group\0005.wav,0,0.259322,1.231,French,FR-Soprano-1,comment dire,French/FR-Soprano-1/comment dire,0.0
d:\-MindEcho-main\ml_dl_models\gtsinger_multitech\dataset\raw\Chinese\ZH-Alto-1\Mixed_Voice_and_Falsetto\桃花诺\Control_Group\0010.wav,0,0.163739,1.305,Chinese,ZH-Alto-1,桃花诺,Chinese/ZH-Alto-1/桃花诺,0.0
d:\-MindEcho-main\ml_dl_models\gtsinger_multitech\dataset\raw\French\FR-Tenor-1\Breathy\manon\Breathy_Group\0001.wav,1,0.489144,5.002,French,FR-Tenor-1,manon,French/FR-Tenor-1/manon,0.881
d:\-MindEcho-main\ml_dl_models\gtsinger_multitech\dataset\raw\Chinese\ZH-Alto-1\Mixed_Voice_and_Falsetto\最长的电影\Falsetto_Group\0000.wav,0,0.192867,1.46,Chinese,ZH-Alto-1,最长的电影,Chinese/ZH-Alto-1/最长的电影,0.0
d:\-MindEcho-main\ml_dl_models\gtsinger_multitech\dataset\raw\Chinese\ZH-Tenor-1\Mixed_Voice_and_Falsetto\全世界谁倾听你\Mixed_Voice_Group\0005.wav,1,0.43507,4.925,Chinese,ZH-Tenor-1,全世界谁倾听你,Chinese/ZH-Tenor-1/全世界谁倾听你,0.35
d:\-MindEcho-main\ml_dl_models\gtsinger_multitech\dataset\raw\French\FR-Soprano-1\Breathy\les passagers du vent\Control_Group\0006.wav,0,0.612339,6.094,French,FR-Soprano-1,les passagers du vent,French/FR-Soprano-1/les passagers du vent,0.0
d:\-MindEcho-main\ml_dl_models\gtsinger_multitech\dataset\raw\French\FR-Soprano-1\Mixed_Voice_and_Falsetto\nos ballades\Mixed_Voice_Group\0008.wav,1,0.647805,7.201,French,FR-Soprano-1,nos ballades,French/FR-Soprano-1/nos ballades,0.512
d:\-MindEcho-main\ml_dl_models\gtsinger_multitech\dataset\raw\French\FR-Soprano-1\Pharyngeal\ce train qui s'en va\Control_Group\0000.wav,0,0.206037,1.806,French,FR-Soprano-1,ce train qui s'en va,French/FR-Soprano-1/ce train qui s'en va,0.0
d:\-MindEcho-main\ml_dl_models\gtsinger_multitech\dataset\raw\Chinese\ZH-Alto-1\Mixed_Voice_and_Falsetto\演员\Mixed_Voice_Group\0020.wav,1,0.486251,5.305,Chinese,ZH-Alto-1,演员,Chinese/ZH-Alto-1/演员,0.43
d:\-MindEcho-main\ml_dl_models\gtsinger_multitech\dataset\raw\Chinese\ZH-Alto-1\Mixed_Voice_and_Falsetto\贝加尔湖畔\Falsetto_Group\0008.wav,0,0.165339,1.391,Chinese,ZH-Alto-1,贝加尔湖畔,Chinese/ZH-Alto-1/贝加尔湖畔,0.0
d:\-MindEcho-main\ml_dl_models\gtsinger_multitech\dataset\raw\Chinese\ZH-Tenor-1\Mixed_Voice_and_Falsetto\偏爱\Control_Group\0007.wav,0,0.157241,1.443,Chinese,ZH-Tenor-1,偏爱,Chinese/ZH-Tenor-1/偏爱,0.0
d:\-MindEcho-main\ml_dl_models\gtsinger_multitech\dataset\raw\Chinese\ZH-Alto-1\Breathy\温柔\Control_Group\0001.wav,0,0.517266,3.595,Chinese,ZH-Alto-1,温柔,Chinese/ZH-Alto-1/温柔,0.0
d:\-MindEcho-main\ml_dl_models\gtsinger_multitech\dataset\raw\French\FR-Soprano-1\Pharyngeal\je ne veux pas de toi\Pharyngeal_Group\0002.wav,1,0.116777,0.565,French,FR-Soprano-1,je ne veux pas de toi,French/FR-Soprano-1/je ne veux pas de toi,1.13
d:\-MindEcho-main\ml_dl_models\gtsinger_multitech\dataset\raw\Chinese\ZH-Alto-1\Pharyngeal\隐形的翅膀\Pharyngeal_Group\0005.wav,0,0.200873,1.38,Chinese,ZH-Alto-1,隐形的翅膀,Chinese/ZH-Alto-1/隐形的翅膀,0.0
d:\-MindEcho-main\ml_dl_models\gtsinger_multitech\dataset\raw\Chinese\ZH-Tenor-1\Glissando\画心\Control_Group\0009.wav,1,0.241641,1.59,Chinese,ZH-Tenor-1,画心,Chinese/ZH-Tenor-1/画心,0.26
d:\-MindEcho-main\ml_dl_models\gtsinger_multitech\dataset\raw\Chinese\ZH-Alto-1\Mixed_Voice_and_Falsetto\平凡之路\Control_Group\0006.wav,1,0.655483,5.86,Chinese,ZH-Alto-1,平凡之路,Chinese/ZH-Alto-1/平凡之路,0.36
d:\-MindEcho-main\ml_dl_models\gtsinger_multitech\dataset\raw\French\FR-Tenor-1\Breathy\Lafleur\Breathy_Group\0003.wav,0,0.111213,2.19,French,FR-Tenor-1,Lafleur,French/FR-Tenor-1/Lafleur,0.0
d:\-MindEcho-main\ml_dl_models\gtsinger_multitech\dataset\raw\Chinese\ZH-Alto-1\Glissando\奇妙能力歌\Glissando_Group\0008.wav,1,0.515952,4.69,Chinese,ZH-Alto-1,奇妙能力歌,Chinese/ZH-Alto-1/奇妙能力歌,0.58
d:\-MindEcho-main\ml_dl_models\gtsinger_multitech\dataset\raw\Chinese\ZH-Tenor-1\Mixed_Voice_and_Falsetto\想自由\Falsetto_Group\0008.wav,1,0.625114,6.795,Chinese,ZH-Tenor-1,想自由,Chinese/ZH-Tenor-1/想自由,0.17
d:\-MindEcho-main\ml_dl_models\gtsinger_multitech\dataset\raw\French\FR-Tenor-1\Glissando\ouvre\Glissando_Group\0000.wav,0,0.073811,1.255,French,FR-Tenor-1,ouvre,French/FR-Tenor-1/ouvre,0.0
d:\-MindEcho-main\ml_dl_models\gtsinger_multitech\dataset\raw\Chinese\ZH-Alto-1\Vibrato\南山南\Vibrato_Group\0008.wav,0,0.294631,2.03,Chinese,ZH-Alto-1,南山南,Chinese/ZH-Alto-1/南山南,0.0
d:\-MindEcho-main\ml_dl_models\gtsinger_multitech\dataset\raw\French\FR-Soprano-1\Mixed_Voice_and_Falsetto\magic boul'vard\Control_Group\0001.wav,1,0.459853,4.702,French,FR-Soprano-1,magic boul'vard,French/FR-Soprano-1/magic boul'vard,0.14
d:\-MindEcho-main\ml_dl_models\gtsinger_multitech\dataset\raw\French\FR-Tenor-1\Breathy\o souverain\Breathy_Group\0013.wav,1,0.576085,5.709,French,FR-Tenor-1,o souverain,French/FR-Tenor-1/o souverain,0.18
d:\-MindEcho-main\ml_dl_models\gtsinger_multitech\dataset\raw\Chinese\ZH-Tenor-1\Mixed_Voice_and_Falsetto\老男孩\Falsetto_Group\0001.wav,0,0.543333,4.075,Chinese,ZH-Tenor-1,老男孩,Chinese/ZH-Tenor-1/老男孩,0.0
d:\-MindEcho-main\ml_dl_models\gtsinger_multitech\dataset\raw\French\FR-Soprano-1\Breathy\2019\Control_Group\0006.wav,1,0.452221,4.112,French,FR-Soprano-1,2019,French/FR-Soprano-1/2019,0.457
d:\-MindEcho-main\ml_dl_models\gtsinger_multitech\dataset\raw\Chinese\ZH-Alto-1\Mixed_Voice_and_Falsetto\可乐\Falsetto_Group\0005.wav,0,0.164122,1.29,Chinese,ZH-Alto-1,可乐,Chinese/ZH-Alto-1/可乐,0.0
d:\-MindEcho-main\ml_dl_models\gtsinger_multitech\dataset\raw\Chinese\ZH-Tenor-1\Glissando\我的歌声里\Control_Group\0001.wav,0,0.213535,2.193,Chinese,ZH-Tenor-1,我的歌声里,Chinese/ZH-Tenor-1/我的歌声里,0.0
d:\-MindEcho-main\ml_dl_models\gtsinger_multitech\dataset\raw\Chinese\ZH-Alto-1\Mixed_Voice_and_Falsetto\匆匆那年\Falsetto_Group\0009.wav,0,0.576258,7.33,Chinese,ZH-Alto-1,匆匆那年,Chinese/ZH-Alto-1/匆匆那年,0.0
d:\-MindEcho-main\ml_dl_models\gtsinger_multitech\dataset\raw\French\FR-Soprano-1\Mixed_Voice_and_Falsetto\comment deja\Mixed_Voice_Group\0004.wav,1,0.417966,3.618,French,FR-Soprano-1,comment deja,French/FR-Soprano-1/comment deja,0.125
d:\-MindEcho-main\ml_dl_models\gtsinger_multitech\dataset\raw\French\FR-Tenor-1\Glissando\manon\Glissando_Group\0011.wav,0,0.334772,5.468,French,FR-Tenor-1,manon,French/FR-Tenor-1/manon,0.0
d:\-MindEcho-main\ml_dl_models\gtsinger_multitech\dataset\raw\French\FR-Soprano-1\Pharyngeal\comment dire\Control_Group\0007.wav,0,0.125711,1.415,French,FR-Soprano-1,comment dire,French/FR-Soprano-1/comment dire,0.0
d:\-MindEcho-main\ml_dl_models\gtsinger_multitech\dataset\raw\French\FR-Tenor-1\Breathy\manon\Paired_Speech_Group\0004.wav,0,0.319109,1.376,French,FR-Tenor-1,manon,French/FR-Tenor-1/manon,0.0
d:\-MindEcho-main\ml_dl_models\gtsinger_multitech\dataset\raw\Chinese\ZH-Alto-1\Breathy\失落沙洲\Breathy_Group\0006.wav,0,0.311248,2.02,Chinese,ZH-Alto-1,失落沙洲,Chinese/ZH-Alto-1/失落沙洲,0.0
d:\-MindEcho-main\ml_dl_models\gtsinger_multitech\dataset\raw\French\FR-Soprano-1\Pharyngeal\+la vie\Control_Group\0000.wav,0,0.608435,8.31,French,FR-Soprano-1,+la vie,French/FR-Soprano-1/+la vie,0.0
d:\-MindEcho-main\ml_dl_models\gtsinger_multitech\dataset\raw\Chinese\ZH-Tenor-1\Mixed_Voice_and_Falsetto\偏爱\Falsetto_Group\0013.wav,1,0.443512,4.888,Chinese,ZH-Tenor-1,偏爱,Chinese/ZH-Tenor-1/偏爱,0.895
d:\-MindEcho-main\ml_dl_models\gtsinger_multitech\dataset\raw\Chinese\ZH-Alto-1\Breathy\默\Breathy_Group\0006.wav,0,0.206149,2.045,Chinese,ZH-Alto-1,默,Chinese/ZH-Alto-1/默,0.0
d:\-MindEcho-main\ml_dl_models\gtsinger_multitech\dataset\raw\Chinese\ZH-Alto-1\Mixed_Voice_and_Falsetto\烟花易冷\Control_Group\0011.wav,1,0.594164,4.48,Chinese,ZH-Alto-1,烟花易冷,Chinese/ZH-Alto-1/烟花易冷,0.52
d:\-MindEcho-main\ml_dl_models\gtsinger_multitech\dataset\raw\French\FR-Tenor-1\Breathy\pourquoi\Breathy_Group\0005.wav,1,0.530873,7.136,French,FR-Tenor-1,pourquoi,French/FR-Tenor-1/pourquoi,0.11
d:\-MindEcho-main\ml_dl_models\gtsinger_multitech\dataset\raw\Chinese\ZH-Alto-1\Breathy\江南\Control_Group\0001.wav,1,0.454968,4.4,Chinese,ZH-Alto-1,江南,Chinese/ZH-Alto-1/江南,0.88
d:\-MindEcho-main\ml_dl_models\gtsinger_multitech\dataset\raw\French\FR-Tenor-1\Breathy\pourquoi\Control_Group\0009.wav,1,0.328315,4.601,French,FR-Tenor-1,pourquoi,French/FR-Tenor-1/pourquoi,0.44
d:\-MindEcho-main\ml_dl_models\gtsinger_multitech\dataset\raw\Chinese\ZH-Alto-1\Mixed_Voice_and_Falsetto\桃花诺\Mixed_Voice_Group\0003.wav,0,0.193002,1.605,Chinese,ZH-Alto-1,桃花诺,Chinese/ZH-Alto-1/桃花诺,0.0
d:\-MindEcho-main\ml_dl_models\gtsinger_multitech\dataset\raw\Chinese\ZH-Alto-1\Vibrato\我真的受伤了\Control_Group\0012.wav,0,0.621664,3.96,Chinese,ZH-Alto-1,我真的受伤了,Chinese/ZH-Alto-1/我真的受伤了,0.0
d:\-MindEcho-main\ml_dl_models\gtsinger_multitech\dataset\raw\Chinese\ZH-Alto-1\Mixed_Voice_and_Falsetto\演员\Mixed_Voice_Group\0022.wav,0,0.376598,2.945,Chinese,ZH-Alto-1,演员,Chinese/ZH-Alto-1/演员,0.0
d:\-MindEcho-main\ml_dl_models\gtsinger_multitech\dataset\raw\Chinese\ZH-Alto-1\Breathy\知足\Breathy_Group\0011.wav,0,0.361264,2.63,Chinese,ZH-Alto-1,知足,Chinese/ZH-Alto-1/知足,0.0
d:\-MindEcho-main\ml_dl_models\gtsinger_multitech\dataset\raw\French\FR-Soprano-1\Mixed_Voice_and_Falsetto\lentement\Paired_Speech_Group\0002.wav,0,0.269892,1.216,French,FR-Soprano-1,lentement,French/FR-Soprano-1/lentement,0.0
d:\-MindEcho-main\ml_dl_models\gtsinger_multitech\dataset\raw\French\FR-Soprano-1\Mixed_Voice_and_Falsetto\mustang cabriolet\Mixed_Voice_Group\0007.wav,1,0.73583,13.54,French,FR-Soprano-1,mustang cabriolet,French/FR-Soprano-1/mustang cabriolet,2.214
d:\-MindEcho-main\ml_dl_models\gtsinger_multitech\dataset\raw\Chinese\ZH-Alto-1\Glissando\时间煮雨\Control_Group\0016.wav,0,0.587499,7.463,Chinese,ZH-Alto-1,时间煮雨,Chinese/ZH-Alto-1/时间煮雨,0.0
d:\-MindEcho-main\ml_dl_models\gtsinger_multitech\dataset\raw\Chinese\ZH-Alto-1\Mixed_Voice_and_Falsetto\知足\Control_Group\0003.wav,0,0.559904,3.505,Chinese,ZH-Alto-1,知足,Chinese/ZH-Alto-1/知足,0.0
d:\-MindEcho-main\ml_dl_models\gtsinger_multitech\dataset\raw\Chinese\ZH-Tenor-1\Mixed_Voice_and_Falsetto\不能说的秘密\Mixed_Voice_Group\0004.wav,0,0.24288,1.535,Chinese,ZH-Tenor-1,不能说的秘密,Chinese/ZH-Tenor-1/不能说的秘密,0.0
d:\-MindEcho-main\ml_dl_models\gtsinger_multitech\dataset\raw\Chinese\ZH-Alto-1\Mixed_Voice_and_Falsetto\最长的电影\Falsetto_Group\0004.wav,0,0.621429,4.785,Chinese,ZH-Alto-1,最长的电影,Chinese/ZH-Alto-1/最长的电影,0.0
d:\-MindEcho-main\ml_dl_models\gtsinger_multitech\dataset\raw\Chinese\ZH-Tenor-1\Mixed_Voice_and_Falsetto\老男孩\Control_Group\0007.wav,0,0.153631,1.375,Chinese,ZH-Tenor-1,老男孩,Chinese/ZH-Tenor-1/老男孩,0.0
d:\-MindEcho-main\ml_dl_models\gtsinger_multitech\dataset\raw\Chinese\ZH-Alto-1\Mixed_Voice_and_Falsetto\匆匆那年\Control_Group\0013.wav,0,0.24168,1.482,Chinese,ZH-Alto-1,匆匆那年,Chinese/ZH-Alto-1/匆匆那年,0.0
d:\-MindEcho-main\ml_dl_models\gtsinger_multitech\dataset\raw\French\FR-Tenor-1\Breathy\avant\Control_Group\0002.wav,1,0.078958,0.295,French,FR-Tenor-1,avant,French/FR-Tenor-1/avant,0.59
d:\-MindEcho-main\ml_dl_models\gtsinger_multitech\dataset\raw\Chinese\ZH-Alto-1\Breathy\越过山丘\Breathy_Group\0006.wav,0,0.232847,1.595,Chinese,ZH-Alto-1,越过山丘,Chinese/ZH-Alto-1/越过山丘,0.0
d:\-MindEcho-main\ml_dl_models\gtsinger_multitech\dataset\raw\Chinese\ZH-Alto-1\Vibrato\不再见\Control_Group\0022.wav,0,0.169384,1.486,Chinese,ZH-Alto-1,不再见,Chinese/ZH-Alto-1/不再见,0.0
d:\-MindEcho-main\ml_dl_models\gtsinger_multitech\dataset\raw\Chinese\ZH-Tenor-1\Vibrato\失落沙洲\Control_Group\0004.wav,0,0.396268,3.452,Chinese,ZH-Tenor-1,失落沙洲,Chinese/ZH-Tenor-1/失落沙洲,0.0
d:\-MindEcho-main\ml_dl_models\gtsinger_multitech\dataset\raw\Chinese\ZH-Alto-1\Mixed_Voice_and_Falsetto\化身孤岛的鲸\Falsetto_Group\0006.wav,1,0.250257,2.43,Chinese,ZH-Alto-1,化身孤岛的鲸,Chinese/ZH-Alto-1/化身孤岛的鲸,0.38
d:\-MindEcho-main\ml_dl_models\gtsinger_multitech\dataset\raw\Chinese\ZH-Tenor-1\Vibrato\你给我听好\Control_Group\0001.wav,0,0.619119,6.185,Chinese,ZH-Tenor-1,你给我听好,Chinese/ZH-Tenor-1/你给我听好,0.0
d:\-MindEcho-main\ml_dl_models\gtsinger_multitech\dataset\raw\Chinese\ZH-Tenor-1\Mixed_Voice_and_Falsetto\失落沙洲\Falsetto_Group\0006.wav,0,0.403762,3.175,Chinese,ZH-Tenor-1,失落沙洲,Chinese/ZH-Tenor-1/失落沙洲,0.0
d:\-MindEcho-main\ml_dl_models\gtsinger_multitech\dataset\raw\French\FR-Soprano-1\Mixed_Voice_and_Falsetto\eviter les roses\Mixed_Voice_Group\0007.wav,0,0.069897,1.301,French,FR-Soprano-1,eviter les roses,French/FR-Soprano-1/eviter les roses,0.0
d:\-MindEcho-main\ml_dl_models\gtsinger_multitech\dataset\raw\Chinese\ZH-Tenor-1\Glissando\我的歌声里\Control_Group\0008.wav,1,0.174971,1.51,Chinese,ZH-Tenor-1,我的歌声里,Chinese/ZH-Tenor-1/我的歌声里,0.14
d:\-MindEcho-main\ml_dl_models\gtsinger_multitech\dataset\raw\Chinese\ZH-Alto-1\Pharyngeal\你就不要想起我\Pharyngeal_Group\0005.wav,0,0.146,1.46,Chinese,ZH-Alto-1,你就不要想起我,Chinese/ZH-Alto-1/你就不要想起我,0.0
d:\-MindEcho-main\ml_dl_models\gtsinger_multitech\dataset\raw\Chinese\ZH-Tenor-1\Vibrato\后会无期\Vibrato_Group\0005.wav,1,0.320382,3.29,Chinese,ZH-Tenor-1,后会无期,Chinese/ZH-Tenor-1/后会无期,0.48
d:\-MindEcho-main\ml_dl_models\gtsinger_multitech\dataset\raw\French\FR-Soprano-1\Mixed_Voice_and_Falsetto\mustang cabriolet\Control_Group\0009.wav,0,0.093467,1.681,French,FR-Soprano-1,mustang cabriolet,French/FR-Soprano-1/mustang cabriolet,0.0
d:\-MindEcho-main\ml_dl_models\gtsinger_multitech\dataset\raw\Chinese\ZH-Tenor-1\Mixed_Voice_and_Falsetto\不能说的秘密\Control_Group\0002.wav,0,0.135984,1.3,Chinese,ZH-Tenor-1,不能说的秘密,Chinese/ZH-Tenor-1/不能说的秘密,0.0
d:\-MindEcho-main\ml_dl_models\gtsinger_multitech\dataset\raw\French\FR-Soprano-1\Breathy\les passagers du vent\Paired_Speech_Group\0010.wav,0,0.160261,1.301,French,FR-Soprano-1,les passagers du vent,French/FR-Soprano-1/les passagers du vent,0.0
d:\-MindEcho-main\ml_dl_models\gtsinger_multitech\dataset\raw\French\FR-Soprano-1\Breathy\adieu mon homme\Breathy_Group\0001.wav,0,0.163373,1.601,French,FR-Soprano-1,adieu mon homme,French/FR-Soprano-1/adieu mon homme,0.0
d:\-MindEcho-main\ml_dl_models\gtsinger_multitech\dataset\raw\French\FR-Soprano-1\Breathy\la chanson de la mer\Breathy_Group\0005.wav,0,0.516507,6.123,French,FR-Soprano-1,la chanson de la mer,French/FR-Soprano-1/la chanson de la mer,0.0
d:\-MindEcho-main\ml_dl_models\gtsinger_multitech\dataset\raw\Chinese\ZH-Tenor-1\Mixed_Voice_and_Falsetto\想自由\Mixed_Voice_Group\0001.wav,0,0.589706,4.01,Chinese,ZH-Tenor-1,想自由,Chinese/ZH-Tenor-1/想自由,0.0
d:\-MindEcho-main\ml_dl_models\gtsinger_multitech\dataset\raw\French\FR-Tenor-1\Breathy\pourquoi\Control_Group\0002.wav,0,0.470421,4.62,French,FR-Tenor-1,pourquoi,French/FR-Tenor-1/pourquoi,0.0
d:\-MindEcho-main\ml_dl_models\gtsinger_multitech\dataset\raw\Chinese\ZH-Alto-1\Mixed_Voice_and_Falsetto\终于等到你\Control_Group\0007.wav,1,0.349491,4.016,Chinese,ZH-Alto-1,终于等到你,Chinese/ZH-Alto-1/终于等到你,0.31
d:\-MindEcho-main\ml_dl_models\gtsinger_multitech\dataset\raw\French\FR-Soprano-1\Mixed_Voice_and_Falsetto\la gloire a mes genoux\Paired_Speech_Group\0000.wav,0,0.476552,2.947,French,FR-Soprano-1,la gloire a mes genoux,French/FR-Soprano-1/la gloire a mes genoux,0.0
d:\-MindEcho-main\ml_dl_models\gtsinger_multitech\dataset\raw\Chinese\ZH-Tenor-1\Pharyngeal\情歌\Control_Group\0005.wav,1,0.524661,4.138,Chinese,ZH-Tenor-1,情歌,Chinese/ZH-Tenor-1/情歌,0.51
d:\-MindEcho-main\ml_dl_models\gtsinger_multitech\dataset\raw\French\FR-Soprano-1\Mixed_Voice_and_Falsetto\le dernier train\Control_Group\0008.wav,1,0.590876,4.812,French,FR-Soprano-1,le dernier train,French/FR-Soprano-1/le dernier train,0.601
d:\-MindEcho-main\ml_dl_models\gtsinger_multitech\dataset\raw\French\FR-Soprano-1\Breathy\le balcon\Control_Group\0014.wav,1,0.398808,3.913,French,FR-Soprano-1,le balcon,French/FR-Soprano-1/le balcon,0.851
d:\-MindEcho-main\ml_dl_models\gtsinger_multitech\dataset\raw\Chinese\ZH-Alto-1\Pharyngeal\没那么简单\Pharyngeal_Group\0006.wav,1,0.495108,3.795,Chinese,ZH-Alto-1,没那么简单,Chinese/ZH-Alto-1/没那么简单,0.4
d:\-MindEcho-main\ml_dl_models\gtsinger_multitech\dataset\raw\Chinese\ZH-Tenor-1\Vibrato\你给我听好\Vibrato_Group\0000.wav,0,0.183412,1.45,Chinese,ZH-Tenor-1,你给我听好,Chinese/ZH-Tenor-1/你给我听好,0.0
d:\-MindEcho-main\ml_dl_models\gtsinger_multitech\dataset\raw\French\FR-Soprano-1\Breathy\le balcon\Breathy_Group\0003.wav,1,0.875039,9.218,French,FR-Soprano-1,le balcon,French/FR-Soprano-1/le balcon,0.771
d:\-MindEcho-main\ml_dl_models\gtsinger_multitech\dataset\raw\French\FR-Soprano-1\Vibrato\aimer\Paired_Speech_Group\0002.wav,0,0.333245,1.262,French,FR-Soprano-1,aimer,French/FR-Soprano-1/aimer,0.0
d:\-MindEcho-main\ml_dl_models\gtsinger_multitech\dataset\raw\Chinese\ZH-Alto-1\Breathy\越过山丘\Breathy_Group\0019.wav,1,0.416145,3.325,Chinese,ZH-Alto-1,越过山丘,Chinese/ZH-Alto-1/越过山丘,0.49
d:\-MindEcho-main\ml_dl_models\gtsinger_multitech\dataset\raw\Chinese\ZH-Tenor-1\Glissando\大鱼\Control_Group\0013.wav,0,0.519135,3.12,Chinese,ZH-Tenor-1,大鱼,Chinese/ZH-Tenor-1/大鱼,0.0
d:\-MindEcho-main\ml_dl_models\gtsinger_multitech\dataset\raw\Chinese\ZH-Tenor-1\Breathy\不染\Control_Group\0028.wav,0,0.326155,2.12,Chinese,ZH-Tenor-1,不染,Chinese/ZH-Tenor-1/不染,0.0
d:\-MindEcho-main\ml_dl_models\gtsinger_multitech\dataset\raw\French\FR-Soprano-1\Mixed_Voice_and_Falsetto\je vole\Control_Group\0000.wav,1,0.343019,4.368,French,FR-Soprano-1,je vole,French/FR-Soprano-1/je vole,1.36
d:\-MindEcho-main\ml_dl_models\gtsinger_multitech\dataset\raw\French\FR-Soprano-1\Pharyngeal\il aurait suffit\Paired_Speech_Group\0008.wav,0,0.456851,4.611,French,FR-Soprano-1,il aurait suffit,French/FR-Soprano-1/il aurait suffit,0.0
d:\-MindEcho-main\ml_dl_models\gtsinger_multitech\dataset\raw\Chinese\ZH-Alto-1\Mixed_Voice_and_Falsetto\匆匆那年\Falsetto_Group\0014.wav,0,0.56725,3.404,Chinese,ZH-Alto-1,匆匆那年,Chinese/ZH-Alto-1/匆匆那年,0.0
d:\-MindEcho-main\ml_dl_models\gtsinger_multitech\dataset\raw\French\FR-Soprano-1\Glissando\pour la peine\Control_Group\0000.wav,1,0.892193,10.878,French,FR-Soprano-1,pour la peine,French/FR-Soprano-1/pour la peine,0.506
d:\-MindEcho-main\ml_dl_models\gtsinger_multitech\dataset\raw\French\FR-Soprano-1\Vibrato\aimer\Control_Group\0006.wav,0,0.54353,5.032,French,FR-Soprano-1,aimer,French/FR-Soprano-1/aimer,0.0
"d:\-MindEcho-main\ml_dl_models\gtsinger_multitech\dataset\raw\French\FR-Soprano-1\Mixed_Voice_and_Falsetto\t'es beau,t'es beau\Control_Group\0000.wav",0,0.107857,1.547,French,FR-Soprano-1,"t'es beau,t'es beau","French/FR-Soprano-1/t'es beau,t'es beau",0.0
d:\-MindEcho-main\ml_dl_models\gtsinger_multitech\dataset\raw\Chinese\ZH-Alto-1\Breathy\有一种悲伤\Control_Group\0007.wav,0,0.616322,5.06,Chinese,ZH-Alto-1,有一种悲伤,Chinese/ZH-Alto-1/有一种悲伤,0.0
d:\-MindEcho-main\ml_dl_models\gtsinger_multitech\dataset\raw\Chinese\ZH-Alto-1\Vibrato\不再见\Vibrato_Group\0018.wav,0,0.442667,4.165,Chinese,ZH-Alto-1,不再见,Chinese/ZH-Alto-1/不再见,0.0
d:\-MindEcho-main\ml_dl_models\gtsinger_multitech\dataset\raw\Chinese\ZH-Tenor-1\Mixed_Voice_and_Falsetto\残酷月光\Falsetto_Group\0017.wav,0,0.341534,2.36,Chinese,ZH-Tenor-1,残酷月光,Chinese/ZH-Tenor-1/残酷月光,0.0
d:\-MindEcho-main\ml_dl_models\gtsinger_multitech\dataset\raw\Chinese\ZH-Tenor-1\Mixed_Voice_and_Falsetto\演员\Mixed_Voice_Group\0006.wav,1,0.497759,4.998,Chinese,ZH-Tenor-1,演员,Chinese/ZH-Tenor-1/演员,0.395
d:\-MindEcho-main\ml_dl_models\gtsinger_multitech\dataset\raw\French\FR-Tenor-1\Breathy\manon\Control_Group\0012.wav,1,0.110976,1.555,French,FR-Tenor-1,manon,French/FR-Tenor-1/manon,0.73
d:\-MindEcho-main\ml_dl_models\gtsinger_multitech\dataset\raw\Chinese\ZH-Tenor-1\Mixed_Voice_and_Falsetto\走着走着就散了\Mixed_Voice_Group\0003.wav,0,0.406793,2.575,Chinese,ZH-Tenor-1,走着走着就散了,Chinese/ZH-Tenor-1/走着走着就散了,0.0
d:\-MindEcho-main\ml_dl_models\gtsinger_multitech\dataset\raw\Chinese\ZH-Tenor-1\Mixed_Voice_and_Falsetto\演员\Mixed_Voice_Group\0012.wav,0,0.599166,6.106,Chinese,ZH-Tenor-1,演员,Chinese/ZH-Tenor-1/演员,0.0
d:\-MindEcho-main\ml_dl_models\gtsinger_multitech\dataset\raw\French\FR-Tenor-1\Glissando\manon\Control_Group\0005.wav,0,0.453358,10.477,French,FR-Tenor-1,manon,French/FR-Tenor-1/manon,0.0
d:\-MindEcho-main\ml_dl_models\gtsinger_multitech\dataset\raw\French\FR-Soprano-1\Mixed_Voice_and_Falsetto\eviter les roses\Paired_Speech_Group\0005.wav,0,0.541654,3.641,French,FR-Soprano-1,eviter les roses,French/FR-Soprano-1/eviter les roses,0.0
d:\-MindEcho-main\ml_dl_models\gtsinger_multitech\dataset\raw\Chinese\ZH-Tenor-1\Pharyngeal\最初的梦想\Pharyngeal_Group\0010.wav,0,0.468877,3.465,Chinese,ZH-Tenor-1,最初的梦想,Chinese/ZH-Tenor-1/最初的梦想,0.0
d:\-MindEcho-main\ml_dl_models\gtsinger_multitech\dataset\raw\Chinese\ZH-Tenor-1\Glissando\大鱼\Glissando_Group\0004.wav,0,0.296358,1.79,Chinese,ZH-Tenor-1,大鱼,Chinese/ZH-Tenor-1/大鱼,0.0
d:\-MindEcho-main\ml_dl_models\gtsinger_multitech\dataset\raw\Chinese\ZH-Tenor-1\Mixed_Voice_and_Falsetto\情歌\Control_Group\0009.wav,0,0.534738,4.695,Chinese,ZH-Tenor-1,情歌,Chinese/ZH-Tenor-1/情歌,0.0
d:\-MindEcho-main\ml_dl_models\gtsinger_multitech\dataset\raw\Chinese\ZH-Alto-1\Glissando\没那么简单\Glissando_Group\0002.wav,0,0.667405,5.426,Chinese,ZH-Alto-1,没那么简单,Chinese/ZH-Alto-1/没那么简单,0.0
d:\-MindEcho-main\ml_dl_models\gtsinger_multitech\dataset\raw\Chinese\ZH-Tenor-1\Pharyngeal\情歌\Control_Group\0012.wav,0,0.538603,4.702,Chinese,ZH-Tenor-1,情歌,Chinese/ZH-Tenor-1/情歌,0.0
d:\-MindEcho-main\ml_dl_models\gtsinger_multitech\dataset\raw\French\FR-Tenor-1\Glissando\o souverain\Control_Group\0012.wav,1,0.404171,3.663,French,FR-Tenor-1,o souverain,French/FR-Tenor-1/o souverain,0.754
d:\-MindEcho-main\ml_dl_models\gtsinger_multitech\dataset\raw\French\FR-Soprano-1\Glissando\donnez-moi\Glissando_Group\0002.wav,1,0.556954,6.351,French,FR-Soprano-1,donnez-moi,French/FR-Soprano-1/donnez-moi,0.461
d:\-MindEcho-main\ml_dl_models\gtsinger_multitech\dataset\raw\Chinese\ZH-Tenor-1\Pharyngeal\不要忘记我爱你\Control_Group\0014.wav,0,0.567773,4.105,Chinese,ZH-Tenor-1,不要忘记我爱你,Chinese/ZH-Tenor-1/不要忘记我爱你,0.0
d:\-MindEcho-main\ml_dl_models\gtsinger_multitech\dataset\raw\Chinese\ZH-Alto-1\Pharyngeal\老男孩\Control_Group\0003.wav,0,0.197466,1.325,Chinese,ZH-Alto-1,老男孩,Chinese/ZH-Alto-1/老男孩,0.0
d:\-MindEcho-main\ml_dl_models\gtsinger_multitech\dataset\raw\Chinese\ZH-Tenor-1\Pharyngeal\我怀念的\Control_Group\0009.wav,0,0.353383,2.35,Chinese,ZH-Tenor-1,我怀念的,Chinese/ZH-Tenor-1/我怀念的,0.0
d:\-MindEcho-main\ml_dl_models\gtsinger_multitech\dataset\raw\Chinese\ZH-Tenor-1\Breathy\给电影人的情书\Control_Group\0000.wav,0,0.187583,1.42,Chinese,ZH-Tenor-1,给电影人的情书,Chinese/ZH-Tenor-1/给电影人的情书,0.0
d:\-MindEcho-main\ml_dl_models\gtsinger_multitech\dataset\raw\French\FR-Soprano-1\Breathy\la chanson de la mer\Control_Group\0000.wav,0,0.12588,1.216,French,FR-Soprano-1,la chanson de la mer,French/FR-Soprano-1/la chanson de la mer,0.0
d:\-MindEcho-main\ml_dl_models\gtsinger_multitech\dataset\raw\Chinese\ZH-Tenor-1\Mixed_Voice_and_Falsetto\偏爱\Mixed_Voice_Group\0017.wav,0,0.181233,1.337,Chinese,ZH-Tenor-1,偏爱,Chinese/ZH-Tenor-1/偏爱,0.0
d:\-MindEcho-main\ml_dl_models\gtsinger_multitech\dataset\raw\French\FR-Tenor-1\Breathy\manon\Paired_Speech_Group\0012.wav,0,0.489755,2.916,French,FR-Tenor-1,manon,French/FR-Tenor-1/manon,0.0
d:\-MindEcho-main\ml_dl_models\gtsinger_multitech\dataset\raw\French\FR-Soprano-1\Breathy\les passagers du vent\Breathy_Group\0010.wav,0,0.612861,9.087,French,FR-Soprano-1,les passagers du vent,French/FR-Soprano-1/les passagers du vent,0.0
d:\-MindEcho-main\ml_dl_models\gtsinger_multitech\dataset\raw\Chinese\ZH-Alto-1\Mixed_Voice_and_Falsetto\化身孤岛的鲸\Control_Group\0005.wav,1,0.669411,10.57,Chinese,ZH-Alto-1,化身孤岛的鲸,Chinese/ZH-Alto-1/化身孤岛的鲸,0.56
d:\-MindEcho-main\ml_dl_models\gtsinger_multitech\dataset\raw\French\FR-Tenor-1\Breathy\Lafleur\Breathy_Group\0001.wav,1,0.390855,7.197,French,FR-Tenor-1,Lafleur,French/FR-Tenor-1/Lafleur,0.761
d:\-MindEcho-main\ml_dl_models\gtsinger_multitech\dataset\raw\Chinese\ZH-Alto-1\Vibrato\贝加尔湖畔\Control_Group\0007.wav,0,0.499708,4.275,Chinese,ZH-Alto-1,贝加尔湖畔,Chinese/ZH-Alto-1/贝加尔湖畔,0.0
d:\-MindEcho-main\ml_dl_models\gtsinger_multitech\dataset\raw\Chinese\ZH-Tenor-1\Mixed_Voice_and_Falsetto\想自由\Control_Group\0002.wav,0,0.277863,1.82,Chinese,ZH-Tenor-1,想自由,Chinese/ZH-Tenor-1/想自由,0.0
d:\-MindEcho-main\ml_dl_models\gtsinger_multitech\dataset\raw\Chinese\ZH-Tenor-1\Mixed_Voice_and_Falsetto\走着走着就散了\Mixed_Voice_Group\0006.wav,0,0.407132,2.74,Chinese,ZH-Tenor-1,走着走着就散了,Chinese/ZH-Tenor-1/走着走着就散了,0.0
d:\-MindEcho-main\ml_dl_models\gtsinger_multitech\dataset\raw\French\FR-Tenor-1\Glissando\o souverain\Glissando_Group\0010.wav,0,0.588538,5.428,French,FR-Tenor-1,o souverain,French/FR-Tenor-1/o souverain,0.0
d:\-MindEcho-main\ml_dl_models\gtsinger_multitech\dataset\raw\Chinese\ZH-Tenor-1\Mixed_Voice_and_Falsetto\倒带\Mixed_Voice_Group\0018.wav,1,0.478107,3.385,Chinese,ZH-Tenor-1,倒带,Chinese/ZH-Tenor-1/倒带,0.55
d:\-MindEcho-main\ml_dl_models\gtsinger_multitech\dataset\raw\Chinese\ZH-Tenor-1\Mixed_Voice_and_Falsetto\后来\Mixed_Voice_Group\0001.wav,1,0.256206,4.025,Chinese,ZH-Tenor-1,后来,Chinese/ZH-Tenor-1/后来,0.77
d:\-MindEcho-main\ml_dl_models\gtsinger_multitech\dataset\raw\French\FR-Soprano-1\Glissando\donnez-moi\Glissando_Group\0000.wav,1,0.911953,14.816,French,FR-Soprano-1,donnez-moi,French/FR-Soprano-1/donnez-moi,2.861
d:\-MindEcho-main\ml_dl_models\gtsinger_multitech\dataset\raw\French\FR-Soprano-1\Mixed_Voice_and_Falsetto\violet snow\Falsetto_Group\0003.wav,1,0.472387,10.8,French,FR-Soprano-1,violet snow,French/FR-Soprano-1/violet snow,0.291
d:\-MindEcho-main\ml_dl_models\gtsinger_multitech\dataset\raw\French\FR-Soprano-1\Pharyngeal\je ne sais pas choisir\Pharyngeal_Group\0004.wav,1,0.932599,17.584,French,FR-Soprano-1,je ne sais pas choisir,French/FR-Soprano-1/je ne sais pas choisir,0.441
d:\-MindEcho-main\ml_dl_models\gtsinger_multitech\dataset\raw\Chinese\ZH-Alto-1\Mixed_Voice_and_Falsetto\剑伤\Falsetto_Group\0005.wav,0,0.456494,3.578,Chinese,ZH-Alto-1,剑伤,Chinese/ZH-Alto-1/剑伤,0.0
d:\-MindEcho-main\ml_dl_models\gtsinger_multitech\dataset\raw\Chinese\ZH-Tenor-1\Mixed_Voice_and_Falsetto\想自由\Falsetto_Group\0012.wav,1,0.441654,5.715,Chinese,ZH-Tenor-1,想自由,Chinese/ZH-Tenor-1/想自由,3.07
d:\-MindEcho-main\ml_dl_models\gtsinger_multitech\dataset\raw\Chinese\ZH-Alto-1\Mixed_Voice_and_Falsetto\剑伤\Control_Group\0007.wav,0,0.167036,1.283,Chinese,ZH-Alto-1,剑伤,Chinese/ZH-Alto-1/剑伤,0.0
d:\-MindEcho-main\ml_dl_models\gtsinger_multitech\dataset\raw\Chinese\ZH-Alto-1\Glissando\她说\Glissando_Group\0009.wav,1,0.408576,2.525,Chinese,ZH-Alto-1,她说,Chinese/ZH-Alto-1/她说,0.37
d:\-MindEcho-main\ml_dl_models\gtsinger_multitech\dataset\raw\Chinese\ZH-Alto-1\Mixed_Voice_and_Falsetto\青花瓷\Mixed_Voice_Group\0003.wav,0,0.484892,3.37,Chinese,ZH-Alto-1,青花瓷,Chinese/ZH-Alto-1/青花瓷,0.0
d:\-MindEcho-main\ml_dl_models\gtsinger_multitech\dataset\raw\French\FR-Soprano-1\Vibrato\eden eden\Control_Group\0013.wav,1,0.584959,7.976,French,FR-Soprano-1,eden eden,French/FR-Soprano-1/eden eden,0.125
d:\-MindEcho-main\ml_dl_models\gtsinger_multitech\dataset\raw\French\FR-Soprano-1\Mixed_Voice_and_Falsetto\eviter les roses\Mixed_Voice_Group\0002.wav,0,0.197598,2.075,French,FR-Soprano-1,eviter les roses,French/FR-Soprano-1/eviter les roses,0.0
d:\-MindEcho-main\ml_dl_models\gtsinger_multitech\dataset\raw\Chinese\ZH-Alto-1\Mixed_Voice_and_Falsetto\老男孩\Falsetto_Group\0015.wav,0,0.135317,1.264,Chinese,ZH-Alto-1,老男孩,Chinese/ZH-Alto-1/老男孩,0.0
d:\-MindEcho-main\ml_dl_models\gtsinger_multitech\dataset\raw\Chinese\ZH-Alto-1\Mixed_Voice_and_Falsetto\匆匆那年\Control_Group\0005.wav,0,0.134112,1.435,Chinese,ZH-Alto-1,匆匆那年,Chinese/ZH-Alto-1/匆匆那年,0.0
d:\-MindEcho-main\ml_dl_models\gtsinger_multitech\dataset\raw\Chinese\ZH-Tenor-1\Glissando\传奇\Glissando_Group\0016.wav,0,0.459112,3.61,Chinese,ZH-Tenor-1,传奇,Chinese/ZH-Tenor-1/传奇,0.0
d:\-MindEcho-main\ml_dl_models\gtsinger_multitech\dataset\raw\Chinese\ZH-Alto-1\Vibrato\好久不见\Control_Group\0009.wav,0,0.218701,1.97,Chinese,ZH-Alto-1,好久不见,Chinese/ZH-Alto-1/好久不见,0.0
d:\-MindEcho-main\ml_dl_models\gtsinger_multitech\dataset\raw\Chinese\ZH-Alto-1\Mixed_Voice_and_Falsetto\可乐\Mixed_Voice_Group\0010.wav,1,0.540025,4.25,Chinese,ZH-Alto-1,可乐,Chinese/ZH-Alto-1/可乐,0.42
d:\-MindEcho-main\ml_dl_models\gtsinger_multitech\dataset\raw\Chinese\ZH-Alto-1\Breathy\温柔\Breathy_Group\0016.wav,0,0.168379,1.235,Chinese,ZH-Alto-1,温柔,Chinese/ZH-Alto-1/温柔,0.0
d:\-MindEcho-main\ml_dl_models\gtsinger_multitech\dataset\raw\Chinese\ZH-Tenor-1\Mixed_Voice_and_Falsetto\老男孩\Falsetto_Group\0001.wav,0,0.176,1.32,Chinese,ZH-Tenor-1,老男孩,Chinese/ZH-Tenor-1/老男孩,0.0
d:\-MindEcho-main\ml_dl_models\gtsinger_multitech\dataset\raw\French\FR-Soprano-1\Mixed_Voice_and_Falsetto\mustang cabriolet\Paired_Speech_Group\0012.wav,0,0.531773,2.067,French,FR-Soprano-1,mustang cabriolet,French/FR-Soprano-1/mustang cabriolet,0.0
d:\-MindEcho-main\ml_dl_models\gtsinger_multitech\dataset\raw\Chinese\ZH-Alto-1\Mixed_Voice_and_Falsetto\青花瓷\Falsetto_Group\0006.wav,1,0.70549,4.755,Chinese,ZH-Alto-1,青花瓷,Chinese/ZH-Alto-1/青花瓷,0.51
d:\-MindEcho-main\ml_dl_models\gtsinger_multitech\dataset\raw\French\FR-Tenor-1\Glissando\Les Marionnettes\Glissando_Group\0003.wav,0,0.12405,1.695,French,FR-Tenor-1,Les Marionnettes,French/FR-Tenor-1/Les Marionnettes,0.0
d:\-MindEcho-main\ml_dl_models\gtsinger_multitech\dataset\raw\Chinese\ZH-Tenor-1\Breathy\会呼吸的痛\Control_Group\0002.wav,0,0.247826,1.995,Chinese,ZH-Tenor-1,会呼吸的痛,Chinese/ZH-Tenor-1/会呼吸的痛,0.0
d:\-MindEcho-main\ml_dl_models\gtsinger_multitech\dataset\raw\Chinese\ZH-Tenor-1\Mixed_Voice_and_Falsetto\我的歌声里\Falsetto_Group\0008.wav,0,0.535503,3.62,Chinese,ZH-Tenor-1,我的歌声里,Chinese/ZH-Tenor-1/我的歌声里,0.0
d:\-MindEcho-main\ml_dl_models\gtsinger_multitech\dataset\raw\Chinese\ZH-Alto-1\Mixed_Voice_and_Falsetto\剑伤\Falsetto_Group\0002.wav,0,0.202605,1.4,Chinese,ZH-Alto-1,剑伤,Chinese/ZH-Alto-1/剑伤,0.0
d:\-MindEcho-main\ml_dl_models\gtsinger_multitech\dataset\raw\Chinese\ZH-Tenor-1\Breathy\不染\Control_Group\0011.wav,0,0.21762,1.445,Chinese,ZH-Tenor-1,不染,Chinese/ZH-Tenor-1/不染,0.0
d:\-MindEcho-main\ml_dl_models\gtsinger_multitech\dataset\raw\Chinese\ZH-Tenor-1\Breathy\传奇\Control_Group\0012.wav,0,0.113428,1.605,Chinese,ZH-Tenor-1,传奇,Chinese/ZH-Tenor-1/传奇,0.0
d:\-MindEcho-main\ml_dl_models\gtsinger_multitech\dataset\raw\Chinese\ZH-Tenor-1\Mixed_Voice_and_Falsetto\崇拜\Control_Group\0007.wav,1,0.575492,3.48,Chinese,ZH-Tenor-1,崇拜,Chinese/ZH-Tenor-1/崇拜,0.46
d:\-MindEcho-main\ml_dl_models\gtsinger_multitech\dataset\raw\Chinese\ZH-Alto-1\Breathy\不再见\Control_Group\0007.wav,1,0.505711,3.985,Chinese,ZH-Alto-1,不再见,Chinese/ZH-Alto-1/不再见,0.49
d:\-MindEcho-main\ml_dl_models\gtsinger_multitech\dataset\raw\Chinese\ZH-Tenor-1\Mixed_Voice_and_Falsetto\全世界谁倾听你\Falsetto_Group\0006.wav,0,0.433332,4.16,Chinese,ZH-Tenor-1,全世界谁倾听你,Chinese/ZH-Tenor-1/全世界谁倾听你,0.0
d:\-MindEcho-main\ml_dl_models\gtsinger_multitech\dataset\raw\Chinese\ZH-Tenor-1\Glissando\大鱼\Glissando_Group\0008.wav,0,0.505783,4.81,Chinese,ZH-Tenor-1,大鱼,Chinese/ZH-Tenor-1/大鱼,0.0
d:\-MindEcho-main\ml_dl_models\gtsinger_multitech\dataset\raw\French\FR-Soprano-1\Pharyngeal\comment dire\Control_Group\0006.wav,1,0.811456,13.706,French,FR-Soprano-1,comment dire,French/FR-Soprano-1/comment dire,0.237
d:\-MindEcho-main\ml_dl_models\gtsinger_multitech\dataset\raw\Chinese\ZH-Tenor-1\Mixed_Voice_and_Falsetto\倒带\Control_Group\0024.wav,0,0.519954,4.56,Chinese,ZH-Tenor-1,倒带,Chinese/ZH-Tenor-1/倒带,0.0
d:\-MindEcho-main\ml_dl_models\gtsinger_multitech\dataset\raw\Chinese\ZH-Tenor-1\Pharyngeal\雨爱\Control_Group\0001.wav,1,0.382426,3.09,Chinese,ZH-Tenor-1,雨爱,Chinese/ZH-Tenor-1/雨爱,0.3
d:\-MindEcho-main\ml_dl_models\gtsinger_multitech\dataset\raw\Chinese\ZH-Alto-1\Pharyngeal\不为谁而作的歌\Control_Group\0009.wav,1,0.309371,2.41,Chinese,ZH-Alto-1,不为谁而作的歌,Chinese/ZH-Alto-1/不为谁而作的歌,0.28
d:\-MindEcho-main\ml_dl_models\gtsinger_multitech\dataset\raw\French\FR-Soprano-1\Mixed_Voice_and_Falsetto\vivre a en crever\Mixed_Voice_Group\0004.wav,0,0.325428,2.929,French,FR-Soprano-1,vivre a en crever,French/FR-Soprano-1/vivre a en crever,0.0
d:\-MindEcho-main\ml_dl_models\gtsinger_multitech\dataset\raw\Chinese\ZH-Tenor-1\Glissando\给电影人的情书\Glissando_Group\0010.wav,1,0.499634,5.915,Chinese,ZH-Tenor-1,给电影人的情书,Chinese/ZH-Tenor-1/给电影人的情书,0.35
d:\-MindEcho-main\ml_dl_models\gtsinger_multitech\dataset\raw\Chinese\ZH-Alto-1\Breathy\温柔\Breathy_Group\0011.wav,1,0.492095,3.735,Chinese,ZH-Alto-1,温柔,Chinese/ZH-Alto-1/温柔,0.57
d:\-MindEcho-main\ml_dl_models\gtsinger_multitech\dataset\raw\Chinese\ZH-Alto-1\Mixed_Voice_and_Falsetto\剑伤\Falsetto_Group\0008.wav,0,0.618171,5.205,Chinese,ZH-Alto-1,剑伤,Chinese/ZH-Alto-1/剑伤,0.0
d:\-MindEcho-main\ml_dl_models\gtsinger_multitech\dataset\raw\French\FR-Soprano-1\Mixed_Voice_and_Falsetto\vivre a en crever\Mixed_Voice_Group\0001.wav,0,0.375571,4.518,French,FR-Soprano-1,vivre a en crever,French/FR-Soprano-1/vivre a en crever,0.0
d:\-MindEcho-main\ml_dl_models\gtsinger_multitech\dataset\raw\Chinese\ZH-Tenor-1\Vibrato\知足\Control_Group\0001.wav,1,0.490078,5.68,Chinese,ZH-Tenor-1,知足,Chinese/ZH-Tenor-1/知足,0.68
d:\-MindEcho-main\ml_dl_models\gtsinger_multitech\dataset\raw\Chinese\ZH-Tenor-1\Glissando\传奇\Glissando_Group\0007.wav,1,0.323543,2.611,Chinese,ZH-Tenor-1,传奇,Chinese/ZH-Tenor-1/传奇,0.178
d:\-MindEcho-main\ml_dl_models\gtsinger_multitech\dataset\raw\French\FR-Soprano-1\Mixed_Voice_and_Falsetto\eviter les roses\Paired_Speech_Group\0000.wav,0,0.531679,4.028,French,FR-Soprano-1,eviter les roses,French/FR-Soprano-1/eviter les roses,0.0
d:\-MindEcho-main\ml_dl_models\gtsinger_multitech\dataset\raw\Chinese\ZH-Tenor-1\Glissando\倒带\Glissando_Group\0008.wav,1,0.483028,3.429,Chinese,ZH-Tenor-1,倒带,Chinese/ZH-Tenor-1/倒带,0.439
d:\-MindEcho-main\ml_dl_models\gtsinger_multitech\dataset\raw\Chinese\ZH-Tenor-1\Mixed_Voice_and_Falsetto\偏爱\Control_Group\0012.wav,1,0.713933,5.78,Chinese,ZH-Tenor-1,偏爱,Chinese/ZH-Tenor-1/偏爱,0.33
d:\-MindEcho-main\ml_dl_models\gtsinger_multitech\dataset\raw\French\FR-Soprano-1\Vibrato\les oiseaux\Vibrato_Group\0007.wav,0,0.532509,7.21,French,FR-Soprano-1,les oiseaux,French/FR-Soprano-1/les oiseaux,0.0
"d:\-MindEcho-main\ml_dl_models\gtsinger_multitech\dataset\raw\French\FR-Soprano-1\Mixed_Voice_and_Falsetto\t'es beau,t'es beau\Falsetto_Group\0005.wav",0,0.155215,1.434,French,FR-Soprano-1,"t'es beau,t'es beau","French/FR-Soprano-1/t'es beau,t'es beau",0.0
d:\-MindEcho-main\ml_dl_models\gtsinger_multitech\dataset\raw\Chinese\ZH-Alto-1\Breathy\可乐\Control_Group\0012.wav,0,0.594758,5.162,Chinese,ZH-Alto-1,可乐,Chinese/ZH-Alto-1/可乐,0.0
d:\-MindEcho-main\ml_dl_models\gtsinger_multitech\dataset\raw\Chinese\ZH-Tenor-1\Breathy\传奇\Control_Group\0015.wav,0,0.172507,1.28,Chinese,ZH-Tenor-1,传奇,Chinese/ZH-Tenor-1/传奇,0.0
d:\-MindEcho-main\ml_dl_models\gtsinger_multitech\dataset\raw\Chinese\ZH-Tenor-1\Mixed_Voice_and_Falsetto\青花瓷\Control_Group\0007.wav,1,0.234937,2.285,Chinese,ZH-Tenor-1,青花瓷,Chinese/ZH-Tenor-1/青花瓷,0.43
d:\-MindEcho-main\ml_dl_models\gtsinger_multitech\dataset\raw\French\FR-Soprano-1\Glissando\on m'appelle heidi\Paired_Speech_Group\0001.wav,0,0.56901,5.327,French,FR-Soprano-1,on m'appelle heidi,French/FR-Soprano-1/on m'appelle heidi,0.0
d:\-MindEcho-main\ml_dl_models\gtsinger_multitech\dataset\raw\Chinese\ZH-Tenor-1\Glissando\大鱼\Control_Group\0013.wav,0,0.207987,1.25,Chinese,ZH-Tenor-1,大鱼,Chinese/ZH-Tenor-1/大鱼,0.0
d:\-MindEcho-main\ml_dl_models\gtsinger_multitech\dataset\raw\Chinese\ZH-Tenor-1\Glissando\残酷月光\Control_Group\0006.wav,1,0.611977,6.285,Chinese,ZH-Tenor-1,残酷月光,Chinese/ZH-Tenor-1/残酷月光,0.33
d:\-MindEcho-main\ml_dl_models\gtsinger_multitech\dataset\raw\Chinese\ZH-Tenor-1\Mixed_Voice_and_Falsetto\终于等到你\Control_Group\0016.wav,0,0.415068,3.03,Chinese,ZH-Tenor-1,终于等到你,Chinese/ZH-Tenor-1/终于等到你,0.0
d:\-MindEcho-main\ml_dl_models\gtsinger_multitech\dataset\raw\Chinese\ZH-Tenor-1\Pharyngeal\情歌\Control_Group\0005.wav,0,0.271776,2.143,Chinese,ZH-Tenor-1,情歌,Chinese/ZH-Tenor-1/情歌,0.0
d:\-MindEcho-main\ml_dl_models\gtsinger_multitech\dataset\raw\Chinese\ZH-Alto-1\Breathy\越过山丘\Breathy_Group\0015.wav,0,0.530111,3.926,Chinese,ZH-Alto-1,越过山丘,Chinese/ZH-Alto-1/越过山丘,0.0
d:\-MindEcho-main\ml_dl_models\gtsinger_multitech\dataset\raw\French\FR-Soprano-1\Glissando\dingdong\Control_Group\0008.wav,0,0.132682,1.44,French,FR-Soprano-1,dingdong,French/FR-Soprano-1/dingdong,0.0
d:\-MindEcho-main\ml_dl_models\gtsinger_multitech\dataset\raw\Chinese\ZH-Tenor-1\Mixed_Voice_and_Falsetto\偏爱\Falsetto_Group\0007.wav,1,0.330474,3.198,Chinese,ZH-Tenor-1,偏爱,Chinese/ZH-Tenor-1/偏爱,0.372
d:\-MindEcho-main\ml_dl_models\gtsinger_multitech\dataset\raw\French\FR-Soprano-1\Vibrato\les oiseaux\Vibrato_Group\0007.wav,1,0.705446,9.552,French,FR-Soprano-1,les oiseaux,French/FR-Soprano-1/les oiseaux,0.411
d:\-MindEcho-main\ml_dl_models\gtsinger_multitech\dataset\raw\Chinese\ZH-Tenor-1\Mixed_Voice_and_Falsetto\末班车\Falsetto_Group\0006.wav,1,0.434879,3.94,Chinese,ZH-Tenor-1,末班车,Chinese/ZH-Tenor-1/末班车,0.76
d:\-MindEcho-main\ml_dl_models\gtsinger_multitech\dataset\raw\Chinese\ZH-Alto-1\Breathy\不再见\Breathy_Group\0002.wav,0,0.221863,1.715,Chinese,ZH-Alto-1,不再见,Chinese/ZH-Alto-1/不再见,0.0
d:\-MindEcho-main\ml_dl_models\gtsinger_multitech\dataset\raw\Chinese\ZH-Alto-1\Glissando\奇妙能力歌\Control_Group\0009.wav,1,0.431732,3.415,Chinese,ZH-Alto-1,奇妙能力歌,Chinese/ZH-Alto-1/奇妙能力歌,0.45
d:\-MindEcho-main\ml_dl_models\gtsinger_multitech\dataset\raw\Chinese\ZH-Tenor-1\Glissando\我的歌声里\Glissando_Group\0005.wav,1,0.240853,1.58,Chinese,ZH-Tenor-1,我的歌声里,Chinese/ZH-Tenor-1/我的歌声里,0.42
d:\-MindEcho-main\ml_dl_models\gtsinger_multitech\dataset\raw\Chinese\ZH-Alto-1\Mixed_Voice_and_Falsetto\奇妙能力歌\Falsetto_Group\0002.wav,0,0.626534,5.1,Chinese,ZH-Alto-1,奇妙能力歌,Chinese/ZH-Alto-1/奇妙能力歌,0.0
d:\-MindEcho-main\ml_dl_models\gtsinger_multitech\dataset\raw\Chinese\ZH-Tenor-1\Vibrato\你给我听好\Control_Group\0007.wav,0,0.640334,6.128,Chinese,ZH-Tenor-1,你给我听好,Chinese/ZH-Tenor-1/你给我听好,0.0
d:\-MindEcho-main\ml_dl_models\gtsinger_multitech\dataset\raw\French\FR-Tenor-1\Breathy\manon\Breathy_Group\0010.wav,1,0.516773,7.241,French,FR-Tenor-1,manon,French/FR-Tenor-1/manon,0.12
d:\-MindEcho-main\ml_dl_models\gtsinger_multitech\dataset\raw\French\FR-Soprano-1\Breathy\le balcon\Breathy_Group\0009.wav,1,0.365162,3.034,French,FR-Soprano-1,le balcon,French/FR-Soprano-1/le balcon,0.509
d:\-MindEcho-main\ml_dl_models\gtsinger_multitech\dataset\raw\Chinese\ZH-Tenor-1\Pharyngeal\传奇\Pharyngeal_Group\0008.wav,0,0.65203,7.87,Chinese,ZH-Tenor-1,传奇,Chinese/ZH-Tenor-1/传奇,0.0
d:\-MindEcho-main\ml_dl_models\gtsinger_multitech\dataset\raw\Chinese\ZH-Alto-1\Breathy\江南\Breathy_Group\0009.wav,1,0.37414,5.44,Chinese,ZH-Alto-1,江南,Chinese/ZH-Alto-1/江南,0.48
d:\-MindEcho-main\ml_dl_models\gtsinger_multitech\dataset\raw\Chinese\ZH-Alto-1\Glissando\平凡的一天\Control_Group\0003.wav,0,0.424257,3.42,Chinese,ZH-Alto-1,平凡的一天,Chinese/ZH-Alto-1/平凡的一天,0.0
d:\-MindEcho-main\ml_dl_models\gtsinger_multitech\dataset\raw\Chinese\ZH-Tenor-1\Breathy\平凡的一天\Breathy_Group\0013.wav,1,0.330546,2.965,Chinese,ZH-Tenor-1,平凡的一天,Chinese/ZH-Tenor-1/平凡的一天,0.89
d:\-MindEcho-main\ml_dl_models\gtsinger_multitech\dataset\raw\French\FR-Soprano-1\Pharyngeal\vivre a en crever\Control_Group\0001.wav,0,0.648072,5.361,French,FR-Soprano-1,vivre a en crever,French/FR-Soprano-1/vivre a en crever,0.0
d:\-MindEcho-main\ml_dl_models\gtsinger_multitech\dataset\raw\Chinese\ZH-Alto-1\Mixed_Voice_and_Falsetto\演员\Falsetto_Group\0010.wav,0,0.130104,1.37,Chinese,ZH-Alto-1,演员,Chinese/ZH-Alto-1/演员,0.0
d:\-MindEcho-main\ml_dl_models\gtsinger_multitech\dataset\raw\Chinese\ZH-Alto-1\Mixed_Voice_and_Falsetto\可乐\Falsetto_Group\0004.wav,0,0.21875,1.435,Chinese,ZH-Alto-1,可乐,Chinese/ZH-Alto-1/可乐,0.0
d:\-MindEcho-main\ml_dl_models\gtsinger_multitech\dataset\raw\French\FR-Soprano-1\Mixed_Voice_and_Falsetto\je vole\Mixed_Voice_Group\0002.wav,0,0.223005,1.627,French,FR-Soprano-1,je vole,French/FR-Soprano-1/je vole,0.0
d:\-MindEcho-main\ml_dl_models\gtsinger_multitech\dataset\raw\Chinese\ZH-Alto-1\Mixed_Voice_and_Falsetto\南山南\Mixed_Voice_Group\0000.wav,1,0.495985,3.705,Chinese,ZH-Alto-1,南山南,Chinese/ZH-Alto-1/南山南,0.33
d:\-MindEcho-main\ml_dl_models\gtsinger_multitech\dataset\raw\French\FR-Soprano-1\Breathy\le balcon\Breathy_Group\0012.wav,0,0.224784,1.901,French,FR-Soprano-1,le balcon,French/FR-Soprano-1/le balcon,0.0
d:\-MindEcho-main\ml_dl_models\gtsinger_multitech\dataset\raw\Chinese\ZH-Tenor-1\Mixed_Voice_and_Falsetto\后来\Falsetto_Group\0005.wav,0,0.114286,1.84,Chinese,ZH-Tenor-1,后来,Chinese/ZH-Tenor-1/后来,0.0
d:\-MindEcho-main\ml_dl_models\gtsinger_multitech\dataset\raw\French\FR-Soprano-1\Mixed_Voice_and_Falsetto\mustang cabriolet\Falsetto_Group\0006.wav,1,0.386437,4.886,French,FR-Soprano-1,mustang cabriolet,French/FR-Soprano-1/mustang cabriolet,0.651
d:\-MindEcho-main\ml_dl_models\gtsinger_multitech\dataset\raw\Chinese\ZH-Tenor-1\Mixed_Voice_and_Falsetto\听海\Falsetto_Group\0002.wav,0,0.180389,1.205,Chinese,ZH-Tenor-1,听海,Chinese/ZH-Tenor-1/听海,0.0
d:\-MindEcho-main\ml_dl_models\gtsinger_multitech\dataset\raw\Chinese\ZH-Tenor-1\Mixed_Voice_and_Falsetto\老男孩\Falsetto_Group\0011.wav,0,0.205607,1.32,Chinese,ZH-Tenor-1,老男孩,Chinese/ZH-Tenor-1/老男孩,0.0
d:\-MindEcho-main\ml_dl_models\gtsinger_multitech\dataset\raw\French\FR-Soprano-1\Mixed_Voice_and_Falsetto\magic boul'vard\Falsetto_Group\0008.wav,1,0.49179,5.181,French,FR-Soprano-1,magic boul'vard,French/FR-Soprano-1/magic boul'vard,1.263
d:\-MindEcho-main\ml_dl_models\gtsinger_multitech\dataset\raw\Chinese\ZH-Alto-1\Pharyngeal\说谎\Control_Group\0004.wav,0,0.567332,6.252,Chinese,ZH-Alto-1,说谎,Chinese/ZH-Alto-1/说谎,0.0
d:\-MindEcho-main\ml_dl_models\gtsinger_multitech\dataset\raw\French\FR-Soprano-1\Breathy\a la vie comme a la mort\Control_Group\0001.wav,1,0.267073,3.946,French,FR-Soprano-1,a la vie comme a la mort,French/FR-Soprano-1/a la vie comme a la mort,0.85
d:\-MindEcho-main\ml_dl_models\gtsinger_multitech\dataset\raw\Chinese\ZH-Tenor-1\Pharyngeal\不为谁而作的歌\Pharyngeal_Group\0005.wav,0,0.161099,1.302,Chinese,ZH-Tenor-1,不为谁而作的歌,Chinese/ZH-Tenor-1/不为谁而作的歌,0.0
d:\-MindEcho-main\ml_dl_models\gtsinger_multitech\dataset\raw\Chinese\ZH-Tenor-1\Mixed_Voice_and_Falsetto\平凡之路\Control_Group\0008.wav,0,0.530686,4.41,Chinese,ZH-Tenor-1,平凡之路,Chinese/ZH-Tenor-1/平凡之路,0.0
d:\-MindEcho-main\ml_dl_models\gtsinger_multitech\dataset\raw\French\FR-Tenor-1\Glissando\ouvre\Glissando_Group\0007.wav,0,0.130649,1.671,French,FR-Tenor-1,ouvre,French/FR-Tenor-1/ouvre,0.0
d:\-MindEcho-main\ml_dl_models\gtsinger_multitech\dataset\raw\French\FR-Soprano-1\Pharyngeal\la terre\Control_Group\0000.wav,0,0.430381,5.316,French,FR-Soprano-1,la terre,French/FR-Soprano-1/la terre,0.0
d:\-MindEcho-main\ml_dl_models\gtsinger_multitech\dataset\raw\French\FR-Soprano-1\Breathy\le balcon\Breathy_Group\0011.wav,0,0.174323,2.032,French,FR-Soprano-1,le balcon,French/FR-Soprano-1/le balcon,0.0
d:\-MindEcho-main\ml_dl_models\gtsinger_multitech\dataset\raw\French\FR-Soprano-1\Breathy\soleil solleil\Breathy_Group\0010.wav,0,0.141092,1.456,French,FR-Soprano-1,soleil solleil,French/FR-Soprano-1/soleil solleil,0.0
d:\-MindEcho-main\ml_dl_models\gtsinger_multitech\dataset\raw\Chinese\ZH-Alto-1\Breathy\温柔\Control_Group\0010.wav,0,0.407483,2.995,Chinese,ZH-Alto-1,温柔,Chinese/ZH-Alto-1/温柔,0.0
d:\-MindEcho-main\ml_dl_models\gtsinger_multitech\dataset\raw\Chinese\ZH-Alto-1\Mixed_Voice_and_Falsetto\逆光\Mixed_Voice_Group\0003.wav,1,0.528156,5.815,Chinese,ZH-Alto-1,逆光,Chinese/ZH-Alto-1/逆光,0.35
d:\-MindEcho-main\ml_dl_models\gtsinger_multitech\dataset\raw\French\FR-Soprano-1\Pharyngeal\il aurait suffit\Control_Group\0004.wav,1,0.864575,8.553,French,FR-Soprano-1,il aurait suffit,French/FR-Soprano-1/il aurait suffit,0.616
d:\-MindEcho-main\ml_dl_models\gtsinger_multitech\dataset\raw\French\FR-Soprano-1\Breathy\la famillle que l'on a choisie\Breathy_Group\0001.wav,1,0.515598,4.793,French,FR-Soprano-1,la famillle que l'on a choisie,French/FR-Soprano-1/la famillle que l'on a choisie,0.868
d:\-MindEcho-main\ml_dl_models\gtsinger_multitech\dataset\raw\Chinese\ZH-Tenor-1\Pharyngeal\不为谁而作的歌\Control_Group\0006.wav,1,0.507962,3.19,Chinese,ZH-Tenor-1,不为谁而作的歌,Chinese/ZH-Tenor-1/不为谁而作的歌,0.19
d:\-MindEcho-main\ml_dl_models\gtsinger_multitech\dataset\raw\Chinese\ZH-Tenor-1\Mixed_Voice_and_Falsetto\终于等到你\Falsetto_Group\0002.wav,1,0.476461,2.935,Chinese,ZH-Tenor-1,终于等到你,Chinese/ZH-Tenor-1/终于等到你,0.83
d:\-MindEcho-main\ml_dl_models\gtsinger_multitech\dataset\raw\Chinese\ZH-Tenor-1\Glissando\大鱼\Control_Group\0007.wav,0,0.414315,4.11,Chinese,ZH-Tenor-1,大鱼,Chinese/ZH-Tenor-1/大鱼,0.0
d:\-MindEcho-main\ml_dl_models\gtsinger_multitech\dataset\raw\Chinese\ZH-Alto-1\Mixed_Voice_and_Falsetto\桃花诺\Control_Group\0006.wav,0,0.148148,1.28,Chinese,ZH-Alto-1,桃花诺,Chinese/ZH-Alto-1/桃花诺,0.0
d:\-MindEcho-main\ml_dl_models\gtsinger_multitech\dataset\raw\Chinese\ZH-Tenor-1\Breathy\不染\Control_Group\0010.wav,0,0.61037,4.12,Chinese,ZH-Tenor-1,不染,Chinese/ZH-Tenor-1/不染,0.0
d:\-MindEcho-main\ml_dl_models\gtsinger_multitech\dataset\raw\French\FR-Soprano-1\Mixed_Voice_and_Falsetto\magic boul'vard\Falsetto_Group\0012.wav,1,0.455044,4.312,French,FR-Soprano-1,magic boul'vard,French/FR-Soprano-1/magic boul'vard,0.342
d:\-MindEcho-main\ml_dl_models\gtsinger_multitech\dataset\raw\Chinese\ZH-Alto-1\Pharyngeal\默\Control_Group\0005.wav,0,0.260667,2.346,Chinese,ZH-Alto-1,默,Chinese/ZH-Alto-1/默,0.0
d:\-MindEcho-main\ml_dl_models\gtsinger_multitech\dataset\raw\Chinese\ZH-Alto-1\Mixed_Voice_and_Falsetto\终于等到你\Control_Group\0001.wav,1,0.537151,3.846,Chinese,ZH-Alto-1,终于等到你,Chinese/ZH-Alto-1/终于等到你,0.408
d:\-MindEcho-main\ml_dl_models\gtsinger_multitech\dataset\raw\Chinese\ZH-Tenor-1\Vibrato\后会无期\Vibrato_Group\0005.wav,1,0.63867,6.559,Chinese,ZH-Tenor-1,后会无期,Chinese/ZH-Tenor-1/后会无期,0.343
d:\-MindEcho-main\ml_dl_models\gtsinger_multitech\dataset\raw\Chinese\ZH-Alto-1\Mixed_Voice_and_Falsetto\逆光\Mixed_Voice_Group\0003.wav,1,0.256585,2.825,Chinese,ZH-Alto-1,逆光,Chinese/ZH-Alto-1/逆光,0.33
d:\-MindEcho-main\ml_dl_models\gtsinger_multitech\dataset\raw\Chinese\ZH-Tenor-1\Mixed_Voice_and_Falsetto\倒带\Falsetto_Group\0006.wav,0,0.516743,3.395,Chinese,ZH-Tenor-1,倒带,Chinese/ZH-Tenor-1/倒带,0.0
d:\-MindEcho-main\ml_dl_models\gtsinger_multitech\dataset\raw\Chinese\ZH-Tenor-1\Mixed_Voice_and_Falsetto\最初的梦想\Falsetto_Group\0013.wav,0,0.421623,6.025,Chinese,ZH-Tenor-1,最初的梦想,Chinese/ZH-Tenor-1/最初的梦想,0.0
d:\-MindEcho-main\ml_dl_models\gtsinger_multitech\dataset\raw\Chinese\ZH-Tenor-1\Breathy\平凡的一天\Breathy_Group\0013.wav,0,0.543478,4.875,Chinese,ZH-Tenor-1,平凡的一天,Chinese/ZH-Tenor-1/平凡的一天,0.0
d:\-MindEcho-main\ml_dl_models\gtsinger_multitech\dataset\raw\French\FR-Soprano-1\Breathy\anxiete\Breathy_Group\0001.wav,0,0.124905,1.474,French,FR-Soprano-1,anxiete,French/FR-Soprano-1/anxiete,0.0
d:\-MindEcho-main\ml_dl_models\gtsinger_multitech\dataset\raw\Chinese\ZH-Tenor-1\Mixed_Voice_and_Falsetto\最初的梦想\Falsetto_Group\0010.wav,0,0.170054,1.255,Chinese,ZH-Tenor-1,最初的梦想,Chinese/ZH-Tenor-1/最初的梦想,0.0
d:\-MindEcho-main\ml_dl_models\gtsinger_multitech\dataset\raw\Chinese\ZH-Tenor-1\Mixed_Voice_and_Falsetto\想自由\Control_Group\0011.wav,1,0.413897,2.74,Chinese,ZH-Tenor-1,想自由,Chinese/ZH-Tenor-1/想自由,0.44
d:\-MindEcho-main\ml_dl_models\gtsinger_multitech\dataset\raw\Chinese\ZH-Tenor-1\Breathy\化身孤岛的鲸\Breathy_Group\0007.wav,0,0.180191,1.51,Chinese,ZH-Tenor-1,化身孤岛的鲸,Chinese/ZH-Tenor-1/化身孤岛的鲸,0.0
d:\-MindEcho-main\ml_dl_models\gtsinger_multitech\dataset\raw\French\FR-Soprano-1\Mixed_Voice_and_Falsetto\magic boul'vard\Control_Group\0010.wav,0,0.654178,8.486,French,FR-Soprano-1,magic boul'vard,French/FR-Soprano-1/magic boul'vard,0.0
d:\-MindEcho-main\ml_dl_models\gtsinger_multitech\dataset\raw\Chinese\ZH-Alto-1\Vibrato\贝加尔湖畔\Vibrato_Group\0004.wav,0,0.150217,1.248,Chinese,ZH-Alto-1,贝加尔湖畔,Chinese/ZH-Alto-1/贝加尔湖畔,0.0
d:\-MindEcho-main\ml_dl_models\gtsinger_multitech\dataset\raw\Chinese\ZH-Tenor-1\Mixed_Voice_and_Falsetto\残酷月光\Control_Group\0013.wav,0,0.181579,1.24,Chinese,ZH-Tenor-1,残酷月光,Chinese/ZH-Tenor-1/残酷月光,0.0
d:\-MindEcho-main\ml_dl_models\gtsinger_multitech\dataset\raw\Chinese\ZH-Tenor-1\Vibrato\我真的受伤了\Vibrato_Group\0000.wav,1,0.261573,3.04,Chinese,ZH-Tenor-1,我真的受伤了,Chinese/ZH-Tenor-1/我真的受伤了,0.76
d:\-MindEcho-main\ml_dl_models\gtsinger_multitech\dataset\raw\Chinese\ZH-Tenor-1\Mixed_Voice_and_Falsetto\听海\Falsetto_Group\0000.wav,0,0.568356,3.7,Chinese,ZH-Tenor-1,听海,Chinese/ZH-Tenor-1/听海,0.0
d:\-MindEcho-main\ml_dl_models\gtsinger_multitech\dataset\raw\Chinese\ZH-Tenor-1\Pharyngeal\我怀念的\Control_Group\0011.wav,1,0.668135,4.55,Chinese,ZH-Tenor-1,我怀念的,Chinese/ZH-Tenor-1/我怀念的,0.3
d:\-MindEcho-main\ml_dl_models\gtsinger_multitech\dataset\raw\Chinese\ZH-Tenor-1\Mixed_Voice_and_Falsetto\全世界谁倾听你\Falsetto_Group\0003.wav,1,0.451382,4.41,Chinese,ZH-Tenor-1,全世界谁倾听你,Chinese/ZH-Tenor-1/全世界谁倾听你,0.44
d:\-MindEcho-main\ml_dl_models\gtsinger_multitech\dataset\raw\French\FR-Soprano-1\Mixed_Voice_and_Falsetto\chez moi\Mixed_Voice_Group\0005.wav,0,0.491202,7.454,French,FR-Soprano-1,chez moi,French/FR-Soprano-1/chez moi,0.0
d:\-MindEcho-main\ml_dl_models\gtsinger_multitech\dataset\raw\French\FR-Soprano-1\Glissando\la fuite\Control_Group\0002.wav,0,0.560805,5.626,French,FR-Soprano-1,la fuite,French/FR-Soprano-1/la fuite,0.0
d:\-MindEcho-main\ml_dl_models\gtsinger_multitech\dataset\raw\Chinese\ZH-Tenor-1\Pharyngeal\情歌\Pharyngeal_Group\0006.wav,0,0.510699,3.58,Chinese,ZH-Tenor-1,情歌,Chinese/ZH-Tenor-1/情歌,0.0
d:\-MindEcho-main\ml_dl_models\gtsinger_multitech\dataset\raw\Chinese\ZH-Tenor-1\Breathy\和你一样\Breathy_Group\0002.wav,1,0.504125,5.5,Chinese,ZH-Tenor-1,和你一样,Chinese/ZH-Tenor-1/和你一样,0.5
d:\-MindEcho-main\ml_dl_models\gtsinger_multitech\dataset\raw\French\FR-Tenor-1\Glissando\ouvre\Paired_Speech_Group\0006.wav,0,0.442898,1.877,French,FR-Tenor-1,ouvre,French/FR-Tenor-1/ouvre,0.0
d:\-MindEcho-main\ml_dl_models\gtsinger_multitech\dataset\raw\Chinese\ZH-Tenor-1\Breathy\和你一样\Control_Group\0002.wav,1,0.500457,5.48,Chinese,ZH-Tenor-1,和你一样,Chinese/ZH-Tenor-1/和你一样,0.4
d:\-MindEcho-main\ml_dl_models\gtsinger_multitech\dataset\raw\French\FR-Soprano-1\Breathy\la famillle que l'on a choisie\Control_Group\0004.wav,1,0.38892,6.503,French,FR-Soprano-1,la famillle que l'on a choisie,French/FR-Soprano-1/la famillle que l'on a choisie,0.58
d:\-MindEcho-main\ml_dl_models\gtsinger_multitech\dataset\raw\Chinese\ZH-Tenor-1\Mixed_Voice_and_Falsetto\走着走着就散了\Mixed_Voice_Group\0010.wav,0,0.476815,4.73,Chinese,ZH-Tenor-1,走着走着就散了,Chinese/ZH-Tenor-1/走着走着就散了,0.0
d:\-MindEcho-main\ml_dl_models\gtsinger_multitech\dataset\raw\French\FR-Soprano-1\Pharyngeal\il aurait suffit\Paired_Speech_Group\0008.wav,0,0.127316,1.285,French,FR-Soprano-1,il aurait suffit,French/FR-Soprano-1/il aurait suffit,0.0
d:\-MindEcho-main\ml_dl_models\gtsinger_multitech\dataset\raw\Chinese\ZH-Tenor-1\Breathy\平凡的一天\Control_Group\0005.wav,1,0.298441,2.68,Chinese,ZH-Tenor-1,平凡的一天,Chinese/ZH-Tenor-1/平凡的一天,2.26
d:\-MindEcho-main\ml_dl_models\gtsinger_multitech\dataset\raw\French\FR-Soprano-1\Mixed_Voice_and_Falsetto\la gloire a mes genoux\Control_Group\0000.wav,1,0.551356,4.938,French,FR-Soprano-1,la gloire a mes genoux,French/FR-Soprano-1/la gloire a mes genoux,0.111
d:\-MindEcho-main\ml_dl_models\gtsinger_multitech\dataset\raw\French\FR-Soprano-1\Vibrato\les oiseaux\Control_Group\0002.wav,0,0.34714,4.182,French,FR-Soprano-1,les oiseaux,French/FR-Soprano-1/les oiseaux,0.0
d:\-MindEcho-main\ml_dl_models\gtsinger_multitech\dataset\raw\Chinese\ZH-Tenor-1\Mixed_Voice_and_Falsetto\江南\Control_Group\0001.wav,0,0.219494,1.475,Chinese,ZH-Tenor-1,江南,Chinese/ZH-Tenor-1/江南,0.0
d:\-MindEcho-main\ml_dl_models\gtsinger_multitech\dataset\raw\Chinese\ZH-Tenor-1\Glissando\残酷月光\Glissando_Group\0006.wav,0,0.144596,1.485,Chinese,ZH-Tenor-1,残酷月光,Chinese/ZH-Tenor-1/残酷月光,0.0
d:\-MindEcho-main\ml_dl_models\gtsinger_multitech\dataset\raw\Chinese\ZH-Tenor-1\Glissando\给电影人的情书\Glissando_Group\0013.wav,0,0.156214,1.37,Chinese,ZH-Tenor-1,给电影人的情书,Chinese/ZH-Tenor-1/给电影人的情书,0.0
d:\-MindEcho-main\ml_dl_models\gtsinger_multitech\dataset\raw\French\FR-Soprano-1\Mixed_Voice_and_Falsetto\eviter les roses\Mixed_Voice_Group\0002.wav,0,0.549475,5.771,French,FR-Soprano-1,eviter les roses,French/FR-Soprano-1/eviter les roses,0.0
d:\-MindEcho-main\ml_dl_models\gtsinger_multitech\dataset\raw\Chinese\ZH-Tenor-1\Breathy\平凡的一天\Control_Group\0011.wav,1,0.584684,4.695,Chinese,ZH-Tenor-1,平凡的一天,Chinese/ZH-Tenor-1/平凡的一天,0.25
d:\-MindEcho-main\ml_dl_models\gtsinger_multitech\dataset\raw\Chinese\ZH-Alto-1\Mixed_Voice_and_Falsetto\我的歌声里\Falsetto_Group\0017.wav,0,0.564448,3.985,Chinese,ZH-Alto-1,我的歌声里,Chinese/ZH-Alto-1/我的歌声里,0.0
d:\-MindEcho-main\ml_dl_models\gtsinger_multitech\dataset\raw\Chinese\ZH-Tenor-1\Glissando\传奇\Glissando_Group\0017.wav,0,0.167203,1.455,Chinese,ZH-Tenor-1,传奇,Chinese/ZH-Tenor-1/传奇,0.0
d:\-MindEcho-main\ml_dl_models\gtsinger_multitech\dataset\raw\French\FR-Tenor-1\Breathy\manon\Paired_Speech_Group\0014.wav,0,0.294667,1.845,French,FR-Tenor-1,manon,French/FR-Tenor-1/manon,0.0
d:\-MindEcho-main\ml_dl_models\gtsinger_multitech\dataset\raw\Chinese\ZH-Tenor-1\Breathy\我真的受伤了\Breathy_Group\0006.wav,1,0.516722,6.18,Chinese,ZH-Tenor-1,我真的受伤了,Chinese/ZH-Tenor-1/我真的受伤了,0.82
d:\-MindEcho-main\ml_dl_models\gtsinger_multitech\dataset\raw\Chinese\ZH-Tenor-1\Mixed_Voice_and_Falsetto\过火\Control_Group\0021.wav,0,0.221202,1.325,Chinese,ZH-Tenor-1,过火,Chinese/ZH-Tenor-1/过火,0.0
d:\-MindEcho-main\ml_dl_models\gtsinger_multitech\dataset\raw\Chinese\ZH-Alto-1\Mixed_Voice_and_Falsetto\化身孤岛的鲸\Mixed_Voice_Group\0000.wav,0,0.542038,4.255,Chinese,ZH-Alto-1,化身孤岛的鲸,Chinese/ZH-Alto-1/化身孤岛的鲸,0.0
d:\-MindEcho-main\ml_dl_models\gtsinger_multitech\dataset\raw\Chinese\ZH-Tenor-1\Mixed_Voice_and_Falsetto\末班车\Control_Group\0002.wav,1,0.312566,2.96,Chinese,ZH-Tenor-1,末班车,Chinese/ZH-Tenor-1/末班车,0.44
d:\-MindEcho-main\ml_dl_models\gtsinger_multitech\dataset\raw\Chinese\ZH-Alto-1\Glissando\温柔\Glissando_Group\0007.wav,0,0.467644,3.25,Chinese,ZH-Alto-1,温柔,Chinese/ZH-Alto-1/温柔,0.0
d:\-MindEcho-main\ml_dl_models\gtsinger_multitech\dataset\raw\Chinese\ZH-Alto-1\Glissando\平凡的一天\Control_Group\0000.wav,1,0.567985,4.595,Chinese,ZH-Alto-1,平凡的一天,Chinese/ZH-Alto-1/平凡的一天,0.35
d:\-MindEcho-main\ml_dl_models\gtsinger_multitech\dataset\raw\Chinese\ZH-Tenor-1\Mixed_Voice_and_Falsetto\后来\Control_Group\0012.wav,1,0.138911,1.785,Chinese,ZH-Tenor-1,后来,Chinese/ZH-Tenor-1/后来,0.41
d:\-MindEcho-main\ml_dl_models\gtsinger_multitech\dataset\raw\Chinese\ZH-Alto-1\Mixed_Voice_and_Falsetto\我的歌声里\Mixed_Voice_Group\0002.wav,0,0.492647,3.015,Chinese,ZH-Alto-1,我的歌声里,Chinese/ZH-Alto-1/我的歌声里,0.0
d:\-MindEcho-main\ml_dl_models\gtsinger_multitech\dataset\raw\Chinese\ZH-Tenor-1\Vibrato\终于等到你\Control_Group\0001.wav,0,0.732648,5.7,Chinese,ZH-Tenor-1,终于等到你,Chinese/ZH-Tenor-1/终于等到你,0.0
d:\-MindEcho-main\ml_dl_models\gtsinger_multitech\dataset\raw\French\FR-Soprano-1\Breathy\soleil solleil\Control_Group\0006.wav,1,0.754767,7.602,French,FR-Soprano-1,soleil solleil,French/FR-Soprano-1/soleil solleil,0.24
d:\-MindEcho-main\ml_dl_models\gtsinger_multitech\dataset\raw\French\FR-Soprano-1\Mixed_Voice_and_Falsetto\magic boul'vard\Falsetto_Group\0002.wav,1,0.444235,7.006,French,FR-Soprano-1,magic boul'vard,French/FR-Soprano-1/magic boul'vard,2.159
d:\-MindEcho-main\ml_dl_models\gtsinger_multitech\dataset\raw\French\FR-Soprano-1\Breathy\le balcon\Breathy_Group\0004.wav,0,0.600449,5.622,French,FR-Soprano-1,le balcon,French/FR-Soprano-1/le balcon,0.0
d:\-MindEcho-main\ml_dl_models\gtsinger_multitech\dataset\raw\French\FR-Soprano-1\Mixed_Voice_and_Falsetto\violet snow\Control_Group\0007.wav,0,0.103953,1.226,French,FR-Soprano-1,violet snow,French/FR-Soprano-1/violet snow,0.0
d:\-MindEcho-main\ml_dl_models\gtsinger_multitech\dataset\raw\French\FR-Soprano-1\Glissando\pour la peine\Glissando_Group\0000.wav,1,0.892241,10.831,French,FR-Soprano-1,pour la peine,French/FR-Soprano-1/pour la peine,0.611
d:\-MindEcho-main\ml_dl_models\gtsinger_multitech\dataset\raw\Chinese\ZH-Alto-1\Glissando\没那么简单\Glissando_Group\0000.wav,1,0.357483,3.074,Chinese,ZH-Alto-1,没那么简单,Chinese/ZH-Alto-1/没那么简单,0.31
d:\-MindEcho-main\ml_dl_models\gtsinger_multitech\dataset\raw\French\FR-Tenor-1\Breathy\Lafleur\Breathy_Group\0001.wav,0,0.101087,1.861,French,FR-Tenor-1,Lafleur,French/FR-Tenor-1/Lafleur,0.0
d:\-MindEcho-main\ml_dl_models\gtsinger_multitech\dataset\raw\Chinese\ZH-Alto-1\Glissando\平凡的一天\Control_Group\0005.wav,0,0.528193,4.946,Chinese,ZH-Alto-1,平凡的一天,Chinese/ZH-Alto-1/平凡的一天,0.0
d:\-MindEcho-main\ml_dl_models\gtsinger_multitech\dataset\raw\Chinese\ZH-Alto-1\Vibrato\年轮\Vibrato_Group\0009.wav,0,0.145553,1.62,Chinese,ZH-Alto-1,年轮,Chinese/ZH-Alto-1/年轮,0.0
d:\-MindEcho-main\ml_dl_models\gtsinger_multitech\dataset\raw\French\FR-Soprano-1\Vibrato\eden eden\Control_Group\0015.wav,1,0.564917,8.968,French,FR-Soprano-1,eden eden,French/FR-Soprano-1/eden eden,0.123
d:\-MindEcho-main\ml_dl_models\gtsinger_multitech\dataset\raw\Chinese\ZH-Tenor-1\Breathy\会呼吸的痛\Breathy_Group\0012.wav,1,0.394039,3.405,Chinese,ZH-Tenor-1,会呼吸的痛,Chinese/ZH-Tenor-1/会呼吸的痛,0.569
d:\-MindEcho-main\ml_dl_models\gtsinger_multitech\dataset\raw\Chinese\ZH-Tenor-1\Mixed_Voice_and_Falsetto\青花瓷\Mixed_Voice_Group\0002.wav,1,0.495916,4.25,Chinese,ZH-Tenor-1,青花瓷,Chinese/ZH-Tenor-1/青花瓷,0.46
d:\-MindEcho-main\ml_dl_models\gtsinger_multitech\dataset\raw\French\FR-Soprano-1\Mixed_Voice_and_Falsetto\comment deja\Falsetto_Group\0001.wav,1,0.373419,3.601,French,FR-Soprano-1,comment deja,French/FR-Soprano-1/comment deja,0.499
d:\-MindEcho-main\ml_dl_models\gtsinger_multitech\dataset\raw\Chinese\ZH-Tenor-1\Mixed_Voice_and_Falsetto\倒带\Falsetto_Group\0023.wav,1,0.510549,3.63,Chinese,ZH-Tenor-1,倒带,Chinese/ZH-Tenor-1/倒带,0.3
d:\-MindEcho-main\ml_dl_models\gtsinger_multitech\dataset\raw\French\FR-Soprano-1\Breathy\a la vie comme a la mort\Control_Group\0001.wav,1,0.081218,0.482,French,FR-Soprano-1,a la vie comme a la mort,French/FR-Soprano-1/a la vie comme a la mort,0.141
d:\-MindEcho-main\ml_dl_models\gtsinger_multitech\dataset\raw\Chinese\ZH-Tenor-1\Pharyngeal\全世界谁倾听你\Pharyngeal_Group\0004.wav,1,0.507645,4.98,Chinese,ZH-Tenor-1,全世界谁倾听你,Chinese/ZH-Tenor-1/全世界谁倾听你,0.36
d:\-MindEcho-main\ml_dl_models\gtsinger_multitech\dataset\raw\Chinese\ZH-Tenor-1\Mixed_Voice_and_Falsetto\演员\Falsetto_Group\0000.wav,0,0.141648,1.439,Chinese,ZH-Tenor-1,演员,Chinese/ZH-Tenor-1/演员,0.0
d:\-MindEcho-main\ml_dl_models\gtsinger_multitech\dataset\raw\Chinese\ZH-Tenor-1\Glissando\不染\Glissando_Group\0024.wav,0,0.444818,2.914,Chinese,ZH-Tenor-1,不染,Chinese/ZH-Tenor-1/不染,0.0
d:\-MindEcho-main\ml_dl_models\gtsinger_multitech\dataset\raw\French\FR-Tenor-1\Glissando\avant\Control_Group\0003.wav,1,0.91949,14.726,French,FR-Tenor-1,avant,French/FR-Tenor-1/avant,0.359
d:\-MindEcho-main\ml_dl_models\gtsinger_multitech\dataset\raw\French\FR-Soprano-1\Breathy\le balcon\Control_Group\0013.wav,0,0.180993,1.596,French,FR-Soprano-1,le balcon,French/FR-Soprano-1/le balcon,0.0
d:\-MindEcho-main\ml_dl_models\gtsinger_multitech\dataset\raw\Chinese\ZH-Tenor-1\Mixed_Voice_and_Falsetto\全世界谁倾听你\Falsetto_Group\0015.wav,1,0.40012,3.345,Chinese,ZH-Tenor-1,全世界谁倾听你,Chinese/ZH-Tenor-1/全世界谁倾听你,0.27
d:\-MindEcho-main\ml_dl_models\gtsinger_multitech\dataset\raw\Chinese\ZH-Tenor-1\Mixed_Voice_and_Falsetto\崇拜\Mixed_Voice_Group\0006.wav,0,0.386949,2.372,Chinese,ZH-Tenor-1,崇拜,Chinese/ZH-Tenor-1/崇拜,0.0
d:\-MindEcho-main\ml_dl_models\gtsinger_multitech\dataset\raw\Chinese\ZH-Tenor-1\Vibrato\你给我听好\Vibrato_Group\0002.wav,1,0.50535,4.061,Chinese,ZH-Tenor-1,你给我听好,Chinese/ZH-Tenor-1/你给我听好,1.67
d:\-MindEcho-main\ml_dl_models\gtsinger_multitech\dataset\raw\Chinese\ZH-Tenor-1\Breathy\传奇\Breathy_Group\0003.wav,1,0.229472,3.13,Chinese,ZH-Tenor-1,传奇,Chinese/ZH-Tenor-1/传奇,0.38
d:\-MindEcho-main\ml_dl_models\gtsinger_multitech\dataset\raw\French\FR-Soprano-1\Breathy\la famillle que l'on a choisie\Control_Group\0003.wav,0,0.612008,7.048,French,FR-Soprano-1,la famillle que l'on a choisie,French/FR-Soprano-1/la famillle que l'on a choisie,0.0
d:\-MindEcho-main\ml_dl_models\gtsinger_multitech\dataset\raw\Chinese\ZH-Tenor-1\Breathy\给电影人的情书\Breathy_Group\0005.wav,1,0.80733,7.104,Chinese,ZH-Tenor-1,给电影人的情书,Chinese/ZH-Tenor-1/给电影人的情书,0.309
d:\-MindEcho-main\ml_dl_models\gtsinger_multitech\dataset\raw\Chinese\ZH-Tenor-1\Glissando\不染\Glissando_Group\0000.wav,0,0.225317,1.44,Chinese,ZH-Tenor-1,不染,Chinese/ZH-Tenor-1/不染,0.0
d:\-MindEcho-main\ml_dl_models\gtsinger_multitech\dataset\raw\Chinese\ZH-Alto-1\Pharyngeal\隐形的翅膀\Control_Group\0001.wav,1,0.305749,2.18,Chinese,ZH-Alto-1,隐形的翅膀,Chinese/ZH-Alto-1/隐形的翅膀,0.4
d:\-MindEcho-main\ml_dl_models\gtsinger_multitech\dataset\raw\Chinese\ZH-Alto-1\Mixed_Voice_and_Falsetto\后来\Mixed_Voice_Group\0000.wav,1,0.639931,5.465,Chinese,ZH-Alto-1,后来,Chinese/ZH-Alto-1/后来,0.35
d:\-MindEcho-main\ml_dl_models\gtsinger_multitech\dataset\raw\French\FR-Soprano-1\Vibrato\aimer\Paired_Speech_Group\0001.wav,0,0.582405,5.093,French,FR-Soprano-1,aimer,French/FR-Soprano-1/aimer,0.0
d:\-MindEcho-main\ml_dl_models\gtsinger_multitech\dataset\raw\Chinese\ZH-Alto-1\Mixed_Voice_and_Falsetto\老男孩\Mixed_Voice_Group\0019.wav,0,0.459604,3.015,Chinese,ZH-Alto-1,老男孩,Chinese/ZH-Alto-1/老男孩,0.0
d:\-MindEcho-main\ml_dl_models\gtsinger_multitech\dataset\raw\Chinese\ZH-Tenor-1\Pharyngeal\最初的梦想\Pharyngeal_Group\0008.wav,1,0.315947,2.635,Chinese,ZH-Tenor-1,最初的梦想,Chinese/ZH-Tenor-1/最初的梦想,0.25
"d:\-MindEcho-main\ml_dl_models\gtsinger_multitech\dataset\raw\French\FR-Soprano-1\Mixed_Voice_and_Falsetto\t'es beau,t'es beau\Control_Group\0001.wav",0,0.106017,1.308,French,FR-Soprano-1,"t'es beau,t'es beau","French/FR-Soprano-1/t'es beau,t'es beau",0.0
d:\-MindEcho-main\ml_dl_models\gtsinger_multitech\dataset\raw\French\FR-Soprano-1\Vibrato\aimer\Vibrato_Group\0003.wav,0,0.321709,2.708,French,FR-Soprano-1,aimer,French/FR-Soprano-1/aimer,0.0
d:\-MindEcho-main\ml_dl_models\gtsinger_multitech\dataset\raw\Chinese\ZH-Tenor-1\Mixed_Voice_and_Falsetto\残酷月光\Mixed_Voice_Group\0018.wav,1,0.379307,3.853,Chinese,ZH-Tenor-1,残酷月光,Chinese/ZH-Tenor-1/残酷月光,0.33
d:\-MindEcho-main\ml_dl_models\gtsinger_multitech\dataset\raw\Chinese\ZH-Tenor-1\Mixed_Voice_and_Falsetto\老男孩\Mixed_Voice_Group\0016.wav,0,0.2128,1.33,Chinese,ZH-Tenor-1,老男孩,Chinese/ZH-Tenor-1/老男孩,0.0
"d:\-MindEcho-main\ml_dl_models\gtsinger_multitech\dataset\raw\French\FR-Soprano-1\Mixed_Voice_and_Falsetto\t'es beau,t'es beau\Control_Group\0002.wav",0,0.507359,6.412,French,FR-Soprano-1,"t'es beau,t'es beau","French/FR-Soprano-1/t'es beau,t'es beau",0.0
d:\-MindEcho-main\ml_dl_models\gtsinger_multitech\dataset\raw\Chinese\ZH-Alto-1\Mixed_Voice_and_Falsetto\演员\Mixed_Voice_Group\0009.wav,1,0.442211,3.52,Chinese,ZH-Alto-1,演员,Chinese/ZH-Alto-1/演员,0.78
d:\-MindEcho-main\ml_dl_models\gtsinger_multitech\dataset\raw\Chinese\ZH-Tenor-1\Vibrato\从前慢\Control_Group\0000.wav,0,0.322726,2.043,Chinese,ZH-Tenor-1,从前慢,Chinese/ZH-Tenor-1/从前慢,0.0
d:\-MindEcho-main\ml_dl_models\gtsinger_multitech\dataset\raw\Chinese\ZH-Tenor-1\Vibrato\你给我听好\Vibrato_Group\0003.wav,0,0.171198,1.7,Chinese,ZH-Tenor-1,你给我听好,Chinese/ZH-Tenor-1/你给我听好,0.0
d:\-MindEcho-main\ml_dl_models\gtsinger_multitech\dataset\raw\Chinese\ZH-Tenor-1\Pharyngeal\全世界谁倾听你\Pharyngeal_Group\0011.wav,0,0.140138,1.215,Chinese,ZH-Tenor-1,全世界谁倾听你,Chinese/ZH-Tenor-1/全世界谁倾听你,0.0
d:\-MindEcho-main\ml_dl_models\gtsinger_multitech\dataset\raw\Chinese\ZH-Alto-1\Pharyngeal\没那么简单\Control_Group\0012.wav,1,0.645379,4.022,Chinese,ZH-Alto-1,没那么简单,Chinese/ZH-Alto-1/没那么简单,0.38
d:\-MindEcho-main\ml_dl_models\gtsinger_multitech\dataset\raw\Chinese\ZH-Tenor-1\Pharyngeal\不为谁而作的歌\Control_Group\0017.wav,0,0.132041,1.39,Chinese,ZH-Tenor-1,不为谁而作的歌,Chinese/ZH-Tenor-1/不为谁而作的歌,0.0
d:\-MindEcho-main\ml_dl_models\gtsinger_multitech\dataset\raw\French\FR-Soprano-1\Breathy\anxiete\Control_Group\0003.wav,1,0.26631,4.71,French,FR-Soprano-1,anxiete,French/FR-Soprano-1/anxiete,0.147
d:\-MindEcho-main\ml_dl_models\gtsinger_multitech\dataset\raw\Chinese\ZH-Alto-1\Pharyngeal\说谎\Pharyngeal_Group\0007.wav,0,0.56258,6.127,Chinese,ZH-Alto-1,说谎,Chinese/ZH-Alto-1/说谎,0.0
d:\-MindEcho-main\ml_dl_models\gtsinger_multitech\dataset\raw\Chinese\ZH-Alto-1\Vibrato\多远都要在一起\Vibrato_Group\0000.wav,1,0.483261,4.475,Chinese,ZH-Alto-1,多远都要在一起,Chinese/ZH-Alto-1/多远都要在一起,0.35
d:\-MindEcho-main\ml_dl_models\gtsinger_multitech\dataset\raw\Chinese\ZH-Alto-1\Pharyngeal\说散就散\Pharyngeal_Group\0002.wav,0,0.499319,3.665,Chinese,ZH-Alto-1,说散就散,Chinese/ZH-Alto-1/说散就散,0.0
d:\-MindEcho-main\ml_dl_models\gtsinger_multitech\dataset\raw\Chinese\ZH-Alto-1\Pharyngeal\听海\Control_Group\0012.wav,0,0.188359,1.343,Chinese,ZH-Alto-1,听海,Chinese/ZH-Alto-1/听海,0.0
d:\-MindEcho-main\ml_dl_models\gtsinger_multitech\dataset\raw\French\FR-Soprano-1\Mixed_Voice_and_Falsetto\violet snow\Mixed_Voice_Group\0005.wav,1,0.787175,7.114,French,FR-Soprano-1,violet snow,French/FR-Soprano-1/violet snow,0.447
d:\-MindEcho-main\ml_dl_models\gtsinger_multitech\dataset\raw\French\FR-Soprano-1\Pharyngeal\lassasymphonie\Control_Group\0009.wav,1,0.549606,6.409,French,FR-Soprano-1,lassasymphonie,French/FR-Soprano-1/lassasymphonie,1.137
d:\-MindEcho-main\ml_dl_models\gtsinger_multitech\dataset\raw\Chinese\ZH-Alto-1\Pharyngeal\你就不要想起我\Control_Group\0006.wav,1,0.439547,3.839,Chinese,ZH-Alto-1,你就不要想起我,Chinese/ZH-Alto-1/你就不要想起我,0.598
d:\-MindEcho-main\ml_dl_models\gtsinger_multitech\dataset\raw\French\FR-Soprano-1\Pharyngeal\lassasymphonie\Paired_Speech_Group\0012.wav,0,0.520733,3.253,French,FR-Soprano-1,lassasymphonie,French/FR-Soprano-1/lassasymphonie,0.0
d:\-MindEcho-main\ml_dl_models\gtsinger_multitech\dataset\raw\Chinese\ZH-Alto-1\Breathy\失落沙洲\Breathy_Group\0006.wav,0,0.671803,4.36,Chinese,ZH-Alto-1,失落沙洲,Chinese/ZH-Alto-1/失落沙洲,0.0
d:\-MindEcho-main\ml_dl_models\gtsinger_multitech\dataset\raw\Chinese\ZH-Alto-1\Mixed_Voice_and_Falsetto\知足\Control_Group\0010.wav,1,0.409523,4.61,Chinese,ZH-Alto-1,知足,Chinese/ZH-Alto-1/知足,0.26
d:\-MindEcho-main\ml_dl_models\gtsinger_multitech\dataset\raw\Chinese\ZH-Tenor-1\Mixed_Voice_and_Falsetto\枫\Control_Group\0006.wav,0,0.130273,1.575,Chinese,ZH-Tenor-1,枫,Chinese/ZH-Tenor-1/枫,0.0
d:\-MindEcho-main\ml_dl_models\gtsinger_multitech\dataset\raw\Chinese\ZH-Alto-1\Pharyngeal\听海\Pharyngeal_Group\0011.wav,0,0.165081,1.492,Chinese,ZH-Alto-1,听海,Chinese/ZH-Alto-1/听海,0.0
d:\-MindEcho-main\ml_dl_models\gtsinger_multitech\dataset\raw\Chinese\ZH-Alto-1\Glissando\没那么简单\Control_Group\0008.wav,0,0.598267,4.867,Chinese,ZH-Alto-1,没那么简单,Chinese/ZH-Alto-1/没那么简单,0.0
d:\-MindEcho-main\ml_dl_models\gtsinger_multitech\dataset\raw\Chinese\ZH-Tenor-1\Vibrato\残酷月光\Vibrato_Group\0010.wav,0,0.354167,2.295,Chinese,ZH-Tenor-1,残酷月光,Chinese/ZH-Tenor-1/残酷月光,0.0
d:\-MindEcho-main\ml_dl_models\gtsinger_multitech\dataset\raw\French\FR-Soprano-1\Pharyngeal\lassasymphonie\Pharyngeal_Group\0014.wav,0,0.204833,2.441,French,FR-Soprano-1,lassasymphonie,French/FR-Soprano-1/lassasymphonie,0.0
d:\-MindEcho-main\ml_dl_models\gtsinger_multitech\dataset\raw\French\FR-Soprano-1\Pharyngeal\je ne sais pas choisir\Pharyngeal_Group\0002.wav,0,0.441691,3.787,French,FR-Soprano-1,je ne sais pas choisir,French/FR-Soprano-1/je ne sais pas choisir,0.0
d:\-MindEcho-main\ml_dl_models\gtsinger_multitech\dataset\raw\Chinese\ZH-Tenor-1\Pharyngeal\最初的梦想\Control_Group\0016.wav,1,0.154897,1.36,Chinese,ZH-Tenor-1,最初的梦想,Chinese/ZH-Tenor-1/最初的梦想,0.28
d:\-MindEcho-main\ml_dl_models\gtsinger_multitech\dataset\raw\Chinese\ZH-Alto-1\Mixed_Voice_and_Falsetto\告白气球\Control_Group\0011.wav,0,0.127173,1.39,Chinese,ZH-Alto-1,告白气球,Chinese/ZH-Alto-1/告白气球,0.0
d:\-MindEcho-main\ml_dl_models\gtsinger_multitech\dataset\raw\Chinese\ZH-Tenor-1\Vibrato\失落沙洲\Vibrato_Group\0003.wav,1,0.542744,3.365,Chinese,ZH-Tenor-1,失落沙洲,Chinese/ZH-Tenor-1/失落沙洲,0.51
d:\-MindEcho-main\ml_dl_models\gtsinger_multitech\dataset\raw\French\FR-Soprano-1\Glissando\on m'appelle heidi\Control_Group\0001.wav,0,0.465277,6.217,French,FR-Soprano-1,on m'appelle heidi,French/FR-Soprano-1/on m'appelle heidi,0.0
d:\-MindEcho-main\ml_dl_models\gtsinger_multitech\dataset\raw\French\FR-Tenor-1\Breathy\o souverain\Breathy_Group\0002.wav,1,0.222548,2.694,French,FR-Tenor-1,o souverain,French/FR-Tenor-1/o souverain,0.155
d:\-MindEcho-main\ml_dl_models\gtsinger_multitech\dataset\raw\Chinese\ZH-Tenor-1\Mixed_Voice_and_Falsetto\老男孩\Falsetto_Group\0010.wav,0,0.215071,1.37,Chinese,ZH-Tenor-1,老男孩,Chinese/ZH-Tenor-1/老男孩,0.0
d:\-MindEcho-main\ml_dl_models\gtsinger_multitech\dataset\raw\Chinese\ZH-Tenor-1\Mixed_Voice_and_Falsetto\最初的梦想\Control_Group\0006.wav,0,0.249307,1.8,Chinese,ZH-Tenor-1,最初的梦想,Chinese/ZH-Tenor-1/最初的梦想,0.0
d:\-MindEcho-main\ml_dl_models\gtsinger_multitech\dataset\raw\Chinese\ZH-Alto-1\Breathy\越过山丘\Control_Group\0006.wav,0,0.630822,4.605,Chinese,ZH-Alto-1,越过山丘,Chinese/ZH-Alto-1/越过山丘,0.0
d:\-MindEcho-main\ml_dl_models\gtsinger_multitech\dataset\raw\Chinese\ZH-Alto-1\Mixed_Voice_and_Falsetto\老男孩\Mixed_Voice_Group\0013.wav,1,0.49927,3.42,Chinese,ZH-Alto-1,老男孩,Chinese/ZH-Alto-1/老男孩,0.7
d:\-MindEcho-main\ml_dl_models\gtsinger_multitech\dataset\raw\Chinese\ZH-Tenor-1\Vibrato\空白格\Vibrato_Group\0002.wav,1,0.488159,5.565,Chinese,ZH-Tenor-1,空白格,Chinese/ZH-Tenor-1/空白格,0.57
d:\-MindEcho-main\ml_dl_models\gtsinger_multitech\dataset\raw\French\FR-Soprano-1\Mixed_Voice_and_Falsetto\mustang cabriolet\Control_Group\0008.wav,1,0.10036,0.5,French,FR-Soprano-1,mustang cabriolet,French/FR-Soprano-1/mustang cabriolet,1.0
d:\-MindEcho-main\ml_dl_models\gtsinger_multitech\dataset\raw\Chinese\ZH-Alto-1\Pharyngeal\崇拜\Pharyngeal_Group\0003.wav,0,0.388929,2.6,Chinese,ZH-Alto-1,崇拜,Chinese/ZH-Alto-1/崇拜,0.0
d:\-MindEcho-main\ml_dl_models\gtsinger_multitech\dataset\raw\French\FR-Soprano-1\Breathy\a la vie comme a la mort\Breathy_Group\0001.wav,1,0.078303,0.45,French,FR-Soprano-1,a la vie comme a la mort,French/FR-Soprano-1/a la vie comme a la mort,0.18
d:\-MindEcho-main\ml_dl_models\gtsinger_multitech\dataset\raw\Chinese\ZH-Alto-1\Mixed_Voice_and_Falsetto\桃花诺\Falsetto_Group\0014.wav,1,0.498126,3.988,Chinese,ZH-Alto-1,桃花诺,Chinese/ZH-Alto-1/桃花诺,0.54
d:\-MindEcho-main\ml_dl_models\gtsinger_multitech\dataset\raw\Chinese\ZH-Alto-1\Mixed_Voice_and_Falsetto\演员\Control_Group\0022.wav,1,0.573059,5.02,Chinese,ZH-Alto-1,演员,Chinese/ZH-Alto-1/演员,0.48
d:\-MindEcho-main\ml_dl_models\gtsinger_multitech\dataset\raw\Chinese\ZH-Tenor-1\Pharyngeal\传奇\Pharyngeal_Group\0012.wav,0,0.59652,7.54,Chinese,ZH-Tenor-1,传奇,Chinese/ZH-Tenor-1/传奇,0.0
d:\-MindEcho-main\ml_dl_models\gtsinger_multitech\dataset\raw\French\FR-Soprano-1\Breathy\la chanson de la mer\Breathy_Group\0003.wav,0,0.406201,3.59,French,FR-Soprano-1,la chanson de la mer,French/FR-Soprano-1/la chanson de la mer,0.0
d:\-MindEcho-main\ml_dl_models\gtsinger_multitech\dataset\raw\French\FR-Soprano-1\Glissando\dingdong\Control_Group\0000.wav,1,0.253795,2.14,French,FR-Soprano-1,dingdong,French/FR-Soprano-1/dingdong,0.14
d:\-MindEcho-main\ml_dl_models\gtsinger_multitech\dataset\raw\Chinese\ZH-Tenor-1\Mixed_Voice_and_Falsetto\终于等到你\Control_Group\0019.wav,0,0.105581,1.514,Chinese,ZH-Tenor-1,终于等到你,Chinese/ZH-Tenor-1/终于等到你,0.0
d:\-MindEcho-main\ml_dl_models\gtsinger_multitech\dataset\raw\Chinese\ZH-Alto-1\Mixed_Voice_and_Falsetto\桃花诺\Control_Group\0012.wav,1,0.540809,4.678,Chinese,ZH-Alto-1,桃花诺,Chinese/ZH-Alto-1/桃花诺,0.356
d:\-MindEcho-main\ml_dl_models\gtsinger_multitech\dataset\raw\Chinese\ZH-Alto-1\Pharyngeal\你就不要想起我\Control_Group\0008.wav,1,0.303009,3.756,Chinese,ZH-Alto-1,你就不要想起我,Chinese/ZH-Alto-1/你就不要想起我,0.413
d:\-MindEcho-main\ml_dl_models\gtsinger_multitech\dataset\raw\Chinese\ZH-Alto-1\Mixed_Voice_and_Falsetto\烟花易冷\Control_Group\0012.wav,0,0.207996,1.514,Chinese,ZH-Alto-1,烟花易冷,Chinese/ZH-Alto-1/烟花易冷,0.0
d:\-MindEcho-main\ml_dl_models\gtsinger_multitech\dataset\raw\Chinese\ZH-Alto-1\Mixed_Voice_and_Falsetto\贝加尔湖畔\Control_Group\0010.wav,0,0.157638,1.345,Chinese,ZH-Alto-1,贝加尔湖畔,Chinese/ZH-Alto-1/贝加尔湖畔,0.0
d:\-MindEcho-main\ml_dl_models\gtsinger_multitech\dataset\raw\Chinese\ZH-Tenor-1\Mixed_Voice_and_Falsetto\过火\Falsetto_Group\0008.wav,0,0.532748,3.335,Chinese,ZH-Tenor-1,过火,Chinese/ZH-Tenor-1/过火,0.0
d:\-MindEcho-main\ml_dl_models\gtsinger_multitech\dataset\raw\Chinese\ZH-Alto-1\Mixed_Voice_and_Falsetto\化身孤岛的鲸\Falsetto_Group\0004.wav,1,0.562282,4.83,Chinese,ZH-Alto-1,化身孤岛的鲸,Chinese/ZH-Alto-1/化身孤岛的鲸,0.48
d:\-MindEcho-main\ml_dl_models\gtsinger_multitech\dataset\raw\Chinese\ZH-Tenor-1\Vibrato\终于等到你\Control_Group\0002.wav,1,0.31892,2.965,Chinese,ZH-Tenor-1,终于等到你,Chinese/ZH-Tenor-1/终于等到你,0.35
d:\-MindEcho-main\ml_dl_models\gtsinger_multitech\dataset\raw\French\FR-Soprano-1\Mixed_Voice_and_Falsetto\magic boul'vard\Control_Group\0008.wav,1,0.883968,9.787,French,FR-Soprano-1,magic boul'vard,French/FR-Soprano-1/magic boul'vard,1.111
d:\-MindEcho-main\ml_dl_models\gtsinger_multitech\dataset\raw\Chinese\ZH-Tenor-1\Mixed_Voice_and_Falsetto\最初的梦想\Mixed_Voice_Group\0004.wav,1,0.602797,8.62,Chinese,ZH-Tenor-1,最初的梦想,Chinese/ZH-Tenor-1/最初的梦想,0.42
d:\-MindEcho-main\ml_dl_models\gtsinger_multitech\dataset\raw\Chinese\ZH-Alto-1\Mixed_Voice_and_Falsetto\烟花易冷\Mixed_Voice_Group\0003.wav,0,0.536096,4.01,Chinese,ZH-Alto-1,烟花易冷,Chinese/ZH-Alto-1/烟花易冷,0.0
d:\-MindEcho-main\ml_dl_models\gtsinger_multitech\dataset\raw\Chinese\ZH-Tenor-1\Mixed_Voice_and_Falsetto\枫\Control_Group\0001.wav,0,0.413669,3.45,Chinese,ZH-Tenor-1,枫,Chinese/ZH-Tenor-1/枫,0.0
d:\-MindEcho-main\ml_dl_models\gtsinger_multitech\dataset\raw\Chinese\ZH-Alto-1\Vibrato\好久不见\Vibrato_Group\0001.wav,1,0.504344,5.805,Chinese,ZH-Alto-1,好久不见,Chinese/ZH-Alto-1/好久不见,0.41
d:\-MindEcho-main\ml_dl_models\gtsinger_multitech\dataset\raw\Chinese\ZH-Tenor-1\Mixed_Voice_and_Falsetto\崇拜\Mixed_Voice_Group\0005.wav,0,0.199004,2.298,Chinese,ZH-Tenor-1,崇拜,Chinese/ZH-Tenor-1/崇拜,0.0
d:\-MindEcho-main\ml_dl_models\gtsinger_multitech\dataset\raw\Chinese\ZH-Tenor-1\Mixed_Voice_and_Falsetto\一次就好\Falsetto_Group\0005.wav,0,0.648448,3.975,Chinese,ZH-Tenor-1,一次就好,Chinese/ZH-Tenor-1/一次就好,0.0
d:\-MindEcho-main\ml_dl_models\gtsinger_multitech\dataset\raw\French\FR-Soprano-1\Pharyngeal\je ne veux pas de toi\Pharyngeal_Group\0002.wav,1,0.651421,6.694,French,FR-Soprano-1,je ne veux pas de toi,French/FR-Soprano-1/je ne veux pas de toi,0.14
d:\-MindEcho-main\ml_dl_models\gtsinger_multitech\dataset\raw\Chinese\ZH-Tenor-1\Mixed_Voice_and_Falsetto\过火\Falsetto_Group\0021.wav,0,0.198234,1.235,Chinese,ZH-Tenor-1,过火,Chinese/ZH-Tenor-1/过火,0.0
d:\-MindEcho-main\ml_dl_models\gtsinger_multitech\dataset\raw\Chinese\ZH-Tenor-1\Vibrato\残酷月光\Control_Group\0005.wav,0,0.333858,2.544,Chinese,ZH-Tenor-1,残酷月光,Chinese/ZH-Tenor-1/残酷月光,0.0
d:\-MindEcho-main\ml_dl_models\gtsinger_multitech\dataset\raw\Chinese\ZH-Tenor-1\Glissando\空白格\Glissando_Group\0002.wav,0,0.203488,1.575,Chinese,ZH-Tenor-1,空白格,Chinese/ZH-Tenor-1/空白格,0.0
d:\-MindEcho-main\ml_dl_models\gtsinger_multitech\dataset\raw\Chinese\ZH-Tenor-1\Vibrato\从前慢\Control_Group\0011.wav,0,0.241725,1.665,Chinese,ZH-Tenor-1,从前慢,Chinese/ZH-Tenor-1/从前慢,0.0
d:\-MindEcho-main\ml_dl_models\gtsinger_multitech\dataset\raw\French\FR-Soprano-1\Mixed_Voice_and_Falsetto\nos ballades\Paired_Speech_Group\0005.wav,0,0.536123,3.703,French,FR-Soprano-1,nos ballades,French/FR-Soprano-1/nos ballades,0.0
d:\-MindEcho-main\ml_dl_models\gtsinger_multitech\dataset\raw\Chinese\ZH-Tenor-1\Pharyngeal\最初的梦想\Pharyngeal_Group\0007.wav,1,0.671348,5.975,Chinese,ZH-Tenor-1,最初的梦想,Chinese/ZH-Tenor-1/最初的梦想,0.21
d:\-MindEcho-main\ml_dl_models\gtsinger_multitech\dataset\raw\French\FR-Soprano-1\Pharyngeal\l'amour\Control_Group\0001.wav,1,0.432801,5.265,French,FR-Soprano-1,l'amour,French/FR-Soprano-1/l'amour,0.576
d:\-MindEcho-main\ml_dl_models\gtsinger_multitech\dataset\raw\Chinese\ZH-Alto-1\Mixed_Voice_and_Falsetto\演员\Falsetto_Group\0013.wav,0,0.567199,6.178,Chinese,ZH-Alto-1,演员,Chinese/ZH-Alto-1/演员,0.0
d:\-MindEcho-main\ml_dl_models\gtsinger_multitech\dataset\raw\French\FR-Soprano-1\Mixed_Voice_and_Falsetto\nos ballades\Mixed_Voice_Group\0000.wav,1,0.402981,4.137,French,FR-Soprano-1,nos ballades,French/FR-Soprano-1/nos ballades,0.432
d:\-MindEcho-main\ml_dl_models\gtsinger_multitech\dataset\raw\Chinese\ZH-Tenor-1\Vibrato\从前慢\Control_Group\0006.wav,0,0.566178,5.022,Chinese,ZH-Tenor-1,从前慢,Chinese/ZH-Tenor-1/从前慢,0.0
d:\-MindEcho-main\ml_dl_models\gtsinger_multitech\dataset\raw\Chinese\ZH-Alto-1\Mixed_Voice_and_Falsetto\演员\Falsetto_Group\0019.wav,1,0.495594,5.23,Chinese,ZH-Alto-1,演员,Chinese/ZH-Alto-1/演员,0.46
d:\-MindEcho-main\ml_dl_models\gtsinger_multitech\dataset\raw\French\FR-Tenor-1\Glissando\Les Marionnettes\Glissando_Group\0002.wav,1,0.913207,12.876,French,FR-Tenor-1,Les Marionnettes,French/FR-Tenor-1/Les Marionnettes,1.9
d:\-MindEcho-main\ml_dl_models\gtsinger_multitech\dataset\raw\French\FR-Soprano-1\Mixed_Voice_and_Falsetto\violet snow\Mixed_Voice_Group\0010.wav,1,0.26753,2.407,French,FR-Soprano-1,violet snow,French/FR-Soprano-1/violet snow,0.501
d:\-MindEcho-main\ml_dl_models\gtsinger_multitech\dataset\raw\French\FR-Soprano-1\Mixed_Voice_and_Falsetto\violet snow\Mixed_Voice_Group\0003.wav,1,0.668338,15.73,French,FR-Soprano-1,violet snow,French/FR-Soprano-1/violet snow,1.238
d:\-MindEcho-main\ml_dl_models\gtsinger_multitech\dataset\raw\French\FR-Tenor-1\Breathy\manon\Breathy_Group\0002.wav,0,0.57831,5.612,French,FR-Tenor-1,manon,French/FR-Tenor-1/manon,0.0
d:\-MindEcho-main\ml_dl_models\gtsinger_multitech\dataset\raw\Chinese\ZH-Alto-1\Glissando\没那么简单\Control_Group\0016.wav,1,0.365254,2.155,Chinese,ZH-Alto-1,没那么简单,Chinese/ZH-Alto-1/没那么简单,0.43
d:\-MindEcho-main\ml_dl_models\gtsinger_multitech\dataset\raw\French\FR-Soprano-1\Vibrato\eden eden\Vibrato_Group\0006.wav,1,0.451613,6.328,French,FR-Soprano-1,eden eden,French/FR-Soprano-1/eden eden,0.806
d:\-MindEcho-main\ml_dl_models\gtsinger_multitech\dataset\raw\French\FR-Tenor-1\Glissando\Les Marionnettes\Control_Group\0008.wav,0,0.429352,3.496,French,FR-Tenor-1,Les Marionnettes,French/FR-Tenor-1/Les Marionnettes,0.0
d:\-MindEcho-main\ml_dl_models\gtsinger_multitech\dataset\raw\French\FR-Soprano-1\Mixed_Voice_and_Falsetto\le dernier train\Control_Group\0010.wav,1,0.257752,2.236,French,FR-Soprano-1,le dernier train,French/FR-Soprano-1/le dernier train,0.19
d:\-MindEcho-main\ml_dl_models\gtsinger_multitech\dataset\raw\Chinese\ZH-Tenor-1\Mixed_Voice_and_Falsetto\偏爱\Falsetto_Group\0012.wav,1,0.72096,5.71,Chinese,ZH-Tenor-1,偏爱,Chinese/ZH-Tenor-1/偏爱,0.34
d:\-MindEcho-main\ml_dl_models\gtsinger_multitech\dataset\raw\Chinese\ZH-Tenor-1\Glissando\画心\Glissando_Group\0010.wav,1,0.614458,4.08,Chinese,ZH-Tenor-1,画心,Chinese/ZH-Tenor-1/画心,0.32
d:\-MindEcho-main\ml_dl_models\gtsinger_multitech\dataset\raw\Chinese\ZH-Alto-1\Mixed_Voice_and_Falsetto\桃花诺\Control_Group\0014.wav,1,0.502127,4.014,Chinese,ZH-Alto-1,桃花诺,Chinese/ZH-Alto-1/桃花诺,0.32
d:\-MindEcho-main\ml_dl_models\gtsinger_multitech\dataset\raw\French\FR-Soprano-1\Pharyngeal\il aurait suffit\Pharyngeal_Group\0005.wav,1,0.64836,5.889,French,FR-Soprano-1,il aurait suffit,French/FR-Soprano-1/il aurait suffit,0.325
d:\-MindEcho-main\ml_dl_models\gtsinger_multitech\dataset\raw\Chinese\ZH-Alto-1\Mixed_Voice_and_Falsetto\青花瓷\Control_Group\0004.wav,0,0.483173,3.015,Chinese,ZH-Alto-1,青花瓷,Chinese/ZH-Alto-1/青花瓷,0.0
d:\-MindEcho-main\ml_dl_models\gtsinger_multitech\dataset\raw\Chinese\ZH-Tenor-1\Glissando\不染\Control_Group\0016.wav,0,0.329945,2.142,Chinese,ZH-Tenor-1,不染,Chinese/ZH-Tenor-1/不染,0.0
d:\-MindEcho-main\ml_dl_models\gtsinger_multitech\dataset\raw\Chinese\ZH-Tenor-1\Vibrato\心动\Control_Group\0005.wav,1,0.514423,3.745,Chinese,ZH-Tenor-1,心动,Chinese/ZH-Tenor-1/心动,0.29
d:\-MindEcho-main\ml_dl_models\gtsinger_multitech\dataset\raw\Chinese\ZH-Tenor-1\Mixed_Voice_and_Falsetto\想自由\Falsetto_Group\0014.wav,0,0.636528,4.002,Chinese,ZH-Tenor-1,想自由,Chinese/ZH-Tenor-1/想自由,0.0
d:\-MindEcho-main\ml_dl_models\gtsinger_multitech\dataset\raw\French\FR-Soprano-1\Glissando\la seine\Control_Group\0000.wav,0,0.126831,1.403,French,FR-Soprano-1,la seine,French/FR-Soprano-1/la seine,0.0
d:\-MindEcho-main\ml_dl_models\gtsinger_multitech\dataset\raw\Chinese\ZH-Alto-1\Pharyngeal\失落沙洲\Control_Group\0004.wav,0,0.155138,1.46,Chinese,ZH-Alto-1,失落沙洲,Chinese/ZH-Alto-1/失落沙洲,0.0
d:\-MindEcho-main\ml_dl_models\gtsinger_multitech\dataset\raw\Chinese\ZH-Tenor-1\Mixed_Voice_and_Falsetto\我的歌声里\Control_Group\0000.wav,1,0.229782,1.79,Chinese,ZH-Tenor-1,我的歌声里,Chinese/ZH-Tenor-1/我的歌声里,0.16
d:\-MindEcho-main\ml_dl_models\gtsinger_multitech\dataset\raw\Chinese\ZH-Alto-1\Mixed_Voice_and_Falsetto\老男孩\Falsetto_Group\0004.wav,0,0.480012,3.734,Chinese,ZH-Alto-1,老男孩,Chinese/ZH-Alto-1/老男孩,0.0
d:\-MindEcho-main\ml_dl_models\gtsinger_multitech\dataset\raw\Chinese\ZH-Tenor-1\Mixed_Voice_and_Falsetto\讲真的\Falsetto_Group\0009.wav,0,0.278727,1.795,Chinese,ZH-Tenor-1,讲真的,Chinese/ZH-Tenor-1/讲真的,0.0
d:\-MindEcho-main\ml_dl_models\gtsinger_multitech\dataset\raw\Chinese\ZH-Alto-1\Vibrato\贝加尔湖畔\Vibrato_Group\0002.wav,0,0.582381,4.578,Chinese,ZH-Alto-1,贝加尔湖畔,Chinese/ZH-Alto-1/贝加尔湖畔,0.0
d:\-MindEcho-main\ml_dl_models\gtsinger_multitech\dataset\raw\Chinese\ZH-Alto-1\Mixed_Voice_and_Falsetto\烟花易冷\Mixed_Voice_Group\0017.wav,0,0.517216,3.455,Chinese,ZH-Alto-1,烟花易冷,Chinese/ZH-Alto-1/烟花易冷,0.0
d:\-MindEcho-main\ml_dl_models\gtsinger_multitech\dataset\raw\Chinese\ZH-Alto-1\Breathy\不再见\Breathy_Group\0009.wav,0,0.157895,1.26,Chinese,ZH-Alto-1,不再见,Chinese/ZH-Alto-1/不再见,0.0
d:\-MindEcho-main\ml_dl_models\gtsinger_multitech\dataset\raw\French\FR-Soprano-1\Mixed_Voice_and_Falsetto\comment deja\Control_Group\0002.wav,1,0.121755,1.635,French,FR-Soprano-1,comment deja,French/FR-Soprano-1/comment deja,0.547
d:\-MindEcho-main\ml_dl_models\gtsinger_multitech\dataset\raw\Chinese\ZH-Alto-1\Pharyngeal\逆光\Pharyngeal_Group\0001.wav,0,0.153296,1.93,Chinese,ZH-Alto-1,逆光,Chinese/ZH-Alto-1/逆光,0.0
d:\-MindEcho-main\ml_dl_models\gtsinger_multitech\dataset\raw\Chinese\ZH-Alto-1\Mixed_Voice_and_Falsetto\演员\Falsetto_Group\0003.wav,1,0.58209,5.07,Chinese,ZH-Alto-1,演员,Chinese/ZH-Alto-1/演员,1.48
d:\-MindEcho-main\ml_dl_models\gtsinger_multitech\dataset\raw\French\FR-Soprano-1\Mixed_Voice_and_Falsetto\violet snow\Falsetto_Group\0005.wav,1,0.787626,7.212,French,FR-Soprano-1,violet snow,French/FR-Soprano-1/violet snow,0.499
d:\-MindEcho-main\ml_dl_models\gtsinger_multitech\dataset\raw\Chinese\ZH-Alto-1\Glissando\奇妙能力歌\Glissando_Group\0020.wav,0,0.587302,5.18,Chinese,ZH-Alto-1,奇妙能力歌,Chinese/ZH-Alto-1/奇妙能力歌,0.0
d:\-MindEcho-main\ml_dl_models\gtsinger_multitech\dataset\raw\Chinese\ZH-Alto-1\Mixed_Voice_and_Falsetto\烟花易冷\Falsetto_Group\0016.wav,1,0.724888,4.835,Chinese,ZH-Alto-1,烟花易冷,Chinese/ZH-Alto-1/烟花易冷,0.53
d:\-MindEcho-main\ml_dl_models\gtsinger_multitech\dataset\raw\Chinese\ZH-Alto-1\Vibrato\多远都要在一起\Control_Group\0001.wav,0,0.179628,1.64,Chinese,ZH-Alto-1,多远都要在一起,Chinese/ZH-Alto-1/多远都要在一起,0.0
d:\-MindEcho-main\ml_dl_models\gtsinger_multitech\dataset\raw\Chinese\ZH-Tenor-1\Pharyngeal\不要忘记我爱你\Pharyngeal_Group\0000.wav,0,0.59841,4.366,Chinese,ZH-Tenor-1,不要忘记我爱你,Chinese/ZH-Tenor-1/不要忘记我爱你,0.0
d:\-MindEcho-main\ml_dl_models\gtsinger_multitech\dataset\raw\French\FR-Tenor-1\Breathy\Les Marionnettes\Breathy_Group\0001.wav,0,0.12363,2.223,French,FR-Tenor-1,Les Marionnettes,French/FR-Tenor-1/Les Marionnettes,0.0
d:\-MindEcho-main\ml_dl_models\gtsinger_multitech\dataset\raw\Chinese\ZH-Tenor-1\Mixed_Voice_and_Falsetto\残酷月光\Control_Group\0006.wav,1,0.611861,6.345,Chinese,ZH-Tenor-1,残酷月光,Chinese/ZH-Tenor-1/残酷月光,0.31
d:\-MindEcho-main\ml_dl_models\gtsinger_multitech\dataset\raw\Chinese\ZH-Tenor-1\Mixed_Voice_and_Falsetto\残酷月光\Falsetto_Group\0015.wav,0,0.589793,4.565,Chinese,ZH-Tenor-1,残酷月光,Chinese/ZH-Tenor-1/残酷月光,0.0
d:\-MindEcho-main\ml_dl_models\gtsinger_multitech\dataset\raw\Chinese\ZH-Alto-1\Breathy\匆匆那年\Breathy_Group\0005.wav,0,0.453619,4.23,Chinese,ZH-Alto-1,匆匆那年,Chinese/ZH-Alto-1/匆匆那年,0.0
d:\-MindEcho-main\ml_dl_models\gtsinger_multitech\dataset\raw\Chinese\ZH-Tenor-1\Mixed_Voice_and_Falsetto\最初的梦想\Mixed_Voice_Group\0006.wav,0,0.239917,1.725,Chinese,ZH-Tenor-1,最初的梦想,Chinese/ZH-Tenor-1/最初的梦想,0.0
d:\-MindEcho-main\ml_dl_models\gtsinger_multitech\dataset\raw\Chinese\ZH-Tenor-1\Mixed_Voice_and_Falsetto\听海\Mixed_Voice_Group\0008.wav,1,0.396545,2.538,Chinese,ZH-Tenor-1,听海,Chinese/ZH-Tenor-1/听海,0.317
d:\-MindEcho-main\ml_dl_models\gtsinger_multitech\dataset\raw\Chinese\ZH-Alto-1\Breathy\温柔\Control_Group\0016.wav,0,0.498529,3.39,Chinese,ZH-Alto-1,温柔,Chinese/ZH-Alto-1/温柔,0.0
d:\-MindEcho-main\ml_dl_models\gtsinger_multitech\dataset\raw\French\FR-Soprano-1\Mixed_Voice_and_Falsetto\lentement\Mixed_Voice_Group\0010.wav,1,0.390993,3.334,French,FR-Soprano-1,lentement,French/FR-Soprano-1/lentement,0.146
d:\-MindEcho-main\ml_dl_models\gtsinger_multitech\dataset\raw\Chinese\ZH-Tenor-1\Mixed_Voice_and_Falsetto\修炼爱情\Falsetto_Group\0001.wav,0,0.166687,1.389,Chinese,ZH-Tenor-1,修炼爱情,Chinese/ZH-Tenor-1/修炼爱情,0.0
d:\-MindEcho-main\ml_dl_models\gtsinger_multitech\dataset\raw\Chinese\ZH-Alto-1\Mixed_Voice_and_Falsetto\可乐\Mixed_Voice_Group\0003.wav,0,0.168147,1.325,Chinese,ZH-Alto-1,可乐,Chinese/ZH-Alto-1/可乐,0.0
d:\-MindEcho-main\ml_dl_models\gtsinger_multitech\dataset\raw\Chinese\ZH-Tenor-1\Pharyngeal\雨爱\Control_Group\0015.wav,1,0.6,5.16,Chinese,ZH-Tenor-1,雨爱,Chinese/ZH-Tenor-1/雨爱,0.24
d:\-MindEcho-main\ml_dl_models\gtsinger_multitech\dataset\raw\Chinese\ZH-Alto-1\Pharyngeal\不为谁而作的歌\Control_Group\0010.wav,0,0.211511,1.47,Chinese,ZH-Alto-1,不为谁而作的歌,Chinese/ZH-Alto-1/不为谁而作的歌,0.0
d:\-MindEcho-main\ml_dl_models\gtsinger_multitech\dataset\raw\Chinese\ZH-Tenor-1\Breathy\不染\Breathy_Group\0014.wav,1,0.488987,3.33,Chinese,ZH-Tenor-1,不染,Chinese/ZH-Tenor-1/不染,0.52
d:\-MindEcho-main\ml_dl_models\gtsinger_multitech\dataset\raw\Chinese\ZH-Alto-1\Glissando\你给我听好\Glissando_Group\0001.wav,0,0.114223,1.729,Chinese,ZH-Alto-1,你给我听好,Chinese/ZH-Alto-1/你给我听好,0.0
d:\-MindEcho-main\ml_dl_models\gtsinger_multitech\dataset\raw\French\FR-Soprano-1\Mixed_Voice_and_Falsetto\nos ballades\Control_Group\0000.wav,1,0.124675,0.185,French,FR-Soprano-1,nos ballades,French/FR-Soprano-1/nos ballades,0.37
d:\-MindEcho-main\ml_dl_models\gtsinger_multitech\dataset\raw\Chinese\ZH-Tenor-1\Breathy\爱的回归线\Control_Group\0005.wav,0,0.551282,3.655,Chinese,ZH-Tenor-1,爱的回归线,Chinese/ZH-Tenor-1/爱的回归线,0.0
d:\-MindEcho-main\ml_dl_models\gtsinger_multitech\dataset\raw\Chinese\ZH-Tenor-1\Mixed_Voice_and_Falsetto\一次就好\Falsetto_Group\0011.wav,0,0.262336,1.595,Chinese,ZH-Tenor-1,一次就好,Chinese/ZH-Tenor-1/一次就好,0.0
d:\-MindEcho-main\ml_dl_models\gtsinger_multitech\dataset\raw\French\FR-Tenor-1\Glissando\Les Marionnettes\Control_Group\0002.wav,1,0.919143,13.709,French,FR-Tenor-1,Les Marionnettes,French/FR-Tenor-1/Les Marionnettes,2.263
d:\-MindEcho-main\ml_dl_models\gtsinger_multitech\dataset\raw\French\FR-Soprano-1\Mixed_Voice_and_Falsetto\nos ballades\Mixed_Voice_Group\0004.wav,1,0.907027,12.5,French,FR-Soprano-1,nos ballades,French/FR-Soprano-1/nos ballades,0.814
d:\-MindEcho-main\ml_dl_models\gtsinger_multitech\dataset\raw\Chinese\ZH-Tenor-1\Glissando\不染\Control_Group\0021.wav,0,0.359327,2.35,Chinese,ZH-Tenor-1,不染,Chinese/ZH-Tenor-1/不染,0.0
d:\-MindEcho-main\ml_dl_models\gtsinger_multitech\dataset\raw\French\FR-Tenor-1\Glissando\manon\Glissando_Group\0007.wav,1,0.17566,1.963,French,FR-Tenor-1,manon,French/FR-Tenor-1/manon,0.15
d:\-MindEcho-main\ml_dl_models\gtsinger_multitech\dataset\raw\French\FR-Tenor-1\Mixed_Voice_and_Falsetto\Les Marionnettes\Control_Group\0000.wav,1,0.079098,0.181,French,FR-Tenor-1,Les Marionnettes,French/FR-Tenor-1/Les Marionnettes,0.362
d:\-MindEcho-main\ml_dl_models\gtsinger_multitech\dataset\raw\French\FR-Soprano-1\Pharyngeal\lassasymphonie\Control_Group\0012.wav,1,0.45383,4.758,French,FR-Soprano-1,lassasymphonie,French/FR-Soprano-1/lassasymphonie,0.201
d:\-MindEcho-main\ml_dl_models\gtsinger_multitech\dataset\raw\Chinese\ZH-Alto-1\Mixed_Voice_and_Falsetto\青花瓷\Mixed_Voice_Group\0000.wav,0,0.139655,1.215,Chinese,ZH-Alto-1,青花瓷,Chinese/ZH-Alto-1/青花瓷,0.0
d:\-MindEcho-main\ml_dl_models\gtsinger_multitech\dataset\raw\Chinese\ZH-Alto-1\Pharyngeal\没那么简单\Pharyngeal_Group\0003.wav,1,0.266225,2.072,Chinese,ZH-Alto-1,没那么简单,Chinese/ZH-Alto-1/没那么简单,0.257
d:\-MindEcho-main\ml_dl_models\gtsinger_multitech\dataset\raw\French\FR-Soprano-1\Mixed_Voice_and_Falsetto\lentement\Control_Group\0000.wav,1,0.167778,1.661,French,FR-Soprano-1,lentement,French/FR-Soprano-1/lentement,0.581
d:\-MindEcho-main\ml_dl_models\gtsinger_multitech\dataset\raw\Chinese\ZH-Tenor-1\Breathy\爱的回归线\Breathy_Group\0002.wav,1,0.464817,3.435,Chinese,ZH-Tenor-1,爱的回归线,Chinese/ZH-Tenor-1/爱的回归线,0.29
d:\-MindEcho-main\ml_dl_models\gtsinger_multitech\dataset\raw\Chinese\ZH-Tenor-1\Breathy\传奇\Breathy_Group\0012.wav,0,0.11354,1.61,Chinese,ZH-Tenor-1,传奇,Chinese/ZH-Tenor-1/传奇,0.0
d:\-MindEcho-main\ml_dl_models\gtsinger_multitech\dataset\raw\Chinese\ZH-Tenor-1\Pharyngeal\雨爱\Control_Group\0008.wav,0,0.48044,3.82,Chinese,ZH-Tenor-1,雨爱,Chinese/ZH-Tenor-1/雨爱,0.0
d:\-MindEcho-main\ml_dl_models\gtsinger_multitech\dataset\raw\Chinese\ZH-Tenor-1\Breathy\平凡的一天\Control_Group\0006.wav,0,0.445501,3.56,Chinese,ZH-Tenor-1,平凡的一天,Chinese/ZH-Tenor-1/平凡的一天,0.0
d:\-MindEcho-main\ml_dl_models\gtsinger_multitech\dataset\raw\Chinese\ZH-Tenor-1\Pharyngeal\全世界谁倾听你\Pharyngeal_Group\0007.wav,0,0.130612,1.28,Chinese,ZH-Tenor-1,全世界谁倾听你,Chinese/ZH-Tenor-1/全世界谁倾听你,0.0
d:\-MindEcho-main\ml_dl_models\gtsinger_multitech\dataset\raw\Chinese\ZH-Alto-1\Breathy\知足\Control_Group\0010.wav,0,0.688713,5.888,Chinese,ZH-Alto-1,知足,Chinese/ZH-Alto-1/知足,0.0
d:\-MindEcho-main\ml_dl_models\gtsinger_multitech\dataset\raw\Chinese\ZH-Tenor-1\Mixed_Voice_and_Falsetto\终于等到你\Mixed_Voice_Group\0019.wav,0,0.089833,1.29,Chinese,ZH-Tenor-1,终于等到你,Chinese/ZH-Tenor-1/终于等到你,0.0
d:\-MindEcho-main\ml_dl_models\gtsinger_multitech\dataset\raw\French\FR-Soprano-1\Breathy\adieu mon homme\Control_Group\0000.wav,1,0.095717,0.465,French,FR-Soprano-1,adieu mon homme,French/FR-Soprano-1/adieu mon homme,0.93
d:\-MindEcho-main\ml_dl_models\gtsinger_multitech\dataset\raw\French\FR-Tenor-1\Glissando\pourquoi\Paired_Speech_Group\0004.wav,0,0.597858,3.147,French,FR-Tenor-1,pourquoi,French/FR-Tenor-1/pourquoi,0.0
d:\-MindEcho-main\ml_dl_models\gtsinger_multitech\dataset\raw\Chinese\ZH-Tenor-1\Mixed_Voice_and_Falsetto\走着走着就散了\Falsetto_Group\0012.wav,1,0.5125,4.51,Chinese,ZH-Tenor-1,走着走着就散了,Chinese/ZH-Tenor-1/走着走着就散了,0.38
d:\-MindEcho-main\ml_dl_models\gtsinger_multitech\dataset\raw\French\FR-Tenor-1\Glissando\o souverain\Control_Group\0000.wav,1,0.324971,3.62,French,FR-Tenor-1,o souverain,French/FR-Tenor-1/o souverain,1.161
d:\-MindEcho-main\ml_dl_models\gtsinger_multitech\dataset\raw\Chinese\ZH-Tenor-1\Vibrato\我真的受伤了\Control_Group\0010.wav,0,0.22623,1.38,Chinese,ZH-Tenor-1,我真的受伤了,Chinese/ZH-Tenor-1/我真的受伤了,0.0
d:\-MindEcho-main\ml_dl_models\gtsinger_multitech\dataset\raw\Chinese\ZH-Tenor-1\Mixed_Voice_and_Falsetto\青花瓷\Mixed_Voice_Group\0003.wav,0,0.144301,1.57,Chinese,ZH-Tenor-1,青花瓷,Chinese/ZH-Tenor-1/青花瓷,0.0
d:\-MindEcho-main\ml_dl_models\gtsinger_multitech\dataset\raw\Chinese\ZH-Tenor-1\Mixed_Voice_and_Falsetto\不能说的秘密\Control_Group\0004.wav,0,0.505477,3.23,Chinese,ZH-Tenor-1,不能说的秘密,Chinese/ZH-Tenor-1/不能说的秘密,0.0
d:\-MindEcho-main\ml_dl_models\gtsinger_multitech\dataset\raw\Chinese\ZH-Tenor-1\Breathy\不染\Control_Group\0012.wav,0,0.224275,1.469,Chinese,ZH-Tenor-1,不染,Chinese/ZH-Tenor-1/不染,0.0
d:\-MindEcho-main\ml_dl_models\gtsinger_multitech\dataset\raw\Chinese\ZH-Tenor-1\Mixed_Voice_and_Falsetto\情歌\Control_Group\0010.wav,1,0.226551,1.57,Chinese,ZH-Tenor-1,情歌,Chinese/ZH-Tenor-1/情歌,0.3
d:\-MindEcho-main\ml_dl_models\gtsinger_multitech\dataset\raw\Chinese\ZH-Tenor-1\Mixed_Voice_and_Falsetto\一次就好\Control_Group\0004.wav,0,0.436691,3.035,Chinese,ZH-Tenor-1,一次就好,Chinese/ZH-Tenor-1/一次就好,0.0
d:\-MindEcho-main\ml_dl_models\gtsinger_multitech\dataset\raw\Chinese\ZH-Alto-1\Mixed_Voice_and_Falsetto\忽然之间\Falsetto_Group\0003.wav,0,0.151343,1.465,Chinese,ZH-Alto-1,忽然之间,Chinese/ZH-Alto-1/忽然之间,0.0
d:\-MindEcho-main\ml_dl_models\gtsinger_multitech\dataset\raw\Chinese\ZH-Alto-1\Mixed_Voice_and_Falsetto\平凡的一天\Control_Group\0002.wav,0,0.608462,7.91,Chinese,ZH-Alto-1,平凡的一天,Chinese/ZH-Alto-1/平凡的一天,0.0
d:\-MindEcho-main\ml_dl_models\gtsinger_multitech\dataset\raw\Chinese\ZH-Alto-1\Mixed_Voice_and_Falsetto\老男孩\Mixed_Voice_Group\0005.wav,0,0.14781,1.215,Chinese,ZH-Alto-1,老男孩,Chinese/ZH-Alto-1/老男孩,0.0
d:\-MindEcho-main\ml_dl_models\gtsinger_multitech\dataset\raw\Chinese\ZH-Tenor-1\Vibrato\失落沙洲\Control_Group\0006.wav,0,0.522232,6.225,Chinese,ZH-Tenor-1,失落沙洲,Chinese/ZH-Tenor-1/失落沙洲,0.0
d:\-MindEcho-main\ml_dl_models\gtsinger_multitech\dataset\raw\Chinese\ZH-Tenor-1\Glissando\彩虹\Control_Group\0013.wav,0,0.123102,1.54,Chinese,ZH-Tenor-1,彩虹,Chinese/ZH-Tenor-1/彩虹,0.0
d:\-MindEcho-main\ml_dl_models\gtsinger_multitech\dataset\raw\Chinese\ZH-Alto-1\Breathy\知足\Control_Group\0011.wav,1,0.276655,1.985,Chinese,ZH-Alto-1,知足,Chinese/ZH-Alto-1/知足,0.31
d:\-MindEcho-main\ml_dl_models\gtsinger_multitech\dataset\raw\Chinese\ZH-Tenor-1\Vibrato\末班车\Control_Group\0001.wav,0,0.542504,3.51,Chinese,ZH-Tenor-1,末班车,Chinese/ZH-Tenor-1/末班车,0.0
d:\-MindEcho-main\ml_dl_models\gtsinger_multitech\dataset\raw\Chinese\ZH-Tenor-1\Mixed_Voice_and_Falsetto\残酷月光\Control_Group\0007.wav,0,0.577331,5.45,Chinese,ZH-Tenor-1,残酷月光,Chinese/ZH-Tenor-1/残酷月光,0.0
d:\-MindEcho-main\ml_dl_models\gtsinger_multitech\dataset\raw\German\DE-Soprano-1\Breathy\Copilot\Breathy_Group\0007.wav,1,0.149217,0.495,German,DE-Soprano-1,Copilot,German/DE-Soprano-1/Copilot,0.251
d:\-MindEcho-main\ml_dl_models\gtsinger_multitech\dataset\raw\Chinese\ZH-Alto-1\Vibrato\不再见\Vibrato_Group\0003.wav,1,0.724435,6.73,Chinese,ZH-Alto-1,不再见,Chinese/ZH-Alto-1/不再见,0.36
d:\-MindEcho-main\ml_dl_models\gtsinger_multitech\dataset\raw\French\FR-Soprano-1\Mixed_Voice_and_Falsetto\magic boul'vard\Falsetto_Group\0005.wav,0,0.159268,1.98,French,FR-Soprano-1,magic boul'vard,French/FR-Soprano-1/magic boul'vard,0.0
d:\-MindEcho-main\ml_dl_models\gtsinger_multitech\dataset\raw\French\FR-Soprano-1\Breathy\la chanson de la mer\Control_Group\0006.wav,0,0.540593,4.608,French,FR-Soprano-1,la chanson de la mer,French/FR-Soprano-1/la chanson de la mer,0.0
d:\-MindEcho-main\ml_dl_models\gtsinger_multitech\dataset\raw\Chinese\ZH-Alto-1\Breathy\默\Control_Group\0006.wav,0,0.186424,1.84,Chinese,ZH-Alto-1,默,Chinese/ZH-Alto-1/默,0.0
d:\-MindEcho-main\ml_dl_models\gtsinger_multitech\dataset\raw\Chinese\ZH-Alto-1\Breathy\有一种悲伤\Control_Group\0003.wav,0,0.2,1.99,Chinese,ZH-Alto-1,有一种悲伤,Chinese/ZH-Alto-1/有一种悲伤,0.0
d:\-MindEcho-main\ml_dl_models\gtsinger_multitech\dataset\raw\Chinese\ZH-Tenor-1\Breathy\会呼吸的痛\Control_Group\0007.wav,1,0.477797,3.852,Chinese,ZH-Tenor-1,会呼吸的痛,Chinese/ZH-Tenor-1/会呼吸的痛,0.3
d:\-MindEcho-main\ml_dl_models\gtsinger_multitech\dataset\raw\Chinese\ZH-Tenor-1\Mixed_Voice_and_Falsetto\听海\Control_Group\0009.wav,1,0.3964,3.468,Chinese,ZH-Tenor-1,听海,Chinese/ZH-Tenor-1/听海,0.283
d:\-MindEcho-main\ml_dl_models\gtsinger_multitech\dataset\raw\Chinese\ZH-Tenor-1\Mixed_Voice_and_Falsetto\情歌\Falsetto_Group\0022.wav,0,0.184845,1.61,Chinese,ZH-Tenor-1,情歌,Chinese/ZH-Tenor-1/情歌,0.0
d:\-MindEcho-main\ml_dl_models\gtsinger_multitech\dataset\raw\Chinese\ZH-Alto-1\Mixed_Voice_and_Falsetto\化身孤岛的鲸\Control_Group\0013.wav,0,0.501389,3.972,Chinese,ZH-Alto-1,化身孤岛的鲸,Chinese/ZH-Alto-1/化身孤岛的鲸,0.0
d:\-MindEcho-main\ml_dl_models\gtsinger_multitech\dataset\raw\Chinese\ZH-Alto-1\Breathy\给电影人的情书\Breathy_Group\0006.wav,0,0.500341,7.33,Chinese,ZH-Alto-1,给电影人的情书,Chinese/ZH-Alto-1/给电影人的情书,0.0
d:\-MindEcho-main\ml_dl_models\gtsinger_multitech\dataset\raw\French\FR-Tenor-1\Breathy\pourquoi\Control_Group\0011.wav,0,0.452085,5.897,French,FR-Tenor-1,pourquoi,French/FR-Tenor-1/pourquoi,0.0
d:\-MindEcho-main\ml_dl_models\gtsinger_multitech\dataset\raw\Chinese\ZH-Alto-1\Mixed_Voice_and_Falsetto\逆光\Control_Group\0002.wav,0,0.630622,6.59,Chinese,ZH-Alto-1,逆光,Chinese/ZH-Alto-1/逆光,0.0
d:\-MindEcho-main\ml_dl_models\gtsinger_multitech\dataset\raw\Chinese\ZH-Alto-1\Mixed_Voice_and_Falsetto\平凡之路\Control_Group\0001.wav,1,0.583434,4.895,Chinese,ZH-Alto-1,平凡之路,Chinese/ZH-Alto-1/平凡之路,0.23
d:\-MindEcho-main\ml_dl_models\gtsinger_multitech\dataset\raw\French\FR-Soprano-1\Mixed_Voice_and_Falsetto\le dernier train\Mixed_Voice_Group\0004.wav,0,0.153116,1.605,French,FR-Soprano-1,le dernier train,French/FR-Soprano-1/le dernier train,0.0
d:\-MindEcho-main\ml_dl_models\gtsinger_multitech\dataset\raw\Chinese\ZH-Alto-1\Mixed_Voice_and_Falsetto\烟花易冷\Mixed_Voice_Group\0018.wav,1,0.504776,3.646,Chinese,ZH-Alto-1,烟花易冷,Chinese/ZH-Alto-1/烟花易冷,0.427
d:\-MindEcho-main\ml_dl_models\gtsinger_multitech\dataset\raw\Chinese\ZH-Alto-1\Mixed_Voice_and_Falsetto\鸽子\Falsetto_Group\0003.wav,0,0.554878,4.55,Chinese,ZH-Alto-1,鸽子,Chinese/ZH-Alto-1/鸽子,0.0
d:\-MindEcho-main\ml_dl_models\gtsinger_multitech\dataset\raw\Chinese\ZH-Alto-1\Mixed_Voice_and_Falsetto\三寸天堂\Control_Group\0003.wav,1,0.376198,2.355,Chinese,ZH-Alto-1,三寸天堂,Chinese/ZH-Alto-1/三寸天堂,0.29
d:\-MindEcho-main\ml_dl_models\gtsinger_multitech\dataset\raw\French\FR-Soprano-1\Pharyngeal\il aurait suffit\Control_Group\0002.wav,1,0.486918,8.281,French,FR-Soprano-1,il aurait suffit,French/FR-Soprano-1/il aurait suffit,0.939
d:\-MindEcho-main\ml_dl_models\gtsinger_multitech\dataset\raw\Chinese\ZH-Alto-1\Mixed_Voice_and_Falsetto\日不落\Falsetto_Group\0000.wav,0,0.188927,1.49,Chinese,ZH-Alto-1,日不落,Chinese/ZH-Alto-1/日不落,0.0
d:\-MindEcho-main\ml_dl_models\gtsinger_multitech\dataset\raw\Chinese\ZH-Alto-1\Pharyngeal\老男孩\Pharyngeal_Group\0012.wav,0,0.178571,1.385,Chinese,ZH-Alto-1,老男孩,Chinese/ZH-Alto-1/老男孩,0.0
d:\-MindEcho-main\ml_dl_models\gtsinger_multitech\dataset\raw\Chinese\ZH-Tenor-1\Pharyngeal\我怀念的\Pharyngeal_Group\0003.wav,1,0.320721,3.56,Chinese,ZH-Tenor-1,我怀念的,Chinese/ZH-Tenor-1/我怀念的,0.24
d:\-MindEcho-main\ml_dl_models\gtsinger_multitech\dataset\raw\Chinese\ZH-Alto-1\Vibrato\南山南\Vibrato_Group\0009.wav,0,0.114206,1.23,Chinese,ZH-Alto-1,南山南,Chinese/ZH-Alto-1/南山南,0.0
d:\-MindEcho-main\ml_dl_models\gtsinger_multitech\dataset\raw\Chinese\ZH-Tenor-1\Breathy\传奇\Breathy_Group\0005.wav,1,0.65768,5.61,Chinese,ZH-Tenor-1,传奇,Chinese/ZH-Tenor-1/传奇,1.16
d:\-MindEcho-main\ml_dl_models\gtsinger_multitech\dataset\raw\Chinese\ZH-Alto-1\Mixed_Voice_and_Falsetto\青花瓷\Control_Group\0004.wav,1,0.697115,4.35,Chinese,ZH-Alto-1,青花瓷,Chinese/ZH-Alto-1/青花瓷,0.22
d:\-MindEcho-main\ml_dl_models\gtsinger_multitech\dataset\raw\Chinese\ZH-Tenor-1\Vibrato\空白格\Control_Group\0000.wav,0,0.585772,6.925,Chinese,ZH-Tenor-1,空白格,Chinese/ZH-Tenor-1/空白格,0.0
d:\-MindEcho-main\ml_dl_models\gtsinger_multitech\dataset\raw\French\FR-Tenor-1\Breathy\o souverain\Control_Group\0013.wav,0,0.204801,2.133,French,FR-Tenor-1,o souverain,French/FR-Tenor-1/o souverain,0.0
d:\-MindEcho-main\ml_dl_models\gtsinger_multitech\dataset\raw\French\FR-Soprano-1\Breathy\2019\Breathy_Group\0001.wav,1,0.441863,4.868,French,FR-Soprano-1,2019,French/FR-Soprano-1/2019,0.236
d:\-MindEcho-main\ml_dl_models\gtsinger_multitech\dataset\raw\Chinese\ZH-Alto-1\Pharyngeal\听海\Pharyngeal_Group\0010.wav,0,0.194879,1.268,Chinese,ZH-Alto-1,听海,Chinese/ZH-Alto-1/听海,0.0
d:\-MindEcho-main\ml_dl_models\gtsinger_multitech\dataset\raw\French\FR-Soprano-1\Mixed_Voice_and_Falsetto\violet snow\Falsetto_Group\0004.wav,0,0.187878,1.956,French,FR-Soprano-1,violet snow,French/FR-Soprano-1/violet snow,0.0
d:\-MindEcho-main\ml_dl_models\gtsinger_multitech\dataset\raw\Chinese\ZH-Alto-1\Mixed_Voice_and_Falsetto\后来\Falsetto_Group\0000.wav,1,0.640995,5.41,Chinese,ZH-Alto-1,后来,Chinese/ZH-Alto-1/后来,0.4
d:\-MindEcho-main\ml_dl_models\gtsinger_multitech\dataset\raw\Chinese\ZH-Tenor-1\Mixed_Voice_and_Falsetto\终于等到你\Mixed_Voice_Group\0013.wav,0,0.251737,1.667,Chinese,ZH-Tenor-1,终于等到你,Chinese/ZH-Tenor-1/终于等到你,0.0
d:\-MindEcho-main\ml_dl_models\gtsinger_multitech\dataset\raw\Chinese\ZH-Tenor-1\Pharyngeal\情歌\Control_Group\0000.wav,0,0.205178,1.387,Chinese,ZH-Tenor-1,情歌,Chinese/ZH-Tenor-1/情歌,0.0
d:\-MindEcho-main\ml_dl_models\gtsinger_multitech\dataset\raw\Chinese\ZH-Tenor-1\Pharyngeal\逆光\Control_Group\0002.wav,0,0.621234,4.33,Chinese,ZH-Tenor-1,逆光,Chinese/ZH-Tenor-1/逆光,0.0
d:\-MindEcho-main\ml_dl_models\gtsinger_multitech\dataset\raw\Chinese\ZH-Alto-1\Pharyngeal\失落沙洲\Control_Group\0003.wav,1,0.451712,3.985,Chinese,ZH-Alto-1,失落沙洲,Chinese/ZH-Alto-1/失落沙洲,0.21
d:\-MindEcho-main\ml_dl_models\gtsinger_multitech\dataset\raw\French\FR-Soprano-1\Mixed_Voice_and_Falsetto\le dernier train\Paired_Speech_Group\0005.wav,0,0.407501,1.456,French,FR-Soprano-1,le dernier train,French/FR-Soprano-1/le dernier train,0.0
d:\-MindEcho-main\ml_dl_models\gtsinger_multitech\dataset\raw\French\FR-Soprano-1\Breathy\les passagers du vent\Control_Group\0009.wav,1,0.872774,8.957,French,FR-Soprano-1,les passagers du vent,French/FR-Soprano-1/les passagers du vent,0.949
d:\-MindEcho-main\ml_dl_models\gtsinger_multitech\dataset\raw\French\FR-Soprano-1\Vibrato\les souvenirs\Paired_Speech_Group\0004.wav,0,0.550156,4.053,French,FR-Soprano-1,les souvenirs,French/FR-Soprano-1/les souvenirs,0.0
d:\-MindEcho-main\ml_dl_models\gtsinger_multitech\dataset\raw\Chinese\ZH-Tenor-1\Mixed_Voice_and_Falsetto\想自由\Control_Group\0004.wav,0,0.583214,4.03,Chinese,ZH-Tenor-1,想自由,Chinese/ZH-Tenor-1/想自由,0.0
d:\-MindEcho-main\ml_dl_models\gtsinger_multitech\dataset\raw\Chinese\ZH-Tenor-1\Vibrato\我真的受伤了\Control_Group\0012.wav,0,0.515347,5.205,Chinese,ZH-Tenor-1,我真的受伤了,Chinese/ZH-Tenor-1/我真的受伤了,0.0
d:\-MindEcho-main\ml_dl_models\gtsinger_multitech\dataset\raw\Chinese\ZH-Tenor-1\Breathy\我真的受伤了\Control_Group\0000.wav,0,0.118432,1.375,Chinese,ZH-Tenor-1,我真的受伤了,Chinese/ZH-Tenor-1/我真的受伤了,0.0
d:\-MindEcho-main\ml_dl_models\gtsinger_multitech\dataset\raw\Chinese\ZH-Alto-1\Mixed_Voice_and_Falsetto\化身孤岛的鲸\Control_Group\0002.wav,0,0.513376,4.03,Chinese,ZH-Alto-1,化身孤岛的鲸,Chinese/ZH-Alto-1/化身孤岛的鲸,0.0
d:\-MindEcho-main\ml_dl_models\gtsinger_multitech\dataset\raw\Chinese\ZH-Tenor-1\Glissando\空白格\Glissando_Group\0004.wav,1,0.389726,2.845,Chinese,ZH-Tenor-1,空白格,Chinese/ZH-Tenor-1/空白格,0.85
d:\-MindEcho-main\ml_dl_models\gtsinger_multitech\dataset\raw\French\FR-Tenor-1\Mixed_Voice_and_Falsetto\Les Marionnettes\Mixed_Voice_Group\0005.wav,0,0.549824,8.756,French,FR-Tenor-1,Les Marionnettes,French/FR-Tenor-1/Les Marionnettes,0.0
d:\-MindEcho-main\ml_dl_models\gtsinger_multitech\dataset\raw\French\FR-Soprano-1\Pharyngeal\je ne sais pas choisir\Control_Group\0007.wav,1,0.108021,0.682,French,FR-Soprano-1,je ne sais pas choisir,French/FR-Soprano-1/je ne sais pas choisir,0.296
d:\-MindEcho-main\ml_dl_models\gtsinger_multitech\dataset\raw\French\FR-Soprano-1\Glissando\le jardin des roses\Glissando_Group\0000.wav,1,0.90067,11.863,French,FR-Soprano-1,le jardin des roses,French/FR-Soprano-1/le jardin des roses,0.436
d:\-MindEcho-main\ml_dl_models\gtsinger_multitech\dataset\raw\French\FR-Soprano-1\Breathy\la chanson de la mer\Breathy_Group\0003.wav,1,0.864222,8.62,French,FR-Soprano-1,la chanson de la mer,French/FR-Soprano-1/la chanson de la mer,0.435
d:\-MindEcho-main\ml_dl_models\gtsinger_multitech\dataset\raw\Chinese\ZH-Tenor-1\Glissando\我的歌声里\Control_Group\0007.wav,1,0.78628,5.96,Chinese,ZH-Tenor-1,我的歌声里,Chinese/ZH-Tenor-1/我的歌声里,0.32
d:\-MindEcho-main\ml_dl_models\gtsinger_multitech\dataset\raw\Chinese\ZH-Tenor-1\Mixed_Voice_and_Falsetto\修炼爱情\Control_Group\0002.wav,0,0.529572,5.82,Chinese,ZH-Tenor-1,修炼爱情,Chinese/ZH-Tenor-1/修炼爱情,0.0
d:\-MindEcho-main\ml_dl_models\gtsinger_multitech\dataset\raw\French\FR-Tenor-1\Glissando\pourquoi\Control_Group\0006.wav,1,0.621514,6.463,French,FR-Tenor-1,pourquoi,French/FR-Tenor-1/pourquoi,0.139
d:\-MindEcho-main\ml_dl_models\gtsinger_multitech\dataset\raw\French\FR-Soprano-1\Breathy\le balcon\Control_Group\0005.wav,1,0.28373,3.617,French,FR-Soprano-1,le balcon,French/FR-Soprano-1/le balcon,0.13
d:\-MindEcho-main\ml_dl_models\gtsinger_multitech\dataset\raw\Chinese\ZH-Alto-1\Vibrato\奇妙能力歌\Vibrato_Group\0007.wav,1,0.431495,3.036,Chinese,ZH-Alto-1,奇妙能力歌,Chinese/ZH-Alto-1/奇妙能力歌,0.42
d:\-MindEcho-main\ml_dl_models\gtsinger_multitech\dataset\raw\Chinese\ZH-Tenor-1\Glissando\残酷月光\Control_Group\0008.wav,0,0.17268,1.34,Chinese,ZH-Tenor-1,残酷月光,Chinese/ZH-Tenor-1/残酷月光,0.0
d:\-MindEcho-main\ml_dl_models\gtsinger_multitech\dataset\raw\Chinese\ZH-Alto-1\Glissando\曹操\Glissando_Group\0006.wav,1,0.519133,5.128,Chinese,ZH-Alto-1,曹操,Chinese/ZH-Alto-1/曹操,0.48
d:\-MindEcho-main\ml_dl_models\gtsinger_multitech\dataset\raw\French\FR-Soprano-1\Mixed_Voice_and_Falsetto\comment deja\Falsetto_Group\0004.wav,0,0.802688,7.191,French,FR-Soprano-1,comment deja,French/FR-Soprano-1/comment deja,0.0
d:\-MindEcho-main\ml_dl_models\gtsinger_multitech\dataset\raw\French\FR-Soprano-1\Mixed_Voice_and_Falsetto\mustang cabriolet\Falsetto_Group\0013.wav,1,0.194226,3.418,French,FR-Soprano-1,mustang cabriolet,French/FR-Soprano-1/mustang cabriolet,0.607
d:\-MindEcho-main\ml_dl_models\gtsinger_multitech\dataset\raw\Chinese\ZH-Alto-1\Mixed_Voice_and_Falsetto\青花瓷\Control_Group\0005.wav,1,0.205039,2.36,Chinese,ZH-Alto-1,青花瓷,Chinese/ZH-Alto-1/青花瓷,0.2
d:\-MindEcho-main\ml_dl_models\gtsinger_multitech\dataset\raw\Chinese\ZH-Tenor-1\Pharyngeal\情歌\Pharyngeal_Group\0003.wav,0,0.426444,2.951,Chinese,ZH-Tenor-1,情歌,Chinese/ZH-Tenor-1/情歌,0.0
d:\-MindEcho-main\ml_dl_models\gtsinger_multitech\dataset\raw\Chinese\ZH-Alto-1\Pharyngeal\说谎\Pharyngeal_Group\0007.wav,1,0.204408,2.226,Chinese,ZH-Alto-1,说谎,Chinese/ZH-Alto-1/说谎,0.274
d:\-MindEcho-main\ml_dl_models\gtsinger_multitech\dataset\raw\Chinese\ZH-Alto-1\Pharyngeal\说谎\Control_Group\0005.wav,0,0.464556,5.885,Chinese,ZH-Alto-1,说谎,Chinese/ZH-Alto-1/说谎,0.0
d:\-MindEcho-main\ml_dl_models\gtsinger_multitech\dataset\raw\Chinese\ZH-Tenor-1\Vibrato\心动\Control_Group\0005.wav,0,0.688187,5.01,Chinese,ZH-Tenor-1,心动,Chinese/ZH-Tenor-1/心动,0.0
d:\-MindEcho-main\ml_dl_models\gtsinger_multitech\dataset\raw\Chinese\ZH-Alto-1\Glissando\时间煮雨\Glissando_Group\0005.wav,0,0.553663,6.5,Chinese,ZH-Alto-1,时间煮雨,Chinese/ZH-Alto-1/时间煮雨,0.0
d:\-MindEcho-main\ml_dl_models\gtsinger_multitech\dataset\raw\French\FR-Soprano-1\Mixed_Voice_and_Falsetto\le plus beau et le plus triste paysage du monde\Mixed_Voice_Group\0002.wav,0,0.544712,9.198,French,FR-Soprano-1,le plus beau et le plus triste paysage du monde,French/FR-Soprano-1/le plus beau et le plus triste paysage du monde,0.0
d:\-MindEcho-main\ml_dl_models\gtsinger_multitech\dataset\raw\Chinese\ZH-Alto-1\Breathy\知足\Breathy_Group\0005.wav,0,0.215297,1.52,Chinese,ZH-Alto-1,知足,Chinese/ZH-Alto-1/知足,0.0
d:\-MindEcho-main\ml_dl_models\gtsinger_multitech\dataset\raw\French\FR-Soprano-1\Mixed_Voice_and_Falsetto\violet snow\Falsetto_Group\0008.wav,0,0.399432,5.111,French,FR-Soprano-1,violet snow,French/FR-Soprano-1/violet snow,0.0
d:\-MindEcho-main\ml_dl_models\gtsinger_multitech\dataset\raw\Chinese\ZH-Alto-1\Mixed_Voice_and_Falsetto\老男孩\Mixed_Voice_Group\0019.wav,0,0.239329,1.57,Chinese,ZH-Alto-1,老男孩,Chinese/ZH-Alto-1/老男孩,0.0
d:\-MindEcho-main\ml_dl_models\gtsinger_multitech\dataset\raw\Chinese\ZH-Tenor-1\Mixed_Voice_and_Falsetto\情歌\Falsetto_Group\0024.wav,1,0.527778,3.23,Chinese,ZH-Tenor-1,情歌,Chinese/ZH-Tenor-1/情歌,0.3
d:\-MindEcho-main\ml_dl_models\gtsinger_multitech\dataset\raw\Chinese\ZH-Alto-1\Breathy\越过山丘\Control_Group\0021.wav,0,0.549113,4.025,Chinese,ZH-Alto-1,越过山丘,Chinese/ZH-Alto-1/越过山丘,0.0
d:\-MindEcho-main\ml_dl_models\gtsinger_multitech\dataset\raw\Chinese\ZH-Tenor-1\Breathy\我真的受伤了\Breathy_Group\0002.wav,1,0.519266,5.66,Chinese,ZH-Tenor-1,我真的受伤了,Chinese/ZH-Tenor-1/我真的受伤了,0.5
d:\-MindEcho-main\ml_dl_models\gtsinger_multitech\dataset\raw\Chinese\ZH-Alto-1\Mixed_Voice_and_Falsetto\最长的电影\Mixed_Voice_Group\0001.wav,0,0.609276,4.795,Chinese,ZH-Alto-1,最长的电影,Chinese/ZH-Alto-1/最长的电影,0.0
d:\-MindEcho-main\ml_dl_models\gtsinger_multitech\dataset\raw\French\FR-Tenor-1\Glissando\o souverain\Control_Group\0011.wav,0,0.587994,6.234,French,FR-Tenor-1,o souverain,French/FR-Tenor-1/o souverain,0.0
d:\-MindEcho-main\ml_dl_models\gtsinger_multitech\dataset\raw\Chinese\ZH-Alto-1\Glissando\日不落\Glissando_Group\0002.wav,1,0.373906,3.545,Chinese,ZH-Alto-1,日不落,Chinese/ZH-Alto-1/日不落,0.39
d:\-MindEcho-main\ml_dl_models\gtsinger_multitech\dataset\raw\Chinese\ZH-Tenor-1\Mixed_Voice_and_Falsetto\一次就好\Control_Group\0005.wav,0,0.398734,2.52,Chinese,ZH-Tenor-1,一次就好,Chinese/ZH-Tenor-1/一次就好,0.0
d:\-MindEcho-main\ml_dl_models\gtsinger_multitech\dataset\raw\Chinese\ZH-Alto-1\Glissando\热雪\Control_Group\0002.wav,1,0.238255,1.42,Chinese,ZH-Alto-1,热雪,Chinese/ZH-Alto-1/热雪,0.36
"d:\-MindEcho-main\ml_dl_models\gtsinger_multitech\dataset\raw\French\FR-Soprano-1\Mixed_Voice_and_Falsetto\t'es beau,t'es beau\Control_Group\0004.wav",0,0.638078,6.819,French,FR-Soprano-1,"t'es beau,t'es beau","French/FR-Soprano-1/t'es beau,t'es beau",0.0
d:\-MindEcho-main\ml_dl_models\gtsinger_multitech\dataset\raw\French\FR-Soprano-1\Mixed_Voice_and_Falsetto\je vole\Control_Group\0001.wav,1,0.891334,10.433,French,FR-Soprano-1,je vole,French/FR-Soprano-1/je vole,1.22
d:\-MindEcho-main\ml_dl_models\gtsinger_multitech\dataset\raw\Chinese\ZH-Tenor-1\Pharyngeal\不要忘记我爱你\Control_Group\0006.wav,0,0.179752,1.305,Chinese,ZH-Tenor-1,不要忘记我爱你,Chinese/ZH-Tenor-1/不要忘记我爱你,0.0
d:\-MindEcho-main\ml_dl_models\gtsinger_multitech\dataset\raw\French\FR-Soprano-1\Pharyngeal\ce train qui s'en va\Pharyngeal_Group\0001.wav,0,0.685781,7.355,French,FR-Soprano-1,ce train qui s'en va,French/FR-Soprano-1/ce train qui s'en va,0.0
d:\-MindEcho-main\ml_dl_models\gtsinger_multitech\dataset\raw\Chinese\ZH-Alto-1\Breathy\奇妙能力歌\Control_Group\0011.wav,0,0.464602,3.15,Chinese,ZH-Alto-1,奇妙能力歌,Chinese/ZH-Alto-1/奇妙能力歌,0.0
d:\-MindEcho-main\ml_dl_models\gtsinger_multitech\dataset\raw\Chinese\ZH-Alto-1\Pharyngeal\听海\Pharyngeal_Group\0006.wav,0,0.159731,1.305,Chinese,ZH-Alto-1,听海,Chinese/ZH-Alto-1/听海,0.0
d:\-MindEcho-main\ml_dl_models\gtsinger_multitech\dataset\raw\French\FR-Soprano-1\Mixed_Voice_and_Falsetto\le dernier train\Control_Group\0010.wav,1,0.697752,6.053,French,FR-Soprano-1,le dernier train,French/FR-Soprano-1/le dernier train,1.702
d:\-MindEcho-main\ml_dl_models\gtsinger_multitech\dataset\raw\French\FR-Tenor-1\Breathy\o souverain\Breathy_Group\0010.wav,0,0.557449,5.235,French,FR-Tenor-1,o souverain,French/FR-Tenor-1/o souverain,0.0
d:\-MindEcho-main\ml_dl_models\gtsinger_multitech\dataset\raw\Chinese\ZH-Alto-1\Mixed_Voice_and_Falsetto\三寸天堂\Control_Group\0007.wav,1,0.348943,2.31,Chinese,ZH-Alto-1,三寸天堂,Chinese/ZH-Alto-1/三寸天堂,0.32
d:\-MindEcho-main\ml_dl_models\gtsinger_multitech\dataset\raw\Chinese\ZH-Alto-1\Mixed_Voice_and_Falsetto\知足\Control_Group\0007.wav,0,0.55137,3.22,Chinese,ZH-Alto-1,知足,Chinese/ZH-Alto-1/知足,0.0
d:\-MindEcho-main\ml_dl_models\gtsinger_multitech\dataset\raw\Chinese\ZH-Tenor-1\Mixed_Voice_and_Falsetto\讲真的\Control_Group\0008.wav,0,0.244557,1.685,Chinese,ZH-Tenor-1,讲真的,Chinese/ZH-Tenor-1/讲真的,0.0
d:\-MindEcho-main\ml_dl_models\gtsinger_multitech\dataset\raw\Chinese\ZH-Alto-1\Mixed_Voice_and_Falsetto\化身孤岛的鲸\Falsetto_Group\0015.wav,0,0.183074,1.525,Chinese,ZH-Alto-1,化身孤岛的鲸,Chinese/ZH-Alto-1/化身孤岛的鲸,0.0
d:\-MindEcho-main\ml_dl_models\gtsinger_multitech\dataset\raw\Chinese\ZH-Tenor-1\Breathy\给电影人的情书\Control_Group\0009.wav,0,0.505761,3.907,Chinese,ZH-Tenor-1,给电影人的情书,Chinese/ZH-Tenor-1/给电影人的情书,0.0
d:\-MindEcho-main\ml_dl_models\gtsinger_multitech\dataset\raw\Chinese\ZH-Alto-1\Mixed_Voice_and_Falsetto\可乐\Falsetto_Group\0012.wav,1,0.499126,4.284,Chinese,ZH-Alto-1,可乐,Chinese/ZH-Alto-1/可乐,0.383
d:\-MindEcho-main\ml_dl_models\gtsinger_multitech\dataset\raw\French\FR-Tenor-1\Breathy\Les Marionnettes\Paired_Speech_Group\0006.wav,0,0.224971,1.346,French,FR-Tenor-1,Les Marionnettes,French/FR-Tenor-1/Les Marionnettes,0.0
d:\-MindEcho-main\ml_dl_models\gtsinger_multitech\dataset\raw\Chinese\ZH-Tenor-1\Mixed_Voice_and_Falsetto\青花瓷\Mixed_Voice_Group\0013.wav,0,0.254058,1.565,Chinese,ZH-Tenor-1,青花瓷,Chinese/ZH-Tenor-1/青花瓷,0.0
d:\-MindEcho-main\ml_dl_models\gtsinger_multitech\dataset\raw\Chinese\ZH-Tenor-1\Mixed_Voice_and_Falsetto\我的歌声里\Mixed_Voice_Group\0009.wav,0,0.40525,3.165,Chinese,ZH-Tenor-1,我的歌声里,Chinese/ZH-Tenor-1/我的歌声里,0.0
d:\-MindEcho-main\ml_dl_models\gtsinger_multitech\dataset\raw\French\FR-Soprano-1\Mixed_Voice_and_Falsetto\le dernier train\Falsetto_Group\0011.wav,1,0.870855,12.32,French,FR-Soprano-1,le dernier train,French/FR-Soprano-1/le dernier train,0.21
d:\-MindEcho-main\ml_dl_models\gtsinger_multitech\dataset\raw\Chinese\ZH-Tenor-1\Mixed_Voice_and_Falsetto\偏爱\Falsetto_Group\0006.wav,1,0.561721,4.505,Chinese,ZH-Tenor-1,偏爱,Chinese/ZH-Tenor-1/偏爱,0.43
d:\-MindEcho-main\ml_dl_models\gtsinger_multitech\dataset\raw\Chinese\ZH-Tenor-1\Vibrato\我真的受伤了\Control_Group\0009.wav,1,0.504154,5.55,Chinese,ZH-Tenor-1,我真的受伤了,Chinese/ZH-Tenor-1/我真的受伤了,0.5
d:\-MindEcho-main\ml_dl_models\gtsinger_multitech\dataset\raw\Chinese\ZH-Tenor-1\Vibrato\后会无期\Control_Group\0004.wav,1,0.50766,3.645,Chinese,ZH-Tenor-1,后会无期,Chinese/ZH-Tenor-1/后会无期,1.61
d:\-MindEcho-main\ml_dl_models\gtsinger_multitech\dataset\raw\Chinese\ZH-Tenor-1\Pharyngeal\情歌\Control_Group\0013.wav,0,0.340115,2.34,Chinese,ZH-Tenor-1,情歌,Chinese/ZH-Tenor-1/情歌,0.0
d:\-MindEcho-main\ml_dl_models\gtsinger_multitech\dataset\raw\Chinese\ZH-Tenor-1\Mixed_Voice_and_Falsetto\残酷月光\Falsetto_Group\0011.wav,1,0.391351,2.57,Chinese,ZH-Tenor-1,残酷月光,Chinese/ZH-Tenor-1/残酷月光,0.56
d:\-MindEcho-main\ml_dl_models\gtsinger_multitech\dataset\raw\Chinese\ZH-Tenor-1\Mixed_Voice_and_Falsetto\老男孩\Falsetto_Group\0012.wav,0,0.474747,5.9,Chinese,ZH-Tenor-1,老男孩,Chinese/ZH-Tenor-1/老男孩,0.0
d:\-MindEcho-main\ml_dl_models\gtsinger_multitech\dataset\raw\Chinese\ZH-Tenor-1\Vibrato\水星记\Control_Group\0003.wav,1,0.5,3.355,Chinese,ZH-Tenor-1,水星记,Chinese/ZH-Tenor-1/水星记,0.37
d:\-MindEcho-main\ml_dl_models\gtsinger_multitech\dataset\raw\Chinese\ZH-Tenor-1\Mixed_Voice_and_Falsetto\倒带\Mixed_Voice_Group\0024.wav,0,0.501098,4.565,Chinese,ZH-Tenor-1,倒带,Chinese/ZH-Tenor-1/倒带,0.0
d:\-MindEcho-main\ml_dl_models\gtsinger_multitech\dataset\raw\French\FR-Soprano-1\Glissando\donnez-moi\Control_Group\0002.wav,0,0.136326,1.468,French,FR-Soprano-1,donnez-moi,French/FR-Soprano-1/donnez-moi,0.0
d:\-MindEcho-main\ml_dl_models\gtsinger_multitech\dataset\raw\Chinese\ZH-Tenor-1\Mixed_Voice_and_Falsetto\演员\Falsetto_Group\0012.wav,0,0.601187,6.078,Chinese,ZH-Tenor-1,演员,Chinese/ZH-Tenor-1/演员,0.0
d:\-MindEcho-main\ml_dl_models\gtsinger_multitech\dataset\raw\Chinese\ZH-Alto-1\Pharyngeal\说谎\Control_Group\0006.wav,0,0.23676,1.672,Chinese,ZH-Alto-1,说谎,Chinese/ZH-Alto-1/说谎,0.0
d:\-MindEcho-main\ml_dl_models\gtsinger_multitech\dataset\raw\Chinese\ZH-Alto-1\Mixed_Voice_and_Falsetto\知足\Falsetto_Group\0002.wav,0,0.5136,3.21,Chinese,ZH-Alto-1,知足,Chinese/ZH-Alto-1/知足,0.0
d:\-MindEcho-main\ml_dl_models\gtsinger_multitech\dataset\raw\Chinese\ZH-Tenor-1\Pharyngeal\不要忘记我爱你\Pharyngeal_Group\0009.wav,0,0.413012,2.825,Chinese,ZH-Tenor-1,不要忘记我爱你,Chinese/ZH-Tenor-1/不要忘记我爱你,0.0
d:\-MindEcho-main\ml_dl_models\gtsinger_multitech\dataset\raw\French\FR-Soprano-1\Glissando\la fuite\Control_Group\0001.wav,1,0.145186,1.683,French,FR-Soprano-1,la fuite,French/FR-Soprano-1/la fuite,1.59
d:\-MindEcho-main\ml_dl_models\gtsinger_multitech\dataset\raw\French\FR-Tenor-1\Glissando\avant\Control_Group\0003.wav,1,0.517444,7.713,French,FR-Tenor-1,avant,French/FR-Tenor-1/avant,0.581
d:\-MindEcho-main\ml_dl_models\gtsinger_multitech\dataset\raw\Chinese\ZH-Tenor-1\Pharyngeal\雨爱\Pharyngeal_Group\0001.wav,0,0.269615,2.165,Chinese,ZH-Tenor-1,雨爱,Chinese/ZH-Tenor-1/雨爱,0.0
d:\-MindEcho-main\ml_dl_models\gtsinger_multitech\dataset\raw\French\FR-Soprano-1\Pharyngeal\ce train qui s'en va\Pharyngeal_Group\0004.wav,1,0.536678,6.899,French,FR-Soprano-1,ce train qui s'en va,French/FR-Soprano-1/ce train qui s'en va,0.648
d:\-MindEcho-main\ml_dl_models\gtsinger_multitech\dataset\raw\French\FR-Soprano-1\Glissando\donnez-moi\Glissando_Group\0005.wav,1,0.905963,12.539,French,FR-Soprano-1,donnez-moi,French/FR-Soprano-1/donnez-moi,0.444
d:\-MindEcho-main\ml_dl_models\gtsinger_multitech\dataset\raw\Chinese\ZH-Alto-1\Mixed_Voice_and_Falsetto\老男孩\Control_Group\0002.wav,0,0.53356,3.538,Chinese,ZH-Alto-1,老男孩,Chinese/ZH-Alto-1/老男孩,0.0
d:\-MindEcho-main\ml_dl_models\gtsinger_multitech\dataset\raw\Chinese\ZH-Tenor-1\Mixed_Voice_and_Falsetto\后来\Mixed_Voice_Group\0011.wav,1,0.509491,5.905,Chinese,ZH-Tenor-1,后来,Chinese/ZH-Tenor-1/后来,1.29
d:\-MindEcho-main\ml_dl_models\gtsinger_multitech\dataset\raw\Chinese\ZH-Tenor-1\Mixed_Voice_and_Falsetto\末班车\Falsetto_Group\0007.wav,1,0.428571,2.79,Chinese,ZH-Tenor-1,末班车,Chinese/ZH-Tenor-1/末班车,0.58
d:\-MindEcho-main\ml_dl_models\gtsinger_multitech\dataset\raw\Chinese\ZH-Alto-1\Glissando\奇妙能力歌\Control_Group\0021.wav,0,0.232976,1.69,Chinese,ZH-Alto-1,奇妙能力歌,Chinese/ZH-Alto-1/奇妙能力歌,0.0
d:\-MindEcho-main\ml_dl_models\gtsinger_multitech\dataset\raw\Chinese\ZH-Tenor-1\Breathy\给电影人的情书\Breathy_Group\0019.wav,0,0.197501,1.414,Chinese,ZH-Tenor-1,给电影人的情书,Chinese/ZH-Tenor-1/给电影人的情书,0.0
d:\-MindEcho-main\ml_dl_models\gtsinger_multitech\dataset\raw\French\FR-Soprano-1\Mixed_Voice_and_Falsetto\chez moi\Falsetto_Group\0000.wav,1,0.638689,6.13,French,FR-Soprano-1,chez moi,French/FR-Soprano-1/chez moi,1.671
d:\-MindEcho-main\ml_dl_models\gtsinger_multitech\dataset\raw\Chinese\ZH-Tenor-1\Mixed_Voice_and_Falsetto\枫\Falsetto_Group\0001.wav,0,0.596945,5.08,Chinese,ZH-Tenor-1,枫,Chinese/ZH-Tenor-1/枫,0.0
d:\-MindEcho-main\ml_dl_models\gtsinger_multitech\dataset\raw\Chinese\ZH-Tenor-1\Pharyngeal\情歌\Pharyngeal_Group\0004.wav,1,0.521963,3.196,Chinese,ZH-Tenor-1,情歌,Chinese/ZH-Tenor-1/情歌,0.369
d:\-MindEcho-main\ml_dl_models\gtsinger_multitech\dataset\raw\Chinese\ZH-Tenor-1\Vibrato\水星记\Vibrato_Group\0016.wav,0,0.295638,1.83,Chinese,ZH-Tenor-1,水星记,Chinese/ZH-Tenor-1/水星记,0.0
d:\-MindEcho-main\ml_dl_models\gtsinger_multitech\dataset\raw\Chinese\ZH-Tenor-1\Mixed_Voice_and_Falsetto\最初的梦想\Control_Group\0003.wav,0,0.537081,4.49,Chinese,ZH-Tenor-1,最初的梦想,Chinese/ZH-Tenor-1/最初的梦想,0.0
d:\-MindEcho-main\ml_dl_models\gtsinger_multitech\dataset\raw\Chinese\ZH-Tenor-1\Mixed_Voice_and_Falsetto\末班车\Falsetto_Group\0002.wav,0,0.154737,1.47,Chinese,ZH-Tenor-1,末班车,Chinese/ZH-Tenor-1/末班车,0.0
d:\-MindEcho-main\ml_dl_models\gtsinger_multitech\dataset\raw\Chinese\ZH-Alto-1\Pharyngeal\隐形的翅膀\Pharyngeal_Group\0008.wav,1,0.516266,3.65,Chinese,ZH-Alto-1,隐形的翅膀,Chinese/ZH-Alto-1/隐形的翅膀,0.44
d:\-MindEcho-main\ml_dl_models\gtsinger_multitech\dataset\raw\Chinese\ZH-Alto-1\Glissando\奇妙能力歌\Control_Group\0012.wav,0,0.147443,1.355,Chinese,ZH-Alto-1,奇妙能力歌,Chinese/ZH-Alto-1/奇妙能力歌,0.0
d:\-MindEcho-main\ml_dl_models\gtsinger_multitech\dataset\raw\Chinese\ZH-Tenor-1\Breathy\不染\Breathy_Group\0019.wav,1,0.509804,3.38,Chinese,ZH-Tenor-1,不染,Chinese/ZH-Tenor-1/不染,0.44
d:\-MindEcho-main\ml_dl_models\gtsinger_multitech\dataset\raw\Chinese\ZH-Tenor-1\Vibrato\水星记\Control_Group\0001.wav,1,0.319696,3.36,Chinese,ZH-Tenor-1,水星记,Chinese/ZH-Tenor-1/水星记,0.32
d:\-MindEcho-main\ml_dl_models\gtsinger_multitech\dataset\raw\French\FR-Soprano-1\Mixed_Voice_and_Falsetto\la terre\Mixed_Voice_Group\0000.wav,0,0.474341,3.882,French,FR-Soprano-1,la terre,French/FR-Soprano-1/la terre,0.0
d:\-MindEcho-main\ml_dl_models\gtsinger_multitech\dataset\raw\Chinese\ZH-Alto-1\Mixed_Voice_and_Falsetto\知足\Mixed_Voice_Group\0014.wav,0,0.25034,1.472,Chinese,ZH-Alto-1,知足,Chinese/ZH-Alto-1/知足,0.0
d:\-MindEcho-main\ml_dl_models\gtsinger_multitech\dataset\raw\Chinese\ZH-Tenor-1\Mixed_Voice_and_Falsetto\江南\Mixed_Voice_Group\0004.wav,0,0.180867,1.21,Chinese,ZH-Tenor-1,江南,Chinese/ZH-Tenor-1/江南,0.0
d:\-MindEcho-main\ml_dl_models\gtsinger_multitech\dataset\raw\Chinese\ZH-Alto-1\Mixed_Voice_and_Falsetto\化身孤岛的鲸\Mixed_Voice_Group\0006.wav,1,0.281405,2.845,Chinese,ZH-Alto-1,化身孤岛的鲸,Chinese/ZH-Alto-1/化身孤岛的鲸,0.31
d:\-MindEcho-main\ml_dl_models\gtsinger_multitech\dataset\raw\Chinese\ZH-Alto-1\Vibrato\南山南\Vibrato_Group\0006.wav,0,0.28963,1.955,Chinese,ZH-Alto-1,南山南,Chinese/ZH-Alto-1/南山南,0.0
d:\-MindEcho-main\ml_dl_models\gtsinger_multitech\dataset\raw\French\FR-Tenor-1\Glissando\ouvre\Control_Group\0003.wav,1,0.912492,13.418,French,FR-Tenor-1,ouvre,French/FR-Tenor-1/ouvre,0.591
d:\-MindEcho-main\ml_dl_models\gtsinger_multitech\dataset\raw\Chinese\ZH-Alto-1\Glissando\奇妙能力歌\Glissando_Group\0013.wav,1,0.443055,3.54,Chinese,ZH-Alto-1,奇妙能力歌,Chinese/ZH-Alto-1/奇妙能力歌,0.36
d:\-MindEcho-main\ml_dl_models\gtsinger_multitech\dataset\raw\French\FR-Soprano-1\Vibrato\eden eden\Paired_Speech_Group\0008.wav,0,0.409869,1.437,French,FR-Soprano-1,eden eden,French/FR-Soprano-1/eden eden,0.0
d:\-MindEcho-main\ml_dl_models\gtsinger_multitech\dataset\raw\Chinese\ZH-Alto-1\Glissando\曹操\Glissando_Group\0005.wav,1,0.470887,3.34,Chinese,ZH-Alto-1,曹操,Chinese/ZH-Alto-1/曹操,0.26
d:\-MindEcho-main\ml_dl_models\gtsinger_multitech\dataset\raw\Chinese\ZH-Tenor-1\Pharyngeal\雨爱\Pharyngeal_Group\0003.wav,0,0.200234,1.71,Chinese,ZH-Tenor-1,雨爱,Chinese/ZH-Tenor-1/雨爱,0.0
d:\-MindEcho-main\ml_dl_models\gtsinger_multitech\dataset\raw\Chinese\ZH-Tenor-1\Mixed_Voice_and_Falsetto\讲真的\Mixed_Voice_Group\0008.wav,0,0.673765,4.636,Chinese,ZH-Tenor-1,讲真的,Chinese/ZH-Tenor-1/讲真的,0.0
d:\-MindEcho-main\ml_dl_models\gtsinger_multitech\dataset\raw\Chinese\ZH-Alto-1\Glissando\温柔\Control_Group\0015.wav,0,0.553841,3.482,Chinese,ZH-Alto-1,温柔,Chinese/ZH-Alto-1/温柔,0.0
d:\-MindEcho-main\ml_dl_models\gtsinger_multitech\dataset\raw\Chinese\ZH-Tenor-1\Glissando\给电影人的情书\Control_Group\0017.wav,1,0.376722,2.926,Chinese,ZH-Tenor-1,给电影人的情书,Chinese/ZH-Tenor-1/给电影人的情书,0.292
d:\-MindEcho-main\ml_dl_models\gtsinger_multitech\dataset\raw\Chinese\ZH-Tenor-1\Breathy\和你一样\Breathy_Group\0012.wav,0,0.152471,1.45,Chinese,ZH-Tenor-1,和你一样,Chinese/ZH-Tenor-1/和你一样,0.0
d:\-MindEcho-main\ml_dl_models\gtsinger_multitech\dataset\raw\Chinese\ZH-Tenor-1\Mixed_Voice_and_Falsetto\后来\Control_Group\0003.wav,1,0.716667,10.75,Chinese,ZH-Tenor-1,后来,Chinese/ZH-Tenor-1/后来,0.56
d:\-MindEcho-main\ml_dl_models\gtsinger_multitech\dataset\raw\Chinese\ZH-Tenor-1\Mixed_Voice_and_Falsetto\全世界谁倾听你\Control_Group\0011.wav,1,0.596306,6.78,Chinese,ZH-Tenor-1,全世界谁倾听你,Chinese/ZH-Tenor-1/全世界谁倾听你,0.34
d:\-MindEcho-main\ml_dl_models\gtsinger_multitech\dataset\raw\French\FR-Tenor-1\Glissando\manon\Glissando_Group\0004.wav,1,0.878947,9.518,French,FR-Tenor-1,manon,French/FR-Tenor-1/manon,0.79
d:\-MindEcho-main\ml_dl_models\gtsinger_multitech\dataset\raw\Chinese\ZH-Tenor-1\Glissando\残酷月光\Glissando_Group\0001.wav,1,0.405212,2.55,Chinese,ZH-Tenor-1,残酷月光,Chinese/ZH-Tenor-1/残酷月光,1.0
d:\-MindEcho-main\ml_dl_models\gtsinger_multitech\dataset\raw\Chinese\ZH-Tenor-1\Pharyngeal\雨爱\Control_Group\0001.wav,0,0.156559,1.265,Chinese,ZH-Tenor-1,雨爱,Chinese/ZH-Tenor-1/雨爱,0.0
d:\-MindEcho-main\ml_dl_models\gtsinger_multitech\dataset\raw\Chinese\ZH-Alto-1\Breathy\温柔\Breathy_Group\0007.wav,1,0.559103,4.115,Chinese,ZH-Alto-1,温柔,Chinese/ZH-Alto-1/温柔,0.49
d:\-MindEcho-main\ml_dl_models\gtsinger_multitech\dataset\raw\Chinese\ZH-Tenor-1\Pharyngeal\情歌\Control_Group\0006.wav,0,0.221974,1.54,Chinese,ZH-Tenor-1,情歌,Chinese/ZH-Tenor-1/情歌,0.0
d:\-MindEcho-main\ml_dl_models\gtsinger_multitech\dataset\raw\Chinese\ZH-Alto-1\Mixed_Voice_and_Falsetto\忽然之间\Falsetto_Group\0002.wav,1,0.720308,9.825,Chinese,ZH-Alto-1,忽然之间,Chinese/ZH-Alto-1/忽然之间,0.83
d:\-MindEcho-main\ml_dl_models\gtsinger_multitech\dataset\raw\Chinese\ZH-Tenor-1\Mixed_Voice_and_Falsetto\听海\Control_Group\0006.wav,0,0.596322,4.377,Chinese,ZH-Tenor-1,听海,Chinese/ZH-Tenor-1/听海,0.0
d:\-MindEcho-main\ml_dl_models\gtsinger_multitech\dataset\raw\Chinese\ZH-Tenor-1\Vibrato\后会无期\Control_Group\0002.wav,0,0.192056,1.849,Chinese,ZH-Tenor-1,后会无期,Chinese/ZH-Tenor-1/后会无期,0.0
d:\-MindEcho-main\ml_dl_models\gtsinger_multitech\dataset\raw\French\FR-Tenor-1\Glissando\pourquoi\Paired_Speech_Group\0002.wav,0,0.263993,1.231,French,FR-Tenor-1,pourquoi,French/FR-Tenor-1/pourquoi,0.0
d:\-MindEcho-main\ml_dl_models\gtsinger_multitech\dataset\raw\Chinese\ZH-Tenor-1\Mixed_Voice_and_Falsetto\最初的梦想\Control_Group\0014.wav,0,0.522925,6.615,Chinese,ZH-Tenor-1,最初的梦想,Chinese/ZH-Tenor-1/最初的梦想,0.0
d:\-MindEcho-main\ml_dl_models\gtsinger_multitech\dataset\raw\French\FR-Soprano-1\Breathy\le balcon\Control_Group\0004.wav,1,0.535257,5.002,French,FR-Soprano-1,le balcon,French/FR-Soprano-1/le balcon,0.121
d:\-MindEcho-main\ml_dl_models\gtsinger_multitech\dataset\raw\Chinese\ZH-Alto-1\Mixed_Voice_and_Falsetto\时间煮雨\Control_Group\0007.wav,0,0.460729,3.285,Chinese,ZH-Alto-1,时间煮雨,Chinese/ZH-Alto-1/时间煮雨,0.0
d:\-MindEcho-main\ml_dl_models\gtsinger_multitech\dataset\raw\Chinese\ZH-Alto-1\Mixed_Voice_and_Falsetto\我的歌声里\Control_Group\0005.wav,0,0.507638,4.32,Chinese,ZH-Alto-1,我的歌声里,Chinese/ZH-Alto-1/我的歌声里,0.0
d:\-MindEcho-main\ml_dl_models\gtsinger_multitech\dataset\raw\Chinese\ZH-Tenor-1\Mixed_Voice_and_Falsetto\讲真的\Falsetto_Group\0004.wav,0,0.141225,1.36,Chinese,ZH-Tenor-1,讲真的,Chinese/ZH-Tenor-1/讲真的,0.0
d:\-MindEcho-main\ml_dl_models\gtsinger_multitech\dataset\raw\French\FR-Soprano-1\Pharyngeal\je ne veux pas de toi\Control_Group\0001.wav,0,0.109027,1.451,French,FR-Soprano-1,je ne veux pas de toi,French/FR-Soprano-1/je ne veux pas de toi,0.0
d:\-MindEcho-main\ml_dl_models\gtsinger_multitech\dataset\raw\Chinese\ZH-Tenor-1\Glissando\倒带\Glissando_Group\0017.wav,0,0.503876,3.445,Chinese,ZH-Tenor-1,倒带,Chinese/ZH-Tenor-1/倒带,0.0
d:\-MindEcho-main\ml_dl_models\gtsinger_multitech\dataset\raw\Chinese\ZH-Tenor-1\Mixed_Voice_and_Falsetto\后来\Mixed_Voice_Group\0001.wav,0,0.095481,1.5,Chinese,ZH-Tenor-1,后来,Chinese/ZH-Tenor-1/后来,0.0
d:\-MindEcho-main\ml_dl_models\gtsinger_multitech\dataset\raw\Chinese\ZH-Tenor-1\Mixed_Voice_and_Falsetto\末班车\Mixed_Voice_Group\0005.wav,1,0.419735,2.85,Chinese,ZH-Tenor-1,末班车,Chinese/ZH-Tenor-1/末班车,0.52
d:\-MindEcho-main\ml_dl_models\gtsinger_multitech\dataset\raw\Chinese\ZH-Alto-1\Vibrato\南山南\Control_Group\0004.wav,0,0.187584,1.39,Chinese,ZH-Alto-1,南山南,Chinese/ZH-Alto-1/南山南,0.0
d:\-MindEcho-main\ml_dl_models\gtsinger_multitech\dataset\raw\Chinese\ZH-Alto-1\Mixed_Voice_and_Falsetto\三寸天堂\Falsetto_Group\0002.wav,0,0.413116,2.52,Chinese,ZH-Alto-1,三寸天堂,Chinese/ZH-Alto-1/三寸天堂,0.0
d:\-MindEcho-main\ml_dl_models\gtsinger_multitech\dataset\raw\French\FR-Soprano-1\Glissando\dingdong\Glissando_Group\0001.wav,1,0.102658,1.456,French,FR-Soprano-1,dingdong,French/FR-Soprano-1/dingdong,0.532
d:\-MindEcho-main\ml_dl_models\gtsinger_multitech\dataset\raw\Chinese\ZH-Tenor-1\Mixed_Voice_and_Falsetto\最初的梦想\Control_Group\0016.wav,1,0.683486,5.96,Chinese,ZH-Tenor-1,最初的梦想,Chinese/ZH-Tenor-1/最初的梦想,0.22
d:\-MindEcho-main\ml_dl_models\gtsinger_multitech\dataset\raw\French\FR-Soprano-1\Breathy\la chanson de la mer\Paired_Speech_Group\0000.wav,0,0.502314,2.171,French,FR-Soprano-1,la chanson de la mer,French/FR-Soprano-1/la chanson de la mer,0.0
d:\-MindEcho-main\ml_dl_models\gtsinger_multitech\dataset\raw\French\FR-Soprano-1\Mixed_Voice_and_Falsetto\mustang cabriolet\Falsetto_Group\0003.wav,0,0.10544,1.867,French,FR-Soprano-1,mustang cabriolet,French/FR-Soprano-1/mustang cabriolet,0.0
d:\-MindEcho-main\ml_dl_models\gtsinger_multitech\dataset\raw\Chinese\ZH-Alto-1\Mixed_Voice_and_Falsetto\演员\Control_Group\0003.wav,0,0.140893,1.23,Chinese,ZH-Alto-1,演员,Chinese/ZH-Alto-1/演员,0.0
d:\-MindEcho-main\ml_dl_models\gtsinger_multitech\dataset\raw\Chinese\ZH-Alto-1\Pharyngeal\默\Control_Group\0000.wav,0,0.300842,2.5,Chinese,ZH-Alto-1,默,Chinese/ZH-Alto-1/默,0.0
d:\-MindEcho-main\ml_dl_models\gtsinger_multitech\dataset\raw\French\FR-Soprano-1\Pharyngeal\comment dire\Paired_Speech_Group\0008.wav,0,0.159986,1.361,French,FR-Soprano-1,comment dire,French/FR-Soprano-1/comment dire,0.0
d:\-MindEcho-main\ml_dl_models\gtsinger_multitech\dataset\raw\Chinese\ZH-Tenor-1\Mixed_Voice_and_Falsetto\后来\Mixed_Voice_Group\0009.wav,0,0.556347,4.295,Chinese,ZH-Tenor-1,后来,Chinese/ZH-Tenor-1/后来,0.0
d:\-MindEcho-main\ml_dl_models\gtsinger_multitech\dataset\raw\Chinese\ZH-Alto-1\Pharyngeal\崇拜\Control_Group\0002.wav,0,0.205633,1.333,Chinese,ZH-Alto-1,崇拜,Chinese/ZH-Alto-1/崇拜,0.0
d:\-MindEcho-main\ml_dl_models\gtsinger_multitech\dataset\raw\Chinese\ZH-Alto-1\Mixed_Voice_and_Falsetto\南山南\Mixed_Voice_Group\0001.wav,0,0.137195,1.35,Chinese,ZH-Alto-1,南山南,Chinese/ZH-Alto-1/南山南,0.0
d:\-MindEcho-main\ml_dl_models\gtsinger_multitech\dataset\raw\Chinese\ZH-Alto-1\Breathy\不再见\Control_Group\0005.wav,0,0.410738,3.06,Chinese,ZH-Alto-1,不再见,Chinese/ZH-Alto-1/不再见,0.0
d:\-MindEcho-main\ml_dl_models\gtsinger_multitech\dataset\raw\Chinese\ZH-Tenor-1\Mixed_Voice_and_Falsetto\最初的梦想\Mixed_Voice_Group\0010.wav,1,0.75813,5.595,Chinese,ZH-Tenor-1,最初的梦想,Chinese/ZH-Tenor-1/最初的梦想,0.47
d:\-MindEcho-main\ml_dl_models\gtsinger_multitech\dataset\raw\French\FR-Soprano-1\Breathy\la famillle que l'on a choisie\Paired_Speech_Group\0000.wav,0,0.33141,1.436,French,FR-Soprano-1,la famillle que l'on a choisie,French/FR-Soprano-1/la famillle que l'on a choisie,0.0
d:\-MindEcho-main\ml_dl_models\gtsinger_multitech\dataset\raw\Chinese\ZH-Alto-1\Breathy\知足\Control_Group\0008.wav,0,0.218831,1.685,Chinese,ZH-Alto-1,知足,Chinese/ZH-Alto-1/知足,0.0
d:\-MindEcho-main\ml_dl_models\gtsinger_multitech\dataset\raw\Chinese\ZH-Alto-1\Mixed_Voice_and_Falsetto\老男孩\Control_Group\0010.wav,1,0.549519,3.995,Chinese,ZH-Alto-1,老男孩,Chinese/ZH-Alto-1/老男孩,0.41
d:\-MindEcho-main\ml_dl_models\gtsinger_multitech\dataset\raw\French\FR-Soprano-1\Pharyngeal\l'amour\Pharyngeal_Group\0000.wav,1,0.469907,6.613,French,FR-Soprano-1,l'amour,French/FR-Soprano-1/l'amour,0.42
d:\-MindEcho-main\ml_dl_models\gtsinger_multitech\dataset\raw\Chinese\ZH-Alto-1\Pharyngeal\你就不要想起我\Pharyngeal_Group\0006.wav,1,0.460585,4.09,Chinese,ZH-Alto-1,你就不要想起我,Chinese/ZH-Alto-1/你就不要想起我,0.48
d:\-MindEcho-main\ml_dl_models\gtsinger_multitech\dataset\raw\French\FR-Soprano-1\Pharyngeal\la terre\Control_Group\0001.wav,0,0.142287,1.621,French,FR-Soprano-1,la terre,French/FR-Soprano-1/la terre,0.0
d:\-MindEcho-main\ml_dl_models\gtsinger_multitech\dataset\raw\French\FR-Soprano-1\Pharyngeal\je ne veux pas de toi\Pharyngeal_Group\0004.wav,0,0.530608,8.581,French,FR-Soprano-1,je ne veux pas de toi,French/FR-Soprano-1/je ne veux pas de toi,0.0
d:\-MindEcho-main\ml_dl_models\gtsinger_multitech\dataset\raw\Chinese\ZH-Tenor-1\Pharyngeal\情歌\Control_Group\0002.wav,1,0.277945,2.407,Chinese,ZH-Tenor-1,情歌,Chinese/ZH-Tenor-1/情歌,0.406
d:\-MindEcho-main\ml_dl_models\gtsinger_multitech\dataset\raw\Chinese\ZH-Tenor-1\Glissando\彩虹\Control_Group\0005.wav,1,0.698068,8.67,Chinese,ZH-Tenor-1,彩虹,Chinese/ZH-Tenor-1/彩虹,0.4
d:\-MindEcho-main\ml_dl_models\gtsinger_multitech\dataset\raw\Chinese\ZH-Tenor-1\Mixed_Voice_and_Falsetto\全世界谁倾听你\Mixed_Voice_Group\0012.wav,1,0.410522,4.955,Chinese,ZH-Tenor-1,全世界谁倾听你,Chinese/ZH-Tenor-1/全世界谁倾听你,0.47
d:\-MindEcho-main\ml_dl_models\gtsinger_multitech\dataset\raw\Chinese\ZH-Alto-1\Vibrato\好久不见\Vibrato_Group\0001.wav,0,0.172893,1.99,Chinese,ZH-Alto-1,好久不见,Chinese/ZH-Alto-1/好久不见,0.0
d:\-MindEcho-main\ml_dl_models\gtsinger_multitech\dataset\raw\Chinese\ZH-Tenor-1\Breathy\给电影人的情书\Control_Group\0013.wav,0,0.120696,1.465,Chinese,ZH-Tenor-1,给电影人的情书,Chinese/ZH-Tenor-1/给电影人的情书,0.0
d:\-MindEcho-main\ml_dl_models\gtsinger_multitech\dataset\raw\French\FR-Tenor-1\Glissando\Les Marionnettes\Glissando_Group\0006.wav,0,0.06786,1.317,French,FR-Tenor-1,Les Marionnettes,French/FR-Tenor-1/Les Marionnettes,0.0
d:\-MindEcho-main\ml_dl_models\gtsinger_multitech\dataset\raw\Chinese\ZH-Tenor-1\Vibrato\残酷月光\Vibrato_Group\0006.wav,1,0.602899,6.24,Chinese,ZH-Tenor-1,残酷月光,Chinese/ZH-Tenor-1/残酷月光,0.28
d:\-MindEcho-main\ml_dl_models\gtsinger_multitech\dataset\raw\Chinese\ZH-Tenor-1\Glissando\彩虹\Glissando_Group\0001.wav,1,0.658979,8.0,Chinese,ZH-Tenor-1,彩虹,Chinese/ZH-Tenor-1/彩虹,0.24
d:\-MindEcho-main\ml_dl_models\gtsinger_multitech\dataset\raw\French\FR-Soprano-1\Mixed_Voice_and_Falsetto\violet snow\Control_Group\0010.wav,0,0.426451,3.879,French,FR-Soprano-1,violet snow,French/FR-Soprano-1/violet snow,0.0
d:\-MindEcho-main\ml_dl_models\gtsinger_multitech\dataset\raw\Chinese\ZH-Tenor-1\Mixed_Voice_and_Falsetto\讲真的\Control_Group\0016.wav,1,0.581466,5.71,Chinese,ZH-Tenor-1,讲真的,Chinese/ZH-Tenor-1/讲真的,0.4
d:\-MindEcho-main\ml_dl_models\gtsinger_multitech\dataset\raw\French\FR-Tenor-1\Glissando\Les Marionnettes\Control_Group\0008.wav,0,0.156033,1.271,French,FR-Tenor-1,Les Marionnettes,French/FR-Tenor-1/Les Marionnettes,0.0
d:\-MindEcho-main\ml_dl_models\gtsinger_multitech\dataset\raw\Chinese\ZH-Tenor-1\Mixed_Voice_and_Falsetto\可惜没如果\Falsetto_Group\0002.wav,1,0.804632,12.207,Chinese,ZH-Tenor-1,可惜没如果,Chinese/ZH-Tenor-1/可惜没如果,0.44
d:\-MindEcho-main\ml_dl_models\gtsinger_multitech\dataset\raw\Chinese\ZH-Tenor-1\Mixed_Voice_and_Falsetto\想自由\Mixed_Voice_Group\0010.wav,0,0.276581,1.925,Chinese,ZH-Tenor-1,想自由,Chinese/ZH-Tenor-1/想自由,0.0
d:\-MindEcho-main\ml_dl_models\gtsinger_multitech\dataset\raw\Chinese\ZH-Tenor-1\Mixed_Voice_and_Falsetto\江南\Mixed_Voice_Group\0009.wav,1,0.399819,4.41,Chinese,ZH-Tenor-1,江南,Chinese/ZH-Tenor-1/江南,0.28
d:\-MindEcho-main\ml_dl_models\gtsinger_multitech\dataset\raw\Chinese\ZH-Tenor-1\Glissando\大鱼\Glissando_Group\0007.wav,0,0.409274,4.06,Chinese,ZH-Tenor-1,大鱼,Chinese/ZH-Tenor-1/大鱼,0.0
d:\-MindEcho-main\ml_dl_models\gtsinger_multitech\dataset\raw\Chinese\ZH-Alto-1\Mixed_Voice_and_Falsetto\年轮\Falsetto_Group\0002.wav,0,0.426268,2.686,Chinese,ZH-Alto-1,年轮,Chinese/ZH-Alto-1/年轮,0.0
d:\-MindEcho-main\ml_dl_models\gtsinger_multitech\dataset\raw\French\FR-Soprano-1\Mixed_Voice_and_Falsetto\lentement\Mixed_Voice_Group\0010.wav,1,0.859271,7.954,French,FR-Soprano-1,lentement,French/FR-Soprano-1/lentement,1.146
d:\-MindEcho-main\ml_dl_models\gtsinger_multitech\dataset\raw\Chinese\ZH-Alto-1\Mixed_Voice_and_Falsetto\三寸天堂\Control_Group\0004.wav,0,0.214176,1.39,Chinese,ZH-Alto-1,三寸天堂,Chinese/ZH-Alto-1/三寸天堂,0.0
d:\-MindEcho-main\ml_dl_models\gtsinger_multitech\dataset\raw\French\FR-Soprano-1\Pharyngeal\lassasymphonie\Control_Group\0001.wav,0,0.420505,3.679,French,FR-Soprano-1,lassasymphonie,French/FR-Soprano-1/lassasymphonie,0.0
d:\-MindEcho-main\ml_dl_models\gtsinger_multitech\dataset\raw\Chinese\ZH-Tenor-1\Mixed_Voice_and_Falsetto\全世界谁倾听你\Control_Group\0011.wav,0,0.666227,7.575,Chinese,ZH-Tenor-1,全世界谁倾听你,Chinese/ZH-Tenor-1/全世界谁倾听你,0.0
d:\-MindEcho-main\ml_dl_models\gtsinger_multitech\dataset\raw\Chinese\ZH-Tenor-1\Pharyngeal\不为谁而作的歌\Control_Group\0014.wav,1,0.636671,5.83,Chinese,ZH-Tenor-1,不为谁而作的歌,Chinese/ZH-Tenor-1/不为谁而作的歌,0.3
d:\-MindEcho-main\ml_dl_models\gtsinger_multitech\dataset\raw\French\FR-Soprano-1\Mixed_Voice_and_Falsetto\magic boul'vard\Mixed_Voice_Group\0004.wav,0,0.122795,1.337,French,FR-Soprano-1,magic boul'vard,French/FR-Soprano-1/magic boul'vard,0.0
d:\-MindEcho-main\ml_dl_models\gtsinger_multitech\dataset\raw\Chinese\ZH-Tenor-1\Mixed_Voice_and_Falsetto\倒带\Mixed_Voice_Group\0007.wav,1,0.512694,3.635,Chinese,ZH-Tenor-1,倒带,Chinese/ZH-Tenor-1/倒带,0.31
d:\-MindEcho-main\ml_dl_models\gtsinger_multitech\dataset\raw\Chinese\ZH-Alto-1\Glissando\没那么简单\Glissando_Group\0010.wav,0,0.176413,1.369,Chinese,ZH-Alto-1,没那么简单,Chinese/ZH-Alto-1/没那么简单,0.0
d:\-MindEcho-main\ml_dl_models\gtsinger_multitech\dataset\raw\Chinese\ZH-Tenor-1\Mixed_Voice_and_Falsetto\倒带\Control_Group\0015.wav,1,0.502903,3.465,Chinese,ZH-Tenor-1,倒带,Chinese/ZH-Tenor-1/倒带,0.43
d:\-MindEcho-main\ml_dl_models\gtsinger_multitech\dataset\raw\Chinese\ZH-Tenor-1\Mixed_Voice_and_Falsetto\演员\Control_Group\0012.wav,1,0.493602,5.015,Chinese,ZH-Tenor-1,演员,Chinese/ZH-Tenor-1/演员,0.35
d:\-MindEcho-main\ml_dl_models\gtsinger_multitech\dataset\raw\Chinese\ZH-Tenor-1\Breathy\给电影人的情书\Breathy_Group\0011.wav,1,0.725844,8.805,Chinese,ZH-Tenor-1,给电影人的情书,Chinese/ZH-Tenor-1/给电影人的情书,0.469
d:\-MindEcho-main\ml_dl_models\gtsinger_multitech\dataset\raw\French\FR-Soprano-1\Pharyngeal\comment dire\Control_Group\0003.wav,1,0.341098,3.939,French,FR-Soprano-1,comment dire,French/FR-Soprano-1/comment dire,0.976
d:\-MindEcho-main\ml_dl_models\gtsinger_multitech\dataset\raw\Chinese\ZH-Alto-1\Mixed_Voice_and_Falsetto\忽然之间\Mixed_Voice_Group\0006.wav,1,0.261898,1.739,Chinese,ZH-Alto-1,忽然之间,Chinese/ZH-Alto-1/忽然之间,0.302
d:\-MindEcho-main\ml_dl_models\gtsinger_multitech\dataset\raw\Chinese\ZH-Tenor-1\Mixed_Voice_and_Falsetto\后来\Mixed_Voice_Group\0004.wav,0,0.323196,2.455,Chinese,ZH-Tenor-1,后来,Chinese/ZH-Tenor-1/后来,0.0
d:\-MindEcho-main\ml_dl_models\gtsinger_multitech\dataset\raw\Chinese\ZH-Tenor-1\Vibrato\失落沙洲\Vibrato_Group\0004.wav,0,0.165016,1.4,Chinese,ZH-Tenor-1,失落沙洲,Chinese/ZH-Tenor-1/失落沙洲,0.0
d:\-MindEcho-main\ml_dl_models\gtsinger_multitech\dataset\raw\Chinese\ZH-Tenor-1\Mixed_Voice_and_Falsetto\听海\Mixed_Voice_Group\0015.wav,0,0.404621,2.189,Chinese,ZH-Tenor-1,听海,Chinese/ZH-Tenor-1/听海,0.0
d:\-MindEcho-main\ml_dl_models\gtsinger_multitech\dataset\raw\Chinese\ZH-Tenor-1\Mixed_Voice_and_Falsetto\偏爱\Mixed_Voice_Group\0003.wav,1,0.572105,7.125,Chinese,ZH-Tenor-1,偏爱,Chinese/ZH-Tenor-1/偏爱,0.59
d:\-MindEcho-main\ml_dl_models\gtsinger_multitech\dataset\raw\Chinese\ZH-Tenor-1\Mixed_Voice_and_Falsetto\倒带\Mixed_Voice_Group\0014.wav,0,0.217049,1.515,Chinese,ZH-Tenor-1,倒带,Chinese/ZH-Tenor-1/倒带,0.0
d:\-MindEcho-main\ml_dl_models\gtsinger_multitech\dataset\raw\Chinese\ZH-Tenor-1\Glissando\残酷月光\Glissando_Group\0004.wav,1,0.66957,5.765,Chinese,ZH-Tenor-1,残酷月光,Chinese/ZH-Tenor-1/残酷月光,1.25
d:\-MindEcho-main\ml_dl_models\gtsinger_multitech\dataset\raw\French\FR-Soprano-1\Vibrato\eden eden\Paired_Speech_Group\0012.wav,0,0.632649,2.957,French,FR-Soprano-1,eden eden,French/FR-Soprano-1/eden eden,0.0
d:\-MindEcho-main\ml_dl_models\gtsinger_multitech\dataset\raw\French\FR-Tenor-1\Glissando\o souverain\Glissando_Group\0001.wav,0,0.167109,3.148,French,FR-Tenor-1,o souverain,French/FR-Tenor-1/o souverain,0.0
d:\-MindEcho-main\ml_dl_models\gtsinger_multitech\dataset\raw\Chinese\ZH-Alto-1\Mixed_Voice_and_Falsetto\终于等到你\Mixed_Voice_Group\0002.wav,1,0.334151,2.519,Chinese,ZH-Alto-1,终于等到你,Chinese/ZH-Alto-1/终于等到你,0.301
d:\-MindEcho-main\ml_dl_models\gtsinger_multitech\dataset\raw\Chinese\ZH-Alto-1\Mixed_Voice_and_Falsetto\知足\Mixed_Voice_Group\0013.wav,0,0.224603,1.415,Chinese,ZH-Alto-1,知足,Chinese/ZH-Alto-1/知足,0.0
d:\-MindEcho-main\ml_dl_models\gtsinger_multitech\dataset\raw\Chinese\ZH-Tenor-1\Pharyngeal\全世界谁倾听你\Control_Group\0003.wav,0,0.640499,6.405,Chinese,ZH-Tenor-1,全世界谁倾听你,Chinese/ZH-Tenor-1/全世界谁倾听你,0.0
d:\-MindEcho-main\ml_dl_models\gtsinger_multitech\dataset\raw\Chinese\ZH-Alto-1\Mixed_Voice_and_Falsetto\匆匆那年\Falsetto_Group\0008.wav,0,0.126797,1.235,Chinese,ZH-Alto-1,匆匆那年,Chinese/ZH-Alto-1/匆匆那年,0.0
d:\-MindEcho-main\ml_dl_models\gtsinger_multitech\dataset\raw\French\FR-Soprano-1\Breathy\la chanson de la mer\Breathy_Group\0000.wav,0,0.597004,6.157,French,FR-Soprano-1,la chanson de la mer,French/FR-Soprano-1/la chanson de la mer,0.0
d:\-MindEcho-main\ml_dl_models\gtsinger_multitech\dataset\raw\Chinese\ZH-Alto-1\Mixed_Voice_and_Falsetto\剑伤\Mixed_Voice_Group\0007.wav,0,0.177071,1.302,Chinese,ZH-Alto-1,剑伤,Chinese/ZH-Alto-1/剑伤,0.0
d:\-MindEcho-main\ml_dl_models\gtsinger_multitech\dataset\raw\Chinese\ZH-Tenor-1\Breathy\给电影人的情书\Breathy_Group\0002.wav,1,0.475108,4.418,Chinese,ZH-Tenor-1,给电影人的情书,Chinese/ZH-Tenor-1/给电影人的情书,0.463
d:\-MindEcho-main\ml_dl_models\gtsinger_multitech\dataset\raw\Chinese\ZH-Tenor-1\Breathy\默\Control_Group\0000.wav,0,0.531008,6.165,Chinese,ZH-Tenor-1,默,Chinese/ZH-Tenor-1/默,0.0
d:\-MindEcho-main\ml_dl_models\gtsinger_multitech\dataset\raw\Chinese\ZH-Alto-1\Pharyngeal\逆光\Control_Group\0002.wav,0,0.558205,3.98,Chinese,ZH-Alto-1,逆光,Chinese/ZH-Alto-1/逆光,0.0
d:\-MindEcho-main\ml_dl_models\gtsinger_multitech\dataset\raw\Chinese\ZH-Tenor-1\Mixed_Voice_and_Falsetto\修炼爱情\Falsetto_Group\0002.wav,1,0.477106,5.47,Chinese,ZH-Tenor-1,修炼爱情,Chinese/ZH-Tenor-1/修炼爱情,0.5
d:\-MindEcho-main\ml_dl_models\gtsinger_multitech\dataset\raw\Chinese\ZH-Tenor-1\Glissando\残酷月光\Glissando_Group\0006.wav,1,0.313535,3.22,Chinese,ZH-Tenor-1,残酷月光,Chinese/ZH-Tenor-1/残酷月光,0.48
d:\-MindEcho-main\ml_dl_models\gtsinger_multitech\dataset\raw\Chinese\ZH-Tenor-1\Breathy\不染\Control_Group\0017.wav,0,0.479116,3.143,Chinese,ZH-Tenor-1,不染,Chinese/ZH-Tenor-1/不染,0.0
d:\-MindEcho-main\ml_dl_models\gtsinger_multitech\dataset\raw\Chinese\ZH-Tenor-1\Mixed_Voice_and_Falsetto\倒带\Mixed_Voice_Group\0008.wav,0,0.127551,1.375,Chinese,ZH-Tenor-1,倒带,Chinese/ZH-Tenor-1/倒带,0.0
d:\-MindEcho-main\ml_dl_models\gtsinger_multitech\dataset\raw\Chinese\ZH-Tenor-1\Mixed_Voice_and_Falsetto\残酷月光\Falsetto_Group\0009.wav,0,0.263445,3.625,Chinese,ZH-Tenor-1,残酷月光,Chinese/ZH-Tenor-1/残酷月光,0.0
d:\-MindEcho-main\ml_dl_models\gtsinger_multitech\dataset\raw\Chinese\ZH-Tenor-1\Glissando\倒带\Control_Group\0017.wav,0,0.228342,1.505,Chinese,ZH-Tenor-1,倒带,Chinese/ZH-Tenor-1/倒带,0.0
d:\-MindEcho-main\ml_dl_models\gtsinger_multitech\dataset\raw\Chinese\ZH-Alto-1\Mixed_Voice_and_Falsetto\化身孤岛的鲸\Mixed_Voice_Group\0014.wav,0,0.150532,1.415,Chinese,ZH-Alto-1,化身孤岛的鲸,Chinese/ZH-Alto-1/化身孤岛的鲸,0.0
d:\-MindEcho-main\ml_dl_models\gtsinger_multitech\dataset\raw\Chinese\ZH-Tenor-1\Pharyngeal\我怀念的\Pharyngeal_Group\0015.wav,0,0.482893,3.105,Chinese,ZH-Tenor-1,我怀念的,Chinese/ZH-Tenor-1/我怀念的,0.0
d:\-MindEcho-main\ml_dl_models\gtsinger_multitech\dataset\raw\Chinese\ZH-Tenor-1\Breathy\化身孤岛的鲸\Breathy_Group\0008.wav,0,0.542082,5.546,Chinese,ZH-Tenor-1,化身孤岛的鲸,Chinese/ZH-Tenor-1/化身孤岛的鲸,0.0
d:\-MindEcho-main\ml_dl_models\gtsinger_multitech\dataset\raw\French\FR-Soprano-1\Mixed_Voice_and_Falsetto\la gloire a mes genoux\Mixed_Voice_Group\0000.wav,1,0.297948,2.7,French,FR-Soprano-1,la gloire a mes genoux,French/FR-Soprano-1/la gloire a mes genoux,0.12
d:\-MindEcho-main\ml_dl_models\gtsinger_multitech\dataset\raw\French\FR-Soprano-1\Glissando\pour la peine\Control_Group\0008.wav,1,0.528556,7.117,French,FR-Soprano-1,pour la peine,French/FR-Soprano-1/pour la peine,0.11
d:\-MindEcho-main\ml_dl_models\gtsinger_multitech\dataset\raw\Chinese\ZH-Alto-1\Mixed_Voice_and_Falsetto\可乐\Control_Group\0013.wav,0,0.405295,3.445,Chinese,ZH-Alto-1,可乐,Chinese/ZH-Alto-1/可乐,0.0
d:\-MindEcho-main\ml_dl_models\gtsinger_multitech\dataset\raw\Chinese\ZH-Tenor-1\Pharyngeal\全世界谁倾听你\Control_Group\0002.wav,1,0.515817,5.055,Chinese,ZH-Tenor-1,全世界谁倾听你,Chinese/ZH-Tenor-1/全世界谁倾听你,0.39
d:\-MindEcho-main\ml_dl_models\gtsinger_multitech\dataset\raw\French\FR-Soprano-1\Mixed_Voice_and_Falsetto\la vaguelette\Falsetto_Group\0005.wav,1,0.434281,5.059,French,FR-Soprano-1,la vaguelette,French/FR-Soprano-1/la vaguelette,0.673
d:\-MindEcho-main\ml_dl_models\gtsinger_multitech\dataset\raw\French\FR-Soprano-1\Glissando\pour la peine\Control_Group\0008.wav,1,0.613999,8.268,French,FR-Soprano-1,pour la peine,French/FR-Soprano-1/pour la peine,0.631
d:\-MindEcho-main\ml_dl_models\gtsinger_multitech\dataset\raw\Chinese\ZH-Tenor-1\Mixed_Voice_and_Falsetto\最初的梦想\Falsetto_Group\0017.wav,1,0.308244,2.58,Chinese,ZH-Tenor-1,最初的梦想,Chinese/ZH-Tenor-1/最初的梦想,0.3
d:\-MindEcho-main\ml_dl_models\gtsinger_multitech\dataset\raw\French\FR-Soprano-1\Mixed_Voice_and_Falsetto\lentement\Falsetto_Group\0010.wav,0,0.552485,4.968,French,FR-Soprano-1,lentement,French/FR-Soprano-1/lentement,0.0
d:\-MindEcho-main\ml_dl_models\gtsinger_multitech\dataset\raw\Chinese\ZH-Alto-1\Glissando\她说\Glissando_Group\0008.wav,1,0.387649,2.605,Chinese,ZH-Alto-1,她说,Chinese/ZH-Alto-1/她说,0.35
d:\-MindEcho-main\ml_dl_models\gtsinger_multitech\dataset\raw\Chinese\ZH-Alto-1\Breathy\越过山丘\Control_Group\0006.wav,0,0.228767,1.67,Chinese,ZH-Alto-1,越过山丘,Chinese/ZH-Alto-1/越过山丘,0.0
d:\-MindEcho-main\ml_dl_models\gtsinger_multitech\dataset\raw\French\FR-Soprano-1\Mixed_Voice_and_Falsetto\lentement\Paired_Speech_Group\0005.wav,0,0.193979,1.482,French,FR-Soprano-1,lentement,French/FR-Soprano-1/lentement,0.0
d:\-MindEcho-main\ml_dl_models\gtsinger_multitech\dataset\raw\Chinese\ZH-Alto-1\Mixed_Voice_and_Falsetto\老男孩\Mixed_Voice_Group\0020.wav,1,0.594,4.455,Chinese,ZH-Alto-1,老男孩,Chinese/ZH-Alto-1/老男孩,0.29
d:\-MindEcho-main\ml_dl_models\gtsinger_multitech\dataset\raw\French\FR-Soprano-1\Vibrato\aimer\Vibrato_Group\0003.wav,1,0.857414,8.366,French,FR-Soprano-1,aimer,French/FR-Soprano-1/aimer,0.101
d:\-MindEcho-main\ml_dl_models\gtsinger_multitech\dataset\raw\Chinese\ZH-Alto-1\Glissando\日不落\Control_Group\0001.wav,0,0.128253,1.419,Chinese,ZH-Alto-1,日不落,Chinese/ZH-Alto-1/日不落,0.0
d:\-MindEcho-main\ml_dl_models\gtsinger_multitech\dataset\raw\Chinese\ZH-Tenor-1\Breathy\化身孤岛的鲸\Control_Group\0021.wav,1,0.578443,4.83,Chinese,ZH-Tenor-1,化身孤岛的鲸,Chinese/ZH-Tenor-1/化身孤岛的鲸,0.48
d:\-MindEcho-main\ml_dl_models\gtsinger_multitech\dataset\raw\Chinese\ZH-Tenor-1\Mixed_Voice_and_Falsetto\平凡之路\Mixed_Voice_Group\0008.wav,0,0.56152,4.655,Chinese,ZH-Tenor-1,平凡之路,Chinese/ZH-Tenor-1/平凡之路,0.0
d:\-MindEcho-main\ml_dl_models\gtsinger_multitech\dataset\raw\Chinese\ZH-Tenor-1\Mixed_Voice_and_Falsetto\不能说的秘密\Falsetto_Group\0010.wav,0,0.228326,1.438,Chinese,ZH-Tenor-1,不能说的秘密,Chinese/ZH-Tenor-1/不能说的秘密,0.0
d:\-MindEcho-main\ml_dl_models\gtsinger_multitech\dataset\raw\French\FR-Soprano-1\Vibrato\eden eden\Vibrato_Group\0007.wav,1,0.460887,5.177,French,FR-Soprano-1,eden eden,French/FR-Soprano-1/eden eden,0.112
d:\-MindEcho-main\ml_dl_models\gtsinger_multitech\dataset\raw\French\FR-Soprano-1\Mixed_Voice_and_Falsetto\magic boul'vard\Mixed_Voice_Group\0006.wav,1,0.08044,0.28,French,FR-Soprano-1,magic boul'vard,French/FR-Soprano-1/magic boul'vard,0.56
d:\-MindEcho-main\ml_dl_models\gtsinger_multitech\dataset\raw\French\FR-Soprano-1\Vibrato\eden eden\Control_Group\0005.wav,0,0.149772,2.002,French,FR-Soprano-1,eden eden,French/FR-Soprano-1/eden eden,0.0
d:\-MindEcho-main\ml_dl_models\gtsinger_multitech\dataset\raw\Chinese\ZH-Alto-1\Breathy\知足\Control_Group\0006.wav,0,0.211052,1.585,Chinese,ZH-Alto-1,知足,Chinese/ZH-Alto-1/知足,0.0
d:\-MindEcho-main\ml_dl_models\gtsinger_multitech\dataset\raw\Chinese\ZH-Alto-1\Mixed_Voice_and_Falsetto\贝加尔湖畔\Control_Group\0000.wav,1,0.503319,4.398,Chinese,ZH-Alto-1,贝加尔湖畔,Chinese/ZH-Alto-1/贝加尔湖畔,0.56
d:\-MindEcho-main\ml_dl_models\gtsinger_multitech\dataset\raw\Chinese\ZH-Tenor-1\Mixed_Voice_and_Falsetto\不能说的秘密\Control_Group\0002.wav,1,0.347804,3.325,Chinese,ZH-Tenor-1,不能说的秘密,Chinese/ZH-Tenor-1/不能说的秘密,0.41
d:\-MindEcho-main\ml_dl_models\gtsinger_multitech\dataset\raw\French\FR-Soprano-1\Mixed_Voice_and_Falsetto\nos ballades\Control_Group\0006.wav,0,0.357402,3.346,French,FR-Soprano-1,nos ballades,French/FR-Soprano-1/nos ballades,0.0
d:\-MindEcho-main\ml_dl_models\gtsinger_multitech\dataset\raw\Chinese\ZH-Alto-1\Breathy\给电影人的情书\Breathy_Group\0005.wav,1,0.461802,4.715,Chinese,ZH-Alto-1,给电影人的情书,Chinese/ZH-Alto-1/给电影人的情书,0.57
d:\-MindEcho-main\ml_dl_models\gtsinger_multitech\dataset\raw\Chinese\ZH-Tenor-1\Mixed_Voice_and_Falsetto\青花瓷\Falsetto_Group\0010.wav,0,0.396471,2.64,Chinese,ZH-Tenor-1,青花瓷,Chinese/ZH-Tenor-1/青花瓷,0.0
d:\-MindEcho-main\ml_dl_models\gtsinger_multitech\dataset\raw\French\FR-Soprano-1\Mixed_Voice_and_Falsetto\vivre a en crever\Control_Group\0004.wav,0,0.628756,5.608,French,FR-Soprano-1,vivre a en crever,French/FR-Soprano-1/vivre a en crever,0.0
d:\-MindEcho-main\ml_dl_models\gtsinger_multitech\dataset\raw\Chinese\ZH-Alto-1\Glissando\奇妙能力歌\Glissando_Group\0002.wav,0,0.148295,1.305,Chinese,ZH-Alto-1,奇妙能力歌,Chinese/ZH-Alto-1/奇妙能力歌,0.0
d:\-MindEcho-main\ml_dl_models\gtsinger_multitech\dataset\raw\Chinese\ZH-Alto-1\Glissando\青花瓷\Control_Group\0001.wav,1,0.159639,2.12,Chinese,ZH-Alto-1,青花瓷,Chinese/ZH-Alto-1/青花瓷,0.48
d:\-MindEcho-main\ml_dl_models\gtsinger_multitech\dataset\raw\Chinese\ZH-Alto-1\Glissando\青花瓷\Control_Group\0004.wav,0,0.201353,1.562,Chinese,ZH-Alto-1,青花瓷,Chinese/ZH-Alto-1/青花瓷,0.0
d:\-MindEcho-main\ml_dl_models\gtsinger_multitech\dataset\raw\Chinese\ZH-Alto-1\Glissando\奇妙能力歌\Glissando_Group\0007.wav,0,0.351429,2.46,Chinese,ZH-Alto-1,奇妙能力歌,Chinese/ZH-Alto-1/奇妙能力歌,0.0
d:\-MindEcho-main\ml_dl_models\gtsinger_multitech\dataset\raw\Chinese\ZH-Alto-1\Breathy\最长的电影\Breathy_Group\0008.wav,1,0.507576,4.355,Chinese,ZH-Alto-1,最长的电影,Chinese/ZH-Alto-1/最长的电影,0.53
d:\-MindEcho-main\ml_dl_models\gtsinger_multitech\dataset\raw\Chinese\ZH-Alto-1\Vibrato\不再见\Control_Group\0015.wav,0,0.158801,1.245,Chinese,ZH-Alto-1,不再见,Chinese/ZH-Alto-1/不再见,0.0
d:\-MindEcho-main\ml_dl_models\gtsinger_multitech\dataset\raw\French\FR-Tenor-1\Glissando\pourquoi\Control_Group\0001.wav,0,0.234292,2.248,French,FR-Tenor-1,pourquoi,French/FR-Tenor-1/pourquoi,0.0
d:\-MindEcho-main\ml_dl_models\gtsinger_multitech\dataset\raw\French\FR-Soprano-1\Mixed_Voice_and_Falsetto\mustang cabriolet\Falsetto_Group\0004.wav,1,0.692324,8.063,French,FR-Soprano-1,mustang cabriolet,French/FR-Soprano-1/mustang cabriolet,0.821
d:\-MindEcho-main\ml_dl_models\gtsinger_multitech\dataset\raw\Chinese\ZH-Tenor-1\Mixed_Voice_and_Falsetto\我的歌声里\Falsetto_Group\0010.wav,1,0.78534,6.0,Chinese,ZH-Tenor-1,我的歌声里,Chinese/ZH-Tenor-1/我的歌声里,0.44
d:\-MindEcho-main\ml_dl_models\gtsinger_multitech\dataset\raw\Chinese\ZH-Tenor-1\Vibrato\失落沙洲\Vibrato_Group\0003.wav,0,0.308307,1.911,Chinese,ZH-Tenor-1,失落沙洲,Chinese/ZH-Tenor-1/失落沙洲,0.0
d:\-MindEcho-main\ml_dl_models\gtsinger_multitech\dataset\raw\Chinese\ZH-Alto-1\Glissando\奇妙能力歌\Glissando_Group\0000.wav,0,0.15133,1.365,Chinese,ZH-Alto-1,奇妙能力歌,Chinese/ZH-Alto-1/奇妙能力歌,0.0
d:\-MindEcho-main\ml_dl_models\gtsinger_multitech\dataset\raw\Chinese\ZH-Alto-1\Vibrato\不再见\Vibrato_Group\0015.wav,1,0.52037,4.215,Chinese,ZH-Alto-1,不再见,Chinese/ZH-Alto-1/不再见,0.31
d:\-MindEcho-main\ml_dl_models\gtsinger_multitech\dataset\raw\Chinese\ZH-Alto-1\Mixed_Voice_and_Falsetto\桃花诺\Falsetto_Group\0004.wav,0,0.239817,2.043,Chinese,ZH-Alto-1,桃花诺,Chinese/ZH-Alto-1/桃花诺,0.0
d:\-MindEcho-main\ml_dl_models\gtsinger_multitech\dataset\raw\Chinese\ZH-Alto-1\Pharyngeal\说散就散\Pharyngeal_Group\0009.wav,1,0.487416,5.054,Chinese,ZH-Alto-1,说散就散,Chinese/ZH-Alto-1/说散就散,0.351
d:\-MindEcho-main\ml_dl_models\gtsinger_multitech\dataset\raw\Chinese\ZH-Alto-1\Pharyngeal\听海\Control_Group\0005.wav,0,0.160372,1.232,Chinese,ZH-Alto-1,听海,Chinese/ZH-Alto-1/听海,0.0
d:\-MindEcho-main\ml_dl_models\gtsinger_multitech\dataset\raw\French\FR-Soprano-1\Mixed_Voice_and_Falsetto\mustang cabriolet\Control_Group\0011.wav,1,0.723134,12.751,French,FR-Soprano-1,mustang cabriolet,French/FR-Soprano-1/mustang cabriolet,2.09
d:\-MindEcho-main\ml_dl_models\gtsinger_multitech\dataset\raw\Chinese\ZH-Tenor-1\Mixed_Voice_and_Falsetto\最初的梦想\Mixed_Voice_Group\0007.wav,1,0.689794,6.015,Chinese,ZH-Tenor-1,最初的梦想,Chinese/ZH-Tenor-1/最初的梦想,0.25
d:\-MindEcho-main\ml_dl_models\gtsinger_multitech\dataset\raw\Chinese\ZH-Tenor-1\Breathy\给电影人的情书\Breathy_Group\0015.wav,0,0.516364,5.995,Chinese,ZH-Tenor-1,给电影人的情书,Chinese/ZH-Tenor-1/给电影人的情书,0.0
d:\-MindEcho-main\ml_dl_models\gtsinger_multitech\dataset\raw\Chinese\ZH-Tenor-1\Breathy\传奇\Control_Group\0004.wav,0,0.612428,8.525,Chinese,ZH-Tenor-1,传奇,Chinese/ZH-Tenor-1/传奇,0.0
d:\-MindEcho-main\ml_dl_models\gtsinger_multitech\dataset\raw\French\FR-Soprano-1\Breathy\soleil solleil\Control_Group\0001.wav,0,0.150731,1.556,French,FR-Soprano-1,soleil solleil,French/FR-Soprano-1/soleil solleil,0.0
d:\-MindEcho-main\ml_dl_models\gtsinger_multitech\dataset\raw\Chinese\ZH-Tenor-1\Mixed_Voice_and_Falsetto\残酷月光\Falsetto_Group\0000.wav,1,0.504138,3.655,Chinese,ZH-Tenor-1,残酷月光,Chinese/ZH-Tenor-1/残酷月光,0.89
d:\-MindEcho-main\ml_dl_models\gtsinger_multitech\dataset\raw\Chinese\ZH-Alto-1\Vibrato\我真的受伤了\Control_Group\0011.wav,0,0.464734,2.965,Chinese,ZH-Alto-1,我真的受伤了,Chinese/ZH-Alto-1/我真的受伤了,0.0
d:\-MindEcho-main\ml_dl_models\gtsinger_multitech\dataset\raw\Chinese\ZH-Tenor-1\Mixed_Voice_and_Falsetto\可惜没如果\Control_Group\0002.wav,1,0.814979,12.21,Chinese,ZH-Tenor-1,可惜没如果,Chinese/ZH-Tenor-1/可惜没如果,0.38
d:\-MindEcho-main\ml_dl_models\gtsinger_multitech\dataset\raw\Chinese\ZH-Tenor-1\Mixed_Voice_and_Falsetto\后来\Control_Group\0004.wav,0,0.488529,3.62,Chinese,ZH-Tenor-1,后来,Chinese/ZH-Tenor-1/后来,0.0
d:\-MindEcho-main\ml_dl_models\gtsinger_multitech\dataset\raw\Chinese\ZH-Alto-1\Vibrato\南山南\Control_Group\0009.wav,1,0.816284,7.82,Chinese,ZH-Alto-1,南山南,Chinese/ZH-Alto-1/南山南,0.34
d:\-MindEcho-main\ml_dl_models\gtsinger_multitech\dataset\raw\French\FR-Soprano-1\Mixed_Voice_and_Falsetto\lentement\Falsetto_Group\0003.wav,1,0.123508,0.17,French,FR-Soprano-1,lentement,French/FR-Soprano-1/lentement,0.34
d:\-MindEcho-main\ml_dl_models\gtsinger_multitech\dataset\raw\French\FR-Soprano-1\Mixed_Voice_and_Falsetto\eviter les roses\Control_Group\0001.wav,0,0.170124,1.46,French,FR-Soprano-1,eviter les roses,French/FR-Soprano-1/eviter les roses,0.0
d:\-MindEcho-main\ml_dl_models\gtsinger_multitech\dataset\raw\Chinese\ZH-Tenor-1\Mixed_Voice_and_Falsetto\我的歌声里\Falsetto_Group\0012.wav,0,0.591564,5.75,Chinese,ZH-Tenor-1,我的歌声里,Chinese/ZH-Tenor-1/我的歌声里,0.0
d:\-MindEcho-main\ml_dl_models\gtsinger_multitech\dataset\raw\French\FR-Soprano-1\Mixed_Voice_and_Falsetto\le dernier train\Mixed_Voice_Group\0010.wav,1,0.855299,8.192,French,FR-Soprano-1,le dernier train,French/FR-Soprano-1/le dernier train,0.201
d:\-MindEcho-main\ml_dl_models\gtsinger_multitech\dataset\raw\Chinese\ZH-Alto-1\Mixed_Voice_and_Falsetto\知足\Falsetto_Group\0008.wav,1,0.793103,5.75,Chinese,ZH-Alto-1,知足,Chinese/ZH-Alto-1/知足,0.4
d:\-MindEcho-main\ml_dl_models\gtsinger_multitech\dataset\raw\Chinese\ZH-Alto-1\Glissando\没那么简单\Glissando_Group\0014.wav,0,0.175502,1.354,Chinese,ZH-Alto-1,没那么简单,Chinese/ZH-Alto-1/没那么简单,0.0
d:\-MindEcho-main\ml_dl_models\gtsinger_multitech\dataset\raw\French\FR-Soprano-1\Mixed_Voice_and_Falsetto\le plus beau et le plus triste paysage du monde\Falsetto_Group\0002.wav,0,0.077061,1.207,French,FR-Soprano-1,le plus beau et le plus triste paysage du monde,French/FR-Soprano-1/le plus beau et le plus triste paysage du monde,0.0
d:\-MindEcho-main\ml_dl_models\gtsinger_multitech\dataset\raw\Chinese\ZH-Tenor-1\Breathy\化身孤岛的鲸\Control_Group\0019.wav,0,0.091454,1.22,Chinese,ZH-Tenor-1,化身孤岛的鲸,Chinese/ZH-Tenor-1/化身孤岛的鲸,0.0
d:\-MindEcho-main\ml_dl_models\gtsinger_multitech\dataset\raw\Chinese\ZH-Alto-1\Mixed_Voice_and_Falsetto\南山南\Control_Group\0001.wav,0,0.137056,1.35,Chinese,ZH-Alto-1,南山南,Chinese/ZH-Alto-1/南山南,0.0
d:\-MindEcho-main\ml_dl_models\gtsinger_multitech\dataset\raw\French\FR-Soprano-1\Vibrato\eden eden\Control_Group\0012.wav,1,0.602668,6.143,French,FR-Soprano-1,eden eden,French/FR-Soprano-1/eden eden,0.198
d:\-MindEcho-main\ml_dl_models\gtsinger_multitech\dataset\raw\French\FR-Soprano-1\Mixed_Voice_and_Falsetto\magic boul'vard\Paired_Speech_Group\0010.wav,0,0.490261,3.065,French,FR-Soprano-1,magic boul'vard,French/FR-Soprano-1/magic boul'vard,0.0
d:\-MindEcho-main\ml_dl_models\gtsinger_multitech\dataset\raw\Chinese\ZH-Alto-1\Glissando\没那么简单\Control_Group\0000.wav,0,0.180834,1.436,Chinese,ZH-Alto-1,没那么简单,Chinese/ZH-Alto-1/没那么简单,0.0
d:\-MindEcho-main\ml_dl_models\gtsinger_multitech\dataset\raw\French\FR-Tenor-1\Glissando\avant\Control_Group\0003.wav,0,0.108085,1.611,French,FR-Tenor-1,avant,French/FR-Tenor-1/avant,0.0
d:\-MindEcho-main\ml_dl_models\gtsinger_multitech\dataset\raw\Chinese\ZH-Tenor-1\Pharyngeal\雨爱\Pharyngeal_Group\0004.wav,0,0.164048,1.378,Chinese,ZH-Tenor-1,雨爱,Chinese/ZH-Tenor-1/雨爱,0.0
d:\-MindEcho-main\ml_dl_models\gtsinger_multitech\dataset\raw\Chinese\ZH-Alto-1\Glissando\平凡的一天\Control_Group\0003.wav,0,0.1951,1.573,Chinese,ZH-Alto-1,平凡的一天,Chinese/ZH-Alto-1/平凡的一天,0.0
d:\-MindEcho-main\ml_dl_models\gtsinger_multitech\dataset\raw\French\FR-Soprano-1\Mixed_Voice_and_Falsetto\eviter les roses\Paired_Speech_Group\0006.wav,0,0.443882,3.682,French,FR-Soprano-1,eviter les roses,French/FR-Soprano-1/eviter les roses,0.0
d:\-MindEcho-main\ml_dl_models\gtsinger_multitech\dataset\raw\Chinese\ZH-Alto-1\Glissando\时间煮雨\Glissando_Group\0006.wav,1,0.161706,2.01,Chinese,ZH-Alto-1,时间煮雨,Chinese/ZH-Alto-1/时间煮雨,0.34
d:\-MindEcho-main\ml_dl_models\gtsinger_multitech\dataset\raw\Chinese\ZH-Tenor-1\Mixed_Voice_and_Falsetto\倒带\Mixed_Voice_Group\0021.wav,0,0.607939,4.365,Chinese,ZH-Tenor-1,倒带,Chinese/ZH-Tenor-1/倒带,0.0
d:\-MindEcho-main\ml_dl_models\gtsinger_multitech\dataset\raw\Chinese\ZH-Tenor-1\Mixed_Voice_and_Falsetto\残酷月光\Control_Group\0004.wav,0,0.292378,2.57,Chinese,ZH-Tenor-1,残酷月光,Chinese/ZH-Tenor-1/残酷月光,0.0
d:\-MindEcho-main\ml_dl_models\gtsinger_multitech\dataset\raw\French\FR-Soprano-1\Mixed_Voice_and_Falsetto\chez moi\Control_Group\0005.wav,0,0.097042,1.416,French,FR-Soprano-1,chez moi,French/FR-Soprano-1/chez moi,0.0
d:\-MindEcho-main\ml_dl_models\gtsinger_multitech\dataset\raw\Chinese\ZH-Alto-1\Pharyngeal\你就不要想起我\Pharyngeal_Group\0008.wav,1,0.649194,8.211,Chinese,ZH-Alto-1,你就不要想起我,Chinese/ZH-Alto-1/你就不要想起我,0.544
d:\-MindEcho-main\ml_dl_models\gtsinger_multitech\dataset\raw\Chinese\ZH-Tenor-1\Glissando\给电影人的情书\Control_Group\0005.wav,0,0.569705,6.375,Chinese,ZH-Tenor-1,给电影人的情书,Chinese/ZH-Tenor-1/给电影人的情书,0.0
d:\-MindEcho-main\ml_dl_models\gtsinger_multitech\dataset\raw\Chinese\ZH-Alto-1\Breathy\奇妙能力歌\Breathy_Group\0000.wav,0,0.217305,1.645,Chinese,ZH-Alto-1,奇妙能力歌,Chinese/ZH-Alto-1/奇妙能力歌,0.0
d:\-MindEcho-main\ml_dl_models\gtsinger_multitech\dataset\raw\Chinese\ZH-Alto-1\Breathy\给电影人的情书\Breathy_Group\0002.wav,1,0.673626,6.13,Chinese,ZH-Alto-1,给电影人的情书,Chinese/ZH-Alto-1/给电影人的情书,0.4
d:\-MindEcho-main\ml_dl_models\gtsinger_multitech\dataset\raw\Chinese\ZH-Alto-1\Mixed_Voice_and_Falsetto\鸽子\Falsetto_Group\0000.wav,0,0.576705,5.075,Chinese,ZH-Alto-1,鸽子,Chinese/ZH-Alto-1/鸽子,0.0
d:\-MindEcho-main\ml_dl_models\gtsinger_multitech\dataset\raw\French\FR-Tenor-1\Glissando\pourquoi\Glissando_Group\0002.wav,1,0.885856,10.215,French,FR-Tenor-1,pourquoi,French/FR-Tenor-1/pourquoi,0.596
d:\-MindEcho-main\ml_dl_models\gtsinger_multitech\dataset\raw\French\FR-Tenor-1\Glissando\o souverain\Glissando_Group\0011.wav,1,0.126949,1.205,French,FR-Tenor-1,o souverain,French/FR-Tenor-1/o souverain,0.17
d:\-MindEcho-main\ml_dl_models\gtsinger_multitech\dataset\raw\Chinese\ZH-Alto-1\Vibrato\我真的受伤了\Vibrato_Group\0012.wav,0,0.621795,4.365,Chinese,ZH-Alto-1,我真的受伤了,Chinese/ZH-Alto-1/我真的受伤了,0.0
d:\-MindEcho-main\ml_dl_models\gtsinger_multitech\dataset\raw\Chinese\ZH-Alto-1\Mixed_Voice_and_Falsetto\告白气球\Falsetto_Group\0010.wav,1,0.421365,2.84,Chinese,ZH-Alto-1,告白气球,Chinese/ZH-Alto-1/告白气球,0.24
d:\-MindEcho-main\ml_dl_models\gtsinger_multitech\dataset\raw\Chinese\ZH-Tenor-1\Mixed_Voice_and_Falsetto\过火\Control_Group\0011.wav,0,0.206056,1.395,Chinese,ZH-Tenor-1,过火,Chinese/ZH-Tenor-1/过火,0.0
d:\-MindEcho-main\ml_dl_models\gtsinger_multitech\dataset\raw\Chinese\ZH-Alto-1\Breathy\越过山丘\Breathy_Group\0022.wav,1,0.534904,3.655,Chinese,ZH-Alto-1,越过山丘,Chinese/ZH-Alto-1/越过山丘,0.71
d:\-MindEcho-main\ml_dl_models\gtsinger_multitech\dataset\raw\Chinese\ZH-Tenor-1\Mixed_Voice_and_Falsetto\残酷月光\Mixed_Voice_Group\0011.wav,1,0.409582,2.77,Chinese,ZH-Tenor-1,残酷月光,Chinese/ZH-Tenor-1/残酷月光,0.26
d:\-MindEcho-main\ml_dl_models\gtsinger_multitech\dataset\raw\French\FR-Soprano-1\Mixed_Voice_and_Falsetto\chez moi\Falsetto_Group\0005.wav,0,0.642943,9.619,French,FR-Soprano-1,chez moi,French/FR-Soprano-1/chez moi,0.0
d:\-MindEcho-main\ml_dl_models\gtsinger_multitech\dataset\raw\French\FR-Soprano-1\Vibrato\les souvenirs\Vibrato_Group\0006.wav,1,0.869778,9.027,French,FR-Soprano-1,les souvenirs,French/FR-Soprano-1/les souvenirs,0.375
d:\-MindEcho-main\ml_dl_models\gtsinger_multitech\dataset\raw\French\FR-Soprano-1\Mixed_Voice_and_Falsetto\le dernier train\Mixed_Voice_Group\0001.wav,0,0.162216,1.695,French,FR-Soprano-1,le dernier train,French/FR-Soprano-1/le dernier train,0.0
d:\-MindEcho-main\ml_dl_models\gtsinger_multitech\dataset\raw\French\FR-Soprano-1\Glissando\dingdong\Control_Group\0008.wav,0,0.323781,3.514,French,FR-Soprano-1,dingdong,French/FR-Soprano-1/dingdong,0.0
d:\-MindEcho-main\ml_dl_models\gtsinger_multitech\dataset\raw\Chinese\ZH-Tenor-1\Breathy\化身孤岛的鲸\Breathy_Group\0011.wav,0,0.602888,5.01,Chinese,ZH-Tenor-1,化身孤岛的鲸,Chinese/ZH-Tenor-1/化身孤岛的鲸,0.0
d:\-MindEcho-main\ml_dl_models\gtsinger_multitech\dataset\raw\Chinese\ZH-Alto-1\Vibrato\我真的受伤了\Control_Group\0006.wav,0,0.25897,1.66,Chinese,ZH-Alto-1,我真的受伤了,Chinese/ZH-Alto-1/我真的受伤了,0.0
d:\-MindEcho-main\ml_dl_models\gtsinger_multitech\dataset\raw\Chinese\ZH-Alto-1\Pharyngeal\默\Pharyngeal_Group\0001.wav,0,0.341863,2.605,Chinese,ZH-Alto-1,默,Chinese/ZH-Alto-1/默,0.0
d:\-MindEcho-main\ml_dl_models\gtsinger_multitech\dataset\raw\Chinese\ZH-Tenor-1\Glissando\空白格\Control_Group\0006.wav,0,0.244332,1.94,Chinese,ZH-Tenor-1,空白格,Chinese/ZH-Tenor-1/空白格,0.0
d:\-MindEcho-main\ml_dl_models\gtsinger_multitech\dataset\raw\Chinese\ZH-Tenor-1\Mixed_Voice_and_Falsetto\终于等到你\Mixed_Voice_Group\0002.wav,0,0.249114,1.547,Chinese,ZH-Tenor-1,终于等到你,Chinese/ZH-Tenor-1/终于等到你,0.0
d:\-MindEcho-main\ml_dl_models\gtsinger_multitech\dataset\raw\French\FR-Soprano-1\Vibrato\les oiseaux\Paired_Speech_Group\0003.wav,0,0.555317,4.924,French,FR-Soprano-1,les oiseaux,French/FR-Soprano-1/les oiseaux,0.0
d:\-MindEcho-main\ml_dl_models\gtsinger_multitech\dataset\raw\French\FR-Soprano-1\Breathy\le balcon\Breathy_Group\0013.wav,1,0.159065,1.398,French,FR-Soprano-1,le balcon,French/FR-Soprano-1/le balcon,0.425
d:\-MindEcho-main\ml_dl_models\gtsinger_multitech\dataset\raw\Chinese\ZH-Tenor-1\Mixed_Voice_and_Falsetto\枫\Mixed_Voice_Group\0008.wav,1,0.43433,3.34,Chinese,ZH-Tenor-1,枫,Chinese/ZH-Tenor-1/枫,0.44
d:\-MindEcho-main\ml_dl_models\gtsinger_multitech\dataset\raw\Chinese\ZH-Alto-1\Mixed_Voice_and_Falsetto\演员\Falsetto_Group\0006.wav,0,0.58078,6.255,Chinese,ZH-Alto-1,演员,Chinese/ZH-Alto-1/演员,0.0
d:\-MindEcho-main\ml_dl_models\gtsinger_multitech\dataset\raw\French\FR-Soprano-1\Mixed_Voice_and_Falsetto\lentement\Falsetto_Group\0001.wav,0,0.417096,4.299,French,FR-Soprano-1,lentement,French/FR-Soprano-1/lentement,0.0
d:\-MindEcho-main\ml_dl_models\gtsinger_multitech\dataset\raw\Chinese\ZH-Tenor-1\Breathy\不染\Breathy_Group\0005.wav,0,0.496035,3.315,Chinese,ZH-Tenor-1,不染,Chinese/ZH-Tenor-1/不染,0.0
d:\-MindEcho-main\ml_dl_models\gtsinger_multitech\dataset\raw\Chinese\ZH-Tenor-1\Mixed_Voice_and_Falsetto\终于等到你\Falsetto_Group\0006.wav,1,0.336134,2.4,Chinese,ZH-Tenor-1,终于等到你,Chinese/ZH-Tenor-1/终于等到你,0.26
d:\-MindEcho-main\ml_dl_models\gtsinger_multitech\dataset\raw\Chinese\ZH-Tenor-1\Vibrato\后会无期\Control_Group\0002.wav,1,0.683801,6.585,Chinese,ZH-Tenor-1,后会无期,Chinese/ZH-Tenor-1/后会无期,0.37
d:\-MindEcho-main\ml_dl_models\gtsinger_multitech\dataset\raw\French\FR-Soprano-1\Mixed_Voice_and_Falsetto\lentement\Control_Group\0012.wav,1,0.180396,1.506,French,FR-Soprano-1,lentement,French/FR-Soprano-1/lentement,0.131
d:\-MindEcho-main\ml_dl_models\gtsinger_multitech\dataset\raw\French\FR-Soprano-1\Breathy\les passagers du vent\Breathy_Group\0007.wav,1,0.167005,2.875,French,FR-Soprano-1,les passagers du vent,French/FR-Soprano-1/les passagers du vent,1.461
d:\-MindEcho-main\ml_dl_models\gtsinger_multitech\dataset\raw\Chinese\ZH-Tenor-1\Vibrato\末班车\Control_Group\0005.wav,1,0.327702,2.425,Chinese,ZH-Tenor-1,末班车,Chinese/ZH-Tenor-1/末班车,0.53
d:\-MindEcho-main\ml_dl_models\gtsinger_multitech\dataset\raw\Chinese\ZH-Tenor-1\Vibrato\心动\Vibrato_Group\0014.wav,1,0.511867,5.154,Chinese,ZH-Tenor-1,心动,Chinese/ZH-Tenor-1/心动,2.609
d:\-MindEcho-main\ml_dl_models\gtsinger_multitech\dataset\raw\Chinese\ZH-Tenor-1\Mixed_Voice_and_Falsetto\江南\Mixed_Voice_Group\0008.wav,0,0.594897,4.36,Chinese,ZH-Tenor-1,江南,Chinese/ZH-Tenor-1/江南,0.0
d:\-MindEcho-main\ml_dl_models\gtsinger_multitech\dataset\raw\French\FR-Tenor-1\Breathy\o souverain\Breathy_Group\0019.wav,1,0.235957,2.365,French,FR-Tenor-1,o souverain,French/FR-Tenor-1/o souverain,0.81
d:\-MindEcho-main\ml_dl_models\gtsinger_multitech\dataset\raw\French\FR-Soprano-1\Pharyngeal\il aurait suffit\Control_Group\0002.wav,1,0.24168,4.111,French,FR-Soprano-1,il aurait suffit,French/FR-Soprano-1/il aurait suffit,0.703
d:\-MindEcho-main\ml_dl_models\gtsinger_multitech\dataset\raw\French\FR-Soprano-1\Breathy\adieu mon homme\Control_Group\0000.wav,0,0.169977,2.131,French,FR-Soprano-1,adieu mon homme,French/FR-Soprano-1/adieu mon homme,0.0
d:\-MindEcho-main\ml_dl_models\gtsinger_multitech\dataset\raw\Chinese\ZH-Alto-1\Pharyngeal\说散就散\Control_Group\0003.wav,0,0.141425,1.27,Chinese,ZH-Alto-1,说散就散,Chinese/ZH-Alto-1/说散就散,0.0
d:\-MindEcho-main\ml_dl_models\gtsinger_multitech\dataset\raw\French\FR-Soprano-1\Mixed_Voice_and_Falsetto\eviter les roses\Falsetto_Group\0001.wav,0,0.177593,1.498,French,FR-Soprano-1,eviter les roses,French/FR-Soprano-1/eviter les roses,0.0
d:\-MindEcho-main\ml_dl_models\gtsinger_multitech\dataset\raw\Chinese\ZH-Tenor-1\Mixed_Voice_and_Falsetto\终于等到你\Mixed_Voice_Group\0004.wav,0,0.515946,3.64,Chinese,ZH-Tenor-1,终于等到你,Chinese/ZH-Tenor-1/终于等到你,0.0
d:\-MindEcho-main\ml_dl_models\gtsinger_multitech\dataset\raw\French\FR-Soprano-1\Breathy\la chanson de la mer\Control_Group\0007.wav,0,0.66472,5.639,French,FR-Soprano-1,la chanson de la mer,French/FR-Soprano-1/la chanson de la mer,0.0
d:\-MindEcho-main\ml_dl_models\gtsinger_multitech\dataset\raw\Chinese\ZH-Alto-1\Pharyngeal\隐形的翅膀\Control_Group\0004.wav,0,0.198887,1.43,Chinese,ZH-Alto-1,隐形的翅膀,Chinese/ZH-Alto-1/隐形的翅膀,0.0
d:\-MindEcho-main\ml_dl_models\gtsinger_multitech\dataset\raw\Chinese\ZH-Tenor-1\Vibrato\残酷月光\Vibrato_Group\0003.wav,0,0.212062,1.635,Chinese,ZH-Tenor-1,残酷月光,Chinese/ZH-Tenor-1/残酷月光,0.0
d:\-MindEcho-main\ml_dl_models\gtsinger_multitech\dataset\raw\Chinese\ZH-Tenor-1\Glissando\大鱼\Glissando_Group\0012.wav,0,0.569162,4.485,Chinese,ZH-Tenor-1,大鱼,Chinese/ZH-Tenor-1/大鱼,0.0
d:\-MindEcho-main\ml_dl_models\gtsinger_multitech\dataset\raw\Chinese\ZH-Alto-1\Pharyngeal\小幸运\Pharyngeal_Group\0001.wav,0,0.489736,5.01,Chinese,ZH-Alto-1,小幸运,Chinese/ZH-Alto-1/小幸运,0.0
d:\-MindEcho-main\ml_dl_models\gtsinger_multitech\dataset\raw\Chinese\ZH-Tenor-1\Pharyngeal\南山南\Pharyngeal_Group\0006.wav,0,0.125808,1.245,Chinese,ZH-Tenor-1,南山南,Chinese/ZH-Tenor-1/南山南,0.0
d:\-MindEcho-main\ml_dl_models\gtsinger_multitech\dataset\raw\Chinese\ZH-Alto-1\Mixed_Voice_and_Falsetto\最长的电影\Falsetto_Group\0000.wav,1,0.504624,3.82,Chinese,ZH-Alto-1,最长的电影,Chinese/ZH-Alto-1/最长的电影,0.62
d:\-MindEcho-main\ml_dl_models\gtsinger_multitech\dataset\raw\Chinese\ZH-Tenor-1\Glissando\心动\Glissando_Group\0001.wav,0,0.656635,4.8,Chinese,ZH-Tenor-1,心动,Chinese/ZH-Tenor-1/心动,0.0
d:\-MindEcho-main\ml_dl_models\gtsinger_multitech\dataset\raw\Chinese\ZH-Alto-1\Mixed_Voice_and_Falsetto\化身孤岛的鲸\Control_Group\0011.wav,0,0.172036,1.335,Chinese,ZH-Alto-1,化身孤岛的鲸,Chinese/ZH-Alto-1/化身孤岛的鲸,0.0
d:\-MindEcho-main\ml_dl_models\gtsinger_multitech\dataset\raw\Chinese\ZH-Tenor-1\Pharyngeal\雨爱\Control_Group\0003.wav,0,0.190761,1.66,Chinese,ZH-Tenor-1,雨爱,Chinese/ZH-Tenor-1/雨爱,0.0
d:\-MindEcho-main\ml_dl_models\gtsinger_multitech\dataset\raw\French\FR-Soprano-1\Pharyngeal\comment dire\Control_Group\0008.wav,1,0.369392,6.249,French,FR-Soprano-1,comment dire,French/FR-Soprano-1/comment dire,0.736
d:\-MindEcho-main\ml_dl_models\gtsinger_multitech\dataset\raw\Chinese\ZH-Tenor-1\Breathy\不染\Breathy_Group\0023.wav,0,0.353946,2.445,Chinese,ZH-Tenor-1,不染,Chinese/ZH-Tenor-1/不染,0.0
d:\-MindEcho-main\ml_dl_models\gtsinger_multitech\dataset\raw\Chinese\ZH-Tenor-1\Mixed_Voice_and_Falsetto\残酷月光\Mixed_Voice_Group\0001.wav,1,0.442985,2.665,Chinese,ZH-Tenor-1,残酷月光,Chinese/ZH-Tenor-1/残酷月光,0.81
d:\-MindEcho-main\ml_dl_models\gtsinger_multitech\dataset\raw\Chinese\ZH-Alto-1\Mixed_Voice_and_Falsetto\老男孩\Falsetto_Group\0013.wav,0,0.633971,4.789,Chinese,ZH-Alto-1,老男孩,Chinese/ZH-Alto-1/老男孩,0.0
d:\-MindEcho-main\ml_dl_models\gtsinger_multitech\dataset\raw\Chinese\ZH-Alto-1\Mixed_Voice_and_Falsetto\可乐\Falsetto_Group\0001.wav,1,0.360435,2.815,Chinese,ZH-Alto-1,可乐,Chinese/ZH-Alto-1/可乐,0.39
d:\-MindEcho-main\ml_dl_models\gtsinger_multitech\dataset\raw\Chinese\ZH-Alto-1\Mixed_Voice_and_Falsetto\化身孤岛的鲸\Mixed_Voice_Group\0001.wav,0,0.58551,5.495,Chinese,ZH-Alto-1,化身孤岛的鲸,Chinese/ZH-Alto-1/化身孤岛的鲸,0.0
d:\-MindEcho-main\ml_dl_models\gtsinger_multitech\dataset\raw\French\FR-Tenor-1\Breathy\ouvre\Control_Group\0000.wav,1,0.903366,12.138,French,FR-Tenor-1,ouvre,French/FR-Tenor-1/ouvre,0.56
d:\-MindEcho-main\ml_dl_models\gtsinger_multitech\dataset\raw\Chinese\ZH-Alto-1\Glissando\时间煮雨\Glissando_Group\0005.wav,1,0.462095,5.425,Chinese,ZH-Alto-1,时间煮雨,Chinese/ZH-Alto-1/时间煮雨,0.29
d:\-MindEcho-main\ml_dl_models\gtsinger_multitech\dataset\raw\French\FR-Soprano-1\Mixed_Voice_and_Falsetto\le dernier train\Falsetto_Group\0002.wav,0,0.119884,1.348,French,FR-Soprano-1,le dernier train,French/FR-Soprano-1/le dernier train,0.0
d:\-MindEcho-main\ml_dl_models\gtsinger_multitech\dataset\raw\Chinese\ZH-Alto-1\Mixed_Voice_and_Falsetto\演员\Control_Group\0001.wav,0,0.194753,1.225,Chinese,ZH-Alto-1,演员,Chinese/ZH-Alto-1/演员,0.0
d:\-MindEcho-main\ml_dl_models\gtsinger_multitech\dataset\raw\Chinese\ZH-Tenor-1\Glissando\给电影人的情书\Glissando_Group\0016.wav,0,0.52196,3.565,Chinese,ZH-Tenor-1,给电影人的情书,Chinese/ZH-Tenor-1/给电影人的情书,0.0
d:\-MindEcho-main\ml_dl_models\gtsinger_multitech\dataset\raw\Chinese\ZH-Tenor-1\Vibrato\知足\Control_Group\0004.wav,1,0.782137,4.685,Chinese,ZH-Tenor-1,知足,Chinese/ZH-Tenor-1/知足,0.23
d:\-MindEcho-main\ml_dl_models\gtsinger_multitech\dataset\raw\Chinese\ZH-Alto-1\Breathy\不再见\Breathy_Group\0005.wav,0,0.181492,1.265,Chinese,ZH-Alto-1,不再见,Chinese/ZH-Alto-1/不再见,0.0
d:\-MindEcho-main\ml_dl_models\gtsinger_multitech\dataset\raw\French\FR-Soprano-1\Mixed_Voice_and_Falsetto\je vole\Control_Group\0000.wav,0,0.14261,1.816,French,FR-Soprano-1,je vole,French/FR-Soprano-1/je vole,0.0
d:\-MindEcho-main\ml_dl_models\gtsinger_multitech\dataset\raw\Chinese\ZH-Tenor-1\Pharyngeal\传奇\Control_Group\0010.wav,0,0.122214,1.755,Chinese,ZH-Tenor-1,传奇,Chinese/ZH-Tenor-1/传奇,0.0
d:\-MindEcho-main\ml_dl_models\gtsinger_multitech\dataset\raw\Chinese\ZH-Tenor-1\Vibrato\后会无期\Vibrato_Group\0002.wav,0,0.188436,1.825,Chinese,ZH-Tenor-1,后会无期,Chinese/ZH-Tenor-1/后会无期,0.0
d:\-MindEcho-main\ml_dl_models\gtsinger_multitech\dataset\raw\Chinese\ZH-Tenor-1\Glissando\传奇\Control_Group\0013.wav,0,0.12426,1.47,Chinese,ZH-Tenor-1,传奇,Chinese/ZH-Tenor-1/传奇,0.0
d:\-MindEcho-main\ml_dl_models\gtsinger_multitech\dataset\raw\French\FR-Soprano-1\Mixed_Voice_and_Falsetto\comment deja\Falsetto_Group\0004.wav,1,0.211431,1.894,French,FR-Soprano-1,comment deja,French/FR-Soprano-1/comment deja,0.25
d:\-MindEcho-main\ml_dl_models\gtsinger_multitech\dataset\raw\Chinese\ZH-Tenor-1\Mixed_Voice_and_Falsetto\老男孩\Control_Group\0001.wav,0,0.185616,1.355,Chinese,ZH-Tenor-1,老男孩,Chinese/ZH-Tenor-1/老男孩,0.0
d:\-MindEcho-main\ml_dl_models\gtsinger_multitech\dataset\raw\Chinese\ZH-Alto-1\Breathy\有一种悲伤\Breathy_Group\0007.wav,1,0.461001,3.96,Chinese,ZH-Alto-1,有一种悲伤,Chinese/ZH-Alto-1/有一种悲伤,0.54
d:\-MindEcho-main\ml_dl_models\gtsinger_multitech\dataset\raw\Chinese\ZH-Alto-1\Mixed_Voice_and_Falsetto\匆匆那年\Falsetto_Group\0013.wav,0,0.583876,3.585,Chinese,ZH-Alto-1,匆匆那年,Chinese/ZH-Alto-1/匆匆那年,0.0
d:\-MindEcho-main\ml_dl_models\gtsinger_multitech\dataset\raw\French\FR-Soprano-1\Pharyngeal\+la vie\Pharyngeal_Group\0000.wav,1,0.089633,0.675,French,FR-Soprano-1,+la vie,French/FR-Soprano-1/+la vie,1.35
d:\-MindEcho-main\ml_dl_models\gtsinger_multitech\dataset\raw\French\FR-Soprano-1\Mixed_Voice_and_Falsetto\le dernier train\Mixed_Voice_Group\0007.wav,1,0.138138,1.016,French,FR-Soprano-1,le dernier train,French/FR-Soprano-1/le dernier train,0.391
d:\-MindEcho-main\ml_dl_models\gtsinger_multitech\dataset\raw\Chinese\ZH-Tenor-1\Pharyngeal\我怀念的\Control_Group\0008.wav,0,0.250081,1.538,Chinese,ZH-Tenor-1,我怀念的,Chinese/ZH-Tenor-1/我怀念的,0.0
d:\-MindEcho-main\ml_dl_models\gtsinger_multitech\dataset\raw\French\FR-Soprano-1\Breathy\le balcon\Breathy_Group\0014.wav,0,0.212671,2.155,French,FR-Soprano-1,le balcon,French/FR-Soprano-1/le balcon,0.0
d:\-MindEcho-main\ml_dl_models\gtsinger_multitech\dataset\raw\Chinese\ZH-Tenor-1\Glissando\倒带\Glissando_Group\0005.wav,0,0.22346,1.545,Chinese,ZH-Tenor-1,倒带,Chinese/ZH-Tenor-1/倒带,0.0
d:\-MindEcho-main\ml_dl_models\gtsinger_multitech\dataset\raw\Chinese\ZH-Tenor-1\Mixed_Voice_and_Falsetto\江南\Falsetto_Group\0008.wav,0,0.587211,4.316,Chinese,ZH-Tenor-1,江南,Chinese/ZH-Tenor-1/江南,0.0
d:\-MindEcho-main\ml_dl_models\gtsinger_multitech\dataset\raw\Chinese\ZH-Alto-1\Mixed_Voice_and_Falsetto\我的歌声里\Falsetto_Group\0013.wav,0,0.600023,5.123,Chinese,ZH-Alto-1,我的歌声里,Chinese/ZH-Alto-1/我的歌声里,0.0
d:\-MindEcho-main\ml_dl_models\gtsinger_multitech\dataset\raw\French\FR-Soprano-1\Mixed_Voice_and_Falsetto\chez moi\Control_Group\0001.wav,1,0.41055,5.767,French,FR-Soprano-1,chez moi,French/FR-Soprano-1/chez moi,0.628
d:\-MindEcho-main\ml_dl_models\gtsinger_multitech\dataset\raw\Chinese\ZH-Tenor-1\Pharyngeal\南山南\Control_Group\0008.wav,0,0.398442,2.813,Chinese,ZH-Tenor-1,南山南,Chinese/ZH-Tenor-1/南山南,0.0
d:\-MindEcho-main\ml_dl_models\gtsinger_multitech\dataset\raw\Chinese\ZH-Alto-1\Mixed_Voice_and_Falsetto\告白气球\Falsetto_Group\0008.wav,0,0.493506,3.04,Chinese,ZH-Alto-1,告白气球,Chinese/ZH-Alto-1/告白气球,0.0
d:\-MindEcho-main\ml_dl_models\gtsinger_multitech\dataset\raw\Chinese\ZH-Tenor-1\Mixed_Voice_and_Falsetto\过火\Mixed_Voice_Group\0007.wav,0,0.19335,1.57,Chinese,ZH-Tenor-1,过火,Chinese/ZH-Tenor-1/过火,0.0
d:\-MindEcho-main\ml_dl_models\gtsinger_multitech\dataset\raw\Chinese\ZH-Tenor-1\Breathy\给电影人的情书\Breathy_Group\0011.wav,0,0.390766,4.74,Chinese,ZH-Tenor-1,给电影人的情书,Chinese/ZH-Tenor-1/给电影人的情书,0.0
d:\-MindEcho-main\ml_dl_models\gtsinger_multitech\dataset\raw\Chinese\ZH-Alto-1\Pharyngeal\小幸运\Control_Group\0005.wav,0,0.222239,1.385,Chinese,ZH-Alto-1,小幸运,Chinese/ZH-Alto-1/小幸运,0.0
d:\-MindEcho-main\ml_dl_models\gtsinger_multitech\dataset\raw\Chinese\ZH-Tenor-1\Vibrato\水星记\Vibrato_Group\0013.wav,0,0.212949,1.365,Chinese,ZH-Tenor-1,水星记,Chinese/ZH-Tenor-1/水星记,0.0
d:\-MindEcho-main\ml_dl_models\gtsinger_multitech\dataset\raw\Chinese\ZH-Alto-1\Glissando\热雪\Glissando_Group\0003.wav,1,0.65955,8.495,Chinese,ZH-Alto-1,热雪,Chinese/ZH-Alto-1/热雪,0.43
d:\-MindEcho-main\ml_dl_models\gtsinger_multitech\dataset\raw\Chinese\ZH-Alto-1\Mixed_Voice_and_Falsetto\化身孤岛的鲸\Mixed_Voice_Group\0016.wav,1,0.359672,5.485,Chinese,ZH-Alto-1,化身孤岛的鲸,Chinese/ZH-Alto-1/化身孤岛的鲸,0.39
d:\-MindEcho-main\ml_dl_models\gtsinger_multitech\dataset\raw\Chinese\ZH-Tenor-1\Glissando\传奇\Control_Group\0000.wav,0,0.501225,3.065,Chinese,ZH-Tenor-1,传奇,Chinese/ZH-Tenor-1/传奇,0.0
d:\-MindEcho-main\ml_dl_models\gtsinger_multitech\dataset\raw\Chinese\ZH-Tenor-1\Mixed_Voice_and_Falsetto\情歌\Control_Group\0004.wav,0,0.315436,2.35,Chinese,ZH-Tenor-1,情歌,Chinese/ZH-Tenor-1/情歌,0.0
d:\-MindEcho-main\ml_dl_models\gtsinger_multitech\dataset\raw\Chinese\ZH-Alto-1\Breathy\匆匆那年\Breathy_Group\0012.wav,0,0.285283,1.512,Chinese,ZH-Alto-1,匆匆那年,Chinese/ZH-Alto-1/匆匆那年,0.0
d:\-MindEcho-main\ml_dl_models\gtsinger_multitech\dataset\raw\Chinese\ZH-Alto-1\Vibrato\南山南\Vibrato_Group\0007.wav,1,0.833805,8.83,Chinese,ZH-Alto-1,南山南,Chinese/ZH-Alto-1/南山南,0.3
d:\-MindEcho-main\ml_dl_models\gtsinger_multitech\dataset\raw\Chinese\ZH-Alto-1\Vibrato\南山南\Control_Group\0006.wav,0,0.23301,1.2,Chinese,ZH-Alto-1,南山南,Chinese/ZH-Alto-1/南山南,0.0
d:\-MindEcho-main\ml_dl_models\gtsinger_multitech\dataset\raw\Chinese\ZH-Tenor-1\Mixed_Voice_and_Falsetto\残酷月光\Mixed_Voice_Group\0015.wav,0,0.177043,1.365,Chinese,ZH-Tenor-1,残酷月光,Chinese/ZH-Tenor-1/残酷月光,0.0
d:\-MindEcho-main\ml_dl_models\gtsinger_multitech\dataset\raw\French\FR-Soprano-1\Pharyngeal\je ne sais pas choisir\Control_Group\0005.wav,1,0.139974,0.345,French,FR-Soprano-1,je ne sais pas choisir,French/FR-Soprano-1/je ne sais pas choisir,0.69
d:\-MindEcho-main\ml_dl_models\gtsinger_multitech\dataset\raw\French\FR-Soprano-1\Glissando\dingdong\Paired_Speech_Group\0009.wav,0,0.465016,5.195,French,FR-Soprano-1,dingdong,French/FR-Soprano-1/dingdong,0.0
d:\-MindEcho-main\ml_dl_models\gtsinger_multitech\dataset\raw\French\FR-Soprano-1\Breathy\adieu mon homme\Breathy_Group\0004.wav,1,0.429168,5.038,French,FR-Soprano-1,adieu mon homme,French/FR-Soprano-1/adieu mon homme,0.646
d:\-MindEcho-main\ml_dl_models\gtsinger_multitech\dataset\raw\French\FR-Soprano-1\Breathy\les passagers du vent\Control_Group\0009.wav,1,0.479962,4.527,French,FR-Soprano-1,les passagers du vent,French/FR-Soprano-1/les passagers du vent,0.81
d:\-MindEcho-main\ml_dl_models\gtsinger_multitech\dataset\raw\French\FR-Tenor-1\Breathy\Les Marionnettes\Control_Group\0002.wav,0,0.572502,8.497,French,FR-Tenor-1,Les Marionnettes,French/FR-Tenor-1/Les Marionnettes,0.0
d:\-MindEcho-main\ml_dl_models\gtsinger_multitech\dataset\raw\French\FR-Soprano-1\Breathy\les passagers du vent\Breathy_Group\0000.wav,0,0.540202,5.993,French,FR-Soprano-1,les passagers du vent,French/FR-Soprano-1/les passagers du vent,0.0
"d:\-MindEcho-main\ml_dl_models\gtsinger_multitech\dataset\raw\French\FR-Soprano-1\Mixed_Voice_and_Falsetto\t'es beau,t'es beau\Falsetto_Group\0004.wav",1,0.884471,10.166,French,FR-Soprano-1,"t'es beau,t'es beau","French/FR-Soprano-1/t'es beau,t'es beau",0.442
d:\-MindEcho-main\ml_dl_models\gtsinger_multitech\dataset\raw\Chinese\ZH-Alto-1\Mixed_Voice_and_Falsetto\演员\Falsetto_Group\0011.wav,1,0.495145,5.253,Chinese,ZH-Alto-1,演员,Chinese/ZH-Alto-1/演员,0.593
d:\-MindEcho-main\ml_dl_models\gtsinger_multitech\dataset\raw\Chinese\ZH-Alto-1\Pharyngeal\说谎\Pharyngeal_Group\0011.wav,1,0.417951,5.425,Chinese,ZH-Alto-1,说谎,Chinese/ZH-Alto-1/说谎,0.59
d:\-MindEcho-main\ml_dl_models\gtsinger_multitech\dataset\raw\Chinese\ZH-Alto-1\Pharyngeal\说散就散\Pharyngeal_Group\0009.wav,0,0.591128,6.13,Chinese,ZH-Alto-1,说散就散,Chinese/ZH-Alto-1/说散就散,0.0
d:\-MindEcho-main\ml_dl_models\gtsinger_multitech\dataset\raw\Chinese\ZH-Alto-1\Mixed_Voice_and_Falsetto\鸽子\Falsetto_Group\0006.wav,0,0.127847,1.218,Chinese,ZH-Alto-1,鸽子,Chinese/ZH-Alto-1/鸽子,0.0
d:\-MindEcho-main\ml_dl_models\gtsinger_multitech\dataset\raw\Chinese\ZH-Tenor-1\Vibrato\我真的受伤了\Control_Group\0012.wav,0,0.168317,1.7,Chinese,ZH-Tenor-1,我真的受伤了,Chinese/ZH-Tenor-1/我真的受伤了,0.0
d:\-MindEcho-main\ml_dl_models\gtsinger_multitech\dataset\raw\French\FR-Soprano-1\Mixed_Voice_and_Falsetto\le dernier train\Mixed_Voice_Group\0008.wav,0,0.659086,4.928,French,FR-Soprano-1,le dernier train,French/FR-Soprano-1/le dernier train,0.0
d:\-MindEcho-main\ml_dl_models\gtsinger_multitech\dataset\raw\Chinese\ZH-Alto-1\Mixed_Voice_and_Falsetto\老男孩\Mixed_Voice_Group\0014.wav,1,0.559508,4.09,Chinese,ZH-Alto-1,老男孩,Chinese/ZH-Alto-1/老男孩,0.5
d:\-MindEcho-main\ml_dl_models\gtsinger_multitech\dataset\raw\Chinese\ZH-Tenor-1\Mixed_Voice_and_Falsetto\最初的梦想\Mixed_Voice_Group\0004.wav,1,0.224476,3.21,Chinese,ZH-Tenor-1,最初的梦想,Chinese/ZH-Tenor-1/最初的梦想,0.24
d:\-MindEcho-main\ml_dl_models\gtsinger_multitech\dataset\raw\French\FR-Soprano-1\Mixed_Voice_and_Falsetto\la vaguelette\Paired_Speech_Group\0000.wav,0,0.462902,2.377,French,FR-Soprano-1,la vaguelette,French/FR-Soprano-1/la vaguelette,0.0
d:\-MindEcho-main\ml_dl_models\gtsinger_multitech\dataset\raw\Chinese\ZH-Tenor-1\Mixed_Voice_and_Falsetto\老男孩\Control_Group\0015.wav,0,0.219189,1.405,Chinese,ZH-Tenor-1,老男孩,Chinese/ZH-Tenor-1/老男孩,0.0
d:\-MindEcho-main\ml_dl_models\gtsinger_multitech\dataset\raw\Chinese\ZH-Tenor-1\Mixed_Voice_and_Falsetto\最初的梦想\Mixed_Voice_Group\0014.wav,0,0.5612,7.015,Chinese,ZH-Tenor-1,最初的梦想,Chinese/ZH-Tenor-1/最初的梦想,0.0
d:\-MindEcho-main\ml_dl_models\gtsinger_multitech\dataset\raw\Chinese\ZH-Tenor-1\Mixed_Voice_and_Falsetto\残酷月光\Control_Group\0020.wav,0,0.244497,1.555,Chinese,ZH-Tenor-1,残酷月光,Chinese/ZH-Tenor-1/残酷月光,0.0
d:\-MindEcho-main\ml_dl_models\gtsinger_multitech\dataset\raw\Chinese\ZH-Alto-1\Mixed_Voice_and_Falsetto\知足\Falsetto_Group\0012.wav,0,0.657076,4.225,Chinese,ZH-Alto-1,知足,Chinese/ZH-Alto-1/知足,0.0
d:\-MindEcho-main\ml_dl_models\gtsinger_multitech\dataset\raw\Chinese\ZH-Tenor-1\Pharyngeal\最初的梦想\Control_Group\0007.wav,0,0.474374,4.165,Chinese,ZH-Tenor-1,最初的梦想,Chinese/ZH-Tenor-1/最初的梦想,0.0
d:\-MindEcho-main\ml_dl_models\gtsinger_multitech\dataset\raw\Chinese\ZH-Alto-1\Breathy\可乐\Control_Group\0010.wav,1,0.542486,4.405,Chinese,ZH-Alto-1,可乐,Chinese/ZH-Alto-1/可乐,0.53
d:\-MindEcho-main\ml_dl_models\gtsinger_multitech\dataset\raw\German\DE-Soprano-1\Breathy\Copilot\Breathy_Group\0001.wav,0,0.263716,1.827,German,DE-Soprano-1,Copilot,German/DE-Soprano-1/Copilot,0.0
d:\-MindEcho-main\ml_dl_models\gtsinger_multitech\dataset\raw\Chinese\ZH-Tenor-1\Pharyngeal\南山南\Pharyngeal_Group\0011.wav,1,0.53408,3.385,Chinese,ZH-Tenor-1,南山南,Chinese/ZH-Tenor-1/南山南,0.87
d:\-MindEcho-main\ml_dl_models\gtsinger_multitech\dataset\raw\French\FR-Soprano-1\Mixed_Voice_and_Falsetto\lentement\Control_Group\0001.wav,0,0.381214,3.742,French,FR-Soprano-1,lentement,French/FR-Soprano-1/lentement,0.0
d:\-MindEcho-main\ml_dl_models\gtsinger_multitech\dataset\raw\Chinese\ZH-Tenor-1\Mixed_Voice_and_Falsetto\末班车\Control_Group\0000.wav,0,0.653021,4.355,Chinese,ZH-Tenor-1,末班车,Chinese/ZH-Tenor-1/末班车,0.0
d:\-MindEcho-main\ml_dl_models\gtsinger_multitech\dataset\raw\Chinese\ZH-Tenor-1\Mixed_Voice_and_Falsetto\情歌\Control_Group\0000.wav,1,0.455304,2.918,Chinese,ZH-Tenor-1,情歌,Chinese/ZH-Tenor-1/情歌,0.243
d:\-MindEcho-main\ml_dl_models\gtsinger_multitech\dataset\raw\French\FR-Tenor-1\Breathy\Les Marionnettes\Breathy_Group\0008.wav,0,0.179798,2.867,French,FR-Tenor-1,Les Marionnettes,French/FR-Tenor-1/Les Marionnettes,0.0
d:\-MindEcho-main\ml_dl_models\gtsinger_multitech\dataset\raw\Chinese\ZH-Alto-1\Breathy\可乐\Breathy_Group\0013.wav,1,0.664995,5.032,Chinese,ZH-Alto-1,可乐,Chinese/ZH-Alto-1/可乐,0.336
d:\-MindEcho-main\ml_dl_models\gtsinger_multitech\dataset\raw\Chinese\ZH-Alto-1\Mixed_Voice_and_Falsetto\热雪\Falsetto_Group\0001.wav,0,0.160648,1.735,Chinese,ZH-Alto-1,热雪,Chinese/ZH-Alto-1/热雪,0.0
d:\-MindEcho-main\ml_dl_models\gtsinger_multitech\dataset\raw\Chinese\ZH-Alto-1\Mixed_Voice_and_Falsetto\终于等到你\Falsetto_Group\0000.wav,0,0.477389,3.695,Chinese,ZH-Alto-1,终于等到你,Chinese/ZH-Alto-1/终于等到你,0.0
d:\-MindEcho-main\ml_dl_models\gtsinger_multitech\dataset\raw\Chinese\ZH-Alto-1\Mixed_Voice_and_Falsetto\后来\Mixed_Voice_Group\0012.wav,0,0.182718,1.385,Chinese,ZH-Alto-1,后来,Chinese/ZH-Alto-1/后来,0.0
d:\-MindEcho-main\ml_dl_models\gtsinger_multitech\dataset\raw\French\FR-Tenor-1\Glissando\o souverain\Paired_Speech_Group\0015.wav,0,0.375118,1.595,French,FR-Tenor-1,o souverain,French/FR-Tenor-1/o souverain,0.0
d:\-MindEcho-main\ml_dl_models\gtsinger_multitech\dataset\raw\Chinese\ZH-Alto-1\Glissando\日不落\Control_Group\0004.wav,0,0.20528,1.322,Chinese,ZH-Alto-1,日不落,Chinese/ZH-Alto-1/日不落,0.0
d:\-MindEcho-main\ml_dl_models\gtsinger_multitech\dataset\raw\Chinese\ZH-Alto-1\Pharyngeal\你就不要想起我\Control_Group\0000.wav,1,0.629899,5.625,Chinese,ZH-Alto-1,你就不要想起我,Chinese/ZH-Alto-1/你就不要想起我,0.25
d:\-MindEcho-main\ml_dl_models\gtsinger_multitech\dataset\raw\Chinese\ZH-Tenor-1\Glissando\我的歌声里\Control_Group\0007.wav,1,0.38153,2.892,Chinese,ZH-Tenor-1,我的歌声里,Chinese/ZH-Tenor-1/我的歌声里,0.836
d:\-MindEcho-main\ml_dl_models\gtsinger_multitech\dataset\raw\Chinese\ZH-Alto-1\Pharyngeal\小幸运\Pharyngeal_Group\0006.wav,1,0.239516,1.485,Chinese,ZH-Alto-1,小幸运,Chinese/ZH-Alto-1/小幸运,0.23
d:\-MindEcho-main\ml_dl_models\gtsinger_multitech\dataset\raw\Chinese\ZH-Tenor-1\Pharyngeal\雨爱\Control_Group\0016.wav,0,0.563851,8.345,Chinese,ZH-Tenor-1,雨爱,Chinese/ZH-Tenor-1/雨爱,0.0
d:\-MindEcho-main\ml_dl_models\gtsinger_multitech\dataset\raw\French\FR-Soprano-1\Breathy\la chanson de la mer\Paired_Speech_Group\0004.wav,0,0.287186,1.701,French,FR-Soprano-1,la chanson de la mer,French/FR-Soprano-1/la chanson de la mer,0.0
d:\-MindEcho-main\ml_dl_models\gtsinger_multitech\dataset\raw\French\FR-Soprano-1\Mixed_Voice_and_Falsetto\le dernier train\Paired_Speech_Group\0004.wav,0,0.623899,3.472,French,FR-Soprano-1,le dernier train,French/FR-Soprano-1/le dernier train,0.0
d:\-MindEcho-main\ml_dl_models\gtsinger_multitech\dataset\raw\French\FR-Soprano-1\Pharyngeal\ce train qui s'en va\Pharyngeal_Group\0001.wav,1,0.888112,10.441,French,FR-Soprano-1,ce train qui s'en va,French/FR-Soprano-1/ce train qui s'en va,0.567
d:\-MindEcho-main\ml_dl_models\gtsinger_multitech\dataset\raw\Chinese\ZH-Tenor-1\Glissando\给电影人的情书\Control_Group\0001.wav,1,0.549903,5.124,Chinese,ZH-Tenor-1,给电影人的情书,Chinese/ZH-Tenor-1/给电影人的情书,0.352
d:\-MindEcho-main\ml_dl_models\gtsinger_multitech\dataset\raw\French\FR-Tenor-1\Glissando\o souverain\Control_Group\0007.wav,0,0.187543,1.93,French,FR-Tenor-1,o souverain,French/FR-Tenor-1/o souverain,0.0
d:\-MindEcho-main\ml_dl_models\gtsinger_multitech\dataset\raw\Chinese\ZH-Alto-1\Mixed_Voice_and_Falsetto\匆匆那年\Control_Group\0008.wav,0,0.687626,6.808,Chinese,ZH-Alto-1,匆匆那年,Chinese/ZH-Alto-1/匆匆那年,0.0
d:\-MindEcho-main\ml_dl_models\gtsinger_multitech\dataset\raw\French\FR-Soprano-1\Pharyngeal\la terre\Paired_Speech_Group\0000.wav,0,0.559414,2.966,French,FR-Soprano-1,la terre,French/FR-Soprano-1/la terre,0.0
d:\-MindEcho-main\ml_dl_models\gtsinger_multitech\dataset\raw\Chinese\ZH-Alto-1\Glissando\曹操\Glissando_Group\0006.wav,0,0.142033,1.403,Chinese,ZH-Alto-1,曹操,Chinese/ZH-Alto-1/曹操,0.0
d:\-MindEcho-main\ml_dl_models\gtsinger_multitech\dataset\raw\Chinese\ZH-Tenor-1\Breathy\会呼吸的痛\Breathy_Group\0013.wav,0,0.497531,5.642,Chinese,ZH-Tenor-1,会呼吸的痛,Chinese/ZH-Tenor-1/会呼吸的痛,0.0
d:\-MindEcho-main\ml_dl_models\gtsinger_multitech\dataset\raw\French\FR-Tenor-1\Glissando\manon\Control_Group\0005.wav,1,0.288674,6.671,French,FR-Tenor-1,manon,French/FR-Tenor-1/manon,0.521
d:\-MindEcho-main\ml_dl_models\gtsinger_multitech\dataset\raw\Chinese\ZH-Tenor-1\Glissando\倒带\Glissando_Group\0016.wav,1,0.50578,3.5,Chinese,ZH-Tenor-1,倒带,Chinese/ZH-Tenor-1/倒带,0.42
d:\-MindEcho-main\ml_dl_models\gtsinger_multitech\dataset\raw\Chinese\ZH-Tenor-1\Mixed_Voice_and_Falsetto\老男孩\Falsetto_Group\0017.wav,0,0.219814,1.42,Chinese,ZH-Tenor-1,老男孩,Chinese/ZH-Tenor-1/老男孩,0.0
d:\-MindEcho-main\ml_dl_models\gtsinger_multitech\dataset\raw\Chinese\ZH-Tenor-1\Mixed_Voice_and_Falsetto\后来\Falsetto_Group\0000.wav,1,0.629333,4.72,Chinese,ZH-Tenor-1,后来,Chinese/ZH-Tenor-1/后来,0.68
d:\-MindEcho-main\ml_dl_models\gtsinger_multitech\dataset\raw\Chinese\ZH-Tenor-1\Mixed_Voice_and_Falsetto\想自由\Falsetto_Group\0014.wav,0,0.243956,1.534,Chinese,ZH-Tenor-1,想自由,Chinese/ZH-Tenor-1/想自由,0.0
d:\-MindEcho-main\ml_dl_models\gtsinger_multitech\dataset\raw\Chinese\ZH-Alto-1\Vibrato\年轮\Control_Group\0002.wav,1,0.634267,3.85,Chinese,ZH-Alto-1,年轮,Chinese/ZH-Alto-1/年轮,0.48
d:\-MindEcho-main\ml_dl_models\gtsinger_multitech\dataset\raw\Chinese\ZH-Alto-1\Mixed_Voice_and_Falsetto\匆匆那年\Control_Group\0012.wav,0,0.21876,1.324,Chinese,ZH-Alto-1,匆匆那年,Chinese/ZH-Alto-1/匆匆那年,0.0
d:\-MindEcho-main\ml_dl_models\gtsinger_multitech\dataset\raw\French\FR-Soprano-1\Mixed_Voice_and_Falsetto\le dernier train\Paired_Speech_Group\0000.wav,0,0.256835,1.287,French,FR-Soprano-1,le dernier train,French/FR-Soprano-1/le dernier train,0.0
d:\-MindEcho-main\ml_dl_models\gtsinger_multitech\dataset\raw\Chinese\ZH-Tenor-1\Breathy\慢慢喜欢你\Breathy_Group\0016.wav,1,0.711513,5.87,Chinese,ZH-Tenor-1,慢慢喜欢你,Chinese/ZH-Tenor-1/慢慢喜欢你,0.32
d:\-MindEcho-main\ml_dl_models\gtsinger_multitech\dataset\raw\Chinese\ZH-Tenor-1\Vibrato\水星记\Control_Group\0018.wav,1,0.631391,6.175,Chinese,ZH-Tenor-1,水星记,Chinese/ZH-Tenor-1/水星记,0.81
d:\-MindEcho-main\ml_dl_models\gtsinger_multitech\dataset\raw\Chinese\ZH-Tenor-1\Breathy\慢慢喜欢你\Control_Group\0001.wav,0,0.245802,1.61,Chinese,ZH-Tenor-1,慢慢喜欢你,Chinese/ZH-Tenor-1/慢慢喜欢你,0.0
d:\-MindEcho-main\ml_dl_models\gtsinger_multitech\dataset\raw\Chinese\ZH-Tenor-1\Vibrato\失落沙洲\Vibrato_Group\0004.wav,0,0.399869,3.393,Chinese,ZH-Tenor-1,失落沙洲,Chinese/ZH-Tenor-1/失落沙洲,0.0
d:\-MindEcho-main\ml_dl_models\gtsinger_multitech\dataset\raw\Chinese\ZH-Tenor-1\Mixed_Voice_and_Falsetto\老男孩\Mixed_Voice_Group\0008.wav,1,0.426918,2.693,Chinese,ZH-Tenor-1,老男孩,Chinese/ZH-Tenor-1/老男孩,0.41
d:\-MindEcho-main\ml_dl_models\gtsinger_multitech\dataset\raw\Chinese\ZH-Alto-1\Glissando\青花瓷\Glissando_Group\0002.wav,0,0.564438,6.079,Chinese,ZH-Alto-1,青花瓷,Chinese/ZH-Alto-1/青花瓷,0.0
d:\-MindEcho-main\ml_dl_models\gtsinger_multitech\dataset\raw\Chinese\ZH-Alto-1\Breathy\知足\Control_Group\0011.wav,1,0.587944,4.219,Chinese,ZH-Alto-1,知足,Chinese/ZH-Alto-1/知足,0.325
d:\-MindEcho-main\ml_dl_models\gtsinger_multitech\dataset\raw\Chinese\ZH-Tenor-1\Breathy\给电影人的情书\Control_Group\0019.wav,1,0.636215,4.617,Chinese,ZH-Tenor-1,给电影人的情书,Chinese/ZH-Tenor-1/给电影人的情书,0.52
d:\-MindEcho-main\ml_dl_models\gtsinger_multitech\dataset\raw\French\FR-Soprano-1\Mixed_Voice_and_Falsetto\je vole\Mixed_Voice_Group\0002.wav,0,0.546478,3.987,French,FR-Soprano-1,je vole,French/FR-Soprano-1/je vole,0.0
d:\-MindEcho-main\ml_dl_models\gtsinger_multitech\dataset\raw\Chinese\ZH-Alto-1\Pharyngeal\你就不要想起我\Pharyngeal_Group\0012.wav,0,0.434704,3.478,Chinese,ZH-Alto-1,你就不要想起我,Chinese/ZH-Alto-1/你就不要想起我,0.0
d:\-MindEcho-main\ml_dl_models\gtsinger_multitech\dataset\raw\Chinese\ZH-Tenor-1\Mixed_Voice_and_Falsetto\全世界谁倾听你\Falsetto_Group\0003.wav,0,0.149437,1.46,Chinese,ZH-Tenor-1,全世界谁倾听你,Chinese/ZH-Tenor-1/全世界谁倾听你,0.0
d:\-MindEcho-main\ml_dl_models\gtsinger_multitech\dataset\raw\Chinese\ZH-Alto-1\Vibrato\我真的受伤了\Vibrato_Group\0013.wav,1,0.488924,3.09,Chinese,ZH-Alto-1,我真的受伤了,Chinese/ZH-Alto-1/我真的受伤了,0.34
d:\-MindEcho-main\ml_dl_models\gtsinger_multitech\dataset\raw\French\FR-Soprano-1\Vibrato\les oiseaux\Vibrato_Group\0006.wav,1,0.300635,3.692,French,FR-Soprano-1,les oiseaux,French/FR-Soprano-1/les oiseaux,0.203
d:\-MindEcho-main\ml_dl_models\gtsinger_multitech\dataset\raw\Chinese\ZH-Alto-1\Breathy\江南\Breathy_Group\0003.wav,1,0.428058,4.165,Chinese,ZH-Alto-1,江南,Chinese/ZH-Alto-1/江南,1.25
d:\-MindEcho-main\ml_dl_models\gtsinger_multitech\dataset\raw\Chinese\ZH-Alto-1\Glissando\没那么简单\Control_Group\0017.wav,1,0.510304,3.739,Chinese,ZH-Alto-1,没那么简单,Chinese/ZH-Alto-1/没那么简单,0.476
d:\-MindEcho-main\ml_dl_models\gtsinger_multitech\dataset\raw\French\FR-Soprano-1\Pharyngeal\ce train qui s'en va\Pharyngeal_Group\0001.wav,1,0.410629,4.404,French,FR-Soprano-1,ce train qui s'en va,French/FR-Soprano-1/ce train qui s'en va,0.562
d:\-MindEcho-main\ml_dl_models\gtsinger_multitech\dataset\raw\Chinese\ZH-Alto-1\Mixed_Voice_and_Falsetto\烟花易冷\Control_Group\0020.wav,0,0.42439,3.045,Chinese,ZH-Alto-1,烟花易冷,Chinese/ZH-Alto-1/烟花易冷,0.0
d:\-MindEcho-main\ml_dl_models\gtsinger_multitech\dataset\raw\Chinese\ZH-Alto-1\Breathy\不再见\Control_Group\0010.wav,1,0.521739,4.08,Chinese,ZH-Alto-1,不再见,Chinese/ZH-Alto-1/不再见,0.38
d:\-MindEcho-main\ml_dl_models\gtsinger_multitech\dataset\raw\Chinese\ZH-Alto-1\Pharyngeal\不为谁而作的歌\Control_Group\0000.wav,1,0.244398,1.745,Chinese,ZH-Alto-1,不为谁而作的歌,Chinese/ZH-Alto-1/不为谁而作的歌,0.35
d:\-MindEcho-main\ml_dl_models\gtsinger_multitech\dataset\raw\Chinese\ZH-Alto-1\Mixed_Voice_and_Falsetto\鸽子\Mixed_Voice_Group\0002.wav,0,0.145833,1.33,Chinese,ZH-Alto-1,鸽子,Chinese/ZH-Alto-1/鸽子,0.0
d:\-MindEcho-main\ml_dl_models\gtsinger_multitech\dataset\raw\Chinese\ZH-Tenor-1\Glissando\不染\Glissando_Group\0030.wav,1,0.359541,2.43,Chinese,ZH-Tenor-1,不染,Chinese/ZH-Tenor-1/不染,0.245
d:\-MindEcho-main\ml_dl_models\gtsinger_multitech\dataset\raw\Chinese\ZH-Tenor-1\Mixed_Voice_and_Falsetto\情歌\Mixed_Voice_Group\0014.wav,1,0.661563,6.265,Chinese,ZH-Tenor-1,情歌,Chinese/ZH-Tenor-1/情歌,0.93
d:\-MindEcho-main\ml_dl_models\gtsinger_multitech\dataset\raw\French\FR-Soprano-1\Mixed_Voice_and_Falsetto\le plus beau et le plus triste paysage du monde\Paired_Speech_Group\0000.wav,0,0.454303,2.386,French,FR-Soprano-1,le plus beau et le plus triste paysage du monde,French/FR-Soprano-1/le plus beau et le plus triste paysage du monde,0.0
d:\-MindEcho-main\ml_dl_models\gtsinger_multitech\dataset\raw\French\FR-Soprano-1\Mixed_Voice_and_Falsetto\le dernier train\Falsetto_Group\0002.wav,1,0.893238,10.584,French,FR-Soprano-1,le dernier train,French/FR-Soprano-1/le dernier train,1.312
d:\-MindEcho-main\ml_dl_models\gtsinger_multitech\dataset\raw\Chinese\ZH-Tenor-1\Mixed_Voice_and_Falsetto\演员\Falsetto_Group\0001.wav,1,0.491643,5.0,Chinese,ZH-Tenor-1,演员,Chinese/ZH-Tenor-1/演员,0.4
d:\-MindEcho-main\ml_dl_models\gtsinger_multitech\dataset\raw\Chinese\ZH-Alto-1\Breathy\知足\Control_Group\0004.wav,0,0.235252,1.635,Chinese,ZH-Alto-1,知足,Chinese/ZH-Alto-1/知足,0.0
d:\-MindEcho-main\ml_dl_models\gtsinger_multitech\dataset\raw\Chinese\ZH-Tenor-1\Mixed_Voice_and_Falsetto\倒带\Mixed_Voice_Group\0018.wav,0,0.550141,3.895,Chinese,ZH-Tenor-1,倒带,Chinese/ZH-Tenor-1/倒带,0.0
d:\-MindEcho-main\ml_dl_models\gtsinger_multitech\dataset\raw\Chinese\ZH-Alto-1\Vibrato\南山南\Control_Group\0001.wav,0,0.675896,4.15,Chinese,ZH-Alto-1,南山南,Chinese/ZH-Alto-1/南山南,0.0
d:\-MindEcho-main\ml_dl_models\gtsinger_multitech\dataset\raw\Chinese\ZH-Alto-1\Glissando\青花瓷\Glissando_Group\0007.wav,0,0.098154,1.361,Chinese,ZH-Alto-1,青花瓷,Chinese/ZH-Alto-1/青花瓷,0.0
d:\-MindEcho-main\ml_dl_models\gtsinger_multitech\dataset\raw\Chinese\ZH-Tenor-1\Mixed_Voice_and_Falsetto\一次就好\Mixed_Voice_Group\0000.wav,0,0.407273,2.24,Chinese,ZH-Tenor-1,一次就好,Chinese/ZH-Tenor-1/一次就好,0.0
d:\-MindEcho-main\ml_dl_models\gtsinger_multitech\dataset\raw\Chinese\ZH-Tenor-1\Glissando\画心\Glissando_Group\0004.wav,0,0.225385,1.465,Chinese,ZH-Tenor-1,画心,Chinese/ZH-Tenor-1/画心,0.0
d:\-MindEcho-main\ml_dl_models\gtsinger_multitech\dataset\raw\Chinese\ZH-Tenor-1\Mixed_Voice_and_Falsetto\崇拜\Falsetto_Group\0001.wav,0,0.371444,3.525,Chinese,ZH-Tenor-1,崇拜,Chinese/ZH-Tenor-1/崇拜,0.0
d:\-MindEcho-main\ml_dl_models\gtsinger_multitech\dataset\raw\Chinese\ZH-Tenor-1\Vibrato\终于等到你\Vibrato_Group\0008.wav,0,0.667484,4.085,Chinese,ZH-Tenor-1,终于等到你,Chinese/ZH-Tenor-1/终于等到你,0.0
d:\-MindEcho-main\ml_dl_models\gtsinger_multitech\dataset\raw\Chinese\ZH-Alto-1\Mixed_Voice_and_Falsetto\贝加尔湖畔\Mixed_Voice_Group\0005.wav,0,0.498515,4.197,Chinese,ZH-Alto-1,贝加尔湖畔,Chinese/ZH-Alto-1/贝加尔湖畔,0.0
d:\-MindEcho-main\ml_dl_models\gtsinger_multitech\dataset\raw\French\FR-Tenor-1\Breathy\manon\Paired_Speech_Group\0014.wav,0,0.581431,3.641,French,FR-Tenor-1,manon,French/FR-Tenor-1/manon,0.0
d:\-MindEcho-main\ml_dl_models\gtsinger_multitech\dataset\raw\French\FR-Soprano-1\Glissando\donnez-moi\Control_Group\0001.wav,1,0.898674,11.412,French,FR-Soprano-1,donnez-moi,French/FR-Soprano-1/donnez-moi,0.862
d:\-MindEcho-main\ml_dl_models\gtsinger_multitech\dataset\raw\French\FR-Soprano-1\Mixed_Voice_and_Falsetto\le dernier train\Falsetto_Group\0002.wav,0,0.586922,6.597,French,FR-Soprano-1,le dernier train,French/FR-Soprano-1/le dernier train,0.0
d:\-MindEcho-main\ml_dl_models\gtsinger_multitech\dataset\raw\Chinese\ZH-Tenor-1\Mixed_Voice_and_Falsetto\后来\Falsetto_Group\0006.wav,0,0.117135,1.385,Chinese,ZH-Tenor-1,后来,Chinese/ZH-Tenor-1/后来,0.0
d:\-MindEcho-main\ml_dl_models\gtsinger_multitech\dataset\raw\Chinese\ZH-Tenor-1\Mixed_Voice_and_Falsetto\平凡之路\Control_Group\0006.wav,0,0.141782,1.225,Chinese,ZH-Tenor-1,平凡之路,Chinese/ZH-Tenor-1/平凡之路,0.0
d:\-MindEcho-main\ml_dl_models\gtsinger_multitech\dataset\raw\Chinese\ZH-Tenor-1\Glissando\彩虹\Glissando_Group\0012.wav,0,0.234679,1.425,Chinese,ZH-Tenor-1,彩虹,Chinese/ZH-Tenor-1/彩虹,0.0
d:\-MindEcho-main\ml_dl_models\gtsinger_multitech\dataset\raw\French\FR-Soprano-1\Mixed_Voice_and_Falsetto\magic boul'vard\Mixed_Voice_Group\0007.wav,1,0.883588,18.186,French,FR-Soprano-1,magic boul'vard,French/FR-Soprano-1/magic boul'vard,0.23
d:\-MindEcho-main\ml_dl_models\gtsinger_multitech\dataset\raw\Chinese\ZH-Alto-1\Mixed_Voice_and_Falsetto\匆匆那年\Control_Group\0011.wav,0,0.333472,3.995,Chinese,ZH-Alto-1,匆匆那年,Chinese/ZH-Alto-1/匆匆那年,0.0
d:\-MindEcho-main\ml_dl_models\gtsinger_multitech\dataset\raw\Chinese\ZH-Tenor-1\Breathy\爱的回归线\Control_Group\0011.wav,0,0.282867,2.225,Chinese,ZH-Tenor-1,爱的回归线,Chinese/ZH-Tenor-1/爱的回归线,0.0
d:\-MindEcho-main\ml_dl_models\gtsinger_multitech\dataset\raw\French\FR-Soprano-1\Pharyngeal\+la vie\Pharyngeal_Group\0000.wav,0,0.448349,6.002,French,FR-Soprano-1,+la vie,French/FR-Soprano-1/+la vie,0.0
d:\-MindEcho-main\ml_dl_models\gtsinger_multitech\dataset\raw\French\FR-Soprano-1\Mixed_Voice_and_Falsetto\vivre a en crever\Control_Group\0000.wav,0,0.153904,1.331,French,FR-Soprano-1,vivre a en crever,French/FR-Soprano-1/vivre a en crever,0.0
d:\-MindEcho-main\ml_dl_models\gtsinger_multitech\dataset\raw\Chinese\ZH-Tenor-1\Mixed_Voice_and_Falsetto\情歌\Mixed_Voice_Group\0013.wav,0,0.595276,3.78,Chinese,ZH-Tenor-1,情歌,Chinese/ZH-Tenor-1/情歌,0.0
d:\-MindEcho-main\ml_dl_models\gtsinger_multitech\dataset\raw\Chinese\ZH-Tenor-1\Mixed_Voice_and_Falsetto\末班车\Mixed_Voice_Group\0001.wav,0,0.255684,1.552,Chinese,ZH-Tenor-1,末班车,Chinese/ZH-Tenor-1/末班车,0.0
d:\-MindEcho-main\ml_dl_models\gtsinger_multitech\dataset\raw\Chinese\ZH-Tenor-1\Glissando\倒带\Glissando_Group\0021.wav,0,0.507935,4.545,Chinese,ZH-Tenor-1,倒带,Chinese/ZH-Tenor-1/倒带,0.0
d:\-MindEcho-main\ml_dl_models\gtsinger_multitech\dataset\raw\French\FR-Soprano-1\Mixed_Voice_and_Falsetto\lentement\Falsetto_Group\0005.wav,1,0.911615,13.099,French,FR-Soprano-1,lentement,French/FR-Soprano-1/lentement,0.955
d:\-MindEcho-main\ml_dl_models\gtsinger_multitech\dataset\raw\Chinese\ZH-Alto-1\Mixed_Voice_and_Falsetto\终于等到你\Falsetto_Group\0003.wav,0,0.455015,5.245,Chinese,ZH-Alto-1,终于等到你,Chinese/ZH-Alto-1/终于等到你,0.0
d:\-MindEcho-main\ml_dl_models\gtsinger_multitech\dataset\raw\French\FR-Soprano-1\Pharyngeal\ce train qui s'en va\Control_Group\0002.wav,0,0.149958,1.617,French,FR-Soprano-1,ce train qui s'en va,French/FR-Soprano-1/ce train qui s'en va,0.0
d:\-MindEcho-main\ml_dl_models\gtsinger_multitech\dataset\raw\French\FR-Soprano-1\Glissando\la fuite\Paired_Speech_Group\0000.wav,0,0.54344,1.877,French,FR-Soprano-1,la fuite,French/FR-Soprano-1/la fuite,0.0
d:\-MindEcho-main\ml_dl_models\gtsinger_multitech\dataset\raw\Chinese\ZH-Tenor-1\Breathy\爱的回归线\Control_Group\0007.wav,0,0.252868,1.565,Chinese,ZH-Tenor-1,爱的回归线,Chinese/ZH-Tenor-1/爱的回归线,0.0
d:\-MindEcho-main\ml_dl_models\gtsinger_multitech\dataset\raw\Chinese\ZH-Tenor-1\Mixed_Voice_and_Falsetto\演员\Control_Group\0004.wav,1,0.495558,5.02,Chinese,ZH-Tenor-1,演员,Chinese/ZH-Tenor-1/演员,0.3
d:\-MindEcho-main\ml_dl_models\gtsinger_multitech\dataset\raw\French\FR-Soprano-1\Vibrato\aimer\Control_Group\0001.wav,1,0.671976,11.687,French,FR-Soprano-1,aimer,French/FR-Soprano-1/aimer,0.522
d:\-MindEcho-main\ml_dl_models\gtsinger_multitech\dataset\raw\French\FR-Soprano-1\Mixed_Voice_and_Falsetto\mustang cabriolet\Control_Group\0006.wav,0,0.237208,2.814,French,FR-Soprano-1,mustang cabriolet,French/FR-Soprano-1/mustang cabriolet,0.0
d:\-MindEcho-main\ml_dl_models\gtsinger_multitech\dataset\raw\French\FR-Soprano-1\Mixed_Voice_and_Falsetto\la vaguelette\Falsetto_Group\0000.wav,1,0.679799,5.953,French,FR-Soprano-1,la vaguelette,French/FR-Soprano-1/la vaguelette,0.48
d:\-MindEcho-main\ml_dl_models\gtsinger_multitech\dataset\raw\French\FR-Tenor-1\Breathy\o souverain\Breathy_Group\0011.wav,1,0.376655,9.018,French,FR-Tenor-1,o souverain,French/FR-Tenor-1/o souverain,0.121
d:\-MindEcho-main\ml_dl_models\gtsinger_multitech\dataset\raw\Chinese\ZH-Tenor-1\Breathy\化身孤岛的鲸\Breathy_Group\0005.wav,1,0.692662,8.305,Chinese,ZH-Tenor-1,化身孤岛的鲸,Chinese/ZH-Tenor-1/化身孤岛的鲸,0.27
d:\-MindEcho-main\ml_dl_models\gtsinger_multitech\dataset\raw\French\FR-Soprano-1\Mixed_Voice_and_Falsetto\comment deja\Mixed_Voice_Group\0004.wav,0,0.808897,7.001,French,FR-Soprano-1,comment deja,French/FR-Soprano-1/comment deja,0.0
d:\-MindEcho-main\ml_dl_models\gtsinger_multitech\dataset\raw\Chinese\ZH-Tenor-1\Pharyngeal\全世界谁倾听你\Control_Group\0010.wav,1,0.75416,4.985,Chinese,ZH-Tenor-1,全世界谁倾听你,Chinese/ZH-Tenor-1/全世界谁倾听你,0.33
d:\-MindEcho-main\ml_dl_models\gtsinger_multitech\dataset\raw\Chinese\ZH-Alto-1\Breathy\有一种悲伤\Control_Group\0004.wav,0,0.544971,5.635,Chinese,ZH-Alto-1,有一种悲伤,Chinese/ZH-Alto-1/有一种悲伤,0.0
d:\-MindEcho-main\ml_dl_models\gtsinger_multitech\dataset\raw\Chinese\ZH-Alto-1\Breathy\知足\Control_Group\0001.wav,1,0.532941,3.64,Chinese,ZH-Alto-1,知足,Chinese/ZH-Alto-1/知足,0.42
d:\-MindEcho-main\ml_dl_models\gtsinger_multitech\dataset\raw\Chinese\ZH-Tenor-1\Breathy\化身孤岛的鲸\Breathy_Group\0000.wav,0,0.565666,3.73,Chinese,ZH-Tenor-1,化身孤岛的鲸,Chinese/ZH-Tenor-1/化身孤岛的鲸,0.0
d:\-MindEcho-main\ml_dl_models\gtsinger_multitech\dataset\raw\Chinese\ZH-Alto-1\Mixed_Voice_and_Falsetto\后来\Falsetto_Group\0005.wav,0,0.632504,4.32,Chinese,ZH-Alto-1,后来,Chinese/ZH-Alto-1/后来,0.0
d:\-MindEcho-main\ml_dl_models\gtsinger_multitech\dataset\raw\Chinese\ZH-Alto-1\Breathy\越过山丘\Control_Group\0018.wav,0,0.592359,4.419,Chinese,ZH-Alto-1,越过山丘,Chinese/ZH-Alto-1/越过山丘,0.0
d:\-MindEcho-main\ml_dl_models\gtsinger_multitech\dataset\raw\French\FR-Soprano-1\Breathy\la chanson de la mer\Control_Group\0003.wav,1,0.760177,7.302,French,FR-Soprano-1,la chanson de la mer,French/FR-Soprano-1/la chanson de la mer,0.143
d:\-MindEcho-main\ml_dl_models\gtsinger_multitech\dataset\raw\Chinese\ZH-Alto-1\Mixed_Voice_and_Falsetto\老男孩\Control_Group\0011.wav,0,0.167546,1.27,Chinese,ZH-Alto-1,老男孩,Chinese/ZH-Alto-1/老男孩,0.0
d:\-MindEcho-main\ml_dl_models\gtsinger_multitech\dataset\raw\Chinese\ZH-Alto-1\Vibrato\不再见\Control_Group\0008.wav,0,0.211544,1.411,Chinese,ZH-Alto-1,不再见,Chinese/ZH-Alto-1/不再见,0.0
d:\-MindEcho-main\ml_dl_models\gtsinger_multitech\dataset\raw\Chinese\ZH-Tenor-1\Breathy\和你一样\Control_Group\0005.wav,1,0.504136,5.485,Chinese,ZH-Tenor-1,和你一样,Chinese/ZH-Tenor-1/和你一样,0.33
d:\-MindEcho-main\ml_dl_models\gtsinger_multitech\dataset\raw\Chinese\ZH-Alto-1\Pharyngeal\隐形的翅膀\Control_Group\0004.wav,1,0.306676,2.205,Chinese,ZH-Alto-1,隐形的翅膀,Chinese/ZH-Alto-1/隐形的翅膀,0.41
d:\-MindEcho-main\ml_dl_models\gtsinger_multitech\dataset\raw\Chinese\ZH-Tenor-1\Breathy\化身孤岛的鲸\Breathy_Group\0017.wav,1,0.233523,2.055,Chinese,ZH-Tenor-1,化身孤岛的鲸,Chinese/ZH-Tenor-1/化身孤岛的鲸,0.19
d:\-MindEcho-main\ml_dl_models\gtsinger_multitech\dataset\raw\Chinese\ZH-Alto-1\Glissando\没那么简单\Control_Group\0004.wav,0,0.515171,4.075,Chinese,ZH-Alto-1,没那么简单,Chinese/ZH-Alto-1/没那么简单,0.0
d:\-MindEcho-main\ml_dl_models\gtsinger_multitech\dataset\raw\Chinese\ZH-Alto-1\Pharyngeal\老男孩\Pharyngeal_Group\0011.wav,0,0.48316,5.896,Chinese,ZH-Alto-1,老男孩,Chinese/ZH-Alto-1/老男孩,0.0
d:\-MindEcho-main\ml_dl_models\gtsinger_multitech\dataset\raw\Chinese\ZH-Alto-1\Mixed_Voice_and_Falsetto\青花瓷\Control_Group\0006.wav,0,0.382166,2.4,Chinese,ZH-Alto-1,青花瓷,Chinese/ZH-Alto-1/青花瓷,0.0
d:\-MindEcho-main\ml_dl_models\gtsinger_multitech\dataset\raw\Chinese\ZH-Tenor-1\Mixed_Voice_and_Falsetto\终于等到你\Falsetto_Group\0013.wav,0,0.245977,1.605,Chinese,ZH-Tenor-1,终于等到你,Chinese/ZH-Tenor-1/终于等到你,0.0
d:\-MindEcho-main\ml_dl_models\gtsinger_multitech\dataset\raw\Chinese\ZH-Alto-1\Mixed_Voice_and_Falsetto\剑伤\Control_Group\0002.wav,0,0.388889,2.625,Chinese,ZH-Alto-1,剑伤,Chinese/ZH-Alto-1/剑伤,0.0
d:\-MindEcho-main\ml_dl_models\gtsinger_multitech\dataset\raw\Chinese\ZH-Alto-1\Mixed_Voice_and_Falsetto\可乐\Falsetto_Group\0006.wav,1,0.495758,4.09,Chinese,ZH-Alto-1,可乐,Chinese/ZH-Alto-1/可乐,0.72
d:\-MindEcho-main\ml_dl_models\gtsinger_multitech\dataset\raw\Chinese\ZH-Alto-1\Vibrato\不再见\Vibrato_Group\0019.wav,1,0.467767,2.975,Chinese,ZH-Alto-1,不再见,Chinese/ZH-Alto-1/不再见,0.35
d:\-MindEcho-main\ml_dl_models\gtsinger_multitech\dataset\raw\Chinese\ZH-Tenor-1\Pharyngeal\全世界谁倾听你\Control_Group\0002.wav,0,0.131123,1.285,Chinese,ZH-Tenor-1,全世界谁倾听你,Chinese/ZH-Tenor-1/全世界谁倾听你,0.0
d:\-MindEcho-main\ml_dl_models\gtsinger_multitech\dataset\raw\Chinese\ZH-Tenor-1\Vibrato\后会无期\Control_Group\0000.wav,0,0.167326,1.355,Chinese,ZH-Tenor-1,后会无期,Chinese/ZH-Tenor-1/后会无期,0.0
d:\-MindEcho-main\ml_dl_models\gtsinger_multitech\dataset\raw\Chinese\ZH-Tenor-1\Mixed_Voice_and_Falsetto\全世界谁倾听你\Falsetto_Group\0004.wav,0,0.136459,1.359,Chinese,ZH-Tenor-1,全世界谁倾听你,Chinese/ZH-Tenor-1/全世界谁倾听你,0.0
d:\-MindEcho-main\ml_dl_models\gtsinger_multitech\dataset\raw\French\FR-Tenor-1\Breathy\o souverain\Breathy_Group\0003.wav,0,0.656571,4.216,French,FR-Tenor-1,o souverain,French/FR-Tenor-1/o souverain,0.0
d:\-MindEcho-main\ml_dl_models\gtsinger_multitech\dataset\raw\Chinese\ZH-Alto-1\Glissando\没那么简单\Glissando_Group\0011.wav,1,0.531126,4.163,Chinese,ZH-Alto-1,没那么简单,Chinese/ZH-Alto-1/没那么简单,0.233
d:\-MindEcho-main\ml_dl_models\gtsinger_multitech\dataset\raw\Chinese\ZH-Tenor-1\Mixed_Voice_and_Falsetto\老男孩\Control_Group\0000.wav,0,0.216069,1.385,Chinese,ZH-Tenor-1,老男孩,Chinese/ZH-Tenor-1/老男孩,0.0
d:\-MindEcho-main\ml_dl_models\gtsinger_multitech\dataset\raw\Chinese\ZH-Tenor-1\Mixed_Voice_and_Falsetto\青花瓷\Control_Group\0017.wav,1,0.698374,4.295,Chinese,ZH-Tenor-1,青花瓷,Chinese/ZH-Tenor-1/青花瓷,0.29
d:\-MindEcho-main\ml_dl_models\gtsinger_multitech\dataset\raw\Chinese\ZH-Alto-1\Mixed_Voice_and_Falsetto\告白气球\Mixed_Voice_Group\0010.wav,0,0.225446,1.515,Chinese,ZH-Alto-1,告白气球,Chinese/ZH-Alto-1/告白气球,0.0
d:\-MindEcho-main\ml_dl_models\gtsinger_multitech\dataset\raw\Chinese\ZH-Tenor-1\Breathy\平凡的一天\Breathy_Group\0014.wav,0,0.173342,1.411,Chinese,ZH-Tenor-1,平凡的一天,Chinese/ZH-Tenor-1/平凡的一天,0.0
d:\-MindEcho-main\ml_dl_models\gtsinger_multitech\dataset\raw\Chinese\ZH-Tenor-1\Vibrato\从前慢\Vibrato_Group\0007.wav,0,0.120576,1.315,Chinese,ZH-Tenor-1,从前慢,Chinese/ZH-Tenor-1/从前慢,0.0
d:\-MindEcho-main\ml_dl_models\gtsinger_multitech\dataset\raw\Chinese\ZH-Tenor-1\Pharyngeal\最初的梦想\Pharyngeal_Group\0017.wav,0,0.154395,1.3,Chinese,ZH-Tenor-1,最初的梦想,Chinese/ZH-Tenor-1/最初的梦想,0.0
d:\-MindEcho-main\ml_dl_models\gtsinger_multitech\dataset\raw\French\FR-Tenor-1\Glissando\manon\Paired_Speech_Group\0001.wav,0,0.435214,2.392,French,FR-Tenor-1,manon,French/FR-Tenor-1/manon,0.0
d:\-MindEcho-main\ml_dl_models\gtsinger_multitech\dataset\raw\Chinese\ZH-Alto-1\Breathy\说谎\Breathy_Group\0005.wav,0,0.11858,1.312,Chinese,ZH-Alto-1,说谎,Chinese/ZH-Alto-1/说谎,0.0
d:\-MindEcho-main\ml_dl_models\gtsinger_multitech\dataset\raw\French\FR-Soprano-1\Breathy\le balcon\Control_Group\0007.wav,0,0.172548,1.687,French,FR-Soprano-1,le balcon,French/FR-Soprano-1/le balcon,0.0
d:\-MindEcho-main\ml_dl_models\gtsinger_multitech\dataset\raw\French\FR-Tenor-1\Breathy\o souverain\Breathy_Group\0017.wav,0,0.245421,2.237,French,FR-Tenor-1,o souverain,French/FR-Tenor-1/o souverain,0.0
d:\-MindEcho-main\ml_dl_models\gtsinger_multitech\dataset\raw\Chinese\ZH-Alto-1\Mixed_Voice_and_Falsetto\终于等到你\Control_Group\0006.wav,1,0.32053,2.599,Chinese,ZH-Alto-1,终于等到你,Chinese/ZH-Alto-1/终于等到你,0.281
d:\-MindEcho-main\ml_dl_models\gtsinger_multitech\dataset\raw\Chinese\ZH-Alto-1\Mixed_Voice_and_Falsetto\我的歌声里\Falsetto_Group\0004.wav,1,0.476994,3.11,Chinese,ZH-Alto-1,我的歌声里,Chinese/ZH-Alto-1/我的歌声里,0.58
d:\-MindEcho-main\ml_dl_models\gtsinger_multitech\dataset\raw\French\FR-Soprano-1\Glissando\dingdong\Control_Group\0006.wav,1,0.467961,7.529,French,FR-Soprano-1,dingdong,French/FR-Soprano-1/dingdong,0.15
d:\-MindEcho-main\ml_dl_models\gtsinger_multitech\dataset\raw\Chinese\ZH-Tenor-1\Vibrato\失落沙洲\Vibrato_Group\0010.wav,0,0.281696,1.777,Chinese,ZH-Tenor-1,失落沙洲,Chinese/ZH-Tenor-1/失落沙洲,0.0
d:\-MindEcho-main\ml_dl_models\gtsinger_multitech\dataset\raw\Chinese\ZH-Tenor-1\Pharyngeal\传奇\Control_Group\0007.wav,1,0.56476,6.715,Chinese,ZH-Tenor-1,传奇,Chinese/ZH-Tenor-1/传奇,1.53
d:\-MindEcho-main\ml_dl_models\gtsinger_multitech\dataset\raw\Chinese\ZH-Tenor-1\Mixed_Voice_and_Falsetto\倒带\Control_Group\0013.wav,1,0.507174,3.535,Chinese,ZH-Tenor-1,倒带,Chinese/ZH-Tenor-1/倒带,0.45
d:\-MindEcho-main\ml_dl_models\gtsinger_multitech\dataset\raw\French\FR-Soprano-1\Mixed_Voice_and_Falsetto\je vole\Control_Group\0000.wav,1,0.905764,12.255,French,FR-Soprano-1,je vole,French/FR-Soprano-1/je vole,0.958
d:\-MindEcho-main\ml_dl_models\gtsinger_multitech\dataset\raw\Chinese\ZH-Tenor-1\Mixed_Voice_and_Falsetto\偏爱\Falsetto_Group\0015.wav,1,0.635065,4.401,Chinese,ZH-Tenor-1,偏爱,Chinese/ZH-Tenor-1/偏爱,0.322
d:\-MindEcho-main\ml_dl_models\gtsinger_multitech\dataset\raw\Chinese\ZH-Alto-1\Breathy\越过山丘\Breathy_Group\0015.wav,1,0.459222,3.401,Chinese,ZH-Alto-1,越过山丘,Chinese/ZH-Alto-1/越过山丘,0.43
d:\-MindEcho-main\ml_dl_models\gtsinger_multitech\dataset\raw\French\FR-Soprano-1\Mixed_Voice_and_Falsetto\chez moi\Mixed_Voice_Group\0005.wav,1,0.798768,12.12,French,FR-Soprano-1,chez moi,French/FR-Soprano-1/chez moi,0.425
d:\-MindEcho-main\ml_dl_models\gtsinger_multitech\dataset\raw\Chinese\ZH-Alto-1\Mixed_Voice_and_Falsetto\可乐\Control_Group\0002.wav,1,0.497347,3.75,Chinese,ZH-Alto-1,可乐,Chinese/ZH-Alto-1/可乐,0.38
d:\-MindEcho-main\ml_dl_models\gtsinger_multitech\dataset\raw\Chinese\ZH-Alto-1\Mixed_Voice_and_Falsetto\老男孩\Mixed_Voice_Group\0004.wav,0,0.223134,1.644,Chinese,ZH-Alto-1,老男孩,Chinese/ZH-Alto-1/老男孩,0.0
d:\-MindEcho-main\ml_dl_models\gtsinger_multitech\dataset\raw\Chinese\ZH-Alto-1\Mixed_Voice_and_Falsetto\演员\Control_Group\0003.wav,1,0.593356,5.18,Chinese,ZH-Alto-1,演员,Chinese/ZH-Alto-1/演员,1.08
d:\-MindEcho-main\ml_dl_models\gtsinger_multitech\dataset\raw\Chinese\ZH-Alto-1\Glissando\她说\Glissando_Group\0009.wav,0,0.613269,3.79,Chinese,ZH-Alto-1,她说,Chinese/ZH-Alto-1/她说,0.0
d:\-MindEcho-main\ml_dl_models\gtsinger_multitech\dataset\raw\French\FR-Soprano-1\Glissando\la fuite\Control_Group\0007.wav,0,0.157241,1.746,French,FR-Soprano-1,la fuite,French/FR-Soprano-1/la fuite,0.0
d:\-MindEcho-main\ml_dl_models\gtsinger_multitech\dataset\raw\Chinese\ZH-Alto-1\Glissando\热雪\Glissando_Group\0000.wav,0,0.399409,3.178,Chinese,ZH-Alto-1,热雪,Chinese/ZH-Alto-1/热雪,0.0
d:\-MindEcho-main\ml_dl_models\gtsinger_multitech\dataset\raw\Chinese\ZH-Alto-1\Glissando\曹操\Glissando_Group\0004.wav,0,0.385106,2.715,Chinese,ZH-Alto-1,曹操,Chinese/ZH-Alto-1/曹操,0.0
d:\-MindEcho-main\ml_dl_models\gtsinger_multitech\dataset\raw\Chinese\ZH-Tenor-1\Mixed_Voice_and_Falsetto\倒带\Control_Group\0024.wav,0,0.150513,1.32,Chinese,ZH-Tenor-1,倒带,Chinese/ZH-Tenor-1/倒带,0.0
d:\-MindEcho-main\ml_dl_models\gtsinger_multitech\dataset\raw\Chinese\ZH-Alto-1\Breathy\知足\Control_Group\0004.wav,1,0.510288,3.546,Chinese,ZH-Alto-1,知足,Chinese/ZH-Alto-1/知足,0.373
d:\-MindEcho-main\ml_dl_models\gtsinger_multitech\dataset\raw\Chinese\ZH-Tenor-1\Mixed_Voice_and_Falsetto\后来\Mixed_Voice_Group\0004.wav,1,0.230779,1.753,Chinese,ZH-Tenor-1,后来,Chinese/ZH-Tenor-1/后来,0.374
d:\-MindEcho-main\ml_dl_models\gtsinger_multitech\dataset\raw\French\FR-Soprano-1\Mixed_Voice_and_Falsetto\vivre a en crever\Paired_Speech_Group\0004.wav,0,0.351598,1.386,French,FR-Soprano-1,vivre a en crever,French/FR-Soprano-1/vivre a en crever,0.0
d:\-MindEcho-main\ml_dl_models\gtsinger_multitech\dataset\raw\Chinese\ZH-Alto-1\Mixed_Voice_and_Falsetto\最长的电影\Mixed_Voice_Group\0008.wav,1,0.505216,4.165,Chinese,ZH-Alto-1,最长的电影,Chinese/ZH-Alto-1/最长的电影,0.43
d:\-MindEcho-main\ml_dl_models\gtsinger_multitech\dataset\raw\Chinese\ZH-Alto-1\Glissando\没那么简单\Control_Group\0020.wav,0,0.202984,1.258,Chinese,ZH-Alto-1,没那么简单,Chinese/ZH-Alto-1/没那么简单,0.0
d:\-MindEcho-main\ml_dl_models\gtsinger_multitech\dataset\raw\Chinese\ZH-Alto-1\Pharyngeal\默\Control_Group\0002.wav,0,0.15119,1.27,Chinese,ZH-Alto-1,默,Chinese/ZH-Alto-1/默,0.0
d:\-MindEcho-main\ml_dl_models\gtsinger_multitech\dataset\raw\Chinese\ZH-Alto-1\Vibrato\年轮\Control_Group\0002.wav,0,0.271746,1.649,Chinese,ZH-Alto-1,年轮,Chinese/ZH-Alto-1/年轮,0.0
d:\-MindEcho-main\ml_dl_models\gtsinger_multitech\dataset\raw\Chinese\ZH-Alto-1\Breathy\匆匆那年\Control_Group\0008.wav,0,0.102757,1.23,Chinese,ZH-Alto-1,匆匆那年,Chinese/ZH-Alto-1/匆匆那年,0.0
d:\-MindEcho-main\ml_dl_models\gtsinger_multitech\dataset\raw\Chinese\ZH-Alto-1\Mixed_Voice_and_Falsetto\后来\Mixed_Voice_Group\0005.wav,0,0.455469,2.915,Chinese,ZH-Alto-1,后来,Chinese/ZH-Alto-1/后来,0.0
d:\-MindEcho-main\ml_dl_models\gtsinger_multitech\dataset\raw\Chinese\ZH-Tenor-1\Glissando\不染\Control_Group\0002.wav,1,0.50885,3.335,Chinese,ZH-Tenor-1,不染,Chinese/ZH-Tenor-1/不染,0.39
d:\-MindEcho-main\ml_dl_models\gtsinger_multitech\dataset\raw\Chinese\ZH-Alto-1\Breathy\说谎\Breathy_Group\0007.wav,1,0.473841,3.985,Chinese,ZH-Alto-1,说谎,Chinese/ZH-Alto-1/说谎,0.43
d:\-MindEcho-main\ml_dl_models\gtsinger_multitech\dataset\raw\Chinese\ZH-Alto-1\Vibrato\贝加尔湖畔\Control_Group\0005.wav,0,0.166303,1.525,Chinese,ZH-Alto-1,贝加尔湖畔,Chinese/ZH-Alto-1/贝加尔湖畔,0.0
d:\-MindEcho-main\ml_dl_models\gtsinger_multitech\dataset\raw\French\FR-Tenor-1\Glissando\ouvre\Control_Group\0004.wav,1,0.951086,24.142,French,FR-Tenor-1,ouvre,French/FR-Tenor-1/ouvre,0.783
d:\-MindEcho-main\ml_dl_models\gtsinger_multitech\dataset\raw\Chinese\ZH-Tenor-1\Mixed_Voice_and_Falsetto\演员\Control_Group\0004.wav,0,0.602369,6.102,Chinese,ZH-Tenor-1,演员,Chinese/ZH-Tenor-1/演员,0.0
d:\-MindEcho-main\ml_dl_models\gtsinger_multitech\dataset\raw\Chinese\ZH-Alto-1\Breathy\给电影人的情书\Breathy_Group\0001.wav,1,0.543095,5.86,Chinese,ZH-Alto-1,给电影人的情书,Chinese/ZH-Alto-1/给电影人的情书,0.46
d:\-MindEcho-main\ml_dl_models\gtsinger_multitech\dataset\raw\French\FR-Soprano-1\Mixed_Voice_and_Falsetto\magic boul'vard\Control_Group\0006.wav,1,0.295279,4.322,French,FR-Soprano-1,magic boul'vard,French/FR-Soprano-1/magic boul'vard,1.922
d:\-MindEcho-main\ml_dl_models\gtsinger_multitech\dataset\raw\Chinese\ZH-Tenor-1\Mixed_Voice_and_Falsetto\我的歌声里\Falsetto_Group\0009.wav,0,0.418954,3.205,Chinese,ZH-Tenor-1,我的歌声里,Chinese/ZH-Tenor-1/我的歌声里,0.0
d:\-MindEcho-main\ml_dl_models\gtsinger_multitech\dataset\raw\French\FR-Soprano-1\Mixed_Voice_and_Falsetto\chez moi\Control_Group\0004.wav,0,0.190509,1.784,French,FR-Soprano-1,chez moi,French/FR-Soprano-1/chez moi,0.0
d:\-MindEcho-main\ml_dl_models\gtsinger_multitech\dataset\raw\Chinese\ZH-Alto-1\Mixed_Voice_and_Falsetto\贝加尔湖畔\Mixed_Voice_Group\0003.wav,1,0.424528,3.375,Chinese,ZH-Alto-1,贝加尔湖畔,Chinese/ZH-Alto-1/贝加尔湖畔,0.35
d:\-MindEcho-main\ml_dl_models\gtsinger_multitech\dataset\raw\Chinese\ZH-Tenor-1\Mixed_Voice_and_Falsetto\听海\Falsetto_Group\0011.wav,1,0.319593,1.977,Chinese,ZH-Tenor-1,听海,Chinese/ZH-Tenor-1/听海,0.104
d:\-MindEcho-main\ml_dl_models\gtsinger_multitech\dataset\raw\Chinese\ZH-Tenor-1\Mixed_Voice_and_Falsetto\过火\Control_Group\0023.wav,0,0.475302,4.33,Chinese,ZH-Tenor-1,过火,Chinese/ZH-Tenor-1/过火,0.0
d:\-MindEcho-main\ml_dl_models\gtsinger_multitech\dataset\raw\French\FR-Soprano-1\Breathy\soleil solleil\Breathy_Group\0003.wav,0,0.170465,1.81,French,FR-Soprano-1,soleil solleil,French/FR-Soprano-1/soleil solleil,0.0
d:\-MindEcho-main\ml_dl_models\gtsinger_multitech\dataset\raw\Chinese\ZH-Alto-1\Mixed_Voice_and_Falsetto\最长的电影\Control_Group\0009.wav,1,0.361585,2.965,Chinese,ZH-Alto-1,最长的电影,Chinese/ZH-Alto-1/最长的电影,0.27
d:\-MindEcho-main\ml_dl_models\gtsinger_multitech\dataset\raw\Chinese\ZH-Tenor-1\Mixed_Voice_and_Falsetto\走着走着就散了\Control_Group\0007.wav,0,0.433696,3.99,Chinese,ZH-Tenor-1,走着走着就散了,Chinese/ZH-Tenor-1/走着走着就散了,0.0
d:\-MindEcho-main\ml_dl_models\gtsinger_multitech\dataset\raw\French\FR-Soprano-1\Breathy\la chanson de la mer\Breathy_Group\0005.wav,1,0.590028,6.994,French,FR-Soprano-1,la chanson de la mer,French/FR-Soprano-1/la chanson de la mer,0.91
d:\-MindEcho-main\ml_dl_models\gtsinger_multitech\dataset\raw\Chinese\ZH-Alto-1\Breathy\可乐\Control_Group\0000.wav,0,0.222,1.445,Chinese,ZH-Alto-1,可乐,Chinese/ZH-Alto-1/可乐,0.0
d:\-MindEcho-main\ml_dl_models\gtsinger_multitech\dataset\raw\French\FR-Soprano-1\Vibrato\les oiseaux\Control_Group\0003.wav,1,0.120991,1.52,French,FR-Soprano-1,les oiseaux,French/FR-Soprano-1/les oiseaux,0.241
d:\-MindEcho-main\ml_dl_models\gtsinger_multitech\dataset\raw\French\FR-Soprano-1\Glissando\donnez-moi\Paired_Speech_Group\0005.wav,0,0.233946,2.255,French,FR-Soprano-1,donnez-moi,French/FR-Soprano-1/donnez-moi,0.0
d:\-MindEcho-main\ml_dl_models\gtsinger_multitech\dataset\raw\French\FR-Soprano-1\Breathy\2019\Breathy_Group\0006.wav,1,0.859039,8.402,French,FR-Soprano-1,2019,French/FR-Soprano-1/2019,0.222
d:\-MindEcho-main\ml_dl_models\gtsinger_multitech\dataset\raw\Chinese\ZH-Tenor-1\Pharyngeal\雨爱\Control_Group\0010.wav,0,0.401225,2.62,Chinese,ZH-Tenor-1,雨爱,Chinese/ZH-Tenor-1/雨爱,0.0
d:\-MindEcho-main\ml_dl_models\gtsinger_multitech\dataset\raw\Chinese\ZH-Alto-1\Mixed_Voice_and_Falsetto\知足\Falsetto_Group\0013.wav,0,0.616616,4.045,Chinese,ZH-Alto-1,知足,Chinese/ZH-Alto-1/知足,0.0
d:\-MindEcho-main\ml_dl_models\gtsinger_multitech\dataset\raw\French\FR-Soprano-1\Breathy\la chanson de la mer\Breathy_Group\0008.wav,1,0.455353,5.559,French,FR-Soprano-1,la chanson de la mer,French/FR-Soprano-1/la chanson de la mer,0.973
d:\-MindEcho-main\ml_dl_models\gtsinger_multitech\dataset\raw\Chinese\ZH-Alto-1\Mixed_Voice_and_Falsetto\知足\Falsetto_Group\0011.wav,1,0.526316,3.4,Chinese,ZH-Alto-1,知足,Chinese/ZH-Alto-1/知足,0.56
d:\-MindEcho-main\ml_dl_models\gtsinger_multitech\dataset\raw\Chinese\ZH-Tenor-1\Vibrato\从前慢\Control_Group\0009.wav,1,0.60131,5.965,Chinese,ZH-Tenor-1,从前慢,Chinese/ZH-Tenor-1/从前慢,0.39
d:\-MindEcho-main\ml_dl_models\gtsinger_multitech\dataset\raw\Chinese\ZH-Tenor-1\Glissando\给电影人的情书\Control_Group\0010.wav,0,0.119231,1.395,Chinese,ZH-Tenor-1,给电影人的情书,Chinese/ZH-Tenor-1/给电影人的情书,0.0
d:\-MindEcho-main\ml_dl_models\gtsinger_multitech\dataset\raw\Chinese\ZH-Tenor-1\Mixed_Voice_and_Falsetto\枫\Control_Group\0011.wav,0,0.156627,1.56,Chinese,ZH-Tenor-1,枫,Chinese/ZH-Tenor-1/枫,0.0
d:\-MindEcho-main\ml_dl_models\gtsinger_multitech\dataset\raw\Chinese\ZH-Alto-1\Pharyngeal\小幸运\Control_Group\0000.wav,0,0.227294,1.462,Chinese,ZH-Alto-1,小幸运,Chinese/ZH-Alto-1/小幸运,0.0
d:\-MindEcho-main\ml_dl_models\gtsinger_multitech\dataset\raw\French\FR-Tenor-1\Breathy\Les Marionnettes\Paired_Speech_Group\0007.wav,0,0.525587,2.865,French,FR-Tenor-1,Les Marionnettes,French/FR-Tenor-1/Les Marionnettes,0.0
d:\-MindEcho-main\ml_dl_models\gtsinger_multitech\dataset\raw\Chinese\ZH-Tenor-1\Breathy\平凡的一天\Control_Group\0012.wav,1,0.528125,5.915,Chinese,ZH-Tenor-1,平凡的一天,Chinese/ZH-Tenor-1/平凡的一天,0.47
d:\-MindEcho-main\ml_dl_models\gtsinger_multitech\dataset\raw\Chinese\ZH-Alto-1\Vibrato\不再见\Vibrato_Group\0002.wav,0,0.150609,1.36,Chinese,ZH-Alto-1,不再见,Chinese/ZH-Alto-1/不再见,0.0
d:\-MindEcho-main\ml_dl_models\gtsinger_multitech\dataset\raw\Chinese\ZH-Tenor-1\Breathy\平凡的一天\Breathy_Group\0007.wav,0,0.126758,1.37,Chinese,ZH-Tenor-1,平凡的一天,Chinese/ZH-Tenor-1/平凡的一天,0.0
d:\-MindEcho-main\ml_dl_models\gtsinger_multitech\dataset\raw\French\FR-Soprano-1\Breathy\le balcon\Paired_Speech_Group\0003.wav,0,0.546926,1.521,French,FR-Soprano-1,le balcon,French/FR-Soprano-1/le balcon,0.0
d:\-MindEcho-main\ml_dl_models\gtsinger_multitech\dataset\raw\Chinese\ZH-Tenor-1\Pharyngeal\逆光\Control_Group\0001.wav,1,0.110714,1.256,Chinese,ZH-Tenor-1,逆光,Chinese/ZH-Tenor-1/逆光,0.329
d:\-MindEcho-main\ml_dl_models\gtsinger_multitech\dataset\raw\Chinese\ZH-Tenor-1\Mixed_Voice_and_Falsetto\残酷月光\Falsetto_Group\0021.wav,1,0.437637,3.221,Chinese,ZH-Tenor-1,残酷月光,Chinese/ZH-Tenor-1/残酷月光,0.494
d:\-MindEcho-main\ml_dl_models\gtsinger_multitech\dataset\raw\French\FR-Soprano-1\Mixed_Voice_and_Falsetto\nos ballades\Mixed_Voice_Group\0006.wav,1,0.488515,4.402,French,FR-Soprano-1,nos ballades,French/FR-Soprano-1/nos ballades,0.523
d:\-MindEcho-main\ml_dl_models\gtsinger_multitech\dataset\raw\Chinese\ZH-Tenor-1\Mixed_Voice_and_Falsetto\青花瓷\Mixed_Voice_Group\0011.wav,1,0.66,8.745,Chinese,ZH-Tenor-1,青花瓷,Chinese/ZH-Tenor-1/青花瓷,0.31
d:\-MindEcho-main\ml_dl_models\gtsinger_multitech\dataset\raw\French\FR-Soprano-1\Mixed_Voice_and_Falsetto\violet snow\Falsetto_Group\0007.wav,0,0.54302,6.185,French,FR-Soprano-1,violet snow,French/FR-Soprano-1/violet snow,0.0
d:\-MindEcho-main\ml_dl_models\gtsinger_multitech\dataset\raw\Chinese\ZH-Tenor-1\Mixed_Voice_and_Falsetto\讲真的\Mixed_Voice_Group\0007.wav,1,0.378759,3.905,Chinese,ZH-Tenor-1,讲真的,Chinese/ZH-Tenor-1/讲真的,0.31
d:\-MindEcho-main\ml_dl_models\gtsinger_multitech\dataset\raw\Chinese\ZH-Tenor-1\Glissando\空白格\Glissando_Group\0005.wav,1,0.175695,0.96,Chinese,ZH-Tenor-1,空白格,Chinese/ZH-Tenor-1/空白格,0.36
d:\-MindEcho-main\ml_dl_models\gtsinger_multitech\dataset\raw\Chinese\ZH-Tenor-1\Vibrato\我真的受伤了\Vibrato_Group\0007.wav,1,0.49187,3.267,Chinese,ZH-Tenor-1,我真的受伤了,Chinese/ZH-Tenor-1/我真的受伤了,1.886
d:\-MindEcho-main\ml_dl_models\gtsinger_multitech\dataset\raw\Chinese\ZH-Alto-1\Mixed_Voice_and_Falsetto\老男孩\Control_Group\0017.wav,0,0.461656,3.763,Chinese,ZH-Alto-1,老男孩,Chinese/ZH-Alto-1/老男孩,0.0
d:\-MindEcho-main\ml_dl_models\gtsinger_multitech\dataset\raw\Chinese\ZH-Tenor-1\Mixed_Voice_and_Falsetto\失落沙洲\Mixed_Voice_Group\0002.wav,0,0.590045,6.52,Chinese,ZH-Tenor-1,失落沙洲,Chinese/ZH-Tenor-1/失落沙洲,0.0
d:\-MindEcho-main\ml_dl_models\gtsinger_multitech\dataset\raw\Chinese\ZH-Alto-1\Glissando\青花瓷\Glissando_Group\0001.wav,0,0.128539,1.68,Chinese,ZH-Alto-1,青花瓷,Chinese/ZH-Alto-1/青花瓷,0.0
d:\-MindEcho-main\ml_dl_models\gtsinger_multitech\dataset\raw\French\FR-Soprano-1\Vibrato\les oiseaux\Vibrato_Group\0007.wav,1,0.597171,8.085,French,FR-Soprano-1,les oiseaux,French/FR-Soprano-1/les oiseaux,0.341
d:\-MindEcho-main\ml_dl_models\gtsinger_multitech\dataset\raw\Chinese\ZH-Tenor-1\Glissando\倒带\Control_Group\0015.wav,0,0.554903,3.876,Chinese,ZH-Tenor-1,倒带,Chinese/ZH-Tenor-1/倒带,0.0
d:\-MindEcho-main\ml_dl_models\gtsinger_multitech\dataset\raw\Chinese\ZH-Tenor-1\Breathy\爱的回归线\Control_Group\0009.wav,0,0.542308,3.525,Chinese,ZH-Tenor-1,爱的回归线,Chinese/ZH-Tenor-1/爱的回归线,0.0
d:\-MindEcho-main\ml_dl_models\gtsinger_multitech\dataset\raw\Chinese\ZH-Alto-1\Glissando\她说\Control_Group\0001.wav,1,0.773318,10.48,Chinese,ZH-Alto-1,她说,Chinese/ZH-Alto-1/她说,0.36
d:\-MindEcho-main\ml_dl_models\gtsinger_multitech\dataset\raw\Chinese\ZH-Tenor-1\Mixed_Voice_and_Falsetto\不能说的秘密\Control_Group\0005.wav,0,0.492051,3.095,Chinese,ZH-Tenor-1,不能说的秘密,Chinese/ZH-Tenor-1/不能说的秘密,0.0
d:\-MindEcho-main\ml_dl_models\gtsinger_multitech\dataset\raw\French\FR-Soprano-1\Mixed_Voice_and_Falsetto\magic boul'vard\Paired_Speech_Group\0013.wav,0,0.463694,2.433,French,FR-Soprano-1,magic boul'vard,French/FR-Soprano-1/magic boul'vard,0.0
d:\-MindEcho-main\ml_dl_models\gtsinger_multitech\dataset\raw\French\FR-Soprano-1\Mixed_Voice_and_Falsetto\vivre a en crever\Mixed_Voice_Group\0006.wav,1,0.284454,3.751,French,FR-Soprano-1,vivre a en crever,French/FR-Soprano-1/vivre a en crever,0.502
d:\-MindEcho-main\ml_dl_models\gtsinger_multitech\dataset\raw\Chinese\ZH-Alto-1\Glissando\青花瓷\Glissando_Group\0003.wav,0,0.459427,3.85,Chinese,ZH-Alto-1,青花瓷,Chinese/ZH-Alto-1/青花瓷,0.0
d:\-MindEcho-main\ml_dl_models\gtsinger_multitech\dataset\raw\Chinese\ZH-Alto-1\Breathy\越过山丘\Control_Group\0020.wav,0,0.216472,1.485,Chinese,ZH-Alto-1,越过山丘,Chinese/ZH-Alto-1/越过山丘,0.0
d:\-MindEcho-main\ml_dl_models\gtsinger_multitech\dataset\raw\French\FR-Soprano-1\Pharyngeal\lassasymphonie\Paired_Speech_Group\0007.wav,0,0.217216,1.292,French,FR-Soprano-1,lassasymphonie,French/FR-Soprano-1/lassasymphonie,0.0
d:\-MindEcho-main\ml_dl_models\gtsinger_multitech\dataset\raw\Chinese\ZH-Alto-1\Mixed_Voice_and_Falsetto\平凡之路\Control_Group\0008.wav,0,0.594444,3.638,Chinese,ZH-Alto-1,平凡之路,Chinese/ZH-Alto-1/平凡之路,0.0
d:\-MindEcho-main\ml_dl_models\gtsinger_multitech\dataset\raw\Chinese\ZH-Alto-1\Glissando\曹操\Glissando_Group\0005.wav,0,0.209784,1.488,Chinese,ZH-Alto-1,曹操,Chinese/ZH-Alto-1/曹操,0.0
d:\-MindEcho-main\ml_dl_models\gtsinger_multitech\dataset\raw\Chinese\ZH-Alto-1\Pharyngeal\说散就散\Pharyngeal_Group\0005.wav,1,0.592965,7.603,Chinese,ZH-Alto-1,说散就散,Chinese/ZH-Alto-1/说散就散,0.432
d:\-MindEcho-main\ml_dl_models\gtsinger_multitech\dataset\raw\French\FR-Tenor-1\Breathy\Les Marionnettes\Control_Group\0006.wav,0,0.546392,6.012,French,FR-Tenor-1,Les Marionnettes,French/FR-Tenor-1/Les Marionnettes,0.0
d:\-MindEcho-main\ml_dl_models\gtsinger_multitech\dataset\raw\Chinese\ZH-Alto-1\Mixed_Voice_and_Falsetto\青花瓷\Mixed_Voice_Group\0009.wav,1,0.498866,4.405,Chinese,ZH-Alto-1,青花瓷,Chinese/ZH-Alto-1/青花瓷,0.25
d:\-MindEcho-main\ml_dl_models\gtsinger_multitech\dataset\raw\French\FR-Soprano-1\Pharyngeal\lassasymphonie\Control_Group\0009.wav,0,0.447436,5.218,French,FR-Soprano-1,lassasymphonie,French/FR-Soprano-1/lassasymphonie,0.0
d:\-MindEcho-main\ml_dl_models\gtsinger_multitech\dataset\raw\Chinese\ZH-Tenor-1\Mixed_Voice_and_Falsetto\过火\Mixed_Voice_Group\0019.wav,1,0.500786,3.18,Chinese,ZH-Tenor-1,过火,Chinese/ZH-Tenor-1/过火,0.3
d:\-MindEcho-main\ml_dl_models\gtsinger_multitech\dataset\raw\Chinese\ZH-Alto-1\Mixed_Voice_and_Falsetto\可乐\Falsetto_Group\0013.wav,1,0.605021,4.94,Chinese,ZH-Alto-1,可乐,Chinese/ZH-Alto-1/可乐,0.364
d:\-MindEcho-main\ml_dl_models\gtsinger_multitech\dataset\raw\French\FR-Soprano-1\Glissando\le jardin des roses\Paired_Speech_Group\0000.wav,0,0.336871,1.333,French,FR-Soprano-1,le jardin des roses,French/FR-Soprano-1/le jardin des roses,0.0
d:\-MindEcho-main\ml_dl_models\gtsinger_multitech\dataset\raw\Chinese\ZH-Tenor-1\Mixed_Voice_and_Falsetto\情歌\Control_Group\0016.wav,0,0.229018,1.61,Chinese,ZH-Tenor-1,情歌,Chinese/ZH-Tenor-1/情歌,0.0
d:\-MindEcho-main\ml_dl_models\gtsinger_multitech\dataset\raw\Chinese\ZH-Tenor-1\Mixed_Voice_and_Falsetto\情歌\Mixed_Voice_Group\0016.wav,0,0.516115,3.635,Chinese,ZH-Tenor-1,情歌,Chinese/ZH-Tenor-1/情歌,0.0
d:\-MindEcho-main\ml_dl_models\gtsinger_multitech\dataset\raw\Chinese\ZH-Alto-1\Breathy\给电影人的情书\Breathy_Group\0004.wav,1,0.318472,2.65,Chinese,ZH-Alto-1,给电影人的情书,Chinese/ZH-Alto-1/给电影人的情书,0.48
d:\-MindEcho-main\ml_dl_models\gtsinger_multitech\dataset\raw\French\FR-Soprano-1\Pharyngeal\ce train qui s'en va\Paired_Speech_Group\0001.wav,0,0.378837,1.581,French,FR-Soprano-1,ce train qui s'en va,French/FR-Soprano-1/ce train qui s'en va,0.0
d:\-MindEcho-main\ml_dl_models\gtsinger_multitech\dataset\raw\Chinese\ZH-Tenor-1\Mixed_Voice_and_Falsetto\听海\Falsetto_Group\0009.wav,0,0.345927,2.93,Chinese,ZH-Tenor-1,听海,Chinese/ZH-Tenor-1/听海,0.0
d:\-MindEcho-main\ml_dl_models\gtsinger_multitech\dataset\raw\Chinese\ZH-Tenor-1\Mixed_Voice_and_Falsetto\老男孩\Control_Group\0020.wav,0,0.483146,3.01,Chinese,ZH-Tenor-1,老男孩,Chinese/ZH-Tenor-1/老男孩,0.0
d:\-MindEcho-main\ml_dl_models\gtsinger_multitech\dataset\raw\Chinese\ZH-Tenor-1\Glissando\彩虹\Control_Group\0008.wav,0,0.426318,5.418,Chinese,ZH-Tenor-1,彩虹,Chinese/ZH-Tenor-1/彩虹,0.0
d:\-MindEcho-main\ml_dl_models\gtsinger_multitech\dataset\raw\Chinese\ZH-Alto-1\Breathy\说谎\Breathy_Group\0003.wav,0,0.518228,3.042,Chinese,ZH-Alto-1,说谎,Chinese/ZH-Alto-1/说谎,0.0
d:\-MindEcho-main\ml_dl_models\gtsinger_multitech\dataset\raw\Chinese\ZH-Tenor-1\Mixed_Voice_and_Falsetto\讲真的\Falsetto_Group\0016.wav,1,0.588596,5.704,Chinese,ZH-Tenor-1,讲真的,Chinese/ZH-Tenor-1/讲真的,0.413
d:\-MindEcho-main\ml_dl_models\gtsinger_multitech\dataset\raw\Chinese\ZH-Alto-1\Pharyngeal\崇拜\Control_Group\0004.wav,1,0.487821,3.605,Chinese,ZH-Alto-1,崇拜,Chinese/ZH-Alto-1/崇拜,0.39
d:\-MindEcho-main\ml_dl_models\gtsinger_multitech\dataset\raw\Chinese\ZH-Tenor-1\Mixed_Voice_and_Falsetto\我的歌声里\Falsetto_Group\0003.wav,1,0.788487,5.89,Chinese,ZH-Tenor-1,我的歌声里,Chinese/ZH-Tenor-1/我的歌声里,0.44
d:\-MindEcho-main\ml_dl_models\gtsinger_multitech\dataset\raw\French\FR-Tenor-1\Glissando\o souverain\Paired_Speech_Group\0000.wav,0,0.330859,1.47,French,FR-Tenor-1,o souverain,French/FR-Tenor-1/o souverain,0.0
d:\-MindEcho-main\ml_dl_models\gtsinger_multitech\dataset\raw\Chinese\ZH-Tenor-1\Mixed_Voice_and_Falsetto\不能说的秘密\Falsetto_Group\0000.wav,1,0.352058,3.165,Chinese,ZH-Tenor-1,不能说的秘密,Chinese/ZH-Tenor-1/不能说的秘密,0.53
d:\-MindEcho-main\ml_dl_models\gtsinger_multitech\dataset\raw\Chinese\ZH-Tenor-1\Mixed_Voice_and_Falsetto\我的歌声里\Falsetto_Group\0013.wav,1,0.670014,9.34,Chinese,ZH-Tenor-1,我的歌声里,Chinese/ZH-Tenor-1/我的歌声里,0.604
d:\-MindEcho-main\ml_dl_models\gtsinger_multitech\dataset\raw\Chinese\ZH-Tenor-1\Mixed_Voice_and_Falsetto\一次就好\Falsetto_Group\0004.wav,1,0.758392,5.195,Chinese,ZH-Tenor-1,一次就好,Chinese/ZH-Tenor-1/一次就好,0.45
d:\-MindEcho-main\ml_dl_models\gtsinger_multitech\dataset\raw\French\FR-Soprano-1\Mixed_Voice_and_Falsetto\le dernier train\Control_Group\0007.wav,0,0.604508,5.793,French,FR-Soprano-1,le dernier train,French/FR-Soprano-1/le dernier train,0.0
d:\-MindEcho-main\ml_dl_models\gtsinger_multitech\dataset\raw\Chinese\ZH-Alto-1\Pharyngeal\老男孩\Pharyngeal_Group\0008.wav,0,0.570806,5.046,Chinese,ZH-Alto-1,老男孩,Chinese/ZH-Alto-1/老男孩,0.0
d:\-MindEcho-main\ml_dl_models\gtsinger_multitech\dataset\raw\Chinese\ZH-Tenor-1\Mixed_Voice_and_Falsetto\末班车\Control_Group\0006.wav,0,0.172197,1.567,Chinese,ZH-Tenor-1,末班车,Chinese/ZH-Tenor-1/末班车,0.0
d:\-MindEcho-main\ml_dl_models\gtsinger_multitech\dataset\raw\French\FR-Soprano-1\Glissando\dingdong\Control_Group\0008.wav,1,0.198148,2.151,French,FR-Soprano-1,dingdong,French/FR-Soprano-1/dingdong,0.841
d:\-MindEcho-main\ml_dl_models\gtsinger_multitech\dataset\raw\Chinese\ZH-Alto-1\Mixed_Voice_and_Falsetto\剑伤\Control_Group\0000.wav,1,0.494753,3.3,Chinese,ZH-Alto-1,剑伤,Chinese/ZH-Alto-1/剑伤,0.42
d:\-MindEcho-main\ml_dl_models\gtsinger_multitech\dataset\raw\Chinese\ZH-Alto-1\Breathy\奇妙能力歌\Breathy_Group\0010.wav,1,0.523161,3.84,Chinese,ZH-Alto-1,奇妙能力歌,Chinese/ZH-Alto-1/奇妙能力歌,0.34
d:\-MindEcho-main\ml_dl_models\gtsinger_multitech\dataset\raw\Chinese\ZH-Tenor-1\Mixed_Voice_and_Falsetto\不能说的秘密\Mixed_Voice_Group\0000.wav,1,0.364842,3.3,Chinese,ZH-Tenor-1,不能说的秘密,Chinese/ZH-Tenor-1/不能说的秘密,0.49
d:\-MindEcho-main\ml_dl_models\gtsinger_multitech\dataset\raw\Chinese\ZH-Alto-1\Mixed_Voice_and_Falsetto\老男孩\Mixed_Voice_Group\0020.wav,0,0.425333,3.19,Chinese,ZH-Alto-1,老男孩,Chinese/ZH-Alto-1/老男孩,0.0
d:\-MindEcho-main\ml_dl_models\gtsinger_multitech\dataset\raw\Chinese\ZH-Alto-1\Mixed_Voice_and_Falsetto\后来\Mixed_Voice_Group\0006.wav,1,0.151482,1.38,Chinese,ZH-Alto-1,后来,Chinese/ZH-Alto-1/后来,0.28
d:\-MindEcho-main\ml_dl_models\gtsinger_multitech\dataset\raw\French\FR-Soprano-1\Pharyngeal\lassasymphonie\Control_Group\0000.wav,0,0.614028,6.163,French,FR-Soprano-1,lassasymphonie,French/FR-Soprano-1/lassasymphonie,0.0
d:\-MindEcho-main\ml_dl_models\gtsinger_multitech\dataset\raw\Chinese\ZH-Alto-1\Pharyngeal\说散就散\Control_Group\0001.wav,1,0.54828,4.145,Chinese,ZH-Alto-1,说散就散,Chinese/ZH-Alto-1/说散就散,0.41
d:\-MindEcho-main\ml_dl_models\gtsinger_multitech\dataset\raw\French\FR-Soprano-1\Breathy\la chanson de la mer\Breathy_Group\0003.wav,0,0.166441,1.471,French,FR-Soprano-1,la chanson de la mer,French/FR-Soprano-1/la chanson de la mer,0.0
d:\-MindEcho-main\ml_dl_models\gtsinger_multitech\dataset\raw\French\FR-Soprano-1\Mixed_Voice_and_Falsetto\lentement\Mixed_Voice_Group\0008.wav,1,0.49941,5.498,French,FR-Soprano-1,lentement,French/FR-Soprano-1/lentement,1.895
d:\-MindEcho-main\ml_dl_models\gtsinger_multitech\dataset\raw\French\FR-Soprano-1\Mixed_Voice_and_Falsetto\nos ballades\Mixed_Voice_Group\0000.wav,1,0.116891,0.18,French,FR-Soprano-1,nos ballades,French/FR-Soprano-1/nos ballades,0.36
d:\-MindEcho-main\ml_dl_models\gtsinger_multitech\dataset\raw\Chinese\ZH-Alto-1\Pharyngeal\小幸运\Pharyngeal_Group\0009.wav,1,0.638669,7.581,Chinese,ZH-Alto-1,小幸运,Chinese/ZH-Alto-1/小幸运,0.278
d:\-MindEcho-main\ml_dl_models\gtsinger_multitech\dataset\raw\French\FR-Soprano-1\Mixed_Voice_and_Falsetto\le dernier train\Mixed_Voice_Group\0006.wav,0,0.248343,2.235,French,FR-Soprano-1,le dernier train,French/FR-Soprano-1/le dernier train,0.0
d:\-MindEcho-main\ml_dl_models\gtsinger_multitech\dataset\raw\Chinese\ZH-Alto-1\Mixed_Voice_and_Falsetto\匆匆那年\Mixed_Voice_Group\0006.wav,1,0.533546,3.769,Chinese,ZH-Alto-1,匆匆那年,Chinese/ZH-Alto-1/匆匆那年,0.511
d:\-MindEcho-main\ml_dl_models\gtsinger_multitech\dataset\raw\Chinese\ZH-Tenor-1\Mixed_Voice_and_Falsetto\讲真的\Falsetto_Group\0000.wav,1,0.423477,2.85,Chinese,ZH-Tenor-1,讲真的,Chinese/ZH-Tenor-1/讲真的,1.6
d:\-MindEcho-main\ml_dl_models\gtsinger_multitech\dataset\raw\Chinese\ZH-Alto-1\Mixed_Voice_and_Falsetto\烟花易冷\Mixed_Voice_Group\0015.wav,0,0.170858,1.223,Chinese,ZH-Alto-1,烟花易冷,Chinese/ZH-Alto-1/烟花易冷,0.0
d:\-MindEcho-main\ml_dl_models\gtsinger_multitech\dataset\raw\Chinese\ZH-Alto-1\Vibrato\年轮\Control_Group\0001.wav,0,0.147131,1.205,Chinese,ZH-Alto-1,年轮,Chinese/ZH-Alto-1/年轮,0.0
d:\-MindEcho-main\ml_dl_models\gtsinger_multitech\dataset\raw\French\FR-Tenor-1\Breathy\manon\Control_Group\0001.wav,1,0.117722,1.256,French,FR-Tenor-1,manon,French/FR-Tenor-1/manon,0.111
d:\-MindEcho-main\ml_dl_models\gtsinger_multitech\dataset\raw\Chinese\ZH-Alto-1\Pharyngeal\不为谁而作的歌\Pharyngeal_Group\0009.wav,1,0.30344,2.47,Chinese,ZH-Alto-1,不为谁而作的歌,Chinese/ZH-Alto-1/不为谁而作的歌,0.28
d:\-MindEcho-main\ml_dl_models\gtsinger_multitech\dataset\raw\Chinese\ZH-Alto-1\Mixed_Voice_and_Falsetto\剑伤\Control_Group\0008.wav,0,0.145179,1.22,Chinese,ZH-Alto-1,剑伤,Chinese/ZH-Alto-1/剑伤,0.0
d:\-MindEcho-main\ml_dl_models\gtsinger_multitech\dataset\raw\Chinese\ZH-Alto-1\Vibrato\南屏晚钟\Vibrato_Group\0007.wav,1,0.308323,2.445,Chinese,ZH-Alto-1,南屏晚钟,Chinese/ZH-Alto-1/南屏晚钟,0.33
d:\-MindEcho-main\ml_dl_models\gtsinger_multitech\dataset\raw\French\FR-Soprano-1\Mixed_Voice_and_Falsetto\violet snow\Control_Group\0009.wav,1,0.769277,7.043,French,FR-Soprano-1,violet snow,French/FR-Soprano-1/violet snow,0.691
d:\-MindEcho-main\ml_dl_models\gtsinger_multitech\dataset\raw\French\FR-Soprano-1\Mixed_Voice_and_Falsetto\le dernier train\Mixed_Voice_Group\0001.wav,1,0.544789,5.693,French,FR-Soprano-1,le dernier train,French/FR-Soprano-1/le dernier train,0.143
d:\-MindEcho-main\ml_dl_models\gtsinger_multitech\dataset\raw\Chinese\ZH-Alto-1\Mixed_Voice_and_Falsetto\桃花诺\Control_Group\0008.wav,1,0.231174,1.891,Chinese,ZH-Alto-1,桃花诺,Chinese/ZH-Alto-1/桃花诺,0.362
d:\-MindEcho-main\ml_dl_models\gtsinger_multitech\dataset\raw\Chinese\ZH-Alto-1\Breathy\越过山丘\Control_Group\0009.wav,0,0.173793,1.26,Chinese,ZH-Alto-1,越过山丘,Chinese/ZH-Alto-1/越过山丘,0.0
d:\-MindEcho-main\ml_dl_models\gtsinger_multitech\dataset\raw\French\FR-Soprano-1\Mixed_Voice_and_Falsetto\nos ballades\Control_Group\0008.wav,1,0.290129,3.198,French,FR-Soprano-1,nos ballades,French/FR-Soprano-1/nos ballades,1.366
d:\-MindEcho-main\ml_dl_models\gtsinger_multitech\dataset\raw\Chinese\ZH-Tenor-1\Pharyngeal\我怀念的\Control_Group\0011.wav,0,0.462555,3.15,Chinese,ZH-Tenor-1,我怀念的,Chinese/ZH-Tenor-1/我怀念的,0.0
d:\-MindEcho-main\ml_dl_models\gtsinger_multitech\dataset\raw\French\FR-Soprano-1\Mixed_Voice_and_Falsetto\vivre a en crever\Falsetto_Group\0007.wav,0,0.124211,1.24,French,FR-Soprano-1,vivre a en crever,French/FR-Soprano-1/vivre a en crever,0.0
d:\-MindEcho-main\ml_dl_models\gtsinger_multitech\dataset\raw\French\FR-Soprano-1\Vibrato\eden eden\Vibrato_Group\0014.wav,1,0.526661,5.333,French,FR-Soprano-1,eden eden,French/FR-Soprano-1/eden eden,0.185
d:\-MindEcho-main\ml_dl_models\gtsinger_multitech\dataset\raw\French\FR-Soprano-1\Glissando\dingdong\Control_Group\0006.wav,1,0.779915,12.548,French,FR-Soprano-1,dingdong,French/FR-Soprano-1/dingdong,0.264
d:\-MindEcho-main\ml_dl_models\gtsinger_multitech\dataset\raw\Chinese\ZH-Alto-1\Pharyngeal\小幸运\Pharyngeal_Group\0001.wav,1,0.565982,5.79,Chinese,ZH-Alto-1,小幸运,Chinese/ZH-Alto-1/小幸运,0.38
d:\-MindEcho-main\ml_dl_models\gtsinger_multitech\dataset\raw\Chinese\ZH-Alto-1\Vibrato\年轮\Control_Group\0008.wav,1,0.665663,4.42,Chinese,ZH-Alto-1,年轮,Chinese/ZH-Alto-1/年轮,0.56
d:\-MindEcho-main\ml_dl_models\gtsinger_multitech\dataset\raw\Chinese\ZH-Alto-1\Mixed_Voice_and_Falsetto\一次就好\Mixed_Voice_Group\0007.wav,0,0.183169,1.3,Chinese,ZH-Alto-1,一次就好,Chinese/ZH-Alto-1/一次就好,0.0
d:\-MindEcho-main\ml_dl_models\gtsinger_multitech\dataset\raw\French\FR-Soprano-1\Mixed_Voice_and_Falsetto\violet snow\Mixed_Voice_Group\0007.wav,0,0.636554,7.307,French,FR-Soprano-1,violet snow,French/FR-Soprano-1/violet snow,0.0
d:\-MindEcho-main\ml_dl_models\gtsinger_multitech\dataset\raw\French\FR-Soprano-1\Mixed_Voice_and_Falsetto\mustang cabriolet\Control_Group\0009.wav,1,0.385683,6.936,French,FR-Soprano-1,mustang cabriolet,French/FR-Soprano-1/mustang cabriolet,0.561
d:\-MindEcho-main\ml_dl_models\gtsinger_multitech\dataset\raw\Chinese\ZH-Alto-1\Breathy\知足\Control_Group\0009.wav,0,0.464937,3.315,Chinese,ZH-Alto-1,知足,Chinese/ZH-Alto-1/知足,0.0
d:\-MindEcho-main\ml_dl_models\gtsinger_multitech\dataset\raw\French\FR-Soprano-1\Mixed_Voice_and_Falsetto\la gloire a mes genoux\Falsetto_Group\0000.wav,1,0.5639,5.211,French,FR-Soprano-1,la gloire a mes genoux,French/FR-Soprano-1/la gloire a mes genoux,0.14
d:\-MindEcho-main\ml_dl_models\gtsinger_multitech\dataset\raw\French\FR-Soprano-1\Breathy\soleil solleil\Control_Group\0011.wav,0,0.161775,1.577,French,FR-Soprano-1,soleil solleil,French/FR-Soprano-1/soleil solleil,0.0
d:\-MindEcho-main\ml_dl_models\gtsinger_multitech\dataset\raw\Chinese\ZH-Alto-1\Mixed_Voice_and_Falsetto\最长的电影\Mixed_Voice_Group\0002.wav,0,0.150901,1.34,Chinese,ZH-Alto-1,最长的电影,Chinese/ZH-Alto-1/最长的电影,0.0
d:\-MindEcho-main\ml_dl_models\gtsinger_multitech\dataset\raw\Chinese\ZH-Tenor-1\Mixed_Voice_and_Falsetto\平凡之路\Falsetto_Group\0012.wav,0,0.120227,1.48,Chinese,ZH-Tenor-1,平凡之路,Chinese/ZH-Tenor-1/平凡之路,0.0
d:\-MindEcho-main\ml_dl_models\gtsinger_multitech\dataset\raw\Chinese\ZH-Tenor-1\Pharyngeal\情歌\Pharyngeal_Group\0000.wav,1,0.652017,4.525,Chinese,ZH-Tenor-1,情歌,Chinese/ZH-Tenor-1/情歌,0.31
d:\-MindEcho-main\ml_dl_models\gtsinger_multitech\dataset\raw\Chinese\ZH-Tenor-1\Mixed_Voice_and_Falsetto\终于等到你\Control_Group\0002.wav,0,0.257108,1.61,Chinese,ZH-Tenor-1,终于等到你,Chinese/ZH-Tenor-1/终于等到你,0.0
d:\-MindEcho-main\ml_dl_models\gtsinger_multitech\dataset\raw\Chinese\ZH-Alto-1\Glissando\没那么简单\Control_Group\0016.wav,0,0.206695,1.22,Chinese,ZH-Alto-1,没那么简单,Chinese/ZH-Alto-1/没那么简单,0.0
d:\-MindEcho-main\ml_dl_models\gtsinger_multitech\dataset\raw\Chinese\ZH-Tenor-1\Mixed_Voice_and_Falsetto\终于等到你\Falsetto_Group\0007.wav,0,0.114641,1.453,Chinese,ZH-Tenor-1,终于等到你,Chinese/ZH-Tenor-1/终于等到你,0.0
d:\-MindEcho-main\ml_dl_models\gtsinger_multitech\dataset\raw\Chinese\ZH-Tenor-1\Mixed_Voice_and_Falsetto\老男孩\Control_Group\0022.wav,0,0.42906,2.51,Chinese,ZH-Tenor-1,老男孩,Chinese/ZH-Tenor-1/老男孩,0.0
d:\-MindEcho-main\ml_dl_models\gtsinger_multitech\dataset\raw\Chinese\ZH-Tenor-1\Mixed_Voice_and_Falsetto\走着走着就散了\Mixed_Voice_Group\0013.wav,0,0.537227,4.185,Chinese,ZH-Tenor-1,走着走着就散了,Chinese/ZH-Tenor-1/走着走着就散了,0.0
"d:\-MindEcho-main\ml_dl_models\gtsinger_multitech\dataset\raw\French\FR-Soprano-1\Mixed_Voice_and_Falsetto\t'es beau,t'es beau\Paired_Speech_Group\0001.wav",0,0.56962,4.455,French,FR-Soprano-1,"t'es beau,t'es beau","French/FR-Soprano-1/t'es beau,t'es beau",0.0
d:\-MindEcho-main\ml_dl_models\gtsinger_multitech\dataset\raw\French\FR-Tenor-1\Breathy\manon\Breathy_Group\0010.wav,1,0.372253,5.216,French,FR-Tenor-1,manon,French/FR-Tenor-1/manon,0.51
d:\-MindEcho-main\ml_dl_models\gtsinger_multitech\dataset\raw\Chinese\ZH-Alto-1\Mixed_Voice_and_Falsetto\烟花易冷\Control_Group\0016.wav,1,0.702985,4.71,Chinese,ZH-Alto-1,烟花易冷,Chinese/ZH-Alto-1/烟花易冷,0.52
d:\-MindEcho-main\ml_dl_models\gtsinger_multitech\dataset\raw\French\FR-Soprano-1\Mixed_Voice_and_Falsetto\le dernier train\Mixed_Voice_Group\0010.wav,1,0.144701,0.415,French,FR-Soprano-1,le dernier train,French/FR-Soprano-1/le dernier train,0.83
d:\-MindEcho-main\ml_dl_models\gtsinger_multitech\dataset\raw\Chinese\ZH-Tenor-1\Mixed_Voice_and_Falsetto\情歌\Falsetto_Group\0005.wav,0,0.247819,1.705,Chinese,ZH-Tenor-1,情歌,Chinese/ZH-Tenor-1/情歌,0.0
d:\-MindEcho-main\ml_dl_models\gtsinger_multitech\dataset\raw\Chinese\ZH-Tenor-1\Mixed_Voice_and_Falsetto\青花瓷\Mixed_Voice_Group\0011.wav,1,0.13434,1.78,Chinese,ZH-Tenor-1,青花瓷,Chinese/ZH-Tenor-1/青花瓷,0.3
d:\-MindEcho-main\ml_dl_models\gtsinger_multitech\dataset\raw\French\FR-Soprano-1\Breathy\adieu mon homme\Control_Group\0003.wav,0,0.124121,1.298,French,FR-Soprano-1,adieu mon homme,French/FR-Soprano-1/adieu mon homme,0.0
d:\-MindEcho-main\ml_dl_models\gtsinger_multitech\dataset\raw\Chinese\ZH-Tenor-1\Glissando\画心\Glissando_Group\0009.wav,1,0.507657,3.315,Chinese,ZH-Tenor-1,画心,Chinese/ZH-Tenor-1/画心,0.23
d:\-MindEcho-main\ml_dl_models\gtsinger_multitech\dataset\raw\French\FR-Tenor-1\Breathy\manon\Breathy_Group\0010.wav,0,0.239831,3.361,French,FR-Tenor-1,manon,French/FR-Tenor-1/manon,0.0
d:\-MindEcho-main\ml_dl_models\gtsinger_multitech\dataset\raw\Chinese\ZH-Alto-1\Mixed_Voice_and_Falsetto\平凡的一天\Falsetto_Group\0005.wav,0,0.617337,7.976,Chinese,ZH-Alto-1,平凡的一天,Chinese/ZH-Alto-1/平凡的一天,0.0
d:\-MindEcho-main\ml_dl_models\gtsinger_multitech\dataset\raw\Chinese\ZH-Tenor-1\Pharyngeal\不要忘记我爱你\Control_Group\0007.wav,1,0.544162,3.635,Chinese,ZH-Tenor-1,不要忘记我爱你,Chinese/ZH-Tenor-1/不要忘记我爱你,0.35
d:\-MindEcho-main\ml_dl_models\gtsinger_multitech\dataset\raw\Chinese\ZH-Alto-1\Mixed_Voice_and_Falsetto\老男孩\Control_Group\0009.wav,0,0.188537,1.25,Chinese,ZH-Alto-1,老男孩,Chinese/ZH-Alto-1/老男孩,0.0
d:\-MindEcho-main\ml_dl_models\gtsinger_multitech\dataset\raw\Chinese\ZH-Tenor-1\Mixed_Voice_and_Falsetto\后来\Mixed_Voice_Group\0011.wav,0,0.618205,7.165,Chinese,ZH-Tenor-1,后来,Chinese/ZH-Tenor-1/后来,0.0
d:\-MindEcho-main\ml_dl_models\gtsinger_multitech\dataset\raw\Chinese\ZH-Alto-1\Breathy\可乐\Breathy_Group\0003.wav,0,0.430906,3.43,Chinese,ZH-Alto-1,可乐,Chinese/ZH-Alto-1/可乐,0.0
d:\-MindEcho-main\ml_dl_models\gtsinger_multitech\dataset\raw\French\FR-Soprano-1\Mixed_Voice_and_Falsetto\mustang cabriolet\Control_Group\0007.wav,0,0.325585,5.768,French,FR-Soprano-1,mustang cabriolet,French/FR-Soprano-1/mustang cabriolet,0.0
d:\-MindEcho-main\ml_dl_models\gtsinger_multitech\dataset\raw\Chinese\ZH-Tenor-1\Breathy\和你一样\Control_Group\0008.wav,0,0.635455,6.99,Chinese,ZH-Tenor-1,和你一样,Chinese/ZH-Tenor-1/和你一样,0.0
d:\-MindEcho-main\ml_dl_models\gtsinger_multitech\dataset\raw\German\DE-Soprano-1\Breathy\Copilot\Breathy_Group\0007.wav,0,0.205919,1.656,German,DE-Soprano-1,Copilot,German/DE-Soprano-1/Copilot,0.0
d:\-MindEcho-main\ml_dl_models\gtsinger_multitech\dataset\raw\Chinese\ZH-Tenor-1\Mixed_Voice_and_Falsetto\江南\Falsetto_Group\0009.wav,0,0.123943,1.349,Chinese,ZH-Tenor-1,江南,Chinese/ZH-Tenor-1/江南,0.0
d:\-MindEcho-main\ml_dl_models\gtsinger_multitech\dataset\raw\Chinese\ZH-Alto-1\Breathy\江南\Control_Group\0003.wav,0,0.162449,1.522,Chinese,ZH-Alto-1,江南,Chinese/ZH-Alto-1/江南,0.0
d:\-MindEcho-main\ml_dl_models\gtsinger_multitech\dataset\raw\Chinese\ZH-Tenor-1\Breathy\传奇\Breathy_Group\0004.wav,0,0.609804,9.37,Chinese,ZH-Tenor-1,传奇,Chinese/ZH-Tenor-1/传奇,0.0
d:\-MindEcho-main\ml_dl_models\gtsinger_multitech\dataset\raw\French\FR-Soprano-1\Mixed_Voice_and_Falsetto\magic boul'vard\Control_Group\0001.wav,1,0.342396,3.501,French,FR-Soprano-1,magic boul'vard,French/FR-Soprano-1/magic boul'vard,1.862
d:\-MindEcho-main\ml_dl_models\gtsinger_multitech\dataset\raw\Chinese\ZH-Alto-1\Mixed_Voice_and_Falsetto\化身孤岛的鲸\Control_Group\0000.wav,1,0.437659,3.44,Chinese,ZH-Alto-1,化身孤岛的鲸,Chinese/ZH-Alto-1/化身孤岛的鲸,0.3
d:\-MindEcho-main\ml_dl_models\gtsinger_multitech\dataset\raw\Chinese\ZH-Alto-1\Pharyngeal\你就不要想起我\Control_Group\0011.wav,1,0.448776,3.96,Chinese,ZH-Alto-1,你就不要想起我,Chinese/ZH-Alto-1/你就不要想起我,0.42
d:\-MindEcho-main\ml_dl_models\gtsinger_multitech\dataset\raw\Chinese\ZH-Tenor-1\Mixed_Voice_and_Falsetto\倒带\Mixed_Voice_Group\0010.wav,1,0.449677,3.485,Chinese,ZH-Tenor-1,倒带,Chinese/ZH-Tenor-1/倒带,0.43
d:\-MindEcho-main\ml_dl_models\gtsinger_multitech\dataset\raw\Chinese\ZH-Tenor-1\Glissando\倒带\Glissando_Group\0008.wav,0,0.200704,1.425,Chinese,ZH-Tenor-1,倒带,Chinese/ZH-Tenor-1/倒带,0.0
d:\-MindEcho-main\ml_dl_models\gtsinger_multitech\dataset\raw\Chinese\ZH-Tenor-1\Pharyngeal\不要忘记我爱你\Pharyngeal_Group\0005.wav,0,0.447002,4.525,Chinese,ZH-Tenor-1,不要忘记我爱你,Chinese/ZH-Tenor-1/不要忘记我爱你,0.0
d:\-MindEcho-main\ml_dl_models\gtsinger_multitech\dataset\raw\Chinese\ZH-Alto-1\Mixed_Voice_and_Falsetto\平凡之路\Mixed_Voice_Group\0001.wav,0,0.446191,3.69,Chinese,ZH-Alto-1,平凡之路,Chinese/ZH-Alto-1/平凡之路,0.0
d:\-MindEcho-main\ml_dl_models\gtsinger_multitech\dataset\raw\French\FR-Soprano-1\Breathy\soleil solleil\Breathy_Group\0000.wav,0,0.424121,3.641,French,FR-Soprano-1,soleil solleil,French/FR-Soprano-1/soleil solleil,0.0
d:\-MindEcho-main\ml_dl_models\gtsinger_multitech\dataset\raw\Chinese\ZH-Tenor-1\Mixed_Voice_and_Falsetto\最初的梦想\Mixed_Voice_Group\0002.wav,0,0.668157,3.735,Chinese,ZH-Tenor-1,最初的梦想,Chinese/ZH-Tenor-1/最初的梦想,0.0
d:\-MindEcho-main\ml_dl_models\gtsinger_multitech\dataset\raw\Chinese\ZH-Alto-1\Mixed_Voice_and_Falsetto\老男孩\Falsetto_Group\0014.wav,1,0.564654,4.489,Chinese,ZH-Alto-1,老男孩,Chinese/ZH-Alto-1/老男孩,0.522
d:\-MindEcho-main\ml_dl_models\gtsinger_multitech\dataset\raw\Chinese\ZH-Tenor-1\Mixed_Voice_and_Falsetto\后来\Control_Group\0003.wav,0,0.140667,2.11,Chinese,ZH-Tenor-1,后来,Chinese/ZH-Tenor-1/后来,0.0
d:\-MindEcho-main\ml_dl_models\gtsinger_multitech\dataset\raw\Chinese\ZH-Tenor-1\Mixed_Voice_and_Falsetto\全世界谁倾听你\Falsetto_Group\0010.wav,1,0.50616,4.93,Chinese,ZH-Tenor-1,全世界谁倾听你,Chinese/ZH-Tenor-1/全世界谁倾听你,0.44
d:\-MindEcho-main\ml_dl_models\gtsinger_multitech\dataset\raw\Chinese\ZH-Alto-1\Pharyngeal\你就不要想起我\Control_Group\0000.wav,1,0.320213,2.86,Chinese,ZH-Alto-1,你就不要想起我,Chinese/ZH-Alto-1/你就不要想起我,0.351
d:\-MindEcho-main\ml_dl_models\gtsinger_multitech\dataset\raw\Chinese\ZH-Alto-1\Mixed_Voice_and_Falsetto\告白气球\Falsetto_Group\0004.wav,1,0.638456,8.6,Chinese,ZH-Alto-1,告白气球,Chinese/ZH-Alto-1/告白气球,0.46
d:\-MindEcho-main\ml_dl_models\gtsinger_multitech\dataset\raw\Chinese\ZH-Alto-1\Mixed_Voice_and_Falsetto\终于等到你\Control_Group\0006.wav,0,0.446363,3.62,Chinese,ZH-Alto-1,终于等到你,Chinese/ZH-Alto-1/终于等到你,0.0
d:\-MindEcho-main\ml_dl_models\gtsinger_multitech\dataset\raw\French\FR-Tenor-1\Glissando\pourquoi\Glissando_Group\0003.wav,1,0.91834,13.881,French,FR-Tenor-1,pourquoi,French/FR-Tenor-1/pourquoi,0.387
d:\-MindEcho-main\ml_dl_models\gtsinger_multitech\dataset\raw\Chinese\ZH-Alto-1\Mixed_Voice_and_Falsetto\年轮\Falsetto_Group\0001.wav,1,0.415901,3.165,Chinese,ZH-Alto-1,年轮,Chinese/ZH-Alto-1/年轮,0.25
d:\-MindEcho-main\ml_dl_models\gtsinger_multitech\dataset\raw\Chinese\ZH-Alto-1\Glissando\奇妙能力歌\Glissando_Group\0006.wav,0,0.596578,5.405,Chinese,ZH-Alto-1,奇妙能力歌,Chinese/ZH-Alto-1/奇妙能力歌,0.0
d:\-MindEcho-main\ml_dl_models\gtsinger_multitech\dataset\raw\Chinese\ZH-Tenor-1\Glissando\不染\Control_Group\0018.wav,0,0.178306,1.2,Chinese,ZH-Tenor-1,不染,Chinese/ZH-Tenor-1/不染,0.0
d:\-MindEcho-main\ml_dl_models\gtsinger_multitech\dataset\raw\French\FR-Soprano-1\Mixed_Voice_and_Falsetto\comment deja\Control_Group\0003.wav,0,0.35699,3.317,French,FR-Soprano-1,comment deja,French/FR-Soprano-1/comment deja,0.0
d:\-MindEcho-main\ml_dl_models\gtsinger_multitech\dataset\raw\Chinese\ZH-Tenor-1\Glissando\倒带\Control_Group\0020.wav,0,0.601167,4.225,Chinese,ZH-Tenor-1,倒带,Chinese/ZH-Tenor-1/倒带,0.0
d:\-MindEcho-main\ml_dl_models\gtsinger_multitech\dataset\raw\Chinese\ZH-Tenor-1\Vibrato\心动\Control_Group\0006.wav,1,0.228192,1.737,Chinese,ZH-Tenor-1,心动,Chinese/ZH-Tenor-1/心动,0.31
d:\-MindEcho-main\ml_dl_models\gtsinger_multitech\dataset\raw\French\FR-Tenor-1\Glissando\manon\Glissando_Group\0007.wav,0,0.303221,3.388,French,FR-Tenor-1,manon,French/FR-Tenor-1/manon,0.0
d:\-MindEcho-main\ml_dl_models\gtsinger_multitech\dataset\raw\Chinese\ZH-Alto-1\Breathy\不再见\Breathy_Group\0006.wav,1,0.522503,4.191,Chinese,ZH-Alto-1,不再见,Chinese/ZH-Alto-1/不再见,0.58
d:\-MindEcho-main\ml_dl_models\gtsinger_multitech\dataset\raw\French\FR-Tenor-1\Breathy\Les Marionnettes\Control_Group\0003.wav,0,0.492977,5.739,French,FR-Tenor-1,Les Marionnettes,French/FR-Tenor-1/Les Marionnettes,0.0
d:\-MindEcho-main\ml_dl_models\gtsinger_multitech\dataset\raw\Chinese\ZH-Alto-1\Breathy\越过山丘\Breathy_Group\0021.wav,0,0.178331,1.325,Chinese,ZH-Alto-1,越过山丘,Chinese/ZH-Alto-1/越过山丘,0.0
d:\-MindEcho-main\ml_dl_models\gtsinger_multitech\dataset\raw\Chinese\ZH-Tenor-1\Mixed_Voice_and_Falsetto\讲真的\Falsetto_Group\0013.wav,0,0.219343,1.502,Chinese,ZH-Tenor-1,讲真的,Chinese/ZH-Tenor-1/讲真的,0.0
d:\-MindEcho-main\ml_dl_models\gtsinger_multitech\dataset\raw\French\FR-Soprano-1\Breathy\anxiete\Breathy_Group\0002.wav,0,0.608812,6.591,French,FR-Soprano-1,anxiete,French/FR-Soprano-1/anxiete,0.0
d:\-MindEcho-main\ml_dl_models\gtsinger_multitech\dataset\raw\French\FR-Tenor-1\Glissando\Les Marionnettes\Paired_Speech_Group\0004.wav,0,0.539607,1.976,French,FR-Tenor-1,Les Marionnettes,French/FR-Tenor-1/Les Marionnettes,0.0
d:\-MindEcho-main\ml_dl_models\gtsinger_multitech\dataset\raw\Chinese\ZH-Tenor-1\Glissando\给电影人的情书\Control_Group\0008.wav,0,0.584374,4.585,Chinese,ZH-Tenor-1,给电影人的情书,Chinese/ZH-Tenor-1/给电影人的情书,0.0
d:\-MindEcho-main\ml_dl_models\gtsinger_multitech\dataset\raw\Chinese\ZH-Tenor-1\Mixed_Voice_and_Falsetto\演员\Mixed_Voice_Group\0012.wav,1,0.494112,5.035,Chinese,ZH-Tenor-1,演员,Chinese/ZH-Tenor-1/演员,0.39
d:\-MindEcho-main\ml_dl_models\gtsinger_multitech\dataset\raw\Chinese\ZH-Tenor-1\Mixed_Voice_and_Falsetto\老男孩\Control_Group\0022.wav,0,0.219658,1.285,Chinese,ZH-Tenor-1,老男孩,Chinese/ZH-Tenor-1/老男孩,0.0
d:\-MindEcho-main\ml_dl_models\gtsinger_multitech\dataset\raw\Chinese\ZH-Tenor-1\Vibrato\后会无期\Vibrato_Group\0006.wav,0,0.275895,1.465,Chinese,ZH-Tenor-1,后会无期,Chinese/ZH-Tenor-1/后会无期,0.0
d:\-MindEcho-main\ml_dl_models\gtsinger_multitech\dataset\raw\Chinese\ZH-Alto-1\Breathy\越过山丘\Control_Group\0019.wav,0,0.182243,1.365,Chinese,ZH-Alto-1,越过山丘,Chinese/ZH-Alto-1/越过山丘,0.0
d:\-MindEcho-main\ml_dl_models\gtsinger_multitech\dataset\raw\Chinese\ZH-Tenor-1\Breathy\给电影人的情书\Breathy_Group\0019.wav,0,0.39193,2.807,Chinese,ZH-Tenor-1,给电影人的情书,Chinese/ZH-Tenor-1/给电影人的情书,0.0
d:\-MindEcho-main\ml_dl_models\gtsinger_multitech\dataset\raw\Chinese\ZH-Alto-1\Pharyngeal\不为谁而作的歌\Control_Group\0011.wav,0,0.162611,1.223,Chinese,ZH-Alto-1,不为谁而作的歌,Chinese/ZH-Alto-1/不为谁而作的歌,0.0
d:\-MindEcho-main\ml_dl_models\gtsinger_multitech\dataset\raw\Chinese\ZH-Alto-1\Mixed_Voice_and_Falsetto\老男孩\Falsetto_Group\0017.wav,0,0.40348,3.361,Chinese,ZH-Alto-1,老男孩,Chinese/ZH-Alto-1/老男孩,0.0
d:\-MindEcho-main\ml_dl_models\gtsinger_multitech\dataset\raw\Chinese\ZH-Tenor-1\Glissando\我的歌声里\Control_Group\0009.wav,1,0.306133,2.945,Chinese,ZH-Tenor-1,我的歌声里,Chinese/ZH-Tenor-1/我的歌声里,0.29
d:\-MindEcho-main\ml_dl_models\gtsinger_multitech\dataset\raw\Chinese\ZH-Tenor-1\Breathy\会呼吸的痛\Breathy_Group\0015.wav,0,0.415723,3.337,Chinese,ZH-Tenor-1,会呼吸的痛,Chinese/ZH-Tenor-1/会呼吸的痛,0.0
d:\-MindEcho-main\ml_dl_models\gtsinger_multitech\dataset\raw\Chinese\ZH-Tenor-1\Mixed_Voice_and_Falsetto\青花瓷\Falsetto_Group\0003.wav,1,0.606993,6.76,Chinese,ZH-Tenor-1,青花瓷,Chinese/ZH-Tenor-1/青花瓷,0.28
d:\-MindEcho-main\ml_dl_models\gtsinger_multitech\dataset\raw\Chinese\ZH-Tenor-1\Pharyngeal\不为谁而作的歌\Control_Group\0001.wav,0,0.222581,1.38,Chinese,ZH-Tenor-1,不为谁而作的歌,Chinese/ZH-Tenor-1/不为谁而作的歌,0.0
d:\-MindEcho-main\ml_dl_models\gtsinger_multitech\dataset\raw\Chinese\ZH-Tenor-1\Pharyngeal\情歌\Pharyngeal_Group\0002.wav,1,0.667013,5.775,Chinese,ZH-Tenor-1,情歌,Chinese/ZH-Tenor-1/情歌,0.37
d:\-MindEcho-main\ml_dl_models\gtsinger_multitech\dataset\raw\Chinese\ZH-Tenor-1\Mixed_Voice_and_Falsetto\老男孩\Falsetto_Group\0012.wav,0,0.106215,1.32,Chinese,ZH-Tenor-1,老男孩,Chinese/ZH-Tenor-1/老男孩,0.0
d:\-MindEcho-main\ml_dl_models\gtsinger_multitech\dataset\raw\French\FR-Soprano-1\Mixed_Voice_and_Falsetto\nos ballades\Control_Group\0002.wav,1,0.295121,2.859,French,FR-Soprano-1,nos ballades,French/FR-Soprano-1/nos ballades,1.434
d:\-MindEcho-main\ml_dl_models\gtsinger_multitech\dataset\raw\Chinese\ZH-Alto-1\Pharyngeal\听海\Control_Group\0002.wav,0,0.613824,4.538,Chinese,ZH-Alto-1,听海,Chinese/ZH-Alto-1/听海,0.0
d:\-MindEcho-main\ml_dl_models\gtsinger_multitech\dataset\raw\Chinese\ZH-Tenor-1\Mixed_Voice_and_Falsetto\讲真的\Falsetto_Group\0007.wav,0,0.24244,2.485,Chinese,ZH-Tenor-1,讲真的,Chinese/ZH-Tenor-1/讲真的,0.0
d:\-MindEcho-main\ml_dl_models\gtsinger_multitech\dataset\raw\Chinese\ZH-Tenor-1\Vibrato\后会无期\Control_Group\0007.wav,0,0.478809,4.745,Chinese,ZH-Tenor-1,后会无期,Chinese/ZH-Tenor-1/后会无期,0.0
d:\-MindEcho-main\ml_dl_models\gtsinger_multitech\dataset\raw\Chinese\ZH-Alto-1\Breathy\知足\Breathy_Group\0000.wav,0,0.242466,1.77,Chinese,ZH-Alto-1,知足,Chinese/ZH-Alto-1/知足,0.0
d:\-MindEcho-main\ml_dl_models\gtsinger_multitech\dataset\raw\Chinese\ZH-Alto-1\Mixed_Voice_and_Falsetto\匆匆那年\Mixed_Voice_Group\0005.wav,1,0.468685,4.707,Chinese,ZH-Alto-1,匆匆那年,Chinese/ZH-Alto-1/匆匆那年,0.594
d:\-MindEcho-main\ml_dl_models\gtsinger_multitech\dataset\raw\Chinese\ZH-Tenor-1\Vibrato\末班车\Control_Group\0003.wav,1,0.371644,2.215,Chinese,ZH-Tenor-1,末班车,Chinese/ZH-Tenor-1/末班车,0.37
d:\-MindEcho-main\ml_dl_models\gtsinger_multitech\dataset\raw\French\FR-Soprano-1\Mixed_Voice_and_Falsetto\chez moi\Control_Group\0005.wav,1,0.082239,0.897,French,FR-Soprano-1,chez moi,French/FR-Soprano-1/chez moi,0.454
d:\-MindEcho-main\ml_dl_models\gtsinger_multitech\dataset\raw\French\FR-Soprano-1\Pharyngeal\l'amour\Control_Group\0002.wav,1,0.396523,4.96,French,FR-Soprano-1,l'amour,French/FR-Soprano-1/l'amour,0.521
d:\-MindEcho-main\ml_dl_models\gtsinger_multitech\dataset\raw\Chinese\ZH-Alto-1\Pharyngeal\小幸运\Pharyngeal_Group\0008.wav,0,0.365385,2.28,Chinese,ZH-Alto-1,小幸运,Chinese/ZH-Alto-1/小幸运,0.0
d:\-MindEcho-main\ml_dl_models\gtsinger_multitech\dataset\raw\French\FR-Soprano-1\Breathy\a la vie comme a la mort\Control_Group\0001.wav,0,0.116819,1.726,French,FR-Soprano-1,a la vie comme a la mort,French/FR-Soprano-1/a la vie comme a la mort,0.0
d:\-MindEcho-main\ml_dl_models\gtsinger_multitech\dataset\raw\French\FR-Soprano-1\Pharyngeal\ce train qui s'en va\Control_Group\0004.wav,0,0.182904,2.151,French,FR-Soprano-1,ce train qui s'en va,French/FR-Soprano-1/ce train qui s'en va,0.0
d:\-MindEcho-main\ml_dl_models\gtsinger_multitech\dataset\raw\French\FR-Tenor-1\Glissando\o souverain\Control_Group\0018.wav,1,0.926446,15.894,French,FR-Tenor-1,o souverain,French/FR-Tenor-1/o souverain,0.842
d:\-MindEcho-main\ml_dl_models\gtsinger_multitech\dataset\raw\Chinese\ZH-Alto-1\Glissando\时间煮雨\Control_Group\0001.wav,1,0.482589,5.405,Chinese,ZH-Alto-1,时间煮雨,Chinese/ZH-Alto-1/时间煮雨,0.91
d:\-MindEcho-main\ml_dl_models\gtsinger_multitech\dataset\raw\French\FR-Soprano-1\Mixed_Voice_and_Falsetto\magic boul'vard\Falsetto_Group\0008.wav,1,0.653379,6.884,French,FR-Soprano-1,magic boul'vard,French/FR-Soprano-1/magic boul'vard,0.12
d:\-MindEcho-main\ml_dl_models\gtsinger_multitech\dataset\raw\French\FR-Tenor-1\Glissando\manon\Control_Group\0002.wav,0,0.686773,6.672,French,FR-Tenor-1,manon,French/FR-Tenor-1/manon,0.0
d:\-MindEcho-main\ml_dl_models\gtsinger_multitech\dataset\raw\Chinese\ZH-Alto-1\Mixed_Voice_and_Falsetto\我的歌声里\Falsetto_Group\0005.wav,1,0.263758,1.965,Chinese,ZH-Alto-1,我的歌声里,Chinese/ZH-Alto-1/我的歌声里,0.33
d:\-MindEcho-main\ml_dl_models\gtsinger_multitech\dataset\raw\Chinese\ZH-Tenor-1\Mixed_Voice_and_Falsetto\全世界谁倾听你\Control_Group\0010.wav,0,0.127943,1.25,Chinese,ZH-Tenor-1,全世界谁倾听你,Chinese/ZH-Tenor-1/全世界谁倾听你,0.0
d:\-MindEcho-main\ml_dl_models\gtsinger_multitech\dataset\raw\Chinese\ZH-Tenor-1\Breathy\慢慢喜欢你\Breathy_Group\0004.wav,0,0.5,3.415,Chinese,ZH-Tenor-1,慢慢喜欢你,Chinese/ZH-Tenor-1/慢慢喜欢你,0.0
d:\-MindEcho-main\ml_dl_models\gtsinger_multitech\dataset\raw\Chinese\ZH-Alto-1\Mixed_Voice_and_Falsetto\日不落\Mixed_Voice_Group\0000.wav,0,0.607807,4.905,Chinese,ZH-Alto-1,日不落,Chinese/ZH-Alto-1/日不落,0.0
d:\-MindEcho-main\ml_dl_models\gtsinger_multitech\dataset\raw\French\FR-Soprano-1\Pharyngeal\guel ennui\Pharyngeal_Group\0002.wav,0,0.150416,1.466,French,FR-Soprano-1,guel ennui,French/FR-Soprano-1/guel ennui,0.0
d:\-MindEcho-main\ml_dl_models\gtsinger_multitech\dataset\raw\French\FR-Soprano-1\Mixed_Voice_and_Falsetto\mustang cabriolet\Paired_Speech_Group\0005.wav,0,0.136345,1.411,French,FR-Soprano-1,mustang cabriolet,French/FR-Soprano-1/mustang cabriolet,0.0
d:\-MindEcho-main\ml_dl_models\gtsinger_multitech\dataset\raw\French\FR-Soprano-1\Mixed_Voice_and_Falsetto\vivre a en crever\Control_Group\0006.wav,1,0.463879,6.097,French,FR-Soprano-1,vivre a en crever,French/FR-Soprano-1/vivre a en crever,0.576
d:\-MindEcho-main\ml_dl_models\gtsinger_multitech\dataset\raw\Chinese\ZH-Alto-1\Vibrato\我真的受伤了\Vibrato_Group\0010.wav,0,0.633622,4.391,Chinese,ZH-Alto-1,我真的受伤了,Chinese/ZH-Alto-1/我真的受伤了,0.0
d:\-MindEcho-main\ml_dl_models\gtsinger_multitech\dataset\raw\French\FR-Soprano-1\Pharyngeal\comment dire\Pharyngeal_Group\0007.wav,0,0.122048,1.405,French,FR-Soprano-1,comment dire,French/FR-Soprano-1/comment dire,0.0
d:\-MindEcho-main\ml_dl_models\gtsinger_multitech\dataset\raw\Chinese\ZH-Tenor-1\Breathy\化身孤岛的鲸\Breathy_Group\0007.wav,1,0.57339,4.805,Chinese,ZH-Tenor-1,化身孤岛的鲸,Chinese/ZH-Tenor-1/化身孤岛的鲸,0.51
d:\-MindEcho-main\ml_dl_models\gtsinger_multitech\dataset\raw\French\FR-Soprano-1\Breathy\le balcon\Control_Group\0001.wav,1,0.122262,0.365,French,FR-Soprano-1,le balcon,French/FR-Soprano-1/le balcon,0.11
d:\-MindEcho-main\ml_dl_models\gtsinger_multitech\dataset\raw\French\FR-Tenor-1\Breathy\o souverain\Breathy_Group\0008.wav,1,0.332271,2.711,French,FR-Tenor-1,o souverain,French/FR-Tenor-1/o souverain,0.1
d:\-MindEcho-main\ml_dl_models\gtsinger_multitech\dataset\raw\French\FR-Soprano-1\Mixed_Voice_and_Falsetto\lentement\Control_Group\0010.wav,1,0.505553,4.508,French,FR-Soprano-1,lentement,French/FR-Soprano-1/lentement,0.331
d:\-MindEcho-main\ml_dl_models\gtsinger_multitech\dataset\raw\Chinese\ZH-Alto-1\Breathy\匆匆那年\Control_Group\0003.wav,0,0.419173,6.69,Chinese,ZH-Alto-1,匆匆那年,Chinese/ZH-Alto-1/匆匆那年,0.0
d:\-MindEcho-main\ml_dl_models\gtsinger_multitech\dataset\raw\French\FR-Soprano-1\Mixed_Voice_and_Falsetto\lentement\Control_Group\0003.wav,0,0.629471,6.177,French,FR-Soprano-1,lentement,French/FR-Soprano-1/lentement,0.0
d:\-MindEcho-main\ml_dl_models\gtsinger_multitech\dataset\raw\French\FR-Soprano-1\Mixed_Voice_and_Falsetto\la vaguelette\Control_Group\0005.wav,1,0.405626,5.14,French,FR-Soprano-1,la vaguelette,French/FR-Soprano-1/la vaguelette,0.459
d:\-MindEcho-main\ml_dl_models\gtsinger_multitech\dataset\raw\French\FR-Soprano-1\Mixed_Voice_and_Falsetto\vivre a en crever\Paired_Speech_Group\0007.wav,0,0.233483,1.456,French,FR-Soprano-1,vivre a en crever,French/FR-Soprano-1/vivre a en crever,0.0
d:\-MindEcho-main\ml_dl_models\gtsinger_multitech\dataset\raw\Chinese\ZH-Tenor-1\Mixed_Voice_and_Falsetto\可惜没如果\Falsetto_Group\0002.wav,0,0.477361,7.242,Chinese,ZH-Tenor-1,可惜没如果,Chinese/ZH-Tenor-1/可惜没如果,0.0
d:\-MindEcho-main\ml_dl_models\gtsinger_multitech\dataset\raw\Chinese\ZH-Alto-1\Pharyngeal\你就不要想起我\Pharyngeal_Group\0000.wav,1,0.310703,3.005,Chinese,ZH-Alto-1,你就不要想起我,Chinese/ZH-Alto-1/你就不要想起我,0.349
d:\-MindEcho-main\ml_dl_models\gtsinger_multitech\dataset\raw\Chinese\ZH-Alto-1\Mixed_Voice_and_Falsetto\一次就好\Falsetto_Group\0003.wav,0,0.453207,6.925,Chinese,ZH-Alto-1,一次就好,Chinese/ZH-Alto-1/一次就好,0.0
d:\-MindEcho-main\ml_dl_models\gtsinger_multitech\dataset\raw\French\FR-Tenor-1\Glissando\avant\Control_Group\0001.wav,1,0.885156,10.143,French,FR-Tenor-1,avant,French/FR-Tenor-1/avant,0.612
d:\-MindEcho-main\ml_dl_models\gtsinger_multitech\dataset\raw\French\FR-Soprano-1\Pharyngeal\comment dire\Control_Group\0002.wav,1,0.863698,8.441,French,FR-Soprano-1,comment dire,French/FR-Soprano-1/comment dire,0.727
d:\-MindEcho-main\ml_dl_models\gtsinger_multitech\dataset\raw\Chinese\ZH-Tenor-1\Mixed_Voice_and_Falsetto\不能说的秘密\Control_Group\0001.wav,0,0.150169,1.335,Chinese,ZH-Tenor-1,不能说的秘密,Chinese/ZH-Tenor-1/不能说的秘密,0.0
d:\-MindEcho-main\ml_dl_models\gtsinger_multitech\dataset\raw\French\FR-Soprano-1\Pharyngeal\+la vie\Control_Group\0001.wav,1,0.877087,9.407,French,FR-Soprano-1,+la vie,French/FR-Soprano-1/+la vie,0.713
d:\-MindEcho-main\ml_dl_models\gtsinger_multitech\dataset\raw\Chinese\ZH-Tenor-1\Glissando\给电影人的情书\Glissando_Group\0008.wav,1,0.712005,5.575,Chinese,ZH-Tenor-1,给电影人的情书,Chinese/ZH-Tenor-1/给电影人的情书,0.15
d:\-MindEcho-main\ml_dl_models\gtsinger_multitech\dataset\raw\Chinese\ZH-Alto-1\Glissando\时间煮雨\Control_Group\0002.wav,0,0.623863,7.895,Chinese,ZH-Alto-1,时间煮雨,Chinese/ZH-Alto-1/时间煮雨,0.0
d:\-MindEcho-main\ml_dl_models\gtsinger_multitech\dataset\raw\Chinese\ZH-Alto-1\Breathy\江南\Control_Group\0005.wav,0,0.483258,4.258,Chinese,ZH-Alto-1,江南,Chinese/ZH-Alto-1/江南,0.0
d:\-MindEcho-main\ml_dl_models\gtsinger_multitech\dataset\raw\Chinese\ZH-Tenor-1\Mixed_Voice_and_Falsetto\过火\Control_Group\0002.wav,0,0.518392,6.555,Chinese,ZH-Tenor-1,过火,Chinese/ZH-Tenor-1/过火,0.0
d:\-MindEcho-main\ml_dl_models\gtsinger_multitech\dataset\raw\Chinese\ZH-Tenor-1\Vibrato\我真的受伤了\Control_Group\0002.wav,1,0.659529,6.16,Chinese,ZH-Tenor-1,我真的受伤了,Chinese/ZH-Tenor-1/我真的受伤了,0.72
d:\-MindEcho-main\ml_dl_models\gtsinger_multitech\dataset\raw\Chinese\ZH-Alto-1\Breathy\越过山丘\Breathy_Group\0005.wav,0,0.577246,4.11,Chinese,ZH-Alto-1,越过山丘,Chinese/ZH-Alto-1/越过山丘,0.0
d:\-MindEcho-main\ml_dl_models\gtsinger_multitech\dataset\raw\French\FR-Soprano-1\Pharyngeal\comment dire\Pharyngeal_Group\0007.wav,1,0.679403,7.824,French,FR-Soprano-1,comment dire,French/FR-Soprano-1/comment dire,0.362
d:\-MindEcho-main\ml_dl_models\gtsinger_multitech\dataset\raw\French\FR-Soprano-1\Mixed_Voice_and_Falsetto\magic boul'vard\Mixed_Voice_Group\0013.wav,1,0.289049,3.572,French,FR-Soprano-1,magic boul'vard,French/FR-Soprano-1/magic boul'vard,2.142
d:\-MindEcho-main\ml_dl_models\gtsinger_multitech\dataset\raw\French\FR-Tenor-1\Glissando\Les Marionnettes\Glissando_Group\0003.wav,0,0.43434,5.933,French,FR-Tenor-1,Les Marionnettes,French/FR-Tenor-1/Les Marionnettes,0.0
d:\-MindEcho-main\ml_dl_models\gtsinger_multitech\dataset\raw\Chinese\ZH-Tenor-1\Glissando\彩虹\Glissando_Group\0015.wav,1,0.26143,2.23,Chinese,ZH-Tenor-1,彩虹,Chinese/ZH-Tenor-1/彩虹,0.34
d:\-MindEcho-main\ml_dl_models\gtsinger_multitech\dataset\raw\Chinese\ZH-Tenor-1\Vibrato\我真的受伤了\Vibrato_Group\0003.wav,1,0.324653,2.312,Chinese,ZH-Tenor-1,我真的受伤了,Chinese/ZH-Tenor-1/我真的受伤了,0.395
d:\-MindEcho-main\ml_dl_models\gtsinger_multitech\dataset\raw\French\FR-Soprano-1\Vibrato\les oiseaux\Control_Group\0006.wav,1,0.4526,5.405,French,FR-Soprano-1,les oiseaux,French/FR-Soprano-1/les oiseaux,2.683
"d:\-MindEcho-main\ml_dl_models\gtsinger_multitech\dataset\raw\French\FR-Soprano-1\Mixed_Voice_and_Falsetto\t'es beau,t'es beau\Falsetto_Group\0006.wav",1,0.114787,2.033,French,FR-Soprano-1,"t'es beau,t'es beau","French/FR-Soprano-1/t'es beau,t'es beau",0.24
d:\-MindEcho-main\ml_dl_models\gtsinger_multitech\dataset\raw\Chinese\ZH-Alto-1\Vibrato\我真的受伤了\Control_Group\0000.wav,0,0.629103,4.139,Chinese,ZH-Alto-1,我真的受伤了,Chinese/ZH-Alto-1/我真的受伤了,0.0
d:\-MindEcho-main\ml_dl_models\gtsinger_multitech\dataset\raw\Chinese\ZH-Tenor-1\Pharyngeal\不要忘记我爱你\Control_Group\0004.wav,0,0.575497,4.345,Chinese,ZH-Tenor-1,不要忘记我爱你,Chinese/ZH-Tenor-1/不要忘记我爱你,0.0
d:\-MindEcho-main\ml_dl_models\gtsinger_multitech\dataset\raw\Chinese\ZH-Alto-1\Mixed_Voice_and_Falsetto\时间煮雨\Control_Group\0001.wav,1,0.603681,6.314,Chinese,ZH-Alto-1,时间煮雨,Chinese/ZH-Alto-1/时间煮雨,0.369
d:\-MindEcho-main\ml_dl_models\gtsinger_multitech\dataset\raw\Chinese\ZH-Tenor-1\Mixed_Voice_and_Falsetto\一次就好\Control_Group\0008.wav,1,0.233003,1.645,Chinese,ZH-Tenor-1,一次就好,Chinese/ZH-Tenor-1/一次就好,0.25
d:\-MindEcho-main\ml_dl_models\gtsinger_multitech\dataset\raw\Chinese\ZH-Alto-1\Mixed_Voice_and_Falsetto\知足\Mixed_Voice_Group\0013.wav,0,0.596825,3.76,Chinese,ZH-Alto-1,知足,Chinese/ZH-Alto-1/知足,0.0
d:\-MindEcho-main\ml_dl_models\gtsinger_multitech\dataset\raw\Chinese\ZH-Alto-1\Breathy\不再见\Control_Group\0003.wav,1,0.531646,4.2,Chinese,ZH-Alto-1,不再见,Chinese/ZH-Alto-1/不再见,0.5
d:\-MindEcho-main\ml_dl_models\gtsinger_multitech\dataset\raw\French\FR-Tenor-1\Glissando\o souverain\Glissando_Group\0001.wav,1,0.520358,9.803,French,FR-Tenor-1,o souverain,French/FR-Tenor-1/o souverain,0.913
d:\-MindEcho-main\ml_dl_models\gtsinger_multitech\dataset\raw\Chinese\ZH-Tenor-1\Mixed_Voice_and_Falsetto\情歌\Mixed_Voice_Group\0000.wav,0,0.264899,1.698,Chinese,ZH-Tenor-1,情歌,Chinese/ZH-Tenor-1/情歌,0.0
d:\-MindEcho-main\ml_dl_models\gtsinger_multitech\dataset\raw\Chinese\ZH-Tenor-1\Vibrato\我真的受伤了\Vibrato_Group\0006.wav,0,0.172082,1.361,Chinese,ZH-Tenor-1,我真的受伤了,Chinese/ZH-Tenor-1/我真的受伤了,0.0
d:\-MindEcho-main\ml_dl_models\gtsinger_multitech\dataset\raw\Chinese\ZH-Alto-1\Mixed_Voice_and_Falsetto\鸽子\Control_Group\0003.wav,0,0.156066,1.325,Chinese,ZH-Alto-1,鸽子,Chinese/ZH-Alto-1/鸽子,0.0
d:\-MindEcho-main\ml_dl_models\gtsinger_multitech\dataset\raw\Chinese\ZH-Tenor-1\Pharyngeal\南山南\Control_Group\0004.wav,1,0.117658,2.293,Chinese,ZH-Tenor-1,南山南,Chinese/ZH-Tenor-1/南山南,0.285
d:\-MindEcho-main\ml_dl_models\gtsinger_multitech\dataset\raw\Chinese\ZH-Tenor-1\Mixed_Voice_and_Falsetto\过火\Falsetto_Group\0002.wav,0,0.473173,6.085,Chinese,ZH-Tenor-1,过火,Chinese/ZH-Tenor-1/过火,0.0
d:\-MindEcho-main\ml_dl_models\gtsinger_multitech\dataset\raw\Chinese\ZH-Tenor-1\Mixed_Voice_and_Falsetto\一次就好\Falsetto_Group\0001.wav,0,0.117366,1.23,Chinese,ZH-Tenor-1,一次就好,Chinese/ZH-Tenor-1/一次就好,0.0
d:\-MindEcho-main\ml_dl_models\gtsinger_multitech\dataset\raw\Chinese\ZH-Alto-1\Pharyngeal\不为谁而作的歌\Pharyngeal_Group\0009.wav,0,0.4957,4.035,Chinese,ZH-Alto-1,不为谁而作的歌,Chinese/ZH-Alto-1/不为谁而作的歌,0.0
d:\-MindEcho-main\ml_dl_models\gtsinger_multitech\dataset\raw\French\FR-Soprano-1\Pharyngeal\+la vie\Pharyngeal_Group\0000.wav,1,0.54575,7.306,French,FR-Soprano-1,+la vie,French/FR-Soprano-1/+la vie,1.341
d:\-MindEcho-main\ml_dl_models\gtsinger_multitech\dataset\raw\Chinese\ZH-Tenor-1\Vibrato\水星记\Vibrato_Group\0008.wav,0,0.215288,1.535,Chinese,ZH-Tenor-1,水星记,Chinese/ZH-Tenor-1/水星记,0.0
d:\-MindEcho-main\ml_dl_models\gtsinger_multitech\dataset\raw\Chinese\ZH-Tenor-1\Mixed_Voice_and_Falsetto\演员\Falsetto_Group\0009.wav,1,0.47673,4.415,Chinese,ZH-Tenor-1,演员,Chinese/ZH-Tenor-1/演员,0.37
d:\-MindEcho-main\ml_dl_models\gtsinger_multitech\dataset\raw\Chinese\ZH-Tenor-1\Mixed_Voice_and_Falsetto\情歌\Falsetto_Group\0025.wav,1,0.150565,1.155,Chinese,ZH-Tenor-1,情歌,Chinese/ZH-Tenor-1/情歌,0.13
d:\-MindEcho-main\ml_dl_models\gtsinger_multitech\dataset\raw\French\FR-Tenor-1\Glissando\manon\Paired_Speech_Group\0011.wav,0,0.207592,1.236,French,FR-Tenor-1,manon,French/FR-Tenor-1/manon,0.0
d:\-MindEcho-main\ml_dl_models\gtsinger_multitech\dataset\raw\Chinese\ZH-Tenor-1\Vibrato\从前慢\Vibrato_Group\0002.wav,0,0.53292,4.946,Chinese,ZH-Tenor-1,从前慢,Chinese/ZH-Tenor-1/从前慢,0.0
d:\-MindEcho-main\ml_dl_models\gtsinger_multitech\dataset\raw\Chinese\ZH-Alto-1\Mixed_Voice_and_Falsetto\演员\Falsetto_Group\0002.wav,0,0.165022,1.505,Chinese,ZH-Alto-1,演员,Chinese/ZH-Alto-1/演员,0.0
d:\-MindEcho-main\ml_dl_models\gtsinger_multitech\dataset\raw\Chinese\ZH-Tenor-1\Mixed_Voice_and_Falsetto\最初的梦想\Mixed_Voice_Group\0015.wav,0,0.422176,3.065,Chinese,ZH-Tenor-1,最初的梦想,Chinese/ZH-Tenor-1/最初的梦想,0.0
d:\-MindEcho-main\ml_dl_models\gtsinger_multitech\dataset\raw\Chinese\ZH-Alto-1\Breathy\不再见\Control_Group\0008.wav,0,0.572877,4.52,Chinese,ZH-Alto-1,不再见,Chinese/ZH-Alto-1/不再见,0.0
d:\-MindEcho-main\ml_dl_models\gtsinger_multitech\dataset\raw\Chinese\ZH-Alto-1\Mixed_Voice_and_Falsetto\匆匆那年\Mixed_Voice_Group\0005.wav,0,0.392811,3.945,Chinese,ZH-Alto-1,匆匆那年,Chinese/ZH-Alto-1/匆匆那年,0.0
d:\-MindEcho-main\ml_dl_models\gtsinger_multitech\dataset\raw\French\FR-Tenor-1\Breathy\Lafleur\Breathy_Group\0002.wav,1,0.478791,7.416,French,FR-Tenor-1,Lafleur,French/FR-Tenor-1/Lafleur,0.506
d:\-MindEcho-main\ml_dl_models\gtsinger_multitech\dataset\raw\Chinese\ZH-Tenor-1\Breathy\和你一样\Control_Group\0007.wav,0,0.122458,1.325,Chinese,ZH-Tenor-1,和你一样,Chinese/ZH-Tenor-1/和你一样,0.0
d:\-MindEcho-main\ml_dl_models\gtsinger_multitech\dataset\raw\Chinese\ZH-Tenor-1\Breathy\化身孤岛的鲸\Breathy_Group\0020.wav,0,0.606053,4.846,Chinese,ZH-Tenor-1,化身孤岛的鲸,Chinese/ZH-Tenor-1/化身孤岛的鲸,0.0
d:\-MindEcho-main\ml_dl_models\gtsinger_multitech\dataset\raw\Chinese\ZH-Alto-1\Vibrato\贝加尔湖畔\Control_Group\0003.wav,0,0.182151,1.592,Chinese,ZH-Alto-1,贝加尔湖畔,Chinese/ZH-Alto-1/贝加尔湖畔,0.0
d:\-MindEcho-main\ml_dl_models\gtsinger_multitech\dataset\raw\Chinese\ZH-Alto-1\Mixed_Voice_and_Falsetto\终于等到你\Control_Group\0002.wav,0,0.475259,3.631,Chinese,ZH-Alto-1,终于等到你,Chinese/ZH-Alto-1/终于等到你,0.0
d:\-MindEcho-main\ml_dl_models\gtsinger_multitech\dataset\raw\Chinese\ZH-Alto-1\Glissando\时间煮雨\Control_Group\0013.wav,0,0.128788,1.445,Chinese,ZH-Alto-1,时间煮雨,Chinese/ZH-Alto-1/时间煮雨,0.0
d:\-MindEcho-main\ml_dl_models\gtsinger_multitech\dataset\raw\Chinese\ZH-Tenor-1\Breathy\给电影人的情书\Breathy_Group\0006.wav,0,0.125065,1.44,Chinese,ZH-Tenor-1,给电影人的情书,Chinese/ZH-Tenor-1/给电影人的情书,0.0
d:\-MindEcho-main\ml_dl_models\gtsinger_multitech\dataset\raw\Chinese\ZH-Alto-1\Mixed_Voice_and_Falsetto\告白气球\Control_Group\0002.wav,1,0.627329,5.05,Chinese,ZH-Alto-1,告白气球,Chinese/ZH-Alto-1/告白气球,0.58
d:\-MindEcho-main\ml_dl_models\gtsinger_multitech\dataset\raw\Chinese\ZH-Alto-1\Mixed_Voice_and_Falsetto\青花瓷\Falsetto_Group\0009.wav,1,0.267233,2.52,Chinese,ZH-Alto-1,青花瓷,Chinese/ZH-Alto-1/青花瓷,0.18
d:\-MindEcho-main\ml_dl_models\gtsinger_multitech\dataset\raw\Chinese\ZH-Alto-1\Mixed_Voice_and_Falsetto\平凡之路\Falsetto_Group\0007.wav,1,0.299544,2.63,Chinese,ZH-Alto-1,平凡之路,Chinese/ZH-Alto-1/平凡之路,0.36
d:\-MindEcho-main\ml_dl_models\gtsinger_multitech\dataset\raw\Chinese\ZH-Tenor-1\Glissando\十年\Control_Group\0000.wav,1,0.544961,3.315,Chinese,ZH-Tenor-1,十年,Chinese/ZH-Tenor-1/十年,0.35
d:\-MindEcho-main\ml_dl_models\gtsinger_multitech\dataset\raw\Chinese\ZH-Alto-1\Breathy\越过山丘\Control_Group\0015.wav,0,0.537859,4.12,Chinese,ZH-Alto-1,越过山丘,Chinese/ZH-Alto-1/越过山丘,0.0
d:\-MindEcho-main\ml_dl_models\gtsinger_multitech\dataset\raw\French\FR-Soprano-1\Mixed_Voice_and_Falsetto\je vole\Mixed_Voice_Group\0000.wav,0,0.438584,5.438,French,FR-Soprano-1,je vole,French/FR-Soprano-1/je vole,0.0
d:\-MindEcho-main\ml_dl_models\gtsinger_multitech\dataset\raw\French\FR-Soprano-1\Breathy\2019\Breathy_Group\0007.wav,1,0.875943,9.438,French,FR-Soprano-1,2019,French/FR-Soprano-1/2019,0.47
d:\-MindEcho-main\ml_dl_models\gtsinger_multitech\dataset\raw\Chinese\ZH-Tenor-1\Glissando\不染\Control_Group\0033.wav,0,0.211095,1.465,Chinese,ZH-Tenor-1,不染,Chinese/ZH-Tenor-1/不染,0.0
d:\-MindEcho-main\ml_dl_models\gtsinger_multitech\dataset\raw\French\FR-Soprano-1\Pharyngeal\l'amour\Pharyngeal_Group\0003.wav,0,0.103703,1.289,French,FR-Soprano-1,l'amour,French/FR-Soprano-1/l'amour,0.0
d:\-MindEcho-main\ml_dl_models\gtsinger_multitech\dataset\raw\Chinese\ZH-Tenor-1\Mixed_Voice_and_Falsetto\情歌\Mixed_Voice_Group\0024.wav,1,0.528409,3.255,Chinese,ZH-Tenor-1,情歌,Chinese/ZH-Tenor-1/情歌,0.25
d:\-MindEcho-main\ml_dl_models\gtsinger_multitech\dataset\raw\Chinese\ZH-Tenor-1\Breathy\爱的回归线\Breathy_Group\0009.wav,1,0.398975,2.725,Chinese,ZH-Tenor-1,爱的回归线,Chinese/ZH-Tenor-1/爱的回归线,0.45
d:\-MindEcho-main\ml_dl_models\gtsinger_multitech\dataset\raw\French\FR-Soprano-1\Pharyngeal\ce train qui s'en va\Control_Group\0006.wav,0,0.450752,6.159,French,FR-Soprano-1,ce train qui s'en va,French/FR-Soprano-1/ce train qui s'en va,0.0
d:\-MindEcho-main\ml_dl_models\gtsinger_multitech\dataset\raw\Chinese\ZH-Alto-1\Breathy\知足\Breathy_Group\0008.wav,1,0.473881,3.81,Chinese,ZH-Alto-1,知足,Chinese/ZH-Alto-1/知足,0.32
d:\-MindEcho-main\ml_dl_models\gtsinger_multitech\dataset\raw\French\FR-Soprano-1\Mixed_Voice_and_Falsetto\comment deja\Falsetto_Group\0003.wav,1,0.127416,0.535,French,FR-Soprano-1,comment deja,French/FR-Soprano-1/comment deja,1.07
d:\-MindEcho-main\ml_dl_models\gtsinger_multitech\dataset\raw\French\FR-Tenor-1\Glissando\o souverain\Glissando_Group\0002.wav,0,0.672458,10.606,French,FR-Tenor-1,o souverain,French/FR-Tenor-1/o souverain,0.0
d:\-MindEcho-main\ml_dl_models\gtsinger_multitech\dataset\raw\Chinese\ZH-Alto-1\Pharyngeal\失落沙洲\Control_Group\0009.wav,1,0.349593,5.59,Chinese,ZH-Alto-1,失落沙洲,Chinese/ZH-Alto-1/失落沙洲,0.52
"d:\-MindEcho-main\ml_dl_models\gtsinger_multitech\dataset\raw\French\FR-Soprano-1\Mixed_Voice_and_Falsetto\t'es beau,t'es beau\Control_Group\0001.wav",1,0.482425,5.952,French,FR-Soprano-1,"t'es beau,t'es beau","French/FR-Soprano-1/t'es beau,t'es beau",0.42
d:\-MindEcho-main\ml_dl_models\gtsinger_multitech\dataset\raw\Chinese\ZH-Tenor-1\Breathy\和你一样\Breathy_Group\0005.wav,1,0.242883,2.645,Chinese,ZH-Tenor-1,和你一样,Chinese/ZH-Tenor-1/和你一样,0.41
d:\-MindEcho-main\ml_dl_models\gtsinger_multitech\dataset\raw\French\FR-Soprano-1\Glissando\dingdong\Glissando_Group\0006.wav,1,0.538046,8.657,French,FR-Soprano-1,dingdong,French/FR-Soprano-1/dingdong,0.325
d:\-MindEcho-main\ml_dl_models\gtsinger_multitech\dataset\raw\Chinese\ZH-Alto-1\Vibrato\南屏晚钟\Control_Group\0006.wav,0,0.170854,1.571,Chinese,ZH-Alto-1,南屏晚钟,Chinese/ZH-Alto-1/南屏晚钟,0.0
d:\-MindEcho-main\ml_dl_models\gtsinger_multitech\dataset\raw\Chinese\ZH-Alto-1\Mixed_Voice_and_Falsetto\桃花诺\Control_Group\0001.wav,1,0.329632,2.598,Chinese,ZH-Alto-1,桃花诺,Chinese/ZH-Alto-1/桃花诺,0.455
d:\-MindEcho-main\ml_dl_models\gtsinger_multitech\dataset\raw\Chinese\ZH-Tenor-1\Pharyngeal\不要忘记我爱你\Control_Group\0007.wav,1,0.26497,1.77,Chinese,ZH-Tenor-1,不要忘记我爱你,Chinese/ZH-Tenor-1/不要忘记我爱你,0.28
d:\-MindEcho-main\ml_dl_models\gtsinger_multitech\dataset\raw\French\FR-Soprano-1\Breathy\le balcon\Breathy_Group\0011.wav,1,0.897054,10.909,French,FR-Soprano-1,le balcon,French/FR-Soprano-1/le balcon,1.497
d:\-MindEcho-main\ml_dl_models\gtsinger_multitech\dataset\raw\Chinese\ZH-Tenor-1\Glissando\不染\Glissando_Group\0011.wav,0,0.355842,2.345,Chinese,ZH-Tenor-1,不染,Chinese/ZH-Tenor-1/不染,0.0
d:\-MindEcho-main\ml_dl_models\gtsinger_multitech\dataset\raw\Chinese\ZH-Tenor-1\Mixed_Voice_and_Falsetto\青花瓷\Control_Group\0001.wav,1,0.282252,1.735,Chinese,ZH-Tenor-1,青花瓷,Chinese/ZH-Tenor-1/青花瓷,0.35
d:\-MindEcho-main\ml_dl_models\gtsinger_multitech\dataset\raw\Chinese\ZH-Alto-1\Glissando\青花瓷\Control_Group\0002.wav,0,0.573132,6.25,Chinese,ZH-Alto-1,青花瓷,Chinese/ZH-Alto-1/青花瓷,0.0
d:\-MindEcho-main\ml_dl_models\gtsinger_multitech\dataset\raw\Chinese\ZH-Alto-1\Breathy\奇妙能力歌\Breathy_Group\0001.wav,0,0.554665,3.805,Chinese,ZH-Alto-1,奇妙能力歌,Chinese/ZH-Alto-1/奇妙能力歌,0.0
d:\-MindEcho-main\ml_dl_models\gtsinger_multitech\dataset\raw\Chinese\ZH-Tenor-1\Mixed_Voice_and_Falsetto\演员\Control_Group\0004.wav,0,0.143633,1.455,Chinese,ZH-Tenor-1,演员,Chinese/ZH-Tenor-1/演员,0.0
d:\-MindEcho-main\ml_dl_models\gtsinger_multitech\dataset\raw\Chinese\ZH-Alto-1\Mixed_Voice_and_Falsetto\贝加尔湖畔\Mixed_Voice_Group\0007.wav,0,0.457042,4.585,Chinese,ZH-Alto-1,贝加尔湖畔,Chinese/ZH-Alto-1/贝加尔湖畔,0.0
d:\-MindEcho-main\ml_dl_models\gtsinger_multitech\dataset\raw\Chinese\ZH-Alto-1\Pharyngeal\默\Pharyngeal_Group\0004.wav,0,0.688396,5.28,Chinese,ZH-Alto-1,默,Chinese/ZH-Alto-1/默,0.0
d:\-MindEcho-main\ml_dl_models\gtsinger_multitech\dataset\raw\French\FR-Tenor-1\Breathy\Les Marionnettes\Control_Group\0000.wav,0,0.529284,8.061,French,FR-Tenor-1,Les Marionnettes,French/FR-Tenor-1/Les Marionnettes,0.0
d:\-MindEcho-main\ml_dl_models\gtsinger_multitech\dataset\raw\Chinese\ZH-Tenor-1\Mixed_Voice_and_Falsetto\老男孩\Control_Group\0010.wav,1,0.502077,3.264,Chinese,ZH-Tenor-1,老男孩,Chinese/ZH-Tenor-1/老男孩,0.173
d:\-MindEcho-main\ml_dl_models\gtsinger_multitech\dataset\raw\Chinese\ZH-Tenor-1\Mixed_Voice_and_Falsetto\青花瓷\Falsetto_Group\0015.wav,0,0.23869,1.53,Chinese,ZH-Tenor-1,青花瓷,Chinese/ZH-Tenor-1/青花瓷,0.0
d:\-MindEcho-main\ml_dl_models\gtsinger_multitech\dataset\raw\French\FR-Soprano-1\Breathy\2019\Control_Group\0002.wav,0,0.436946,5.713,French,FR-Soprano-1,2019,French/FR-Soprano-1/2019,0.0
d:\-MindEcho-main\ml_dl_models\gtsinger_multitech\dataset\raw\Chinese\ZH-Alto-1\Mixed_Voice_and_Falsetto\平凡的一天\Mixed_Voice_Group\0005.wav,0,0.118732,1.61,Chinese,ZH-Alto-1,平凡的一天,Chinese/ZH-Alto-1/平凡的一天,0.0
d:\-MindEcho-main\ml_dl_models\gtsinger_multitech\dataset\raw\Chinese\ZH-Tenor-1\Mixed_Voice_and_Falsetto\枫\Control_Group\0005.wav,0,0.507569,5.365,Chinese,ZH-Tenor-1,枫,Chinese/ZH-Tenor-1/枫,0.0
d:\-MindEcho-main\ml_dl_models\gtsinger_multitech\dataset\raw\Chinese\ZH-Tenor-1\Mixed_Voice_and_Falsetto\老男孩\Control_Group\0021.wav,0,0.610156,3.905,Chinese,ZH-Tenor-1,老男孩,Chinese/ZH-Tenor-1/老男孩,0.0
d:\-MindEcho-main\ml_dl_models\gtsinger_multitech\dataset\raw\French\FR-Tenor-1\Breathy\o souverain\Breathy_Group\0016.wav,1,0.328204,5.492,French,FR-Tenor-1,o souverain,French/FR-Tenor-1/o souverain,0.605
d:\-MindEcho-main\ml_dl_models\gtsinger_multitech\dataset\raw\Chinese\ZH-Tenor-1\Mixed_Voice_and_Falsetto\残酷月光\Mixed_Voice_Group\0021.wav,0,0.571533,3.915,Chinese,ZH-Tenor-1,残酷月光,Chinese/ZH-Tenor-1/残酷月光,0.0
d:\-MindEcho-main\ml_dl_models\gtsinger_multitech\dataset\raw\Chinese\ZH-Tenor-1\Mixed_Voice_and_Falsetto\倒带\Mixed_Voice_Group\0000.wav,1,0.433673,3.4,Chinese,ZH-Tenor-1,倒带,Chinese/ZH-Tenor-1/倒带,0.36
d:\-MindEcho-main\ml_dl_models\gtsinger_multitech\dataset\raw\Chinese\ZH-Tenor-1\Breathy\化身孤岛的鲸\Breathy_Group\0004.wav,0,0.618529,4.54,Chinese,ZH-Tenor-1,化身孤岛的鲸,Chinese/ZH-Tenor-1/化身孤岛的鲸,0.0
d:\-MindEcho-main\ml_dl_models\gtsinger_multitech\dataset\raw\French\FR-Soprano-1\Pharyngeal\lassasymphonie\Pharyngeal_Group\0005.wav,1,0.631728,7.383,French,FR-Soprano-1,lassasymphonie,French/FR-Soprano-1/lassasymphonie,0.378
d:\-MindEcho-main\ml_dl_models\gtsinger_multitech\dataset\raw\Chinese\ZH-Alto-1\Glissando\你给我听好\Control_Group\0003.wav,1,0.565331,6.689,Chinese,ZH-Alto-1,你给我听好,Chinese/ZH-Alto-1/你给我听好,0.28
d:\-MindEcho-main\ml_dl_models\gtsinger_multitech\dataset\raw\Chinese\ZH-Tenor-1\Pharyngeal\亲爱的那不是爱情\Pharyngeal_Group\0004.wav,0,0.121598,1.385,Chinese,ZH-Tenor-1,亲爱的那不是爱情,Chinese/ZH-Tenor-1/亲爱的那不是爱情,0.0
d:\-MindEcho-main\ml_dl_models\gtsinger_multitech\dataset\raw\Chinese\ZH-Alto-1\Breathy\可乐\Breathy_Group\0001.wav,0,0.520436,3.82,Chinese,ZH-Alto-1,可乐,Chinese/ZH-Alto-1/可乐,0.0
d:\-MindEcho-main\ml_dl_models\gtsinger_multitech\dataset\raw\French\FR-Soprano-1\Breathy\la chanson de la mer\Breathy_Group\0004.wav,1,0.602577,7.223,French,FR-Soprano-1,la chanson de la mer,French/FR-Soprano-1/la chanson de la mer,0.403
d:\-MindEcho-main\ml_dl_models\gtsinger_multitech\dataset\raw\Chinese\ZH-Tenor-1\Mixed_Voice_and_Falsetto\偏爱\Control_Group\0018.wav,0,0.613977,4.999,Chinese,ZH-Tenor-1,偏爱,Chinese/ZH-Tenor-1/偏爱,0.0
d:\-MindEcho-main\ml_dl_models\gtsinger_multitech\dataset\raw\Chinese\ZH-Alto-1\Glissando\奇妙能力歌\Control_Group\0000.wav,0,0.614561,5.74,Chinese,ZH-Alto-1,奇妙能力歌,Chinese/ZH-Alto-1/奇妙能力歌,0.0
d:\-MindEcho-main\ml_dl_models\gtsinger_multitech\dataset\raw\German\DE-Soprano-1\Breathy\Copilot\Control_Group\0007.wav,0,0.200258,1.555,German,DE-Soprano-1,Copilot,German/DE-Soprano-1/Copilot,0.0
d:\-MindEcho-main\ml_dl_models\gtsinger_multitech\dataset\raw\French\FR-Tenor-1\Glissando\o souverain\Glissando_Group\0010.wav,1,0.369388,3.406,French,FR-Tenor-1,o souverain,French/FR-Tenor-1/o souverain,0.473
d:\-MindEcho-main\ml_dl_models\gtsinger_multitech\dataset\raw\Chinese\ZH-Tenor-1\Mixed_Voice_and_Falsetto\演员\Mixed_Voice_Group\0004.wav,1,0.501431,5.085,Chinese,ZH-Tenor-1,演员,Chinese/ZH-Tenor-1/演员,0.369
d:\-MindEcho-main\ml_dl_models\gtsinger_multitech\dataset\raw\Chinese\ZH-Alto-1\Breathy\最长的电影\Control_Group\0005.wav,0,0.169375,1.355,Chinese,ZH-Alto-1,最长的电影,Chinese/ZH-Alto-1/最长的电影,0.0
d:\-MindEcho-main\ml_dl_models\gtsinger_multitech\dataset\raw\French\FR-Soprano-1\Mixed_Voice_and_Falsetto\lentement\Control_Group\0009.wav,1,0.877887,9.501,French,FR-Soprano-1,lentement,French/FR-Soprano-1/lentement,0.652
d:\-MindEcho-main\ml_dl_models\gtsinger_multitech\dataset\raw\Chinese\ZH-Tenor-1\Breathy\给电影人的情书\Breathy_Group\0012.wav,0,0.502049,3.675,Chinese,ZH-Tenor-1,给电影人的情书,Chinese/ZH-Tenor-1/给电影人的情书,0.0
d:\-MindEcho-main\ml_dl_models\gtsinger_multitech\dataset\raw\Chinese\ZH-Alto-1\Vibrato\奇妙能力歌\Vibrato_Group\0003.wav,1,0.451049,3.225,Chinese,ZH-Alto-1,奇妙能力歌,Chinese/ZH-Alto-1/奇妙能力歌,0.45
d:\-MindEcho-main\ml_dl_models\gtsinger_multitech\dataset\raw\French\FR-Soprano-1\Mixed_Voice_and_Falsetto\magic boul'vard\Falsetto_Group\0005.wav,0,0.579252,7.203,French,FR-Soprano-1,magic boul'vard,French/FR-Soprano-1/magic boul'vard,0.0
d:\-MindEcho-main\ml_dl_models\gtsinger_multitech\dataset\raw\Chinese\ZH-Alto-1\Vibrato\南山南\Control_Group\0012.wav,0,0.596751,4.41,Chinese,ZH-Alto-1,南山南,Chinese/ZH-Alto-1/南山南,0.0
d:\-MindEcho-main\ml_dl_models\gtsinger_multitech\dataset\raw\French\FR-Soprano-1\Mixed_Voice_and_Falsetto\lentement\Paired_Speech_Group\0004.wav,0,0.5,2.473,French,FR-Soprano-1,lentement,French/FR-Soprano-1/lentement,0.0
d:\-MindEcho-main\ml_dl_models\gtsinger_multitech\dataset\raw\Chinese\ZH-Tenor-1\Mixed_Voice_and_Falsetto\想自由\Mixed_Voice_Group\0004.wav,1,0.51462,3.52,Chinese,ZH-Tenor-1,想自由,Chinese/ZH-Tenor-1/想自由,0.54
d:\-MindEcho-main\ml_dl_models\gtsinger_multitech\dataset\raw\Chinese\ZH-Tenor-1\Breathy\慢慢喜欢你\Breathy_Group\0017.wav,1,0.198347,0.805,Chinese,ZH-Tenor-1,慢慢喜欢你,Chinese/ZH-Tenor-1/慢慢喜欢你,0.29
d:\-MindEcho-main\ml_dl_models\gtsinger_multitech\dataset\raw\French\FR-Soprano-1\Mixed_Voice_and_Falsetto\vivre a en crever\Paired_Speech_Group\0002.wav,0,0.184569,1.806,French,FR-Soprano-1,vivre a en crever,French/FR-Soprano-1/vivre a en crever,0.0
d:\-MindEcho-main\ml_dl_models\gtsinger_multitech\dataset\raw\French\FR-Soprano-1\Glissando\la fuite\Control_Group\0009.wav,1,0.102244,1.635,French,FR-Soprano-1,la fuite,French/FR-Soprano-1/la fuite,0.951
d:\-MindEcho-main\ml_dl_models\gtsinger_multitech\dataset\raw\French\FR-Soprano-1\Mixed_Voice_and_Falsetto\vivre a en crever\Mixed_Voice_Group\0005.wav,1,0.609731,8.101,French,FR-Soprano-1,vivre a en crever,French/FR-Soprano-1/vivre a en crever,1.019
d:\-MindEcho-main\ml_dl_models\gtsinger_multitech\dataset\raw\Chinese\ZH-Alto-1\Mixed_Voice_and_Falsetto\时间煮雨\Mixed_Voice_Group\0005.wav,0,0.598438,5.745,Chinese,ZH-Alto-1,时间煮雨,Chinese/ZH-Alto-1/时间煮雨,0.0
d:\-MindEcho-main\ml_dl_models\gtsinger_multitech\dataset\raw\Chinese\ZH-Tenor-1\Mixed_Voice_and_Falsetto\后来\Falsetto_Group\0001.wav,1,0.247474,3.92,Chinese,ZH-Tenor-1,后来,Chinese/ZH-Tenor-1/后来,0.98
d:\-MindEcho-main\ml_dl_models\gtsinger_multitech\dataset\raw\French\FR-Soprano-1\Vibrato\les oiseaux\Vibrato_Group\0004.wav,1,0.843055,7.595,French,FR-Soprano-1,les oiseaux,French/FR-Soprano-1/les oiseaux,0.101
d:\-MindEcho-main\ml_dl_models\gtsinger_multitech\dataset\raw\French\FR-Soprano-1\Mixed_Voice_and_Falsetto\lentement\Falsetto_Group\0012.wav,0,0.529166,4.499,French,FR-Soprano-1,lentement,French/FR-Soprano-1/lentement,0.0
d:\-MindEcho-main\ml_dl_models\gtsinger_multitech\dataset\raw\Chinese\ZH-Alto-1\Vibrato\不再见\Vibrato_Group\0019.wav,0,0.240566,1.53,Chinese,ZH-Alto-1,不再见,Chinese/ZH-Alto-1/不再见,0.0
d:\-MindEcho-main\ml_dl_models\gtsinger_multitech\dataset\raw\Chinese\ZH-Tenor-1\Glissando\倒带\Glissando_Group\0006.wav,0,0.244067,1.625,Chinese,ZH-Tenor-1,倒带,Chinese/ZH-Tenor-1/倒带,0.0
d:\-MindEcho-main\ml_dl_models\gtsinger_multitech\dataset\raw\Chinese\ZH-Tenor-1\Breathy\和你一样\Breathy_Group\0008.wav,1,0.248629,2.72,Chinese,ZH-Tenor-1,和你一样,Chinese/ZH-Tenor-1/和你一样,0.54
d:\-MindEcho-main\ml_dl_models\gtsinger_multitech\dataset\raw\Chinese\ZH-Alto-1\Mixed_Voice_and_Falsetto\化身孤岛的鲸\Falsetto_Group\0000.wav,1,0.443699,3.302,Chinese,ZH-Alto-1,化身孤岛的鲸,Chinese/ZH-Alto-1/化身孤岛的鲸,0.42
d:\-MindEcho-main\ml_dl_models\gtsinger_multitech\dataset\raw\Chinese\ZH-Tenor-1\Pharyngeal\最初的梦想\Control_Group\0015.wav,0,0.25104,1.81,Chinese,ZH-Tenor-1,最初的梦想,Chinese/ZH-Tenor-1/最初的梦想,0.0
d:\-MindEcho-main\ml_dl_models\gtsinger_multitech\dataset\raw\Chinese\ZH-Tenor-1\Mixed_Voice_and_Falsetto\残酷月光\Mixed_Voice_Group\0009.wav,0,0.114035,1.495,Chinese,ZH-Tenor-1,残酷月光,Chinese/ZH-Tenor-1/残酷月光,0.0
d:\-MindEcho-main\ml_dl_models\gtsinger_multitech\dataset\raw\Chinese\ZH-Alto-1\Mixed_Voice_and_Falsetto\化身孤岛的鲸\Mixed_Voice_Group\0011.wav,1,0.46397,3.67,Chinese,ZH-Alto-1,化身孤岛的鲸,Chinese/ZH-Alto-1/化身孤岛的鲸,0.3
d:\-MindEcho-main\ml_dl_models\gtsinger_multitech\dataset\raw\French\FR-Tenor-1\Breathy\manon\Paired_Speech_Group\0002.wav,0,0.280119,1.881,French,FR-Tenor-1,manon,French/FR-Tenor-1/manon,0.0
d:\-MindEcho-main\ml_dl_models\gtsinger_multitech\dataset\raw\Chinese\ZH-Alto-1\Breathy\温柔\Control_Group\0002.wav,0,0.19864,1.315,Chinese,ZH-Alto-1,温柔,Chinese/ZH-Alto-1/温柔,0.0
d:\-MindEcho-main\ml_dl_models\gtsinger_multitech\dataset\raw\Chinese\ZH-Tenor-1\Vibrato\终于等到你\Vibrato_Group\0013.wav,0,0.183285,1.266,Chinese,ZH-Tenor-1,终于等到你,Chinese/ZH-Tenor-1/终于等到你,0.0
d:\-MindEcho-main\ml_dl_models\gtsinger_multitech\dataset\raw\French\FR-Soprano-1\Vibrato\les oiseaux\Vibrato_Group\0003.wav,1,0.326345,4.063,French,FR-Soprano-1,les oiseaux,French/FR-Soprano-1/les oiseaux,2.302
d:\-MindEcho-main\ml_dl_models\gtsinger_multitech\dataset\raw\Chinese\ZH-Tenor-1\Vibrato\失落沙洲\Vibrato_Group\0007.wav,0,0.579903,6.535,Chinese,ZH-Tenor-1,失落沙洲,Chinese/ZH-Tenor-1/失落沙洲,0.0
d:\-MindEcho-main\ml_dl_models\gtsinger_multitech\dataset\raw\Chinese\ZH-Tenor-1\Breathy\不染\Breathy_Group\0025.wav,0,0.550955,3.46,Chinese,ZH-Tenor-1,不染,Chinese/ZH-Tenor-1/不染,0.0
d:\-MindEcho-main\ml_dl_models\gtsinger_multitech\dataset\raw\Chinese\ZH-Alto-1\Pharyngeal\失落沙洲\Control_Group\0010.wav,0,0.148317,1.692,Chinese,ZH-Alto-1,失落沙洲,Chinese/ZH-Alto-1/失落沙洲,0.0
d:\-MindEcho-main\ml_dl_models\gtsinger_multitech\dataset\raw\Chinese\ZH-Tenor-1\Breathy\和你一样\Breathy_Group\0006.wav,1,0.240876,2.64,Chinese,ZH-Tenor-1,和你一样,Chinese/ZH-Tenor-1/和你一样,0.5
d:\-MindEcho-main\ml_dl_models\gtsinger_multitech\dataset\raw\Chinese\ZH-Alto-1\Glissando\温柔\Control_Group\0008.wav,0,0.173077,1.26,Chinese,ZH-Alto-1,温柔,Chinese/ZH-Alto-1/温柔,0.0
d:\-MindEcho-main\ml_dl_models\gtsinger_multitech\dataset\raw\Chinese\ZH-Alto-1\Mixed_Voice_and_Falsetto\化身孤岛的鲸\Mixed_Voice_Group\0006.wav,1,0.5455,5.515,Chinese,ZH-Alto-1,化身孤岛的鲸,Chinese/ZH-Alto-1/化身孤岛的鲸,0.37
d:\-MindEcho-main\ml_dl_models\gtsinger_multitech\dataset\raw\French\FR-Soprano-1\Mixed_Voice_and_Falsetto\comment deja\Mixed_Voice_Group\0005.wav,1,0.73787,10.311,French,FR-Soprano-1,comment deja,French/FR-Soprano-1/comment deja,0.16
d:\-MindEcho-main\ml_dl_models\gtsinger_multitech\dataset\raw\Chinese\ZH-Tenor-1\Mixed_Voice_and_Falsetto\可惜没如果\Control_Group\0002.wav,0,0.486918,7.295,Chinese,ZH-Tenor-1,可惜没如果,Chinese/ZH-Tenor-1/可惜没如果,0.0
d:\-MindEcho-main\ml_dl_models\gtsinger_multitech\dataset\raw\Chinese\ZH-Alto-1\Mixed_Voice_and_Falsetto\我的歌声里\Falsetto_Group\0014.wav,1,0.485444,3.335,Chinese,ZH-Alto-1,我的歌声里,Chinese/ZH-Alto-1/我的歌声里,0.53
d:\-MindEcho-main\ml_dl_models\gtsinger_multitech\dataset\raw\Chinese\ZH-Tenor-1\Mixed_Voice_and_Falsetto\偏爱\Falsetto_Group\0011.wav,1,0.289414,3.705,Chinese,ZH-Tenor-1,偏爱,Chinese/ZH-Tenor-1/偏爱,0.51
d:\-MindEcho-main\ml_dl_models\gtsinger_multitech\dataset\raw\Chinese\ZH-Alto-1\Breathy\失落沙洲\Control_Group\0007.wav,1,0.548251,4.545,Chinese,ZH-Alto-1,失落沙洲,Chinese/ZH-Alto-1/失落沙洲,0.47
d:\-MindEcho-main\ml_dl_models\gtsinger_multitech\dataset\raw\Chinese\ZH-Tenor-1\Pharyngeal\最初的梦想\Control_Group\0003.wav,1,0.336797,2.755,Chinese,ZH-Tenor-1,最初的梦想,Chinese/ZH-Tenor-1/最初的梦想,0.33
d:\-MindEcho-main\ml_dl_models\gtsinger_multitech\dataset\raw\French\FR-Soprano-1\Breathy\le balcon\Paired_Speech_Group\0001.wav,0,0.48879,2.202,French,FR-Soprano-1,le balcon,French/FR-Soprano-1/le balcon,0.0
d:\-MindEcho-main\ml_dl_models\gtsinger_multitech\dataset\raw\French\FR-Soprano-1\Breathy\les passagers du vent\Breathy_Group\0000.wav,1,0.891833,10.648,French,FR-Soprano-1,les passagers du vent,French/FR-Soprano-1/les passagers du vent,0.891
d:\-MindEcho-main\ml_dl_models\gtsinger_multitech\dataset\raw\French\FR-Soprano-1\Pharyngeal\il aurait suffit\Control_Group\0001.wav,1,0.872693,8.864,French,FR-Soprano-1,il aurait suffit,French/FR-Soprano-1/il aurait suffit,1.124
d:\-MindEcho-main\ml_dl_models\gtsinger_multitech\dataset\raw\Chinese\ZH-Tenor-1\Glissando\我的歌声里\Control_Group\0005.wav,0,0.344606,2.364,Chinese,ZH-Tenor-1,我的歌声里,Chinese/ZH-Tenor-1/我的歌声里,0.0
d:\-MindEcho-main\ml_dl_models\gtsinger_multitech\dataset\raw\French\FR-Soprano-1\Mixed_Voice_and_Falsetto\mustang cabriolet\Paired_Speech_Group\0002.wav,0,0.462235,1.787,French,FR-Soprano-1,mustang cabriolet,French/FR-Soprano-1/mustang cabriolet,0.0
d:\-MindEcho-main\ml_dl_models\gtsinger_multitech\dataset\raw\Chinese\ZH-Alto-1\Mixed_Voice_and_Falsetto\桃花诺\Control_Group\0005.wav,0,0.517219,4.055,Chinese,ZH-Alto-1,桃花诺,Chinese/ZH-Alto-1/桃花诺,0.0
d:\-MindEcho-main\ml_dl_models\gtsinger_multitech\dataset\raw\French\FR-Soprano-1\Breathy\2019\Paired_Speech_Group\0008.wav,0,0.472175,3.232,French,FR-Soprano-1,2019,French/FR-Soprano-1/2019,0.0
d:\-MindEcho-main\ml_dl_models\gtsinger_multitech\dataset\raw\Chinese\ZH-Alto-1\Pharyngeal\老男孩\Pharyngeal_Group\0000.wav,1,0.510901,4.453,Chinese,ZH-Alto-1,老男孩,Chinese/ZH-Alto-1/老男孩,0.415
d:\-MindEcho-main\ml_dl_models\gtsinger_multitech\dataset\raw\Chinese\ZH-Alto-1\Mixed_Voice_and_Falsetto\逆光\Mixed_Voice_Group\0000.wav,0,0.146176,1.548,Chinese,ZH-Alto-1,逆光,Chinese/ZH-Alto-1/逆光,0.0
d:\-MindEcho-main\ml_dl_models\gtsinger_multitech\dataset\raw\Chinese\ZH-Tenor-1\Vibrato\知足\Control_Group\0002.wav,0,0.455594,3.95,Chinese,ZH-Tenor-1,知足,Chinese/ZH-Tenor-1/知足,0.0
d:\-MindEcho-main\ml_dl_models\gtsinger_multitech\dataset\raw\Chinese\ZH-Alto-1\Mixed_Voice_and_Falsetto\演员\Mixed_Voice_Group\0003.wav,0,0.685502,6.005,Chinese,ZH-Alto-1,演员,Chinese/ZH-Alto-1/演员,0.0
d:\-MindEcho-main\ml_dl_models\gtsinger_multitech\dataset\raw\Chinese\ZH-Tenor-1\Breathy\化身孤岛的鲸\Breathy_Group\0007.wav,0,0.503581,4.22,Chinese,ZH-Tenor-1,化身孤岛的鲸,Chinese/ZH-Tenor-1/化身孤岛的鲸,0.0
d:\-MindEcho-main\ml_dl_models\gtsinger_multitech\dataset\raw\French\FR-Tenor-1\Mixed_Voice_and_Falsetto\Les Marionnettes\Control_Group\0003.wav,1,0.897493,11.373,French,FR-Tenor-1,Les Marionnettes,French/FR-Tenor-1/Les Marionnettes,0.668
d:\-MindEcho-main\ml_dl_models\gtsinger_multitech\dataset\raw\Chinese\ZH-Tenor-1\Mixed_Voice_and_Falsetto\听海\Control_Group\0015.wav,0,0.404207,2.114,Chinese,ZH-Tenor-1,听海,Chinese/ZH-Tenor-1/听海,0.0
d:\-MindEcho-main\ml_dl_models\gtsinger_multitech\dataset\raw\Chinese\ZH-Tenor-1\Mixed_Voice_and_Falsetto\残酷月光\Mixed_Voice_Group\0003.wav,0,0.572215,4.417,Chinese,ZH-Tenor-1,残酷月光,Chinese/ZH-Tenor-1/残酷月光,0.0
d:\-MindEcho-main\ml_dl_models\gtsinger_multitech\dataset\raw\French\FR-Tenor-1\Glissando\manon\Glissando_Group\0011.wav,1,0.279951,4.573,French,FR-Tenor-1,manon,French/FR-Tenor-1/manon,0.544
d:\-MindEcho-main\ml_dl_models\gtsinger_multitech\dataset\raw\French\FR-Soprano-1\Mixed_Voice_and_Falsetto\lentement\Falsetto_Group\0010.wav,1,0.355944,3.201,French,FR-Soprano-1,lentement,French/FR-Soprano-1/lentement,0.14
d:\-MindEcho-main\ml_dl_models\gtsinger_multitech\dataset\raw\Chinese\ZH-Tenor-1\Mixed_Voice_and_Falsetto\演员\Control_Group\0008.wav,0,0.608609,6.08,Chinese,ZH-Tenor-1,演员,Chinese/ZH-Tenor-1/演员,0.0
d:\-MindEcho-main\ml_dl_models\gtsinger_multitech\dataset\raw\Chinese\ZH-Tenor-1\Mixed_Voice_and_Falsetto\老男孩\Control_Group\0021.wav,0,0.197656,1.265,Chinese,ZH-Tenor-1,老男孩,Chinese/ZH-Tenor-1/老男孩,0.0
d:\-MindEcho-main\ml_dl_models\gtsinger_multitech\dataset\raw\Chinese\ZH-Alto-1\Mixed_Voice_and_Falsetto\演员\Control_Group\0004.wav,0,0.527817,3.7,Chinese,ZH-Alto-1,演员,Chinese/ZH-Alto-1/演员,0.0
d:\-MindEcho-main\ml_dl_models\gtsinger_multitech\dataset\raw\French\FR-Soprano-1\Pharyngeal\comment dire\Paired_Speech_Group\0001.wav,0,0.531337,2.365,French,FR-Soprano-1,comment dire,French/FR-Soprano-1/comment dire,0.0
d:\-MindEcho-main\ml_dl_models\gtsinger_multitech\dataset\raw\Chinese\ZH-Tenor-1\Mixed_Voice_and_Falsetto\过火\Control_Group\0001.wav,0,0.487786,3.195,Chinese,ZH-Tenor-1,过火,Chinese/ZH-Tenor-1/过火,0.0
d:\-MindEcho-main\ml_dl_models\gtsinger_multitech\dataset\raw\Chinese\ZH-Alto-1\Mixed_Voice_and_Falsetto\逆光\Mixed_Voice_Group\0001.wav,1,0.300407,2.95,Chinese,ZH-Alto-1,逆光,Chinese/ZH-Alto-1/逆光,0.3
d:\-MindEcho-main\ml_dl_models\gtsinger_multitech\dataset\raw\Chinese\ZH-Alto-1\Mixed_Voice_and_Falsetto\告白气球\Falsetto_Group\0006.wav,1,0.524559,4.165,Chinese,ZH-Alto-1,告白气球,Chinese/ZH-Alto-1/告白气球,0.87
d:\-MindEcho-main\ml_dl_models\gtsinger_multitech\dataset\raw\Chinese\ZH-Tenor-1\Breathy\化身孤岛的鲸\Control_Group\0013.wav,0,0.194198,1.6,Chinese,ZH-Tenor-1,化身孤岛的鲸,Chinese/ZH-Tenor-1/化身孤岛的鲸,0.0
d:\-MindEcho-main\ml_dl_models\gtsinger_multitech\dataset\raw\French\FR-Soprano-1\Vibrato\eden eden\Paired_Speech_Group\0001.wav,0,0.137546,1.317,French,FR-Soprano-1,eden eden,French/FR-Soprano-1/eden eden,0.0
d:\-MindEcho-main\ml_dl_models\gtsinger_multitech\dataset\raw\French\FR-Tenor-1\Breathy\manon\Breathy_Group\0002.wav,1,0.84168,8.168,French,FR-Tenor-1,manon,French/FR-Tenor-1/manon,0.791
d:\-MindEcho-main\ml_dl_models\gtsinger_multitech\dataset\raw\Chinese\ZH-Tenor-1\Mixed_Voice_and_Falsetto\想自由\Mixed_Voice_Group\0015.wav,0,0.162359,1.206,Chinese,ZH-Tenor-1,想自由,Chinese/ZH-Tenor-1/想自由,0.0
d:\-MindEcho-main\ml_dl_models\gtsinger_multitech\dataset\raw\French\FR-Soprano-1\Vibrato\eden eden\Vibrato_Group\0000.wav,0,0.211118,1.747,French,FR-Soprano-1,eden eden,French/FR-Soprano-1/eden eden,0.0
d:\-MindEcho-main\ml_dl_models\gtsinger_multitech\dataset\raw\Chinese\ZH-Alto-1\Pharyngeal\失落沙洲\Control_Group\0004.wav,1,0.524599,4.937,Chinese,ZH-Alto-1,失落沙洲,Chinese/ZH-Alto-1/失落沙洲,0.534
d:\-MindEcho-main\ml_dl_models\gtsinger_multitech\dataset\raw\French\FR-Soprano-1\Pharyngeal\l'amour\Paired_Speech_Group\0003.wav,0,0.198868,1.406,French,FR-Soprano-1,l'amour,French/FR-Soprano-1/l'amour,0.0
d:\-MindEcho-main\ml_dl_models\gtsinger_multitech\dataset\raw\Chinese\ZH-Alto-1\Breathy\最长的电影\Control_Group\0007.wav,1,0.301863,1.944,Chinese,ZH-Alto-1,最长的电影,Chinese/ZH-Alto-1/最长的电影,0.272
d:\-MindEcho-main\ml_dl_models\gtsinger_multitech\dataset\raw\Chinese\ZH-Alto-1\Mixed_Voice_and_Falsetto\可乐\Control_Group\0001.wav,0,0.589986,4.36,Chinese,ZH-Alto-1,可乐,Chinese/ZH-Alto-1/可乐,0.0
d:\-MindEcho-main\ml_dl_models\gtsinger_multitech\dataset\raw\Chinese\ZH-Tenor-1\Breathy\化身孤岛的鲸\Control_Group\0007.wav,0,0.145518,1.25,Chinese,ZH-Tenor-1,化身孤岛的鲸,Chinese/ZH-Tenor-1/化身孤岛的鲸,0.0
d:\-MindEcho-main\ml_dl_models\gtsinger_multitech\dataset\raw\French\FR-Tenor-1\Breathy\o souverain\Breathy_Group\0002.wav,0,0.502561,6.082,French,FR-Tenor-1,o souverain,French/FR-Tenor-1/o souverain,0.0
d:\-MindEcho-main\ml_dl_models\gtsinger_multitech\dataset\raw\Chinese\ZH-Tenor-1\Mixed_Voice_and_Falsetto\终于等到你\Falsetto_Group\0016.wav,1,0.341744,2.465,Chinese,ZH-Tenor-1,终于等到你,Chinese/ZH-Tenor-1/终于等到你,0.27
d:\-MindEcho-main\ml_dl_models\gtsinger_multitech\dataset\raw\Chinese\ZH-Alto-1\Mixed_Voice_and_Falsetto\知足\Control_Group\0012.wav,1,0.511164,3.205,Chinese,ZH-Alto-1,知足,Chinese/ZH-Alto-1/知足,0.33
d:\-MindEcho-main\ml_dl_models\gtsinger_multitech\dataset\raw\Chinese\ZH-Tenor-1\Mixed_Voice_and_Falsetto\过火\Mixed_Voice_Group\0004.wav,0,0.459762,3.085,Chinese,ZH-Tenor-1,过火,Chinese/ZH-Tenor-1/过火,0.0
d:\-MindEcho-main\ml_dl_models\gtsinger_multitech\dataset\raw\French\FR-Soprano-1\Mixed_Voice_and_Falsetto\mustang cabriolet\Paired_Speech_Group\0006.wav,0,0.299684,1.327,French,FR-Soprano-1,mustang cabriolet,French/FR-Soprano-1/mustang cabriolet,0.0
d:\-MindEcho-main\ml_dl_models\gtsinger_multitech\dataset\raw\Chinese\ZH-Tenor-1\Glissando\给电影人的情书\Control_Group\0001.wav,0,0.440009,4.1,Chinese,ZH-Tenor-1,给电影人的情书,Chinese/ZH-Tenor-1/给电影人的情书,0.0
d:\-MindEcho-main\ml_dl_models\gtsinger_multitech\dataset\raw\Chinese\ZH-Alto-1\Glissando\时间煮雨\Control_Group\0001.wav,0,0.401339,4.495,Chinese,ZH-Alto-1,时间煮雨,Chinese/ZH-Alto-1/时间煮雨,0.0
d:\-MindEcho-main\ml_dl_models\gtsinger_multitech\dataset\raw\Chinese\ZH-Tenor-1\Glissando\我的歌声里\Control_Group\0010.wav,1,0.664723,9.235,Chinese,ZH-Tenor-1,我的歌声里,Chinese/ZH-Tenor-1/我的歌声里,0.43
d:\-MindEcho-main\ml_dl_models\gtsinger_multitech\dataset\raw\Chinese\ZH-Tenor-1\Breathy\不染\Breathy_Group\0007.wav,0,0.452074,3.16,Chinese,ZH-Tenor-1,不染,Chinese/ZH-Tenor-1/不染,0.0
d:\-MindEcho-main\ml_dl_models\gtsinger_multitech\dataset\raw\Chinese\ZH-Alto-1\Breathy\江南\Control_Group\0009.wav,1,0.197422,2.91,Chinese,ZH-Alto-1,江南,Chinese/ZH-Alto-1/江南,0.32
d:\-MindEcho-main\ml_dl_models\gtsinger_multitech\dataset\raw\Chinese\ZH-Alto-1\Mixed_Voice_and_Falsetto\告白气球\Mixed_Voice_Group\0004.wav,0,0.483394,6.695,Chinese,ZH-Alto-1,告白气球,Chinese/ZH-Alto-1/告白气球,0.0
d:\-MindEcho-main\ml_dl_models\gtsinger_multitech\dataset\raw\Chinese\ZH-Tenor-1\Mixed_Voice_and_Falsetto\演员\Control_Group\0013.wav,0,0.588921,6.06,Chinese,ZH-Tenor-1,演员,Chinese/ZH-Tenor-1/演员,0.0
d:\-MindEcho-main\ml_dl_models\gtsinger_multitech\dataset\raw\Chinese\ZH-Alto-1\Mixed_Voice_and_Falsetto\给电影人的情书\Control_Group\0009.wav,0,0.181437,1.515,Chinese,ZH-Alto-1,给电影人的情书,Chinese/ZH-Alto-1/给电影人的情书,0.0
d:\-MindEcho-main\ml_dl_models\gtsinger_multitech\dataset\raw\Chinese\ZH-Alto-1\Mixed_Voice_and_Falsetto\告白气球\Mixed_Voice_Group\0002.wav,1,0.219899,1.735,Chinese,ZH-Alto-1,告白气球,Chinese/ZH-Alto-1/告白气球,0.25
d:\-MindEcho-main\ml_dl_models\gtsinger_multitech\dataset\raw\Chinese\ZH-Alto-1\Mixed_Voice_and_Falsetto\化身孤岛的鲸\Control_Group\0012.wav,0,0.57597,5.235,Chinese,ZH-Alto-1,化身孤岛的鲸,Chinese/ZH-Alto-1/化身孤岛的鲸,0.0
d:\-MindEcho-main\ml_dl_models\gtsinger_multitech\dataset\raw\French\FR-Soprano-1\Vibrato\les souvenirs\Vibrato_Group\0007.wav,1,0.664587,7.402,French,FR-Soprano-1,les souvenirs,French/FR-Soprano-1/les souvenirs,1.027
d:\-MindEcho-main\ml_dl_models\gtsinger_multitech\dataset\raw\French\FR-Tenor-1\Glissando\o souverain\Glissando_Group\0006.wav,0,0.252037,2.288,French,FR-Tenor-1,o souverain,French/FR-Tenor-1/o souverain,0.0
d:\-MindEcho-main\ml_dl_models\gtsinger_multitech\dataset\raw\Chinese\ZH-Tenor-1\Pharyngeal\全世界谁倾听你\Pharyngeal_Group\0009.wav,0,0.581592,5.845,Chinese,ZH-Tenor-1,全世界谁倾听你,Chinese/ZH-Tenor-1/全世界谁倾听你,0.0
d:\-MindEcho-main\ml_dl_models\gtsinger_multitech\dataset\raw\Chinese\ZH-Tenor-1\Glissando\彩虹\Control_Group\0013.wav,1,0.496403,6.21,Chinese,ZH-Tenor-1,彩虹,Chinese/ZH-Tenor-1/彩虹,0.42
d:\-MindEcho-main\ml_dl_models\gtsinger_multitech\dataset\raw\French\FR-Tenor-1\Breathy\o souverain\Breathy_Group\0017.wav,1,0.402984,3.674,French,FR-Tenor-1,o souverain,French/FR-Tenor-1/o souverain,0.752
d:\-MindEcho-main\ml_dl_models\gtsinger_multitech\dataset\raw\French\FR-Tenor-1\Glissando\ouvre\Glissando_Group\0004.wav,1,0.105456,2.492,French,FR-Tenor-1,ouvre,French/FR-Tenor-1/ouvre,0.127
d:\-MindEcho-main\ml_dl_models\gtsinger_multitech\dataset\raw\French\FR-Tenor-1\Breathy\Lafleur\Paired_Speech_Group\0001.wav,0,0.296354,1.311,French,FR-Tenor-1,Lafleur,French/FR-Tenor-1/Lafleur,0.0
d:\-MindEcho-main\ml_dl_models\gtsinger_multitech\dataset\raw\Chinese\ZH-Tenor-1\Pharyngeal\我怀念的\Pharyngeal_Group\0002.wav,0,0.241961,1.505,Chinese,ZH-Tenor-1,我怀念的,Chinese/ZH-Tenor-1/我怀念的,0.0
d:\-MindEcho-main\ml_dl_models\gtsinger_multitech\dataset\raw\Chinese\ZH-Tenor-1\Mixed_Voice_and_Falsetto\残酷月光\Falsetto_Group\0017.wav,0,0.793777,5.485,Chinese,ZH-Tenor-1,残酷月光,Chinese/ZH-Tenor-1/残酷月光,0.0
d:\-MindEcho-main\ml_dl_models\gtsinger_multitech\dataset\raw\French\FR-Soprano-1\Mixed_Voice_and_Falsetto\magic boul'vard\Falsetto_Group\0011.wav,1,0.310845,4.638,French,FR-Soprano-1,magic boul'vard,French/FR-Soprano-1/magic boul'vard,2.453
d:\-MindEcho-main\ml_dl_models\gtsinger_multitech\dataset\raw\Chinese\ZH-Tenor-1\Mixed_Voice_and_Falsetto\青花瓷\Falsetto_Group\0013.wav,0,0.620556,4.015,Chinese,ZH-Tenor-1,青花瓷,Chinese/ZH-Tenor-1/青花瓷,0.0
d:\-MindEcho-main\ml_dl_models\gtsinger_multitech\dataset\raw\French\FR-Tenor-1\Breathy\o souverain\Breathy_Group\0007.wav,0,0.270382,2.096,French,FR-Tenor-1,o souverain,French/FR-Tenor-1/o souverain,0.0
d:\-MindEcho-main\ml_dl_models\gtsinger_multitech\dataset\raw\Chinese\ZH-Alto-1\Mixed_Voice_and_Falsetto\演员\Control_Group\0006.wav,0,0.118891,1.265,Chinese,ZH-Alto-1,演员,Chinese/ZH-Alto-1/演员,0.0
d:\-MindEcho-main\ml_dl_models\gtsinger_multitech\dataset\raw\Chinese\ZH-Tenor-1\Vibrato\心动\Control_Group\0001.wav,1,0.55916,5.86,Chinese,ZH-Tenor-1,心动,Chinese/ZH-Tenor-1/心动,0.52
d:\-MindEcho-main\ml_dl_models\gtsinger_multitech\dataset\raw\Chinese\ZH-Tenor-1\Mixed_Voice_and_Falsetto\听海\Control_Group\0004.wav,0,0.25383,1.69,Chinese,ZH-Tenor-1,听海,Chinese/ZH-Tenor-1/听海,0.0
d:\-MindEcho-main\ml_dl_models\gtsinger_multitech\dataset\raw\Chinese\ZH-Tenor-1\Breathy\给电影人的情书\Control_Group\0020.wav,1,0.283639,3.562,Chinese,ZH-Tenor-1,给电影人的情书,Chinese/ZH-Tenor-1/给电影人的情书,0.785
d:\-MindEcho-main\ml_dl_models\gtsinger_multitech\dataset\raw\Chinese\ZH-Tenor-1\Mixed_Voice_and_Falsetto\最初的梦想\Mixed_Voice_Group\0002.wav,1,0.527728,2.95,Chinese,ZH-Tenor-1,最初的梦想,Chinese/ZH-Tenor-1/最初的梦想,0.22
d:\-MindEcho-main\ml_dl_models\gtsinger_multitech\dataset\raw\Chinese\ZH-Alto-1\Glissando\温柔\Control_Group\0000.wav,0,0.179083,1.25,Chinese,ZH-Alto-1,温柔,Chinese/ZH-Alto-1/温柔,0.0
d:\-MindEcho-main\ml_dl_models\gtsinger_multitech\dataset\raw\Chinese\ZH-Alto-1\Mixed_Voice_and_Falsetto\匆匆那年\Falsetto_Group\0009.wav,1,0.472288,6.008,Chinese,ZH-Alto-1,匆匆那年,Chinese/ZH-Alto-1/匆匆那年,1.999
d:\-MindEcho-main\ml_dl_models\gtsinger_multitech\dataset\raw\Chinese\ZH-Tenor-1\Vibrato\水星记\Vibrato_Group\0023.wav,1,0.325337,3.39,Chinese,ZH-Tenor-1,水星记,Chinese/ZH-Tenor-1/水星记,0.48
d:\-MindEcho-main\ml_dl_models\gtsinger_multitech\dataset\raw\Chinese\ZH-Tenor-1\Glissando\画心\Glissando_Group\0007.wav,0,0.36442,2.325,Chinese,ZH-Tenor-1,画心,Chinese/ZH-Tenor-1/画心,0.0
d:\-MindEcho-main\ml_dl_models\gtsinger_multitech\dataset\raw\French\FR-Tenor-1\Breathy\avant\Control_Group\0005.wav,1,0.540191,7.03,French,FR-Tenor-1,avant,French/FR-Tenor-1/avant,0.633
d:\-MindEcho-main\ml_dl_models\gtsinger_multitech\dataset\raw\Chinese\ZH-Tenor-1\Glissando\残酷月光\Control_Group\0006.wav,0,0.462999,4.755,Chinese,ZH-Tenor-1,残酷月光,Chinese/ZH-Tenor-1/残酷月光,0.0
d:\-MindEcho-main\ml_dl_models\gtsinger_multitech\dataset\raw\Chinese\ZH-Alto-1\Vibrato\安和桥\Vibrato_Group\0009.wav,0,0.297422,1.615,Chinese,ZH-Alto-1,安和桥,Chinese/ZH-Alto-1/安和桥,0.0
d:\-MindEcho-main\ml_dl_models\gtsinger_multitech\dataset\raw\Chinese\ZH-Tenor-1\Pharyngeal\传奇\Control_Group\0007.wav,0,0.107233,1.275,Chinese,ZH-Tenor-1,传奇,Chinese/ZH-Tenor-1/传奇,0.0
d:\-MindEcho-main\ml_dl_models\gtsinger_multitech\dataset\raw\Chinese\ZH-Tenor-1\Pharyngeal\最初的梦想\Control_Group\0014.wav,1,0.095314,1.01,Chinese,ZH-Tenor-1,最初的梦想,Chinese/ZH-Tenor-1/最初的梦想,0.22
d:\-MindEcho-main\ml_dl_models\gtsinger_multitech\dataset\raw\French\FR-Soprano-1\Pharyngeal\je ne sais pas choisir\Control_Group\0000.wav,1,0.124844,0.51,French,FR-Soprano-1,je ne sais pas choisir,French/FR-Soprano-1/je ne sais pas choisir,1.02
d:\-MindEcho-main\ml_dl_models\gtsinger_multitech\dataset\raw\Chinese\ZH-Alto-1\Vibrato\年轮\Vibrato_Group\0003.wav,0,0.150875,1.465,Chinese,ZH-Alto-1,年轮,Chinese/ZH-Alto-1/年轮,0.0
d:\-MindEcho-main\ml_dl_models\gtsinger_multitech\dataset\raw\Chinese\ZH-Tenor-1\Vibrato\你给我听好\Vibrato_Group\0007.wav,1,0.50533,4.74,Chinese,ZH-Tenor-1,你给我听好,Chinese/ZH-Tenor-1/你给我听好,0.26
d:\-MindEcho-main\ml_dl_models\gtsinger_multitech\dataset\raw\Chinese\ZH-Tenor-1\Mixed_Voice_and_Falsetto\走着走着就散了\Falsetto_Group\0006.wav,0,0.493382,3.355,Chinese,ZH-Tenor-1,走着走着就散了,Chinese/ZH-Tenor-1/走着走着就散了,0.0
d:\-MindEcho-main\ml_dl_models\gtsinger_multitech\dataset\raw\Chinese\ZH-Tenor-1\Mixed_Voice_and_Falsetto\最初的梦想\Falsetto_Group\0003.wav,0,0.161132,1.31,Chinese,ZH-Tenor-1,最初的梦想,Chinese/ZH-Tenor-1/最初的梦想,0.0
d:\-MindEcho-main\ml_dl_models\gtsinger_multitech\dataset\raw\Chinese\ZH-Tenor-1\Vibrato\水星记\Vibrato_Group\0014.wav,0,0.084963,1.26,Chinese,ZH-Tenor-1,水星记,Chinese/ZH-Tenor-1/水星记,0.0
d:\-MindEcho-main\ml_dl_models\gtsinger_multitech\dataset\raw\Chinese\ZH-Alto-1\Breathy\默\Control_Group\0001.wav,0,0.404501,3.685,Chinese,ZH-Alto-1,默,Chinese/ZH-Alto-1/默,0.0
d:\-MindEcho-main\ml_dl_models\gtsinger_multitech\dataset\raw\Chinese\ZH-Alto-1\Mixed_Voice_and_Falsetto\逆光\Control_Group\0000.wav,0,0.139469,1.47,Chinese,ZH-Alto-1,逆光,Chinese/ZH-Alto-1/逆光,0.0
d:\-MindEcho-main\ml_dl_models\gtsinger_multitech\dataset\raw\Chinese\ZH-Alto-1\Vibrato\不再见\Vibrato_Group\0023.wav,0,0.178648,1.665,Chinese,ZH-Alto-1,不再见,Chinese/ZH-Alto-1/不再见,0.0
d:\-MindEcho-main\ml_dl_models\gtsinger_multitech\dataset\raw\French\FR-Tenor-1\Glissando\manon\Glissando_Group\0007.wav,0,0.64613,7.22,French,FR-Tenor-1,manon,French/FR-Tenor-1/manon,0.0
d:\-MindEcho-main\ml_dl_models\gtsinger_multitech\dataset\raw\Chinese\ZH-Alto-1\Mixed_Voice_and_Falsetto\我的歌声里\Mixed_Voice_Group\0017.wav,0,0.533747,3.875,Chinese,ZH-Alto-1,我的歌声里,Chinese/ZH-Alto-1/我的歌声里,0.0
d:\-MindEcho-main\ml_dl_models\gtsinger_multitech\dataset\raw\Chinese\ZH-Tenor-1\Mixed_Voice_and_Falsetto\想自由\Mixed_Voice_Group\0007.wav,1,0.580274,5.454,Chinese,ZH-Tenor-1,想自由,Chinese/ZH-Tenor-1/想自由,0.39
d:\-MindEcho-main\ml_dl_models\gtsinger_multitech\dataset\raw\French\FR-Soprano-1\Vibrato\eden eden\Control_Group\0015.wav,1,0.376339,5.974,French,FR-Soprano-1,eden eden,French/FR-Soprano-1/eden eden,0.804
d:\-MindEcho-main\ml_dl_models\gtsinger_multitech\dataset\raw\Chinese\ZH-Alto-1\Glissando\平凡的一天\Glissando_Group\0003.wav,0,0.449873,3.531,Chinese,ZH-Alto-1,平凡的一天,Chinese/ZH-Alto-1/平凡的一天,0.0
d:\-MindEcho-main\ml_dl_models\gtsinger_multitech\dataset\raw\Chinese\ZH-Alto-1\Breathy\可乐\Breathy_Group\0009.wav,0,0.475208,4.025,Chinese,ZH-Alto-1,可乐,Chinese/ZH-Alto-1/可乐,0.0
d:\-MindEcho-main\ml_dl_models\gtsinger_multitech\dataset\raw\Chinese\ZH-Alto-1\Breathy\知足\Control_Group\0014.wav,0,0.595559,4.425,Chinese,ZH-Alto-1,知足,Chinese/ZH-Alto-1/知足,0.0
d:\-MindEcho-main\ml_dl_models\gtsinger_multitech\dataset\raw\Chinese\ZH-Alto-1\Vibrato\多远都要在一起\Vibrato_Group\0000.wav,0,0.575054,5.325,Chinese,ZH-Alto-1,多远都要在一起,Chinese/ZH-Alto-1/多远都要在一起,0.0
d:\-MindEcho-main\ml_dl_models\gtsinger_multitech\dataset\raw\Chinese\ZH-Alto-1\Mixed_Voice_and_Falsetto\奇妙能力歌\Falsetto_Group\0001.wav,0,0.504861,3.998,Chinese,ZH-Alto-1,奇妙能力歌,Chinese/ZH-Alto-1/奇妙能力歌,0.0
d:\-MindEcho-main\ml_dl_models\gtsinger_multitech\dataset\raw\French\FR-Soprano-1\Mixed_Voice_and_Falsetto\la vaguelette\Paired_Speech_Group\0000.wav,0,0.27186,1.396,French,FR-Soprano-1,la vaguelette,French/FR-Soprano-1/la vaguelette,0.0
d:\-MindEcho-main\ml_dl_models\gtsinger_multitech\dataset\raw\French\FR-Soprano-1\Mixed_Voice_and_Falsetto\la vaguelette\Falsetto_Group\0004.wav,1,0.899883,11.776,French,FR-Soprano-1,la vaguelette,French/FR-Soprano-1/la vaguelette,0.421
d:\-MindEcho-main\ml_dl_models\gtsinger_multitech\dataset\raw\Chinese\ZH-Tenor-1\Mixed_Voice_and_Falsetto\最初的梦想\Mixed_Voice_Group\0012.wav,1,0.335775,2.75,Chinese,ZH-Tenor-1,最初的梦想,Chinese/ZH-Tenor-1/最初的梦想,0.3
d:\-MindEcho-main\ml_dl_models\gtsinger_multitech\dataset\raw\French\FR-Soprano-1\Vibrato\aimer\Vibrato_Group\0006.wav,1,0.157233,1.445,French,FR-Soprano-1,aimer,French/FR-Soprano-1/aimer,0.101
d:\-MindEcho-main\ml_dl_models\gtsinger_multitech\dataset\raw\Chinese\ZH-Alto-1\Mixed_Voice_and_Falsetto\最长的电影\Control_Group\0001.wav,0,0.609211,4.63,Chinese,ZH-Alto-1,最长的电影,Chinese/ZH-Alto-1/最长的电影,0.0
d:\-MindEcho-main\ml_dl_models\gtsinger_multitech\dataset\raw\Chinese\ZH-Tenor-1\Glissando\残酷月光\Glissando_Group\0008.wav,1,0.503711,3.869,Chinese,ZH-Tenor-1,残酷月光,Chinese/ZH-Tenor-1/残酷月光,0.323
d:\-MindEcho-main\ml_dl_models\gtsinger_multitech\dataset\raw\Chinese\ZH-Alto-1\Mixed_Voice_and_Falsetto\匆匆那年\Falsetto_Group\0008.wav,0,0.649076,6.322,Chinese,ZH-Alto-1,匆匆那年,Chinese/ZH-Alto-1/匆匆那年,0.0
d:\-MindEcho-main\ml_dl_models\gtsinger_multitech\dataset\raw\French\FR-Soprano-1\Pharyngeal\guel ennui\Control_Group\0001.wav,0,0.553722,5.252,French,FR-Soprano-1,guel ennui,French/FR-Soprano-1/guel ennui,0.0
d:\-MindEcho-main\ml_dl_models\gtsinger_multitech\dataset\raw\Chinese\ZH-Alto-1\Pharyngeal\你就不要想起我\Control_Group\0003.wav,1,0.412583,3.115,Chinese,ZH-Alto-1,你就不要想起我,Chinese/ZH-Alto-1/你就不要想起我,0.41
d:\-MindEcho-main\ml_dl_models\gtsinger_multitech\dataset\raw\Chinese\ZH-Tenor-1\Breathy\不染\Control_Group\0001.wav,0,0.198716,1.316,Chinese,ZH-Tenor-1,不染,Chinese/ZH-Tenor-1/不染,0.0
d:\-MindEcho-main\ml_dl_models\gtsinger_multitech\dataset\raw\French\FR-Tenor-1\Breathy\ouvre\Control_Group\0004.wav,0,0.145277,1.625,French,FR-Tenor-1,ouvre,French/FR-Tenor-1/ouvre,0.0
d:\-MindEcho-main\ml_dl_models\gtsinger_multitech\dataset\raw\French\FR-Soprano-1\Mixed_Voice_and_Falsetto\lentement\Mixed_Voice_Group\0008.wav,0,0.23347,2.571,French,FR-Soprano-1,lentement,French/FR-Soprano-1/lentement,0.0
d:\-MindEcho-main\ml_dl_models\gtsinger_multitech\dataset\raw\Chinese\ZH-Alto-1\Mixed_Voice_and_Falsetto\逆光\Falsetto_Group\0000.wav,0,0.147525,1.49,Chinese,ZH-Alto-1,逆光,Chinese/ZH-Alto-1/逆光,0.0
d:\-MindEcho-main\ml_dl_models\gtsinger_multitech\dataset\raw\French\FR-Tenor-1\Glissando\o souverain\Glissando_Group\0004.wav,1,0.47753,5.77,French,FR-Tenor-1,o souverain,French/FR-Tenor-1/o souverain,0.702
d:\-MindEcho-main\ml_dl_models\gtsinger_multitech\dataset\raw\Chinese\ZH-Tenor-1\Breathy\给电影人的情书\Breathy_Group\0017.wav,1,0.819278,5.5,Chinese,ZH-Tenor-1,给电影人的情书,Chinese/ZH-Tenor-1/给电影人的情书,0.28
d:\-MindEcho-main\ml_dl_models\gtsinger_multitech\dataset\raw\Chinese\ZH-Tenor-1\Mixed_Voice_and_Falsetto\偏爱\Control_Group\0015.wav,1,0.390447,2.673,Chinese,ZH-Tenor-1,偏爱,Chinese/ZH-Tenor-1/偏爱,0.226
d:\-MindEcho-main\ml_dl_models\gtsinger_multitech\dataset\raw\Chinese\ZH-Tenor-1\Glissando\画心\Control_Group\0002.wav,0,0.359937,2.3,Chinese,ZH-Tenor-1,画心,Chinese/ZH-Tenor-1/画心,0.0
d:\-MindEcho-main\ml_dl_models\gtsinger_multitech\dataset\raw\Chinese\ZH-Alto-1\Breathy\温柔\Control_Group\0008.wav,1,0.63843,4.635,Chinese,ZH-Alto-1,温柔,Chinese/ZH-Alto-1/温柔,0.51
d:\-MindEcho-main\ml_dl_models\gtsinger_multitech\dataset\raw\Chinese\ZH-Tenor-1\Pharyngeal\情歌\Pharyngeal_Group\0000.wav,0,0.205331,1.425,Chinese,ZH-Tenor-1,情歌,Chinese/ZH-Tenor-1/情歌,0.0
d:\-MindEcho-main\ml_dl_models\gtsinger_multitech\dataset\raw\Chinese\ZH-Alto-1\Breathy\最长的电影\Control_Group\0003.wav,0,0.575312,3.705,Chinese,ZH-Alto-1,最长的电影,Chinese/ZH-Alto-1/最长的电影,0.0
d:\-MindEcho-main\ml_dl_models\gtsinger_multitech\dataset\raw\Chinese\ZH-Tenor-1\Mixed_Voice_and_Falsetto\倒带\Control_Group\0002.wav,0,0.643595,6.23,Chinese,ZH-Tenor-1,倒带,Chinese/ZH-Tenor-1/倒带,0.0
d:\-MindEcho-main\ml_dl_models\gtsinger_multitech\dataset\raw\French\FR-Tenor-1\Breathy\o souverain\Breathy_Group\0005.wav,0,0.279912,2.732,French,FR-Tenor-1,o souverain,French/FR-Tenor-1/o souverain,0.0
d:\-MindEcho-main\ml_dl_models\gtsinger_multitech\dataset\raw\Chinese\ZH-Alto-1\Mixed_Voice_and_Falsetto\贝加尔湖畔\Falsetto_Group\0003.wav,0,0.505947,4.296,Chinese,ZH-Alto-1,贝加尔湖畔,Chinese/ZH-Alto-1/贝加尔湖畔,0.0
d:\-MindEcho-main\ml_dl_models\gtsinger_multitech\dataset\raw\Chinese\ZH-Tenor-1\Breathy\传奇\Control_Group\0000.wav,0,0.477905,2.92,Chinese,ZH-Tenor-1,传奇,Chinese/ZH-Tenor-1/传奇,0.0
d:\-MindEcho-main\ml_dl_models\gtsinger_multitech\dataset\raw\Chinese\ZH-Tenor-1\Mixed_Voice_and_Falsetto\情歌\Falsetto_Group\0013.wav,1,0.761364,5.025,Chinese,ZH-Tenor-1,情歌,Chinese/ZH-Tenor-1/情歌,0.43
d:\-MindEcho-main\ml_dl_models\gtsinger_multitech\dataset\raw\Chinese\ZH-Tenor-1\Breathy\化身孤岛的鲸\Control_Group\0009.wav,0,0.146371,1.49,Chinese,ZH-Tenor-1,化身孤岛的鲸,Chinese/ZH-Tenor-1/化身孤岛的鲸,0.0
d:\-MindEcho-main\ml_dl_models\gtsinger_multitech\dataset\raw\French\FR-Soprano-1\Mixed_Voice_and_Falsetto\la terre\Falsetto_Group\0002.wav,1,0.51546,8.585,French,FR-Soprano-1,la terre,French/FR-Soprano-1/la terre,0.947
d:\-MindEcho-main\ml_dl_models\gtsinger_multitech\dataset\raw\Chinese\ZH-Alto-1\Vibrato\奇妙能力歌\Control_Group\0007.wav,0,0.51451,3.475,Chinese,ZH-Alto-1,奇妙能力歌,Chinese/ZH-Alto-1/奇妙能力歌,0.0
d:\-MindEcho-main\ml_dl_models\gtsinger_multitech\dataset\raw\Chinese\ZH-Tenor-1\Mixed_Voice_and_Falsetto\情歌\Falsetto_Group\0025.wav,1,0.50941,4.06,Chinese,ZH-Tenor-1,情歌,Chinese/ZH-Tenor-1/情歌,0.54
d:\-MindEcho-main\ml_dl_models\gtsinger_multitech\dataset\raw\Chinese\ZH-Alto-1\Vibrato\年轮\Vibrato_Group\0006.wav,0,0.150121,1.24,Chinese,ZH-Alto-1,年轮,Chinese/ZH-Alto-1/年轮,0.0
d:\-MindEcho-main\ml_dl_models\gtsinger_multitech\dataset\raw\Chinese\ZH-Tenor-1\Mixed_Voice_and_Falsetto\枫\Mixed_Voice_Group\0003.wav,0,0.226708,1.46,Chinese,ZH-Tenor-1,枫,Chinese/ZH-Tenor-1/枫,0.0
d:\-MindEcho-main\ml_dl_models\gtsinger_multitech\dataset\raw\French\FR-Tenor-1\Glissando\Les Marionnettes\Control_Group\0005.wav,1,0.918754,14.545,French,FR-Tenor-1,Les Marionnettes,French/FR-Tenor-1/Les Marionnettes,0.45
d:\-MindEcho-main\ml_dl_models\gtsinger_multitech\dataset\raw\Chinese\ZH-Tenor-1\Breathy\化身孤岛的鲸\Control_Group\0004.wav,0,0.577957,4.3,Chinese,ZH-Tenor-1,化身孤岛的鲸,Chinese/ZH-Tenor-1/化身孤岛的鲸,0.0
d:\-MindEcho-main\ml_dl_models\gtsinger_multitech\dataset\raw\Chinese\ZH-Tenor-1\Glissando\不染\Control_Group\0013.wav,1,0.699746,4.675,Chinese,ZH-Tenor-1,不染,Chinese/ZH-Tenor-1/不染,0.45
d:\-MindEcho-main\ml_dl_models\gtsinger_multitech\dataset\raw\Chinese\ZH-Tenor-1\Breathy\给电影人的情书\Breathy_Group\0002.wav,0,0.156344,1.454,Chinese,ZH-Tenor-1,给电影人的情书,Chinese/ZH-Tenor-1/给电影人的情书,0.0
d:\-MindEcho-main\ml_dl_models\gtsinger_multitech\dataset\raw\French\FR-Tenor-1\Breathy\o souverain\Control_Group\0000.wav,1,0.32853,3.659,French,FR-Tenor-1,o souverain,French/FR-Tenor-1/o souverain,1.083
d:\-MindEcho-main\ml_dl_models\gtsinger_multitech\dataset\raw\Chinese\ZH-Alto-1\Mixed_Voice_and_Falsetto\化身孤岛的鲸\Control_Group\0005.wav,0,0.481317,7.6,Chinese,ZH-Alto-1,化身孤岛的鲸,Chinese/ZH-Alto-1/化身孤岛的鲸,0.0
d:\-MindEcho-main\ml_dl_models\gtsinger_multitech\dataset\raw\Chinese\ZH-Alto-1\Pharyngeal\失落沙洲\Pharyngeal_Group\0000.wav,0,0.428842,4.861,Chinese,ZH-Alto-1,失落沙洲,Chinese/ZH-Alto-1/失落沙洲,0.0
d:\-MindEcho-main\ml_dl_models\gtsinger_multitech\dataset\raw\French\FR-Soprano-1\Mixed_Voice_and_Falsetto\nos ballades\Mixed_Voice_Group\0001.wav,0,0.133045,1.308,French,FR-Soprano-1,nos ballades,French/FR-Soprano-1/nos ballades,0.0
d:\-MindEcho-main\ml_dl_models\gtsinger_multitech\dataset\raw\Chinese\ZH-Tenor-1\Pharyngeal\不要忘记我爱你\Control_Group\0002.wav,1,0.501429,3.51,Chinese,ZH-Tenor-1,不要忘记我爱你,Chinese/ZH-Tenor-1/不要忘记我爱你,0.42
d:\-MindEcho-main\ml_dl_models\gtsinger_multitech\dataset\raw\French\FR-Soprano-1\Breathy\la famillle que l'on a choisie\Control_Group\0003.wav,0,0.132413,1.525,French,FR-Soprano-1,la famillle que l'on a choisie,French/FR-Soprano-1/la famillle que l'on a choisie,0.0
d:\-MindEcho-main\ml_dl_models\gtsinger_multitech\dataset\raw\Chinese\ZH-Alto-1\Glissando\温柔\Control_Group\0015.wav,0,0.257993,1.622,Chinese,ZH-Alto-1,温柔,Chinese/ZH-Alto-1/温柔,0.0
d:\-MindEcho-main\ml_dl_models\gtsinger_multitech\dataset\raw\French\FR-Tenor-1\Breathy\manon\Paired_Speech_Group\0001.wav,0,0.435214,2.392,French,FR-Tenor-1,manon,French/FR-Tenor-1/manon,0.0
d:\-MindEcho-main\ml_dl_models\gtsinger_multitech\dataset\raw\Chinese\ZH-Tenor-1\Mixed_Voice_and_Falsetto\残酷月光\Falsetto_Group\0008.wav,1,0.499805,3.838,Chinese,ZH-Tenor-1,残酷月光,Chinese/ZH-Tenor-1/残酷月光,0.465
d:\-MindEcho-main\ml_dl_models\gtsinger_multitech\dataset\raw\Chinese\ZH-Alto-1\Mixed_Voice_and_Falsetto\演员\Falsetto_Group\0017.wav,1,0.499071,5.37,Chinese,ZH-Alto-1,演员,Chinese/ZH-Alto-1/演员,0.74
d:\-MindEcho-main\ml_dl_models\gtsinger_multitech\dataset\raw\French\FR-Soprano-1\Pharyngeal\guel ennui\Pharyngeal_Group\0003.wav,1,0.877451,9.561,French,FR-Soprano-1,guel ennui,French/FR-Soprano-1/guel ennui,0.462
d:\-MindEcho-main\ml_dl_models\gtsinger_multitech\dataset\raw\French\FR-Soprano-1\Mixed_Voice_and_Falsetto\le dernier train\Mixed_Voice_Group\0003.wav,0,0.597604,5.786,French,FR-Soprano-1,le dernier train,French/FR-Soprano-1/le dernier train,0.0
d:\-MindEcho-main\ml_dl_models\gtsinger_multitech\dataset\raw\Chinese\ZH-Alto-1\Glissando\奇妙能力歌\Glissando_Group\0000.wav,1,0.54102,4.88,Chinese,ZH-Alto-1,奇妙能力歌,Chinese/ZH-Alto-1/奇妙能力歌,0.6
d:\-MindEcho-main\ml_dl_models\gtsinger_multitech\dataset\raw\French\FR-Soprano-1\Breathy\la famillle que l'on a choisie\Breathy_Group\0003.wav,0,0.583057,6.149,French,FR-Soprano-1,la famillle que l'on a choisie,French/FR-Soprano-1/la famillle que l'on a choisie,0.0
d:\-MindEcho-main\ml_dl_models\gtsinger_multitech\dataset\raw\Chinese\ZH-Alto-1\Pharyngeal\失落沙洲\Control_Group\0002.wav,1,0.637808,5.883,Chinese,ZH-Alto-1,失落沙洲,Chinese/ZH-Alto-1/失落沙洲,0.937
d:\-MindEcho-main\ml_dl_models\gtsinger_multitech\dataset\raw\Chinese\ZH-Alto-1\Mixed_Voice_and_Falsetto\青花瓷\Mixed_Voice_Group\0005.wav,0,0.455634,5.135,Chinese,ZH-Alto-1,青花瓷,Chinese/ZH-Alto-1/青花瓷,0.0
d:\-MindEcho-main\ml_dl_models\gtsinger_multitech\dataset\raw\Chinese\ZH-Tenor-1\Mixed_Voice_and_Falsetto\后来\Falsetto_Group\0001.wav,1,0.075757,1.175,Chinese,ZH-Tenor-1,后来,Chinese/ZH-Tenor-1/后来,0.29
d:\-MindEcho-main\ml_dl_models\gtsinger_multitech\dataset\raw\Chinese\ZH-Alto-1\Mixed_Voice_and_Falsetto\鸽子\Mixed_Voice_Group\0007.wav,1,0.523279,5.17,Chinese,ZH-Alto-1,鸽子,Chinese/ZH-Alto-1/鸽子,0.28
d:\-MindEcho-main\ml_dl_models\gtsinger_multitech\dataset\raw\Chinese\ZH-Tenor-1\Glissando\传奇\Glissando_Group\0006.wav,0,0.135206,1.545,Chinese,ZH-Tenor-1,传奇,Chinese/ZH-Tenor-1/传奇,0.0
d:\-MindEcho-main\ml_dl_models\gtsinger_multitech\dataset\raw\Chinese\ZH-Tenor-1\Vibrato\空白格\Vibrato_Group\0002.wav,1,0.222807,2.54,Chinese,ZH-Tenor-1,空白格,Chinese/ZH-Tenor-1/空白格,0.46
d:\-MindEcho-main\ml_dl_models\gtsinger_multitech\dataset\raw\Chinese\ZH-Alto-1\Breathy\越过山丘\Breathy_Group\0015.wav,0,0.2101,1.556,Chinese,ZH-Alto-1,越过山丘,Chinese/ZH-Alto-1/越过山丘,0.0
d:\-MindEcho-main\ml_dl_models\gtsinger_multitech\dataset\raw\Chinese\ZH-Tenor-1\Mixed_Voice_and_Falsetto\后来\Control_Group\0010.wav,1,0.114613,1.13,Chinese,ZH-Tenor-1,后来,Chinese/ZH-Tenor-1/后来,0.32
d:\-MindEcho-main\ml_dl_models\gtsinger_multitech\dataset\raw\Chinese\ZH-Tenor-1\Breathy\不染\Breathy_Group\0000.wav,1,0.500773,3.24,Chinese,ZH-Tenor-1,不染,Chinese/ZH-Tenor-1/不染,0.5
d:\-MindEcho-main\ml_dl_models\gtsinger_multitech\dataset\raw\French\FR-Soprano-1\Vibrato\eden eden\Paired_Speech_Group\0012.wav,0,0.321138,1.501,French,FR-Soprano-1,eden eden,French/FR-Soprano-1/eden eden,0.0
d:\-MindEcho-main\ml_dl_models\gtsinger_multitech\dataset\raw\French\FR-Soprano-1\Vibrato\les souvenirs\Vibrato_Group\0000.wav,0,0.642836,6.415,French,FR-Soprano-1,les souvenirs,French/FR-Soprano-1/les souvenirs,0.0
d:\-MindEcho-main\ml_dl_models\gtsinger_multitech\dataset\raw\Chinese\ZH-Tenor-1\Vibrato\从前慢\Control_Group\0010.wav,0,0.490395,4.34,Chinese,ZH-Tenor-1,从前慢,Chinese/ZH-Tenor-1/从前慢,0.0
d:\-MindEcho-main\ml_dl_models\gtsinger_multitech\dataset\raw\Chinese\ZH-Alto-1\Mixed_Voice_and_Falsetto\演员\Mixed_Voice_Group\0000.wav,0,0.241645,1.88,Chinese,ZH-Alto-1,演员,Chinese/ZH-Alto-1/演员,0.0
d:\-MindEcho-main\ml_dl_models\gtsinger_multitech\dataset\raw\Chinese\ZH-Tenor-1\Breathy\我真的受伤了\Breathy_Group\0002.wav,0,0.588991,6.42,Chinese,ZH-Tenor-1,我真的受伤了,Chinese/ZH-Tenor-1/我真的受伤了,0.0
d:\-MindEcho-main\ml_dl_models\gtsinger_multitech\dataset\raw\French\FR-Soprano-1\Mixed_Voice_and_Falsetto\la vaguelette\Control_Group\0002.wav,1,0.54538,8.034,French,FR-Soprano-1,la vaguelette,French/FR-Soprano-1/la vaguelette,0.472
d:\-MindEcho-main\ml_dl_models\gtsinger_multitech\dataset\raw\French\FR-Soprano-1\Mixed_Voice_and_Falsetto\lentement\Mixed_Voice_Group\0002.wav,0,0.252752,2.917,French,FR-Soprano-1,lentement,French/FR-Soprano-1/lentement,0.0
d:\-MindEcho-main\ml_dl_models\gtsinger_multitech\dataset\raw\French\FR-Soprano-1\Glissando\la fuite\Control_Group\0007.wav,0,0.295074,3.276,French,FR-Soprano-1,la fuite,French/FR-Soprano-1/la fuite,0.0
d:\-MindEcho-main\ml_dl_models\gtsinger_multitech\dataset\raw\Chinese\ZH-Tenor-1\Glissando\传奇\Control_Group\0007.wav,1,0.32015,2.558,Chinese,ZH-Tenor-1,传奇,Chinese/ZH-Tenor-1/传奇,0.204
d:\-MindEcho-main\ml_dl_models\gtsinger_multitech\dataset\raw\French\FR-Tenor-1\Breathy\Les Marionnettes\Breathy_Group\0002.wav,1,0.906695,12.006,French,FR-Tenor-1,Les Marionnettes,French/FR-Tenor-1/Les Marionnettes,1.711
d:\-MindEcho-main\ml_dl_models\gtsinger_multitech\dataset\raw\Chinese\ZH-Alto-1\Mixed_Voice_and_Falsetto\鸽子\Falsetto_Group\0002.wav,1,0.493123,4.41,Chinese,ZH-Alto-1,鸽子,Chinese/ZH-Alto-1/鸽子,0.7
d:\-MindEcho-main\ml_dl_models\gtsinger_multitech\dataset\raw\Chinese\ZH-Alto-1\Mixed_Voice_and_Falsetto\演员\Mixed_Voice_Group\0015.wav,1,0.510911,5.385,Chinese,ZH-Alto-1,演员,Chinese/ZH-Alto-1/演员,0.47
d:\-MindEcho-main\ml_dl_models\gtsinger_multitech\dataset\raw\Chinese\ZH-Tenor-1\Mixed_Voice_and_Falsetto\不能说的秘密\Mixed_Voice_Group\0011.wav,1,0.605288,6.41,Chinese,ZH-Tenor-1,不能说的秘密,Chinese/ZH-Tenor-1/不能说的秘密,0.5
d:\-MindEcho-main\ml_dl_models\gtsinger_multitech\dataset\raw\Chinese\ZH-Tenor-1\Pharyngeal\南山南\Pharyngeal_Group\0004.wav,0,0.510792,10.105,Chinese,ZH-Tenor-1,南山南,Chinese/ZH-Tenor-1/南山南,0.0
d:\-MindEcho-main\ml_dl_models\gtsinger_multitech\dataset\raw\French\FR-Soprano-1\Vibrato\adieu mon homme\Vibrato_Group\0007.wav,0,0.49754,5.022,French,FR-Soprano-1,adieu mon homme,French/FR-Soprano-1/adieu mon homme,0.0
d:\-MindEcho-main\ml_dl_models\gtsinger_multitech\dataset\raw\Chinese\ZH-Tenor-1\Mixed_Voice_and_Falsetto\讲真的\Falsetto_Group\0003.wav,0,0.520509,3.642,Chinese,ZH-Tenor-1,讲真的,Chinese/ZH-Tenor-1/讲真的,0.0
d:\-MindEcho-main\ml_dl_models\gtsinger_multitech\dataset\raw\Chinese\ZH-Alto-1\Vibrato\南山南\Vibrato_Group\0013.wav,1,0.453835,3.195,Chinese,ZH-Alto-1,南山南,Chinese/ZH-Alto-1/南山南,0.39
d:\-MindEcho-main\ml_dl_models\gtsinger_multitech\dataset\raw\Chinese\ZH-Tenor-1\Vibrato\水星记\Control_Group\0000.wav,0,0.582689,3.77,Chinese,ZH-Tenor-1,水星记,Chinese/ZH-Tenor-1/水星记,0.0
d:\-MindEcho-main\ml_dl_models\gtsinger_multitech\dataset\raw\French\FR-Soprano-1\Mixed_Voice_and_Falsetto\le plus beau et le plus triste paysage du monde\Control_Group\0002.wav,0,0.149047,2.524,French,FR-Soprano-1,le plus beau et le plus triste paysage du monde,French/FR-Soprano-1/le plus beau et le plus triste paysage du monde,0.0
d:\-MindEcho-main\ml_dl_models\gtsinger_multitech\dataset\raw\Chinese\ZH-Alto-1\Pharyngeal\崇拜\Control_Group\0013.wav,0,0.159394,1.589,Chinese,ZH-Alto-1,崇拜,Chinese/ZH-Alto-1/崇拜,0.0
d:\-MindEcho-main\ml_dl_models\gtsinger_multitech\dataset\raw\Chinese\ZH-Alto-1\Mixed_Voice_and_Falsetto\给电影人的情书\Control_Group\0004.wav,1,0.335762,2.535,Chinese,ZH-Alto-1,给电影人的情书,Chinese/ZH-Alto-1/给电影人的情书,0.37
d:\-MindEcho-main\ml_dl_models\gtsinger_multitech\dataset\raw\French\FR-Soprano-1\Breathy\les passagers du vent\Breathy_Group\0001.wav,1,0.872719,8.963,French,FR-Soprano-1,les passagers du vent,French/FR-Soprano-1/les passagers du vent,0.929
d:\-MindEcho-main\ml_dl_models\gtsinger_multitech\dataset\raw\French\FR-Soprano-1\Pharyngeal\je ne sais pas choisir\Pharyngeal_Group\0007.wav,0,0.452374,5.066,French,FR-Soprano-1,je ne sais pas choisir,French/FR-Soprano-1/je ne sais pas choisir,0.0
d:\-MindEcho-main\ml_dl_models\gtsinger_multitech\dataset\raw\French\FR-Tenor-1\Breathy\avant\Breathy_Group\0000.wav,1,0.912626,13.313,French,FR-Tenor-1,avant,French/FR-Tenor-1/avant,0.842
d:\-MindEcho-main\ml_dl_models\gtsinger_multitech\dataset\raw\Chinese\ZH-Tenor-1\Pharyngeal\逆光\Control_Group\0001.wav,0,0.167901,1.904,Chinese,ZH-Tenor-1,逆光,Chinese/ZH-Tenor-1/逆光,0.0
d:\-MindEcho-main\ml_dl_models\gtsinger_multitech\dataset\raw\Chinese\ZH-Tenor-1\Breathy\不染\Control_Group\0032.wav,0,0.626506,4.16,Chinese,ZH-Tenor-1,不染,Chinese/ZH-Tenor-1/不染,0.0
d:\-MindEcho-main\ml_dl_models\gtsinger_multitech\dataset\raw\French\FR-Soprano-1\Glissando\pour la peine\Glissando_Group\0007.wav,0,0.757065,7.368,French,FR-Soprano-1,pour la peine,French/FR-Soprano-1/pour la peine,0.0
d:\-MindEcho-main\ml_dl_models\gtsinger_multitech\dataset\raw\Chinese\ZH-Tenor-1\Mixed_Voice_and_Falsetto\演员\Control_Group\0013.wav,0,0.142371,1.465,Chinese,ZH-Tenor-1,演员,Chinese/ZH-Tenor-1/演员,0.0
d:\-MindEcho-main\ml_dl_models\gtsinger_multitech\dataset\raw\French\FR-Soprano-1\Vibrato\eden eden\Paired_Speech_Group\0010.wav,0,0.439352,1.927,French,FR-Soprano-1,eden eden,French/FR-Soprano-1/eden eden,0.0
d:\-MindEcho-main\ml_dl_models\gtsinger_multitech\dataset\raw\Chinese\ZH-Alto-1\Breathy\越过山丘\Breathy_Group\0013.wav,0,0.403319,2.795,Chinese,ZH-Alto-1,越过山丘,Chinese/ZH-Alto-1/越过山丘,0.0
d:\-MindEcho-main\ml_dl_models\gtsinger_multitech\dataset\raw\Chinese\ZH-Alto-1\Mixed_Voice_and_Falsetto\青花瓷\Falsetto_Group\0010.wav,0,0.575563,5.37,Chinese,ZH-Alto-1,青花瓷,Chinese/ZH-Alto-1/青花瓷,0.0
d:\-MindEcho-main\ml_dl_models\gtsinger_multitech\dataset\raw\Chinese\ZH-Alto-1\Mixed_Voice_and_Falsetto\后来\Mixed_Voice_Group\0009.wav,0,0.10311,1.26,Chinese,ZH-Alto-1,后来,Chinese/ZH-Alto-1/后来,0.0
d:\-MindEcho-main\ml_dl_models\gtsinger_multitech\dataset\raw\Chinese\ZH-Tenor-1\Breathy\会呼吸的痛\Breathy_Group\0004.wav,1,0.266116,2.898,Chinese,ZH-Tenor-1,会呼吸的痛,Chinese/ZH-Tenor-1/会呼吸的痛,0.476
d:\-MindEcho-main\ml_dl_models\gtsinger_multitech\dataset\raw\Chinese\ZH-Alto-1\Mixed_Voice_and_Falsetto\逆光\Control_Group\0001.wav,1,0.276938,2.93,Chinese,ZH-Alto-1,逆光,Chinese/ZH-Alto-1/逆光,0.34
d:\-MindEcho-main\ml_dl_models\gtsinger_multitech\dataset\raw\Chinese\ZH-Tenor-1\Vibrato\我真的受伤了\Control_Group\0012.wav,1,0.666832,6.735,Chinese,ZH-Tenor-1,我真的受伤了,Chinese/ZH-Tenor-1/我真的受伤了,1.51
d:\-MindEcho-main\ml_dl_models\gtsinger_multitech\dataset\raw\French\FR-Tenor-1\Glissando\Les Marionnettes\Paired_Speech_Group\0007.wav,0,0.52964,2.591,French,FR-Tenor-1,Les Marionnettes,French/FR-Tenor-1/Les Marionnettes,0.0
d:\-MindEcho-main\ml_dl_models\gtsinger_multitech\dataset\raw\Chinese\ZH-Tenor-1\Breathy\慢慢喜欢你\Control_Group\0017.wav,1,0.197044,0.79,Chinese,ZH-Tenor-1,慢慢喜欢你,Chinese/ZH-Tenor-1/慢慢喜欢你,0.22
d:\-MindEcho-main\ml_dl_models\gtsinger_multitech\dataset\raw\Chinese\ZH-Tenor-1\Glissando\给电影人的情书\Glissando_Group\0014.wav,1,0.366457,4.075,Chinese,ZH-Tenor-1,给电影人的情书,Chinese/ZH-Tenor-1/给电影人的情书,0.51
d:\-MindEcho-main\ml_dl_models\gtsinger_multitech\dataset\raw\Chinese\ZH-Tenor-1\Glissando\倒带\Control_Group\0011.wav,0,0.537587,4.305,Chinese,ZH-Tenor-1,倒带,Chinese/ZH-Tenor-1/倒带,0.0
d:\-MindEcho-main\ml_dl_models\gtsinger_multitech\dataset\raw\Chinese\ZH-Alto-1\Vibrato\我真的受伤了\Vibrato_Group\0010.wav,0,0.222078,1.539,Chinese,ZH-Alto-1,我真的受伤了,Chinese/ZH-Alto-1/我真的受伤了,0.0
d:\-MindEcho-main\ml_dl_models\gtsinger_multitech\dataset\raw\Chinese\ZH-Tenor-1\Mixed_Voice_and_Falsetto\最初的梦想\Falsetto_Group\0002.wav,1,0.522968,2.96,Chinese,ZH-Tenor-1,最初的梦想,Chinese/ZH-Tenor-1/最初的梦想,0.22
d:\-MindEcho-main\ml_dl_models\gtsinger_multitech\dataset\raw\Chinese\ZH-Alto-1\Mixed_Voice_and_Falsetto\时间煮雨\Falsetto_Group\0003.wav,1,0.428313,4.49,Chinese,ZH-Alto-1,时间煮雨,Chinese/ZH-Alto-1/时间煮雨,0.34
d:\-MindEcho-main\ml_dl_models\gtsinger_multitech\dataset\raw\French\FR-Soprano-1\Mixed_Voice_and_Falsetto\nos ballades\Falsetto_Group\0008.wav,1,0.282491,3.191,French,FR-Soprano-1,nos ballades,French/FR-Soprano-1/nos ballades,1.642
d:\-MindEcho-main\ml_dl_models\gtsinger_multitech\dataset\raw\Chinese\ZH-Tenor-1\Mixed_Voice_and_Falsetto\我的歌声里\Control_Group\0005.wav,0,0.14764,1.42,Chinese,ZH-Tenor-1,我的歌声里,Chinese/ZH-Tenor-1/我的歌声里,0.0
d:\-MindEcho-main\ml_dl_models\gtsinger_multitech\dataset\raw\Chinese\ZH-Tenor-1\Mixed_Voice_and_Falsetto\倒带\Falsetto_Group\0002.wav,0,0.161704,1.575,Chinese,ZH-Tenor-1,倒带,Chinese/ZH-Tenor-1/倒带,0.0
d:\-MindEcho-main\ml_dl_models\gtsinger_multitech\dataset\raw\Chinese\ZH-Alto-1\Mixed_Voice_and_Falsetto\可乐\Control_Group\0001.wav,1,0.364682,2.695,Chinese,ZH-Alto-1,可乐,Chinese/ZH-Alto-1/可乐,0.31
d:\-MindEcho-main\ml_dl_models\gtsinger_multitech\dataset\raw\French\FR-Tenor-1\Glissando\pourquoi\Paired_Speech_Group\0004.wav,0,0.260269,1.37,French,FR-Tenor-1,pourquoi,French/FR-Tenor-1/pourquoi,0.0
d:\-MindEcho-main\ml_dl_models\gtsinger_multitech\dataset\raw\Chinese\ZH-Alto-1\Mixed_Voice_and_Falsetto\青花瓷\Control_Group\0008.wav,1,0.50927,4.395,Chinese,ZH-Alto-1,青花瓷,Chinese/ZH-Alto-1/青花瓷,0.35
d:\-MindEcho-main\ml_dl_models\gtsinger_multitech\dataset\raw\Chinese\ZH-Alto-1\Pharyngeal\隐形的翅膀\Control_Group\0003.wav,0,0.216114,1.435,Chinese,ZH-Alto-1,隐形的翅膀,Chinese/ZH-Alto-1/隐形的翅膀,0.0
d:\-MindEcho-main\ml_dl_models\gtsinger_multitech\dataset\raw\French\FR-Tenor-1\Glissando\Les Marionnettes\Paired_Speech_Group\0000.wav,0,0.230166,1.541,French,FR-Tenor-1,Les Marionnettes,French/FR-Tenor-1/Les Marionnettes,0.0
d:\-MindEcho-main\ml_dl_models\gtsinger_multitech\dataset\raw\French\FR-Soprano-1\Pharyngeal\je ne veux pas de toi\Control_Group\0004.wav,1,0.074193,0.21,French,FR-Soprano-1,je ne veux pas de toi,French/FR-Soprano-1/je ne veux pas de toi,0.2
d:\-MindEcho-main\ml_dl_models\gtsinger_multitech\dataset\raw\Chinese\ZH-Alto-1\Mixed_Voice_and_Falsetto\匆匆那年\Control_Group\0017.wav,0,0.448414,4.299,Chinese,ZH-Alto-1,匆匆那年,Chinese/ZH-Alto-1/匆匆那年,0.0
d:\-MindEcho-main\ml_dl_models\gtsinger_multitech\dataset\raw\Chinese\ZH-Alto-1\Pharyngeal\崇拜\Pharyngeal_Group\0003.wav,1,0.468211,3.13,Chinese,ZH-Alto-1,崇拜,Chinese/ZH-Alto-1/崇拜,0.28
d:\-MindEcho-main\ml_dl_models\gtsinger_multitech\dataset\raw\Chinese\ZH-Tenor-1\Mixed_Voice_and_Falsetto\残酷月光\Mixed_Voice_Group\0012.wav,1,0.525721,3.863,Chinese,ZH-Tenor-1,残酷月光,Chinese/ZH-Tenor-1/残酷月光,0.49
d:\-MindEcho-main\ml_dl_models\gtsinger_multitech\dataset\raw\Chinese\ZH-Alto-1\Vibrato\不再见\Control_Group\0024.wav,0,0.222963,1.505,Chinese,ZH-Alto-1,不再见,Chinese/ZH-Alto-1/不再见,0.0
d:\-MindEcho-main\ml_dl_models\gtsinger_multitech\dataset\raw\French\FR-Tenor-1\Breathy\avant\Paired_Speech_Group\0004.wav,0,0.496938,3.327,French,FR-Tenor-1,avant,French/FR-Tenor-1/avant,0.0
d:\-MindEcho-main\ml_dl_models\gtsinger_multitech\dataset\raw\Chinese\ZH-Tenor-1\Breathy\不染\Control_Group\0002.wav,0,0.215385,1.4,Chinese,ZH-Tenor-1,不染,Chinese/ZH-Tenor-1/不染,0.0
d:\-MindEcho-main\ml_dl_models\gtsinger_multitech\dataset\raw\French\FR-Soprano-1\Mixed_Voice_and_Falsetto\magic boul'vard\Mixed_Voice_Group\0008.wav,0,0.217182,2.26,French,FR-Soprano-1,magic boul'vard,French/FR-Soprano-1/magic boul'vard,0.0
d:\-MindEcho-main\ml_dl_models\gtsinger_multitech\dataset\raw\Chinese\ZH-Alto-1\Mixed_Voice_and_Falsetto\老男孩\Control_Group\0006.wav,0,0.219276,1.695,Chinese,ZH-Alto-1,老男孩,Chinese/ZH-Alto-1/老男孩,0.0
d:\-MindEcho-main\ml_dl_models\gtsinger_multitech\dataset\raw\French\FR-Tenor-1\Glissando\ouvre\Paired_Speech_Group\0000.wav,0,0.252981,1.231,French,FR-Tenor-1,ouvre,French/FR-Tenor-1/ouvre,0.0
d:\-MindEcho-main\ml_dl_models\gtsinger_multitech\dataset\raw\Chinese\ZH-Alto-1\Pharyngeal\说谎\Control_Group\0008.wav,0,0.091655,1.228,Chinese,ZH-Alto-1,说谎,Chinese/ZH-Alto-1/说谎,0.0
d:\-MindEcho-main\ml_dl_models\gtsinger_multitech\dataset\raw\Chinese\ZH-Tenor-1\Mixed_Voice_and_Falsetto\偏爱\Control_Group\0015.wav,0,0.215381,1.474,Chinese,ZH-Tenor-1,偏爱,Chinese/ZH-Tenor-1/偏爱,0.0
d:\-MindEcho-main\ml_dl_models\gtsinger_multitech\dataset\raw\French\FR-Tenor-1\Glissando\Les Marionnettes\Paired_Speech_Group\0003.wav,0,0.522165,3.651,French,FR-Tenor-1,Les Marionnettes,French/FR-Tenor-1/Les Marionnettes,0.0
d:\-MindEcho-main\ml_dl_models\gtsinger_multitech\dataset\raw\Chinese\ZH-Tenor-1\Vibrato\失落沙洲\Vibrato_Group\0000.wav,0,0.432225,4.487,Chinese,ZH-Tenor-1,失落沙洲,Chinese/ZH-Tenor-1/失落沙洲,0.0
d:\-MindEcho-main\ml_dl_models\gtsinger_multitech\dataset\raw\French\FR-Tenor-1\Breathy\o souverain\Breathy_Group\0015.wav,1,0.294408,2.237,French,FR-Tenor-1,o souverain,French/FR-Tenor-1/o souverain,1.045
d:\-MindEcho-main\ml_dl_models\gtsinger_multitech\dataset\raw\Chinese\ZH-Alto-1\Glissando\温柔\Glissando_Group\0010.wav,1,0.639777,4.6,Chinese,ZH-Alto-1,温柔,Chinese/ZH-Alto-1/温柔,0.42
d:\-MindEcho-main\ml_dl_models\gtsinger_multitech\dataset\raw\Chinese\ZH-Alto-1\Mixed_Voice_and_Falsetto\匆匆那年\Control_Group\0006.wav,0,0.65037,4.39,Chinese,ZH-Alto-1,匆匆那年,Chinese/ZH-Alto-1/匆匆那年,0.0
d:\-MindEcho-main\ml_dl_models\gtsinger_multitech\dataset\raw\Chinese\ZH-Alto-1\Vibrato\我真的受伤了\Vibrato_Group\0006.wav,0,0.180466,1.201,Chinese,ZH-Alto-1,我真的受伤了,Chinese/ZH-Alto-1/我真的受伤了,0.0
d:\-MindEcho-main\ml_dl_models\gtsinger_multitech\dataset\raw\French\FR-Tenor-1\Glissando\manon\Control_Group\0000.wav,1,0.356494,4.515,French,FR-Tenor-1,manon,French/FR-Tenor-1/manon,0.668
d:\-MindEcho-main\ml_dl_models\gtsinger_multitech\dataset\raw\French\FR-Soprano-1\Mixed_Voice_and_Falsetto\nos ballades\Control_Group\0007.wav,1,0.892299,10.924,French,FR-Soprano-1,nos ballades,French/FR-Soprano-1/nos ballades,0.437
d:\-MindEcho-main\ml_dl_models\gtsinger_multitech\dataset\raw\Chinese\ZH-Tenor-1\Vibrato\心动\Vibrato_Group\0000.wav,1,0.482592,4.99,Chinese,ZH-Tenor-1,心动,Chinese/ZH-Tenor-1/心动,2.3
d:\-MindEcho-main\ml_dl_models\gtsinger_multitech\dataset\raw\French\FR-Tenor-1\Breathy\Les Marionnettes\Control_Group\0003.wav,1,0.402138,4.681,French,FR-Tenor-1,Les Marionnettes,French/FR-Tenor-1/Les Marionnettes,1.031
d:\-MindEcho-main\ml_dl_models\gtsinger_multitech\dataset\raw\Chinese\ZH-Alto-1\Breathy\说谎\Control_Group\0000.wav,0,0.603558,8.226,Chinese,ZH-Alto-1,说谎,Chinese/ZH-Alto-1/说谎,0.0
d:\-MindEcho-main\ml_dl_models\gtsinger_multitech\dataset\raw\Chinese\ZH-Alto-1\Glissando\时间煮雨\Glissando_Group\0001.wav,1,0.767556,8.635,Chinese,ZH-Alto-1,时间煮雨,Chinese/ZH-Alto-1/时间煮雨,0.35
d:\-MindEcho-main\ml_dl_models\gtsinger_multitech\dataset\raw\Chinese\ZH-Tenor-1\Mixed_Voice_and_Falsetto\我的歌声里\Falsetto_Group\0008.wav,1,0.230769,1.56,Chinese,ZH-Tenor-1,我的歌声里,Chinese/ZH-Tenor-1/我的歌声里,0.5
d:\-MindEcho-main\ml_dl_models\gtsinger_multitech\dataset\raw\Chinese\ZH-Alto-1\Glissando\没那么简单\Glissando_Group\0021.wav,1,0.262446,2.288,Chinese,ZH-Alto-1,没那么简单,Chinese/ZH-Alto-1/没那么简单,0.3
d:\-MindEcho-main\ml_dl_models\gtsinger_multitech\dataset\raw\French\FR-Soprano-1\Pharyngeal\guel ennui\Pharyngeal_Group\0000.wav,1,0.903761,11.401,French,FR-Soprano-1,guel ennui,French/FR-Soprano-1/guel ennui,2.136
d:\-MindEcho-main\ml_dl_models\gtsinger_multitech\dataset\raw\Chinese\ZH-Tenor-1\Mixed_Voice_and_Falsetto\过火\Mixed_Voice_Group\0019.wav,0,0.200787,1.275,Chinese,ZH-Tenor-1,过火,Chinese/ZH-Tenor-1/过火,0.0
d:\-MindEcho-main\ml_dl_models\gtsinger_multitech\dataset\raw\Chinese\ZH-Alto-1\Breathy\越过山丘\Control_Group\0023.wav,1,0.273175,3.33,Chinese,ZH-Alto-1,越过山丘,Chinese/ZH-Alto-1/越过山丘,0.4
d:\-MindEcho-main\ml_dl_models\gtsinger_multitech\dataset\raw\Chinese\ZH-Tenor-1\Glissando\画心\Glissando_Group\0010.wav,0,0.479669,3.185,Chinese,ZH-Tenor-1,画心,Chinese/ZH-Tenor-1/画心,0.0
d:\-MindEcho-main\ml_dl_models\gtsinger_multitech\dataset\raw\Chinese\ZH-Alto-1\Mixed_Voice_and_Falsetto\平凡之路\Control_Group\0004.wav,0,0.153159,1.285,Chinese,ZH-Alto-1,平凡之路,Chinese/ZH-Alto-1/平凡之路,0.0
d:\-MindEcho-main\ml_dl_models\gtsinger_multitech\dataset\raw\Chinese\ZH-Tenor-1\Mixed_Voice_and_Falsetto\最初的梦想\Mixed_Voice_Group\0012.wav,1,0.677045,5.545,Chinese,ZH-Tenor-1,最初的梦想,Chinese/ZH-Tenor-1/最初的梦想,0.33
d:\-MindEcho-main\ml_dl_models\gtsinger_multitech\dataset\raw\French\FR-Soprano-1\Breathy\adieu mon homme\Control_Group\0002.wav,1,0.434658,4.912,French,FR-Soprano-1,adieu mon homme,French/FR-Soprano-1/adieu mon homme,0.499
d:\-MindEcho-main\ml_dl_models\gtsinger_multitech\dataset\raw\Chinese\ZH-Alto-1\Glissando\你给我听好\Glissando_Group\0003.wav,1,0.362272,4.298,Chinese,ZH-Alto-1,你给我听好,Chinese/ZH-Alto-1/你给我听好,0.28
d:\-MindEcho-main\ml_dl_models\gtsinger_multitech\dataset\raw\Chinese\ZH-Alto-1\Pharyngeal\老男孩\Pharyngeal_Group\0010.wav,0,0.322917,2.48,Chinese,ZH-Alto-1,老男孩,Chinese/ZH-Alto-1/老男孩,0.0
d:\-MindEcho-main\ml_dl_models\gtsinger_multitech\dataset\raw\French\FR-Soprano-1\Mixed_Voice_and_Falsetto\violet snow\Paired_Speech_Group\0010.wav,0,0.532848,2.198,French,FR-Soprano-1,violet snow,French/FR-Soprano-1/violet snow,0.0
d:\-MindEcho-main\ml_dl_models\gtsinger_multitech\dataset\raw\Chinese\ZH-Tenor-1\Mixed_Voice_and_Falsetto\偏爱\Mixed_Voice_Group\0005.wav,0,0.192261,1.429,Chinese,ZH-Tenor-1,偏爱,Chinese/ZH-Tenor-1/偏爱,0.0
d:\-MindEcho-main\ml_dl_models\gtsinger_multitech\dataset\raw\French\FR-Soprano-1\Glissando\la fuite\Glissando_Group\0002.wav,0,0.37828,4.166,French,FR-Soprano-1,la fuite,French/FR-Soprano-1/la fuite,0.0
d:\-MindEcho-main\ml_dl_models\gtsinger_multitech\dataset\raw\Chinese\ZH-Alto-1\Pharyngeal\崇拜\Control_Group\0009.wav,1,0.568807,3.72,Chinese,ZH-Alto-1,崇拜,Chinese/ZH-Alto-1/崇拜,0.36
d:\-MindEcho-main\ml_dl_models\gtsinger_multitech\dataset\raw\French\FR-Soprano-1\Mixed_Voice_and_Falsetto\chez moi\Control_Group\0002.wav,1,0.402552,3.346,French,FR-Soprano-1,chez moi,French/FR-Soprano-1/chez moi,0.422
d:\-MindEcho-main\ml_dl_models\gtsinger_multitech\dataset\raw\French\FR-Soprano-1\Pharyngeal\je ne sais pas choisir\Control_Group\0001.wav,1,0.8998,11.742,French,FR-Soprano-1,je ne sais pas choisir,French/FR-Soprano-1/je ne sais pas choisir,0.467
d:\-MindEcho-main\ml_dl_models\gtsinger_multitech\dataset\raw\Chinese\ZH-Tenor-1\Glissando\大鱼\Glissando_Group\0010.wav,0,0.53393,5.98,Chinese,ZH-Tenor-1,大鱼,Chinese/ZH-Tenor-1/大鱼,0.0
d:\-MindEcho-main\ml_dl_models\gtsinger_multitech\dataset\raw\Chinese\ZH-Tenor-1\Glissando\画心\Control_Group\0004.wav,0,0.381173,2.47,Chinese,ZH-Tenor-1,画心,Chinese/ZH-Tenor-1/画心,0.0
d:\-MindEcho-main\ml_dl_models\gtsinger_multitech\dataset\raw\Chinese\ZH-Alto-1\Mixed_Voice_and_Falsetto\平凡之路\Mixed_Voice_Group\0002.wav,1,0.424623,2.535,Chinese,ZH-Alto-1,平凡之路,Chinese/ZH-Alto-1/平凡之路,0.25
d:\-MindEcho-main\ml_dl_models\gtsinger_multitech\dataset\raw\Chinese\ZH-Alto-1\Mixed_Voice_and_Falsetto\三寸天堂\Falsetto_Group\0007.wav,1,0.287899,2.165,Chinese,ZH-Alto-1,三寸天堂,Chinese/ZH-Alto-1/三寸天堂,0.35
d:\-MindEcho-main\ml_dl_models\gtsinger_multitech\dataset\raw\French\FR-Soprano-1\Mixed_Voice_and_Falsetto\lentement\Mixed_Voice_Group\0010.wav,0,0.151519,1.292,French,FR-Soprano-1,lentement,French/FR-Soprano-1/lentement,0.0
d:\-MindEcho-main\ml_dl_models\gtsinger_multitech\dataset\raw\Chinese\ZH-Alto-1\Mixed_Voice_and_Falsetto\桃花诺\Falsetto_Group\0013.wav,0,0.220868,1.685,Chinese,ZH-Alto-1,桃花诺,Chinese/ZH-Alto-1/桃花诺,0.0
d:\-MindEcho-main\ml_dl_models\gtsinger_multitech\dataset\raw\Chinese\ZH-Tenor-1\Breathy\不染\Breathy_Group\0017.wav,1,0.381135,2.485,Chinese,ZH-Tenor-1,不染,Chinese/ZH-Tenor-1/不染,0.29
d:\-MindEcho-main\ml_dl_models\gtsinger_multitech\dataset\raw\Chinese\ZH-Tenor-1\Pharyngeal\不为谁而作的歌\Pharyngeal_Group\0017.wav,1,0.223573,2.39,Chinese,ZH-Tenor-1,不为谁而作的歌,Chinese/ZH-Tenor-1/不为谁而作的歌,0.24
d:\-MindEcho-main\ml_dl_models\gtsinger_multitech\dataset\raw\Chinese\ZH-Tenor-1\Mixed_Voice_and_Falsetto\最初的梦想\Falsetto_Group\0013.wav,1,0.822252,11.75,Chinese,ZH-Tenor-1,最初的梦想,Chinese/ZH-Tenor-1/最初的梦想,0.22
d:\-MindEcho-main\ml_dl_models\gtsinger_multitech\dataset\raw\French\FR-Soprano-1\Mixed_Voice_and_Falsetto\magic boul'vard\Control_Group\0003.wav,1,0.602839,9.089,French,FR-Soprano-1,magic boul'vard,French/FR-Soprano-1/magic boul'vard,2.672
d:\-MindEcho-main\ml_dl_models\gtsinger_multitech\dataset\raw\Chinese\ZH-Tenor-1\Mixed_Voice_and_Falsetto\江南\Mixed_Voice_Group\0000.wav,0,0.596405,3.65,Chinese,ZH-Tenor-1,江南,Chinese/ZH-Tenor-1/江南,0.0
d:\-MindEcho-main\ml_dl_models\gtsinger_multitech\dataset\raw\Chinese\ZH-Alto-1\Glissando\没那么简单\Glissando_Group\0004.wav,0,0.144425,1.244,Chinese,ZH-Alto-1,没那么简单,Chinese/ZH-Alto-1/没那么简单,0.0
d:\-MindEcho-main\ml_dl_models\gtsinger_multitech\dataset\raw\Chinese\ZH-Alto-1\Breathy\匆匆那年\Breathy_Group\0007.wav,0,0.110008,1.33,Chinese,ZH-Alto-1,匆匆那年,Chinese/ZH-Alto-1/匆匆那年,0.0
d:\-MindEcho-main\ml_dl_models\gtsinger_multitech\dataset\raw\Chinese\ZH-Alto-1\Mixed_Voice_and_Falsetto\一次就好\Mixed_Voice_Group\0003.wav,1,0.395583,5.982,Chinese,ZH-Alto-1,一次就好,Chinese/ZH-Alto-1/一次就好,0.44
d:\-MindEcho-main\ml_dl_models\gtsinger_multitech\dataset\raw\Chinese\ZH-Tenor-1\Breathy\化身孤岛的鲸\Control_Group\0016.wav,1,0.51573,4.115,Chinese,ZH-Tenor-1,化身孤岛的鲸,Chinese/ZH-Tenor-1/化身孤岛的鲸,0.25
d:\-MindEcho-main\ml_dl_models\gtsinger_multitech\dataset\raw\French\FR-Soprano-1\Mixed_Voice_and_Falsetto\nos ballades\Mixed_Voice_Group\0007.wav,1,0.892454,10.925,French,FR-Soprano-1,nos ballades,French/FR-Soprano-1/nos ballades,0.466
d:\-MindEcho-main\ml_dl_models\gtsinger_multitech\dataset\raw\French\FR-Soprano-1\Vibrato\eden eden\Control_Group\0009.wav,0,0.113708,1.581,French,FR-Soprano-1,eden eden,French/FR-Soprano-1/eden eden,0.0
d:\-MindEcho-main\ml_dl_models\gtsinger_multitech\dataset\raw\Chinese\ZH-Alto-1\Breathy\可乐\Breathy_Group\0006.wav,1,0.486023,3.825,Chinese,ZH-Alto-1,可乐,Chinese/ZH-Alto-1/可乐,0.55
d:\-MindEcho-main\ml_dl_models\gtsinger_multitech\dataset\raw\French\FR-Tenor-1\Glissando\manon\Glissando_Group\0002.wav,1,0.423096,4.371,French,FR-Tenor-1,manon,French/FR-Tenor-1/manon,0.516
d:\-MindEcho-main\ml_dl_models\gtsinger_multitech\dataset\raw\Chinese\ZH-Tenor-1\Glissando\光阴的故事\Control_Group\0003.wav,0,0.480088,3.255,Chinese,ZH-Tenor-1,光阴的故事,Chinese/ZH-Tenor-1/光阴的故事,0.0
d:\-MindEcho-main\ml_dl_models\gtsinger_multitech\dataset\raw\Chinese\ZH-Alto-1\Breathy\越过山丘\Breathy_Group\0001.wav,1,0.482169,3.245,Chinese,ZH-Alto-1,越过山丘,Chinese/ZH-Alto-1/越过山丘,0.59
d:\-MindEcho-main\ml_dl_models\gtsinger_multitech\dataset\raw\French\FR-Soprano-1\Vibrato\aimer\Paired_Speech_Group\0003.wav,0,0.49144,2.038,French,FR-Soprano-1,aimer,French/FR-Soprano-1/aimer,0.0
d:\-MindEcho-main\ml_dl_models\gtsinger_multitech\dataset\raw\French\FR-Tenor-1\Breathy\avant\Control_Group\0004.wav,1,0.083252,0.389,French,FR-Tenor-1,avant,French/FR-Tenor-1/avant,0.778
d:\-MindEcho-main\ml_dl_models\gtsinger_multitech\dataset\raw\Chinese\ZH-Alto-1\Mixed_Voice_and_Falsetto\后来\Mixed_Voice_Group\0010.wav,1,0.591406,3.785,Chinese,ZH-Alto-1,后来,Chinese/ZH-Alto-1/后来,0.47
d:\-MindEcho-main\ml_dl_models\gtsinger_multitech\dataset\raw\Chinese\ZH-Alto-1\Breathy\越过山丘\Control_Group\0008.wav,0,0.41534,2.87,Chinese,ZH-Alto-1,越过山丘,Chinese/ZH-Alto-1/越过山丘,0.0
d:\-MindEcho-main\ml_dl_models\gtsinger_multitech\dataset\raw\Chinese\ZH-Tenor-1\Mixed_Voice_and_Falsetto\末班车\Falsetto_Group\0006.wav,0,0.587196,5.32,Chinese,ZH-Tenor-1,末班车,Chinese/ZH-Tenor-1/末班车,0.0
d:\-MindEcho-main\ml_dl_models\gtsinger_multitech\dataset\raw\Chinese\ZH-Tenor-1\Mixed_Voice_and_Falsetto\情歌\Falsetto_Group\0020.wav,0,0.654723,4.02,Chinese,ZH-Tenor-1,情歌,Chinese/ZH-Tenor-1/情歌,0.0
d:\-MindEcho-main\ml_dl_models\gtsinger_multitech\dataset\raw\Chinese\ZH-Alto-1\Mixed_Voice_and_Falsetto\桃花诺\Falsetto_Group\0006.wav,1,0.40681,3.429,Chinese,ZH-Alto-1,桃花诺,Chinese/ZH-Alto-1/桃花诺,0.46
d:\-MindEcho-main\ml_dl_models\gtsinger_multitech\dataset\raw\French\FR-Soprano-1\Breathy\soleil solleil\Breathy_Group\0009.wav,0,0.134121,1.465,French,FR-Soprano-1,soleil solleil,French/FR-Soprano-1/soleil solleil,0.0
d:\-MindEcho-main\ml_dl_models\gtsinger_multitech\dataset\raw\Chinese\ZH-Alto-1\Pharyngeal\没那么简单\Control_Group\0014.wav,0,0.376491,3.724,Chinese,ZH-Alto-1,没那么简单,Chinese/ZH-Alto-1/没那么简单,0.0
d:\-MindEcho-main\ml_dl_models\gtsinger_multitech\dataset\raw\Chinese\ZH-Alto-1\Mixed_Voice_and_Falsetto\最长的电影\Control_Group\0007.wav,0,0.491577,3.21,Chinese,ZH-Alto-1,最长的电影,Chinese/ZH-Alto-1/最长的电影,0.0
d:\-MindEcho-main\ml_dl_models\gtsinger_multitech\dataset\raw\Chinese\ZH-Tenor-1\Glissando\残酷月光\Control_Group\0010.wav,0,0.776896,5.467,Chinese,ZH-Tenor-1,残酷月光,Chinese/ZH-Tenor-1/残酷月光,0.0
d:\-MindEcho-main\ml_dl_models\gtsinger_multitech\dataset\raw\Chinese\ZH-Alto-1\Mixed_Voice_and_Falsetto\演员\Mixed_Voice_Group\0003.wav,1,0.570205,4.995,Chinese,ZH-Alto-1,演员,Chinese/ZH-Alto-1/演员,1.57
d:\-MindEcho-main\ml_dl_models\gtsinger_multitech\dataset\raw\Chinese\ZH-Alto-1\Mixed_Voice_and_Falsetto\后来\Falsetto_Group\0007.wav,1,0.379156,2.965,Chinese,ZH-Alto-1,后来,Chinese/ZH-Alto-1/后来,0.39
d:\-MindEcho-main\ml_dl_models\gtsinger_multitech\dataset\raw\Chinese\ZH-Alto-1\Breathy\可乐\Breathy_Group\0010.wav,0,0.594749,5.21,Chinese,ZH-Alto-1,可乐,Chinese/ZH-Alto-1/可乐,0.0
d:\-MindEcho-main\ml_dl_models\gtsinger_multitech\dataset\raw\Chinese\ZH-Tenor-1\Glissando\不染\Glissando_Group\0024.wav,0,0.193329,1.267,Chinese,ZH-Tenor-1,不染,Chinese/ZH-Tenor-1/不染,0.0
d:\-MindEcho-main\ml_dl_models\gtsinger_multitech\dataset\raw\Chinese\ZH-Tenor-1\Mixed_Voice_and_Falsetto\过火\Falsetto_Group\0012.wav,0,0.487256,3.25,Chinese,ZH-Tenor-1,过火,Chinese/ZH-Tenor-1/过火,0.0
d:\-MindEcho-main\ml_dl_models\gtsinger_multitech\dataset\raw\Chinese\ZH-Tenor-1\Mixed_Voice_and_Falsetto\情歌\Mixed_Voice_Group\0014.wav,0,0.166843,1.58,Chinese,ZH-Tenor-1,情歌,Chinese/ZH-Tenor-1/情歌,0.0
d:\-MindEcho-main\ml_dl_models\gtsinger_multitech\dataset\raw\French\FR-Soprano-1\Mixed_Voice_and_Falsetto\magic boul'vard\Mixed_Voice_Group\0008.wav,1,0.115318,0.217,French,FR-Soprano-1,magic boul'vard,French/FR-Soprano-1/magic boul'vard,0.435
d:\-MindEcho-main\ml_dl_models\gtsinger_multitech\dataset\raw\Chinese\ZH-Tenor-1\Mixed_Voice_and_Falsetto\青花瓷\Falsetto_Group\0001.wav,0,0.557661,3.385,Chinese,ZH-Tenor-1,青花瓷,Chinese/ZH-Tenor-1/青花瓷,0.0
d:\-MindEcho-main\ml_dl_models\gtsinger_multitech\dataset\raw\French\FR-Soprano-1\Pharyngeal\la terre\Pharyngeal_Group\0001.wav,1,0.899607,11.753,French,FR-Soprano-1,la terre,French/FR-Soprano-1/la terre,0.399
d:\-MindEcho-main\ml_dl_models\gtsinger_multitech\dataset\raw\Chinese\ZH-Alto-1\Mixed_Voice_and_Falsetto\三寸天堂\Mixed_Voice_Group\0012.wav,1,0.239719,2.215,Chinese,ZH-Alto-1,三寸天堂,Chinese/ZH-Alto-1/三寸天堂,0.25
d:\-MindEcho-main\ml_dl_models\gtsinger_multitech\dataset\raw\Chinese\ZH-Alto-1\Mixed_Voice_and_Falsetto\最长的电影\Control_Group\0008.wav,0,0.634521,5.165,Chinese,ZH-Alto-1,最长的电影,Chinese/ZH-Alto-1/最长的电影,0.0
d:\-MindEcho-main\ml_dl_models\gtsinger_multitech\dataset\raw\Chinese\ZH-Alto-1\Breathy\知足\Breathy_Group\0015.wav,0,0.187518,1.269,Chinese,ZH-Alto-1,知足,Chinese/ZH-Alto-1/知足,0.0
d:\-MindEcho-main\ml_dl_models\gtsinger_multitech\dataset\raw\Chinese\ZH-Tenor-1\Mixed_Voice_and_Falsetto\听海\Mixed_Voice_Group\0006.wav,0,0.207432,1.535,Chinese,ZH-Tenor-1,听海,Chinese/ZH-Tenor-1/听海,0.0
d:\-MindEcho-main\ml_dl_models\gtsinger_multitech\dataset\raw\Chinese\ZH-Alto-1\Mixed_Voice_and_Falsetto\演员\Falsetto_Group\0007.wav,1,0.502289,5.485,Chinese,ZH-Alto-1,演员,Chinese/ZH-Alto-1/演员,0.59
d:\-MindEcho-main\ml_dl_models\gtsinger_multitech\dataset\raw\French\FR-Tenor-1\Mixed_Voice_and_Falsetto\Les Marionnettes\Paired_Speech_Group\0007.wav,0,0.525587,2.865,French,FR-Tenor-1,Les Marionnettes,French/FR-Tenor-1/Les Marionnettes,0.0
d:\-MindEcho-main\ml_dl_models\gtsinger_multitech\dataset\raw\Chinese\ZH-Alto-1\Mixed_Voice_and_Falsetto\一次就好\Mixed_Voice_Group\0006.wav,0,0.567355,6.865,Chinese,ZH-Alto-1,一次就好,Chinese/ZH-Alto-1/一次就好,0.0
d:\-MindEcho-main\ml_dl_models\gtsinger_multitech\dataset\raw\Chinese\ZH-Tenor-1\Mixed_Voice_and_Falsetto\平凡之路\Falsetto_Group\0007.wav,0,0.476049,3.975,Chinese,ZH-Tenor-1,平凡之路,Chinese/ZH-Tenor-1/平凡之路,0.0
d:\-MindEcho-main\ml_dl_models\gtsinger_multitech\dataset\raw\French\FR-Soprano-1\Vibrato\eden eden\Vibrato_Group\0013.wav,1,0.384409,5.229,French,FR-Soprano-1,eden eden,French/FR-Soprano-1/eden eden,0.839
d:\-MindEcho-main\ml_dl_models\gtsinger_multitech\dataset\raw\Chinese\ZH-Alto-1\Mixed_Voice_and_Falsetto\可乐\Mixed_Voice_Group\0008.wav,0,0.59316,5.03,Chinese,ZH-Alto-1,可乐,Chinese/ZH-Alto-1/可乐,0.0
d:\-MindEcho-main\ml_dl_models\gtsinger_multitech\dataset\raw\French\FR-Soprano-1\Vibrato\les souvenirs\Paired_Speech_Group\0001.wav,0,0.265011,1.355,French,FR-Soprano-1,les souvenirs,French/FR-Soprano-1/les souvenirs,0.0
d:\-MindEcho-main\ml_dl_models\gtsinger_multitech\dataset\raw\Chinese\ZH-Tenor-1\Pharyngeal\老男孩\Control_Group\0000.wav,0,0.227559,1.445,Chinese,ZH-Tenor-1,老男孩,Chinese/ZH-Tenor-1/老男孩,0.0
d:\-MindEcho-main\ml_dl_models\gtsinger_multitech\dataset\raw\French\FR-Tenor-1\Glissando\o souverain\Control_Group\0002.wav,1,0.507047,8.886,French,FR-Tenor-1,o souverain,French/FR-Tenor-1/o souverain,3.573
d:\-MindEcho-main\ml_dl_models\gtsinger_multitech\dataset\raw\Chinese\ZH-Alto-1\Glissando\日不落\Control_Group\0000.wav,0,0.195099,1.373,Chinese,ZH-Alto-1,日不落,Chinese/ZH-Alto-1/日不落,0.0
d:\-MindEcho-main\ml_dl_models\gtsinger_multitech\dataset\raw\Chinese\ZH-Alto-1\Mixed_Voice_and_Falsetto\热雪\Falsetto_Group\0001.wav,1,0.426388,4.605,Chinese,ZH-Alto-1,热雪,Chinese/ZH-Alto-1/热雪,1.07
d:\-MindEcho-main\ml_dl_models\gtsinger_multitech\dataset\raw\French\FR-Soprano-1\Breathy\a la vie comme a la mort\Breathy_Group\0003.wav,1,0.894848,10.693,French,FR-Soprano-1,a la vie comme a la mort,French/FR-Soprano-1/a la vie comme a la mort,1.439
d:\-MindEcho-main\ml_dl_models\gtsinger_multitech\dataset\raw\Chinese\ZH-Tenor-1\Pharyngeal\情歌\Control_Group\0008.wav,0,0.525261,4.554,Chinese,ZH-Tenor-1,情歌,Chinese/ZH-Tenor-1/情歌,0.0
d:\-MindEcho-main\ml_dl_models\gtsinger_multitech\dataset\raw\Chinese\ZH-Tenor-1\Vibrato\我真的受伤了\Control_Group\0014.wav,1,0.505947,5.53,Chinese,ZH-Tenor-1,我真的受伤了,Chinese/ZH-Tenor-1/我真的受伤了,0.6
d:\-MindEcho-main\ml_dl_models\gtsinger_multitech\dataset\raw\French\FR-Soprano-1\Mixed_Voice_and_Falsetto\mustang cabriolet\Control_Group\0000.wav,0,0.134986,1.634,French,FR-Soprano-1,mustang cabriolet,French/FR-Soprano-1/mustang cabriolet,0.0
d:\-MindEcho-main\ml_dl_models\gtsinger_multitech\dataset\raw\French\FR-Soprano-1\Pharyngeal\comment dire\Pharyngeal_Group\0008.wav,1,0.184357,3.152,French,FR-Soprano-1,comment dire,French/FR-Soprano-1/comment dire,0.441
d:\-MindEcho-main\ml_dl_models\gtsinger_multitech\dataset\raw\Chinese\ZH-Tenor-1\Breathy\平凡的一天\Control_Group\0013.wav,0,0.543956,4.95,Chinese,ZH-Tenor-1,平凡的一天,Chinese/ZH-Tenor-1/平凡的一天,0.0
d:\-MindEcho-main\ml_dl_models\gtsinger_multitech\dataset\raw\French\FR-Soprano-1\Mixed_Voice_and_Falsetto\lentement\Falsetto_Group\0004.wav,0,0.115865,1.298,French,FR-Soprano-1,lentement,French/FR-Soprano-1/lentement,0.0
d:\-MindEcho-main\ml_dl_models\gtsinger_multitech\dataset\raw\Chinese\ZH-Tenor-1\Vibrato\空白格\Vibrato_Group\0002.wav,0,0.127193,1.45,Chinese,ZH-Tenor-1,空白格,Chinese/ZH-Tenor-1/空白格,0.0
d:\-MindEcho-main\ml_dl_models\gtsinger_multitech\dataset\raw\Chinese\ZH-Alto-1\Breathy\给电影人的情书\Control_Group\0008.wav,1,0.68197,8.17,Chinese,ZH-Alto-1,给电影人的情书,Chinese/ZH-Alto-1/给电影人的情书,0.28
d:\-MindEcho-main\ml_dl_models\gtsinger_multitech\dataset\raw\Chinese\ZH-Tenor-1\Mixed_Voice_and_Falsetto\倒带\Control_Group\0021.wav,1,0.507013,3.615,Chinese,ZH-Tenor-1,倒带,Chinese/ZH-Tenor-1/倒带,0.25
d:\-MindEcho-main\ml_dl_models\gtsinger_multitech\dataset\raw\Chinese\ZH-Alto-1\Pharyngeal\隐形的翅膀\Pharyngeal_Group\0003.wav,0,0.473881,3.175,Chinese,ZH-Alto-1,隐形的翅膀,Chinese/ZH-Alto-1/隐形的翅膀,0.0
d:\-MindEcho-main\ml_dl_models\gtsinger_multitech\dataset\raw\Chinese\ZH-Tenor-1\Mixed_Voice_and_Falsetto\偏爱\Falsetto_Group\0011.wav,1,0.553871,7.091,Chinese,ZH-Tenor-1,偏爱,Chinese/ZH-Tenor-1/偏爱,0.579
d:\-MindEcho-main\ml_dl_models\gtsinger_multitech\dataset\raw\Chinese\ZH-Alto-1\Breathy\可乐\Breathy_Group\0014.wav,0,0.173147,1.371,Chinese,ZH-Alto-1,可乐,Chinese/ZH-Alto-1/可乐,0.0
d:\-MindEcho-main\ml_dl_models\gtsinger_multitech\dataset\raw\French\FR-Tenor-1\Glissando\o souverain\Glissando_Group\0016.wav,1,0.815197,14.886,French,FR-Tenor-1,o souverain,French/FR-Tenor-1/o souverain,0.181
d:\-MindEcho-main\ml_dl_models\gtsinger_multitech\dataset\raw\Chinese\ZH-Tenor-1\Mixed_Voice_and_Falsetto\倒带\Control_Group\0009.wav,1,0.286408,3.54,Chinese,ZH-Tenor-1,倒带,Chinese/ZH-Tenor-1/倒带,0.3
d:\-MindEcho-main\ml_dl_models\gtsinger_multitech\dataset\raw\Chinese\ZH-Alto-1\Vibrato\贝加尔湖畔\Vibrato_Group\0001.wav,0,0.172874,1.425,Chinese,ZH-Alto-1,贝加尔湖畔,Chinese/ZH-Alto-1/贝加尔湖畔,0.0
d:\-MindEcho-main\ml_dl_models\gtsinger_multitech\dataset\raw\French\FR-Soprano-1\Mixed_Voice_and_Falsetto\violet snow\Mixed_Voice_Group\0003.wav,1,0.34955,8.227,French,FR-Soprano-1,violet snow,French/FR-Soprano-1/violet snow,1.288
d:\-MindEcho-main\ml_dl_models\gtsinger_multitech\dataset\raw\Chinese\ZH-Alto-1\Mixed_Voice_and_Falsetto\给电影人的情书\Falsetto_Group\0007.wav,0,0.175074,1.77,Chinese,ZH-Alto-1,给电影人的情书,Chinese/ZH-Alto-1/给电影人的情书,0.0
d:\-MindEcho-main\ml_dl_models\gtsinger_multitech\dataset\raw\Chinese\ZH-Tenor-1\Glissando\不染\Glissando_Group\0013.wav,0,0.222474,1.475,Chinese,ZH-Tenor-1,不染,Chinese/ZH-Tenor-1/不染,0.0
d:\-MindEcho-main\ml_dl_models\gtsinger_multitech\dataset\raw\French\FR-Tenor-1\Breathy\avant\Control_Group\0004.wav,1,0.916748,14.146,French,FR-Tenor-1,avant,French/FR-Tenor-1/avant,0.536
d:\-MindEcho-main\ml_dl_models\gtsinger_multitech\dataset\raw\French\FR-Soprano-1\Pharyngeal\comment dire\Pharyngeal_Group\0007.wav,1,0.104203,0.45,French,FR-Soprano-1,comment dire,French/FR-Soprano-1/comment dire,0.9
d:\-MindEcho-main\ml_dl_models\gtsinger_multitech\dataset\raw\Chinese\ZH-Tenor-1\Breathy\不染\Breathy_Group\0003.wav,0,0.239062,1.53,Chinese,ZH-Tenor-1,不染,Chinese/ZH-Tenor-1/不染,0.0
"d:\-MindEcho-main\ml_dl_models\gtsinger_multitech\dataset\raw\French\FR-Soprano-1\Mixed_Voice_and_Falsetto\t'es beau,t'es beau\Falsetto_Group\0003.wav",1,0.933731,17.76,French,FR-Soprano-1,"t'es beau,t'es beau","French/FR-Soprano-1/t'es beau,t'es beau",0.696
d:\-MindEcho-main\ml_dl_models\gtsinger_multitech\dataset\raw\Chinese\ZH-Tenor-1\Mixed_Voice_and_Falsetto\演员\Control_Group\0000.wav,0,0.575717,5.821,Chinese,ZH-Tenor-1,演员,Chinese/ZH-Tenor-1/演员,0.0
d:\-MindEcho-main\ml_dl_models\gtsinger_multitech\dataset\raw\Chinese\ZH-Alto-1\Mixed_Voice_and_Falsetto\可乐\Mixed_Voice_Group\0002.wav,0,0.218649,1.618,Chinese,ZH-Alto-1,可乐,Chinese/ZH-Alto-1/可乐,0.0
d:\-MindEcho-main\ml_dl_models\gtsinger_multitech\dataset\raw\French\FR-Soprano-1\Mixed_Voice_and_Falsetto\nos ballades\Control_Group\0000.wav,1,0.419896,4.042,French,FR-Soprano-1,nos ballades,French/FR-Soprano-1/nos ballades,0.581
d:\-MindEcho-main\ml_dl_models\gtsinger_multitech\dataset\raw\Chinese\ZH-Tenor-1\Glissando\倒带\Glissando_Group\0020.wav,0,0.193021,1.363,Chinese,ZH-Tenor-1,倒带,Chinese/ZH-Tenor-1/倒带,0.0
d:\-MindEcho-main\ml_dl_models\gtsinger_multitech\dataset\raw\Chinese\ZH-Alto-1\Mixed_Voice_and_Falsetto\鸽子\Control_Group\0004.wav,1,0.350453,3.48,Chinese,ZH-Alto-1,鸽子,Chinese/ZH-Alto-1/鸽子,0.32
d:\-MindEcho-main\ml_dl_models\gtsinger_multitech\dataset\raw\French\FR-Soprano-1\Breathy\la chanson de la mer\Breathy_Group\0006.wav,1,0.581449,6.275,French,FR-Soprano-1,la chanson de la mer,French/FR-Soprano-1/la chanson de la mer,0.948
d:\-MindEcho-main\ml_dl_models\gtsinger_multitech\dataset\raw\Chinese\ZH-Alto-1\Mixed_Voice_and_Falsetto\终于等到你\Control_Group\0002.wav,1,0.345137,2.636,Chinese,ZH-Alto-1,终于等到你,Chinese/ZH-Alto-1/终于等到你,0.307
d:\-MindEcho-main\ml_dl_models\gtsinger_multitech\dataset\raw\French\FR-Soprano-1\Mixed_Voice_and_Falsetto\comment deja\Mixed_Voice_Group\0001.wav,1,0.877112,9.55,French,FR-Soprano-1,comment deja,French/FR-Soprano-1/comment deja,0.431
d:\-MindEcho-main\ml_dl_models\gtsinger_multitech\dataset\raw\French\FR-Soprano-1\Pharyngeal\je ne veux pas de toi\Control_Group\0003.wav,0,0.33606,3.039,French,FR-Soprano-1,je ne veux pas de toi,French/FR-Soprano-1/je ne veux pas de toi,0.0
d:\-MindEcho-main\ml_dl_models\gtsinger_multitech\dataset\raw\French\FR-Soprano-1\Pharyngeal\l'amour\Control_Group\0001.wav,1,0.901356,11.879,French,FR-Soprano-1,l'amour,French/FR-Soprano-1/l'amour,0.572
d:\-MindEcho-main\ml_dl_models\gtsinger_multitech\dataset\raw\Chinese\ZH-Tenor-1\Mixed_Voice_and_Falsetto\想自由\Control_Group\0008.wav,1,0.435151,4.885,Chinese,ZH-Tenor-1,想自由,Chinese/ZH-Tenor-1/想自由,0.37
d:\-MindEcho-main\ml_dl_models\gtsinger_multitech\dataset\raw\Chinese\ZH-Tenor-1\Breathy\爱的回归线\Breathy_Group\0004.wav,0,0.624815,4.23,Chinese,ZH-Tenor-1,爱的回归线,Chinese/ZH-Tenor-1/爱的回归线,0.0
d:\-MindEcho-main\ml_dl_models\gtsinger_multitech\dataset\raw\Chinese\ZH-Alto-1\Mixed_Voice_and_Falsetto\烟花易冷\Mixed_Voice_Group\0006.wav,0,0.299135,2.143,Chinese,ZH-Alto-1,烟花易冷,Chinese/ZH-Alto-1/烟花易冷,0.0
d:\-MindEcho-main\ml_dl_models\gtsinger_multitech\dataset\raw\Chinese\ZH-Tenor-1\Breathy\不染\Breathy_Group\0010.wav,1,0.363704,2.455,Chinese,ZH-Tenor-1,不染,Chinese/ZH-Tenor-1/不染,0.27
d:\-MindEcho-main\ml_dl_models\gtsinger_multitech\dataset\raw\Chinese\ZH-Tenor-1\Glissando\传奇\Glissando_Group\0009.wav,1,0.533867,10.743,Chinese,ZH-Tenor-1,传奇,Chinese/ZH-Tenor-1/传奇,0.294
d:\-MindEcho-main\ml_dl_models\gtsinger_multitech\dataset\raw\Chinese\ZH-Tenor-1\Pharyngeal\老男孩\Pharyngeal_Group\0004.wav,1,0.566823,6.523,Chinese,ZH-Tenor-1,老男孩,Chinese/ZH-Tenor-1/老男孩,0.29
d:\-MindEcho-main\ml_dl_models\gtsinger_multitech\dataset\raw\French\FR-Tenor-1\Breathy\pourquoi\Control_Group\0004.wav,1,0.268959,4.121,French,FR-Tenor-1,pourquoi,French/FR-Tenor-1/pourquoi,0.14
d:\-MindEcho-main\ml_dl_models\gtsinger_multitech\dataset\raw\French\FR-Soprano-1\Mixed_Voice_and_Falsetto\magic boul'vard\Mixed_Voice_Group\0011.wav,1,0.07937,0.408,French,FR-Soprano-1,magic boul'vard,French/FR-Soprano-1/magic boul'vard,0.817
d:\-MindEcho-main\ml_dl_models\gtsinger_multitech\dataset\raw\Chinese\ZH-Alto-1\Mixed_Voice_and_Falsetto\化身孤岛的鲸\Mixed_Voice_Group\0016.wav,0,0.450164,6.865,Chinese,ZH-Alto-1,化身孤岛的鲸,Chinese/ZH-Alto-1/化身孤岛的鲸,0.0
d:\-MindEcho-main\ml_dl_models\gtsinger_multitech\dataset\raw\Chinese\ZH-Tenor-1\Mixed_Voice_and_Falsetto\最初的梦想\Mixed_Voice_Group\0018.wav,0,0.129047,1.435,Chinese,ZH-Tenor-1,最初的梦想,Chinese/ZH-Tenor-1/最初的梦想,0.0
d:\-MindEcho-main\ml_dl_models\gtsinger_multitech\dataset\raw\French\FR-Soprano-1\Mixed_Voice_and_Falsetto\magic boul'vard\Falsetto_Group\0009.wav,1,0.632541,9.101,French,FR-Soprano-1,magic boul'vard,French/FR-Soprano-1/magic boul'vard,1.228
d:\-MindEcho-main\ml_dl_models\gtsinger_multitech\dataset\raw\French\FR-Tenor-1\Glissando\o souverain\Control_Group\0000.wav,0,0.199533,2.223,French,FR-Tenor-1,o souverain,French/FR-Tenor-1/o souverain,0.0
d:\-MindEcho-main\ml_dl_models\gtsinger_multitech\dataset\raw\Chinese\ZH-Tenor-1\Pharyngeal\雨爱\Control_Group\0014.wav,0,0.150435,1.73,Chinese,ZH-Tenor-1,雨爱,Chinese/ZH-Tenor-1/雨爱,0.0
d:\-MindEcho-main\ml_dl_models\gtsinger_multitech\dataset\raw\Chinese\ZH-Tenor-1\Mixed_Voice_and_Falsetto\听海\Mixed_Voice_Group\0012.wav,0,0.488571,3.078,Chinese,ZH-Tenor-1,听海,Chinese/ZH-Tenor-1/听海,0.0
d:\-MindEcho-main\ml_dl_models\gtsinger_multitech\dataset\raw\French\FR-Soprano-1\Pharyngeal\vivre a en crever\Control_Group\0002.wav,1,0.752662,9.895,French,FR-Soprano-1,vivre a en crever,French/FR-Soprano-1/vivre a en crever,0.14
d:\-MindEcho-main\ml_dl_models\gtsinger_multitech\dataset\raw\French\FR-Tenor-1\Glissando\o souverain\Paired_Speech_Group\0006.wav,0,0.413167,1.525,French,FR-Tenor-1,o souverain,French/FR-Tenor-1/o souverain,0.0
d:\-MindEcho-main\ml_dl_models\gtsinger_multitech\dataset\raw\French\FR-Soprano-1\Pharyngeal\je ne veux pas de toi\Control_Group\0000.wav,1,0.868092,8.2,French,FR-Soprano-1,je ne veux pas de toi,French/FR-Soprano-1/je ne veux pas de toi,0.93
d:\-MindEcho-main\ml_dl_models\gtsinger_multitech\dataset\raw\Chinese\ZH-Alto-1\Breathy\奇妙能力歌\Breathy_Group\0011.wav,0,0.500822,3.045,Chinese,ZH-Alto-1,奇妙能力歌,Chinese/ZH-Alto-1/奇妙能力歌,0.0
d:\-MindEcho-main\ml_dl_models\gtsinger_multitech\dataset\raw\Chinese\ZH-Tenor-1\Mixed_Voice_and_Falsetto\老男孩\Falsetto_Group\0020.wav,0,0.470701,2.94,Chinese,ZH-Tenor-1,老男孩,Chinese/ZH-Tenor-1/老男孩,0.0
d:\-MindEcho-main\ml_dl_models\gtsinger_multitech\dataset\raw\Chinese\ZH-Alto-1\Mixed_Voice_and_Falsetto\三寸天堂\Mixed_Voice_Group\0012.wav,0,0.402597,3.72,Chinese,ZH-Alto-1,三寸天堂,Chinese/ZH-Alto-1/三寸天堂,0.0
d:\-MindEcho-main\ml_dl_models\gtsinger_multitech\dataset\raw\Chinese\ZH-Alto-1\Breathy\最长的电影\Breathy_Group\0011.wav,0,0.257322,1.845,Chinese,ZH-Alto-1,最长的电影,Chinese/ZH-Alto-1/最长的电影,0.0
d:\-MindEcho-main\ml_dl_models\gtsinger_multitech\dataset\raw\Chinese\ZH-Alto-1\Mixed_Voice_and_Falsetto\演员\Control_Group\0016.wav,1,0.486749,4.775,Chinese,ZH-Alto-1,演员,Chinese/ZH-Alto-1/演员,0.39
d:\-MindEcho-main\ml_dl_models\gtsinger_multitech\dataset\raw\French\FR-Soprano-1\Vibrato\les souvenirs\Control_Group\0007.wav,0,0.119135,1.388,French,FR-Soprano-1,les souvenirs,French/FR-Soprano-1/les souvenirs,0.0
d:\-MindEcho-main\ml_dl_models\gtsinger_multitech\dataset\raw\Chinese\ZH-Alto-1\Vibrato\贝加尔湖畔\Vibrato_Group\0009.wav,0,0.170058,1.446,Chinese,ZH-Alto-1,贝加尔湖畔,Chinese/ZH-Alto-1/贝加尔湖畔,0.0
d:\-MindEcho-main\ml_dl_models\gtsinger_multitech\dataset\raw\Chinese\ZH-Tenor-1\Mixed_Voice_and_Falsetto\一次就好\Falsetto_Group\0008.wav,1,0.73764,5.252,Chinese,ZH-Tenor-1,一次就好,Chinese/ZH-Tenor-1/一次就好,0.644
d:\-MindEcho-main\ml_dl_models\gtsinger_multitech\dataset\raw\French\FR-Soprano-1\Mixed_Voice_and_Falsetto\nos ballades\Mixed_Voice_Group\0006.wav,1,0.861684,7.765,French,FR-Soprano-1,nos ballades,French/FR-Soprano-1/nos ballades,1.593
d:\-MindEcho-main\ml_dl_models\gtsinger_multitech\dataset\raw\French\FR-Soprano-1\Mixed_Voice_and_Falsetto\magic boul'vard\Control_Group\0009.wav,1,0.089749,1.245,French,FR-Soprano-1,magic boul'vard,French/FR-Soprano-1/magic boul'vard,0.11
d:\-MindEcho-main\ml_dl_models\gtsinger_multitech\dataset\raw\Chinese\ZH-Tenor-1\Mixed_Voice_and_Falsetto\情歌\Falsetto_Group\0001.wav,0,0.174636,1.68,Chinese,ZH-Tenor-1,情歌,Chinese/ZH-Tenor-1/情歌,0.0
d:\-MindEcho-main\ml_dl_models\gtsinger_multitech\dataset\raw\Chinese\ZH-Alto-1\Vibrato\我真的受伤了\Control_Group\0000.wav,1,0.537234,3.535,Chinese,ZH-Alto-1,我真的受伤了,Chinese/ZH-Alto-1/我真的受伤了,0.73
d:\-MindEcho-main\ml_dl_models\gtsinger_multitech\dataset\raw\Chinese\ZH-Tenor-1\Vibrato\知足\Vibrato_Group\0005.wav,1,0.166455,1.31,Chinese,ZH-Tenor-1,知足,Chinese/ZH-Tenor-1/知足,0.28
d:\-MindEcho-main\ml_dl_models\gtsinger_multitech\dataset\raw\French\FR-Soprano-1\Mixed_Voice_and_Falsetto\le dernier train\Falsetto_Group\0001.wav,0,0.389621,3.901,French,FR-Soprano-1,le dernier train,French/FR-Soprano-1/le dernier train,0.0
d:\-MindEcho-main\ml_dl_models\gtsinger_multitech\dataset\raw\Chinese\ZH-Tenor-1\Mixed_Voice_and_Falsetto\枫\Falsetto_Group\0011.wav,0,0.415008,4.58,Chinese,ZH-Tenor-1,枫,Chinese/ZH-Tenor-1/枫,0.0
d:\-MindEcho-main\ml_dl_models\gtsinger_multitech\dataset\raw\Chinese\ZH-Alto-1\Vibrato\我真的受伤了\Control_Group\0013.wav,0,0.255883,1.718,Chinese,ZH-Alto-1,我真的受伤了,Chinese/ZH-Alto-1/我真的受伤了,0.0
d:\-MindEcho-main\ml_dl_models\gtsinger_multitech\dataset\raw\Chinese\ZH-Alto-1\Pharyngeal\没那么简单\Control_Group\0006.wav,0,0.167287,1.347,Chinese,ZH-Alto-1,没那么简单,Chinese/ZH-Alto-1/没那么简单,0.0
d:\-MindEcho-main\ml_dl_models\gtsinger_multitech\dataset\raw\Chinese\ZH-Tenor-1\Breathy\不染\Breathy_Group\0006.wav,1,0.483847,3.295,Chinese,ZH-Tenor-1,不染,Chinese/ZH-Tenor-1/不染,0.53
d:\-MindEcho-main\ml_dl_models\gtsinger_multitech\dataset\raw\Chinese\ZH-Tenor-1\Mixed_Voice_and_Falsetto\后来\Control_Group\0003.wav,1,0.210267,3.154,Chinese,ZH-Tenor-1,后来,Chinese/ZH-Tenor-1/后来,0.648
d:\-MindEcho-main\ml_dl_models\gtsinger_multitech\dataset\raw\Chinese\ZH-Alto-1\Pharyngeal\不为谁而作的歌\Pharyngeal_Group\0002.wav,1,0.226761,1.61,Chinese,ZH-Alto-1,不为谁而作的歌,Chinese/ZH-Alto-1/不为谁而作的歌,0.32
d:\-MindEcho-main\ml_dl_models\gtsinger_multitech\dataset\raw\French\FR-Tenor-1\Breathy\pourquoi\Paired_Speech_Group\0003.wav,0,0.512667,1.801,French,FR-Tenor-1,pourquoi,French/FR-Tenor-1/pourquoi,0.0
d:\-MindEcho-main\ml_dl_models\gtsinger_multitech\dataset\raw\Chinese\ZH-Alto-1\Vibrato\贝加尔湖畔\Control_Group\0007.wav,0,0.176505,1.51,Chinese,ZH-Alto-1,贝加尔湖畔,Chinese/ZH-Alto-1/贝加尔湖畔,0.0
d:\-MindEcho-main\ml_dl_models\gtsinger_multitech\dataset\raw\French\FR-Soprano-1\Pharyngeal\les maudits mots d'amour\Pharyngeal_Group\0001.wav,1,0.770857,12.502,French,FR-Soprano-1,les maudits mots d'amour,French/FR-Soprano-1/les maudits mots d'amour,0.355
d:\-MindEcho-main\ml_dl_models\gtsinger_multitech\dataset\raw\Chinese\ZH-Tenor-1\Breathy\会呼吸的痛\Control_Group\0007.wav,0,0.172662,1.392,Chinese,ZH-Tenor-1,会呼吸的痛,Chinese/ZH-Tenor-1/会呼吸的痛,0.0
d:\-MindEcho-main\ml_dl_models\gtsinger_multitech\dataset\raw\Chinese\ZH-Tenor-1\Mixed_Voice_and_Falsetto\残酷月光\Control_Group\0001.wav,0,0.207874,1.32,Chinese,ZH-Tenor-1,残酷月光,Chinese/ZH-Tenor-1/残酷月光,0.0
d:\-MindEcho-main\ml_dl_models\gtsinger_multitech\dataset\raw\Chinese\ZH-Alto-1\Mixed_Voice_and_Falsetto\烟花易冷\Mixed_Voice_Group\0016.wav,0,0.213459,1.475,Chinese,ZH-Alto-1,烟花易冷,Chinese/ZH-Alto-1/烟花易冷,0.0
d:\-MindEcho-main\ml_dl_models\gtsinger_multitech\dataset\raw\French\FR-Soprano-1\Breathy\les passagers du vent\Paired_Speech_Group\0009.wav,0,0.296075,1.396,French,FR-Soprano-1,les passagers du vent,French/FR-Soprano-1/les passagers du vent,0.0
d:\-MindEcho-main\ml_dl_models\gtsinger_multitech\dataset\raw\Chinese\ZH-Tenor-1\Vibrato\水星记\Control_Group\0022.wav,0,0.167582,1.22,Chinese,ZH-Tenor-1,水星记,Chinese/ZH-Tenor-1/水星记,0.0
d:\-MindEcho-main\ml_dl_models\gtsinger_multitech\dataset\raw\Chinese\ZH-Alto-1\Pharyngeal\你就不要想起我\Control_Group\0001.wav,1,0.567086,5.41,Chinese,ZH-Alto-1,你就不要想起我,Chinese/ZH-Alto-1/你就不要想起我,0.4
d:\-MindEcho-main\ml_dl_models\gtsinger_multitech\dataset\raw\Chinese\ZH-Tenor-1\Mixed_Voice_and_Falsetto\我的歌声里\Control_Group\0006.wav,1,0.20232,1.57,Chinese,ZH-Tenor-1,我的歌声里,Chinese/ZH-Tenor-1/我的歌声里,0.18
d:\-MindEcho-main\ml_dl_models\gtsinger_multitech\dataset\raw\Chinese\ZH-Tenor-1\Breathy\化身孤岛的鲸\Control_Group\0016.wav,0,0.159795,1.275,Chinese,ZH-Tenor-1,化身孤岛的鲸,Chinese/ZH-Tenor-1/化身孤岛的鲸,0.0
d:\-MindEcho-main\ml_dl_models\gtsinger_multitech\dataset\raw\Chinese\ZH-Alto-1\Mixed_Voice_and_Falsetto\青花瓷\Mixed_Voice_Group\0011.wav,1,0.313253,2.34,Chinese,ZH-Alto-1,青花瓷,Chinese/ZH-Alto-1/青花瓷,0.24
d:\-MindEcho-main\ml_dl_models\gtsinger_multitech\dataset\raw\Chinese\ZH-Tenor-1\Glissando\不染\Control_Group\0023.wav,0,0.356414,2.445,Chinese,ZH-Tenor-1,不染,Chinese/ZH-Tenor-1/不染,0.0
d:\-MindEcho-main\ml_dl_models\gtsinger_multitech\dataset\raw\Chinese\ZH-Tenor-1\Vibrato\末班车\Control_Group\0004.wav,0,0.620098,3.795,Chinese,ZH-Tenor-1,末班车,Chinese/ZH-Tenor-1/末班车,0.0
d:\-MindEcho-main\ml_dl_models\gtsinger_multitech\dataset\raw\Chinese\ZH-Tenor-1\Glissando\画心\Control_Group\0007.wav,0,0.664041,4.256,Chinese,ZH-Tenor-1,画心,Chinese/ZH-Tenor-1/画心,0.0
d:\-MindEcho-main\ml_dl_models\gtsinger_multitech\dataset\raw\Chinese\ZH-Alto-1\Pharyngeal\说谎\Pharyngeal_Group\0010.wav,1,0.208526,2.304,Chinese,ZH-Alto-1,说谎,Chinese/ZH-Alto-1/说谎,0.37
d:\-MindEcho-main\ml_dl_models\gtsinger_multitech\dataset\raw\French\FR-Soprano-1\Pharyngeal\il aurait suffit\Paired_Speech_Group\0003.wav,0,0.560662,5.735,French,FR-Soprano-1,il aurait suffit,French/FR-Soprano-1/il aurait suffit,0.0
d:\-MindEcho-main\ml_dl_models\gtsinger_multitech\dataset\raw\French\FR-Soprano-1\Vibrato\les souvenirs\Control_Group\0006.wav,1,0.868334,8.857,French,FR-Soprano-1,les souvenirs,French/FR-Soprano-1/les souvenirs,0.515
d:\-MindEcho-main\ml_dl_models\gtsinger_multitech\dataset\raw\Chinese\ZH-Alto-1\Vibrato\奇妙能力歌\Vibrato_Group\0007.wav,0,0.20054,1.411,Chinese,ZH-Alto-1,奇妙能力歌,Chinese/ZH-Alto-1/奇妙能力歌,0.0
d:\-MindEcho-main\ml_dl_models\gtsinger_multitech\dataset\raw\French\FR-Tenor-1\Mixed_Voice_and_Falsetto\Les Marionnettes\Mixed_Voice_Group\0007.wav,0,0.401894,5.942,French,FR-Tenor-1,Les Marionnettes,French/FR-Tenor-1/Les Marionnettes,0.0
d:\-MindEcho-main\ml_dl_models\gtsinger_multitech\dataset\raw\French\FR-Soprano-1\Glissando\dingdong\Glissando_Group\0005.wav,1,0.87048,8.915,French,FR-Soprano-1,dingdong,French/FR-Soprano-1/dingdong,0.701
d:\-MindEcho-main\ml_dl_models\gtsinger_multitech\dataset\raw\Chinese\ZH-Tenor-1\Mixed_Voice_and_Falsetto\枫\Falsetto_Group\0009.wav,0,0.580417,6.965,Chinese,ZH-Tenor-1,枫,Chinese/ZH-Tenor-1/枫,0.0
d:\-MindEcho-main\ml_dl_models\gtsinger_multitech\dataset\raw\Chinese\ZH-Tenor-1\Mixed_Voice_and_Falsetto\不能说的秘密\Mixed_Voice_Group\0010.wav,1,0.501575,3.185,Chinese,ZH-Tenor-1,不能说的秘密,Chinese/ZH-Tenor-1/不能说的秘密,0.31
d:\-MindEcho-main\ml_dl_models\gtsinger_multitech\dataset\raw\Chinese\ZH-Tenor-1\Mixed_Voice_and_Falsetto\崇拜\Control_Group\0006.wav,0,0.391009,2.388,Chinese,ZH-Tenor-1,崇拜,Chinese/ZH-Tenor-1/崇拜,0.0
d:\-MindEcho-main\ml_dl_models\gtsinger_multitech\dataset\raw\Chinese\ZH-Tenor-1\Glissando\倒带\Glissando_Group\0014.wav,0,0.630294,4.39,Chinese,ZH-Tenor-1,倒带,Chinese/ZH-Tenor-1/倒带,0.0
d:\-MindEcho-main\ml_dl_models\gtsinger_multitech\dataset\raw\Chinese\ZH-Tenor-1\Mixed_Voice_and_Falsetto\我的歌声里\Control_Group\0001.wav,1,0.234334,1.795,Chinese,ZH-Tenor-1,我的歌声里,Chinese/ZH-Tenor-1/我的歌声里,0.37
d:\-MindEcho-main\ml_dl_models\gtsinger_multitech\dataset\raw\Chinese\ZH-Tenor-1\Mixed_Voice_and_Falsetto\情歌\Falsetto_Group\0003.wav,0,0.521429,4.015,Chinese,ZH-Tenor-1,情歌,Chinese/ZH-Tenor-1/情歌,0.0
d:\-MindEcho-main\ml_dl_models\gtsinger_multitech\dataset\raw\Chinese\ZH-Alto-1\Vibrato\不再见\Control_Group\0006.wav,0,0.431522,3.655,Chinese,ZH-Alto-1,不再见,Chinese/ZH-Alto-1/不再见,0.0
d:\-MindEcho-main\ml_dl_models\gtsinger_multitech\dataset\raw\Chinese\ZH-Alto-1\Breathy\失落沙洲\Breathy_Group\0004.wav,1,0.264167,3.03,Chinese,ZH-Alto-1,失落沙洲,Chinese/ZH-Alto-1/失落沙洲,0.34
d:\-MindEcho-main\ml_dl_models\gtsinger_multitech\dataset\raw\Chinese\ZH-Tenor-1\Mixed_Voice_and_Falsetto\崇拜\Falsetto_Group\0005.wav,0,0.624069,7.208,Chinese,ZH-Tenor-1,崇拜,Chinese/ZH-Tenor-1/崇拜,0.0
d:\-MindEcho-main\ml_dl_models\gtsinger_multitech\dataset\raw\French\FR-Soprano-1\Pharyngeal\il aurait suffit\Pharyngeal_Group\0006.wav,0,0.127687,1.295,French,FR-Soprano-1,il aurait suffit,French/FR-Soprano-1/il aurait suffit,0.0
d:\-MindEcho-main\ml_dl_models\gtsinger_multitech\dataset\raw\Chinese\ZH-Alto-1\Mixed_Voice_and_Falsetto\鸽子\Mixed_Voice_Group\0005.wav,1,0.542918,5.06,Chinese,ZH-Alto-1,鸽子,Chinese/ZH-Alto-1/鸽子,0.2
d:\-MindEcho-main\ml_dl_models\gtsinger_multitech\dataset\raw\Chinese\ZH-Alto-1\Mixed_Voice_and_Falsetto\化身孤岛的鲸\Mixed_Voice_Group\0019.wav,1,0.54952,5.715,Chinese,ZH-Alto-1,化身孤岛的鲸,Chinese/ZH-Alto-1/化身孤岛的鲸,0.39
d:\-MindEcho-main\ml_dl_models\gtsinger_multitech\dataset\raw\Chinese\ZH-Tenor-1\Mixed_Voice_and_Falsetto\情歌\Falsetto_Group\0004.wav,1,0.208904,1.525,Chinese,ZH-Tenor-1,情歌,Chinese/ZH-Tenor-1/情歌,0.41
d:\-MindEcho-main\ml_dl_models\gtsinger_multitech\dataset\raw\Chinese\ZH-Alto-1\Glissando\平凡的一天\Control_Group\0001.wav,0,0.136205,1.565,Chinese,ZH-Alto-1,平凡的一天,Chinese/ZH-Alto-1/平凡的一天,0.0
d:\-MindEcho-main\ml_dl_models\gtsinger_multitech\dataset\raw\Chinese\ZH-Tenor-1\Pharyngeal\最初的梦想\Pharyngeal_Group\0018.wav,1,0.245128,2.84,Chinese,ZH-Tenor-1,最初的梦想,Chinese/ZH-Tenor-1/最初的梦想,0.36
d:\-MindEcho-main\ml_dl_models\gtsinger_multitech\dataset\raw\French\FR-Tenor-1\Glissando\manon\Glissando_Group\0008.wav,1,0.583915,5.191,French,FR-Tenor-1,manon,French/FR-Tenor-1/manon,0.116
d:\-MindEcho-main\ml_dl_models\gtsinger_multitech\dataset\raw\French\FR-Tenor-1\Glissando\avant\Control_Group\0004.wav,1,0.924661,14.915,French,FR-Tenor-1,avant,French/FR-Tenor-1/avant,2.026
d:\-MindEcho-main\ml_dl_models\gtsinger_multitech\dataset\raw\Chinese\ZH-Tenor-1\Breathy\和你一样\Control_Group\0012.wav,1,0.458333,4.51,Chinese,ZH-Tenor-1,和你一样,Chinese/ZH-Tenor-1/和你一样,1.8
d:\-MindEcho-main\ml_dl_models\gtsinger_multitech\dataset\raw\Chinese\ZH-Alto-1\Breathy\温柔\Breathy_Group\0010.wav,0,0.422805,2.985,Chinese,ZH-Alto-1,温柔,Chinese/ZH-Alto-1/温柔,0.0
d:\-MindEcho-main\ml_dl_models\gtsinger_multitech\dataset\raw\French\FR-Soprano-1\Glissando\la fuite\Glissando_Group\0007.wav,1,0.171657,1.762,French,FR-Soprano-1,la fuite,French/FR-Soprano-1/la fuite,0.328
d:\-MindEcho-main\ml_dl_models\gtsinger_multitech\dataset\raw\Chinese\ZH-Tenor-1\Breathy\不染\Breathy_Group\0015.wav,0,0.38156,2.69,Chinese,ZH-Tenor-1,不染,Chinese/ZH-Tenor-1/不染,0.0
d:\-MindEcho-main\ml_dl_models\gtsinger_multitech\dataset\raw\Chinese\ZH-Alto-1\Mixed_Voice_and_Falsetto\一次就好\Falsetto_Group\0000.wav,1,0.50546,5.555,Chinese,ZH-Alto-1,一次就好,Chinese/ZH-Alto-1/一次就好,0.33
d:\-MindEcho-main\ml_dl_models\gtsinger_multitech\dataset\raw\Chinese\ZH-Tenor-1\Mixed_Voice_and_Falsetto\江南\Mixed_Voice_Group\0009.wav,0,0.12602,1.39,Chinese,ZH-Tenor-1,江南,Chinese/ZH-Tenor-1/江南,0.0
d:\-MindEcho-main\ml_dl_models\gtsinger_multitech\dataset\raw\Chinese\ZH-Tenor-1\Mixed_Voice_and_Falsetto\末班车\Falsetto_Group\0007.wav,0,0.265745,1.73,Chinese,ZH-Tenor-1,末班车,Chinese/ZH-Tenor-1/末班车,0.0
d:\-MindEcho-main\ml_dl_models\gtsinger_multitech\dataset\raw\Chinese\ZH-Tenor-1\Mixed_Voice_and_Falsetto\平凡之路\Falsetto_Group\0004.wav,0,0.453577,3.615,Chinese,ZH-Tenor-1,平凡之路,Chinese/ZH-Tenor-1/平凡之路,0.0
d:\-MindEcho-main\ml_dl_models\gtsinger_multitech\dataset\raw\French\FR-Soprano-1\Breathy\la chanson de la mer\Control_Group\0007.wav,1,0.579678,4.918,French,FR-Soprano-1,la chanson de la mer,French/FR-Soprano-1/la chanson de la mer,0.108
d:\-MindEcho-main\ml_dl_models\gtsinger_multitech\dataset\raw\Chinese\ZH-Alto-1\Breathy\温柔\Breathy_Group\0010.wav,1,0.635977,4.49,Chinese,ZH-Alto-1,温柔,Chinese/ZH-Alto-1/温柔,0.52
d:\-MindEcho-main\ml_dl_models\gtsinger_multitech\dataset\raw\Chinese\ZH-Alto-1\Mixed_Voice_and_Falsetto\终于等到你\Control_Group\0000.wav,0,0.503703,3.877,Chinese,ZH-Alto-1,终于等到你,Chinese/ZH-Alto-1/终于等到你,0.0
d:\-MindEcho-main\ml_dl_models\gtsinger_multitech\dataset\raw\French\FR-Tenor-1\Mixed_Voice_and_Falsetto\Les Marionnettes\Falsetto_Group\0008.wav,1,0.545646,7.909,French,FR-Tenor-1,Les Marionnettes,French/FR-Tenor-1/Les Marionnettes,0.311
d:\-MindEcho-main\ml_dl_models\gtsinger_multitech\dataset\raw\Chinese\ZH-Alto-1\Pharyngeal\没那么简单\Pharyngeal_Group\0013.wav,0,0.292805,1.705,Chinese,ZH-Alto-1,没那么简单,Chinese/ZH-Alto-1/没那么简单,0.0
d:\-MindEcho-main\ml_dl_models\gtsinger_multitech\dataset\raw\French\FR-Tenor-1\Breathy\pourquoi\Control_Group\0003.wav,0,0.169871,1.573,French,FR-Tenor-1,pourquoi,French/FR-Tenor-1/pourquoi,0.0
d:\-MindEcho-main\ml_dl_models\gtsinger_multitech\dataset\raw\Chinese\ZH-Alto-1\Breathy\给电影人的情书\Control_Group\0009.wav,0,0.474912,5.395,Chinese,ZH-Alto-1,给电影人的情书,Chinese/ZH-Alto-1/给电影人的情书,0.0
d:\-MindEcho-main\ml_dl_models\gtsinger_multitech\dataset\raw\Chinese\ZH-Tenor-1\Mixed_Voice_and_Falsetto\残酷月光\Control_Group\0021.wav,0,0.576754,3.945,Chinese,ZH-Tenor-1,残酷月光,Chinese/ZH-Tenor-1/残酷月光,0.0
d:\-MindEcho-main\ml_dl_models\gtsinger_multitech\dataset\raw\Chinese\ZH-Alto-1\Mixed_Voice_and_Falsetto\化身孤岛的鲸\Falsetto_Group\0011.wav,1,0.447097,3.465,Chinese,ZH-Alto-1,化身孤岛的鲸,Chinese/ZH-Alto-1/化身孤岛的鲸,0.41
d:\-MindEcho-main\ml_dl_models\gtsinger_multitech\dataset\raw\Chinese\ZH-Alto-1\Mixed_Voice_and_Falsetto\日不落\Falsetto_Group\0002.wav,1,0.250467,1.879,Chinese,ZH-Alto-1,日不落,Chinese/ZH-Alto-1/日不落,0.377
d:\-MindEcho-main\ml_dl_models\gtsinger_multitech\dataset\raw\Chinese\ZH-Tenor-1\Vibrato\终于等到你\Vibrato_Group\0009.wav,0,0.194536,1.3,Chinese,ZH-Tenor-1,终于等到你,Chinese/ZH-Tenor-1/终于等到你,0.0
d:\-MindEcho-main\ml_dl_models\gtsinger_multitech\dataset\raw\Chinese\ZH-Tenor-1\Vibrato\水星记\Control_Group\0023.wav,0,0.623553,6.46,Chinese,ZH-Tenor-1,水星记,Chinese/ZH-Tenor-1/水星记,0.0
d:\-MindEcho-main\ml_dl_models\gtsinger_multitech\dataset\raw\French\FR-Soprano-1\Glissando\dingdong\Control_Group\0009.wav,1,0.151303,1.904,French,FR-Soprano-1,dingdong,French/FR-Soprano-1/dingdong,0.444
d:\-MindEcho-main\ml_dl_models\gtsinger_multitech\dataset\raw\French\FR-Soprano-1\Mixed_Voice_and_Falsetto\mustang cabriolet\Falsetto_Group\0003.wav,1,0.805737,14.267,French,FR-Soprano-1,mustang cabriolet,French/FR-Soprano-1/mustang cabriolet,0.436
d:\-MindEcho-main\ml_dl_models\gtsinger_multitech\dataset\raw\Chinese\ZH-Tenor-1\Glissando\不染\Control_Group\0031.wav,1,0.506996,3.406,Chinese,ZH-Tenor-1,不染,Chinese/ZH-Tenor-1/不染,0.308
d:\-MindEcho-main\ml_dl_models\gtsinger_multitech\dataset\raw\French\FR-Soprano-1\Mixed_Voice_and_Falsetto\chez moi\Control_Group\0003.wav,0,0.499718,7.113,French,FR-Soprano-1,chez moi,French/FR-Soprano-1/chez moi,0.0
d:\-MindEcho-main\ml_dl_models\gtsinger_multitech\dataset\raw\Chinese\ZH-Alto-1\Glissando\时间煮雨\Glissando_Group\0015.wav,1,0.466095,5.43,Chinese,ZH-Alto-1,时间煮雨,Chinese/ZH-Alto-1/时间煮雨,0.38
d:\-MindEcho-main\ml_dl_models\gtsinger_multitech\dataset\raw\Chinese\ZH-Alto-1\Pharyngeal\没那么简单\Control_Group\0000.wav,0,0.56506,4.69,Chinese,ZH-Alto-1,没那么简单,Chinese/ZH-Alto-1/没那么简单,0.0
d:\-MindEcho-main\ml_dl_models\gtsinger_multitech\dataset\raw\Chinese\ZH-Alto-1\Mixed_Voice_and_Falsetto\平凡的一天\Mixed_Voice_Group\0003.wav,1,0.484263,6.539,Chinese,ZH-Alto-1,平凡的一天,Chinese/ZH-Alto-1/平凡的一天,2.188
d:\-MindEcho-main\ml_dl_models\gtsinger_multitech\dataset\raw\French\FR-Tenor-1\Breathy\ouvre\Control_Group\0001.wav,0,0.510835,11.127,French,FR-Tenor-1,ouvre,French/FR-Tenor-1/ouvre,0.0
d:\-MindEcho-main\ml_dl_models\gtsinger_multitech\dataset\raw\Chinese\ZH-Tenor-1\Breathy\化身孤岛的鲸\Breathy_Group\0005.wav,0,0.125188,1.501,Chinese,ZH-Tenor-1,化身孤岛的鲸,Chinese/ZH-Tenor-1/化身孤岛的鲸,0.0
d:\-MindEcho-main\ml_dl_models\gtsinger_multitech\dataset\raw\Chinese\ZH-Alto-1\Mixed_Voice_and_Falsetto\老男孩\Falsetto_Group\0010.wav,0,0.246259,1.81,Chinese,ZH-Alto-1,老男孩,Chinese/ZH-Alto-1/老男孩,0.0
d:\-MindEcho-main\ml_dl_models\gtsinger_multitech\dataset\raw\French\FR-Tenor-1\Glissando\o souverain\Paired_Speech_Group\0017.wav,0,0.579494,2.916,French,FR-Tenor-1,o souverain,French/FR-Tenor-1/o souverain,0.0
d:\-MindEcho-main\ml_dl_models\gtsinger_multitech\dataset\raw\Chinese\ZH-Tenor-1\Mixed_Voice_and_Falsetto\最初的梦想\Control_Group\0008.wav,0,0.15677,1.32,Chinese,ZH-Tenor-1,最初的梦想,Chinese/ZH-Tenor-1/最初的梦想,0.0
"d:\-MindEcho-main\ml_dl_models\gtsinger_multitech\dataset\raw\French\FR-Soprano-1\Mixed_Voice_and_Falsetto\t'es beau,t'es beau\Control_Group\0005.wav",1,0.201806,1.967,French,FR-Soprano-1,"t'es beau,t'es beau","French/FR-Soprano-1/t'es beau,t'es beau",0.31
d:\-MindEcho-main\ml_dl_models\gtsinger_multitech\dataset\raw\Chinese\ZH-Alto-1\Glissando\平凡的一天\Glissando_Group\0006.wav,1,0.192898,2.01,Chinese,ZH-Alto-1,平凡的一天,Chinese/ZH-Alto-1/平凡的一天,0.28
d:\-MindEcho-main\ml_dl_models\gtsinger_multitech\dataset\raw\French\FR-Soprano-1\Breathy\les passagers du vent\Control_Group\0010.wav,1,0.520124,7.728,French,FR-Soprano-1,les passagers du vent,French/FR-Soprano-1/les passagers du vent,0.146
d:\-MindEcho-main\ml_dl_models\gtsinger_multitech\dataset\raw\Chinese\ZH-Alto-1\Pharyngeal\听海\Pharyngeal_Group\0003.wav,0,0.146149,1.228,Chinese,ZH-Alto-1,听海,Chinese/ZH-Alto-1/听海,0.0
d:\-MindEcho-main\ml_dl_models\gtsinger_multitech\dataset\raw\Chinese\ZH-Tenor-1\Vibrato\失落沙洲\Vibrato_Group\0006.wav,0,0.102596,1.225,Chinese,ZH-Tenor-1,失落沙洲,Chinese/ZH-Tenor-1/失落沙洲,0.0
d:\-MindEcho-main\ml_dl_models\gtsinger_multitech\dataset\raw\Chinese\ZH-Tenor-1\Mixed_Voice_and_Falsetto\过火\Control_Group\0006.wav,1,0.265139,1.62,Chinese,ZH-Tenor-1,过火,Chinese/ZH-Tenor-1/过火,0.28
d:\-MindEcho-main\ml_dl_models\gtsinger_multitech\dataset\raw\Chinese\ZH-Tenor-1\Mixed_Voice_and_Falsetto\残酷月光\Falsetto_Group\0020.wav,0,0.523927,3.175,Chinese,ZH-Tenor-1,残酷月光,Chinese/ZH-Tenor-1/残酷月光,0.0
d:\-MindEcho-main\ml_dl_models\gtsinger_multitech\dataset\raw\French\FR-Soprano-1\Mixed_Voice_and_Falsetto\violet snow\Control_Group\0009.wav,0,0.143622,1.315,French,FR-Soprano-1,violet snow,French/FR-Soprano-1/violet snow,0.0
d:\-MindEcho-main\ml_dl_models\gtsinger_multitech\dataset\raw\Chinese\ZH-Tenor-1\Breathy\爱的回归线\Control_Group\0002.wav,1,0.452855,3.41,Chinese,ZH-Tenor-1,爱的回归线,Chinese/ZH-Tenor-1/爱的回归线,0.3
d:\-MindEcho-main\ml_dl_models\gtsinger_multitech\dataset\raw\Chinese\ZH-Alto-1\Mixed_Voice_and_Falsetto\青花瓷\Control_Group\0000.wav,1,0.509872,4.39,Chinese,ZH-Alto-1,青花瓷,Chinese/ZH-Alto-1/青花瓷,0.36
d:\-MindEcho-main\ml_dl_models\gtsinger_multitech\dataset\raw\Chinese\ZH-Tenor-1\Glissando\给电影人的情书\Glissando_Group\0008.wav,0,0.169029,1.324,Chinese,ZH-Tenor-1,给电影人的情书,Chinese/ZH-Tenor-1/给电影人的情书,0.0
d:\-MindEcho-main\ml_dl_models\gtsinger_multitech\dataset\raw\Chinese\ZH-Tenor-1\Breathy\化身孤岛的鲸\Control_Group\0005.wav,0,0.483832,5.97,Chinese,ZH-Tenor-1,化身孤岛的鲸,Chinese/ZH-Tenor-1/化身孤岛的鲸,0.0
d:\-MindEcho-main\ml_dl_models\gtsinger_multitech\dataset\raw\Chinese\ZH-Alto-1\Mixed_Voice_and_Falsetto\可乐\Mixed_Voice_Group\0007.wav,0,0.297297,2.2,Chinese,ZH-Alto-1,可乐,Chinese/ZH-Alto-1/可乐,0.0
d:\-MindEcho-main\ml_dl_models\gtsinger_multitech\dataset\raw\French\FR-Tenor-1\Breathy\ouvre\Control_Group\0001.wav,0,0.214145,4.665,French,FR-Tenor-1,ouvre,French/FR-Tenor-1/ouvre,0.0
d:\-MindEcho-main\ml_dl_models\gtsinger_multitech\dataset\raw\Chinese\ZH-Alto-1\Breathy\江南\Control_Group\0000.wav,1,0.474747,4.23,Chinese,ZH-Alto-1,江南,Chinese/ZH-Alto-1/江南,1.24
d:\-MindEcho-main\ml_dl_models\gtsinger_multitech\dataset\raw\Chinese\ZH-Alto-1\Mixed_Voice_and_Falsetto\三寸天堂\Falsetto_Group\0012.wav,0,0.175589,1.64,Chinese,ZH-Alto-1,三寸天堂,Chinese/ZH-Alto-1/三寸天堂,0.0
d:\-MindEcho-main\ml_dl_models\gtsinger_multitech\dataset\raw\Chinese\ZH-Alto-1\Breathy\失落沙洲\Breathy_Group\0004.wav,0,0.542764,6.226,Chinese,ZH-Alto-1,失落沙洲,Chinese/ZH-Alto-1/失落沙洲,0.0
d:\-MindEcho-main\ml_dl_models\gtsinger_multitech\dataset\raw\Chinese\ZH-Tenor-1\Glissando\我的歌声里\Control_Group\0002.wav,0,0.612976,5.844,Chinese,ZH-Tenor-1,我的歌声里,Chinese/ZH-Tenor-1/我的歌声里,0.0
d:\-MindEcho-main\ml_dl_models\gtsinger_multitech\dataset\raw\Chinese\ZH-Alto-1\Mixed_Voice_and_Falsetto\热雪\Mixed_Voice_Group\0004.wav,0,0.494492,4.04,Chinese,ZH-Alto-1,热雪,Chinese/ZH-Alto-1/热雪,0.0
d:\-MindEcho-main\ml_dl_models\gtsinger_multitech\dataset\raw\Chinese\ZH-Alto-1\Pharyngeal\隐形的翅膀\Pharyngeal_Group\0011.wav,0,0.564332,3.465,Chinese,ZH-Alto-1,隐形的翅膀,Chinese/ZH-Alto-1/隐形的翅膀,0.0
d:\-MindEcho-main\ml_dl_models\gtsinger_multitech\dataset\raw\French\FR-Soprano-1\Mixed_Voice_and_Falsetto\je vole\Control_Group\0001.wav,1,0.567509,6.267,French,FR-Soprano-1,je vole,French/FR-Soprano-1/je vole,1.28
d:\-MindEcho-main\ml_dl_models\gtsinger_multitech\dataset\raw\Chinese\ZH-Tenor-1\Mixed_Voice_and_Falsetto\全世界谁倾听你\Mixed_Voice_Group\0004.wav,0,0.137513,1.36,Chinese,ZH-Tenor-1,全世界谁倾听你,Chinese/ZH-Tenor-1/全世界谁倾听你,0.0
d:\-MindEcho-main\ml_dl_models\gtsinger_multitech\dataset\raw\Chinese\ZH-Alto-1\Mixed_Voice_and_Falsetto\剑伤\Falsetto_Group\0008.wav,0,0.147862,1.245,Chinese,ZH-Alto-1,剑伤,Chinese/ZH-Alto-1/剑伤,0.0
d:\-MindEcho-main\ml_dl_models\gtsinger_multitech\dataset\raw\Chinese\ZH-Tenor-1\Mixed_Voice_and_Falsetto\江南\Control_Group\0009.wav,0,0.12382,1.39,Chinese,ZH-Tenor-1,江南,Chinese/ZH-Tenor-1/江南,0.0
d:\-MindEcho-main\ml_dl_models\gtsinger_multitech\dataset\raw\Chinese\ZH-Tenor-1\Mixed_Voice_and_Falsetto\青花瓷\Falsetto_Group\0008.wav,0,0.488938,3.315,Chinese,ZH-Tenor-1,青花瓷,Chinese/ZH-Tenor-1/青花瓷,0.0
d:\-MindEcho-main\ml_dl_models\gtsinger_multitech\dataset\raw\Chinese\ZH-Tenor-1\Vibrato\末班车\Vibrato_Group\0000.wav,0,0.61526,3.79,Chinese,ZH-Tenor-1,末班车,Chinese/ZH-Tenor-1/末班车,0.0
d:\-MindEcho-main\ml_dl_models\gtsinger_multitech\dataset\raw\Chinese\ZH-Tenor-1\Mixed_Voice_and_Falsetto\倒带\Control_Group\0001.wav,0,0.131523,1.235,Chinese,ZH-Tenor-1,倒带,Chinese/ZH-Tenor-1/倒带,0.0
d:\-MindEcho-main\ml_dl_models\gtsinger_multitech\dataset\raw\Chinese\ZH-Tenor-1\Mixed_Voice_and_Falsetto\讲真的\Control_Group\0018.wav,0,0.151482,1.38,Chinese,ZH-Tenor-1,讲真的,Chinese/ZH-Tenor-1/讲真的,0.0
d:\-MindEcho-main\ml_dl_models\gtsinger_multitech\dataset\raw\French\FR-Soprano-1\Mixed_Voice_and_Falsetto\eviter les roses\Mixed_Voice_Group\0004.wav,0,0.271873,2.2,French,FR-Soprano-1,eviter les roses,French/FR-Soprano-1/eviter les roses,0.0
d:\-MindEcho-main\ml_dl_models\gtsinger_multitech\dataset\raw\French\FR-Tenor-1\Breathy\avant\Control_Group\0000.wav,0,0.110231,1.503,French,FR-Tenor-1,avant,French/FR-Tenor-1/avant,0.0
d:\-MindEcho-main\ml_dl_models\gtsinger_multitech\dataset\raw\Chinese\ZH-Tenor-1\Mixed_Voice_and_Falsetto\全世界谁倾听你\Mixed_Voice_Group\0013.wav,0,0.142281,1.41,Chinese,ZH-Tenor-1,全世界谁倾听你,Chinese/ZH-Tenor-1/全世界谁倾听你,0.0
d:\-MindEcho-main\ml_dl_models\gtsinger_multitech\dataset\raw\French\FR-Soprano-1\Breathy\le balcon\Control_Group\0007.wav,1,0.695868,6.803,French,FR-Soprano-1,le balcon,French/FR-Soprano-1/le balcon,0.467
d:\-MindEcho-main\ml_dl_models\gtsinger_multitech\dataset\raw\Chinese\ZH-Tenor-1\Pharyngeal\最初的梦想\Control_Group\0018.wav,0,0.500868,5.77,Chinese,ZH-Tenor-1,最初的梦想,Chinese/ZH-Tenor-1/最初的梦想,0.0
d:\-MindEcho-main\ml_dl_models\gtsinger_multitech\dataset\raw\Chinese\ZH-Tenor-1\Vibrato\从前慢\Control_Group\0011.wav,0,0.606128,4.175,Chinese,ZH-Tenor-1,从前慢,Chinese/ZH-Tenor-1/从前慢,0.0
d:\-MindEcho-main\ml_dl_models\gtsinger_multitech\dataset\raw\French\FR-Soprano-1\Mixed_Voice_and_Falsetto\lentement\Control_Group\0003.wav,1,0.253796,2.49,French,FR-Soprano-1,lentement,French/FR-Soprano-1/lentement,0.121
d:\-MindEcho-main\ml_dl_models\gtsinger_multitech\dataset\raw\Chinese\ZH-Alto-1\Pharyngeal\没那么简单\Pharyngeal_Group\0014.wav,0,0.146687,1.395,Chinese,ZH-Alto-1,没那么简单,Chinese/ZH-Alto-1/没那么简单,0.0
d:\-MindEcho-main\ml_dl_models\gtsinger_multitech\dataset\raw\Chinese\ZH-Tenor-1\Mixed_Voice_and_Falsetto\讲真的\Control_Group\0011.wav,1,0.280112,2.0,Chinese,ZH-Tenor-1,讲真的,Chinese/ZH-Tenor-1/讲真的,0.8
d:\-MindEcho-main\ml_dl_models\gtsinger_multitech\dataset\raw\Chinese\ZH-Alto-1\Mixed_Voice_and_Falsetto\烟花易冷\Control_Group\0000.wav,1,0.680982,4.44,Chinese,ZH-Alto-1,烟花易冷,Chinese/ZH-Alto-1/烟花易冷,0.36
d:\-MindEcho-main\ml_dl_models\gtsinger_multitech\dataset\raw\Chinese\ZH-Tenor-1\Mixed_Voice_and_Falsetto\后来\Falsetto_Group\0005.wav,0,0.493168,7.94,Chinese,ZH-Tenor-1,后来,Chinese/ZH-Tenor-1/后来,0.0
d:\-MindEcho-main\ml_dl_models\gtsinger_multitech\dataset\raw\Chinese\ZH-Tenor-1\Mixed_Voice_and_Falsetto\走着走着就散了\Mixed_Voice_Group\0010.wav,1,0.579133,5.745,Chinese,ZH-Tenor-1,走着走着就散了,Chinese/ZH-Tenor-1/走着走着就散了,0.43
d:\-MindEcho-main\ml_dl_models\gtsinger_multitech\dataset\raw\Chinese\ZH-Alto-1\Mixed_Voice_and_Falsetto\贝加尔湖畔\Falsetto_Group\0006.wav,0,0.583529,4.96,Chinese,ZH-Alto-1,贝加尔湖畔,Chinese/ZH-Alto-1/贝加尔湖畔,0.0
d:\-MindEcho-main\ml_dl_models\gtsinger_multitech\dataset\raw\French\FR-Soprano-1\Mixed_Voice_and_Falsetto\lentement\Control_Group\0011.wav,1,0.306765,2.662,French,FR-Soprano-1,lentement,French/FR-Soprano-1/lentement,0.141
d:\-MindEcho-main\ml_dl_models\gtsinger_multitech\dataset\raw\French\FR-Soprano-1\Mixed_Voice_and_Falsetto\lentement\Paired_Speech_Group\0000.wav,0,0.48119,1.266,French,FR-Soprano-1,lentement,French/FR-Soprano-1/lentement,0.0
d:\-MindEcho-main\ml_dl_models\gtsinger_multitech\dataset\raw\Chinese\ZH-Alto-1\Vibrato\我真的受伤了\Control_Group\0003.wav,0,0.489826,3.106,Chinese,ZH-Alto-1,我真的受伤了,Chinese/ZH-Alto-1/我真的受伤了,0.0
d:\-MindEcho-main\ml_dl_models\gtsinger_multitech\dataset\raw\Chinese\ZH-Alto-1\Mixed_Voice_and_Falsetto\化身孤岛的鲸\Falsetto_Group\0010.wav,0,0.494196,2.98,Chinese,ZH-Alto-1,化身孤岛的鲸,Chinese/ZH-Alto-1/化身孤岛的鲸,0.0
d:\-MindEcho-main\ml_dl_models\gtsinger_multitech\dataset\raw\Chinese\ZH-Alto-1\Mixed_Voice_and_Falsetto\可乐\Falsetto_Group\0001.wav,0,0.510883,3.99,Chinese,ZH-Alto-1,可乐,Chinese/ZH-Alto-1/可乐,0.0
d:\-MindEcho-main\ml_dl_models\gtsinger_multitech\dataset\raw\Chinese\ZH-Tenor-1\Pharyngeal\全世界谁倾听你\Control_Group\0008.wav,1,0.531333,5.35,Chinese,ZH-Tenor-1,全世界谁倾听你,Chinese/ZH-Tenor-1/全世界谁倾听你,0.24
d:\-MindEcho-main\ml_dl_models\gtsinger_multitech\dataset\raw\French\FR-Soprano-1\Mixed_Voice_and_Falsetto\vivre a en crever\Control_Group\0000.wav,1,0.527762,4.562,French,FR-Soprano-1,vivre a en crever,French/FR-Soprano-1/vivre a en crever,0.501
d:\-MindEcho-main\ml_dl_models\gtsinger_multitech\dataset\raw\French\FR-Tenor-1\Breathy\ouvre\Breathy_Group\0001.wav,1,0.943244,20.674,French,FR-Tenor-1,ouvre,French/FR-Tenor-1/ouvre,0.938
d:\-MindEcho-main\ml_dl_models\gtsinger_multitech\dataset\raw\Chinese\ZH-Alto-1\Vibrato\南山南\Vibrato_Group\0005.wav,1,0.169254,2.29,Chinese,ZH-Alto-1,南山南,Chinese/ZH-Alto-1/南山南,0.3
d:\-MindEcho-main\ml_dl_models\gtsinger_multitech\dataset\raw\Chinese\ZH-Tenor-1\Breathy\给电影人的情书\Breathy_Group\0002.wav,1,0.24871,2.313,Chinese,ZH-Tenor-1,给电影人的情书,Chinese/ZH-Tenor-1/给电影人的情书,0.406
d:\-MindEcho-main\ml_dl_models\gtsinger_multitech\dataset\raw\Chinese\ZH-Alto-1\Glissando\曹操\Control_Group\0002.wav,1,0.13302,1.601,Chinese,ZH-Alto-1,曹操,Chinese/ZH-Alto-1/曹操,0.283
d:\-MindEcho-main\ml_dl_models\gtsinger_multitech\dataset\raw\Chinese\ZH-Alto-1\Breathy\不再见\Control_Group\0011.wav,1,0.495868,3.6,Chinese,ZH-Alto-1,不再见,Chinese/ZH-Alto-1/不再见,0.4
d:\-MindEcho-main\ml_dl_models\gtsinger_multitech\dataset\raw\Chinese\ZH-Tenor-1\Mixed_Voice_and_Falsetto\想自由\Control_Group\0005.wav,1,0.491217,3.16,Chinese,ZH-Tenor-1,想自由,Chinese/ZH-Tenor-1/想自由,0.48
d:\-MindEcho-main\ml_dl_models\gtsinger_multitech\dataset\raw\French\FR-Soprano-1\Glissando\la fuite\Paired_Speech_Group\0003.wav,0,0.618227,3.822,French,FR-Soprano-1,la fuite,French/FR-Soprano-1/la fuite,0.0
d:\-MindEcho-main\ml_dl_models\gtsinger_multitech\dataset\raw\French\FR-Soprano-1\Pharyngeal\vivre a en crever\Control_Group\0002.wav,1,0.091278,0.867,French,FR-Soprano-1,vivre a en crever,French/FR-Soprano-1/vivre a en crever,0.455
d:\-MindEcho-main\ml_dl_models\gtsinger_multitech\dataset\raw\French\FR-Tenor-1\Breathy\manon\Control_Group\0004.wav,0,0.356601,5.313,French,FR-Tenor-1,manon,French/FR-Tenor-1/manon,0.0
d:\-MindEcho-main\ml_dl_models\gtsinger_multitech\dataset\raw\French\FR-Soprano-1\Mixed_Voice_and_Falsetto\le dernier train\Falsetto_Group\0006.wav,0,0.526939,4.734,French,FR-Soprano-1,le dernier train,French/FR-Soprano-1/le dernier train,0.0
d:\-MindEcho-main\ml_dl_models\gtsinger_multitech\dataset\raw\Chinese\ZH-Alto-1\Breathy\匆匆那年\Control_Group\0000.wav,0,0.564968,7.04,Chinese,ZH-Alto-1,匆匆那年,Chinese/ZH-Alto-1/匆匆那年,0.0
d:\-MindEcho-main\ml_dl_models\gtsinger_multitech\dataset\raw\French\FR-Soprano-1\Glissando\donnez-moi\Control_Group\0003.wav,1,0.191827,2.288,French,FR-Soprano-1,donnez-moi,French/FR-Soprano-1/donnez-moi,0.355
d:\-MindEcho-main\ml_dl_models\gtsinger_multitech\dataset\raw\French\FR-Soprano-1\Breathy\les passagers du vent\Control_Group\0005.wav,1,0.337859,5.247,French,FR-Soprano-1,les passagers du vent,French/FR-Soprano-1/les passagers du vent,0.113
d:\-MindEcho-main\ml_dl_models\gtsinger_multitech\dataset\raw\French\FR-Soprano-1\Breathy\soleil solleil\Breathy_Group\0002.wav,0,0.077054,1.226,French,FR-Soprano-1,soleil solleil,French/FR-Soprano-1/soleil solleil,0.0
d:\-MindEcho-main\ml_dl_models\gtsinger_multitech\dataset\raw\Chinese\ZH-Alto-1\Glissando\曹操\Glissando_Group\0001.wav,1,0.759422,6.045,Chinese,ZH-Alto-1,曹操,Chinese/ZH-Alto-1/曹操,0.53
d:\-MindEcho-main\ml_dl_models\gtsinger_multitech\dataset\raw\French\FR-Soprano-1\Vibrato\les souvenirs\Paired_Speech_Group\0007.wav,0,0.554746,3.997,French,FR-Soprano-1,les souvenirs,French/FR-Soprano-1/les souvenirs,0.0
d:\-MindEcho-main\ml_dl_models\gtsinger_multitech\dataset\raw\Chinese\ZH-Tenor-1\Mixed_Voice_and_Falsetto\讲真的\Falsetto_Group\0016.wav,0,0.150671,1.46,Chinese,ZH-Tenor-1,讲真的,Chinese/ZH-Tenor-1/讲真的,0.0
d:\-MindEcho-main\ml_dl_models\gtsinger_multitech\dataset\raw\Chinese\ZH-Tenor-1\Mixed_Voice_and_Falsetto\讲真的\Mixed_Voice_Group\0015.wav,0,0.505894,5.15,Chinese,ZH-Tenor-1,讲真的,Chinese/ZH-Tenor-1/讲真的,0.0
d:\-MindEcho-main\ml_dl_models\gtsinger_multitech\dataset\raw\French\FR-Soprano-1\Pharyngeal\vivre a en crever\Pharyngeal_Group\0000.wav,0,0.100945,1.335,French,FR-Soprano-1,vivre a en crever,French/FR-Soprano-1/vivre a en crever,0.0
d:\-MindEcho-main\ml_dl_models\gtsinger_multitech\dataset\raw\Chinese\ZH-Tenor-1\Glissando\空白格\Glissando_Group\0002.wav,0,0.527778,4.085,Chinese,ZH-Tenor-1,空白格,Chinese/ZH-Tenor-1/空白格,0.0
d:\-MindEcho-main\ml_dl_models\gtsinger_multitech\dataset\raw\Chinese\ZH-Alto-1\Mixed_Voice_and_Falsetto\烟花易冷\Falsetto_Group\0009.wav,1,0.334239,2.46,Chinese,ZH-Alto-1,烟花易冷,Chinese/ZH-Alto-1/烟花易冷,0.48
d:\-MindEcho-main\ml_dl_models\gtsinger_multitech\dataset\raw\Chinese\ZH-Alto-1\Vibrato\年轮\Control_Group\0001.wav,1,0.482906,3.955,Chinese,ZH-Alto-1,年轮,Chinese/ZH-Alto-1/年轮,0.49
d:\-MindEcho-main\ml_dl_models\gtsinger_multitech\dataset\raw\Chinese\ZH-Alto-1\Breathy\江南\Breathy_Group\0009.wav,1,0.189133,2.75,Chinese,ZH-Alto-1,江南,Chinese/ZH-Alto-1/江南,0.44
d:\-MindEcho-main\ml_dl_models\gtsinger_multitech\dataset\raw\French\FR-Soprano-1\Breathy\anxiete\Breathy_Group\0004.wav,0,0.092377,1.236,French,FR-Soprano-1,anxiete,French/FR-Soprano-1/anxiete,0.0
d:\-MindEcho-main\ml_dl_models\gtsinger_multitech\dataset\raw\Chinese\ZH-Alto-1\Breathy\江南\Breathy_Group\0007.wav,0,0.632095,6.637,Chinese,ZH-Alto-1,江南,Chinese/ZH-Alto-1/江南,0.0
d:\-MindEcho-main\ml_dl_models\gtsinger_multitech\dataset\raw\Chinese\ZH-Alto-1\Mixed_Voice_and_Falsetto\最长的电影\Control_Group\0009.wav,1,0.648171,5.315,Chinese,ZH-Alto-1,最长的电影,Chinese/ZH-Alto-1/最长的电影,0.27
d:\-MindEcho-main\ml_dl_models\gtsinger_multitech\dataset\raw\Chinese\ZH-Tenor-1\Mixed_Voice_and_Falsetto\过火\Falsetto_Group\0015.wav,0,0.484082,3.254,Chinese,ZH-Tenor-1,过火,Chinese/ZH-Tenor-1/过火,0.0
d:\-MindEcho-main\ml_dl_models\gtsinger_multitech\dataset\raw\Chinese\ZH-Tenor-1\Vibrato\知足\Control_Group\0002.wav,1,0.656863,5.695,Chinese,ZH-Tenor-1,知足,Chinese/ZH-Tenor-1/知足,0.79
d:\-MindEcho-main\ml_dl_models\gtsinger_multitech\dataset\raw\Chinese\ZH-Alto-1\Mixed_Voice_and_Falsetto\后来\Falsetto_Group\0001.wav,1,0.710974,4.6,Chinese,ZH-Alto-1,后来,Chinese/ZH-Alto-1/后来,0.46
d:\-MindEcho-main\ml_dl_models\gtsinger_multitech\dataset\raw\Chinese\ZH-Alto-1\Breathy\知足\Breathy_Group\0010.wav,0,0.547235,4.75,Chinese,ZH-Alto-1,知足,Chinese/ZH-Alto-1/知足,0.0
d:\-MindEcho-main\ml_dl_models\gtsinger_multitech\dataset\raw\Chinese\ZH-Tenor-1\Mixed_Voice_and_Falsetto\倒带\Mixed_Voice_Group\0012.wav,1,0.464543,4.52,Chinese,ZH-Tenor-1,倒带,Chinese/ZH-Tenor-1/倒带,1.18
d:\-MindEcho-main\ml_dl_models\gtsinger_multitech\dataset\raw\Chinese\ZH-Tenor-1\Mixed_Voice_and_Falsetto\走着走着就散了\Falsetto_Group\0002.wav,0,0.177363,1.52,Chinese,ZH-Tenor-1,走着走着就散了,Chinese/ZH-Tenor-1/走着走着就散了,0.0
d:\-MindEcho-main\ml_dl_models\gtsinger_multitech\dataset\raw\Chinese\ZH-Alto-1\Mixed_Voice_and_Falsetto\三寸天堂\Falsetto_Group\0004.wav,1,0.295455,1.82,Chinese,ZH-Alto-1,三寸天堂,Chinese/ZH-Alto-1/三寸天堂,0.34
d:\-MindEcho-main\ml_dl_models\gtsinger_multitech\dataset\raw\Chinese\ZH-Tenor-1\Glissando\不染\Glissando_Group\0015.wav,0,0.206901,1.451,Chinese,ZH-Tenor-1,不染,Chinese/ZH-Tenor-1/不染,0.0
d:\-MindEcho-main\ml_dl_models\gtsinger_multitech\dataset\raw\Chinese\ZH-Tenor-1\Breathy\慢慢喜欢你\Control_Group\0010.wav,0,0.517719,4.675,Chinese,ZH-Tenor-1,慢慢喜欢你,Chinese/ZH-Tenor-1/慢慢喜欢你,0.0
d:\-MindEcho-main\ml_dl_models\gtsinger_multitech\dataset\raw\Chinese\ZH-Tenor-1\Mixed_Voice_and_Falsetto\老男孩\Control_Group\0012.wav,0,0.475183,5.84,Chinese,ZH-Tenor-1,老男孩,Chinese/ZH-Tenor-1/老男孩,0.0
d:\-MindEcho-main\ml_dl_models\gtsinger_multitech\dataset\raw\Chinese\ZH-Tenor-1\Breathy\慢慢喜欢你\Breathy_Group\0008.wav,1,0.489104,4.04,Chinese,ZH-Tenor-1,慢慢喜欢你,Chinese/ZH-Tenor-1/慢慢喜欢你,0.36
d:\-MindEcho-main\ml_dl_models\gtsinger_multitech\dataset\raw\Chinese\ZH-Tenor-1\Glissando\不染\Control_Group\0032.wav,1,0.357132,2.338,Chinese,ZH-Tenor-1,不染,Chinese/ZH-Tenor-1/不染,0.359
d:\-MindEcho-main\ml_dl_models\gtsinger_multitech\dataset\raw\Chinese\ZH-Tenor-1\Mixed_Voice_and_Falsetto\情歌\Mixed_Voice_Group\0005.wav,0,0.637753,4.375,Chinese,ZH-Tenor-1,情歌,Chinese/ZH-Tenor-1/情歌,0.0
d:\-MindEcho-main\ml_dl_models\gtsinger_multitech\dataset\raw\Chinese\ZH-Tenor-1\Mixed_Voice_and_Falsetto\青花瓷\Control_Group\0017.wav,0,0.472358,2.905,Chinese,ZH-Tenor-1,青花瓷,Chinese/ZH-Tenor-1/青花瓷,0.0
d:\-MindEcho-main\ml_dl_models\gtsinger_multitech\dataset\raw\Chinese\ZH-Alto-1\Mixed_Voice_and_Falsetto\知足\Control_Group\0013.wav,0,0.599384,3.89,Chinese,ZH-Alto-1,知足,Chinese/ZH-Alto-1/知足,0.0
d:\-MindEcho-main\ml_dl_models\gtsinger_multitech\dataset\raw\Chinese\ZH-Tenor-1\Mixed_Voice_and_Falsetto\一次就好\Falsetto_Group\0011.wav,0,0.662829,4.03,Chinese,ZH-Tenor-1,一次就好,Chinese/ZH-Tenor-1/一次就好,0.0
d:\-MindEcho-main\ml_dl_models\gtsinger_multitech\dataset\raw\Chinese\ZH-Tenor-1\Vibrato\从前慢\Control_Group\0011.wav,1,0.410135,2.825,Chinese,ZH-Tenor-1,从前慢,Chinese/ZH-Tenor-1/从前慢,0.39
d:\-MindEcho-main\ml_dl_models\gtsinger_multitech\dataset\raw\Chinese\ZH-Tenor-1\Mixed_Voice_and_Falsetto\一次就好\Mixed_Voice_Group\0006.wav,0,0.244123,1.35,Chinese,ZH-Tenor-1,一次就好,Chinese/ZH-Tenor-1/一次就好,0.0
d:\-MindEcho-main\ml_dl_models\gtsinger_multitech\dataset\raw\French\FR-Soprano-1\Breathy\la famillle que l'on a choisie\Control_Group\0001.wav,1,0.86677,8.766,French,FR-Soprano-1,la famillle que l'on a choisie,French/FR-Soprano-1/la famillle que l'on a choisie,0.482
d:\-MindEcho-main\ml_dl_models\gtsinger_multitech\dataset\raw\French\FR-Soprano-1\Breathy\2019\Control_Group\0005.wav,1,0.666347,6.952,French,FR-Soprano-1,2019,French/FR-Soprano-1/2019,0.72
d:\-MindEcho-main\ml_dl_models\gtsinger_multitech\dataset\raw\French\FR-Soprano-1\Mixed_Voice_and_Falsetto\le dernier train\Falsetto_Group\0011.wav,1,0.836466,11.834,French,FR-Soprano-1,le dernier train,French/FR-Soprano-1/le dernier train,0.141
d:\-MindEcho-main\ml_dl_models\gtsinger_multitech\dataset\raw\Chinese\ZH-Tenor-1\Breathy\传奇\Control_Group\0010.wav,0,0.571665,5.185,Chinese,ZH-Tenor-1,传奇,Chinese/ZH-Tenor-1/传奇,0.0
d:\-MindEcho-main\ml_dl_models\gtsinger_multitech\dataset\raw\Chinese\ZH-Tenor-1\Mixed_Voice_and_Falsetto\修炼爱情\Falsetto_Group\0002.wav,0,0.203228,2.33,Chinese,ZH-Tenor-1,修炼爱情,Chinese/ZH-Tenor-1/修炼爱情,0.0
d:\-MindEcho-main\ml_dl_models\gtsinger_multitech\dataset\raw\French\FR-Soprano-1\Mixed_Voice_and_Falsetto\le dernier train\Falsetto_Group\0001.wav,1,0.232145,2.324,French,FR-Soprano-1,le dernier train,French/FR-Soprano-1/le dernier train,0.87
d:\-MindEcho-main\ml_dl_models\gtsinger_multitech\dataset\raw\French\FR-Soprano-1\Pharyngeal\je ne veux pas de toi\Control_Group\0002.wav,0,0.22467,2.33,French,FR-Soprano-1,je ne veux pas de toi,French/FR-Soprano-1/je ne veux pas de toi,0.0
d:\-MindEcho-main\ml_dl_models\gtsinger_multitech\dataset\raw\Chinese\ZH-Tenor-1\Mixed_Voice_and_Falsetto\老男孩\Falsetto_Group\0006.wav,1,0.52657,3.27,Chinese,ZH-Tenor-1,老男孩,Chinese/ZH-Tenor-1/老男孩,0.54
d:\-MindEcho-main\ml_dl_models\gtsinger_multitech\dataset\raw\Chinese\ZH-Alto-1\Mixed_Voice_and_Falsetto\贝加尔湖畔\Mixed_Voice_Group\0003.wav,0,0.196352,1.561,Chinese,ZH-Alto-1,贝加尔湖畔,Chinese/ZH-Alto-1/贝加尔湖畔,0.0
d:\-MindEcho-main\ml_dl_models\gtsinger_multitech\dataset\raw\Chinese\ZH-Tenor-1\Glissando\倒带\Glissando_Group\0011.wav,0,0.201538,1.625,Chinese,ZH-Tenor-1,倒带,Chinese/ZH-Tenor-1/倒带,0.0
d:\-MindEcho-main\ml_dl_models\gtsinger_multitech\dataset\raw\French\FR-Soprano-1\Pharyngeal\vivre a en crever\Control_Group\0002.wav,1,0.372794,4.901,French,FR-Soprano-1,vivre a en crever,French/FR-Soprano-1/vivre a en crever,0.458
d:\-MindEcho-main\ml_dl_models\gtsinger_multitech\dataset\raw\Chinese\ZH-Alto-1\Pharyngeal\失落沙洲\Pharyngeal_Group\0004.wav,0,0.386841,3.675,Chinese,ZH-Alto-1,失落沙洲,Chinese/ZH-Alto-1/失落沙洲,0.0
d:\-MindEcho-main\ml_dl_models\gtsinger_multitech\dataset\raw\French\FR-Soprano-1\Mixed_Voice_and_Falsetto\comment deja\Control_Group\0003.wav,1,0.512645,4.764,French,FR-Soprano-1,comment deja,French/FR-Soprano-1/comment deja,0.536
d:\-MindEcho-main\ml_dl_models\gtsinger_multitech\dataset\raw\Chinese\ZH-Tenor-1\Breathy\给电影人的情书\Breathy_Group\0006.wav,0,0.522155,6.01,Chinese,ZH-Tenor-1,给电影人的情书,Chinese/ZH-Tenor-1/给电影人的情书,0.0
d:\-MindEcho-main\ml_dl_models\gtsinger_multitech\dataset\raw\French\FR-Soprano-1\Mixed_Voice_and_Falsetto\nos ballades\Mixed_Voice_Group\0008.wav,1,0.802537,8.921,French,FR-Soprano-1,nos ballades,French/FR-Soprano-1/nos ballades,0.47
d:\-MindEcho-main\ml_dl_models\gtsinger_multitech\dataset\raw\Chinese\ZH-Alto-1\Breathy\知足\Control_Group\0000.wav,1,0.495792,3.535,Chinese,ZH-Alto-1,知足,Chinese/ZH-Alto-1/知足,0.43
d:\-MindEcho-main\ml_dl_models\gtsinger_multitech\dataset\raw\Chinese\ZH-Alto-1\Mixed_Voice_and_Falsetto\后来\Control_Group\0004.wav,1,0.221012,2.84,Chinese,ZH-Alto-1,后来,Chinese/ZH-Alto-1/后来,0.44
d:\-MindEcho-main\ml_dl_models\gtsinger_multitech\dataset\raw\Chinese\ZH-Alto-1\Breathy\默\Breathy_Group\0004.wav,0,0.101467,1.245,Chinese,ZH-Alto-1,默,Chinese/ZH-Alto-1/默,0.0
d:\-MindEcho-main\ml_dl_models\gtsinger_multitech\dataset\raw\Chinese\ZH-Alto-1\Mixed_Voice_and_Falsetto\化身孤岛的鲸\Control_Group\0004.wav,0,0.620495,5.51,Chinese,ZH-Alto-1,化身孤岛的鲸,Chinese/ZH-Alto-1/化身孤岛的鲸,0.0
d:\-MindEcho-main\ml_dl_models\gtsinger_multitech\dataset\raw\Chinese\ZH-Tenor-1\Mixed_Voice_and_Falsetto\残酷月光\Control_Group\0015.wav,1,0.50447,3.95,Chinese,ZH-Tenor-1,残酷月光,Chinese/ZH-Tenor-1/残酷月光,0.34
d:\-MindEcho-main\ml_dl_models\gtsinger_multitech\dataset\raw\French\FR-Soprano-1\Pharyngeal\je ne sais pas choisir\Pharyngeal_Group\0003.wav,1,0.121914,0.43,French,FR-Soprano-1,je ne sais pas choisir,French/FR-Soprano-1/je ne sais pas choisir,0.86
d:\-MindEcho-main\ml_dl_models\gtsinger_multitech\dataset\raw\French\FR-Soprano-1\Pharyngeal\+la vie\Pharyngeal_Group\0001.wav,0,0.336683,3.116,French,FR-Soprano-1,+la vie,French/FR-Soprano-1/+la vie,0.0
d:\-MindEcho-main\ml_dl_models\gtsinger_multitech\dataset\raw\Chinese\ZH-Alto-1\Breathy\可乐\Breathy_Group\0006.wav,0,0.6169,4.855,Chinese,ZH-Alto-1,可乐,Chinese/ZH-Alto-1/可乐,0.0
d:\-MindEcho-main\ml_dl_models\gtsinger_multitech\dataset\raw\Chinese\ZH-Tenor-1\Mixed_Voice_and_Falsetto\不能说的秘密\Mixed_Voice_Group\0000.wav,0,0.507463,4.59,Chinese,ZH-Tenor-1,不能说的秘密,Chinese/ZH-Tenor-1/不能说的秘密,0.0
d:\-MindEcho-main\ml_dl_models\gtsinger_multitech\dataset\raw\French\FR-Soprano-1\Breathy\adieu mon homme\Control_Group\0000.wav,1,0.427734,5.363,French,FR-Soprano-1,adieu mon homme,French/FR-Soprano-1/adieu mon homme,0.601
d:\-MindEcho-main\ml_dl_models\gtsinger_multitech\dataset\raw\Chinese\ZH-Tenor-1\Vibrato\我真的受伤了\Vibrato_Group\0004.wav,0,0.247399,1.474,Chinese,ZH-Tenor-1,我真的受伤了,Chinese/ZH-Tenor-1/我真的受伤了,0.0
d:\-MindEcho-main\ml_dl_models\gtsinger_multitech\dataset\raw\Chinese\ZH-Tenor-1\Pharyngeal\传奇\Pharyngeal_Group\0003.wav,0,0.578356,8.23,Chinese,ZH-Tenor-1,传奇,Chinese/ZH-Tenor-1/传奇,0.0
d:\-MindEcho-main\ml_dl_models\gtsinger_multitech\dataset\raw\Chinese\ZH-Alto-1\Glissando\青花瓷\Glissando_Group\0001.wav,1,0.421194,5.505,Chinese,ZH-Alto-1,青花瓷,Chinese/ZH-Alto-1/青花瓷,0.19
d:\-MindEcho-main\ml_dl_models\gtsinger_multitech\dataset\raw\Chinese\ZH-Tenor-1\Mixed_Voice_and_Falsetto\青花瓷\Mixed_Voice_Group\0003.wav,0,0.547335,5.955,Chinese,ZH-Tenor-1,青花瓷,Chinese/ZH-Tenor-1/青花瓷,0.0
d:\-MindEcho-main\ml_dl_models\gtsinger_multitech\dataset\raw\French\FR-Soprano-1\Mixed_Voice_and_Falsetto\chez moi\Control_Group\0001.wav,1,0.147362,2.07,French,FR-Soprano-1,chez moi,French/FR-Soprano-1/chez moi,1.98
d:\-MindEcho-main\ml_dl_models\gtsinger_multitech\dataset\raw\French\FR-Soprano-1\Breathy\le balcon\Paired_Speech_Group\0002.wav,0,0.59221,2.691,French,FR-Soprano-1,le balcon,French/FR-Soprano-1/le balcon,0.0
d:\-MindEcho-main\ml_dl_models\gtsinger_multitech\dataset\raw\French\FR-Tenor-1\Breathy\manon\Control_Group\0010.wav,1,0.902161,11.939,French,FR-Tenor-1,manon,French/FR-Tenor-1/manon,0.653
d:\-MindEcho-main\ml_dl_models\gtsinger_multitech\dataset\raw\Chinese\ZH-Alto-1\Mixed_Voice_and_Falsetto\后来\Falsetto_Group\0008.wav,0,0.664935,7.68,Chinese,ZH-Alto-1,后来,Chinese/ZH-Alto-1/后来,0.0
d:\-MindEcho-main\ml_dl_models\gtsinger_multitech\dataset\raw\Chinese\ZH-Alto-1\Mixed_Voice_and_Falsetto\一次就好\Control_Group\0001.wav,0,0.125338,1.39,Chinese,ZH-Alto-1,一次就好,Chinese/ZH-Alto-1/一次就好,0.0
d:\-MindEcho-main\ml_dl_models\gtsinger_multitech\dataset\raw\Chinese\ZH-Alto-1\Mixed_Voice_and_Falsetto\鸽子\Control_Group\0005.wav,1,0.550429,5.13,Chinese,ZH-Alto-1,鸽子,Chinese/ZH-Alto-1/鸽子,0.32
d:\-MindEcho-main\ml_dl_models\gtsinger_multitech\dataset\raw\Chinese\ZH-Alto-1\Mixed_Voice_and_Falsetto\烟花易冷\Mixed_Voice_Group\0001.wav,0,0.541132,3.414,Chinese,ZH-Alto-1,烟花易冷,Chinese/ZH-Alto-1/烟花易冷,0.0
d:\-MindEcho-main\ml_dl_models\gtsinger_multitech\dataset\raw\Chinese\ZH-Tenor-1\Mixed_Voice_and_Falsetto\平凡之路\Mixed_Voice_Group\0010.wav,0,0.604665,5.055,Chinese,ZH-Tenor-1,平凡之路,Chinese/ZH-Tenor-1/平凡之路,0.0
d:\-MindEcho-main\ml_dl_models\gtsinger_multitech\dataset\raw\Chinese\ZH-Tenor-1\Mixed_Voice_and_Falsetto\后来\Control_Group\0000.wav,0,0.343915,2.6,Chinese,ZH-Tenor-1,后来,Chinese/ZH-Tenor-1/后来,0.0
d:\-MindEcho-main\ml_dl_models\gtsinger_multitech\dataset\raw\Chinese\ZH-Tenor-1\Mixed_Voice_and_Falsetto\老男孩\Mixed_Voice_Group\0008.wav,0,0.216075,1.363,Chinese,ZH-Tenor-1,老男孩,Chinese/ZH-Tenor-1/老男孩,0.0
d:\-MindEcho-main\ml_dl_models\gtsinger_multitech\dataset\raw\Chinese\ZH-Alto-1\Glissando\热雪\Glissando_Group\0002.wav,0,0.224619,1.455,Chinese,ZH-Alto-1,热雪,Chinese/ZH-Alto-1/热雪,0.0
d:\-MindEcho-main\ml_dl_models\gtsinger_multitech\dataset\raw\French\FR-Soprano-1\Mixed_Voice_and_Falsetto\la gloire a mes genoux\Control_Group\0002.wav,1,0.121854,1.656,French,FR-Soprano-1,la gloire a mes genoux,French/FR-Soprano-1/la gloire a mes genoux,0.19
d:\-MindEcho-main\ml_dl_models\gtsinger_multitech\dataset\raw\Chinese\ZH-Alto-1\Mixed_Voice_and_Falsetto\平凡的一天\Mixed_Voice_Group\0007.wav,0,0.125094,1.655,Chinese,ZH-Alto-1,平凡的一天,Chinese/ZH-Alto-1/平凡的一天,0.0
d:\-MindEcho-main\ml_dl_models\gtsinger_multitech\dataset\raw\Chinese\ZH-Tenor-1\Glissando\倒带\Glissando_Group\0024.wav,0,0.097297,1.26,Chinese,ZH-Tenor-1,倒带,Chinese/ZH-Tenor-1/倒带,0.0
d:\-MindEcho-main\ml_dl_models\gtsinger_multitech\dataset\raw\Chinese\ZH-Alto-1\Mixed_Voice_and_Falsetto\时间煮雨\Mixed_Voice_Group\0005.wav,1,0.487135,4.676,Chinese,ZH-Alto-1,时间煮雨,Chinese/ZH-Alto-1/时间煮雨,1.187
d:\-MindEcho-main\ml_dl_models\gtsinger_multitech\dataset\raw\Chinese\ZH-Alto-1\Breathy\可乐\Control_Group\0005.wav,0,0.555764,4.435,Chinese,ZH-Alto-1,可乐,Chinese/ZH-Alto-1/可乐,0.0
d:\-MindEcho-main\ml_dl_models\gtsinger_multitech\dataset\raw\French\FR-Tenor-1\Glissando\pourquoi\Control_Group\0002.wav,1,0.87686,9.432,French,FR-Tenor-1,pourquoi,French/FR-Tenor-1/pourquoi,0.625
d:\-MindEcho-main\ml_dl_models\gtsinger_multitech\dataset\raw\French\FR-Soprano-1\Breathy\les passagers du vent\Breathy_Group\0007.wav,1,0.732722,12.616,French,FR-Soprano-1,les passagers du vent,French/FR-Soprano-1/les passagers du vent,1.316
d:\-MindEcho-main\ml_dl_models\gtsinger_multitech\dataset\raw\Chinese\ZH-Tenor-1\Breathy\传奇\Control_Group\0014.wav,1,0.458759,5.395,Chinese,ZH-Tenor-1,传奇,Chinese/ZH-Tenor-1/传奇,1.25
d:\-MindEcho-main\ml_dl_models\gtsinger_multitech\dataset\raw\Chinese\ZH-Alto-1\Mixed_Voice_and_Falsetto\我的歌声里\Falsetto_Group\0015.wav,1,0.21561,1.895,Chinese,ZH-Alto-1,我的歌声里,Chinese/ZH-Alto-1/我的歌声里,0.31
d:\-MindEcho-main\ml_dl_models\gtsinger_multitech\dataset\raw\French\FR-Soprano-1\Mixed_Voice_and_Falsetto\magic boul'vard\Control_Group\0008.wav,0,0.263489,2.725,French,FR-Soprano-1,magic boul'vard,French/FR-Soprano-1/magic boul'vard,0.0
d:\-MindEcho-main\ml_dl_models\gtsinger_multitech\dataset\raw\French\FR-Soprano-1\Mixed_Voice_and_Falsetto\nos ballades\Mixed_Voice_Group\0004.wav,1,0.590494,7.621,French,FR-Soprano-1,nos ballades,French/FR-Soprano-1/nos ballades,1.381
d:\-MindEcho-main\ml_dl_models\gtsinger_multitech\dataset\raw\Chinese\ZH-Alto-1\Glissando\温柔\Glissando_Group\0001.wav,0,0.235606,1.555,Chinese,ZH-Alto-1,温柔,Chinese/ZH-Alto-1/温柔,0.0
d:\-MindEcho-main\ml_dl_models\gtsinger_multitech\dataset\raw\Chinese\ZH-Tenor-1\Mixed_Voice_and_Falsetto\全世界谁倾听你\Control_Group\0018.wav,0,0.508259,4.0,Chinese,ZH-Tenor-1,全世界谁倾听你,Chinese/ZH-Tenor-1/全世界谁倾听你,0.0
d:\-MindEcho-main\ml_dl_models\gtsinger_multitech\dataset\raw\Chinese\ZH-Tenor-1\Glissando\给电影人的情书\Glissando_Group\0016.wav,0,0.203513,1.39,Chinese,ZH-Tenor-1,给电影人的情书,Chinese/ZH-Tenor-1/给电影人的情书,0.0
d:\-MindEcho-main\ml_dl_models\gtsinger_multitech\dataset\raw\Chinese\ZH-Tenor-1\Mixed_Voice_and_Falsetto\走着走着就散了\Mixed_Voice_Group\0001.wav,1,0.295406,2.765,Chinese,ZH-Tenor-1,走着走着就散了,Chinese/ZH-Tenor-1/走着走着就散了,0.37
d:\-MindEcho-main\ml_dl_models\gtsinger_multitech\dataset\raw\Chinese\ZH-Alto-1\Mixed_Voice_and_Falsetto\烟花易冷\Mixed_Voice_Group\0010.wav,0,0.635128,4.954,Chinese,ZH-Alto-1,烟花易冷,Chinese/ZH-Alto-1/烟花易冷,0.0
d:\-MindEcho-main\ml_dl_models\gtsinger_multitech\dataset\raw\French\FR-Soprano-1\Pharyngeal\comment dire\Pharyngeal_Group\0006.wav,0,0.096721,1.623,French,FR-Soprano-1,comment dire,French/FR-Soprano-1/comment dire,0.0
d:\-MindEcho-main\ml_dl_models\gtsinger_multitech\dataset\raw\Chinese\ZH-Tenor-1\Mixed_Voice_and_Falsetto\演员\Mixed_Voice_Group\0009.wav,1,0.483276,4.378,Chinese,ZH-Tenor-1,演员,Chinese/ZH-Tenor-1/演员,0.37
d:\-MindEcho-main\ml_dl_models\gtsinger_multitech\dataset\raw\French\FR-Tenor-1\Breathy\manon\Control_Group\0008.wav,0,0.236267,2.671,French,FR-Tenor-1,manon,French/FR-Tenor-1/manon,0.0
d:\-MindEcho-main\ml_dl_models\gtsinger_multitech\dataset\raw\Chinese\ZH-Alto-1\Pharyngeal\失落沙洲\Control_Group\0002.wav,0,0.199122,1.837,Chinese,ZH-Alto-1,失落沙洲,Chinese/ZH-Alto-1/失落沙洲,0.0
d:\-MindEcho-main\ml_dl_models\gtsinger_multitech\dataset\raw\Chinese\ZH-Tenor-1\Glissando\倒带\Glissando_Group\0023.wav,1,0.314352,3.395,Chinese,ZH-Tenor-1,倒带,Chinese/ZH-Tenor-1/倒带,0.45
d:\-MindEcho-main\ml_dl_models\gtsinger_multitech\dataset\raw\Chinese\ZH-Tenor-1\Pharyngeal\我怀念的\Control_Group\0005.wav,0,0.516926,3.955,Chinese,ZH-Tenor-1,我怀念的,Chinese/ZH-Tenor-1/我怀念的,0.0
d:\-MindEcho-main\ml_dl_models\gtsinger_multitech\dataset\raw\Chinese\ZH-Tenor-1\Mixed_Voice_and_Falsetto\倒带\Mixed_Voice_Group\0015.wav,0,0.222543,1.54,Chinese,ZH-Tenor-1,倒带,Chinese/ZH-Tenor-1/倒带,0.0
d:\-MindEcho-main\ml_dl_models\gtsinger_multitech\dataset\raw\French\FR-Soprano-1\Vibrato\les oiseaux\Control_Group\0007.wav,1,0.70754,9.552,French,FR-Soprano-1,les oiseaux,French/FR-Soprano-1/les oiseaux,0.551
d:\-MindEcho-main\ml_dl_models\gtsinger_multitech\dataset\raw\Chinese\ZH-Tenor-1\Vibrato\我真的受伤了\Vibrato_Group\0002.wav,0,0.434028,3.938,Chinese,ZH-Tenor-1,我真的受伤了,Chinese/ZH-Tenor-1/我真的受伤了,0.0
d:\-MindEcho-main\ml_dl_models\gtsinger_multitech\dataset\raw\French\FR-Tenor-1\Mixed_Voice_and_Falsetto\Les Marionnettes\Falsetto_Group\0006.wav,1,0.769155,9.707,French,FR-Tenor-1,Les Marionnettes,French/FR-Tenor-1/Les Marionnettes,0.287
d:\-MindEcho-main\ml_dl_models\gtsinger_multitech\dataset\raw\Chinese\ZH-Alto-1\Mixed_Voice_and_Falsetto\化身孤岛的鲸\Control_Group\0016.wav,1,0.156498,2.36,Chinese,ZH-Alto-1,化身孤岛的鲸,Chinese/ZH-Alto-1/化身孤岛的鲸,0.28
d:\-MindEcho-main\ml_dl_models\gtsinger_multitech\dataset\raw\Chinese\ZH-Alto-1\Pharyngeal\隐形的翅膀\Pharyngeal_Group\0001.wav,0,0.199422,1.38,Chinese,ZH-Alto-1,隐形的翅膀,Chinese/ZH-Alto-1/隐形的翅膀,0.0
d:\-MindEcho-main\ml_dl_models\gtsinger_multitech\dataset\raw\French\FR-Tenor-1\Breathy\manon\Paired_Speech_Group\0002.wav,0,0.573045,3.848,French,FR-Tenor-1,manon,French/FR-Tenor-1/manon,0.0
d:\-MindEcho-main\ml_dl_models\gtsinger_multitech\dataset\raw\French\FR-Tenor-1\Breathy\Les Marionnettes\Control_Group\0003.wav,0,0.114289,1.331,French,FR-Tenor-1,Les Marionnettes,French/FR-Tenor-1/Les Marionnettes,0.0
d:\-MindEcho-main\ml_dl_models\gtsinger_multitech\dataset\raw\French\FR-Soprano-1\Mixed_Voice_and_Falsetto\la vaguelette\Mixed_Voice_Group\0004.wav,0,0.463382,5.492,French,FR-Soprano-1,la vaguelette,French/FR-Soprano-1/la vaguelette,0.0
d:\-MindEcho-main\ml_dl_models\gtsinger_multitech\dataset\raw\Chinese\ZH-Tenor-1\Pharyngeal\我怀念的\Control_Group\0003.wav,1,0.316137,3.575,Chinese,ZH-Tenor-1,我怀念的,Chinese/ZH-Tenor-1/我怀念的,0.309
d:\-MindEcho-main\ml_dl_models\gtsinger_multitech\dataset\raw\Chinese\ZH-Tenor-1\Mixed_Voice_and_Falsetto\末班车\Falsetto_Group\0007.wav,0,0.637481,4.15,Chinese,ZH-Tenor-1,末班车,Chinese/ZH-Tenor-1/末班车,0.0
d:\-MindEcho-main\ml_dl_models\gtsinger_multitech\dataset\raw\Chinese\ZH-Tenor-1\Breathy\会呼吸的痛\Control_Group\0018.wav,0,0.621703,5.185,Chinese,ZH-Tenor-1,会呼吸的痛,Chinese/ZH-Tenor-1/会呼吸的痛,0.0
d:\-MindEcho-main\ml_dl_models\gtsinger_multitech\dataset\raw\Chinese\ZH-Tenor-1\Glissando\大鱼\Control_Group\0014.wav,0,0.112157,1.43,Chinese,ZH-Tenor-1,大鱼,Chinese/ZH-Tenor-1/大鱼,0.0
d:\-MindEcho-main\ml_dl_models\gtsinger_multitech\dataset\raw\Chinese\ZH-Tenor-1\Pharyngeal\全世界谁倾听你\Pharyngeal_Group\0008.wav,0,0.173716,1.725,Chinese,ZH-Tenor-1,全世界谁倾听你,Chinese/ZH-Tenor-1/全世界谁倾听你,0.0
d:\-MindEcho-main\ml_dl_models\gtsinger_multitech\dataset\raw\Chinese\ZH-Tenor-1\Breathy\平凡的一天\Breathy_Group\0000.wav,0,0.680126,7.58,Chinese,ZH-Tenor-1,平凡的一天,Chinese/ZH-Tenor-1/平凡的一天,0.0
d:\-MindEcho-main\ml_dl_models\gtsinger_multitech\dataset\raw\Chinese\ZH-Tenor-1\Vibrato\后会无期\Vibrato_Group\0004.wav,1,0.484375,3.41,Chinese,ZH-Tenor-1,后会无期,Chinese/ZH-Tenor-1/后会无期,2.0
d:\-MindEcho-main\ml_dl_models\gtsinger_multitech\dataset\raw\Chinese\ZH-Alto-1\Mixed_Voice_and_Falsetto\化身孤岛的鲸\Mixed_Voice_Group\0001.wav,0,0.142781,1.34,Chinese,ZH-Alto-1,化身孤岛的鲸,Chinese/ZH-Alto-1/化身孤岛的鲸,0.0
d:\-MindEcho-main\ml_dl_models\gtsinger_multitech\dataset\raw\French\FR-Soprano-1\Pharyngeal\il aurait suffit\Control_Group\0003.wav,1,0.885671,10.085,French,FR-Soprano-1,il aurait suffit,French/FR-Soprano-1/il aurait suffit,0.821
d:\-MindEcho-main\ml_dl_models\gtsinger_multitech\dataset\raw\Chinese\ZH-Alto-1\Vibrato\年轮\Control_Group\0004.wav,0,0.2101,1.685,Chinese,ZH-Alto-1,年轮,Chinese/ZH-Alto-1/年轮,0.0
d:\-MindEcho-main\ml_dl_models\gtsinger_multitech\dataset\raw\Chinese\ZH-Tenor-1\Mixed_Voice_and_Falsetto\江南\Control_Group\0007.wav,1,0.543333,4.1,Chinese,ZH-Tenor-1,江南,Chinese/ZH-Tenor-1/江南,0.3
d:\-MindEcho-main\ml_dl_models\gtsinger_multitech\dataset\raw\Chinese\ZH-Alto-1\Glissando\你给我听好\Glissando_Group\0000.wav,1,0.498497,4.975,Chinese,ZH-Alto-1,你给我听好,Chinese/ZH-Alto-1/你给我听好,0.33
d:\-MindEcho-main\ml_dl_models\gtsinger_multitech\dataset\raw\Chinese\ZH-Alto-1\Vibrato\安和桥\Control_Group\0003.wav,0,0.150414,1.581,Chinese,ZH-Alto-1,安和桥,Chinese/ZH-Alto-1/安和桥,0.0
d:\-MindEcho-main\ml_dl_models\gtsinger_multitech\dataset\raw\Chinese\ZH-Alto-1\Breathy\失落沙洲\Breathy_Group\0003.wav,1,0.605422,5.025,Chinese,ZH-Alto-1,失落沙洲,Chinese/ZH-Alto-1/失落沙洲,0.39
d:\-MindEcho-main\ml_dl_models\gtsinger_multitech\dataset\raw\Chinese\ZH-Alto-1\Breathy\温柔\Breathy_Group\0009.wav,0,0.616,4.62,Chinese,ZH-Alto-1,温柔,Chinese/ZH-Alto-1/温柔,0.0
d:\-MindEcho-main\ml_dl_models\gtsinger_multitech\dataset\raw\Chinese\ZH-Tenor-1\Glissando\大鱼\Control_Group\0006.wav,0,0.513323,3.275,Chinese,ZH-Tenor-1,大鱼,Chinese/ZH-Tenor-1/大鱼,0.0
d:\-MindEcho-main\ml_dl_models\gtsinger_multitech\dataset\raw\Chinese\ZH-Tenor-1\Glissando\十年\Glissando_Group\0002.wav,0,0.562733,4.53,Chinese,ZH-Tenor-1,十年,Chinese/ZH-Tenor-1/十年,0.0
d:\-MindEcho-main\ml_dl_models\gtsinger_multitech\dataset\raw\Chinese\ZH-Alto-1\Pharyngeal\崇拜\Pharyngeal_Group\0004.wav,1,0.479806,3.445,Chinese,ZH-Alto-1,崇拜,Chinese/ZH-Alto-1/崇拜,0.25
d:\-MindEcho-main\ml_dl_models\gtsinger_multitech\dataset\raw\Chinese\ZH-Tenor-1\Glissando\光阴的故事\Control_Group\0002.wav,0,0.5264,3.29,Chinese,ZH-Tenor-1,光阴的故事,Chinese/ZH-Tenor-1/光阴的故事,0.0
d:\-MindEcho-main\ml_dl_models\gtsinger_multitech\dataset\raw\French\FR-Soprano-1\Mixed_Voice_and_Falsetto\magic boul'vard\Control_Group\0009.wav,0,0.183103,2.54,French,FR-Soprano-1,magic boul'vard,French/FR-Soprano-1/magic boul'vard,0.0
d:\-MindEcho-main\ml_dl_models\gtsinger_multitech\dataset\raw\Chinese\ZH-Tenor-1\Mixed_Voice_and_Falsetto\我的歌声里\Falsetto_Group\0003.wav,0,0.253012,1.89,Chinese,ZH-Tenor-1,我的歌声里,Chinese/ZH-Tenor-1/我的歌声里,0.0
d:\-MindEcho-main\ml_dl_models\gtsinger_multitech\dataset\raw\Chinese\ZH-Tenor-1\Glissando\遇见\Glissando_Group\0004.wav,0,0.569583,5.73,Chinese,ZH-Tenor-1,遇见,Chinese/ZH-Tenor-1/遇见,0.0
d:\-MindEcho-main\ml_dl_models\gtsinger_multitech\dataset\raw\Chinese\ZH-Tenor-1\Breathy\不染\Control_Group\0016.wav,0,0.324036,2.126,Chinese,ZH-Tenor-1,不染,Chinese/ZH-Tenor-1/不染,0.0
d:\-MindEcho-main\ml_dl_models\gtsinger_multitech\dataset\raw\French\FR-Soprano-1\Mixed_Voice_and_Falsetto\vivre a en crever\Paired_Speech_Group\0003.wav,0,0.457748,1.631,French,FR-Soprano-1,vivre a en crever,French/FR-Soprano-1/vivre a en crever,0.0
d:\-MindEcho-main\ml_dl_models\gtsinger_multitech\dataset\raw\Chinese\ZH-Alto-1\Pharyngeal\你就不要想起我\Control_Group\0004.wav,1,0.30157,2.69,Chinese,ZH-Alto-1,你就不要想起我,Chinese/ZH-Alto-1/你就不要想起我,0.4
d:\-MindEcho-main\ml_dl_models\gtsinger_multitech\dataset\raw\Chinese\ZH-Alto-1\Mixed_Voice_and_Falsetto\烟花易冷\Control_Group\0013.wav,0,0.456635,3.475,Chinese,ZH-Alto-1,烟花易冷,Chinese/ZH-Alto-1/烟花易冷,0.0
d:\-MindEcho-main\ml_dl_models\gtsinger_multitech\dataset\raw\French\FR-Soprano-1\Pharyngeal\il aurait suffit\Paired_Speech_Group\0006.wav,0,0.564899,2.311,French,FR-Soprano-1,il aurait suffit,French/FR-Soprano-1/il aurait suffit,0.0
d:\-MindEcho-main\ml_dl_models\gtsinger_multitech\dataset\raw\Chinese\ZH-Alto-1\Vibrato\多远都要在一起\Control_Group\0002.wav,0,0.593326,5.245,Chinese,ZH-Alto-1,多远都要在一起,Chinese/ZH-Alto-1/多远都要在一起,0.0
d:\-MindEcho-main\ml_dl_models\gtsinger_multitech\dataset\raw\Chinese\ZH-Alto-1\Mixed_Voice_and_Falsetto\三寸天堂\Control_Group\0002.wav,1,0.310264,1.995,Chinese,ZH-Alto-1,三寸天堂,Chinese/ZH-Alto-1/三寸天堂,0.31
d:\-MindEcho-main\ml_dl_models\gtsinger_multitech\dataset\raw\French\FR-Soprano-1\Vibrato\les oiseaux\Control_Group\0005.wav,0,0.617908,10.459,French,FR-Soprano-1,les oiseaux,French/FR-Soprano-1/les oiseaux,0.0
d:\-MindEcho-main\ml_dl_models\gtsinger_multitech\dataset\raw\Chinese\ZH-Tenor-1\Breathy\和你一样\Breathy_Group\0005.wav,0,0.601469,6.55,Chinese,ZH-Tenor-1,和你一样,Chinese/ZH-Tenor-1/和你一样,0.0
d:\-MindEcho-main\ml_dl_models\gtsinger_multitech\dataset\raw\Chinese\ZH-Tenor-1\Glissando\彩虹\Glissando_Group\0001.wav,1,0.537479,6.525,Chinese,ZH-Tenor-1,彩虹,Chinese/ZH-Tenor-1/彩虹,0.95
d:\-MindEcho-main\ml_dl_models\gtsinger_multitech\dataset\raw\Chinese\ZH-Alto-1\Mixed_Voice_and_Falsetto\知足\Falsetto_Group\0007.wav,0,0.263787,1.588,Chinese,ZH-Alto-1,知足,Chinese/ZH-Alto-1/知足,0.0
d:\-MindEcho-main\ml_dl_models\gtsinger_multitech\dataset\raw\French\FR-Soprano-1\Glissando\donnez-moi\Control_Group\0004.wav,1,0.629681,5.482,French,FR-Soprano-1,donnez-moi,French/FR-Soprano-1/donnez-moi,0.726
d:\-MindEcho-main\ml_dl_models\gtsinger_multitech\dataset\raw\Chinese\ZH-Tenor-1\Mixed_Voice_and_Falsetto\一次就好\Mixed_Voice_Group\0011.wav,1,0.467509,3.403,Chinese,ZH-Tenor-1,一次就好,Chinese/ZH-Tenor-1/一次就好,0.434
d:\-MindEcho-main\ml_dl_models\gtsinger_multitech\dataset\raw\French\FR-Soprano-1\Mixed_Voice_and_Falsetto\la gloire a mes genoux\Control_Group\0002.wav,1,0.319574,4.343,French,FR-Soprano-1,la gloire a mes genoux,French/FR-Soprano-1/la gloire a mes genoux,0.3
d:\-MindEcho-main\ml_dl_models\gtsinger_multitech\dataset\raw\Chinese\ZH-Tenor-1\Breathy\不染\Control_Group\0030.wav,0,0.535285,3.565,Chinese,ZH-Tenor-1,不染,Chinese/ZH-Tenor-1/不染,0.0
d:\-MindEcho-main\ml_dl_models\gtsinger_multitech\dataset\raw\Chinese\ZH-Alto-1\Mixed_Voice_and_Falsetto\青花瓷\Falsetto_Group\0007.wav,1,0.241346,2.51,Chinese,ZH-Alto-1,青花瓷,Chinese/ZH-Alto-1/青花瓷,0.4
d:\-MindEcho-main\ml_dl_models\gtsinger_multitech\dataset\raw\Chinese\ZH-Tenor-1\Glissando\不染\Glissando_Group\0011.wav,0,0.210926,1.39,Chinese,ZH-Tenor-1,不染,Chinese/ZH-Tenor-1/不染,0.0
d:\-MindEcho-main\ml_dl_models\gtsinger_multitech\dataset\raw\Chinese\ZH-Tenor-1\Pharyngeal\情歌\Pharyngeal_Group\0010.wav,0,0.647716,3.971,Chinese,ZH-Tenor-1,情歌,Chinese/ZH-Tenor-1/情歌,0.0
d:\-MindEcho-main\ml_dl_models\gtsinger_multitech\dataset\raw\Chinese\ZH-Alto-1\Mixed_Voice_and_Falsetto\鸽子\Mixed_Voice_Group\0003.wav,0,0.16129,1.3,Chinese,ZH-Alto-1,鸽子,Chinese/ZH-Alto-1/鸽子,0.0
d:\-MindEcho-main\ml_dl_models\gtsinger_multitech\dataset\raw\Chinese\ZH-Alto-1\Mixed_Voice_and_Falsetto\老男孩\Falsetto_Group\0009.wav,0,0.317014,2.296,Chinese,ZH-Alto-1,老男孩,Chinese/ZH-Alto-1/老男孩,0.0
d:\-MindEcho-main\ml_dl_models\gtsinger_multitech\dataset\raw\Chinese\ZH-Tenor-1\Mixed_Voice_and_Falsetto\老男孩\Mixed_Voice_Group\0005.wav,0,0.534188,3.125,Chinese,ZH-Tenor-1,老男孩,Chinese/ZH-Tenor-1/老男孩,0.0
d:\-MindEcho-main\ml_dl_models\gtsinger_multitech\dataset\raw\French\FR-Soprano-1\Glissando\donnez-moi\Glissando_Group\0004.wav,1,0.864207,8.324,French,FR-Soprano-1,donnez-moi,French/FR-Soprano-1/donnez-moi,1.026
d:\-MindEcho-main\ml_dl_models\gtsinger_multitech\dataset\raw\French\FR-Soprano-1\Mixed_Voice_and_Falsetto\la terre\Mixed_Voice_Group\0001.wav,0,0.141761,1.515,French,FR-Soprano-1,la terre,French/FR-Soprano-1/la terre,0.0
d:\-MindEcho-main\ml_dl_models\gtsinger_multitech\dataset\raw\French\FR-Soprano-1\Breathy\la famillle que l'on a choisie\Breathy_Group\0001.wav,1,0.819438,7.617,French,FR-Soprano-1,la famillle que l'on a choisie,French/FR-Soprano-1/la famillle que l'on a choisie,0.195
d:\-MindEcho-main\ml_dl_models\gtsinger_multitech\dataset\raw\French\FR-Soprano-1\Pharyngeal\il aurait suffit\Pharyngeal_Group\0008.wav,1,0.402878,6.202,French,FR-Soprano-1,il aurait suffit,French/FR-Soprano-1/il aurait suffit,0.961
d:\-MindEcho-main\ml_dl_models\gtsinger_multitech\dataset\raw\Chinese\ZH-Alto-1\Breathy\给电影人的情书\Breathy_Group\0007.wav,1,0.279279,3.1,Chinese,ZH-Alto-1,给电影人的情书,Chinese/ZH-Alto-1/给电影人的情书,0.32
d:\-MindEcho-main\ml_dl_models\gtsinger_multitech\dataset\raw\Chinese\ZH-Tenor-1\Breathy\会呼吸的痛\Control_Group\0016.wav,1,0.474659,3.84,Chinese,ZH-Tenor-1,会呼吸的痛,Chinese/ZH-Tenor-1/会呼吸的痛,0.28
d:\-MindEcho-main\ml_dl_models\gtsinger_multitech\dataset\raw\French\FR-Soprano-1\Breathy\a la vie comme a la mort\Breathy_Group\0001.wav,1,0.558401,8.558,French,FR-Soprano-1,a la vie comme a la mort,French/FR-Soprano-1/a la vie comme a la mort,0.771
d:\-MindEcho-main\ml_dl_models\gtsinger_multitech\dataset\raw\Chinese\ZH-Tenor-1\Mixed_Voice_and_Falsetto\情歌\Control_Group\0013.wav,1,0.759288,4.905,Chinese,ZH-Tenor-1,情歌,Chinese/ZH-Tenor-1/情歌,0.33
d:\-MindEcho-main\ml_dl_models\gtsinger_multitech\dataset\raw\Chinese\ZH-Alto-1\Pharyngeal\崇拜\Control_Group\0011.wav,0,0.224163,2.143,Chinese,ZH-Alto-1,崇拜,Chinese/ZH-Alto-1/崇拜,0.0
d:\-MindEcho-main\ml_dl_models\gtsinger_multitech\dataset\raw\Chinese\ZH-Tenor-1\Breathy\平凡的一天\Breathy_Group\0012.wav,0,0.628838,6.88,Chinese,ZH-Tenor-1,平凡的一天,Chinese/ZH-Tenor-1/平凡的一天,0.0
d:\-MindEcho-main\ml_dl_models\gtsinger_multitech\dataset\raw\Chinese\ZH-Alto-1\Pharyngeal\说谎\Control_Group\0010.wav,1,0.214181,2.341,Chinese,ZH-Alto-1,说谎,Chinese/ZH-Alto-1/说谎,0.238
d:\-MindEcho-main\ml_dl_models\gtsinger_multitech\dataset\raw\Chinese\ZH-Tenor-1\Mixed_Voice_and_Falsetto\偏爱\Falsetto_Group\0015.wav,1,0.394228,2.732,Chinese,ZH-Tenor-1,偏爱,Chinese/ZH-Tenor-1/偏爱,0.336
d:\-MindEcho-main\ml_dl_models\gtsinger_multitech\dataset\raw\French\FR-Soprano-1\Pharyngeal\lassasymphonie\Control_Group\0013.wav,0,0.831612,7.729,French,FR-Soprano-1,lassasymphonie,French/FR-Soprano-1/lassasymphonie,0.0
d:\-MindEcho-main\ml_dl_models\gtsinger_multitech\dataset\raw\Chinese\ZH-Alto-1\Mixed_Voice_and_Falsetto\后来\Mixed_Voice_Group\0014.wav,0,0.357793,2.043,Chinese,ZH-Alto-1,后来,Chinese/ZH-Alto-1/后来,0.0
d:\-MindEcho-main\ml_dl_models\gtsinger_multitech\dataset\raw\Chinese\ZH-Tenor-1\Mixed_Voice_and_Falsetto\最初的梦想\Mixed_Voice_Group\0000.wav,0,0.212329,1.55,Chinese,ZH-Tenor-1,最初的梦想,Chinese/ZH-Tenor-1/最初的梦想,0.0
d:\-MindEcho-main\ml_dl_models\gtsinger_multitech\dataset\raw\French\FR-Soprano-1\Pharyngeal\comment dire\Pharyngeal_Group\0004.wav,0,0.079652,1.331,French,FR-Soprano-1,comment dire,French/FR-Soprano-1/comment dire,0.0
d:\-MindEcho-main\ml_dl_models\gtsinger_multitech\dataset\raw\French\FR-Soprano-1\Vibrato\eden eden\Vibrato_Group\0000.wav,1,0.826949,6.843,French,FR-Soprano-1,eden eden,French/FR-Soprano-1/eden eden,0.122
d:\-MindEcho-main\ml_dl_models\gtsinger_multitech\dataset\raw\Chinese\ZH-Alto-1\Mixed_Voice_and_Falsetto\平凡之路\Falsetto_Group\0008.wav,0,0.276,1.725,Chinese,ZH-Alto-1,平凡之路,Chinese/ZH-Alto-1/平凡之路,0.0
d:\-MindEcho-main\ml_dl_models\gtsinger_multitech\dataset\raw\Chinese\ZH-Tenor-1\Mixed_Voice_and_Falsetto\青花瓷\Mixed_Voice_Group\0010.wav,0,0.182234,1.216,Chinese,ZH-Tenor-1,青花瓷,Chinese/ZH-Tenor-1/青花瓷,0.0
d:\-MindEcho-main\ml_dl_models\gtsinger_multitech\dataset\raw\French\FR-Soprano-1\Glissando\donnez-moi\Glissando_Group\0000.wav,0,0.424478,6.896,French,FR-Soprano-1,donnez-moi,French/FR-Soprano-1/donnez-moi,0.0
d:\-MindEcho-main\ml_dl_models\gtsinger_multitech\dataset\raw\Chinese\ZH-Tenor-1\Mixed_Voice_and_Falsetto\不能说的秘密\Control_Group\0000.wav,0,0.143022,1.24,Chinese,ZH-Tenor-1,不能说的秘密,Chinese/ZH-Tenor-1/不能说的秘密,0.0
d:\-MindEcho-main\ml_dl_models\gtsinger_multitech\dataset\raw\Chinese\ZH-Alto-1\Mixed_Voice_and_Falsetto\可乐\Mixed_Voice_Group\0010.wav,0,0.458704,3.61,Chinese,ZH-Alto-1,可乐,Chinese/ZH-Alto-1/可乐,0.0
d:\-MindEcho-main\ml_dl_models\gtsinger_multitech\dataset\raw\Chinese\ZH-Alto-1\Mixed_Voice_and_Falsetto\化身孤岛的鲸\Falsetto_Group\0014.wav,0,0.152197,1.42,Chinese,ZH-Alto-1,化身孤岛的鲸,Chinese/ZH-Alto-1/化身孤岛的鲸,0.0
d:\-MindEcho-main\ml_dl_models\gtsinger_multitech\dataset\raw\French\FR-Soprano-1\Breathy\anxiete\Breathy_Group\0001.wav,1,0.315756,3.728,French,FR-Soprano-1,anxiete,French/FR-Soprano-1/anxiete,0.631
d:\-MindEcho-main\ml_dl_models\gtsinger_multitech\dataset\raw\Chinese\ZH-Alto-1\Breathy\匆匆那年\Breathy_Group\0000.wav,0,0.558989,6.965,Chinese,ZH-Alto-1,匆匆那年,Chinese/ZH-Alto-1/匆匆那年,0.0
d:\-MindEcho-main\ml_dl_models\gtsinger_multitech\dataset\raw\Chinese\ZH-Alto-1\Mixed_Voice_and_Falsetto\烟花易冷\Control_Group\0019.wav,0,0.272352,1.98,Chinese,ZH-Alto-1,烟花易冷,Chinese/ZH-Alto-1/烟花易冷,0.0
d:\-MindEcho-main\ml_dl_models\gtsinger_multitech\dataset\raw\Chinese\ZH-Tenor-1\Mixed_Voice_and_Falsetto\演员\Control_Group\0008.wav,0,0.151151,1.51,Chinese,ZH-Tenor-1,演员,Chinese/ZH-Tenor-1/演员,0.0
d:\-MindEcho-main\ml_dl_models\gtsinger_multitech\dataset\raw\Chinese\ZH-Tenor-1\Mixed_Voice_and_Falsetto\听海\Control_Group\0010.wav,0,0.205579,1.636,Chinese,ZH-Tenor-1,听海,Chinese/ZH-Tenor-1/听海,0.0
d:\-MindEcho-main\ml_dl_models\gtsinger_multitech\dataset\raw\Chinese\ZH-Tenor-1\Mixed_Voice_and_Falsetto\偏爱\Control_Group\0015.wav,0,0.485685,3.325,Chinese,ZH-Tenor-1,偏爱,Chinese/ZH-Tenor-1/偏爱,0.0
d:\-MindEcho-main\ml_dl_models\gtsinger_multitech\dataset\raw\Chinese\ZH-Tenor-1\Vibrato\末班车\Control_Group\0001.wav,0,0.222875,1.442,Chinese,ZH-Tenor-1,末班车,Chinese/ZH-Tenor-1/末班车,0.0
d:\-MindEcho-main\ml_dl_models\gtsinger_multitech\dataset\raw\Chinese\ZH-Tenor-1\Glissando\我的歌声里\Control_Group\0007.wav,0,0.559367,4.24,Chinese,ZH-Tenor-1,我的歌声里,Chinese/ZH-Tenor-1/我的歌声里,0.0
d:\-MindEcho-main\ml_dl_models\gtsinger_multitech\dataset\raw\Chinese\ZH-Alto-1\Mixed_Voice_and_Falsetto\烟花易冷\Mixed_Voice_Group\0011.wav,1,0.573342,4.409,Chinese,ZH-Alto-1,烟花易冷,Chinese/ZH-Alto-1/烟花易冷,0.418
d:\-MindEcho-main\ml_dl_models\gtsinger_multitech\dataset\raw\Chinese\ZH-Alto-1\Breathy\说谎\Breathy_Group\0007.wav,0,0.597384,5.024,Chinese,ZH-Alto-1,说谎,Chinese/ZH-Alto-1/说谎,0.0
d:\-MindEcho-main\ml_dl_models\gtsinger_multitech\dataset\raw\Chinese\ZH-Tenor-1\Mixed_Voice_and_Falsetto\江南\Control_Group\0003.wav,0,0.622248,4.24,Chinese,ZH-Tenor-1,江南,Chinese/ZH-Tenor-1/江南,0.0
d:\-MindEcho-main\ml_dl_models\gtsinger_multitech\dataset\raw\French\FR-Soprano-1\Vibrato\les oiseaux\Control_Group\0005.wav,0,0.248203,4.201,French,FR-Soprano-1,les oiseaux,French/FR-Soprano-1/les oiseaux,0.0
d:\-MindEcho-main\ml_dl_models\gtsinger_multitech\dataset\raw\French\FR-Tenor-1\Glissando\ouvre\Control_Group\0002.wav,0,0.589379,7.524,French,FR-Tenor-1,ouvre,French/FR-Tenor-1/ouvre,0.0
d:\-MindEcho-main\ml_dl_models\gtsinger_multitech\dataset\raw\Chinese\ZH-Alto-1\Mixed_Voice_and_Falsetto\烟花易冷\Falsetto_Group\0012.wav,0,0.499229,3.559,Chinese,ZH-Alto-1,烟花易冷,Chinese/ZH-Alto-1/烟花易冷,0.0
d:\-MindEcho-main\ml_dl_models\gtsinger_multitech\dataset\raw\Chinese\ZH-Tenor-1\Mixed_Voice_and_Falsetto\我的歌声里\Control_Group\0010.wav,1,0.788092,6.155,Chinese,ZH-Tenor-1,我的歌声里,Chinese/ZH-Tenor-1/我的歌声里,0.43
d:\-MindEcho-main\ml_dl_models\gtsinger_multitech\dataset\raw\Chinese\ZH-Tenor-1\Mixed_Voice_and_Falsetto\倒带\Mixed_Voice_Group\0002.wav,0,0.126804,1.23,Chinese,ZH-Tenor-1,倒带,Chinese/ZH-Tenor-1/倒带,0.0
d:\-MindEcho-main\ml_dl_models\gtsinger_multitech\dataset\raw\Chinese\ZH-Alto-1\Vibrato\不再见\Vibrato_Group\0005.wav,1,0.4754,3.865,Chinese,ZH-Alto-1,不再见,Chinese/ZH-Alto-1/不再见,0.53
d:\-MindEcho-main\ml_dl_models\gtsinger_multitech\dataset\raw\French\FR-Soprano-1\Mixed_Voice_and_Falsetto\nos ballades\Falsetto_Group\0002.wav,0,0.116381,1.258,French,FR-Soprano-1,nos ballades,French/FR-Soprano-1/nos ballades,0.0
d:\-MindEcho-main\ml_dl_models\gtsinger_multitech\dataset\raw\French\FR-Soprano-1\Mixed_Voice_and_Falsetto\violet snow\Mixed_Voice_Group\0007.wav,0,0.188736,2.167,French,FR-Soprano-1,violet snow,French/FR-Soprano-1/violet snow,0.0
d:\-MindEcho-main\ml_dl_models\gtsinger_multitech\dataset\raw\Chinese\ZH-Tenor-1\Mixed_Voice_and_Falsetto\一次就好\Falsetto_Group\0006.wav,0,0.596186,3.285,Chinese,ZH-Tenor-1,一次就好,Chinese/ZH-Tenor-1/一次就好,0.0
d:\-MindEcho-main\ml_dl_models\gtsinger_multitech\dataset\raw\Chinese\ZH-Tenor-1\Mixed_Voice_and_Falsetto\讲真的\Falsetto_Group\0002.wav,0,0.168823,1.305,Chinese,ZH-Tenor-1,讲真的,Chinese/ZH-Tenor-1/讲真的,0.0
d:\-MindEcho-main\ml_dl_models\gtsinger_multitech\dataset\raw\Chinese\ZH-Tenor-1\Mixed_Voice_and_Falsetto\讲真的\Mixed_Voice_Group\0005.wav,0,0.358298,2.505,Chinese,ZH-Tenor-1,讲真的,Chinese/ZH-Tenor-1/讲真的,0.0
d:\-MindEcho-main\ml_dl_models\gtsinger_multitech\dataset\raw\French\FR-Soprano-1\Breathy\le balcon\Breathy_Group\0005.wav,0,0.119664,1.561,French,FR-Soprano-1,le balcon,French/FR-Soprano-1/le balcon,0.0
d:\-MindEcho-main\ml_dl_models\gtsinger_multitech\dataset\raw\Chinese\ZH-Tenor-1\Mixed_Voice_and_Falsetto\失落沙洲\Falsetto_Group\0005.wav,1,0.543478,3.375,Chinese,ZH-Tenor-1,失落沙洲,Chinese/ZH-Tenor-1/失落沙洲,0.57
d:\-MindEcho-main\ml_dl_models\gtsinger_multitech\dataset\raw\Chinese\ZH-Alto-1\Vibrato\多远都要在一起\Vibrato_Group\0001.wav,0,0.174078,1.605,Chinese,ZH-Alto-1,多远都要在一起,Chinese/ZH-Alto-1/多远都要在一起,0.0
d:\-MindEcho-main\ml_dl_models\gtsinger_multitech\dataset\raw\Chinese\ZH-Tenor-1\Mixed_Voice_and_Falsetto\倒带\Falsetto_Group\0008.wav,0,0.121609,1.3,Chinese,ZH-Tenor-1,倒带,Chinese/ZH-Tenor-1/倒带,0.0
d:\-MindEcho-main\ml_dl_models\gtsinger_multitech\dataset\raw\Chinese\ZH-Tenor-1\Vibrato\从前慢\Control_Group\0009.wav,0,0.166129,1.648,Chinese,ZH-Tenor-1,从前慢,Chinese/ZH-Tenor-1/从前慢,0.0
d:\-MindEcho-main\ml_dl_models\gtsinger_multitech\dataset\raw\Chinese\ZH-Tenor-1\Glissando\不染\Control_Group\0017.wav,0,0.323248,2.03,Chinese,ZH-Tenor-1,不染,Chinese/ZH-Tenor-1/不染,0.0
d:\-MindEcho-main\ml_dl_models\gtsinger_multitech\dataset\raw\Chinese\ZH-Tenor-1\Mixed_Voice_and_Falsetto\后来\Control_Group\0010.wav,0,0.177173,1.855,Chinese,ZH-Tenor-1,后来,Chinese/ZH-Tenor-1/后来,0.0
d:\-MindEcho-main\ml_dl_models\gtsinger_multitech\dataset\raw\Chinese\ZH-Tenor-1\Vibrato\终于等到你\Control_Group\0007.wav,1,0.593925,4.673,Chinese,ZH-Tenor-1,终于等到你,Chinese/ZH-Tenor-1/终于等到你,0.99
d:\-MindEcho-main\ml_dl_models\gtsinger_multitech\dataset\raw\Chinese\ZH-Alto-1\Breathy\可乐\Breathy_Group\0009.wav,1,0.391382,3.315,Chinese,ZH-Alto-1,可乐,Chinese/ZH-Alto-1/可乐,0.33
d:\-MindEcho-main\ml_dl_models\gtsinger_multitech\dataset\raw\Chinese\ZH-Tenor-1\Mixed_Voice_and_Falsetto\残酷月光\Control_Group\0020.wav,0,0.543239,3.455,Chinese,ZH-Tenor-1,残酷月光,Chinese/ZH-Tenor-1/残酷月光,0.0
d:\-MindEcho-main\ml_dl_models\gtsinger_multitech\dataset\raw\Chinese\ZH-Alto-1\Breathy\可乐\Control_Group\0002.wav,1,0.49934,3.785,Chinese,ZH-Alto-1,可乐,Chinese/ZH-Alto-1/可乐,0.53
d:\-MindEcho-main\ml_dl_models\gtsinger_multitech\dataset\raw\Chinese\ZH-Tenor-1\Mixed_Voice_and_Falsetto\残酷月光\Falsetto_Group\0006.wav,1,0.137143,1.44,Chinese,ZH-Tenor-1,残酷月光,Chinese/ZH-Tenor-1/残酷月光,0.12
d:\-MindEcho-main\ml_dl_models\gtsinger_multitech\dataset\raw\French\FR-Soprano-1\Mixed_Voice_and_Falsetto\magic boul'vard\Falsetto_Group\0010.wav,0,0.52372,6.712,French,FR-Soprano-1,magic boul'vard,French/FR-Soprano-1/magic boul'vard,0.0
d:\-MindEcho-main\ml_dl_models\gtsinger_multitech\dataset\raw\Chinese\ZH-Tenor-1\Mixed_Voice_and_Falsetto\想自由\Control_Group\0002.wav,1,0.381756,2.5,Chinese,ZH-Tenor-1,想自由,Chinese/ZH-Tenor-1/想自由,0.541
d:\-MindEcho-main\ml_dl_models\gtsinger_multitech\dataset\raw\Chinese\ZH-Tenor-1\Pharyngeal\最初的梦想\Control_Group\0011.wav,1,0.083387,1.295,Chinese,ZH-Tenor-1,最初的梦想,Chinese/ZH-Tenor-1/最初的梦想,0.13
d:\-MindEcho-main\ml_dl_models\gtsinger_multitech\dataset\raw\Chinese\ZH-Tenor-1\Mixed_Voice_and_Falsetto\青花瓷\Falsetto_Group\0013.wav,1,0.35626,2.305,Chinese,ZH-Tenor-1,青花瓷,Chinese/ZH-Tenor-1/青花瓷,0.39
d:\-MindEcho-main\ml_dl_models\gtsinger_multitech\dataset\raw\Chinese\ZH-Tenor-1\Mixed_Voice_and_Falsetto\江南\Falsetto_Group\0000.wav,0,0.638979,3.942,Chinese,ZH-Tenor-1,江南,Chinese/ZH-Tenor-1/江南,0.0
d:\-MindEcho-main\ml_dl_models\gtsinger_multitech\dataset\raw\Chinese\ZH-Tenor-1\Vibrato\空白格\Control_Group\0001.wav,0,0.609945,6.685,Chinese,ZH-Tenor-1,空白格,Chinese/ZH-Tenor-1/空白格,0.0
d:\-MindEcho-main\ml_dl_models\gtsinger_multitech\dataset\raw\Chinese\ZH-Alto-1\Pharyngeal\你就不要想起我\Control_Group\0002.wav,0,0.581448,5.09,Chinese,ZH-Alto-1,你就不要想起我,Chinese/ZH-Alto-1/你就不要想起我,0.0
d:\-MindEcho-main\ml_dl_models\gtsinger_multitech\dataset\raw\Chinese\ZH-Tenor-1\Mixed_Voice_and_Falsetto\末班车\Mixed_Voice_Group\0001.wav,0,0.628501,3.815,Chinese,ZH-Tenor-1,末班车,Chinese/ZH-Tenor-1/末班车,0.0
d:\-MindEcho-main\ml_dl_models\gtsinger_multitech\dataset\raw\French\FR-Soprano-1\Pharyngeal\vivre a en crever\Control_Group\0000.wav,0,0.118708,1.5,French,FR-Soprano-1,vivre a en crever,French/FR-Soprano-1/vivre a en crever,0.0
d:\-MindEcho-main\ml_dl_models\gtsinger_multitech\dataset\raw\Chinese\ZH-Alto-1\Breathy\最长的电影\Breathy_Group\0000.wav,0,0.183081,1.45,Chinese,ZH-Alto-1,最长的电影,Chinese/ZH-Alto-1/最长的电影,0.0
d:\-MindEcho-main\ml_dl_models\gtsinger_multitech\dataset\raw\Chinese\ZH-Alto-1\Mixed_Voice_and_Falsetto\年轮\Mixed_Voice_Group\0001.wav,0,0.181436,1.402,Chinese,ZH-Alto-1,年轮,Chinese/ZH-Alto-1/年轮,0.0
d:\-MindEcho-main\ml_dl_models\gtsinger_multitech\dataset\raw\French\FR-Soprano-1\Mixed_Voice_and_Falsetto\violet snow\Falsetto_Group\0006.wav,0,0.188218,2.326,French,FR-Soprano-1,violet snow,French/FR-Soprano-1/violet snow,0.0
d:\-MindEcho-main\ml_dl_models\gtsinger_multitech\dataset\raw\Chinese\ZH-Alto-1\Mixed_Voice_and_Falsetto\化身孤岛的鲸\Control_Group\0009.wav,1,0.646809,6.08,Chinese,ZH-Alto-1,化身孤岛的鲸,Chinese/ZH-Alto-1/化身孤岛的鲸,0.38
d:\-MindEcho-main\ml_dl_models\gtsinger_multitech\dataset\raw\French\FR-Soprano-1\Mixed_Voice_and_Falsetto\nos ballades\Falsetto_Group\0004.wav,0,0.511986,6.621,French,FR-Soprano-1,nos ballades,French/FR-Soprano-1/nos ballades,0.0
d:\-MindEcho-main\ml_dl_models\gtsinger_multitech\dataset\raw\Chinese\ZH-Tenor-1\Mixed_Voice_and_Falsetto\最初的梦想\Control_Group\0005.wav,0,0.1249,1.565,Chinese,ZH-Tenor-1,最初的梦想,Chinese/ZH-Tenor-1/最初的梦想,0.0
d:\-MindEcho-main\ml_dl_models\gtsinger_multitech\dataset\raw\Chinese\ZH-Tenor-1\Mixed_Voice_and_Falsetto\全世界谁倾听你\Control_Group\0012.wav,1,0.401916,4.909,Chinese,ZH-Tenor-1,全世界谁倾听你,Chinese/ZH-Tenor-1/全世界谁倾听你,0.402
d:\-MindEcho-main\ml_dl_models\gtsinger_multitech\dataset\raw\Chinese\ZH-Tenor-1\Mixed_Voice_and_Falsetto\最初的梦想\Control_Group\0004.wav,1,0.811231,11.745,Chinese,ZH-Tenor-1,最初的梦想,Chinese/ZH-Tenor-1/最初的梦想,0.21
d:\-MindEcho-main\ml_dl_models\gtsinger_multitech\dataset\raw\Chinese\ZH-Alto-1\Glissando\平凡的一天\Control_Group\0002.wav,0,0.204592,1.996,Chinese,ZH-Alto-1,平凡的一天,Chinese/ZH-Alto-1/平凡的一天,0.0
d:\-MindEcho-main\ml_dl_models\gtsinger_multitech\dataset\raw\Chinese\ZH-Tenor-1\Mixed_Voice_and_Falsetto\老男孩\Mixed_Voice_Group\0016.wav,0,0.488,3.05,Chinese,ZH-Tenor-1,老男孩,Chinese/ZH-Tenor-1/老男孩,0.0
d:\-MindEcho-main\ml_dl_models\gtsinger_multitech\dataset\raw\Chinese\ZH-Tenor-1\Glissando\光阴的故事\Glissando_Group\0002.wav,0,0.518429,3.235,Chinese,ZH-Tenor-1,光阴的故事,Chinese/ZH-Tenor-1/光阴的故事,0.0
d:\-MindEcho-main\ml_dl_models\gtsinger_multitech\dataset\raw\Chinese\ZH-Tenor-1\Mixed_Voice_and_Falsetto\老男孩\Falsetto_Group\0010.wav,1,0.502355,3.2,Chinese,ZH-Tenor-1,老男孩,Chinese/ZH-Tenor-1/老男孩,0.26
d:\-MindEcho-main\ml_dl_models\gtsinger_multitech\dataset\raw\French\FR-Soprano-1\Vibrato\eden eden\Control_Group\0004.wav,1,0.146239,1.115,French,FR-Soprano-1,eden eden,French/FR-Soprano-1/eden eden,0.161
d:\-MindEcho-main\ml_dl_models\gtsinger_multitech\dataset\raw\Chinese\ZH-Tenor-1\Mixed_Voice_and_Falsetto\可惜没如果\Control_Group\0002.wav,1,0.384729,5.764,Chinese,ZH-Tenor-1,可惜没如果,Chinese/ZH-Tenor-1/可惜没如果,0.512
d:\-MindEcho-main\ml_dl_models\gtsinger_multitech\dataset\raw\Chinese\ZH-Tenor-1\Mixed_Voice_and_Falsetto\我的歌声里\Mixed_Voice_Group\0003.wav,0,0.521941,3.925,Chinese,ZH-Tenor-1,我的歌声里,Chinese/ZH-Tenor-1/我的歌声里,0.0
d:\-MindEcho-main\ml_dl_models\gtsinger_multitech\dataset\raw\Chinese\ZH-Alto-1\Breathy\温柔\Breathy_Group\0016.wav,0,0.456056,3.345,Chinese,ZH-Alto-1,温柔,Chinese/ZH-Alto-1/温柔,0.0
d:\-MindEcho-main\ml_dl_models\gtsinger_multitech\dataset\raw\French\FR-Soprano-1\Mixed_Voice_and_Falsetto\chez moi\Control_Group\0002.wav,0,0.791207,6.576,French,FR-Soprano-1,chez moi,French/FR-Soprano-1/chez moi,0.0
d:\-MindEcho-main\ml_dl_models\gtsinger_multitech\dataset\raw\French\FR-Tenor-1\Glissando\o souverain\Glissando_Group\0016.wav,1,0.359721,6.569,French,FR-Tenor-1,o souverain,French/FR-Tenor-1/o souverain,0.763
d:\-MindEcho-main\ml_dl_models\gtsinger_multitech\dataset\raw\Chinese\ZH-Alto-1\Vibrato\不再见\Vibrato_Group\0016.wav,1,0.476427,3.84,Chinese,ZH-Alto-1,不再见,Chinese/ZH-Alto-1/不再见,0.48
d:\-MindEcho-main\ml_dl_models\gtsinger_multitech\dataset\raw\French\FR-Tenor-1\Glissando\o souverain\Control_Group\0018.wav,1,0.508502,8.296,French,FR-Tenor-1,o souverain,French/FR-Tenor-1/o souverain,0.992
d:\-MindEcho-main\ml_dl_models\gtsinger_multitech\dataset\raw\French\FR-Soprano-1\Vibrato\les oiseaux\Control_Group\0000.wav,1,0.186556,2.311,French,FR-Soprano-1,les oiseaux,French/FR-Soprano-1/les oiseaux,0.101
d:\-MindEcho-main\ml_dl_models\gtsinger_multitech\dataset\raw\Chinese\ZH-Alto-1\Pharyngeal\说谎\Control_Group\0001.wav,0,0.577873,6.085,Chinese,ZH-Alto-1,说谎,Chinese/ZH-Alto-1/说谎,0.0
d:\-MindEcho-main\ml_dl_models\gtsinger_multitech\dataset\raw\Chinese\ZH-Tenor-1\Mixed_Voice_and_Falsetto\可惜没如果\Control_Group\0001.wav,1,0.573955,3.57,Chinese,ZH-Tenor-1,可惜没如果,Chinese/ZH-Tenor-1/可惜没如果,0.94
d:\-MindEcho-main\ml_dl_models\gtsinger_multitech\dataset\raw\Chinese\ZH-Alto-1\Mixed_Voice_and_Falsetto\最长的电影\Control_Group\0005.wav,0,0.167509,1.325,Chinese,ZH-Alto-1,最长的电影,Chinese/ZH-Alto-1/最长的电影,0.0
d:\-MindEcho-main\ml_dl_models\gtsinger_multitech\dataset\raw\Chinese\ZH-Tenor-1\Vibrato\知足\Vibrato_Group\0006.wav,1,0.549445,5.445,Chinese,ZH-Tenor-1,知足,Chinese/ZH-Tenor-1/知足,0.29
d:\-MindEcho-main\ml_dl_models\gtsinger_multitech\dataset\raw\French\FR-Soprano-1\Mixed_Voice_and_Falsetto\le dernier train\Control_Group\0009.wav,1,0.851888,7.892,French,FR-Soprano-1,le dernier train,French/FR-Soprano-1/le dernier train,0.42
d:\-MindEcho-main\ml_dl_models\gtsinger_multitech\dataset\raw\Chinese\ZH-Tenor-1\Breathy\传奇\Breathy_Group\0014.wav,1,0.487174,5.773,Chinese,ZH-Tenor-1,传奇,Chinese/ZH-Tenor-1/传奇,0.586
d:\-MindEcho-main\ml_dl_models\gtsinger_multitech\dataset\raw\French\FR-Soprano-1\Mixed_Voice_and_Falsetto\vivre a en crever\Mixed_Voice_Group\0004.wav,1,0.866696,8.726,French,FR-Soprano-1,vivre a en crever,French/FR-Soprano-1/vivre a en crever,0.552
d:\-MindEcho-main\ml_dl_models\gtsinger_multitech\dataset\raw\Chinese\ZH-Tenor-1\Glissando\给电影人的情书\Control_Group\0011.wav,0,0.549258,5.33,Chinese,ZH-Tenor-1,给电影人的情书,Chinese/ZH-Tenor-1/给电影人的情书,0.0
d:\-MindEcho-main\ml_dl_models\gtsinger_multitech\dataset\raw\Chinese\ZH-Tenor-1\Mixed_Voice_and_Falsetto\情歌\Falsetto_Group\0005.wav,1,0.424417,2.92,Chinese,ZH-Tenor-1,情歌,Chinese/ZH-Tenor-1/情歌,0.26
d:\-MindEcho-main\ml_dl_models\gtsinger_multitech\dataset\raw\Chinese\ZH-Tenor-1\Breathy\和你一样\Control_Group\0011.wav,0,0.639445,6.695,Chinese,ZH-Tenor-1,和你一样,Chinese/ZH-Tenor-1/和你一样,0.0
d:\-MindEcho-main\ml_dl_models\gtsinger_multitech\dataset\raw\French\FR-Soprano-1\Mixed_Voice_and_Falsetto\violet snow\Control_Group\0002.wav,1,0.154432,1.594,French,FR-Soprano-1,violet snow,French/FR-Soprano-1/violet snow,0.406
d:\-MindEcho-main\ml_dl_models\gtsinger_multitech\dataset\raw\French\FR-Soprano-1\Mixed_Voice_and_Falsetto\le dernier train\Mixed_Voice_Group\0008.wav,0,0.355222,2.656,French,FR-Soprano-1,le dernier train,French/FR-Soprano-1/le dernier train,0.0
d:\-MindEcho-main\ml_dl_models\gtsinger_multitech\dataset\raw\French\FR-Soprano-1\Pharyngeal\je ne sais pas choisir\Pharyngeal_Group\0003.wav,1,0.878086,9.617,French,FR-Soprano-1,je ne sais pas choisir,French/FR-Soprano-1/je ne sais pas choisir,0.451
d:\-MindEcho-main\ml_dl_models\gtsinger_multitech\dataset\raw\French\FR-Soprano-1\Mixed_Voice_and_Falsetto\le dernier train\Falsetto_Group\0011.wav,1,0.084824,0.412,French,FR-Soprano-1,le dernier train,French/FR-Soprano-1/le dernier train,0.163
d:\-MindEcho-main\ml_dl_models\gtsinger_multitech\dataset\raw\French\FR-Soprano-1\Breathy\la chanson de la mer\Paired_Speech_Group\0001.wav,0,0.531192,4.258,French,FR-Soprano-1,la chanson de la mer,French/FR-Soprano-1/la chanson de la mer,0.0
d:\-MindEcho-main\ml_dl_models\gtsinger_multitech\dataset\raw\Chinese\ZH-Alto-1\Mixed_Voice_and_Falsetto\忽然之间\Control_Group\0004.wav,0,0.504021,3.76,Chinese,ZH-Alto-1,忽然之间,Chinese/ZH-Alto-1/忽然之间,0.0
d:\-MindEcho-main\ml_dl_models\gtsinger_multitech\dataset\raw\French\FR-Soprano-1\Mixed_Voice_and_Falsetto\violet snow\Falsetto_Group\0006.wav,1,0.618466,7.643,French,FR-Soprano-1,violet snow,French/FR-Soprano-1/violet snow,0.492
d:\-MindEcho-main\ml_dl_models\gtsinger_multitech\dataset\raw\Chinese\ZH-Alto-1\Mixed_Voice_and_Falsetto\南山南\Mixed_Voice_Group\0002.wav,0,0.147758,1.417,Chinese,ZH-Alto-1,南山南,Chinese/ZH-Alto-1/南山南,0.0
d:\-MindEcho-main\ml_dl_models\gtsinger_multitech\dataset\raw\Chinese\ZH-Alto-1\Pharyngeal\听海\Control_Group\0008.wav,0,0.184478,1.29,Chinese,ZH-Alto-1,听海,Chinese/ZH-Alto-1/听海,0.0
d:\-MindEcho-main\ml_dl_models\gtsinger_multitech\dataset\raw\Chinese\ZH-Alto-1\Mixed_Voice_and_Falsetto\后来\Control_Group\0013.wav,1,0.496327,3.04,Chinese,ZH-Alto-1,后来,Chinese/ZH-Alto-1/后来,0.28
d:\-MindEcho-main\ml_dl_models\gtsinger_multitech\dataset\raw\French\FR-Soprano-1\Breathy\les passagers du vent\Paired_Speech_Group\0002.wav,0,0.223701,1.541,French,FR-Soprano-1,les passagers du vent,French/FR-Soprano-1/les passagers du vent,0.0
d:\-MindEcho-main\ml_dl_models\gtsinger_multitech\dataset\raw\Chinese\ZH-Tenor-1\Mixed_Voice_and_Falsetto\崇拜\Falsetto_Group\0005.wav,1,0.44026,5.085,Chinese,ZH-Tenor-1,崇拜,Chinese/ZH-Tenor-1/崇拜,0.45
d:\-MindEcho-main\ml_dl_models\gtsinger_multitech\dataset\raw\Chinese\ZH-Tenor-1\Glissando\传奇\Control_Group\0006.wav,0,0.624176,7.105,Chinese,ZH-Tenor-1,传奇,Chinese/ZH-Tenor-1/传奇,0.0
d:\-MindEcho-main\ml_dl_models\gtsinger_multitech\dataset\raw\French\FR-Soprano-1\Mixed_Voice_and_Falsetto\magic boul'vard\Falsetto_Group\0002.wav,1,0.16874,2.661,French,FR-Soprano-1,magic boul'vard,French/FR-Soprano-1/magic boul'vard,1.802
d:\-MindEcho-main\ml_dl_models\gtsinger_multitech\dataset\raw\French\FR-Soprano-1\Pharyngeal\ce train qui s'en va\Control_Group\0005.wav,1,0.888714,10.482,French,FR-Soprano-1,ce train qui s'en va,French/FR-Soprano-1/ce train qui s'en va,0.601
d:\-MindEcho-main\ml_dl_models\gtsinger_multitech\dataset\raw\Chinese\ZH-Tenor-1\Pharyngeal\我怀念的\Control_Group\0009.wav,0,0.422556,2.81,Chinese,ZH-Tenor-1,我怀念的,Chinese/ZH-Tenor-1/我怀念的,0.0
d:\-MindEcho-main\ml_dl_models\gtsinger_multitech\dataset\raw\Chinese\ZH-Alto-1\Mixed_Voice_and_Falsetto\可乐\Mixed_Voice_Group\0001.wav,0,0.173152,1.335,Chinese,ZH-Alto-1,可乐,Chinese/ZH-Alto-1/可乐,0.0
d:\-MindEcho-main\ml_dl_models\gtsinger_multitech\dataset\raw\Chinese\ZH-Tenor-1\Mixed_Voice_and_Falsetto\崇拜\Falsetto_Group\0004.wav,1,0.789333,5.92,Chinese,ZH-Tenor-1,崇拜,Chinese/ZH-Tenor-1/崇拜,0.74
d:\-MindEcho-main\ml_dl_models\gtsinger_multitech\dataset\raw\French\FR-Soprano-1\Breathy\soleil solleil\Paired_Speech_Group\0004.wav,0,0.345811,1.325,French,FR-Soprano-1,soleil solleil,French/FR-Soprano-1/soleil solleil,0.0
d:\-MindEcho-main\ml_dl_models\gtsinger_multitech\dataset\raw\French\FR-Soprano-1\Glissando\donnez-moi\Glissando_Group\0003.wav,1,0.198145,2.253,French,FR-Soprano-1,donnez-moi,French/FR-Soprano-1/donnez-moi,0.343
d:\-MindEcho-main\ml_dl_models\gtsinger_multitech\dataset\raw\French\FR-Tenor-1\Breathy\avant\Breathy_Group\0005.wav,1,0.911791,13.413,French,FR-Tenor-1,avant,French/FR-Tenor-1/avant,0.382
d:\-MindEcho-main\ml_dl_models\gtsinger_multitech\dataset\raw\Chinese\ZH-Tenor-1\Pharyngeal\全世界谁倾听你\Pharyngeal_Group\0000.wav,0,0.137791,1.36,Chinese,ZH-Tenor-1,全世界谁倾听你,Chinese/ZH-Tenor-1/全世界谁倾听你,0.0
d:\-MindEcho-main\ml_dl_models\gtsinger_multitech\dataset\raw\Chinese\ZH-Alto-1\Mixed_Voice_and_Falsetto\青花瓷\Falsetto_Group\0000.wav,1,0.514161,4.72,Chinese,ZH-Alto-1,青花瓷,Chinese/ZH-Alto-1/青花瓷,0.44
d:\-MindEcho-main\ml_dl_models\gtsinger_multitech\dataset\raw\Chinese\ZH-Alto-1\Mixed_Voice_and_Falsetto\老男孩\Mixed_Voice_Group\0014.wav,0,0.226402,1.655,Chinese,ZH-Alto-1,老男孩,Chinese/ZH-Alto-1/老男孩,0.0
d:\-MindEcho-main\ml_dl_models\gtsinger_multitech\dataset\raw\Chinese\ZH-Alto-1\Vibrato\好久不见\Vibrato_Group\0002.wav,1,0.234814,2.59,Chinese,ZH-Alto-1,好久不见,Chinese/ZH-Alto-1/好久不见,0.48
d:\-MindEcho-main\ml_dl_models\gtsinger_multitech\dataset\raw\French\FR-Soprano-1\Mixed_Voice_and_Falsetto\le dernier train\Control_Group\0002.wav,0,0.132054,1.486,French,FR-Soprano-1,le dernier train,French/FR-Soprano-1/le dernier train,0.0
d:\-MindEcho-main\ml_dl_models\gtsinger_multitech\dataset\raw\French\FR-Soprano-1\Mixed_Voice_and_Falsetto\lentement\Falsetto_Group\0009.wav,0,0.154124,1.515,French,FR-Soprano-1,lentement,French/FR-Soprano-1/lentement,0.0
d:\-MindEcho-main\ml_dl_models\gtsinger_multitech\dataset\raw\French\FR-Tenor-1\Mixed_Voice_and_Falsetto\Les Marionnettes\Control_Group\0004.wav,1,0.874187,8.941,French,FR-Tenor-1,Les Marionnettes,French/FR-Tenor-1/Les Marionnettes,1.194
d:\-MindEcho-main\ml_dl_models\gtsinger_multitech\dataset\raw\French\FR-Tenor-1\Mixed_Voice_and_Falsetto\Les Marionnettes\Paired_Speech_Group\0003.wav,0,0.522165,3.651,French,FR-Tenor-1,Les Marionnettes,French/FR-Tenor-1/Les Marionnettes,0.0
d:\-MindEcho-main\ml_dl_models\gtsinger_multitech\dataset\raw\Chinese\ZH-Tenor-1\Vibrato\从前慢\Control_Group\0000.wav,0,0.485392,3.074,Chinese,ZH-Tenor-1,从前慢,Chinese/ZH-Tenor-1/从前慢,0.0
d:\-MindEcho-main\ml_dl_models\gtsinger_multitech\dataset\raw\French\FR-Soprano-1\Breathy\a la vie comme a la mort\Breathy_Group\0001.wav,1,0.472235,7.237,French,FR-Soprano-1,a la vie comme a la mort,French/FR-Soprano-1/a la vie comme a la mort,0.55
d:\-MindEcho-main\ml_dl_models\gtsinger_multitech\dataset\raw\Chinese\ZH-Tenor-1\Mixed_Voice_and_Falsetto\情歌\Falsetto_Group\0019.wav,0,0.428674,2.975,Chinese,ZH-Tenor-1,情歌,Chinese/ZH-Tenor-1/情歌,0.0
d:\-MindEcho-main\ml_dl_models\gtsinger_multitech\dataset\raw\Chinese\ZH-Alto-1\Mixed_Voice_and_Falsetto\平凡的一天\Control_Group\0006.wav,0,0.599697,7.94,Chinese,ZH-Alto-1,平凡的一天,Chinese/ZH-Alto-1/平凡的一天,0.0
d:\-MindEcho-main\ml_dl_models\gtsinger_multitech\dataset\raw\Chinese\ZH-Alto-1\Mixed_Voice_and_Falsetto\平凡之路\Control_Group\0007.wav,0,0.143025,1.22,Chinese,ZH-Alto-1,平凡之路,Chinese/ZH-Alto-1/平凡之路,0.0
d:\-MindEcho-main\ml_dl_models\gtsinger_multitech\dataset\raw\Chinese\ZH-Tenor-1\Mixed_Voice_and_Falsetto\偏爱\Control_Group\0005.wav,0,0.4834,3.64,Chinese,ZH-Tenor-1,偏爱,Chinese/ZH-Tenor-1/偏爱,0.0
d:\-MindEcho-main\ml_dl_models\gtsinger_multitech\dataset\raw\Chinese\ZH-Tenor-1\Mixed_Voice_and_Falsetto\过火\Control_Group\0005.wav,1,0.2,1.376,Chinese,ZH-Tenor-1,过火,Chinese/ZH-Tenor-1/过火,0.308
d:\-MindEcho-main\ml_dl_models\gtsinger_multitech\dataset\raw\French\FR-Soprano-1\Breathy\la famillle que l'on a choisie\Breathy_Group\0002.wav,1,0.886621,9.858,French,FR-Soprano-1,la famillle que l'on a choisie,French/FR-Soprano-1/la famillle que l'on a choisie,1.452
d:\-MindEcho-main\ml_dl_models\gtsinger_multitech\dataset\raw\Chinese\ZH-Tenor-1\Mixed_Voice_and_Falsetto\偏爱\Falsetto_Group\0001.wav,0,0.692347,6.695,Chinese,ZH-Tenor-1,偏爱,Chinese/ZH-Tenor-1/偏爱,0.0
d:\-MindEcho-main\ml_dl_models\gtsinger_multitech\dataset\raw\Chinese\ZH-Tenor-1\Mixed_Voice_and_Falsetto\情歌\Mixed_Voice_Group\0023.wav,1,0.241304,1.665,Chinese,ZH-Tenor-1,情歌,Chinese/ZH-Tenor-1/情歌,0.31
d:\-MindEcho-main\ml_dl_models\gtsinger_multitech\dataset\raw\Chinese\ZH-Tenor-1\Mixed_Voice_and_Falsetto\平凡之路\Falsetto_Group\0002.wav,0,0.263818,1.575,Chinese,ZH-Tenor-1,平凡之路,Chinese/ZH-Tenor-1/平凡之路,0.0
d:\-MindEcho-main\ml_dl_models\gtsinger_multitech\dataset\raw\Chinese\ZH-Tenor-1\Mixed_Voice_and_Falsetto\倒带\Mixed_Voice_Group\0022.wav,0,0.190091,1.385,Chinese,ZH-Tenor-1,倒带,Chinese/ZH-Tenor-1/倒带,0.0
d:\-MindEcho-main\ml_dl_models\gtsinger_multitech\dataset\raw\French\FR-Soprano-1\Breathy\la chanson de la mer\Control_Group\0004.wav,0,0.141816,1.712,French,FR-Soprano-1,la chanson de la mer,French/FR-Soprano-1/la chanson de la mer,0.0
d:\-MindEcho-main\ml_dl_models\gtsinger_multitech\dataset\raw\French\FR-Soprano-1\Breathy\adieu mon homme\Paired_Speech_Group\0000.wav,0,0.577385,2.354,French,FR-Soprano-1,adieu mon homme,French/FR-Soprano-1/adieu mon homme,0.0
d:\-MindEcho-main\ml_dl_models\gtsinger_multitech\dataset\raw\Chinese\ZH-Tenor-1\Glissando\大鱼\Control_Group\0009.wav,0,0.456198,2.76,Chinese,ZH-Tenor-1,大鱼,Chinese/ZH-Tenor-1/大鱼,0.0
d:\-MindEcho-main\ml_dl_models\gtsinger_multitech\dataset\raw\French\FR-Soprano-1\Breathy\2019\Breathy_Group\0007.wav,1,0.221855,2.146,French,FR-Soprano-1,2019,French/FR-Soprano-1/2019,0.524
d:\-MindEcho-main\ml_dl_models\gtsinger_multitech\dataset\raw\Chinese\ZH-Tenor-1\Glissando\光阴的故事\Glissando_Group\0005.wav,0,0.517969,3.315,Chinese,ZH-Tenor-1,光阴的故事,Chinese/ZH-Tenor-1/光阴的故事,0.0
d:\-MindEcho-main\ml_dl_models\gtsinger_multitech\dataset\raw\Chinese\ZH-Tenor-1\Mixed_Voice_and_Falsetto\青花瓷\Falsetto_Group\0001.wav,1,0.281713,1.71,Chinese,ZH-Tenor-1,青花瓷,Chinese/ZH-Tenor-1/青花瓷,0.36
d:\-MindEcho-main\ml_dl_models\gtsinger_multitech\dataset\raw\French\FR-Soprano-1\Pharyngeal\l'amour\Control_Group\0003.wav,1,0.905786,12.027,French,FR-Soprano-1,l'amour,French/FR-Soprano-1/l'amour,1.421
d:\-MindEcho-main\ml_dl_models\gtsinger_multitech\dataset\raw\Chinese\ZH-Tenor-1\Breathy\不染\Breathy_Group\0011.wav,0,0.353844,2.352,Chinese,ZH-Tenor-1,不染,Chinese/ZH-Tenor-1/不染,0.0
d:\-MindEcho-main\ml_dl_models\gtsinger_multitech\dataset\raw\Chinese\ZH-Tenor-1\Mixed_Voice_and_Falsetto\残酷月光\Control_Group\0009.wav,1,0.176868,2.485,Chinese,ZH-Tenor-1,残酷月光,Chinese/ZH-Tenor-1/残酷月光,0.23
d:\-MindEcho-main\ml_dl_models\gtsinger_multitech\dataset\raw\Chinese\ZH-Alto-1\Mixed_Voice_and_Falsetto\三寸天堂\Mixed_Voice_Group\0000.wav,0,0.559738,3.42,Chinese,ZH-Alto-1,三寸天堂,Chinese/ZH-Alto-1/三寸天堂,0.0
d:\-MindEcho-main\ml_dl_models\gtsinger_multitech\dataset\raw\French\FR-Soprano-1\Mixed_Voice_and_Falsetto\comment deja\Mixed_Voice_Group\0002.wav,1,0.913474,13.46,French,FR-Soprano-1,comment deja,French/FR-Soprano-1/comment deja,0.817
d:\-MindEcho-main\ml_dl_models\gtsinger_multitech\dataset\raw\French\FR-Soprano-1\Pharyngeal\comment dire\Control_Group\0008.wav,1,0.689218,11.659,French,FR-Soprano-1,comment dire,French/FR-Soprano-1/comment dire,0.311
d:\-MindEcho-main\ml_dl_models\gtsinger_multitech\dataset\raw\Chinese\ZH-Alto-1\Breathy\有一种悲伤\Control_Group\0000.wav,1,0.516086,5.823,Chinese,ZH-Alto-1,有一种悲伤,Chinese/ZH-Alto-1/有一种悲伤,1.64
d:\-MindEcho-main\ml_dl_models\gtsinger_multitech\dataset\raw\Chinese\ZH-Alto-1\Mixed_Voice_and_Falsetto\告白气球\Mixed_Voice_Group\0003.wav,0,0.1731,1.435,Chinese,ZH-Alto-1,告白气球,Chinese/ZH-Alto-1/告白气球,0.0
d:\-MindEcho-main\ml_dl_models\gtsinger_multitech\dataset\raw\Chinese\ZH-Tenor-1\Glissando\给电影人的情书\Glissando_Group\0016.wav,1,0.804536,5.495,Chinese,ZH-Tenor-1,给电影人的情书,Chinese/ZH-Tenor-1/给电影人的情书,0.29
d:\-MindEcho-main\ml_dl_models\gtsinger_multitech\dataset\raw\French\FR-Tenor-1\Glissando\manon\Glissando_Group\0010.wav,1,0.586655,5.504,French,FR-Tenor-1,manon,French/FR-Tenor-1/manon,0.448
d:\-MindEcho-main\ml_dl_models\gtsinger_multitech\dataset\raw\Chinese\ZH-Tenor-1\Breathy\给电影人的情书\Control_Group\0013.wav,1,0.629636,7.643,Chinese,ZH-Tenor-1,给电影人的情书,Chinese/ZH-Tenor-1/给电影人的情书,0.317
d:\-MindEcho-main\ml_dl_models\gtsinger_multitech\dataset\raw\Chinese\ZH-Alto-1\Vibrato\奇妙能力歌\Control_Group\0006.wav,1,0.524127,4.323,Chinese,ZH-Alto-1,奇妙能力歌,Chinese/ZH-Alto-1/奇妙能力歌,0.43
d:\-MindEcho-main\ml_dl_models\gtsinger_multitech\dataset\raw\Chinese\ZH-Tenor-1\Mixed_Voice_and_Falsetto\残酷月光\Mixed_Voice_Group\0010.wav,0,0.233513,1.735,Chinese,ZH-Tenor-1,残酷月光,Chinese/ZH-Tenor-1/残酷月光,0.0
d:\-MindEcho-main\ml_dl_models\gtsinger_multitech\dataset\raw\French\FR-Soprano-1\Vibrato\les oiseaux\Vibrato_Group\0005.wav,1,0.685442,12.114,French,FR-Soprano-1,les oiseaux,French/FR-Soprano-1/les oiseaux,0.471
d:\-MindEcho-main\ml_dl_models\gtsinger_multitech\dataset\raw\Chinese\ZH-Tenor-1\Pharyngeal\不为谁而作的歌\Pharyngeal_Group\0016.wav,0,0.148107,1.33,Chinese,ZH-Tenor-1,不为谁而作的歌,Chinese/ZH-Tenor-1/不为谁而作的歌,0.0
d:\-MindEcho-main\ml_dl_models\gtsinger_multitech\dataset\raw\Chinese\ZH-Tenor-1\Glissando\空白格\Glissando_Group\0003.wav,1,0.233247,2.68,Chinese,ZH-Tenor-1,空白格,Chinese/ZH-Tenor-1/空白格,0.56
d:\-MindEcho-main\ml_dl_models\gtsinger_multitech\dataset\raw\Chinese\ZH-Alto-1\Mixed_Voice_and_Falsetto\知足\Control_Group\0000.wav,0,0.23591,1.465,Chinese,ZH-Alto-1,知足,Chinese/ZH-Alto-1/知足,0.0
d:\-MindEcho-main\ml_dl_models\gtsinger_multitech\dataset\raw\Chinese\ZH-Alto-1\Mixed_Voice_and_Falsetto\老男孩\Falsetto_Group\0012.wav,0,0.24863,1.815,Chinese,ZH-Alto-1,老男孩,Chinese/ZH-Alto-1/老男孩,0.0
d:\-MindEcho-main\ml_dl_models\gtsinger_multitech\dataset\raw\Chinese\ZH-Alto-1\Mixed_Voice_and_Falsetto\匆匆那年\Control_Group\0000.wav,0,0.555325,6.83,Chinese,ZH-Alto-1,匆匆那年,Chinese/ZH-Alto-1/匆匆那年,0.0
d:\-MindEcho-main\ml_dl_models\gtsinger_multitech\dataset\raw\Chinese\ZH-Alto-1\Vibrato\不再见\Control_Group\0025.wav,0,0.556803,4.215,Chinese,ZH-Alto-1,不再见,Chinese/ZH-Alto-1/不再见,0.0
d:\-MindEcho-main\ml_dl_models\gtsinger_multitech\dataset\raw\Chinese\ZH-Alto-1\Mixed_Voice_and_Falsetto\平凡的一天\Falsetto_Group\0003.wav,0,0.127704,1.724,Chinese,ZH-Alto-1,平凡的一天,Chinese/ZH-Alto-1/平凡的一天,0.0
d:\-MindEcho-main\ml_dl_models\gtsinger_multitech\dataset\raw\French\FR-Soprano-1\Mixed_Voice_and_Falsetto\lentement\Mixed_Voice_Group\0012.wav,0,0.217694,1.842,French,FR-Soprano-1,lentement,French/FR-Soprano-1/lentement,0.0
d:\-MindEcho-main\ml_dl_models\gtsinger_multitech\dataset\raw\Chinese\ZH-Tenor-1\Breathy\不染\Control_Group\0023.wav,0,0.220127,1.525,Chinese,ZH-Tenor-1,不染,Chinese/ZH-Tenor-1/不染,0.0
d:\-MindEcho-main\ml_dl_models\gtsinger_multitech\dataset\raw\Chinese\ZH-Alto-1\Vibrato\不再见\Control_Group\0021.wav,0,0.216969,1.675,Chinese,ZH-Alto-1,不再见,Chinese/ZH-Alto-1/不再见,0.0
d:\-MindEcho-main\ml_dl_models\gtsinger_multitech\dataset\raw\Chinese\ZH-Alto-1\Mixed_Voice_and_Falsetto\给电影人的情书\Mixed_Voice_Group\0008.wav,1,0.822102,6.1,Chinese,ZH-Alto-1,给电影人的情书,Chinese/ZH-Alto-1/给电影人的情书,0.22
d:\-MindEcho-main\ml_dl_models\gtsinger_multitech\dataset\raw\French\FR-Tenor-1\Glissando\pourquoi\Glissando_Group\0001.wav,0,0.482505,4.633,French,FR-Tenor-1,pourquoi,French/FR-Tenor-1/pourquoi,0.0
d:\-MindEcho-main\ml_dl_models\gtsinger_multitech\dataset\raw\Chinese\ZH-Tenor-1\Mixed_Voice_and_Falsetto\走着走着就散了\Control_Group\0011.wav,1,0.448113,3.325,Chinese,ZH-Tenor-1,走着走着就散了,Chinese/ZH-Tenor-1/走着走着就散了,0.33
d:\-MindEcho-main\ml_dl_models\gtsinger_multitech\dataset\raw\Chinese\ZH-Tenor-1\Vibrato\失落沙洲\Control_Group\0006.wav,0,0.14656,1.747,Chinese,ZH-Tenor-1,失落沙洲,Chinese/ZH-Tenor-1/失落沙洲,0.0
d:\-MindEcho-main\ml_dl_models\gtsinger_multitech\dataset\raw\Chinese\ZH-Tenor-1\Mixed_Voice_and_Falsetto\残酷月光\Mixed_Voice_Group\0018.wav,1,0.635263,6.453,Chinese,ZH-Tenor-1,残酷月光,Chinese/ZH-Tenor-1/残酷月光,0.27
d:\-MindEcho-main\ml_dl_models\gtsinger_multitech\dataset\raw\Chinese\ZH-Tenor-1\Vibrato\从前慢\Control_Group\0004.wav,0,0.561693,5.139,Chinese,ZH-Tenor-1,从前慢,Chinese/ZH-Tenor-1/从前慢,0.0
d:\-MindEcho-main\ml_dl_models\gtsinger_multitech\dataset\raw\Chinese\ZH-Tenor-1\Mixed_Voice_and_Falsetto\最初的梦想\Falsetto_Group\0015.wav,0,0.461538,3.36,Chinese,ZH-Tenor-1,最初的梦想,Chinese/ZH-Tenor-1/最初的梦想,0.0
d:\-MindEcho-main\ml_dl_models\gtsinger_multitech\dataset\raw\Chinese\ZH-Alto-1\Mixed_Voice_and_Falsetto\给电影人的情书\Mixed_Voice_Group\0005.wav,0,0.135048,1.26,Chinese,ZH-Alto-1,给电影人的情书,Chinese/ZH-Alto-1/给电影人的情书,0.0
d:\-MindEcho-main\ml_dl_models\gtsinger_multitech\dataset\raw\Chinese\ZH-Tenor-1\Breathy\不染\Control_Group\0007.wav,0,0.447592,3.16,Chinese,ZH-Tenor-1,不染,Chinese/ZH-Tenor-1/不染,0.0
d:\-MindEcho-main\ml_dl_models\gtsinger_multitech\dataset\raw\Chinese\ZH-Alto-1\Breathy\知足\Control_Group\0003.wav,0,0.592076,3.99,Chinese,ZH-Alto-1,知足,Chinese/ZH-Alto-1/知足,0.0
d:\-MindEcho-main\ml_dl_models\gtsinger_multitech\dataset\raw\Chinese\ZH-Tenor-1\Mixed_Voice_and_Falsetto\残酷月光\Mixed_Voice_Group\0000.wav,1,0.517375,3.752,Chinese,ZH-Tenor-1,残酷月光,Chinese/ZH-Tenor-1/残酷月光,0.88
d:\-MindEcho-main\ml_dl_models\gtsinger_multitech\dataset\raw\Chinese\ZH-Tenor-1\Mixed_Voice_and_Falsetto\我的歌声里\Falsetto_Group\0002.wav,1,0.320239,3.75,Chinese,ZH-Tenor-1,我的歌声里,Chinese/ZH-Tenor-1/我的歌声里,0.7
d:\-MindEcho-main\ml_dl_models\gtsinger_multitech\dataset\raw\Chinese\ZH-Alto-1\Mixed_Voice_and_Falsetto\告白气球\Mixed_Voice_Group\0011.wav,1,0.329942,3.535,Chinese,ZH-Alto-1,告白气球,Chinese/ZH-Alto-1/告白气球,0.33
d:\-MindEcho-main\ml_dl_models\gtsinger_multitech\dataset\raw\French\FR-Soprano-1\Mixed_Voice_and_Falsetto\lentement\Control_Group\0006.wav,1,0.817432,8.901,French,FR-Soprano-1,lentement,French/FR-Soprano-1/lentement,1.934
d:\-MindEcho-main\ml_dl_models\gtsinger_multitech\dataset\raw\French\FR-Tenor-1\Breathy\manon\Breathy_Group\0005.wav,1,0.587431,8.123,French,FR-Tenor-1,manon,French/FR-Tenor-1/manon,0.784
d:\-MindEcho-main\ml_dl_models\gtsinger_multitech\dataset\raw\Chinese\ZH-Tenor-1\Breathy\会呼吸的痛\Control_Group\0018.wav,0,0.198441,1.655,Chinese,ZH-Tenor-1,会呼吸的痛,Chinese/ZH-Tenor-1/会呼吸的痛,0.0
d:\-MindEcho-main\ml_dl_models\gtsinger_multitech\dataset\raw\Chinese\ZH-Alto-1\Breathy\默\Breathy_Group\0006.wav,1,0.323589,3.21,Chinese,ZH-Alto-1,默,Chinese/ZH-Alto-1/默,0.42
d:\-MindEcho-main\ml_dl_models\gtsinger_multitech\dataset\raw\Chinese\ZH-Alto-1\Glissando\你给我听好\Control_Group\0000.wav,0,0.638171,6.312,Chinese,ZH-Alto-1,你给我听好,Chinese/ZH-Alto-1/你给我听好,0.0
d:\-MindEcho-main\ml_dl_models\gtsinger_multitech\dataset\raw\Chinese\ZH-Tenor-1\Pharyngeal\我怀念的\Control_Group\0008.wav,1,0.51626,3.175,Chinese,ZH-Tenor-1,我怀念的,Chinese/ZH-Tenor-1/我怀念的,0.43
d:\-MindEcho-main\ml_dl_models\gtsinger_multitech\dataset\raw\Chinese\ZH-Tenor-1\Breathy\给电影人的情书\Control_Group\0013.wav,0,0.392405,4.763,Chinese,ZH-Tenor-1,给电影人的情书,Chinese/ZH-Tenor-1/给电影人的情书,0.0
d:\-MindEcho-main\ml_dl_models\gtsinger_multitech\dataset\raw\Chinese\ZH-Tenor-1\Mixed_Voice_and_Falsetto\失落沙洲\Mixed_Voice_Group\0003.wav,1,0.426983,3.915,Chinese,ZH-Tenor-1,失落沙洲,Chinese/ZH-Tenor-1/失落沙洲,0.33
d:\-MindEcho-main\ml_dl_models\gtsinger_multitech\dataset\raw\Chinese\ZH-Tenor-1\Mixed_Voice_and_Falsetto\青花瓷\Mixed_Voice_Group\0016.wav,1,0.534157,3.675,Chinese,ZH-Tenor-1,青花瓷,Chinese/ZH-Tenor-1/青花瓷,0.35
d:\-MindEcho-main\ml_dl_models\gtsinger_multitech\dataset\raw\Chinese\ZH-Tenor-1\Glissando\传奇\Control_Group\0016.wav,0,0.159637,1.249,Chinese,ZH-Tenor-1,传奇,Chinese/ZH-Tenor-1/传奇,0.0
d:\-MindEcho-main\ml_dl_models\gtsinger_multitech\dataset\raw\Chinese\ZH-Tenor-1\Mixed_Voice_and_Falsetto\情歌\Control_Group\0006.wav,0,0.304498,1.76,Chinese,ZH-Tenor-1,情歌,Chinese/ZH-Tenor-1/情歌,0.0
d:\-MindEcho-main\ml_dl_models\gtsinger_multitech\dataset\raw\French\FR-Soprano-1\Pharyngeal\lassasymphonie\Control_Group\0012.wav,0,0.398168,4.174,French,FR-Soprano-1,lassasymphonie,French/FR-Soprano-1/lassasymphonie,0.0
d:\-MindEcho-main\ml_dl_models\gtsinger_multitech\dataset\raw\French\FR-Soprano-1\Breathy\les passagers du vent\Breathy_Group\0005.wav,1,0.479691,7.357,French,FR-Soprano-1,les passagers du vent,French/FR-Soprano-1/les passagers du vent,0.711
d:\-MindEcho-main\ml_dl_models\gtsinger_multitech\dataset\raw\Chinese\ZH-Alto-1\Mixed_Voice_and_Falsetto\可乐\Control_Group\0007.wav,0,0.284427,2.21,Chinese,ZH-Alto-1,可乐,Chinese/ZH-Alto-1/可乐,0.0
d:\-MindEcho-main\ml_dl_models\gtsinger_multitech\dataset\raw\French\FR-Tenor-1\Breathy\pourquoi\Paired_Speech_Group\0007.wav,0,0.474284,2.121,French,FR-Tenor-1,pourquoi,French/FR-Tenor-1/pourquoi,0.0
d:\-MindEcho-main\ml_dl_models\gtsinger_multitech\dataset\raw\Chinese\ZH-Tenor-1\Vibrato\从前慢\Vibrato_Group\0005.wav,1,0.275466,1.92,Chinese,ZH-Tenor-1,从前慢,Chinese/ZH-Tenor-1/从前慢,0.32
d:\-MindEcho-main\ml_dl_models\gtsinger_multitech\dataset\raw\French\FR-Tenor-1\Mixed_Voice_and_Falsetto\Les Marionnettes\Control_Group\0001.wav,1,0.321679,5.916,French,FR-Tenor-1,Les Marionnettes,French/FR-Tenor-1/Les Marionnettes,1.778
d:\-MindEcho-main\ml_dl_models\gtsinger_multitech\dataset\raw\Chinese\ZH-Alto-1\Vibrato\不再见\Control_Group\0000.wav,0,0.568646,5.285,Chinese,ZH-Alto-1,不再见,Chinese/ZH-Alto-1/不再见,0.0
d:\-MindEcho-main\ml_dl_models\gtsinger_multitech\dataset\raw\Chinese\ZH-Alto-1\Mixed_Voice_and_Falsetto\剑伤\Falsetto_Group\0005.wav,1,0.334652,2.623,Chinese,ZH-Alto-1,剑伤,Chinese/ZH-Alto-1/剑伤,0.49
d:\-MindEcho-main\ml_dl_models\gtsinger_multitech\dataset\raw\Chinese\ZH-Alto-1\Vibrato\安和桥\Control_Group\0005.wav,1,0.720863,8.22,Chinese,ZH-Alto-1,安和桥,Chinese/ZH-Alto-1/安和桥,1.46
d:\-MindEcho-main\ml_dl_models\gtsinger_multitech\dataset\raw\French\FR-Soprano-1\Mixed_Voice_and_Falsetto\lentement\Control_Group\0010.wav,1,0.86541,8.559,French,FR-Soprano-1,lentement,French/FR-Soprano-1/lentement,0.713
d:\-MindEcho-main\ml_dl_models\gtsinger_multitech\dataset\raw\Chinese\ZH-Alto-1\Mixed_Voice_and_Falsetto\日不落\Falsetto_Group\0000.wav,0,0.604769,4.768,Chinese,ZH-Alto-1,日不落,Chinese/ZH-Alto-1/日不落,0.0
d:\-MindEcho-main\ml_dl_models\gtsinger_multitech\dataset\raw\Chinese\ZH-Tenor-1\Mixed_Voice_and_Falsetto\终于等到你\Mixed_Voice_Group\0005.wav,0,0.439864,2.976,Chinese,ZH-Tenor-1,终于等到你,Chinese/ZH-Tenor-1/终于等到你,0.0
d:\-MindEcho-main\ml_dl_models\gtsinger_multitech\dataset\raw\French\FR-Soprano-1\Breathy\la famillle que l'on a choisie\Paired_Speech_Group\0003.wav,0,0.186239,1.421,French,FR-Soprano-1,la famillle que l'on a choisie,French/FR-Soprano-1/la famillle que l'on a choisie,0.0
d:\-MindEcho-main\ml_dl_models\gtsinger_multitech\dataset\raw\Chinese\ZH-Tenor-1\Breathy\不染\Breathy_Group\0019.wav,0,0.210407,1.395,Chinese,ZH-Tenor-1,不染,Chinese/ZH-Tenor-1/不染,0.0
d:\-MindEcho-main\ml_dl_models\gtsinger_multitech\dataset\raw\Chinese\ZH-Alto-1\Pharyngeal\你就不要想起我\Control_Group\0010.wav,1,0.315904,2.9,Chinese,ZH-Alto-1,你就不要想起我,Chinese/ZH-Alto-1/你就不要想起我,0.4
d:\-MindEcho-main\ml_dl_models\gtsinger_multitech\dataset\raw\Chinese\ZH-Alto-1\Breathy\可乐\Control_Group\0015.wav,1,0.337888,2.72,Chinese,ZH-Alto-1,可乐,Chinese/ZH-Alto-1/可乐,0.28
d:\-MindEcho-main\ml_dl_models\gtsinger_multitech\dataset\raw\Chinese\ZH-Alto-1\Mixed_Voice_and_Falsetto\可乐\Control_Group\0008.wav,1,0.491017,4.1,Chinese,ZH-Alto-1,可乐,Chinese/ZH-Alto-1/可乐,0.32
d:\-MindEcho-main\ml_dl_models\gtsinger_multitech\dataset\raw\Chinese\ZH-Alto-1\Mixed_Voice_and_Falsetto\知足\Mixed_Voice_Group\0003.wav,0,0.523891,3.07,Chinese,ZH-Alto-1,知足,Chinese/ZH-Alto-1/知足,0.0
d:\-MindEcho-main\ml_dl_models\gtsinger_multitech\dataset\raw\Chinese\ZH-Tenor-1\Pharyngeal\雨爱\Control_Group\0005.wav,0,0.198127,1.27,Chinese,ZH-Tenor-1,雨爱,Chinese/ZH-Tenor-1/雨爱,0.0
d:\-MindEcho-main\ml_dl_models\gtsinger_multitech\dataset\raw\Chinese\ZH-Tenor-1\Mixed_Voice_and_Falsetto\讲真的\Mixed_Voice_Group\0007.wav,1,0.172163,1.775,Chinese,ZH-Tenor-1,讲真的,Chinese/ZH-Tenor-1/讲真的,0.21
d:\-MindEcho-main\ml_dl_models\gtsinger_multitech\dataset\raw\Chinese\ZH-Tenor-1\Mixed_Voice_and_Falsetto\讲真的\Control_Group\0008.wav,1,0.41582,2.865,Chinese,ZH-Tenor-1,讲真的,Chinese/ZH-Tenor-1/讲真的,1.55
d:\-MindEcho-main\ml_dl_models\gtsinger_multitech\dataset\raw\Chinese\ZH-Alto-1\Breathy\可乐\Control_Group\0005.wav,0,0.154762,1.235,Chinese,ZH-Alto-1,可乐,Chinese/ZH-Alto-1/可乐,0.0
d:\-MindEcho-main\ml_dl_models\gtsinger_multitech\dataset\raw\French\FR-Soprano-1\Mixed_Voice_and_Falsetto\lentement\Falsetto_Group\0009.wav,1,0.757755,7.451,French,FR-Soprano-1,lentement,French/FR-Soprano-1/lentement,0.216
d:\-MindEcho-main\ml_dl_models\gtsinger_multitech\dataset\raw\Chinese\ZH-Alto-1\Mixed_Voice_and_Falsetto\青花瓷\Falsetto_Group\0004.wav,0,0.477745,3.22,Chinese,ZH-Alto-1,青花瓷,Chinese/ZH-Alto-1/青花瓷,0.0
d:\-MindEcho-main\ml_dl_models\gtsinger_multitech\dataset\raw\French\FR-Soprano-1\Mixed_Voice_and_Falsetto\mustang cabriolet\Mixed_Voice_Group\0002.wav,0,0.39464,4.609,French,FR-Soprano-1,mustang cabriolet,French/FR-Soprano-1/mustang cabriolet,0.0
d:\-MindEcho-main\ml_dl_models\gtsinger_multitech\dataset\raw\French\FR-Soprano-1\Mixed_Voice_and_Falsetto\la terre\Control_Group\0001.wav,0,0.668665,8.252,French,FR-Soprano-1,la terre,French/FR-Soprano-1/la terre,0.0
d:\-MindEcho-main\ml_dl_models\gtsinger_multitech\dataset\raw\Chinese\ZH-Tenor-1\Glissando\彩虹\Control_Group\0003.wav,0,0.505861,3.02,Chinese,ZH-Tenor-1,彩虹,Chinese/ZH-Tenor-1/彩虹,0.0
d:\-MindEcho-main\ml_dl_models\gtsinger_multitech\dataset\raw\Chinese\ZH-Alto-1\Breathy\知足\Control_Group\0009.wav,0,0.192146,1.37,Chinese,ZH-Alto-1,知足,Chinese/ZH-Alto-1/知足,0.0
d:\-MindEcho-main\ml_dl_models\gtsinger_multitech\dataset\raw\Chinese\ZH-Alto-1\Breathy\说谎\Control_Group\0007.wav,1,0.47074,4.006,Chinese,ZH-Alto-1,说谎,Chinese/ZH-Alto-1/说谎,0.392
d:\-MindEcho-main\ml_dl_models\gtsinger_multitech\dataset\raw\French\FR-Soprano-1\Vibrato\aimer\Vibrato_Group\0003.wav,1,0.167479,1.409,French,FR-Soprano-1,aimer,French/FR-Soprano-1/aimer,0.101
d:\-MindEcho-main\ml_dl_models\gtsinger_multitech\dataset\raw\Chinese\ZH-Alto-1\Vibrato\南山南\Control_Group\0006.wav,1,0.685437,3.53,Chinese,ZH-Alto-1,南山南,Chinese/ZH-Alto-1/南山南,0.36
d:\-MindEcho-main\ml_dl_models\gtsinger_multitech\dataset\raw\Chinese\ZH-Alto-1\Pharyngeal\不为谁而作的歌\Pharyngeal_Group\0004.wav,0,0.261749,2.005,Chinese,ZH-Alto-1,不为谁而作的歌,Chinese/ZH-Alto-1/不为谁而作的歌,0.0
d:\-MindEcho-main\ml_dl_models\gtsinger_multitech\dataset\raw\Chinese\ZH-Alto-1\Mixed_Voice_and_Falsetto\演员\Control_Group\0010.wav,1,0.296404,3.05,Chinese,ZH-Alto-1,演员,Chinese/ZH-Alto-1/演员,0.32
d:\-MindEcho-main\ml_dl_models\gtsinger_multitech\dataset\raw\French\FR-Soprano-1\Vibrato\eden eden\Vibrato_Group\0012.wav,0,0.14402,1.496,French,FR-Soprano-1,eden eden,French/FR-Soprano-1/eden eden,0.0
d:\-MindEcho-main\ml_dl_models\gtsinger_multitech\dataset\raw\French\FR-Tenor-1\Glissando\ouvre\Glissando_Group\0003.wav,0,0.463479,6.523,French,FR-Tenor-1,ouvre,French/FR-Tenor-1/ouvre,0.0
d:\-MindEcho-main\ml_dl_models\gtsinger_multitech\dataset\raw\French\FR-Tenor-1\Glissando\manon\Control_Group\0011.wav,0,0.348408,4.476,French,FR-Tenor-1,manon,French/FR-Tenor-1/manon,0.0
d:\-MindEcho-main\ml_dl_models\gtsinger_multitech\dataset\raw\Chinese\ZH-Alto-1\Glissando\温柔\Glissando_Group\0016.wav,0,0.191341,1.28,Chinese,ZH-Alto-1,温柔,Chinese/ZH-Alto-1/温柔,0.0
d:\-MindEcho-main\ml_dl_models\gtsinger_multitech\dataset\raw\French\FR-Soprano-1\Pharyngeal\comment dire\Pharyngeal_Group\0004.wav,0,0.516343,8.625,French,FR-Soprano-1,comment dire,French/FR-Soprano-1/comment dire,0.0
d:\-MindEcho-main\ml_dl_models\gtsinger_multitech\dataset\raw\Chinese\ZH-Alto-1\Mixed_Voice_and_Falsetto\青花瓷\Falsetto_Group\0005.wav,0,0.158023,1.95,Chinese,ZH-Alto-1,青花瓷,Chinese/ZH-Alto-1/青花瓷,0.0
d:\-MindEcho-main\ml_dl_models\gtsinger_multitech\dataset\raw\French\FR-Soprano-1\Mixed_Voice_and_Falsetto\comment deja\Mixed_Voice_Group\0005.wav,1,0.535709,7.486,French,FR-Soprano-1,comment deja,French/FR-Soprano-1/comment deja,0.538
d:\-MindEcho-main\ml_dl_models\gtsinger_multitech\dataset\raw\Chinese\ZH-Alto-1\Pharyngeal\默\Control_Group\0003.wav,1,0.614558,5.15,Chinese,ZH-Alto-1,默,Chinese/ZH-Alto-1/默,0.46
d:\-MindEcho-main\ml_dl_models\gtsinger_multitech\dataset\raw\French\FR-Tenor-1\Breathy\manon\Breathy_Group\0005.wav,0,0.726859,10.051,French,FR-Tenor-1,manon,French/FR-Tenor-1/manon,0.0
d:\-MindEcho-main\ml_dl_models\gtsinger_multitech\dataset\raw\French\FR-Soprano-1\Mixed_Voice_and_Falsetto\chez moi\Control_Group\0000.wav,1,0.633201,6.361,French,FR-Soprano-1,chez moi,French/FR-Soprano-1/chez moi,1.939
d:\-MindEcho-main\ml_dl_models\gtsinger_multitech\dataset\raw\Chinese\ZH-Tenor-1\Vibrato\空白格\Vibrato_Group\0001.wav,1,0.549225,6.025,Chinese,ZH-Tenor-1,空白格,Chinese/ZH-Tenor-1/空白格,0.67
d:\-MindEcho-main\ml_dl_models\gtsinger_multitech\dataset\raw\Chinese\ZH-Tenor-1\Pharyngeal\传奇\Control_Group\0011.wav,0,0.432526,3.75,Chinese,ZH-Tenor-1,传奇,Chinese/ZH-Tenor-1/传奇,0.0
d:\-MindEcho-main\ml_dl_models\gtsinger_multitech\dataset\raw\Chinese\ZH-Alto-1\Pharyngeal\隐形的翅膀\Control_Group\0010.wav,0,0.625683,4.58,Chinese,ZH-Alto-1,隐形的翅膀,Chinese/ZH-Alto-1/隐形的翅膀,0.0
d:\-MindEcho-main\ml_dl_models\gtsinger_multitech\dataset\raw\Chinese\ZH-Tenor-1\Breathy\化身孤岛的鲸\Breathy_Group\0021.wav,0,0.167299,1.412,Chinese,ZH-Tenor-1,化身孤岛的鲸,Chinese/ZH-Tenor-1/化身孤岛的鲸,0.0
d:\-MindEcho-main\ml_dl_models\gtsinger_multitech\dataset\raw\Chinese\ZH-Alto-1\Mixed_Voice_and_Falsetto\化身孤岛的鲸\Mixed_Voice_Group\0002.wav,1,0.459094,3.569,Chinese,ZH-Alto-1,化身孤岛的鲸,Chinese/ZH-Alto-1/化身孤岛的鲸,0.33
d:\-MindEcho-main\ml_dl_models\gtsinger_multitech\dataset\raw\Chinese\ZH-Alto-1\Mixed_Voice_and_Falsetto\我的歌声里\Control_Group\0017.wav,0,0.341656,2.6,Chinese,ZH-Alto-1,我的歌声里,Chinese/ZH-Alto-1/我的歌声里,0.0
d:\-MindEcho-main\ml_dl_models\gtsinger_multitech\dataset\raw\Chinese\ZH-Alto-1\Vibrato\年轮\Control_Group\0004.wav,0,0.566085,4.54,Chinese,ZH-Alto-1,年轮,Chinese/ZH-Alto-1/年轮,0.0
d:\-MindEcho-main\ml_dl_models\gtsinger_multitech\dataset\raw\French\FR-Soprano-1\Breathy\a la vie comme a la mort\Control_Group\0001.wav,1,0.470558,6.953,French,FR-Soprano-1,a la vie comme a la mort,French/FR-Soprano-1/a la vie comme a la mort,0.621
d:\-MindEcho-main\ml_dl_models\gtsinger_multitech\dataset\raw\Chinese\ZH-Alto-1\Mixed_Voice_and_Falsetto\我的歌声里\Mixed_Voice_Group\0004.wav,0,0.711101,4.849,Chinese,ZH-Alto-1,我的歌声里,Chinese/ZH-Alto-1/我的歌声里,0.0
d:\-MindEcho-main\ml_dl_models\gtsinger_multitech\dataset\raw\Chinese\ZH-Alto-1\Vibrato\安和桥\Vibrato_Group\0002.wav,0,0.16896,1.965,Chinese,ZH-Alto-1,安和桥,Chinese/ZH-Alto-1/安和桥,0.0
d:\-MindEcho-main\ml_dl_models\gtsinger_multitech\dataset\raw\Chinese\ZH-Alto-1\Pharyngeal\听海\Pharyngeal_Group\0014.wav,0,0.20439,1.35,Chinese,ZH-Alto-1,听海,Chinese/ZH-Alto-1/听海,0.0
d:\-MindEcho-main\ml_dl_models\gtsinger_multitech\dataset\raw\Chinese\ZH-Tenor-1\Mixed_Voice_and_Falsetto\我的歌声里\Falsetto_Group\0013.wav,1,0.414634,5.78,Chinese,ZH-Tenor-1,我的歌声里,Chinese/ZH-Tenor-1/我的歌声里,0.84
d:\-MindEcho-main\ml_dl_models\gtsinger_multitech\dataset\raw\French\FR-Soprano-1\Mixed_Voice_and_Falsetto\la vaguelette\Mixed_Voice_Group\0004.wav,1,0.898751,11.643,French,FR-Soprano-1,la vaguelette,French/FR-Soprano-1/la vaguelette,0.419
d:\-MindEcho-main\ml_dl_models\gtsinger_multitech\dataset\raw\Chinese\ZH-Alto-1\Mixed_Voice_and_Falsetto\匆匆那年\Control_Group\0003.wav,0,0.22557,1.385,Chinese,ZH-Alto-1,匆匆那年,Chinese/ZH-Alto-1/匆匆那年,0.0
d:\-MindEcho-main\ml_dl_models\gtsinger_multitech\dataset\raw\Chinese\ZH-Alto-1\Mixed_Voice_and_Falsetto\演员\Falsetto_Group\0019.wav,0,0.138823,1.465,Chinese,ZH-Alto-1,演员,Chinese/ZH-Alto-1/演员,0.0
d:\-MindEcho-main\ml_dl_models\gtsinger_multitech\dataset\raw\Chinese\ZH-Alto-1\Mixed_Voice_and_Falsetto\匆匆那年\Control_Group\0019.wav,0,0.572847,7.37,Chinese,ZH-Alto-1,匆匆那年,Chinese/ZH-Alto-1/匆匆那年,0.0
d:\-MindEcho-main\ml_dl_models\gtsinger_multitech\dataset\raw\French\FR-Tenor-1\Breathy\o souverain\Breathy_Group\0016.wav,0,0.525605,8.796,French,FR-Tenor-1,o souverain,French/FR-Tenor-1/o souverain,0.0
d:\-MindEcho-main\ml_dl_models\gtsinger_multitech\dataset\raw\Chinese\ZH-Alto-1\Mixed_Voice_and_Falsetto\我的歌声里\Falsetto_Group\0013.wav,1,0.463692,3.959,Chinese,ZH-Alto-1,我的歌声里,Chinese/ZH-Alto-1/我的歌声里,0.49
d:\-MindEcho-main\ml_dl_models\gtsinger_multitech\dataset\raw\Chinese\ZH-Tenor-1\Mixed_Voice_and_Falsetto\偏爱\Mixed_Voice_Group\0018.wav,0,0.28616,2.295,Chinese,ZH-Tenor-1,偏爱,Chinese/ZH-Tenor-1/偏爱,0.0
d:\-MindEcho-main\ml_dl_models\gtsinger_multitech\dataset\raw\Chinese\ZH-Alto-1\Mixed_Voice_and_Falsetto\平凡之路\Falsetto_Group\0008.wav,0,0.58896,3.681,Chinese,ZH-Alto-1,平凡之路,Chinese/ZH-Alto-1/平凡之路,0.0
d:\-MindEcho-main\ml_dl_models\gtsinger_multitech\dataset\raw\Chinese\ZH-Alto-1\Vibrato\年轮\Vibrato_Group\0006.wav,0,0.421308,3.48,Chinese,ZH-Alto-1,年轮,Chinese/ZH-Alto-1/年轮,0.0
d:\-MindEcho-main\ml_dl_models\gtsinger_multitech\dataset\raw\Chinese\ZH-Tenor-1\Mixed_Voice_and_Falsetto\情歌\Falsetto_Group\0024.wav,0,0.24183,1.48,Chinese,ZH-Tenor-1,情歌,Chinese/ZH-Tenor-1/情歌,0.0
d:\-MindEcho-main\ml_dl_models\gtsinger_multitech\dataset\raw\Chinese\ZH-Tenor-1\Mixed_Voice_and_Falsetto\青花瓷\Control_Group\0000.wav,1,0.641353,4.265,Chinese,ZH-Tenor-1,青花瓷,Chinese/ZH-Tenor-1/青花瓷,0.35
d:\-MindEcho-main\ml_dl_models\gtsinger_multitech\dataset\raw\Chinese\ZH-Alto-1\Mixed_Voice_and_Falsetto\忽然之间\Control_Group\0000.wav,0,0.606592,4.325,Chinese,ZH-Alto-1,忽然之间,Chinese/ZH-Alto-1/忽然之间,0.0
d:\-MindEcho-main\ml_dl_models\gtsinger_multitech\dataset\raw\French\FR-Soprano-1\Glissando\la seine\Control_Group\0001.wav,0,0.111964,1.975,French,FR-Soprano-1,la seine,French/FR-Soprano-1/la seine,0.0
d:\-MindEcho-main\ml_dl_models\gtsinger_multitech\dataset\raw\Chinese\ZH-Alto-1\Mixed_Voice_and_Falsetto\演员\Falsetto_Group\0017.wav,0,0.145446,1.565,Chinese,ZH-Alto-1,演员,Chinese/ZH-Alto-1/演员,0.0
d:\-MindEcho-main\ml_dl_models\gtsinger_multitech\dataset\raw\Chinese\ZH-Alto-1\Mixed_Voice_and_Falsetto\青花瓷\Falsetto_Group\0001.wav,0,0.17931,1.56,Chinese,ZH-Alto-1,青花瓷,Chinese/ZH-Alto-1/青花瓷,0.0
d:\-MindEcho-main\ml_dl_models\gtsinger_multitech\dataset\raw\Chinese\ZH-Tenor-1\Mixed_Voice_and_Falsetto\终于等到你\Mixed_Voice_Group\0014.wav,1,0.337047,2.42,Chinese,ZH-Tenor-1,终于等到你,Chinese/ZH-Tenor-1/终于等到你,0.24
d:\-MindEcho-main\ml_dl_models\gtsinger_multitech\dataset\raw\Chinese\ZH-Tenor-1\Pharyngeal\我怀念的\Control_Group\0010.wav,0,0.660305,4.325,Chinese,ZH-Tenor-1,我怀念的,Chinese/ZH-Tenor-1/我怀念的,0.0
d:\-MindEcho-main\ml_dl_models\gtsinger_multitech\dataset\raw\Chinese\ZH-Alto-1\Pharyngeal\说散就散\Control_Group\0009.wav,0,0.585884,5.935,Chinese,ZH-Alto-1,说散就散,Chinese/ZH-Alto-1/说散就散,0.0
d:\-MindEcho-main\ml_dl_models\gtsinger_multitech\dataset\raw\French\FR-Soprano-1\Glissando\donnez-moi\Glissando_Group\0004.wav,1,0.604843,5.345,French,FR-Soprano-1,donnez-moi,French/FR-Soprano-1/donnez-moi,0.52
d:\-MindEcho-main\ml_dl_models\gtsinger_multitech\dataset\raw\Chinese\ZH-Alto-1\Vibrato\年轮\Control_Group\0007.wav,0,0.240845,1.71,Chinese,ZH-Alto-1,年轮,Chinese/ZH-Alto-1/年轮,0.0
d:\-MindEcho-main\ml_dl_models\gtsinger_multitech\dataset\raw\Chinese\ZH-Alto-1\Pharyngeal\不为谁而作的歌\Pharyngeal_Group\0000.wav,0,0.65736,4.332,Chinese,ZH-Alto-1,不为谁而作的歌,Chinese/ZH-Alto-1/不为谁而作的歌,0.0
d:\-MindEcho-main\ml_dl_models\gtsinger_multitech\dataset\raw\Chinese\ZH-Tenor-1\Glissando\不染\Glissando_Group\0005.wav,0,0.426976,2.83,Chinese,ZH-Tenor-1,不染,Chinese/ZH-Tenor-1/不染,0.0
d:\-MindEcho-main\ml_dl_models\gtsinger_multitech\dataset\raw\Chinese\ZH-Tenor-1\Glissando\给电影人的情书\Control_Group\0010.wav,0,0.414957,4.855,Chinese,ZH-Tenor-1,给电影人的情书,Chinese/ZH-Tenor-1/给电影人的情书,0.0
d:\-MindEcho-main\ml_dl_models\gtsinger_multitech\dataset\raw\Chinese\ZH-Tenor-1\Mixed_Voice_and_Falsetto\枫\Mixed_Voice_Group\0005.wav,0,0.137026,1.41,Chinese,ZH-Tenor-1,枫,Chinese/ZH-Tenor-1/枫,0.0
d:\-MindEcho-main\ml_dl_models\gtsinger_multitech\dataset\raw\Chinese\ZH-Alto-1\Pharyngeal\逆光\Pharyngeal_Group\0001.wav,1,0.102065,1.285,Chinese,ZH-Alto-1,逆光,Chinese/ZH-Alto-1/逆光,0.37
d:\-MindEcho-main\ml_dl_models\gtsinger_multitech\dataset\raw\Chinese\ZH-Tenor-1\Vibrato\失落沙洲\Control_Group\0003.wav,0,0.43748,2.76,Chinese,ZH-Tenor-1,失落沙洲,Chinese/ZH-Tenor-1/失落沙洲,0.0
d:\-MindEcho-main\ml_dl_models\gtsinger_multitech\dataset\raw\Chinese\ZH-Alto-1\Mixed_Voice_and_Falsetto\一次就好\Control_Group\0002.wav,0,0.572693,6.145,Chinese,ZH-Alto-1,一次就好,Chinese/ZH-Alto-1/一次就好,0.0
d:\-MindEcho-main\ml_dl_models\gtsinger_multitech\dataset\raw\French\FR-Tenor-1\Breathy\manon\Paired_Speech_Group\0007.wav,0,0.606121,3.941,French,FR-Tenor-1,manon,French/FR-Tenor-1/manon,0.0
d:\-MindEcho-main\ml_dl_models\gtsinger_multitech\dataset\raw\Chinese\ZH-Tenor-1\Mixed_Voice_and_Falsetto\青花瓷\Control_Group\0003.wav,1,0.383516,4.275,Chinese,ZH-Tenor-1,青花瓷,Chinese/ZH-Tenor-1/青花瓷,0.37
d:\-MindEcho-main\ml_dl_models\gtsinger_multitech\dataset\raw\French\FR-Soprano-1\Breathy\adieu mon homme\Control_Group\0004.wav,1,0.902582,11.907,French,FR-Soprano-1,adieu mon homme,French/FR-Soprano-1/adieu mon homme,0.821
d:\-MindEcho-main\ml_dl_models\gtsinger_multitech\dataset\raw\French\FR-Soprano-1\Mixed_Voice_and_Falsetto\mustang cabriolet\Falsetto_Group\0007.wav,0,0.402548,7.458,French,FR-Soprano-1,mustang cabriolet,French/FR-Soprano-1/mustang cabriolet,0.0
d:\-MindEcho-main\ml_dl_models\gtsinger_multitech\dataset\raw\Chinese\ZH-Alto-1\Glissando\奇妙能力歌\Glissando_Group\0001.wav,0,0.321802,2.465,Chinese,ZH-Alto-1,奇妙能力歌,Chinese/ZH-Alto-1/奇妙能力歌,0.0
d:\-MindEcho-main\ml_dl_models\gtsinger_multitech\dataset\raw\Chinese\ZH-Tenor-1\Mixed_Voice_and_Falsetto\过火\Control_Group\0009.wav,0,0.165259,1.37,Chinese,ZH-Tenor-1,过火,Chinese/ZH-Tenor-1/过火,0.0
d:\-MindEcho-main\ml_dl_models\gtsinger_multitech\dataset\raw\French\FR-Soprano-1\Vibrato\adieu mon homme\Paired_Speech_Group\0003.wav,0,0.525446,3.624,French,FR-Soprano-1,adieu mon homme,French/FR-Soprano-1/adieu mon homme,0.0
d:\-MindEcho-main\ml_dl_models\gtsinger_multitech\dataset\raw\Chinese\ZH-Tenor-1\Pharyngeal\最初的梦想\Control_Group\0006.wav,0,0.251734,1.815,Chinese,ZH-Tenor-1,最初的梦想,Chinese/ZH-Tenor-1/最初的梦想,0.0
d:\-MindEcho-main\ml_dl_models\gtsinger_multitech\dataset\raw\French\FR-Soprano-1\Breathy\anxiete\Paired_Speech_Group\0003.wav,0,0.186196,1.651,French,FR-Soprano-1,anxiete,French/FR-Soprano-1/anxiete,0.0
d:\-MindEcho-main\ml_dl_models\gtsinger_multitech\dataset\raw\Chinese\ZH-Tenor-1\Breathy\慢慢喜欢你\Control_Group\0015.wav,0,0.120664,1.6,Chinese,ZH-Tenor-1,慢慢喜欢你,Chinese/ZH-Tenor-1/慢慢喜欢你,0.0
d:\-MindEcho-main\ml_dl_models\gtsinger_multitech\dataset\raw\Chinese\ZH-Alto-1\Pharyngeal\老男孩\Pharyngeal_Group\0011.wav,1,0.354298,4.323,Chinese,ZH-Alto-1,老男孩,Chinese/ZH-Alto-1/老男孩,0.399
d:\-MindEcho-main\ml_dl_models\gtsinger_multitech\dataset\raw\Chinese\ZH-Tenor-1\Mixed_Voice_and_Falsetto\走着走着就散了\Mixed_Voice_Group\0011.wav,0,0.557446,4.095,Chinese,ZH-Tenor-1,走着走着就散了,Chinese/ZH-Tenor-1/走着走着就散了,0.0
d:\-MindEcho-main\ml_dl_models\gtsinger_multitech\dataset\raw\French\FR-Soprano-1\Breathy\les passagers du vent\Breathy_Group\0001.wav,0,0.295928,2.79,French,FR-Soprano-1,les passagers du vent,French/FR-Soprano-1/les passagers du vent,0.0
d:\-MindEcho-main\ml_dl_models\gtsinger_multitech\dataset\raw\Chinese\ZH-Tenor-1\Vibrato\从前慢\Vibrato_Group\0002.wav,0,0.169989,1.578,Chinese,ZH-Tenor-1,从前慢,Chinese/ZH-Tenor-1/从前慢,0.0
d:\-MindEcho-main\ml_dl_models\gtsinger_multitech\dataset\raw\French\FR-Soprano-1\Glissando\la fuite\Glissando_Group\0006.wav,0,0.579884,6.5,French,FR-Soprano-1,la fuite,French/FR-Soprano-1/la fuite,0.0
d:\-MindEcho-main\ml_dl_models\gtsinger_multitech\dataset\raw\French\FR-Soprano-1\Vibrato\les oiseaux\Vibrato_Group\0002.wav,0,0.609461,6.771,French,FR-Soprano-1,les oiseaux,French/FR-Soprano-1/les oiseaux,0.0
d:\-MindEcho-main\ml_dl_models\gtsinger_multitech\dataset\raw\French\FR-Tenor-1\Glissando\ouvre\Control_Group\0001.wav,1,0.490107,6.763,French,FR-Tenor-1,ouvre,French/FR-Tenor-1/ouvre,0.701
d:\-MindEcho-main\ml_dl_models\gtsinger_multitech\dataset\raw\French\FR-Soprano-1\Mixed_Voice_and_Falsetto\le dernier train\Falsetto_Group\0004.wav,0,0.248396,2.478,French,FR-Soprano-1,le dernier train,French/FR-Soprano-1/le dernier train,0.0
d:\-MindEcho-main\ml_dl_models\gtsinger_multitech\dataset\raw\Chinese\ZH-Alto-1\Mixed_Voice_and_Falsetto\化身孤岛的鲸\Falsetto_Group\0004.wav,0,0.495343,4.255,Chinese,ZH-Alto-1,化身孤岛的鲸,Chinese/ZH-Alto-1/化身孤岛的鲸,0.0
d:\-MindEcho-main\ml_dl_models\gtsinger_multitech\dataset\raw\French\FR-Soprano-1\Mixed_Voice_and_Falsetto\violet snow\Mixed_Voice_Group\0008.wav,0,0.437199,5.451,French,FR-Soprano-1,violet snow,French/FR-Soprano-1/violet snow,0.0
d:\-MindEcho-main\ml_dl_models\gtsinger_multitech\dataset\raw\Chinese\ZH-Alto-1\Mixed_Voice_and_Falsetto\可乐\Mixed_Voice_Group\0007.wav,1,0.636486,4.71,Chinese,ZH-Alto-1,可乐,Chinese/ZH-Alto-1/可乐,0.38
d:\-MindEcho-main\ml_dl_models\gtsinger_multitech\dataset\raw\German\DE-Soprano-1\Breathy\Danke\Breathy_Group\0006.wav,0,0.146602,1.415,German,DE-Soprano-1,Danke,German/DE-Soprano-1/Danke,0.0
d:\-MindEcho-main\ml_dl_models\gtsinger_multitech\dataset\raw\Chinese\ZH-Tenor-1\Glissando\十年\Control_Group\0003.wav,1,0.406327,3.635,Chinese,ZH-Tenor-1,十年,Chinese/ZH-Tenor-1/十年,0.39
d:\-MindEcho-main\ml_dl_models\gtsinger_multitech\dataset\raw\French\FR-Soprano-1\Breathy\adieu mon homme\Paired_Speech_Group\0004.wav,0,0.214244,1.456,French,FR-Soprano-1,adieu mon homme,French/FR-Soprano-1/adieu mon homme,0.0
d:\-MindEcho-main\ml_dl_models\gtsinger_multitech\dataset\raw\Chinese\ZH-Tenor-1\Vibrato\水星记\Control_Group\0001.wav,1,0.672217,7.065,Chinese,ZH-Tenor-1,水星记,Chinese/ZH-Tenor-1/水星记,0.47
d:\-MindEcho-main\ml_dl_models\gtsinger_multitech\dataset\raw\Chinese\ZH-Tenor-1\Glissando\不染\Control_Group\0003.wav,0,0.239161,1.55,Chinese,ZH-Tenor-1,不染,Chinese/ZH-Tenor-1/不染,0.0
d:\-MindEcho-main\ml_dl_models\gtsinger_multitech\dataset\raw\French\FR-Soprano-1\Pharyngeal\je ne veux pas de toi\Pharyngeal_Group\0002.wav,0,0.131423,1.35,French,FR-Soprano-1,je ne veux pas de toi,French/FR-Soprano-1/je ne veux pas de toi,0.0
d:\-MindEcho-main\ml_dl_models\gtsinger_multitech\dataset\raw\Chinese\ZH-Tenor-1\Mixed_Voice_and_Falsetto\讲真的\Control_Group\0004.wav,1,0.58053,5.695,Chinese,ZH-Tenor-1,讲真的,Chinese/ZH-Tenor-1/讲真的,0.39
d:\-MindEcho-main\ml_dl_models\gtsinger_multitech\dataset\raw\Chinese\ZH-Tenor-1\Pharyngeal\雨爱\Control_Group\0011.wav,1,0.584638,5.115,Chinese,ZH-Tenor-1,雨爱,Chinese/ZH-Tenor-1/雨爱,0.23
d:\-MindEcho-main\ml_dl_models\gtsinger_multitech\dataset\raw\French\FR-Soprano-1\Mixed_Voice_and_Falsetto\lentement\Falsetto_Group\0006.wav,1,0.443161,4.643,French,FR-Soprano-1,lentement,French/FR-Soprano-1/lentement,0.14
d:\-MindEcho-main\ml_dl_models\gtsinger_multitech\dataset\raw\Chinese\ZH-Alto-1\Mixed_Voice_and_Falsetto\平凡之路\Falsetto_Group\0003.wav,1,0.363588,3.385,Chinese,ZH-Alto-1,平凡之路,Chinese/ZH-Alto-1/平凡之路,0.37
d:\-MindEcho-main\ml_dl_models\gtsinger_multitech\dataset\raw\Chinese\ZH-Tenor-1\Mixed_Voice_and_Falsetto\过火\Mixed_Voice_Group\0001.wav,0,0.481818,3.18,Chinese,ZH-Tenor-1,过火,Chinese/ZH-Tenor-1/过火,0.0
d:\-MindEcho-main\ml_dl_models\gtsinger_multitech\dataset\raw\Chinese\ZH-Alto-1\Mixed_Voice_and_Falsetto\化身孤岛的鲸\Falsetto_Group\0008.wav,1,0.252683,2.59,Chinese,ZH-Alto-1,化身孤岛的鲸,Chinese/ZH-Alto-1/化身孤岛的鲸,0.36
d:\-MindEcho-main\ml_dl_models\gtsinger_multitech\dataset\raw\Chinese\ZH-Tenor-1\Mixed_Voice_and_Falsetto\过火\Mixed_Voice_Group\0001.wav,1,0.371212,2.45,Chinese,ZH-Tenor-1,过火,Chinese/ZH-Tenor-1/过火,0.38
d:\-MindEcho-main\ml_dl_models\gtsinger_multitech\dataset\raw\French\FR-Soprano-1\Mixed_Voice_and_Falsetto\lentement\Mixed_Voice_Group\0002.wav,1,0.463212,5.345,French,FR-Soprano-1,lentement,French/FR-Soprano-1/lentement,1.706
d:\-MindEcho-main\ml_dl_models\gtsinger_multitech\dataset\raw\French\FR-Tenor-1\Breathy\manon\Control_Group\0005.wav,1,0.546396,6.412,French,FR-Tenor-1,manon,French/FR-Tenor-1/manon,1.103
d:\-MindEcho-main\ml_dl_models\gtsinger_multitech\dataset\raw\Chinese\ZH-Tenor-1\Mixed_Voice_and_Falsetto\偏爱\Falsetto_Group\0012.wav,1,0.179924,1.425,Chinese,ZH-Tenor-1,偏爱,Chinese/ZH-Tenor-1/偏爱,0.17
d:\-MindEcho-main\ml_dl_models\gtsinger_multitech\dataset\raw\Chinese\ZH-Tenor-1\Mixed_Voice_and_Falsetto\情歌\Control_Group\0022.wav,0,0.539339,4.73,Chinese,ZH-Tenor-1,情歌,Chinese/ZH-Tenor-1/情歌,0.0
d:\-MindEcho-main\ml_dl_models\gtsinger_multitech\dataset\raw\Chinese\ZH-Tenor-1\Pharyngeal\最初的梦想\Pharyngeal_Group\0015.wav,1,0.167598,1.155,Chinese,ZH-Tenor-1,最初的梦想,Chinese/ZH-Tenor-1/最初的梦想,0.27
d:\-MindEcho-main\ml_dl_models\gtsinger_multitech\dataset\raw\French\FR-Tenor-1\Breathy\o souverain\Control_Group\0007.wav,0,0.273264,2.27,French,FR-Tenor-1,o souverain,French/FR-Tenor-1/o souverain,0.0
d:\-MindEcho-main\ml_dl_models\gtsinger_multitech\dataset\raw\Chinese\ZH-Alto-1\Mixed_Voice_and_Falsetto\可乐\Control_Group\0015.wav,1,0.333946,2.725,Chinese,ZH-Alto-1,可乐,Chinese/ZH-Alto-1/可乐,0.23
d:\-MindEcho-main\ml_dl_models\gtsinger_multitech\dataset\raw\French\FR-Soprano-1\Vibrato\adieu mon homme\Control_Group\0002.wav,0,0.51081,5.104,French,FR-Soprano-1,adieu mon homme,French/FR-Soprano-1/adieu mon homme,0.0
d:\-MindEcho-main\ml_dl_models\gtsinger_multitech\dataset\raw\Chinese\ZH-Tenor-1\Mixed_Voice_and_Falsetto\偏爱\Falsetto_Group\0007.wav,0,0.430299,4.164,Chinese,ZH-Tenor-1,偏爱,Chinese/ZH-Tenor-1/偏爱,0.0
d:\-MindEcho-main\ml_dl_models\gtsinger_multitech\dataset\raw\French\FR-Soprano-1\Pharyngeal\ce train qui s'en va\Paired_Speech_Group\0005.wav,0,0.554388,3.007,French,FR-Soprano-1,ce train qui s'en va,French/FR-Soprano-1/ce train qui s'en va,0.0
d:\-MindEcho-main\ml_dl_models\gtsinger_multitech\dataset\raw\French\FR-Tenor-1\Glissando\ouvre\Glissando_Group\0006.wav,1,0.878874,9.643,French,FR-Tenor-1,ouvre,French/FR-Tenor-1/ouvre,0.528
d:\-MindEcho-main\ml_dl_models\gtsinger_multitech\dataset\raw\Chinese\ZH-Alto-1\Breathy\越过山丘\Control_Group\0001.wav,0,0.236131,1.66,Chinese,ZH-Alto-1,越过山丘,Chinese/ZH-Alto-1/越过山丘,0.0
d:\-MindEcho-main\ml_dl_models\gtsinger_multitech\dataset\raw\Chinese\ZH-Alto-1\Pharyngeal\没那么简单\Pharyngeal_Group\0004.wav,1,0.504393,3.789,Chinese,ZH-Alto-1,没那么简单,Chinese/ZH-Alto-1/没那么简单,0.37
d:\-MindEcho-main\ml_dl_models\gtsinger_multitech\dataset\raw\Chinese\ZH-Alto-1\Glissando\温柔\Control_Group\0006.wav,0,0.259171,1.625,Chinese,ZH-Alto-1,温柔,Chinese/ZH-Alto-1/温柔,0.0
d:\-MindEcho-main\ml_dl_models\gtsinger_multitech\dataset\raw\French\FR-Soprano-1\Breathy\la chanson de la mer\Breathy_Group\0000.wav,1,0.407165,4.2,French,FR-Soprano-1,la chanson de la mer,French/FR-Soprano-1/la chanson de la mer,2.039
d:\-MindEcho-main\ml_dl_models\gtsinger_multitech\dataset\raw\Chinese\ZH-Tenor-1\Breathy\传奇\Breathy_Group\0009.wav,0,0.154031,1.605,Chinese,ZH-Tenor-1,传奇,Chinese/ZH-Tenor-1/传奇,0.0
d:\-MindEcho-main\ml_dl_models\gtsinger_multitech\dataset\raw\French\FR-Tenor-1\Breathy\manon\Paired_Speech_Group\0007.wav,0,0.199938,1.3,French,FR-Tenor-1,manon,French/FR-Tenor-1/manon,0.0
d:\-MindEcho-main\ml_dl_models\gtsinger_multitech\dataset\raw\Chinese\ZH-Alto-1\Glissando\她说\Control_Group\0003.wav,0,0.231206,1.63,Chinese,ZH-Alto-1,她说,Chinese/ZH-Alto-1/她说,0.0
d:\-MindEcho-main\ml_dl_models\gtsinger_multitech\dataset\raw\Chinese\ZH-Tenor-1\Mixed_Voice_and_Falsetto\终于等到你\Falsetto_Group\0013.wav,0,0.611494,3.99,Chinese,ZH-Tenor-1,终于等到你,Chinese/ZH-Tenor-1/终于等到你,0.0
d:\-MindEcho-main\ml_dl_models\gtsinger_multitech\dataset\raw\Chinese\ZH-Tenor-1\Vibrato\知足\Control_Group\0006.wav,1,0.411645,4.03,Chinese,ZH-Tenor-1,知足,Chinese/ZH-Tenor-1/知足,0.22
d:\-MindEcho-main\ml_dl_models\gtsinger_multitech\dataset\raw\French\FR-Soprano-1\Pharyngeal\je ne veux pas de toi\Pharyngeal_Group\0004.wav,1,0.493198,7.976,French,FR-Soprano-1,je ne veux pas de toi,French/FR-Soprano-1/je ne veux pas de toi,0.758
d:\-MindEcho-main\ml_dl_models\gtsinger_multitech\dataset\raw\French\FR-Soprano-1\Vibrato\adieu mon homme\Control_Group\0001.wav,0,0.159052,1.746,French,FR-Soprano-1,adieu mon homme,French/FR-Soprano-1/adieu mon homme,0.0
d:\-MindEcho-main\ml_dl_models\gtsinger_multitech\dataset\raw\Chinese\ZH-Tenor-1\Mixed_Voice_and_Falsetto\偏爱\Falsetto_Group\0005.wav,0,0.202229,1.506,Chinese,ZH-Tenor-1,偏爱,Chinese/ZH-Tenor-1/偏爱,0.0
d:\-MindEcho-main\ml_dl_models\gtsinger_multitech\dataset\raw\Chinese\ZH-Tenor-1\Pharyngeal\南山南\Pharyngeal_Group\0000.wav,1,0.5284,3.47,Chinese,ZH-Tenor-1,南山南,Chinese/ZH-Tenor-1/南山南,0.46
d:\-MindEcho-main\ml_dl_models\gtsinger_multitech\dataset\raw\Chinese\ZH-Tenor-1\Glissando\心动\Control_Group\0003.wav,0,0.531967,3.245,Chinese,ZH-Tenor-1,心动,Chinese/ZH-Tenor-1/心动,0.0
d:\-MindEcho-main\ml_dl_models\gtsinger_multitech\dataset\raw\Chinese\ZH-Alto-1\Mixed_Voice_and_Falsetto\逆光\Mixed_Voice_Group\0003.wav,0,0.587648,6.47,Chinese,ZH-Alto-1,逆光,Chinese/ZH-Alto-1/逆光,0.0
d:\-MindEcho-main\ml_dl_models\gtsinger_multitech\dataset\raw\Chinese\ZH-Tenor-1\Mixed_Voice_and_Falsetto\枫\Control_Group\0010.wav,1,0.43389,3.38,Chinese,ZH-Tenor-1,枫,Chinese/ZH-Tenor-1/枫,0.26
d:\-MindEcho-main\ml_dl_models\gtsinger_multitech\dataset\raw\Chinese\ZH-Alto-1\Mixed_Voice_and_Falsetto\化身孤岛的鲸\Falsetto_Group\0017.wav,1,0.52596,5.207,Chinese,ZH-Alto-1,化身孤岛的鲸,Chinese/ZH-Alto-1/化身孤岛的鲸,0.436
d:\-MindEcho-main\ml_dl_models\gtsinger_multitech\dataset\raw\Chinese\ZH-Tenor-1\Breathy\不染\Breathy_Group\0016.wav,0,0.488706,3.202,Chinese,ZH-Tenor-1,不染,Chinese/ZH-Tenor-1/不染,0.0
d:\-MindEcho-main\ml_dl_models\gtsinger_multitech\dataset\raw\German\DE-Soprano-1\Breathy\Copilot\Control_Group\0008.wav,0,0.326714,4.623,German,DE-Soprano-1,Copilot,German/DE-Soprano-1/Copilot,0.0
d:\-MindEcho-main\ml_dl_models\gtsinger_multitech\dataset\raw\Chinese\ZH-Alto-1\Pharyngeal\失落沙洲\Control_Group\0004.wav,0,0.39321,3.7,Chinese,ZH-Alto-1,失落沙洲,Chinese/ZH-Alto-1/失落沙洲,0.0
d:\-MindEcho-main\ml_dl_models\gtsinger_multitech\dataset\raw\Chinese\ZH-Tenor-1\Mixed_Voice_and_Falsetto\倒带\Falsetto_Group\0024.wav,1,0.343688,3.275,Chinese,ZH-Tenor-1,倒带,Chinese/ZH-Tenor-1/倒带,0.35
d:\-MindEcho-main\ml_dl_models\gtsinger_multitech\dataset\raw\Chinese\ZH-Alto-1\Mixed_Voice_and_Falsetto\青花瓷\Control_Group\0011.wav,1,0.332206,2.455,Chinese,ZH-Alto-1,青花瓷,Chinese/ZH-Alto-1/青花瓷,0.25
d:\-MindEcho-main\ml_dl_models\gtsinger_multitech\dataset\raw\Chinese\ZH-Alto-1\Mixed_Voice_and_Falsetto\烟花易冷\Mixed_Voice_Group\0004.wav,0,0.214678,1.565,Chinese,ZH-Alto-1,烟花易冷,Chinese/ZH-Alto-1/烟花易冷,0.0
d:\-MindEcho-main\ml_dl_models\gtsinger_multitech\dataset\raw\Chinese\ZH-Tenor-1\Vibrato\水星记\Vibrato_Group\0025.wav,0,0.116892,1.22,Chinese,ZH-Tenor-1,水星记,Chinese/ZH-Tenor-1/水星记,0.0
d:\-MindEcho-main\ml_dl_models\gtsinger_multitech\dataset\raw\Chinese\ZH-Tenor-1\Pharyngeal\全世界谁倾听你\Control_Group\0008.wav,1,0.664911,6.695,Chinese,ZH-Tenor-1,全世界谁倾听你,Chinese/ZH-Tenor-1/全世界谁倾听你,0.29
d:\-MindEcho-main\ml_dl_models\gtsinger_multitech\dataset\raw\French\FR-Soprano-1\Mixed_Voice_and_Falsetto\la gloire a mes genoux\Falsetto_Group\0002.wav,1,0.673114,9.483,French,FR-Soprano-1,la gloire a mes genoux,French/FR-Soprano-1/la gloire a mes genoux,0.131
d:\-MindEcho-main\ml_dl_models\gtsinger_multitech\dataset\raw\French\FR-Tenor-1\Breathy\pourquoi\Control_Group\0009.wav,0,0.093514,1.31,French,FR-Tenor-1,pourquoi,French/FR-Tenor-1/pourquoi,0.0
d:\-MindEcho-main\ml_dl_models\gtsinger_multitech\dataset\raw\Chinese\ZH-Alto-1\Breathy\江南\Control_Group\0003.wav,0,0.574952,5.385,Chinese,ZH-Alto-1,江南,Chinese/ZH-Alto-1/江南,0.0
d:\-MindEcho-main\ml_dl_models\gtsinger_multitech\dataset\raw\Chinese\ZH-Tenor-1\Pharyngeal\我怀念的\Control_Group\0000.wav,0,0.2366,1.545,Chinese,ZH-Tenor-1,我怀念的,Chinese/ZH-Tenor-1/我怀念的,0.0
d:\-MindEcho-main\ml_dl_models\gtsinger_multitech\dataset\raw\Chinese\ZH-Alto-1\Breathy\越过山丘\Breathy_Group\0000.wav,1,0.479642,2.945,Chinese,ZH-Alto-1,越过山丘,Chinese/ZH-Alto-1/越过山丘,0.61
d:\-MindEcho-main\ml_dl_models\gtsinger_multitech\dataset\raw\Chinese\ZH-Tenor-1\Breathy\化身孤岛的鲸\Breathy_Group\0019.wav,1,0.155224,2.08,Chinese,ZH-Tenor-1,化身孤岛的鲸,Chinese/ZH-Tenor-1/化身孤岛的鲸,0.28
d:\-MindEcho-main\ml_dl_models\gtsinger_multitech\dataset\raw\Chinese\ZH-Tenor-1\Mixed_Voice_and_Falsetto\终于等到你\Falsetto_Group\0011.wav,1,0.514859,3.465,Chinese,ZH-Tenor-1,终于等到你,Chinese/ZH-Tenor-1/终于等到你,0.55
d:\-MindEcho-main\ml_dl_models\gtsinger_multitech\dataset\raw\French\FR-Soprano-1\Breathy\a la vie comme a la mort\Breathy_Group\0003.wav,0,0.199352,2.275,French,FR-Soprano-1,a la vie comme a la mort,French/FR-Soprano-1/a la vie comme a la mort,0.0
d:\-MindEcho-main\ml_dl_models\gtsinger_multitech\dataset\raw\Chinese\ZH-Alto-1\Mixed_Voice_and_Falsetto\逆光\Falsetto_Group\0003.wav,1,0.265174,2.748,Chinese,ZH-Alto-1,逆光,Chinese/ZH-Alto-1/逆光,0.55
d:\-MindEcho-main\ml_dl_models\gtsinger_multitech\dataset\raw\Chinese\ZH-Tenor-1\Mixed_Voice_and_Falsetto\讲真的\Falsetto_Group\0006.wav,1,0.748904,6.83,Chinese,ZH-Tenor-1,讲真的,Chinese/ZH-Tenor-1/讲真的,0.24
d:\-MindEcho-main\ml_dl_models\gtsinger_multitech\dataset\raw\Chinese\ZH-Tenor-1\Glissando\不染\Control_Group\0029.wav,0,0.487702,3.113,Chinese,ZH-Tenor-1,不染,Chinese/ZH-Tenor-1/不染,0.0
d:\-MindEcho-main\ml_dl_models\gtsinger_multitech\dataset\raw\Chinese\ZH-Alto-1\Glissando\她说\Control_Group\0005.wav,0,0.218266,1.41,Chinese,ZH-Alto-1,她说,Chinese/ZH-Alto-1/她说,0.0
d:\-MindEcho-main\ml_dl_models\gtsinger_multitech\dataset\raw\Chinese\ZH-Tenor-1\Mixed_Voice_and_Falsetto\偏爱\Falsetto_Group\0015.wav,0,0.221573,1.536,Chinese,ZH-Tenor-1,偏爱,Chinese/ZH-Tenor-1/偏爱,0.0
d:\-MindEcho-main\ml_dl_models\gtsinger_multitech\dataset\raw\French\FR-Tenor-1\Glissando\ouvre\Control_Group\0005.wav,0,0.411767,5.498,French,FR-Tenor-1,ouvre,French/FR-Tenor-1/ouvre,0.0
d:\-MindEcho-main\ml_dl_models\gtsinger_multitech\dataset\raw\Chinese\ZH-Alto-1\Mixed_Voice_and_Falsetto\演员\Falsetto_Group\0000.wav,1,0.433735,3.6,Chinese,ZH-Alto-1,演员,Chinese/ZH-Alto-1/演员,0.58
d:\-MindEcho-main\ml_dl_models\gtsinger_multitech\dataset\raw\French\FR-Soprano-1\Breathy\adieu mon homme\Control_Group\0001.wav,0,0.546506,6.546,French,FR-Soprano-1,adieu mon homme,French/FR-Soprano-1/adieu mon homme,0.0
d:\-MindEcho-main\ml_dl_models\gtsinger_multitech\dataset\raw\Chinese\ZH-Alto-1\Glissando\平凡的一天\Glissando_Group\0004.wav,0,0.148511,1.696,Chinese,ZH-Alto-1,平凡的一天,Chinese/ZH-Alto-1/平凡的一天,0.0
d:\-MindEcho-main\ml_dl_models\gtsinger_multitech\dataset\raw\French\FR-Soprano-1\Mixed_Voice_and_Falsetto\comment deja\Falsetto_Group\0003.wav,1,0.28212,2.657,French,FR-Soprano-1,comment deja,French/FR-Soprano-1/comment deja,0.628
d:\-MindEcho-main\ml_dl_models\gtsinger_multitech\dataset\raw\Chinese\ZH-Tenor-1\Mixed_Voice_and_Falsetto\青花瓷\Mixed_Voice_Group\0017.wav,0,0.207524,1.282,Chinese,ZH-Tenor-1,青花瓷,Chinese/ZH-Tenor-1/青花瓷,0.0
d:\-MindEcho-main\ml_dl_models\gtsinger_multitech\dataset\raw\French\FR-Soprano-1\Mixed_Voice_and_Falsetto\la gloire a mes genoux\Control_Group\0000.wav,1,0.482639,4.323,French,FR-Soprano-1,la gloire a mes genoux,French/FR-Soprano-1/la gloire a mes genoux,0.14
d:\-MindEcho-main\ml_dl_models\gtsinger_multitech\dataset\raw\Chinese\ZH-Tenor-1\Mixed_Voice_and_Falsetto\听海\Control_Group\0005.wav,0,0.230257,1.575,Chinese,ZH-Tenor-1,听海,Chinese/ZH-Tenor-1/听海,0.0
d:\-MindEcho-main\ml_dl_models\gtsinger_multitech\dataset\raw\Chinese\ZH-Alto-1\Pharyngeal\你就不要想起我\Control_Group\0007.wav,1,0.462719,3.165,Chinese,ZH-Alto-1,你就不要想起我,Chinese/ZH-Alto-1/你就不要想起我,0.39
d:\-MindEcho-main\ml_dl_models\gtsinger_multitech\dataset\raw\Chinese\ZH-Tenor-1\Breathy\给电影人的情书\Control_Group\0010.wav,0,0.387039,2.813,Chinese,ZH-Tenor-1,给电影人的情书,Chinese/ZH-Tenor-1/给电影人的情书,0.0
d:\-MindEcho-main\ml_dl_models\gtsinger_multitech\dataset\raw\Chinese\ZH-Alto-1\Mixed_Voice_and_Falsetto\日不落\Mixed_Voice_Group\0000.wav,0,0.190211,1.535,Chinese,ZH-Alto-1,日不落,Chinese/ZH-Alto-1/日不落,0.0
d:\-MindEcho-main\ml_dl_models\gtsinger_multitech\dataset\raw\Chinese\ZH-Alto-1\Mixed_Voice_and_Falsetto\我的歌声里\Falsetto_Group\0015.wav,0,0.294118,2.585,Chinese,ZH-Alto-1,我的歌声里,Chinese/ZH-Alto-1/我的歌声里,0.0
d:\-MindEcho-main\ml_dl_models\gtsinger_multitech\dataset\raw\French\FR-Soprano-1\Glissando\le jardin des roses\Glissando_Group\0001.wav,1,0.426297,5.249,French,FR-Soprano-1,le jardin des roses,French/FR-Soprano-1/le jardin des roses,0.882
d:\-MindEcho-main\ml_dl_models\gtsinger_multitech\dataset\raw\French\FR-Tenor-1\Breathy\manon\Control_Group\0003.wav,0,0.570957,5.021,French,FR-Tenor-1,manon,French/FR-Tenor-1/manon,0.0
d:\-MindEcho-main\ml_dl_models\gtsinger_multitech\dataset\raw\French\FR-Tenor-1\Breathy\pourquoi\Paired_Speech_Group\0009.wav,0,0.308633,2.195,French,FR-Tenor-1,pourquoi,French/FR-Tenor-1/pourquoi,0.0
d:\-MindEcho-main\ml_dl_models\gtsinger_multitech\dataset\raw\Chinese\ZH-Alto-1\Glissando\没那么简单\Glissando_Group\0014.wav,0,0.570318,4.4,Chinese,ZH-Alto-1,没那么简单,Chinese/ZH-Alto-1/没那么简单,0.0
d:\-MindEcho-main\ml_dl_models\gtsinger_multitech\dataset\raw\French\FR-Soprano-1\Mixed_Voice_and_Falsetto\chez moi\Falsetto_Group\0003.wav,1,0.753846,10.241,French,FR-Soprano-1,chez moi,French/FR-Soprano-1/chez moi,0.434
d:\-MindEcho-main\ml_dl_models\gtsinger_multitech\dataset\raw\Chinese\ZH-Alto-1\Glissando\曹操\Glissando_Group\0000.wav,1,0.530483,3.481,Chinese,ZH-Alto-1,曹操,Chinese/ZH-Alto-1/曹操,0.341
d:\-MindEcho-main\ml_dl_models\gtsinger_multitech\dataset\raw\Chinese\ZH-Tenor-1\Mixed_Voice_and_Falsetto\最初的梦想\Falsetto_Group\0001.wav,1,0.411579,3.91,Chinese,ZH-Tenor-1,最初的梦想,Chinese/ZH-Tenor-1/最初的梦想,0.38
d:\-MindEcho-main\ml_dl_models\gtsinger_multitech\dataset\raw\Chinese\ZH-Tenor-1\Glissando\大鱼\Glissando_Group\0000.wav,0,0.457711,2.76,Chinese,ZH-Tenor-1,大鱼,Chinese/ZH-Tenor-1/大鱼,0.0
d:\-MindEcho-main\ml_dl_models\gtsinger_multitech\dataset\raw\French\FR-Soprano-1\Pharyngeal\l'amour\Pharyngeal_Group\0003.wav,1,0.354353,4.405,French,FR-Soprano-1,l'amour,French/FR-Soprano-1/l'amour,0.227
d:\-MindEcho-main\ml_dl_models\gtsinger_multitech\dataset\raw\French\FR-Soprano-1\Pharyngeal\je ne sais pas choisir\Pharyngeal_Group\0006.wav,0,0.479503,4.188,French,FR-Soprano-1,je ne sais pas choisir,French/FR-Soprano-1/je ne sais pas choisir,0.0
d:\-MindEcho-main\ml_dl_models\gtsinger_multitech\dataset\raw\Chinese\ZH-Alto-1\Mixed_Voice_and_Falsetto\演员\Mixed_Voice_Group\0011.wav,0,0.569486,6.094,Chinese,ZH-Alto-1,演员,Chinese/ZH-Alto-1/演员,0.0
d:\-MindEcho-main\ml_dl_models\gtsinger_multitech\dataset\raw\Chinese\ZH-Tenor-1\Glissando\心动\Control_Group\0000.wav,0,0.393617,2.405,Chinese,ZH-Tenor-1,心动,Chinese/ZH-Tenor-1/心动,0.0
d:\-MindEcho-main\ml_dl_models\gtsinger_multitech\dataset\raw\French\FR-Soprano-1\Mixed_Voice_and_Falsetto\mustang cabriolet\Falsetto_Group\0002.wav,0,0.278128,2.998,French,FR-Soprano-1,mustang cabriolet,French/FR-Soprano-1/mustang cabriolet,0.0
d:\-MindEcho-main\ml_dl_models\gtsinger_multitech\dataset\raw\Chinese\ZH-Tenor-1\Mixed_Voice_and_Falsetto\全世界谁倾听你\Control_Group\0005.wav,1,0.216931,2.46,Chinese,ZH-Tenor-1,全世界谁倾听你,Chinese/ZH-Tenor-1/全世界谁倾听你,0.38
d:\-MindEcho-main\ml_dl_models\gtsinger_multitech\dataset\raw\Chinese\ZH-Alto-1\Mixed_Voice_and_Falsetto\终于等到你\Mixed_Voice_Group\0004.wav,0,0.480711,3.8,Chinese,ZH-Alto-1,终于等到你,Chinese/ZH-Alto-1/终于等到你,0.0
d:\-MindEcho-main\ml_dl_models\gtsinger_multitech\dataset\raw\French\FR-Soprano-1\Pharyngeal\la terre\Control_Group\0001.wav,1,0.316515,3.607,French,FR-Soprano-1,la terre,French/FR-Soprano-1/la terre,0.728
d:\-MindEcho-main\ml_dl_models\gtsinger_multitech\dataset\raw\Chinese\ZH-Tenor-1\Breathy\给电影人的情书\Control_Group\0003.wav,1,0.314034,2.484,Chinese,ZH-Tenor-1,给电影人的情书,Chinese/ZH-Tenor-1/给电影人的情书,0.312
d:\-MindEcho-main\ml_dl_models\gtsinger_multitech\dataset\raw\Chinese\ZH-Alto-1\Breathy\可乐\Breathy_Group\0003.wav,0,0.172739,1.375,Chinese,ZH-Alto-1,可乐,Chinese/ZH-Alto-1/可乐,0.0
d:\-MindEcho-main\ml_dl_models\gtsinger_multitech\dataset\raw\Chinese\ZH-Tenor-1\Breathy\慢慢喜欢你\Breathy_Group\0008.wav,0,0.174939,1.445,Chinese,ZH-Tenor-1,慢慢喜欢你,Chinese/ZH-Tenor-1/慢慢喜欢你,0.0
d:\-MindEcho-main\ml_dl_models\gtsinger_multitech\dataset\raw\Chinese\ZH-Tenor-1\Mixed_Voice_and_Falsetto\我的歌声里\Falsetto_Group\0007.wav,0,0.308824,2.1,Chinese,ZH-Tenor-1,我的歌声里,Chinese/ZH-Tenor-1/我的歌声里,0.0
d:\-MindEcho-main\ml_dl_models\gtsinger_multitech\dataset\raw\French\FR-Tenor-1\Breathy\o souverain\Control_Group\0016.wav,0,0.151993,2.322,French,FR-Tenor-1,o souverain,French/FR-Tenor-1/o souverain,0.0
d:\-MindEcho-main\ml_dl_models\gtsinger_multitech\dataset\raw\French\FR-Soprano-1\Vibrato\les souvenirs\Vibrato_Group\0001.wav,0,0.573642,5.399,French,FR-Soprano-1,les souvenirs,French/FR-Soprano-1/les souvenirs,0.0
d:\-MindEcho-main\ml_dl_models\gtsinger_multitech\dataset\raw\Chinese\ZH-Tenor-1\Mixed_Voice_and_Falsetto\老男孩\Falsetto_Group\0014.wav,0,0.409892,3.025,Chinese,ZH-Tenor-1,老男孩,Chinese/ZH-Tenor-1/老男孩,0.0
d:\-MindEcho-main\ml_dl_models\gtsinger_multitech\dataset\raw\Chinese\ZH-Tenor-1\Breathy\会呼吸的痛\Control_Group\0016.wav,0,0.170581,1.38,Chinese,ZH-Tenor-1,会呼吸的痛,Chinese/ZH-Tenor-1/会呼吸的痛,0.0
d:\-MindEcho-main\ml_dl_models\gtsinger_multitech\dataset\raw\Chinese\ZH-Tenor-1\Mixed_Voice_and_Falsetto\情歌\Falsetto_Group\0015.wav,0,0.493647,5.09,Chinese,ZH-Tenor-1,情歌,Chinese/ZH-Tenor-1/情歌,0.0
d:\-MindEcho-main\ml_dl_models\gtsinger_multitech\dataset\raw\French\FR-Tenor-1\Glissando\pourquoi\Paired_Speech_Group\0002.wav,0,0.444242,2.071,French,FR-Tenor-1,pourquoi,French/FR-Tenor-1/pourquoi,0.0
d:\-MindEcho-main\ml_dl_models\gtsinger_multitech\dataset\raw\French\FR-Soprano-1\Vibrato\eden eden\Vibrato_Group\0013.wav,0,0.230667,3.138,French,FR-Soprano-1,eden eden,French/FR-Soprano-1/eden eden,0.0
d:\-MindEcho-main\ml_dl_models\gtsinger_multitech\dataset\raw\French\FR-Soprano-1\Mixed_Voice_and_Falsetto\comment deja\Mixed_Voice_Group\0003.wav,0,0.149614,1.338,French,FR-Soprano-1,comment deja,French/FR-Soprano-1/comment deja,0.0
d:\-MindEcho-main\ml_dl_models\gtsinger_multitech\dataset\raw\Chinese\ZH-Alto-1\Mixed_Voice_and_Falsetto\给电影人的情书\Mixed_Voice_Group\0001.wav,0,0.518856,4.265,Chinese,ZH-Alto-1,给电影人的情书,Chinese/ZH-Alto-1/给电影人的情书,0.0
d:\-MindEcho-main\ml_dl_models\gtsinger_multitech\dataset\raw\Chinese\ZH-Alto-1\Mixed_Voice_and_Falsetto\烟花易冷\Mixed_Voice_Group\0021.wav,0,0.533988,3.535,Chinese,ZH-Alto-1,烟花易冷,Chinese/ZH-Alto-1/烟花易冷,0.0
d:\-MindEcho-main\ml_dl_models\gtsinger_multitech\dataset\raw\Chinese\ZH-Tenor-1\Mixed_Voice_and_Falsetto\最初的梦想\Falsetto_Group\0003.wav,0,0.523985,4.26,Chinese,ZH-Tenor-1,最初的梦想,Chinese/ZH-Tenor-1/最初的梦想,0.0
d:\-MindEcho-main\ml_dl_models\gtsinger_multitech\dataset\raw\Chinese\ZH-Alto-1\Pharyngeal\你就不要想起我\Control_Group\0004.wav,0,0.140975,1.257,Chinese,ZH-Alto-1,你就不要想起我,Chinese/ZH-Alto-1/你就不要想起我,0.0
d:\-MindEcho-main\ml_dl_models\gtsinger_multitech\dataset\raw\Chinese\ZH-Tenor-1\Mixed_Voice_and_Falsetto\倒带\Falsetto_Group\0020.wav,0,0.524997,4.51,Chinese,ZH-Tenor-1,倒带,Chinese/ZH-Tenor-1/倒带,0.0
d:\-MindEcho-main\ml_dl_models\gtsinger_multitech\dataset\raw\French\FR-Soprano-1\Breathy\les passagers du vent\Paired_Speech_Group\0006.wav,0,0.508394,3.543,French,FR-Soprano-1,les passagers du vent,French/FR-Soprano-1/les passagers du vent,0.0
d:\-MindEcho-main\ml_dl_models\gtsinger_multitech\dataset\raw\French\FR-Soprano-1\Mixed_Voice_and_Falsetto\magic boul'vard\Mixed_Voice_Group\0009.wav,1,0.620531,9.164,French,FR-Soprano-1,magic boul'vard,French/FR-Soprano-1/magic boul'vard,1.562
d:\-MindEcho-main\ml_dl_models\gtsinger_multitech\dataset\raw\Chinese\ZH-Tenor-1\Breathy\会呼吸的痛\Breathy_Group\0019.wav,0,0.162577,1.325,Chinese,ZH-Tenor-1,会呼吸的痛,Chinese/ZH-Tenor-1/会呼吸的痛,0.0
d:\-MindEcho-main\ml_dl_models\gtsinger_multitech\dataset\raw\Chinese\ZH-Alto-1\Pharyngeal\小幸运\Control_Group\0003.wav,0,0.621698,6.919,Chinese,ZH-Alto-1,小幸运,Chinese/ZH-Alto-1/小幸运,0.0
d:\-MindEcho-main\ml_dl_models\gtsinger_multitech\dataset\raw\French\FR-Tenor-1\Glissando\o souverain\Control_Group\0011.wav,1,0.696925,7.389,French,FR-Tenor-1,o souverain,French/FR-Tenor-1/o souverain,0.643
d:\-MindEcho-main\ml_dl_models\gtsinger_multitech\dataset\raw\Chinese\ZH-Alto-1\Glissando\时间煮雨\Control_Group\0014.wav,1,0.227201,1.445,Chinese,ZH-Alto-1,时间煮雨,Chinese/ZH-Alto-1/时间煮雨,0.31
d:\-MindEcho-main\ml_dl_models\gtsinger_multitech\dataset\raw\French\FR-Tenor-1\Glissando\manon\Control_Group\0001.wav,1,0.126841,1.361,French,FR-Tenor-1,manon,French/FR-Tenor-1/manon,0.127
d:\-MindEcho-main\ml_dl_models\gtsinger_multitech\dataset\raw\French\FR-Tenor-1\Breathy\manon\Control_Group\0005.wav,1,0.897751,11.416,French,FR-Tenor-1,manon,French/FR-Tenor-1/manon,0.641
d:\-MindEcho-main\ml_dl_models\gtsinger_multitech\dataset\raw\Chinese\ZH-Tenor-1\Vibrato\空白格\Control_Group\0001.wav,1,0.53969,5.915,Chinese,ZH-Tenor-1,空白格,Chinese/ZH-Tenor-1/空白格,0.93
d:\-MindEcho-main\ml_dl_models\gtsinger_multitech\dataset\raw\French\FR-Soprano-1\Glissando\donnez-moi\Control_Group\0002.wav,1,0.513971,5.537,French,FR-Soprano-1,donnez-moi,French/FR-Soprano-1/donnez-moi,0.551
d:\-MindEcho-main\ml_dl_models\gtsinger_multitech\dataset\raw\French\FR-Soprano-1\Mixed_Voice_and_Falsetto\lentement\Falsetto_Group\0003.wav,1,0.876492,9.398,French,FR-Soprano-1,lentement,French/FR-Soprano-1/lentement,0.635
d:\-MindEcho-main\ml_dl_models\gtsinger_multitech\dataset\raw\Chinese\ZH-Alto-1\Vibrato\南山南\Vibrato_Group\0009.wav,0,0.514856,5.545,Chinese,ZH-Alto-1,南山南,Chinese/ZH-Alto-1/南山南,0.0
d:\-MindEcho-main\ml_dl_models\gtsinger_multitech\dataset\raw\Chinese\ZH-Alto-1\Mixed_Voice_and_Falsetto\青花瓷\Mixed_Voice_Group\0001.wav,1,0.505714,4.425,Chinese,ZH-Alto-1,青花瓷,Chinese/ZH-Alto-1/青花瓷,0.27
d:\-MindEcho-main\ml_dl_models\gtsinger_multitech\dataset\raw\Chinese\ZH-Alto-1\Glissando\奇妙能力歌\Control_Group\0016.wav,0,0.165552,1.485,Chinese,ZH-Alto-1,奇妙能力歌,Chinese/ZH-Alto-1/奇妙能力歌,0.0
d:\-MindEcho-main\ml_dl_models\gtsinger_multitech\dataset\raw\French\FR-Soprano-1\Mixed_Voice_and_Falsetto\violet snow\Mixed_Voice_Group\0000.wav,0,0.149354,1.284,French,FR-Soprano-1,violet snow,French/FR-Soprano-1/violet snow,0.0
d:\-MindEcho-main\ml_dl_models\gtsinger_multitech\dataset\raw\Chinese\ZH-Alto-1\Breathy\有一种悲伤\Control_Group\0000.wav,1,0.268811,3.033,Chinese,ZH-Alto-1,有一种悲伤,Chinese/ZH-Alto-1/有一种悲伤,0.42
d:\-MindEcho-main\ml_dl_models\gtsinger_multitech\dataset\raw\French\FR-Soprano-1\Mixed_Voice_and_Falsetto\le dernier train\Falsetto_Group\0005.wav,1,0.595261,4.937,French,FR-Soprano-1,le dernier train,French/FR-Soprano-1/le dernier train,0.671
d:\-MindEcho-main\ml_dl_models\gtsinger_multitech\dataset\raw\Chinese\ZH-Tenor-1\Breathy\传奇\Control_Group\0002.wav,0,0.586108,5.105,Chinese,ZH-Tenor-1,传奇,Chinese/ZH-Tenor-1/传奇,0.0
d:\-MindEcho-main\ml_dl_models\gtsinger_multitech\dataset\raw\Chinese\ZH-Tenor-1\Mixed_Voice_and_Falsetto\最初的梦想\Control_Group\0011.wav,1,0.632476,9.835,Chinese,ZH-Tenor-1,最初的梦想,Chinese/ZH-Tenor-1/最初的梦想,0.33
d:\-MindEcho-main\ml_dl_models\gtsinger_multitech\dataset\raw\Chinese\ZH-Alto-1\Glissando\温柔\Glissando_Group\0010.wav,0,0.168985,1.215,Chinese,ZH-Alto-1,温柔,Chinese/ZH-Alto-1/温柔,0.0
d:\-MindEcho-main\ml_dl_models\gtsinger_multitech\dataset\raw\Chinese\ZH-Tenor-1\Mixed_Voice_and_Falsetto\倒带\Falsetto_Group\0016.wav,0,0.212725,1.445,Chinese,ZH-Tenor-1,倒带,Chinese/ZH-Tenor-1/倒带,0.0
d:\-MindEcho-main\ml_dl_models\gtsinger_multitech\dataset\raw\Chinese\ZH-Alto-1\Mixed_Voice_and_Falsetto\烟花易冷\Mixed_Voice_Group\0007.wav,0,0.391699,3.152,Chinese,ZH-Alto-1,烟花易冷,Chinese/ZH-Alto-1/烟花易冷,0.0
d:\-MindEcho-main\ml_dl_models\gtsinger_multitech\dataset\raw\Chinese\ZH-Tenor-1\Mixed_Voice_and_Falsetto\后来\Falsetto_Group\0004.wav,1,0.640667,4.805,Chinese,ZH-Tenor-1,后来,Chinese/ZH-Tenor-1/后来,0.49
d:\-MindEcho-main\ml_dl_models\gtsinger_multitech\dataset\raw\French\FR-Soprano-1\Mixed_Voice_and_Falsetto\mustang cabriolet\Control_Group\0001.wav,1,0.729177,12.703,French,FR-Soprano-1,mustang cabriolet,French/FR-Soprano-1/mustang cabriolet,1.55
d:\-MindEcho-main\ml_dl_models\gtsinger_multitech\dataset\raw\French\FR-Soprano-1\Pharyngeal\l'amour\Control_Group\0003.wav,1,0.432048,5.503,French,FR-Soprano-1,l'amour,French/FR-Soprano-1/l'amour,0.396
d:\-MindEcho-main\ml_dl_models\gtsinger_multitech\dataset\raw\Chinese\ZH-Alto-1\Pharyngeal\崇拜\Control_Group\0008.wav,0,0.482523,3.175,Chinese,ZH-Alto-1,崇拜,Chinese/ZH-Alto-1/崇拜,0.0
d:\-MindEcho-main\ml_dl_models\gtsinger_multitech\dataset\raw\Chinese\ZH-Tenor-1\Mixed_Voice_and_Falsetto\讲真的\Falsetto_Group\0006.wav,0,0.422697,3.855,Chinese,ZH-Tenor-1,讲真的,Chinese/ZH-Tenor-1/讲真的,0.0
d:\-MindEcho-main\ml_dl_models\gtsinger_multitech\dataset\raw\French\FR-Tenor-1\Breathy\Lafleur\Control_Group\0000.wav,1,0.085173,0.195,French,FR-Tenor-1,Lafleur,French/FR-Tenor-1/Lafleur,0.39
d:\-MindEcho-main\ml_dl_models\gtsinger_multitech\dataset\raw\Chinese\ZH-Tenor-1\Mixed_Voice_and_Falsetto\平凡之路\Mixed_Voice_Group\0009.wav,1,0.398342,5.525,Chinese,ZH-Tenor-1,平凡之路,Chinese/ZH-Tenor-1/平凡之路,0.29
d:\-MindEcho-main\ml_dl_models\gtsinger_multitech\dataset\raw\Chinese\ZH-Tenor-1\Mixed_Voice_and_Falsetto\后来\Control_Group\0001.wav,1,0.076531,1.17,Chinese,ZH-Tenor-1,后来,Chinese/ZH-Tenor-1/后来,0.32
d:\-MindEcho-main\ml_dl_models\gtsinger_multitech\dataset\raw\Chinese\ZH-Tenor-1\Glissando\不染\Control_Group\0002.wav,0,0.63015,4.13,Chinese,ZH-Tenor-1,不染,Chinese/ZH-Tenor-1/不染,0.0
d:\-MindEcho-main\ml_dl_models\gtsinger_multitech\dataset\raw\Chinese\ZH-Tenor-1\Mixed_Voice_and_Falsetto\残酷月光\Mixed_Voice_Group\0017.wav,0,0.342066,2.285,Chinese,ZH-Tenor-1,残酷月光,Chinese/ZH-Tenor-1/残酷月光,0.0
d:\-MindEcho-main\ml_dl_models\gtsinger_multitech\dataset\raw\Chinese\ZH-Alto-1\Mixed_Voice_and_Falsetto\演员\Mixed_Voice_Group\0017.wav,0,0.611166,6.35,Chinese,ZH-Alto-1,演员,Chinese/ZH-Alto-1/演员,0.0
d:\-MindEcho-main\ml_dl_models\gtsinger_multitech\dataset\raw\French\FR-Tenor-1\Mixed_Voice_and_Falsetto\Les Marionnettes\Falsetto_Group\0008.wav,0,0.648793,9.404,French,FR-Tenor-1,Les Marionnettes,French/FR-Tenor-1/Les Marionnettes,0.0
d:\-MindEcho-main\ml_dl_models\gtsinger_multitech\dataset\raw\Chinese\ZH-Alto-1\Mixed_Voice_and_Falsetto\知足\Falsetto_Group\0005.wav,0,0.223455,1.41,Chinese,ZH-Alto-1,知足,Chinese/ZH-Alto-1/知足,0.0
d:\-MindEcho-main\ml_dl_models\gtsinger_multitech\dataset\raw\Chinese\ZH-Alto-1\Mixed_Voice_and_Falsetto\时间煮雨\Mixed_Voice_Group\0001.wav,0,0.661243,6.705,Chinese,ZH-Alto-1,时间煮雨,Chinese/ZH-Alto-1/时间煮雨,0.0
d:\-MindEcho-main\ml_dl_models\gtsinger_multitech\dataset\raw\French\FR-Tenor-1\Breathy\Les Marionnettes\Breathy_Group\0008.wav,0,0.553945,8.832,French,FR-Tenor-1,Les Marionnettes,French/FR-Tenor-1/Les Marionnettes,0.0
d:\-MindEcho-main\ml_dl_models\gtsinger_multitech\dataset\raw\Chinese\ZH-Tenor-1\Glissando\传奇\Glissando_Group\0015.wav,0,0.441799,2.505,Chinese,ZH-Tenor-1,传奇,Chinese/ZH-Tenor-1/传奇,0.0
d:\-MindEcho-main\ml_dl_models\gtsinger_multitech\dataset\raw\French\FR-Soprano-1\Mixed_Voice_and_Falsetto\chez moi\Falsetto_Group\0000.wav,1,0.221371,2.124,French,FR-Soprano-1,chez moi,French/FR-Soprano-1/chez moi,0.109
d:\-MindEcho-main\ml_dl_models\gtsinger_multitech\dataset\raw\Chinese\ZH-Tenor-1\Mixed_Voice_and_Falsetto\枫\Mixed_Voice_Group\0010.wav,0,0.189723,1.44,Chinese,ZH-Tenor-1,枫,Chinese/ZH-Tenor-1/枫,0.0
d:\-MindEcho-main\ml_dl_models\gtsinger_multitech\dataset\raw\Chinese\ZH-Tenor-1\Mixed_Voice_and_Falsetto\倒带\Mixed_Voice_Group\0021.wav,0,0.211142,1.516,Chinese,ZH-Tenor-1,倒带,Chinese/ZH-Tenor-1/倒带,0.0
d:\-MindEcho-main\ml_dl_models\gtsinger_multitech\dataset\raw\Chinese\ZH-Tenor-1\Glissando\空白格\Control_Group\0002.wav,0,0.234361,1.832,Chinese,ZH-Tenor-1,空白格,Chinese/ZH-Tenor-1/空白格,0.0
d:\-MindEcho-main\ml_dl_models\gtsinger_multitech\dataset\raw\Chinese\ZH-Tenor-1\Mixed_Voice_and_Falsetto\江南\Control_Group\0000.wav,1,0.498339,3.0,Chinese,ZH-Tenor-1,江南,Chinese/ZH-Tenor-1/江南,1.08
d:\-MindEcho-main\ml_dl_models\gtsinger_multitech\dataset\raw\French\FR-Soprano-1\Breathy\la famillle que l'on a choisie\Control_Group\0002.wav,0,0.49824,5.947,French,FR-Soprano-1,la famillle que l'on a choisie,French/FR-Soprano-1/la famillle que l'on a choisie,0.0
d:\-MindEcho-main\ml_dl_models\gtsinger_multitech\dataset\raw\Chinese\ZH-Tenor-1\Mixed_Voice_and_Falsetto\平凡之路\Falsetto_Group\0005.wav,0,0.238056,1.445,Chinese,ZH-Tenor-1,平凡之路,Chinese/ZH-Tenor-1/平凡之路,0.0
d:\-MindEcho-main\ml_dl_models\gtsinger_multitech\dataset\raw\Chinese\ZH-Alto-1\Mixed_Voice_and_Falsetto\烟花易冷\Control_Group\0023.wav,0,0.402959,3.064,Chinese,ZH-Alto-1,烟花易冷,Chinese/ZH-Alto-1/烟花易冷,0.0
d:\-MindEcho-main\ml_dl_models\gtsinger_multitech\dataset\raw\Chinese\ZH-Alto-1\Breathy\知足\Breathy_Group\0000.wav,1,0.529452,3.865,Chinese,ZH-Alto-1,知足,Chinese/ZH-Alto-1/知足,0.53
d:\-MindEcho-main\ml_dl_models\gtsinger_multitech\dataset\raw\Chinese\ZH-Alto-1\Mixed_Voice_and_Falsetto\匆匆那年\Control_Group\0001.wav,0,0.342267,3.895,Chinese,ZH-Alto-1,匆匆那年,Chinese/ZH-Alto-1/匆匆那年,0.0
d:\-MindEcho-main\ml_dl_models\gtsinger_multitech\dataset\raw\French\FR-Soprano-1\Breathy\2019\Paired_Speech_Group\0006.wav,0,0.569787,2.327,French,FR-Soprano-1,2019,French/FR-Soprano-1/2019,0.0
d:\-MindEcho-main\ml_dl_models\gtsinger_multitech\dataset\raw\Chinese\ZH-Alto-1\Vibrato\我真的受伤了\Vibrato_Group\0007.wav,1,0.382603,3.145,Chinese,ZH-Alto-1,我真的受伤了,Chinese/ZH-Alto-1/我真的受伤了,0.37
d:\-MindEcho-main\ml_dl_models\gtsinger_multitech\dataset\raw\Chinese\ZH-Tenor-1\Mixed_Voice_and_Falsetto\偏爱\Control_Group\0000.wav,0,0.18797,1.225,Chinese,ZH-Tenor-1,偏爱,Chinese/ZH-Tenor-1/偏爱,0.0
d:\-MindEcho-main\ml_dl_models\gtsinger_multitech\dataset\raw\Chinese\ZH-Tenor-1\Mixed_Voice_and_Falsetto\失落沙洲\Mixed_Voice_Group\0010.wav,0,0.535714,5.025,Chinese,ZH-Tenor-1,失落沙洲,Chinese/ZH-Tenor-1/失落沙洲,0.0
d:\-MindEcho-main\ml_dl_models\gtsinger_multitech\dataset\raw\French\FR-Soprano-1\Mixed_Voice_and_Falsetto\mustang cabriolet\Paired_Speech_Group\0003.wav,0,0.60826,5.094,French,FR-Soprano-1,mustang cabriolet,French/FR-Soprano-1/mustang cabriolet,0.0
d:\-MindEcho-main\ml_dl_models\gtsinger_multitech\dataset\raw\Chinese\ZH-Tenor-1\Vibrato\后会无期\Vibrato_Group\0007.wav,0,0.4765,4.765,Chinese,ZH-Tenor-1,后会无期,Chinese/ZH-Tenor-1/后会无期,0.0
d:\-MindEcho-main\ml_dl_models\gtsinger_multitech\dataset\raw\Chinese\ZH-Tenor-1\Mixed_Voice_and_Falsetto\演员\Falsetto_Group\0009.wav,0,0.406004,3.76,Chinese,ZH-Tenor-1,演员,Chinese/ZH-Tenor-1/演员,0.0
d:\-MindEcho-main\ml_dl_models\gtsinger_multitech\dataset\raw\Chinese\ZH-Alto-1\Glissando\你给我听好\Control_Group\0002.wav,0,0.54229,4.36,Chinese,ZH-Alto-1,你给我听好,Chinese/ZH-Alto-1/你给我听好,0.0
d:\-MindEcho-main\ml_dl_models\gtsinger_multitech\dataset\raw\Chinese\ZH-Tenor-1\Pharyngeal\雨爱\Control_Group\0008.wav,1,0.34717,2.76,Chinese,ZH-Tenor-1,雨爱,Chinese/ZH-Tenor-1/雨爱,0.2
d:\-MindEcho-main\ml_dl_models\gtsinger_multitech\dataset\raw\Chinese\ZH-Alto-1\Glissando\没那么简单\Glissando_Group\0016.wav,1,0.408543,2.276,Chinese,ZH-Alto-1,没那么简单,Chinese/ZH-Alto-1/没那么简单,0.37
d:\-MindEcho-main\ml_dl_models\gtsinger_multitech\dataset\raw\Chinese\ZH-Tenor-1\Mixed_Voice_and_Falsetto\老男孩\Falsetto_Group\0008.wav,0,0.634087,3.925,Chinese,ZH-Tenor-1,老男孩,Chinese/ZH-Tenor-1/老男孩,0.0
d:\-MindEcho-main\ml_dl_models\gtsinger_multitech\dataset\raw\Chinese\ZH-Alto-1\Mixed_Voice_and_Falsetto\一次就好\Falsetto_Group\0007.wav,1,0.747495,5.521,Chinese,ZH-Alto-1,一次就好,Chinese/ZH-Alto-1/一次就好,0.59
d:\-MindEcho-main\ml_dl_models\gtsinger_multitech\dataset\raw\Chinese\ZH-Tenor-1\Mixed_Voice_and_Falsetto\偏爱\Control_Group\0003.wav,0,0.122775,1.545,Chinese,ZH-Tenor-1,偏爱,Chinese/ZH-Tenor-1/偏爱,0.0
d:\-MindEcho-main\ml_dl_models\gtsinger_multitech\dataset\raw\French\FR-Soprano-1\Mixed_Voice_and_Falsetto\nos ballades\Mixed_Voice_Group\0000.wav,0,0.154198,1.583,French,FR-Soprano-1,nos ballades,French/FR-Soprano-1/nos ballades,0.0
d:\-MindEcho-main\ml_dl_models\gtsinger_multitech\dataset\raw\French\FR-Tenor-1\Glissando\ouvre\Paired_Speech_Group\0003.wav,0,0.422828,2.287,French,FR-Tenor-1,ouvre,French/FR-Tenor-1/ouvre,0.0
d:\-MindEcho-main\ml_dl_models\gtsinger_multitech\dataset\raw\Chinese\ZH-Tenor-1\Mixed_Voice_and_Falsetto\最初的梦想\Mixed_Voice_Group\0018.wav,0,0.511241,5.685,Chinese,ZH-Tenor-1,最初的梦想,Chinese/ZH-Tenor-1/最初的梦想,0.0
d:\-MindEcho-main\ml_dl_models\gtsinger_multitech\dataset\raw\Chinese\ZH-Alto-1\Mixed_Voice_and_Falsetto\时间煮雨\Control_Group\0002.wav,1,0.450528,4.74,Chinese,ZH-Alto-1,时间煮雨,Chinese/ZH-Alto-1/时间煮雨,0.38
d:\-MindEcho-main\ml_dl_models\gtsinger_multitech\dataset\raw\French\FR-Soprano-1\Breathy\anxiete\Control_Group\0000.wav,0,0.660712,7.119,French,FR-Soprano-1,anxiete,French/FR-Soprano-1/anxiete,0.0
d:\-MindEcho-main\ml_dl_models\gtsinger_multitech\dataset\raw\Chinese\ZH-Alto-1\Pharyngeal\不为谁而作的歌\Pharyngeal_Group\0011.wav,1,0.341473,2.615,Chinese,ZH-Alto-1,不为谁而作的歌,Chinese/ZH-Alto-1/不为谁而作的歌,0.23
d:\-MindEcho-main\ml_dl_models\gtsinger_multitech\dataset\raw\Chinese\ZH-Alto-1\Mixed_Voice_and_Falsetto\匆匆那年\Mixed_Voice_Group\0019.wav,0,0.59295,7.46,Chinese,ZH-Alto-1,匆匆那年,Chinese/ZH-Alto-1/匆匆那年,0.0
d:\-MindEcho-main\ml_dl_models\gtsinger_multitech\dataset\raw\Chinese\ZH-Alto-1\Breathy\匆匆那年\Control_Group\0002.wav,1,0.502423,6.22,Chinese,ZH-Alto-1,匆匆那年,Chinese/ZH-Alto-1/匆匆那年,0.74
d:\-MindEcho-main\ml_dl_models\gtsinger_multitech\dataset\raw\Chinese\ZH-Alto-1\Mixed_Voice_and_Falsetto\老男孩\Control_Group\0018.wav,1,0.496611,3.811,Chinese,ZH-Alto-1,老男孩,Chinese/ZH-Alto-1/老男孩,0.399
d:\-MindEcho-main\ml_dl_models\gtsinger_multitech\dataset\raw\French\FR-Soprano-1\Mixed_Voice_and_Falsetto\comment deja\Paired_Speech_Group\0004.wav,0,0.231814,1.211,French,FR-Soprano-1,comment deja,French/FR-Soprano-1/comment deja,0.0
d:\-MindEcho-main\ml_dl_models\gtsinger_multitech\dataset\raw\French\FR-Soprano-1\Glissando\pour la peine\Glissando_Group\0006.wav,1,0.881259,9.89,French,FR-Soprano-1,pour la peine,French/FR-Soprano-1/pour la peine,0.431
d:\-MindEcho-main\ml_dl_models\gtsinger_multitech\dataset\raw\Chinese\ZH-Tenor-1\Mixed_Voice_and_Falsetto\讲真的\Mixed_Voice_Group\0010.wav,1,0.498079,3.89,Chinese,ZH-Tenor-1,讲真的,Chinese/ZH-Tenor-1/讲真的,0.44
d:\-MindEcho-main\ml_dl_models\gtsinger_multitech\dataset\raw\Chinese\ZH-Alto-1\Mixed_Voice_and_Falsetto\后来\Control_Group\0008.wav,0,0.110254,1.215,Chinese,ZH-Alto-1,后来,Chinese/ZH-Alto-1/后来,0.0
d:\-MindEcho-main\ml_dl_models\gtsinger_multitech\dataset\raw\Chinese\ZH-Alto-1\Vibrato\我真的受伤了\Vibrato_Group\0013.wav,0,0.25538,1.614,Chinese,ZH-Alto-1,我真的受伤了,Chinese/ZH-Alto-1/我真的受伤了,0.0
d:\-MindEcho-main\ml_dl_models\gtsinger_multitech\dataset\raw\Chinese\ZH-Tenor-1\Pharyngeal\我怀念的\Pharyngeal_Group\0001.wav,0,0.20389,1.415,Chinese,ZH-Tenor-1,我怀念的,Chinese/ZH-Tenor-1/我怀念的,0.0
d:\-MindEcho-main\ml_dl_models\gtsinger_multitech\dataset\raw\Chinese\ZH-Tenor-1\Mixed_Voice_and_Falsetto\青花瓷\Control_Group\0007.wav,1,0.649291,6.315,Chinese,ZH-Tenor-1,青花瓷,Chinese/ZH-Tenor-1/青花瓷,0.25
d:\-MindEcho-main\ml_dl_models\gtsinger_multitech\dataset\raw\French\FR-Soprano-1\Vibrato\les oiseaux\Paired_Speech_Group\0005.wav,0,0.149209,1.377,French,FR-Soprano-1,les oiseaux,French/FR-Soprano-1/les oiseaux,0.0
d:\-MindEcho-main\ml_dl_models\gtsinger_multitech\dataset\raw\Chinese\ZH-Tenor-1\Mixed_Voice_and_Falsetto\末班车\Falsetto_Group\0005.wav,1,0.430493,2.88,Chinese,ZH-Tenor-1,末班车,Chinese/ZH-Tenor-1/末班车,0.4
d:\-MindEcho-main\ml_dl_models\gtsinger_multitech\dataset\raw\Chinese\ZH-Tenor-1\Pharyngeal\最初的梦想\Control_Group\0001.wav,0,0.588877,5.665,Chinese,ZH-Tenor-1,最初的梦想,Chinese/ZH-Tenor-1/最初的梦想,0.0
d:\-MindEcho-main\ml_dl_models\gtsinger_multitech\dataset\raw\Chinese\ZH-Alto-1\Glissando\时间煮雨\Glissando_Group\0016.wav,1,0.714927,8.765,Chinese,ZH-Alto-1,时间煮雨,Chinese/ZH-Alto-1/时间煮雨,0.37
d:\-MindEcho-main\ml_dl_models\gtsinger_multitech\dataset\raw\Chinese\ZH-Alto-1\Glissando\她说\Control_Group\0006.wav,0,0.464286,3.25,Chinese,ZH-Alto-1,她说,Chinese/ZH-Alto-1/她说,0.0
d:\-MindEcho-main\ml_dl_models\gtsinger_multitech\dataset\raw\Chinese\ZH-Alto-1\Mixed_Voice_and_Falsetto\时间煮雨\Falsetto_Group\0001.wav,0,0.180464,1.805,Chinese,ZH-Alto-1,时间煮雨,Chinese/ZH-Alto-1/时间煮雨,0.0
d:\-MindEcho-main\ml_dl_models\gtsinger_multitech\dataset\raw\Chinese\ZH-Alto-1\Mixed_Voice_and_Falsetto\剑伤\Control_Group\0001.wav,0,0.524759,3.815,Chinese,ZH-Alto-1,剑伤,Chinese/ZH-Alto-1/剑伤,0.0
d:\-MindEcho-main\ml_dl_models\gtsinger_multitech\dataset\raw\French\FR-Tenor-1\Breathy\o souverain\Breathy_Group\0010.wav,1,0.384783,3.614,French,FR-Tenor-1,o souverain,French/FR-Tenor-1/o souverain,0.897
d:\-MindEcho-main\ml_dl_models\gtsinger_multitech\dataset\raw\Chinese\ZH-Alto-1\Pharyngeal\失落沙洲\Control_Group\0003.wav,0,0.175697,1.55,Chinese,ZH-Alto-1,失落沙洲,Chinese/ZH-Alto-1/失落沙洲,0.0
d:\-MindEcho-main\ml_dl_models\gtsinger_multitech\dataset\raw\Chinese\ZH-Alto-1\Mixed_Voice_and_Falsetto\时间煮雨\Falsetto_Group\0000.wav,1,0.463973,4.34,Chinese,ZH-Alto-1,时间煮雨,Chinese/ZH-Alto-1/时间煮雨,0.4
d:\-MindEcho-main\ml_dl_models\gtsinger_multitech\dataset\raw\Chinese\ZH-Alto-1\Glissando\奇妙能力歌\Glissando_Group\0018.wav,0,0.612221,5.66,Chinese,ZH-Alto-1,奇妙能力歌,Chinese/ZH-Alto-1/奇妙能力歌,0.0
d:\-MindEcho-main\ml_dl_models\gtsinger_multitech\dataset\raw\Chinese\ZH-Tenor-1\Glissando\不染\Control_Group\0008.wav,0,0.490208,3.154,Chinese,ZH-Tenor-1,不染,Chinese/ZH-Tenor-1/不染,0.0
d:\-MindEcho-main\ml_dl_models\gtsinger_multitech\dataset\raw\Chinese\ZH-Tenor-1\Mixed_Voice_and_Falsetto\最初的梦想\Falsetto_Group\0003.wav,1,0.677122,5.505,Chinese,ZH-Tenor-1,最初的梦想,Chinese/ZH-Tenor-1/最初的梦想,0.33
d:\-MindEcho-main\ml_dl_models\gtsinger_multitech\dataset\raw\Chinese\ZH-Alto-1\Breathy\越过山丘\Breathy_Group\0017.wav,0,0.214286,1.485,Chinese,ZH-Alto-1,越过山丘,Chinese/ZH-Alto-1/越过山丘,0.0
d:\-MindEcho-main\ml_dl_models\gtsinger_multitech\dataset\raw\French\FR-Tenor-1\Glissando\o souverain\Paired_Speech_Group\0009.wav,0,0.436701,3.346,French,FR-Tenor-1,o souverain,French/FR-Tenor-1/o souverain,0.0
d:\-MindEcho-main\ml_dl_models\gtsinger_multitech\dataset\raw\Chinese\ZH-Tenor-1\Mixed_Voice_and_Falsetto\我的歌声里\Falsetto_Group\0001.wav,1,0.685183,5.365,Chinese,ZH-Tenor-1,我的歌声里,Chinese/ZH-Tenor-1/我的歌声里,1.55
d:\-MindEcho-main\ml_dl_models\gtsinger_multitech\dataset\raw\French\FR-Soprano-1\Mixed_Voice_and_Falsetto\magic boul'vard\Mixed_Voice_Group\0003.wav,1,0.322853,4.832,French,FR-Soprano-1,magic boul'vard,French/FR-Soprano-1/magic boul'vard,1.341
d:\-MindEcho-main\ml_dl_models\gtsinger_multitech\dataset\raw\Chinese\ZH-Tenor-1\Mixed_Voice_and_Falsetto\残酷月光\Mixed_Voice_Group\0008.wav,1,0.511643,3.955,Chinese,ZH-Tenor-1,残酷月光,Chinese/ZH-Tenor-1/残酷月光,0.37
d:\-MindEcho-main\ml_dl_models\gtsinger_multitech\dataset\raw\Chinese\ZH-Tenor-1\Breathy\和你一样\Breathy_Group\0011.wav,1,0.253555,2.675,Chinese,ZH-Tenor-1,和你一样,Chinese/ZH-Tenor-1/和你一样,0.33
d:\-MindEcho-main\ml_dl_models\gtsinger_multitech\dataset\raw\Chinese\ZH-Tenor-1\Glissando\给电影人的情书\Glissando_Group\0001.wav,0,0.443945,4.15,Chinese,ZH-Tenor-1,给电影人的情书,Chinese/ZH-Tenor-1/给电影人的情书,0.0
d:\-MindEcho-main\ml_dl_models\gtsinger_multitech\dataset\raw\Chinese\ZH-Tenor-1\Mixed_Voice_and_Falsetto\老男孩\Control_Group\0004.wav,0,0.116212,1.405,Chinese,ZH-Tenor-1,老男孩,Chinese/ZH-Tenor-1/老男孩,0.0
d:\-MindEcho-main\ml_dl_models\gtsinger_multitech\dataset\raw\French\FR-Tenor-1\Breathy\o souverain\Control_Group\0015.wav,0,0.397555,3.464,French,FR-Tenor-1,o souverain,French/FR-Tenor-1/o souverain,0.0
d:\-MindEcho-main\ml_dl_models\gtsinger_multitech\dataset\raw\Chinese\ZH-Alto-1\Mixed_Voice_and_Falsetto\一次就好\Mixed_Voice_Group\0002.wav,0,0.47529,4.924,Chinese,ZH-Alto-1,一次就好,Chinese/ZH-Alto-1/一次就好,0.0
d:\-MindEcho-main\ml_dl_models\gtsinger_multitech\dataset\raw\French\FR-Soprano-1\Vibrato\les oiseaux\Vibrato_Group\0005.wav,1,0.932104,16.477,French,FR-Soprano-1,les oiseaux,French/FR-Soprano-1/les oiseaux,2.393
d:\-MindEcho-main\ml_dl_models\gtsinger_multitech\dataset\raw\French\FR-Soprano-1\Mixed_Voice_and_Falsetto\nos ballades\Falsetto_Group\0001.wav,0,0.69236,6.162,French,FR-Soprano-1,nos ballades,French/FR-Soprano-1/nos ballades,0.0
d:\-MindEcho-main\ml_dl_models\gtsinger_multitech\dataset\raw\Chinese\ZH-Tenor-1\Glissando\光阴的故事\Glissando_Group\0003.wav,0,0.507622,3.33,Chinese,ZH-Tenor-1,光阴的故事,Chinese/ZH-Tenor-1/光阴的故事,0.0
d:\-MindEcho-main\ml_dl_models\gtsinger_multitech\dataset\raw\Chinese\ZH-Tenor-1\Vibrato\失落沙洲\Control_Group\0005.wav,0,0.135038,1.44,Chinese,ZH-Tenor-1,失落沙洲,Chinese/ZH-Tenor-1/失落沙洲,0.0
d:\-MindEcho-main\ml_dl_models\gtsinger_multitech\dataset\raw\Chinese\ZH-Alto-1\Breathy\有一种悲伤\Control_Group\0003.wav,1,0.285929,2.845,Chinese,ZH-Alto-1,有一种悲伤,Chinese/ZH-Alto-1/有一种悲伤,0.57
d:\-MindEcho-main\ml_dl_models\gtsinger_multitech\dataset\raw\Chinese\ZH-Alto-1\Glissando\没那么简单\Glissando_Group\0005.wav,1,0.254888,1.825,Chinese,ZH-Alto-1,没那么简单,Chinese/ZH-Alto-1/没那么简单,0.29
d:\-MindEcho-main\ml_dl_models\gtsinger_multitech\dataset\raw\Chinese\ZH-Alto-1\Mixed_Voice_and_Falsetto\一次就好\Mixed_Voice_Group\0000.wav,0,0.136405,1.51,Chinese,ZH-Alto-1,一次就好,Chinese/ZH-Alto-1/一次就好,0.0
d:\-MindEcho-main\ml_dl_models\gtsinger_multitech\dataset\raw\Chinese\ZH-Tenor-1\Glissando\倒带\Control_Group\0014.wav,0,0.634227,4.425,Chinese,ZH-Tenor-1,倒带,Chinese/ZH-Tenor-1/倒带,0.0
d:\-MindEcho-main\ml_dl_models\gtsinger_multitech\dataset\raw\French\FR-Soprano-1\Glissando\pour la peine\Glissando_Group\0005.wav,1,0.370621,7.456,French,FR-Soprano-1,pour la peine,French/FR-Soprano-1/pour la peine,0.102
d:\-MindEcho-main\ml_dl_models\gtsinger_multitech\dataset\raw\French\FR-Soprano-1\Mixed_Voice_and_Falsetto\mustang cabriolet\Control_Group\0002.wav,1,0.107943,0.725,French,FR-Soprano-1,mustang cabriolet,French/FR-Soprano-1/mustang cabriolet,1.45
d:\-MindEcho-main\ml_dl_models\gtsinger_multitech\dataset\raw\French\FR-Soprano-1\Pharyngeal\je ne veux pas de toi\Pharyngeal_Group\0004.wav,1,0.925798,15.621,French,FR-Soprano-1,je ne veux pas de toi,French/FR-Soprano-1/je ne veux pas de toi,1.102
d:\-MindEcho-main\ml_dl_models\gtsinger_multitech\dataset\raw\Chinese\ZH-Tenor-1\Mixed_Voice_and_Falsetto\讲真的\Control_Group\0005.wav,0,0.470118,3.225,Chinese,ZH-Tenor-1,讲真的,Chinese/ZH-Tenor-1/讲真的,0.0
d:\-MindEcho-main\ml_dl_models\gtsinger_multitech\dataset\raw\Chinese\ZH-Tenor-1\Glissando\画心\Glissando_Group\0004.wav,0,0.396923,2.58,Chinese,ZH-Tenor-1,画心,Chinese/ZH-Tenor-1/画心,0.0
d:\-MindEcho-main\ml_dl_models\gtsinger_multitech\dataset\raw\Chinese\ZH-Tenor-1\Glissando\传奇\Control_Group\0001.wav,0,0.723086,7.69,Chinese,ZH-Tenor-1,传奇,Chinese/ZH-Tenor-1/传奇,0.0
d:\-MindEcho-main\ml_dl_models\gtsinger_multitech\dataset\raw\Chinese\ZH-Tenor-1\Mixed_Voice_and_Falsetto\想自由\Falsetto_Group\0000.wav,0,0.119866,1.5,Chinese,ZH-Tenor-1,想自由,Chinese/ZH-Tenor-1/想自由,0.0
d:\-MindEcho-main\ml_dl_models\gtsinger_multitech\dataset\raw\French\FR-Soprano-1\Glissando\la fuite\Control_Group\0009.wav,1,0.629407,10.068,French,FR-Soprano-1,la fuite,French/FR-Soprano-1/la fuite,1.81
d:\-MindEcho-main\ml_dl_models\gtsinger_multitech\dataset\raw\Chinese\ZH-Tenor-1\Mixed_Voice_and_Falsetto\终于等到你\Falsetto_Group\0004.wav,0,0.224505,1.53,Chinese,ZH-Tenor-1,终于等到你,Chinese/ZH-Tenor-1/终于等到你,0.0
d:\-MindEcho-main\ml_dl_models\gtsinger_multitech\dataset\raw\French\FR-Soprano-1\Mixed_Voice_and_Falsetto\nos ballades\Falsetto_Group\0002.wav,0,0.424202,4.583,French,FR-Soprano-1,nos ballades,French/FR-Soprano-1/nos ballades,0.0
d:\-MindEcho-main\ml_dl_models\gtsinger_multitech\dataset\raw\Chinese\ZH-Alto-1\Mixed_Voice_and_Falsetto\鸽子\Falsetto_Group\0004.wav,0,0.629669,5.9,Chinese,ZH-Alto-1,鸽子,Chinese/ZH-Alto-1/鸽子,0.0
d:\-MindEcho-main\ml_dl_models\gtsinger_multitech\dataset\raw\Chinese\ZH-Tenor-1\Vibrato\空白格\Control_Group\0000.wav,0,0.159448,1.885,Chinese,ZH-Tenor-1,空白格,Chinese/ZH-Tenor-1/空白格,0.0
d:\-MindEcho-main\ml_dl_models\gtsinger_multitech\dataset\raw\Chinese\ZH-Tenor-1\Mixed_Voice_and_Falsetto\情歌\Mixed_Voice_Group\0010.wav,1,0.226483,1.565,Chinese,ZH-Tenor-1,情歌,Chinese/ZH-Tenor-1/情歌,0.31
d:\-MindEcho-main\ml_dl_models\gtsinger_multitech\dataset\raw\Chinese\ZH-Alto-1\Mixed_Voice_and_Falsetto\我的歌声里\Mixed_Voice_Group\0015.wav,0,0.399018,2.6,Chinese,ZH-Alto-1,我的歌声里,Chinese/ZH-Alto-1/我的歌声里,0.0
d:\-MindEcho-main\ml_dl_models\gtsinger_multitech\dataset\raw\Chinese\ZH-Tenor-1\Vibrato\我真的受伤了\Control_Group\0001.wav,0,0.646672,3.79,Chinese,ZH-Tenor-1,我真的受伤了,Chinese/ZH-Tenor-1/我真的受伤了,0.0
d:\-MindEcho-main\ml_dl_models\gtsinger_multitech\dataset\raw\Chinese\ZH-Alto-1\Mixed_Voice_and_Falsetto\终于等到你\Control_Group\0004.wav,1,0.33169,2.591,Chinese,ZH-Alto-1,终于等到你,Chinese/ZH-Alto-1/终于等到你,0.259
d:\-MindEcho-main\ml_dl_models\gtsinger_multitech\dataset\raw\Chinese\ZH-Tenor-1\Pharyngeal\南山南\Control_Group\0008.wav,1,0.475637,3.358,Chinese,ZH-Tenor-1,南山南,Chinese/ZH-Tenor-1/南山南,0.604
d:\-MindEcho-main\ml_dl_models\gtsinger_multitech\dataset\raw\Chinese\ZH-Alto-1\Mixed_Voice_and_Falsetto\我的歌声里\Falsetto_Group\0001.wav,1,0.283533,2.135,Chinese,ZH-Alto-1,我的歌声里,Chinese/ZH-Alto-1/我的歌声里,0.27
d:\-MindEcho-main\ml_dl_models\gtsinger_multitech\dataset\raw\Chinese\ZH-Tenor-1\Mixed_Voice_and_Falsetto\听海\Control_Group\0014.wav,1,0.238021,2.305,Chinese,ZH-Tenor-1,听海,Chinese/ZH-Tenor-1/听海,0.25
d:\-MindEcho-main\ml_dl_models\gtsinger_multitech\dataset\raw\Chinese\ZH-Alto-1\Mixed_Voice_and_Falsetto\南山南\Control_Group\0002.wav,1,0.586458,5.63,Chinese,ZH-Alto-1,南山南,Chinese/ZH-Alto-1/南山南,0.34
d:\-MindEcho-main\ml_dl_models\gtsinger_multitech\dataset\raw\French\FR-Tenor-1\Breathy\ouvre\Control_Group\0002.wav,1,0.08561,0.169,French,FR-Tenor-1,ouvre,French/FR-Tenor-1/ouvre,0.337
d:\-MindEcho-main\ml_dl_models\gtsinger_multitech\dataset\raw\French\FR-Soprano-1\Glissando\donnez-moi\Glissando_Group\0001.wav,1,0.909815,12.772,French,FR-Soprano-1,donnez-moi,French/FR-Soprano-1/donnez-moi,1.068
d:\-MindEcho-main\ml_dl_models\gtsinger_multitech\dataset\raw\French\FR-Soprano-1\Mixed_Voice_and_Falsetto\la vaguelette\Falsetto_Group\0000.wav,0,0.179856,1.575,French,FR-Soprano-1,la vaguelette,French/FR-Soprano-1/la vaguelette,0.0
d:\-MindEcho-main\ml_dl_models\gtsinger_multitech\dataset\raw\Chinese\ZH-Alto-1\Mixed_Voice_and_Falsetto\匆匆那年\Mixed_Voice_Group\0009.wav,1,0.832733,10.176,Chinese,ZH-Alto-1,匆匆那年,Chinese/ZH-Alto-1/匆匆那年,0.332
d:\-MindEcho-main\ml_dl_models\gtsinger_multitech\dataset\raw\Chinese\ZH-Alto-1\Vibrato\南山南\Control_Group\0000.wav,0,0.251181,1.595,Chinese,ZH-Alto-1,南山南,Chinese/ZH-Alto-1/南山南,0.0
d:\-MindEcho-main\ml_dl_models\gtsinger_multitech\dataset\raw\Chinese\ZH-Alto-1\Vibrato\不再见\Vibrato_Group\0001.wav,1,0.527405,4.715,Chinese,ZH-Alto-1,不再见,Chinese/ZH-Alto-1/不再见,0.49
d:\-MindEcho-main\ml_dl_models\gtsinger_multitech\dataset\raw\French\FR-Soprano-1\Pharyngeal\l'amour\Pharyngeal_Group\0002.wav,1,0.412636,5.221,French,FR-Soprano-1,l'amour,French/FR-Soprano-1/l'amour,0.247
d:\-MindEcho-main\ml_dl_models\gtsinger_multitech\dataset\raw\French\FR-Soprano-1\Glissando\pour la peine\Control_Group\0001.wav,0,0.776322,8.059,French,FR-Soprano-1,pour la peine,French/FR-Soprano-1/pour la peine,0.0
d:\-MindEcho-main\ml_dl_models\gtsinger_multitech\dataset\raw\French\FR-Soprano-1\Vibrato\les oiseaux\Paired_Speech_Group\0007.wav,0,0.595033,5.175,French,FR-Soprano-1,les oiseaux,French/FR-Soprano-1/les oiseaux,0.0
d:\-MindEcho-main\ml_dl_models\gtsinger_multitech\dataset\raw\Chinese\ZH-Alto-1\Glissando\奇妙能力歌\Glissando_Group\0013.wav,0,0.327911,2.62,Chinese,ZH-Alto-1,奇妙能力歌,Chinese/ZH-Alto-1/奇妙能力歌,0.0
d:\-MindEcho-main\ml_dl_models\gtsinger_multitech\dataset\raw\Chinese\ZH-Tenor-1\Glissando\大鱼\Glissando_Group\0014.wav,0,0.108745,1.43,Chinese,ZH-Tenor-1,大鱼,Chinese/ZH-Tenor-1/大鱼,0.0
d:\-MindEcho-main\ml_dl_models\gtsinger_multitech\dataset\raw\Chinese\ZH-Alto-1\Breathy\可乐\Breathy_Group\0004.wav,0,0.236963,1.545,Chinese,ZH-Alto-1,可乐,Chinese/ZH-Alto-1/可乐,0.0
d:\-MindEcho-main\ml_dl_models\gtsinger_multitech\dataset\raw\French\FR-Soprano-1\Breathy\2019\Breathy_Group\0002.wav,1,0.383167,4.885,French,FR-Soprano-1,2019,French/FR-Soprano-1/2019,0.124
d:\-MindEcho-main\ml_dl_models\gtsinger_multitech\dataset\raw\Chinese\ZH-Tenor-1\Mixed_Voice_and_Falsetto\听海\Control_Group\0013.wav,0,0.1427,1.234,Chinese,ZH-Tenor-1,听海,Chinese/ZH-Tenor-1/听海,0.0
d:\-MindEcho-main\ml_dl_models\gtsinger_multitech\dataset\raw\French\FR-Soprano-1\Vibrato\les oiseaux\Paired_Speech_Group\0002.wav,0,0.49446,2.722,French,FR-Soprano-1,les oiseaux,French/FR-Soprano-1/les oiseaux,0.0
d:\-MindEcho-main\ml_dl_models\gtsinger_multitech\dataset\raw\Chinese\ZH-Alto-1\Mixed_Voice_and_Falsetto\老男孩\Control_Group\0008.wav,0,0.614286,4.73,Chinese,ZH-Alto-1,老男孩,Chinese/ZH-Alto-1/老男孩,0.0
d:\-MindEcho-main\ml_dl_models\gtsinger_multitech\dataset\raw\Chinese\ZH-Tenor-1\Mixed_Voice_and_Falsetto\青花瓷\Falsetto_Group\0012.wav,1,0.693478,4.306,Chinese,ZH-Tenor-1,青花瓷,Chinese/ZH-Tenor-1/青花瓷,0.419
d:\-MindEcho-main\ml_dl_models\gtsinger_multitech\dataset\raw\Chinese\ZH-Alto-1\Mixed_Voice_and_Falsetto\匆匆那年\Mixed_Voice_Group\0019.wav,1,0.49082,6.175,Chinese,ZH-Alto-1,匆匆那年,Chinese/ZH-Alto-1/匆匆那年,2.271
d:\-MindEcho-main\ml_dl_models\gtsinger_multitech\dataset\raw\Chinese\ZH-Tenor-1\Glissando\残酷月光\Glissando_Group\0000.wav,1,0.50139,3.61,Chinese,ZH-Tenor-1,残酷月光,Chinese/ZH-Tenor-1/残酷月光,1.28
d:\-MindEcho-main\ml_dl_models\gtsinger_multitech\dataset\raw\Chinese\ZH-Tenor-1\Mixed_Voice_and_Falsetto\平凡之路\Mixed_Voice_Group\0008.wav,1,0.308806,2.56,Chinese,ZH-Tenor-1,平凡之路,Chinese/ZH-Tenor-1/平凡之路,0.28
d:\-MindEcho-main\ml_dl_models\gtsinger_multitech\dataset\raw\German\DE-Soprano-1\Breathy\Copilot\Breathy_Group\0001.wav,1,0.17326,0.511,German,DE-Soprano-1,Copilot,German/DE-Soprano-1/Copilot,0.142
d:\-MindEcho-main\ml_dl_models\gtsinger_multitech\dataset\raw\Chinese\ZH-Tenor-1\Pharyngeal\情歌\Control_Group\0011.wav,0,0.288598,2.202,Chinese,ZH-Tenor-1,情歌,Chinese/ZH-Tenor-1/情歌,0.0
d:\-MindEcho-main\ml_dl_models\gtsinger_multitech\dataset\raw\Chinese\ZH-Tenor-1\Breathy\化身孤岛的鲸\Breathy_Group\0016.wav,0,0.619469,4.9,Chinese,ZH-Tenor-1,化身孤岛的鲸,Chinese/ZH-Tenor-1/化身孤岛的鲸,0.0
d:\-MindEcho-main\ml_dl_models\gtsinger_multitech\dataset\raw\Chinese\ZH-Alto-1\Mixed_Voice_and_Falsetto\告白气球\Control_Group\0006.wav,1,0.53202,4.32,Chinese,ZH-Alto-1,告白气球,Chinese/ZH-Alto-1/告白气球,0.78
d:\-MindEcho-main\ml_dl_models\gtsinger_multitech\dataset\raw\Chinese\ZH-Tenor-1\Mixed_Voice_and_Falsetto\偏爱\Mixed_Voice_Group\0005.wav,1,0.39502,2.935,Chinese,ZH-Tenor-1,偏爱,Chinese/ZH-Tenor-1/偏爱,0.23
d:\-MindEcho-main\ml_dl_models\gtsinger_multitech\dataset\raw\Chinese\ZH-Tenor-1\Mixed_Voice_and_Falsetto\终于等到你\Mixed_Voice_Group\0019.wav,0,0.39624,5.69,Chinese,ZH-Tenor-1,终于等到你,Chinese/ZH-Tenor-1/终于等到你,0.0
d:\-MindEcho-main\ml_dl_models\gtsinger_multitech\dataset\raw\Chinese\ZH-Tenor-1\Glissando\给电影人的情书\Control_Group\0002.wav,0,0.156122,1.53,Chinese,ZH-Tenor-1,给电影人的情书,Chinese/ZH-Tenor-1/给电影人的情书,0.0
d:\-MindEcho-main\ml_dl_models\gtsinger_multitech\dataset\raw\French\FR-Soprano-1\Breathy\le balcon\Control_Group\0013.wav,1,0.654287,5.769,French,FR-Soprano-1,le balcon,French/FR-Soprano-1/le balcon,0.977
d:\-MindEcho-main\ml_dl_models\gtsinger_multitech\dataset\raw\Chinese\ZH-Tenor-1\Glissando\给电影人的情书\Control_Group\0012.wav,1,0.551632,5.155,Chinese,ZH-Tenor-1,给电影人的情书,Chinese/ZH-Tenor-1/给电影人的情书,0.29
d:\-MindEcho-main\ml_dl_models\gtsinger_multitech\dataset\raw\Chinese\ZH-Tenor-1\Breathy\不染\Control_Group\0025.wav,1,0.384554,2.415,Chinese,ZH-Tenor-1,不染,Chinese/ZH-Tenor-1/不染,0.35
d:\-MindEcho-main\ml_dl_models\gtsinger_multitech\dataset\raw\Chinese\ZH-Tenor-1\Glissando\传奇\Control_Group\0012.wav,1,0.701197,6.149,Chinese,ZH-Tenor-1,传奇,Chinese/ZH-Tenor-1/传奇,0.561
d:\-MindEcho-main\ml_dl_models\gtsinger_multitech\dataset\raw\Chinese\ZH-Tenor-1\Vibrato\心动\Control_Group\0015.wav,0,0.2611,1.576,Chinese,ZH-Tenor-1,心动,Chinese/ZH-Tenor-1/心动,0.0
d:\-MindEcho-main\ml_dl_models\gtsinger_multitech\dataset\raw\Chinese\ZH-Alto-1\Mixed_Voice_and_Falsetto\演员\Control_Group\0016.wav,0,0.125383,1.23,Chinese,ZH-Alto-1,演员,Chinese/ZH-Alto-1/演员,0.0
d:\-MindEcho-main\ml_dl_models\gtsinger_multitech\dataset\raw\French\FR-Soprano-1\Mixed_Voice_and_Falsetto\magic boul'vard\Control_Group\0009.wav,1,0.554066,7.686,French,FR-Soprano-1,magic boul'vard,French/FR-Soprano-1/magic boul'vard,3.15
d:\-MindEcho-main\ml_dl_models\gtsinger_multitech\dataset\raw\French\FR-Soprano-1\Mixed_Voice_and_Falsetto\nos ballades\Paired_Speech_Group\0001.wav,0,0.478471,2.667,French,FR-Soprano-1,nos ballades,French/FR-Soprano-1/nos ballades,0.0
d:\-MindEcho-main\ml_dl_models\gtsinger_multitech\dataset\raw\French\FR-Soprano-1\Glissando\la fuite\Glissando_Group\0009.wav,1,0.12124,2.313,French,FR-Soprano-1,la fuite,French/FR-Soprano-1/la fuite,1.937
d:\-MindEcho-main\ml_dl_models\gtsinger_multitech\dataset\raw\Chinese\ZH-Alto-1\Pharyngeal\没那么简单\Control_Group\0007.wav,1,0.663703,4.33,Chinese,ZH-Alto-1,没那么简单,Chinese/ZH-Alto-1/没那么简单,0.38
d:\-MindEcho-main\ml_dl_models\gtsinger_multitech\dataset\raw\Chinese\ZH-Alto-1\Mixed_Voice_and_Falsetto\最长的电影\Mixed_Voice_Group\0006.wav,0,0.578439,4.915,Chinese,ZH-Alto-1,最长的电影,Chinese/ZH-Alto-1/最长的电影,0.0
d:\-MindEcho-main\ml_dl_models\gtsinger_multitech\dataset\raw\Chinese\ZH-Tenor-1\Mixed_Voice_and_Falsetto\我的歌声里\Mixed_Voice_Group\0013.wav,0,0.448601,6.415,Chinese,ZH-Tenor-1,我的歌声里,Chinese/ZH-Tenor-1/我的歌声里,0.0
d:\-MindEcho-main\ml_dl_models\gtsinger_multitech\dataset\raw\Chinese\ZH-Alto-1\Vibrato\不再见\Control_Group\0018.wav,0,0.438691,4.075,Chinese,ZH-Alto-1,不再见,Chinese/ZH-Alto-1/不再见,0.0
d:\-MindEcho-main\ml_dl_models\gtsinger_multitech\dataset\raw\French\FR-Soprano-1\Mixed_Voice_and_Falsetto\lentement\Mixed_Voice_Group\0012.wav,1,0.633645,5.363,French,FR-Soprano-1,lentement,French/FR-Soprano-1/lentement,0.16
d:\-MindEcho-main\ml_dl_models\gtsinger_multitech\dataset\raw\French\FR-Soprano-1\Mixed_Voice_and_Falsetto\violet snow\Falsetto_Group\0010.wav,1,0.290317,2.708,French,FR-Soprano-1,violet snow,French/FR-Soprano-1/violet snow,0.485
d:\-MindEcho-main\ml_dl_models\gtsinger_multitech\dataset\raw\French\FR-Soprano-1\Breathy\soleil solleil\Control_Group\0011.wav,0,0.516008,5.029,French,FR-Soprano-1,soleil solleil,French/FR-Soprano-1/soleil solleil,0.0
d:\-MindEcho-main\ml_dl_models\gtsinger_multitech\dataset\raw\Chinese\ZH-Alto-1\Pharyngeal\小幸运\Pharyngeal_Group\0000.wav,1,0.600309,3.89,Chinese,ZH-Alto-1,小幸运,Chinese/ZH-Alto-1/小幸运,0.34
d:\-MindEcho-main\ml_dl_models\gtsinger_multitech\dataset\raw\Chinese\ZH-Alto-1\Mixed_Voice_and_Falsetto\知足\Falsetto_Group\0003.wav,0,0.257305,1.585,Chinese,ZH-Alto-1,知足,Chinese/ZH-Alto-1/知足,0.0
d:\-MindEcho-main\ml_dl_models\gtsinger_multitech\dataset\raw\Chinese\ZH-Tenor-1\Mixed_Voice_and_Falsetto\偏爱\Control_Group\0019.wav,0,0.149984,1.422,Chinese,ZH-Tenor-1,偏爱,Chinese/ZH-Tenor-1/偏爱,0.0
d:\-MindEcho-main\ml_dl_models\gtsinger_multitech\dataset\raw\Chinese\ZH-Tenor-1\Mixed_Voice_and_Falsetto\失落沙洲\Falsetto_Group\0005.wav,0,0.214976,1.335,Chinese,ZH-Tenor-1,失落沙洲,Chinese/ZH-Tenor-1/失落沙洲,0.0
d:\-MindEcho-main\ml_dl_models\gtsinger_multitech\dataset\raw\Chinese\ZH-Tenor-1\Mixed_Voice_and_Falsetto\失落沙洲\Mixed_Voice_Group\0000.wav,0,0.617761,6.4,Chinese,ZH-Tenor-1,失落沙洲,Chinese/ZH-Tenor-1/失落沙洲,0.0
d:\-MindEcho-main\ml_dl_models\gtsinger_multitech\dataset\raw\Chinese\ZH-Tenor-1\Glissando\彩虹\Control_Group\0011.wav,0,0.237542,1.43,Chinese,ZH-Tenor-1,彩虹,Chinese/ZH-Tenor-1/彩虹,0.0
d:\-MindEcho-main\ml_dl_models\gtsinger_multitech\dataset\raw\Chinese\ZH-Alto-1\Glissando\奇妙能力歌\Control_Group\0008.wav,0,0.148438,1.33,Chinese,ZH-Alto-1,奇妙能力歌,Chinese/ZH-Alto-1/奇妙能力歌,0.0
d:\-MindEcho-main\ml_dl_models\gtsinger_multitech\dataset\raw\Chinese\ZH-Tenor-1\Mixed_Voice_and_Falsetto\老男孩\Falsetto_Group\0004.wav,1,0.261885,3.14,Chinese,ZH-Tenor-1,老男孩,Chinese/ZH-Tenor-1/老男孩,0.26
d:\-MindEcho-main\ml_dl_models\gtsinger_multitech\dataset\raw\Chinese\ZH-Tenor-1\Mixed_Voice_and_Falsetto\残酷月光\Mixed_Voice_Group\0013.wav,0,0.513854,3.64,Chinese,ZH-Tenor-1,残酷月光,Chinese/ZH-Tenor-1/残酷月光,0.0
d:\-MindEcho-main\ml_dl_models\gtsinger_multitech\dataset\raw\Chinese\ZH-Alto-1\Vibrato\奇妙能力歌\Vibrato_Group\0004.wav,1,0.513803,4.095,Chinese,ZH-Alto-1,奇妙能力歌,Chinese/ZH-Alto-1/奇妙能力歌,0.35
d:\-MindEcho-main\ml_dl_models\gtsinger_multitech\dataset\raw\Chinese\ZH-Tenor-1\Mixed_Voice_and_Falsetto\残酷月光\Falsetto_Group\0009.wav,1,0.748328,10.297,Chinese,ZH-Tenor-1,残酷月光,Chinese/ZH-Tenor-1/残酷月光,0.534
d:\-MindEcho-main\ml_dl_models\gtsinger_multitech\dataset\raw\Chinese\ZH-Tenor-1\Pharyngeal\不为谁而作的歌\Pharyngeal_Group\0013.wav,0,0.473875,2.947,Chinese,ZH-Tenor-1,不为谁而作的歌,Chinese/ZH-Tenor-1/不为谁而作的歌,0.0
d:\-MindEcho-main\ml_dl_models\gtsinger_multitech\dataset\raw\Chinese\ZH-Tenor-1\Pharyngeal\我怀念的\Pharyngeal_Group\0013.wav,0,0.313882,2.555,Chinese,ZH-Tenor-1,我怀念的,Chinese/ZH-Tenor-1/我怀念的,0.0
d:\-MindEcho-main\ml_dl_models\gtsinger_multitech\dataset\raw\Chinese\ZH-Alto-1\Glissando\奇妙能力歌\Control_Group\0014.wav,1,0.506764,4.495,Chinese,ZH-Alto-1,奇妙能力歌,Chinese/ZH-Alto-1/奇妙能力歌,0.51
d:\-MindEcho-main\ml_dl_models\gtsinger_multitech\dataset\raw\Chinese\ZH-Tenor-1\Breathy\平凡的一天\Breathy_Group\0003.wav,1,0.330131,3.642,Chinese,ZH-Tenor-1,平凡的一天,Chinese/ZH-Tenor-1/平凡的一天,0.52
d:\-MindEcho-main\ml_dl_models\gtsinger_multitech\dataset\raw\Chinese\ZH-Tenor-1\Mixed_Voice_and_Falsetto\后来\Control_Group\0001.wav,1,0.786671,12.335,Chinese,ZH-Tenor-1,后来,Chinese/ZH-Tenor-1/后来,0.39
d:\-MindEcho-main\ml_dl_models\gtsinger_multitech\dataset\raw\Chinese\ZH-Tenor-1\Vibrato\失落沙洲\Vibrato_Group\0002.wav,1,0.535151,5.663,Chinese,ZH-Tenor-1,失落沙洲,Chinese/ZH-Tenor-1/失落沙洲,0.927
d:\-MindEcho-main\ml_dl_models\gtsinger_multitech\dataset\raw\Chinese\ZH-Tenor-1\Pharyngeal\老男孩\Pharyngeal_Group\0001.wav,0,0.189495,1.425,Chinese,ZH-Tenor-1,老男孩,Chinese/ZH-Tenor-1/老男孩,0.0
d:\-MindEcho-main\ml_dl_models\gtsinger_multitech\dataset\raw\Chinese\ZH-Alto-1\Pharyngeal\逆光\Pharyngeal_Group\0002.wav,0,0.554533,3.915,Chinese,ZH-Alto-1,逆光,Chinese/ZH-Alto-1/逆光,0.0
d:\-MindEcho-main\ml_dl_models\gtsinger_multitech\dataset\raw\Chinese\ZH-Tenor-1\Mixed_Voice_and_Falsetto\残酷月光\Mixed_Voice_Group\0007.wav,0,0.1459,1.37,Chinese,ZH-Tenor-1,残酷月光,Chinese/ZH-Tenor-1/残酷月光,0.0
d:\-MindEcho-main\ml_dl_models\gtsinger_multitech\dataset\raw\Chinese\ZH-Tenor-1\Vibrato\心动\Control_Group\0014.wav,0,0.154116,1.535,Chinese,ZH-Tenor-1,心动,Chinese/ZH-Tenor-1/心动,0.0
d:\-MindEcho-main\ml_dl_models\gtsinger_multitech\dataset\raw\French\FR-Soprano-1\Pharyngeal\il aurait suffit\Pharyngeal_Group\0006.wav,1,0.520509,5.279,French,FR-Soprano-1,il aurait suffit,French/FR-Soprano-1/il aurait suffit,0.556
d:\-MindEcho-main\ml_dl_models\gtsinger_multitech\dataset\raw\French\FR-Soprano-1\Pharyngeal\+la vie\Pharyngeal_Group\0000.wav,1,0.798065,10.684,French,FR-Soprano-1,+la vie,French/FR-Soprano-1/+la vie,0.353
d:\-MindEcho-main\ml_dl_models\gtsinger_multitech\dataset\raw\Chinese\ZH-Tenor-1\Breathy\给电影人的情书\Breathy_Group\0008.wav,1,0.185321,1.217,Chinese,ZH-Tenor-1,给电影人的情书,Chinese/ZH-Tenor-1/给电影人的情书,0.28
d:\-MindEcho-main\ml_dl_models\gtsinger_multitech\dataset\raw\French\FR-Soprano-1\Mixed_Voice_and_Falsetto\lentement\Mixed_Voice_Group\0001.wav,0,0.406403,3.973,French,FR-Soprano-1,lentement,French/FR-Soprano-1/lentement,0.0
d:\-MindEcho-main\ml_dl_models\gtsinger_multitech\dataset\raw\Chinese\ZH-Tenor-1\Mixed_Voice_and_Falsetto\全世界谁倾听你\Falsetto_Group\0011.wav,1,0.216329,2.458,Chinese,ZH-Tenor-1,全世界谁倾听你,Chinese/ZH-Tenor-1/全世界谁倾听你,0.405
d:\-MindEcho-main\ml_dl_models\gtsinger_multitech\dataset\raw\French\FR-Soprano-1\Vibrato\les souvenirs\Control_Group\0001.wav,0,0.621867,5.508,French,FR-Soprano-1,les souvenirs,French/FR-Soprano-1/les souvenirs,0.0
d:\-MindEcho-main\ml_dl_models\gtsinger_multitech\dataset\raw\Chinese\ZH-Tenor-1\Mixed_Voice_and_Falsetto\倒带\Mixed_Voice_Group\0008.wav,0,0.512524,5.525,Chinese,ZH-Tenor-1,倒带,Chinese/ZH-Tenor-1/倒带,0.0
d:\-MindEcho-main\ml_dl_models\gtsinger_multitech\dataset\raw\French\FR-Soprano-1\Mixed_Voice_and_Falsetto\la vaguelette\Control_Group\0000.wav,0,0.232548,1.935,French,FR-Soprano-1,la vaguelette,French/FR-Soprano-1/la vaguelette,0.0
d:\-MindEcho-main\ml_dl_models\gtsinger_multitech\dataset\raw\Chinese\ZH-Tenor-1\Mixed_Voice_and_Falsetto\偏爱\Mixed_Voice_Group\0018.wav,1,0.553616,4.44,Chinese,ZH-Tenor-1,偏爱,Chinese/ZH-Tenor-1/偏爱,0.44
d:\-MindEcho-main\ml_dl_models\gtsinger_multitech\dataset\raw\Chinese\ZH-Tenor-1\Pharyngeal\不为谁而作的歌\Control_Group\0010.wav,0,0.437378,2.682,Chinese,ZH-Tenor-1,不为谁而作的歌,Chinese/ZH-Tenor-1/不为谁而作的歌,0.0
d:\-MindEcho-main\ml_dl_models\gtsinger_multitech\dataset\raw\French\FR-Soprano-1\Pharyngeal\lassasymphonie\Pharyngeal_Group\0006.wav,1,0.290904,3.035,French,FR-Soprano-1,lassasymphonie,French/FR-Soprano-1/lassasymphonie,0.2
d:\-MindEcho-main\ml_dl_models\gtsinger_multitech\dataset\raw\Chinese\ZH-Tenor-1\Mixed_Voice_and_Falsetto\失落沙洲\Mixed_Voice_Group\0003.wav,0,0.504418,4.625,Chinese,ZH-Tenor-1,失落沙洲,Chinese/ZH-Tenor-1/失落沙洲,0.0
d:\-MindEcho-main\ml_dl_models\gtsinger_multitech\dataset\raw\Chinese\ZH-Tenor-1\Pharyngeal\最初的梦想\Pharyngeal_Group\0015.wav,0,0.428073,3.065,Chinese,ZH-Tenor-1,最初的梦想,Chinese/ZH-Tenor-1/最初的梦想,0.0
d:\-MindEcho-main\ml_dl_models\gtsinger_multitech\dataset\raw\Chinese\ZH-Tenor-1\Breathy\会呼吸的痛\Control_Group\0009.wav,0,0.229675,1.76,Chinese,ZH-Tenor-1,会呼吸的痛,Chinese/ZH-Tenor-1/会呼吸的痛,0.0
d:\-MindEcho-main\ml_dl_models\gtsinger_multitech\dataset\raw\Chinese\ZH-Alto-1\Breathy\奇妙能力歌\Breathy_Group\0001.wav,1,0.43586,2.99,Chinese,ZH-Alto-1,奇妙能力歌,Chinese/ZH-Alto-1/奇妙能力歌,0.36
d:\-MindEcho-main\ml_dl_models\gtsinger_multitech\dataset\raw\French\FR-Tenor-1\Glissando\manon\Paired_Speech_Group\0008.wav,0,0.399814,1.72,French,FR-Tenor-1,manon,French/FR-Tenor-1/manon,0.0
d:\-MindEcho-main\ml_dl_models\gtsinger_multitech\dataset\raw\Chinese\ZH-Alto-1\Mixed_Voice_and_Falsetto\化身孤岛的鲸\Mixed_Voice_Group\0017.wav,1,0.538081,5.44,Chinese,ZH-Alto-1,化身孤岛的鲸,Chinese/ZH-Alto-1/化身孤岛的鲸,0.36
d:\-MindEcho-main\ml_dl_models\gtsinger_multitech\dataset\raw\Chinese\ZH-Tenor-1\Breathy\化身孤岛的鲸\Breathy_Group\0014.wav,1,0.540775,4.045,Chinese,ZH-Tenor-1,化身孤岛的鲸,Chinese/ZH-Tenor-1/化身孤岛的鲸,0.71
d:\-MindEcho-main\ml_dl_models\gtsinger_multitech\dataset\raw\Chinese\ZH-Tenor-1\Mixed_Voice_and_Falsetto\想自由\Falsetto_Group\0001.wav,1,0.527981,3.642,Chinese,ZH-Tenor-1,想自由,Chinese/ZH-Tenor-1/想自由,0.792
d:\-MindEcho-main\ml_dl_models\gtsinger_multitech\dataset\raw\French\FR-Tenor-1\Breathy\Lafleur\Paired_Speech_Group\0001.wav,0,0.544106,2.407,French,FR-Tenor-1,Lafleur,French/FR-Tenor-1/Lafleur,0.0
d:\-MindEcho-main\ml_dl_models\gtsinger_multitech\dataset\raw\French\FR-Tenor-1\Breathy\o souverain\Breathy_Group\0019.wav,0,0.50843,5.096,French,FR-Tenor-1,o souverain,French/FR-Tenor-1/o souverain,0.0
d:\-MindEcho-main\ml_dl_models\gtsinger_multitech\dataset\raw\Chinese\ZH-Tenor-1\Mixed_Voice_and_Falsetto\江南\Falsetto_Group\0006.wav,1,0.484098,3.653,Chinese,ZH-Tenor-1,江南,Chinese/ZH-Tenor-1/江南,0.32
d:\-MindEcho-main\ml_dl_models\gtsinger_multitech\dataset\raw\Chinese\ZH-Tenor-1\Vibrato\残酷月光\Vibrato_Group\0005.wav,1,0.530477,4.117,Chinese,ZH-Tenor-1,残酷月光,Chinese/ZH-Tenor-1/残酷月光,0.573
d:\-MindEcho-main\ml_dl_models\gtsinger_multitech\dataset\raw\Chinese\ZH-Alto-1\Mixed_Voice_and_Falsetto\演员\Mixed_Voice_Group\0016.wav,0,0.350365,3.36,Chinese,ZH-Alto-1,演员,Chinese/ZH-Alto-1/演员,0.0
d:\-MindEcho-main\ml_dl_models\gtsinger_multitech\dataset\raw\Chinese\ZH-Tenor-1\Mixed_Voice_and_Falsetto\残酷月光\Mixed_Voice_Group\0009.wav,0,0.367659,4.82,Chinese,ZH-Tenor-1,残酷月光,Chinese/ZH-Tenor-1/残酷月光,0.0
d:\-MindEcho-main\ml_dl_models\gtsinger_multitech\dataset\raw\Chinese\ZH-Tenor-1\Glissando\空白格\Control_Group\0003.wav,0,0.151167,1.749,Chinese,ZH-Tenor-1,空白格,Chinese/ZH-Tenor-1/空白格,0.0
d:\-MindEcho-main\ml_dl_models\gtsinger_multitech\dataset\raw\French\FR-Soprano-1\Glissando\la fuite\Glissando_Group\0006.wav,1,0.107047,0.501,French,FR-Soprano-1,la fuite,French/FR-Soprano-1/la fuite,1.002
d:\-MindEcho-main\ml_dl_models\gtsinger_multitech\dataset\raw\Chinese\ZH-Alto-1\Glissando\时间煮雨\Control_Group\0010.wav,0,0.574914,6.681,Chinese,ZH-Alto-1,时间煮雨,Chinese/ZH-Alto-1/时间煮雨,0.0
d:\-MindEcho-main\ml_dl_models\gtsinger_multitech\dataset\raw\Chinese\ZH-Tenor-1\Mixed_Voice_and_Falsetto\偏爱\Control_Group\0006.wav,1,0.545399,4.445,Chinese,ZH-Tenor-1,偏爱,Chinese/ZH-Tenor-1/偏爱,0.45
d:\-MindEcho-main\ml_dl_models\gtsinger_multitech\dataset\raw\French\FR-Soprano-1\Mixed_Voice_and_Falsetto\lentement\Mixed_Voice_Group\0008.wav,0,0.679791,7.485,French,FR-Soprano-1,lentement,French/FR-Soprano-1/lentement,0.0
d:\-MindEcho-main\ml_dl_models\gtsinger_multitech\dataset\raw\Chinese\ZH-Tenor-1\Vibrato\终于等到你\Vibrato_Group\0009.wav,1,0.515868,3.446,Chinese,ZH-Tenor-1,终于等到你,Chinese/ZH-Tenor-1/终于等到你,0.592
d:\-MindEcho-main\ml_dl_models\gtsinger_multitech\dataset\raw\Chinese\ZH-Alto-1\Mixed_Voice_and_Falsetto\给电影人的情书\Control_Group\0008.wav,0,0.215069,1.57,Chinese,ZH-Alto-1,给电影人的情书,Chinese/ZH-Alto-1/给电影人的情书,0.0
d:\-MindEcho-main\ml_dl_models\gtsinger_multitech\dataset\raw\French\FR-Tenor-1\Breathy\ouvre\Paired_Speech_Group\0003.wav,0,0.507284,2.367,French,FR-Tenor-1,ouvre,French/FR-Tenor-1/ouvre,0.0
d:\-MindEcho-main\ml_dl_models\gtsinger_multitech\dataset\raw\Chinese\ZH-Alto-1\Pharyngeal\老男孩\Pharyngeal_Group\0004.wav,0,0.148529,1.263,Chinese,ZH-Alto-1,老男孩,Chinese/ZH-Alto-1/老男孩,0.0
d:\-MindEcho-main\ml_dl_models\gtsinger_multitech\dataset\raw\French\FR-Soprano-1\Mixed_Voice_and_Falsetto\violet snow\Control_Group\0009.wav,0,0.539537,4.94,French,FR-Soprano-1,violet snow,French/FR-Soprano-1/violet snow,0.0
d:\-MindEcho-main\ml_dl_models\gtsinger_multitech\dataset\raw\Chinese\ZH-Alto-1\Mixed_Voice_and_Falsetto\桃花诺\Mixed_Voice_Group\0006.wav,0,0.491745,4.17,Chinese,ZH-Alto-1,桃花诺,Chinese/ZH-Alto-1/桃花诺,0.0
d:\-MindEcho-main\ml_dl_models\gtsinger_multitech\dataset\raw\Chinese\ZH-Tenor-1\Pharyngeal\最初的梦想\Pharyngeal_Group\0014.wav,0,0.119758,1.485,Chinese,ZH-Tenor-1,最初的梦想,Chinese/ZH-Tenor-1/最初的梦想,0.0
d:\-MindEcho-main\ml_dl_models\gtsinger_multitech\dataset\raw\Chinese\ZH-Alto-1\Mixed_Voice_and_Falsetto\匆匆那年\Control_Group\0006.wav,1,0.557037,3.76,Chinese,ZH-Alto-1,匆匆那年,Chinese/ZH-Alto-1/匆匆那年,0.44
d:\-MindEcho-main\ml_dl_models\gtsinger_multitech\dataset\raw\French\FR-Tenor-1\Glissando\Les Marionnettes\Paired_Speech_Group\0004.wav,0,0.374215,1.37,French,FR-Tenor-1,Les Marionnettes,French/FR-Tenor-1/Les Marionnettes,0.0
d:\-MindEcho-main\ml_dl_models\gtsinger_multitech\dataset\raw\Chinese\ZH-Tenor-1\Mixed_Voice_and_Falsetto\我的歌声里\Mixed_Voice_Group\0013.wav,0,0.102448,1.465,Chinese,ZH-Tenor-1,我的歌声里,Chinese/ZH-Tenor-1/我的歌声里,0.0
d:\-MindEcho-main\ml_dl_models\gtsinger_multitech\dataset\raw\Chinese\ZH-Tenor-1\Mixed_Voice_and_Falsetto\不能说的秘密\Falsetto_Group\0006.wav,1,0.496785,3.09,Chinese,ZH-Tenor-1,不能说的秘密,Chinese/ZH-Tenor-1/不能说的秘密,0.42
d:\-MindEcho-main\ml_dl_models\gtsinger_multitech\dataset\raw\Chinese\ZH-Tenor-1\Mixed_Voice_and_Falsetto\最初的梦想\Control_Group\0010.wav,0,0.168456,1.255,Chinese,ZH-Tenor-1,最初的梦想,Chinese/ZH-Tenor-1/最初的梦想,0.0
d:\-MindEcho-main\ml_dl_models\gtsinger_multitech\dataset\raw\French\FR-Soprano-1\Pharyngeal\+la vie\Pharyngeal_Group\0000.wav,1,0.30363,4.065,French,FR-Soprano-1,+la vie,French/FR-Soprano-1/+la vie,1.148
d:\-MindEcho-main\ml_dl_models\gtsinger_multitech\dataset\raw\Chinese\ZH-Alto-1\Mixed_Voice_and_Falsetto\终于等到你\Mixed_Voice_Group\0005.wav,1,0.520738,3.754,Chinese,ZH-Alto-1,终于等到你,Chinese/ZH-Alto-1/终于等到你,0.37
d:\-MindEcho-main\ml_dl_models\gtsinger_multitech\dataset\raw\Chinese\ZH-Alto-1\Mixed_Voice_and_Falsetto\老男孩\Mixed_Voice_Group\0011.wav,1,0.515428,3.675,Chinese,ZH-Alto-1,老男孩,Chinese/ZH-Alto-1/老男孩,0.47
d:\-MindEcho-main\ml_dl_models\gtsinger_multitech\dataset\raw\French\FR-Soprano-1\Mixed_Voice_and_Falsetto\mustang cabriolet\Falsetto_Group\0000.wav,1,0.111039,0.2,French,FR-Soprano-1,mustang cabriolet,French/FR-Soprano-1/mustang cabriolet,0.4
d:\-MindEcho-main\ml_dl_models\gtsinger_multitech\dataset\raw\Chinese\ZH-Alto-1\Vibrato\奇妙能力歌\Control_Group\0007.wav,0,0.202102,1.365,Chinese,ZH-Alto-1,奇妙能力歌,Chinese/ZH-Alto-1/奇妙能力歌,0.0
d:\-MindEcho-main\ml_dl_models\gtsinger_multitech\dataset\raw\Chinese\ZH-Tenor-1\Breathy\慢慢喜欢你\Breathy_Group\0001.wav,0,0.240798,1.57,Chinese,ZH-Tenor-1,慢慢喜欢你,Chinese/ZH-Tenor-1/慢慢喜欢你,0.0
d:\-MindEcho-main\ml_dl_models\gtsinger_multitech\dataset\raw\Chinese\ZH-Tenor-1\Mixed_Voice_and_Falsetto\全世界谁倾听你\Control_Group\0011.wav,1,0.217458,2.473,Chinese,ZH-Tenor-1,全世界谁倾听你,Chinese/ZH-Tenor-1/全世界谁倾听你,0.375
d:\-MindEcho-main\ml_dl_models\gtsinger_multitech\dataset\raw\Chinese\ZH-Alto-1\Mixed_Voice_and_Falsetto\平凡的一天\Mixed_Voice_Group\0004.wav,0,0.116692,1.559,Chinese,ZH-Alto-1,平凡的一天,Chinese/ZH-Alto-1/平凡的一天,0.0
d:\-MindEcho-main\ml_dl_models\gtsinger_multitech\dataset\raw\Chinese\ZH-Tenor-1\Mixed_Voice_and_Falsetto\倒带\Control_Group\0016.wav,0,0.231234,1.589,Chinese,ZH-Tenor-1,倒带,Chinese/ZH-Tenor-1/倒带,0.0
d:\-MindEcho-main\ml_dl_models\gtsinger_multitech\dataset\raw\Chinese\ZH-Alto-1\Breathy\江南\Breathy_Group\0008.wav,1,0.484674,5.06,Chinese,ZH-Alto-1,江南,Chinese/ZH-Alto-1/江南,0.74
d:\-MindEcho-main\ml_dl_models\gtsinger_multitech\dataset\raw\French\FR-Soprano-1\Mixed_Voice_and_Falsetto\la vaguelette\Paired_Speech_Group\0004.wav,0,0.188055,1.376,French,FR-Soprano-1,la vaguelette,French/FR-Soprano-1/la vaguelette,0.0
d:\-MindEcho-main\ml_dl_models\gtsinger_multitech\dataset\raw\French\FR-Soprano-1\Mixed_Voice_and_Falsetto\eviter les roses\Mixed_Voice_Group\0001.wav,0,0.203055,1.635,French,FR-Soprano-1,eviter les roses,French/FR-Soprano-1/eviter les roses,0.0
d:\-MindEcho-main\ml_dl_models\gtsinger_multitech\dataset\raw\Chinese\ZH-Alto-1\Breathy\知足\Control_Group\0002.wav,0,0.227163,1.502,Chinese,ZH-Alto-1,知足,Chinese/ZH-Alto-1/知足,0.0
d:\-MindEcho-main\ml_dl_models\gtsinger_multitech\dataset\raw\Chinese\ZH-Tenor-1\Breathy\化身孤岛的鲸\Control_Group\0008.wav,0,0.582039,5.995,Chinese,ZH-Tenor-1,化身孤岛的鲸,Chinese/ZH-Tenor-1/化身孤岛的鲸,0.0
d:\-MindEcho-main\ml_dl_models\gtsinger_multitech\dataset\raw\Chinese\ZH-Tenor-1\Mixed_Voice_and_Falsetto\想自由\Falsetto_Group\0007.wav,1,0.180119,1.663,Chinese,ZH-Tenor-1,想自由,Chinese/ZH-Tenor-1/想自由,0.305
d:\-MindEcho-main\ml_dl_models\gtsinger_multitech\dataset\raw\French\FR-Tenor-1\Glissando\Les Marionnettes\Paired_Speech_Group\0006.wav,0,0.616399,6.093,French,FR-Tenor-1,Les Marionnettes,French/FR-Tenor-1/Les Marionnettes,0.0
d:\-MindEcho-main\ml_dl_models\gtsinger_multitech\dataset\raw\Chinese\ZH-Tenor-1\Breathy\会呼吸的痛\Control_Group\0019.wav,1,0.275093,2.22,Chinese,ZH-Tenor-1,会呼吸的痛,Chinese/ZH-Tenor-1/会呼吸的痛,0.26
d:\-MindEcho-main\ml_dl_models\gtsinger_multitech\dataset\raw\Chinese\ZH-Alto-1\Pharyngeal\隐形的翅膀\Pharyngeal_Group\0011.wav,0,0.303827,1.865,Chinese,ZH-Alto-1,隐形的翅膀,Chinese/ZH-Alto-1/隐形的翅膀,0.0
d:\-MindEcho-main\ml_dl_models\gtsinger_multitech\dataset\raw\French\FR-Soprano-1\Breathy\soleil solleil\Control_Group\0002.wav,1,0.28487,4.264,French,FR-Soprano-1,soleil solleil,French/FR-Soprano-1/soleil solleil,0.621
d:\-MindEcho-main\ml_dl_models\gtsinger_multitech\dataset\raw\French\FR-Tenor-1\Glissando\manon\Control_Group\0009.wav,1,0.097839,0.738,French,FR-Tenor-1,manon,French/FR-Tenor-1/manon,0.516
d:\-MindEcho-main\ml_dl_models\gtsinger_multitech\dataset\raw\French\FR-Soprano-1\Pharyngeal\je ne sais pas choisir\Paired_Speech_Group\0003.wav,0,0.548244,3.466,French,FR-Soprano-1,je ne sais pas choisir,French/FR-Soprano-1/je ne sais pas choisir,0.0
d:\-MindEcho-main\ml_dl_models\gtsinger_multitech\dataset\raw\French\FR-Soprano-1\Breathy\2019\Control_Group\0005.wav,1,0.88498,9.262,French,FR-Soprano-1,2019,French/FR-Soprano-1/2019,0.159
d:\-MindEcho-main\ml_dl_models\gtsinger_multitech\dataset\raw\Chinese\ZH-Alto-1\Mixed_Voice_and_Falsetto\桃花诺\Mixed_Voice_Group\0009.wav,1,0.323566,2.595,Chinese,ZH-Alto-1,桃花诺,Chinese/ZH-Alto-1/桃花诺,0.43
d:\-MindEcho-main\ml_dl_models\gtsinger_multitech\dataset\raw\Chinese\ZH-Tenor-1\Glissando\不染\Glissando_Group\0022.wav,0,0.233161,1.575,Chinese,ZH-Tenor-1,不染,Chinese/ZH-Tenor-1/不染,0.0
d:\-MindEcho-main\ml_dl_models\gtsinger_multitech\dataset\raw\French\FR-Soprano-1\Glissando\dingdong\Control_Group\0006.wav,0,0.258034,4.152,French,FR-Soprano-1,dingdong,French/FR-Soprano-1/dingdong,0.0
d:\-MindEcho-main\ml_dl_models\gtsinger_multitech\dataset\raw\Chinese\ZH-Tenor-1\Mixed_Voice_and_Falsetto\听海\Control_Group\0000.wav,0,0.24599,1.61,Chinese,ZH-Tenor-1,听海,Chinese/ZH-Tenor-1/听海,0.0
d:\-MindEcho-main\ml_dl_models\gtsinger_multitech\dataset\raw\Chinese\ZH-Alto-1\Pharyngeal\小幸运\Pharyngeal_Group\0003.wav,1,0.384099,4.01,Chinese,ZH-Alto-1,小幸运,Chinese/ZH-Alto-1/小幸运,0.3
d:\-MindEcho-main\ml_dl_models\gtsinger_multitech\dataset\raw\Chinese\ZH-Tenor-1\Mixed_Voice_and_Falsetto\听海\Falsetto_Group\0009.wav,1,0.40673,3.445,Chinese,ZH-Tenor-1,听海,Chinese/ZH-Tenor-1/听海,0.35
d:\-MindEcho-main\ml_dl_models\gtsinger_multitech\dataset\raw\Chinese\ZH-Alto-1\Mixed_Voice_and_Falsetto\给电影人的情书\Falsetto_Group\0011.wav,0,0.429471,3.41,Chinese,ZH-Alto-1,给电影人的情书,Chinese/ZH-Alto-1/给电影人的情书,0.0
d:\-MindEcho-main\ml_dl_models\gtsinger_multitech\dataset\raw\French\FR-Soprano-1\Glissando\donnez-moi\Control_Group\0000.wav,0,0.593531,10.064,French,FR-Soprano-1,donnez-moi,French/FR-Soprano-1/donnez-moi,0.0
d:\-MindEcho-main\ml_dl_models\gtsinger_multitech\dataset\raw\French\FR-Soprano-1\Mixed_Voice_and_Falsetto\chez moi\Falsetto_Group\0004.wav,1,0.273683,2.161,French,FR-Soprano-1,chez moi,French/FR-Soprano-1/chez moi,0.24
d:\-MindEcho-main\ml_dl_models\gtsinger_multitech\dataset\raw\Chinese\ZH-Alto-1\Breathy\越过山丘\Breathy_Group\0016.wav,0,0.64959,4.755,Chinese,ZH-Alto-1,越过山丘,Chinese/ZH-Alto-1/越过山丘,0.0
d:\-MindEcho-main\ml_dl_models\gtsinger_multitech\dataset\raw\French\FR-Soprano-1\Pharyngeal\lassasymphonie\Control_Group\0012.wav,1,0.885529,10.318,French,FR-Soprano-1,lassasymphonie,French/FR-Soprano-1/lassasymphonie,0.33
d:\-MindEcho-main\ml_dl_models\gtsinger_multitech\dataset\raw\Chinese\ZH-Tenor-1\Mixed_Voice_and_Falsetto\走着走着就散了\Control_Group\0000.wav,1,0.375731,2.57,Chinese,ZH-Tenor-1,走着走着就散了,Chinese/ZH-Tenor-1/走着走着就散了,0.28
d:\-MindEcho-main\ml_dl_models\gtsinger_multitech\dataset\raw\Chinese\ZH-Tenor-1\Breathy\传奇\Control_Group\0012.wav,1,0.454064,6.425,Chinese,ZH-Tenor-1,传奇,Chinese/ZH-Tenor-1/传奇,2.19
d:\-MindEcho-main\ml_dl_models\gtsinger_multitech\dataset\raw\Chinese\ZH-Alto-1\Breathy\最长的电影\Breathy_Group\0009.wav,1,0.639661,5.89,Chinese,ZH-Alto-1,最长的电影,Chinese/ZH-Alto-1/最长的电影,0.38
d:\-MindEcho-main\ml_dl_models\gtsinger_multitech\dataset\raw\Chinese\ZH-Tenor-1\Vibrato\心动\Control_Group\0002.wav,0,0.485739,5.092,Chinese,ZH-Tenor-1,心动,Chinese/ZH-Tenor-1/心动,0.0
d:\-MindEcho-main\ml_dl_models\gtsinger_multitech\dataset\raw\Chinese\ZH-Tenor-1\Mixed_Voice_and_Falsetto\情歌\Mixed_Voice_Group\0008.wav,0,0.214174,1.375,Chinese,ZH-Tenor-1,情歌,Chinese/ZH-Tenor-1/情歌,0.0
d:\-MindEcho-main\ml_dl_models\gtsinger_multitech\dataset\raw\Chinese\ZH-Alto-1\Breathy\可乐\Breathy_Group\0012.wav,0,0.19856,1.724,Chinese,ZH-Alto-1,可乐,Chinese/ZH-Alto-1/可乐,0.0
d:\-MindEcho-main\ml_dl_models\gtsinger_multitech\dataset\raw\Chinese\ZH-Tenor-1\Vibrato\末班车\Control_Group\0006.wav,0,0.221405,1.355,Chinese,ZH-Tenor-1,末班车,Chinese/ZH-Tenor-1/末班车,0.0
d:\-MindEcho-main\ml_dl_models\gtsinger_multitech\dataset\raw\Chinese\ZH-Alto-1\Mixed_Voice_and_Falsetto\贝加尔湖畔\Mixed_Voice_Group\0011.wav,0,0.137377,1.393,Chinese,ZH-Alto-1,贝加尔湖畔,Chinese/ZH-Alto-1/贝加尔湖畔,0.0
d:\-MindEcho-main\ml_dl_models\gtsinger_multitech\dataset\raw\Chinese\ZH-Tenor-1\Mixed_Voice_and_Falsetto\终于等到你\Mixed_Voice_Group\0005.wav,0,0.182981,1.238,Chinese,ZH-Tenor-1,终于等到你,Chinese/ZH-Tenor-1/终于等到你,0.0
d:\-MindEcho-main\ml_dl_models\gtsinger_multitech\dataset\raw\Chinese\ZH-Tenor-1\Vibrato\终于等到你\Control_Group\0007.wav,0,0.180478,1.42,Chinese,ZH-Tenor-1,终于等到你,Chinese/ZH-Tenor-1/终于等到你,0.0
d:\-MindEcho-main\ml_dl_models\gtsinger_multitech\dataset\raw\Chinese\ZH-Alto-1\Glissando\你给我听好\Control_Group\0003.wav,1,0.351927,4.164,Chinese,ZH-Alto-1,你给我听好,Chinese/ZH-Alto-1/你给我听好,0.35
d:\-MindEcho-main\ml_dl_models\gtsinger_multitech\dataset\raw\Chinese\ZH-Alto-1\Mixed_Voice_and_Falsetto\给电影人的情书\Control_Group\0010.wav,1,0.417288,5.045,Chinese,ZH-Alto-1,给电影人的情书,Chinese/ZH-Alto-1/给电影人的情书,0.99
d:\-MindEcho-main\ml_dl_models\gtsinger_multitech\dataset\raw\Chinese\ZH-Alto-1\Breathy\有一种悲伤\Breathy_Group\0002.wav,0,0.194703,2.095,Chinese,ZH-Alto-1,有一种悲伤,Chinese/ZH-Alto-1/有一种悲伤,0.0
d:\-MindEcho-main\ml_dl_models\gtsinger_multitech\dataset\raw\Chinese\ZH-Tenor-1\Mixed_Voice_and_Falsetto\末班车\Control_Group\0007.wav,0,0.262748,1.685,Chinese,ZH-Tenor-1,末班车,Chinese/ZH-Tenor-1/末班车,0.0
d:\-MindEcho-main\ml_dl_models\gtsinger_multitech\dataset\raw\Chinese\ZH-Tenor-1\Breathy\爱的回归线\Breathy_Group\0010.wav,1,0.455214,3.405,Chinese,ZH-Tenor-1,爱的回归线,Chinese/ZH-Tenor-1/爱的回归线,0.31
d:\-MindEcho-main\ml_dl_models\gtsinger_multitech\dataset\raw\Chinese\ZH-Alto-1\Mixed_Voice_and_Falsetto\桃花诺\Falsetto_Group\0012.wav,1,0.301246,2.66,Chinese,ZH-Alto-1,桃花诺,Chinese/ZH-Alto-1/桃花诺,0.58
d:\-MindEcho-main\ml_dl_models\gtsinger_multitech\dataset\raw\Chinese\ZH-Tenor-1\Mixed_Voice_and_Falsetto\枫\Falsetto_Group\0010.wav,0,0.664986,5.012,Chinese,ZH-Tenor-1,枫,Chinese/ZH-Tenor-1/枫,0.0
d:\-MindEcho-main\ml_dl_models\gtsinger_multitech\dataset\raw\French\FR-Tenor-1\Breathy\o souverain\Control_Group\0008.wav,1,0.293041,2.674,French,FR-Tenor-1,o souverain,French/FR-Tenor-1/o souverain,0.16
d:\-MindEcho-main\ml_dl_models\gtsinger_multitech\dataset\raw\French\FR-Soprano-1\Mixed_Voice_and_Falsetto\magic boul'vard\Falsetto_Group\0003.wav,1,0.084228,0.32,French,FR-Soprano-1,magic boul'vard,French/FR-Soprano-1/magic boul'vard,0.64
d:\-MindEcho-main\ml_dl_models\gtsinger_multitech\dataset\raw\Chinese\ZH-Tenor-1\Pharyngeal\不为谁而作的歌\Pharyngeal_Group\0004.wav,1,0.704466,4.417,Chinese,ZH-Tenor-1,不为谁而作的歌,Chinese/ZH-Tenor-1/不为谁而作的歌,0.688
d:\-MindEcho-main\ml_dl_models\gtsinger_multitech\dataset\raw\Chinese\ZH-Tenor-1\Glissando\倒带\Glissando_Group\0010.wav,1,0.355957,3.346,Chinese,ZH-Tenor-1,倒带,Chinese/ZH-Tenor-1/倒带,0.268
d:\-MindEcho-main\ml_dl_models\gtsinger_multitech\dataset\raw\Chinese\ZH-Alto-1\Glissando\温柔\Glissando_Group\0003.wav,0,0.375549,2.565,Chinese,ZH-Alto-1,温柔,Chinese/ZH-Alto-1/温柔,0.0
d:\-MindEcho-main\ml_dl_models\gtsinger_multitech\dataset\raw\Chinese\ZH-Tenor-1\Mixed_Voice_and_Falsetto\老男孩\Falsetto_Group\0004.wav,0,0.108841,1.305,Chinese,ZH-Tenor-1,老男孩,Chinese/ZH-Tenor-1/老男孩,0.0
d:\-MindEcho-main\ml_dl_models\gtsinger_multitech\dataset\raw\French\FR-Tenor-1\Breathy\manon\Control_Group\0012.wav,0,0.166678,2.335,French,FR-Tenor-1,manon,French/FR-Tenor-1/manon,0.0
d:\-MindEcho-main\ml_dl_models\gtsinger_multitech\dataset\raw\Chinese\ZH-Alto-1\Glissando\曹操\Glissando_Group\0006.wav,0,0.42539,4.202,Chinese,ZH-Alto-1,曹操,Chinese/ZH-Alto-1/曹操,0.0
d:\-MindEcho-main\ml_dl_models\gtsinger_multitech\dataset\raw\French\FR-Soprano-1\Glissando\la fuite\Glissando_Group\0004.wav,1,0.112697,0.346,French,FR-Soprano-1,la fuite,French/FR-Soprano-1/la fuite,0.692
d:\-MindEcho-main\ml_dl_models\gtsinger_multitech\dataset\raw\Chinese\ZH-Alto-1\Pharyngeal\逆光\Pharyngeal_Group\0003.wav,1,0.594315,8.154,Chinese,ZH-Alto-1,逆光,Chinese/ZH-Alto-1/逆光,0.27
d:\-MindEcho-main\ml_dl_models\gtsinger_multitech\dataset\raw\Chinese\ZH-Alto-1\Vibrato\年轮\Control_Group\0009.wav,0,0.148321,1.59,Chinese,ZH-Alto-1,年轮,Chinese/ZH-Alto-1/年轮,0.0
d:\-MindEcho-main\ml_dl_models\gtsinger_multitech\dataset\raw\Chinese\ZH-Alto-1\Mixed_Voice_and_Falsetto\烟花易冷\Mixed_Voice_Group\0022.wav,0,0.175173,1.263,Chinese,ZH-Alto-1,烟花易冷,Chinese/ZH-Alto-1/烟花易冷,0.0
d:\-MindEcho-main\ml_dl_models\gtsinger_multitech\dataset\raw\Chinese\ZH-Tenor-1\Mixed_Voice_and_Falsetto\后来\Control_Group\0004.wav,0,0.283401,2.1,Chinese,ZH-Tenor-1,后来,Chinese/ZH-Tenor-1/后来,0.0
d:\-MindEcho-main\ml_dl_models\gtsinger_multitech\dataset\raw\Chinese\ZH-Alto-1\Mixed_Voice_and_Falsetto\给电影人的情书\Mixed_Voice_Group\0001.wav,0,0.177616,1.46,Chinese,ZH-Alto-1,给电影人的情书,Chinese/ZH-Alto-1/给电影人的情书,0.0
d:\-MindEcho-main\ml_dl_models\gtsinger_multitech\dataset\raw\Chinese\ZH-Alto-1\Mixed_Voice_and_Falsetto\老男孩\Falsetto_Group\0016.wav,1,0.502548,3.945,Chinese,ZH-Alto-1,老男孩,Chinese/ZH-Alto-1/老男孩,0.35
d:\-MindEcho-main\ml_dl_models\gtsinger_multitech\dataset\raw\Chinese\ZH-Tenor-1\Breathy\不染\Control_Group\0012.wav,1,0.5,3.275,Chinese,ZH-Tenor-1,不染,Chinese/ZH-Tenor-1/不染,0.41
d:\-MindEcho-main\ml_dl_models\gtsinger_multitech\dataset\raw\French\FR-Soprano-1\Mixed_Voice_and_Falsetto\violet snow\Paired_Speech_Group\0006.wav,0,0.482705,2.945,French,FR-Soprano-1,violet snow,French/FR-Soprano-1/violet snow,0.0
d:\-MindEcho-main\ml_dl_models\gtsinger_multitech\dataset\raw\French\FR-Soprano-1\Vibrato\les oiseaux\Vibrato_Group\0003.wav,0,0.708996,8.827,French,FR-Soprano-1,les oiseaux,French/FR-Soprano-1/les oiseaux,0.0
d:\-MindEcho-main\ml_dl_models\gtsinger_multitech\dataset\raw\Chinese\ZH-Tenor-1\Mixed_Voice_and_Falsetto\终于等到你\Control_Group\0006.wav,0,0.168516,1.215,Chinese,ZH-Tenor-1,终于等到你,Chinese/ZH-Tenor-1/终于等到你,0.0
d:\-MindEcho-main\ml_dl_models\gtsinger_multitech\dataset\raw\French\FR-Soprano-1\Pharyngeal\je ne veux pas de toi\Control_Group\0002.wav,1,0.884315,9.192,French,FR-Soprano-1,je ne veux pas de toi,French/FR-Soprano-1/je ne veux pas de toi,2.361
d:\-MindEcho-main\ml_dl_models\gtsinger_multitech\dataset\raw\Chinese\ZH-Tenor-1\Glissando\彩虹\Control_Group\0002.wav,0,0.485857,2.92,Chinese,ZH-Tenor-1,彩虹,Chinese/ZH-Tenor-1/彩虹,0.0
d:\-MindEcho-main\ml_dl_models\gtsinger_multitech\dataset\raw\French\FR-Soprano-1\Vibrato\les oiseaux\Vibrato_Group\0001.wav,1,0.12179,1.706,French,FR-Soprano-1,les oiseaux,French/FR-Soprano-1/les oiseaux,0.171
d:\-MindEcho-main\ml_dl_models\gtsinger_multitech\dataset\raw\French\FR-Soprano-1\Glissando\pour la peine\Control_Group\0007.wav,1,0.637167,6.095,French,FR-Soprano-1,pour la peine,French/FR-Soprano-1/pour la peine,1.747
d:\-MindEcho-main\ml_dl_models\gtsinger_multitech\dataset\raw\French\FR-Soprano-1\Mixed_Voice_and_Falsetto\le dernier train\Control_Group\0003.wav,1,0.466296,4.732,French,FR-Soprano-1,le dernier train,French/FR-Soprano-1/le dernier train,0.701
d:\-MindEcho-main\ml_dl_models\gtsinger_multitech\dataset\raw\Chinese\ZH-Tenor-1\Breathy\会呼吸的痛\Breathy_Group\0009.wav,0,0.502205,3.758,Chinese,ZH-Tenor-1,会呼吸的痛,Chinese/ZH-Tenor-1/会呼吸的痛,0.0
d:\-MindEcho-main\ml_dl_models\gtsinger_multitech\dataset\raw\Chinese\ZH-Tenor-1\Glissando\传奇\Control_Group\0017.wav,0,0.413148,3.62,Chinese,ZH-Tenor-1,传奇,Chinese/ZH-Tenor-1/传奇,0.0
d:\-MindEcho-main\ml_dl_models\gtsinger_multitech\dataset\raw\French\FR-Soprano-1\Mixed_Voice_and_Falsetto\nos ballades\Falsetto_Group\0001.wav,1,0.865169,8.636,French,FR-Soprano-1,nos ballades,French/FR-Soprano-1/nos ballades,0.528
d:\-MindEcho-main\ml_dl_models\gtsinger_multitech\dataset\raw\Chinese\ZH-Alto-1\Pharyngeal\听海\Control_Group\0003.wav,1,0.516639,4.333,Chinese,ZH-Alto-1,听海,Chinese/ZH-Alto-1/听海,0.43
d:\-MindEcho-main\ml_dl_models\gtsinger_multitech\dataset\raw\Chinese\ZH-Tenor-1\Mixed_Voice_and_Falsetto\一次就好\Mixed_Voice_Group\0000.wav,0,0.588182,3.235,Chinese,ZH-Tenor-1,一次就好,Chinese/ZH-Tenor-1/一次就好,0.0
d:\-MindEcho-main\ml_dl_models\gtsinger_multitech\dataset\raw\French\FR-Soprano-1\Mixed_Voice_and_Falsetto\nos ballades\Falsetto_Group\0004.wav,1,0.601492,7.778,French,FR-Soprano-1,nos ballades,French/FR-Soprano-1/nos ballades,1.341
d:\-MindEcho-main\ml_dl_models\gtsinger_multitech\dataset\raw\Chinese\ZH-Alto-1\Pharyngeal\小幸运\Pharyngeal_Group\0009.wav,1,0.257035,3.051,Chinese,ZH-Alto-1,小幸运,Chinese/ZH-Alto-1/小幸运,0.362
d:\-MindEcho-main\ml_dl_models\gtsinger_multitech\dataset\raw\French\FR-Tenor-1\Mixed_Voice_and_Falsetto\Les Marionnettes\Control_Group\0002.wav,1,0.461583,6.831,French,FR-Tenor-1,Les Marionnettes,French/FR-Tenor-1/Les Marionnettes,2.779
d:\-MindEcho-main\ml_dl_models\gtsinger_multitech\dataset\raw\French\FR-Soprano-1\Pharyngeal\lassasymphonie\Pharyngeal_Group\0013.wav,0,0.289141,2.719,French,FR-Soprano-1,lassasymphonie,French/FR-Soprano-1/lassasymphonie,0.0
d:\-MindEcho-main\ml_dl_models\gtsinger_multitech\dataset\raw\Chinese\ZH-Tenor-1\Glissando\给电影人的情书\Glissando_Group\0002.wav,0,0.147536,1.437,Chinese,ZH-Tenor-1,给电影人的情书,Chinese/ZH-Tenor-1/给电影人的情书,0.0
"d:\-MindEcho-main\ml_dl_models\gtsinger_multitech\dataset\raw\French\FR-Soprano-1\Mixed_Voice_and_Falsetto\t'es beau,t'es beau\Mixed_Voice_Group\0003.wav",0,0.067931,1.232,French,FR-Soprano-1,"t'es beau,t'es beau","French/FR-Soprano-1/t'es beau,t'es beau",0.0
d:\-MindEcho-main\ml_dl_models\gtsinger_multitech\dataset\raw\Chinese\ZH-Tenor-1\Pharyngeal\逆光\Control_Group\0000.wav,0,0.205899,1.438,Chinese,ZH-Tenor-1,逆光,Chinese/ZH-Tenor-1/逆光,0.0
d:\-MindEcho-main\ml_dl_models\gtsinger_multitech\dataset\raw\Chinese\ZH-Alto-1\Glissando\没那么简单\Glissando_Group\0008.wav,0,0.192025,1.565,Chinese,ZH-Alto-1,没那么简单,Chinese/ZH-Alto-1/没那么简单,0.0
d:\-MindEcho-main\ml_dl_models\gtsinger_multitech\dataset\raw\Chinese\ZH-Alto-1\Vibrato\年轮\Vibrato_Group\0008.wav,1,0.682526,4.82,Chinese,ZH-Alto-1,年轮,Chinese/ZH-Alto-1/年轮,0.3
d:\-MindEcho-main\ml_dl_models\gtsinger_multitech\dataset\raw\Chinese\ZH-Alto-1\Mixed_Voice_and_Falsetto\可乐\Control_Group\0000.wav,0,0.214331,1.361,Chinese,ZH-Alto-1,可乐,Chinese/ZH-Alto-1/可乐,0.0
d:\-MindEcho-main\ml_dl_models\gtsinger_multitech\dataset\raw\French\FR-Soprano-1\Glissando\la fuite\Control_Group\0006.wav,1,0.483914,5.46,French,FR-Soprano-1,la fuite,French/FR-Soprano-1/la fuite,1.678
d:\-MindEcho-main\ml_dl_models\gtsinger_multitech\dataset\raw\Chinese\ZH-Alto-1\Mixed_Voice_and_Falsetto\烟花易冷\Falsetto_Group\0023.wav,0,0.325881,2.405,Chinese,ZH-Alto-1,烟花易冷,Chinese/ZH-Alto-1/烟花易冷,0.0
d:\-MindEcho-main\ml_dl_models\gtsinger_multitech\dataset\raw\Chinese\ZH-Tenor-1\Pharyngeal\我怀念的\Pharyngeal_Group\0012.wav,0,0.256003,1.61,Chinese,ZH-Tenor-1,我怀念的,Chinese/ZH-Tenor-1/我怀念的,0.0
d:\-MindEcho-main\ml_dl_models\gtsinger_multitech\dataset\raw\Chinese\ZH-Alto-1\Breathy\知足\Breathy_Group\0006.wav,0,0.164634,1.215,Chinese,ZH-Alto-1,知足,Chinese/ZH-Alto-1/知足,0.0
d:\-MindEcho-main\ml_dl_models\gtsinger_multitech\dataset\raw\Chinese\ZH-Alto-1\Pharyngeal\隐形的翅膀\Control_Group\0002.wav,0,0.637621,4.61,Chinese,ZH-Alto-1,隐形的翅膀,Chinese/ZH-Alto-1/隐形的翅膀,0.0
d:\-MindEcho-main\ml_dl_models\gtsinger_multitech\dataset\raw\Chinese\ZH-Tenor-1\Glissando\彩虹\Glissando_Group\0005.wav,1,0.697115,8.7,Chinese,ZH-Tenor-1,彩虹,Chinese/ZH-Tenor-1/彩虹,0.36
d:\-MindEcho-main\ml_dl_models\gtsinger_multitech\dataset\raw\French\FR-Soprano-1\Mixed_Voice_and_Falsetto\nos ballades\Falsetto_Group\0003.wav,0,0.440564,4.314,French,FR-Soprano-1,nos ballades,French/FR-Soprano-1/nos ballades,0.0
d:\-MindEcho-main\ml_dl_models\gtsinger_multitech\dataset\raw\French\FR-Soprano-1\Mixed_Voice_and_Falsetto\magic boul'vard\Control_Group\0002.wav,0,0.307194,4.838,French,FR-Soprano-1,magic boul'vard,French/FR-Soprano-1/magic boul'vard,0.0
d:\-MindEcho-main\ml_dl_models\gtsinger_multitech\dataset\raw\Chinese\ZH-Alto-1\Mixed_Voice_and_Falsetto\热雪\Control_Group\0000.wav,1,0.740025,5.935,Chinese,ZH-Alto-1,热雪,Chinese/ZH-Alto-1/热雪,1.47
d:\-MindEcho-main\ml_dl_models\gtsinger_multitech\dataset\raw\Chinese\ZH-Tenor-1\Mixed_Voice_and_Falsetto\老男孩\Control_Group\0017.wav,0,0.204545,1.287,Chinese,ZH-Tenor-1,老男孩,Chinese/ZH-Tenor-1/老男孩,0.0
d:\-MindEcho-main\ml_dl_models\gtsinger_multitech\dataset\raw\Chinese\ZH-Alto-1\Pharyngeal\逆光\Control_Group\0000.wav,0,0.221973,1.485,Chinese,ZH-Alto-1,逆光,Chinese/ZH-Alto-1/逆光,0.0
d:\-MindEcho-main\ml_dl_models\gtsinger_multitech\dataset\raw\Chinese\ZH-Tenor-1\Mixed_Voice_and_Falsetto\过火\Control_Group\0013.wav,0,0.479537,6.21,Chinese,ZH-Tenor-1,过火,Chinese/ZH-Tenor-1/过火,0.0
d:\-MindEcho-main\ml_dl_models\gtsinger_multitech\dataset\raw\Chinese\ZH-Alto-1\Glissando\温柔\Control_Group\0002.wav,0,0.25966,1.68,Chinese,ZH-Alto-1,温柔,Chinese/ZH-Alto-1/温柔,0.0
d:\-MindEcho-main\ml_dl_models\gtsinger_multitech\dataset\raw\Chinese\ZH-Tenor-1\Glissando\不染\Glissando_Group\0002.wav,0,0.221768,1.465,Chinese,ZH-Tenor-1,不染,Chinese/ZH-Tenor-1/不染,0.0
d:\-MindEcho-main\ml_dl_models\gtsinger_multitech\dataset\raw\Chinese\ZH-Tenor-1\Breathy\给电影人的情书\Breathy_Group\0001.wav,0,0.496413,3.53,Chinese,ZH-Tenor-1,给电影人的情书,Chinese/ZH-Tenor-1/给电影人的情书,0.0
d:\-MindEcho-main\ml_dl_models\gtsinger_multitech\dataset\raw\Chinese\ZH-Alto-1\Pharyngeal\崇拜\Control_Group\0011.wav,1,0.159519,1.525,Chinese,ZH-Alto-1,崇拜,Chinese/ZH-Alto-1/崇拜,0.29
d:\-MindEcho-main\ml_dl_models\gtsinger_multitech\dataset\raw\Chinese\ZH-Alto-1\Mixed_Voice_and_Falsetto\终于等到你\Control_Group\0005.wav,0,0.452591,3.232,Chinese,ZH-Alto-1,终于等到你,Chinese/ZH-Alto-1/终于等到你,0.0
d:\-MindEcho-main\ml_dl_models\gtsinger_multitech\dataset\raw\Chinese\ZH-Alto-1\Mixed_Voice_and_Falsetto\化身孤岛的鲸\Mixed_Voice_Group\0018.wav,1,0.232558,2.4,Chinese,ZH-Alto-1,化身孤岛的鲸,Chinese/ZH-Alto-1/化身孤岛的鲸,0.26
d:\-MindEcho-main\ml_dl_models\gtsinger_multitech\dataset\raw\French\FR-Soprano-1\Glissando\le jardin des roses\Control_Group\0001.wav,1,0.106342,1.284,French,FR-Soprano-1,le jardin des roses,French/FR-Soprano-1/le jardin des roses,0.497
d:\-MindEcho-main\ml_dl_models\gtsinger_multitech\dataset\raw\French\FR-Tenor-1\Glissando\o souverain\Control_Group\0012.wav,0,0.228401,2.07,French,FR-Tenor-1,o souverain,French/FR-Tenor-1/o souverain,0.0
d:\-MindEcho-main\ml_dl_models\gtsinger_multitech\dataset\raw\Chinese\ZH-Alto-1\Glissando\时间煮雨\Control_Group\0009.wav,1,0.788166,8.725,Chinese,ZH-Alto-1,时间煮雨,Chinese/ZH-Alto-1/时间煮雨,0.31
d:\-MindEcho-main\ml_dl_models\gtsinger_multitech\dataset\raw\Chinese\ZH-Tenor-1\Mixed_Voice_and_Falsetto\末班车\Mixed_Voice_Group\0008.wav,0,0.401031,5.253,Chinese,ZH-Tenor-1,末班车,Chinese/ZH-Tenor-1/末班车,0.0
d:\-MindEcho-main\ml_dl_models\gtsinger_multitech\dataset\raw\Chinese\ZH-Tenor-1\Mixed_Voice_and_Falsetto\全世界谁倾听你\Falsetto_Group\0014.wav,1,0.796407,5.32,Chinese,ZH-Tenor-1,全世界谁倾听你,Chinese/ZH-Tenor-1/全世界谁倾听你,0.3
d:\-MindEcho-main\ml_dl_models\gtsinger_multitech\dataset\raw\French\FR-Soprano-1\Mixed_Voice_and_Falsetto\magic boul'vard\Paired_Speech_Group\0011.wav,0,0.456408,2.628,French,FR-Soprano-1,magic boul'vard,French/FR-Soprano-1/magic boul'vard,0.0
d:\-MindEcho-main\ml_dl_models\gtsinger_multitech\dataset\raw\French\FR-Soprano-1\Breathy\2019\Breathy_Group\0001.wav,1,0.891077,10.642,French,FR-Soprano-1,2019,French/FR-Soprano-1/2019,0.751
d:\-MindEcho-main\ml_dl_models\gtsinger_multitech\dataset\raw\Chinese\ZH-Alto-1\Mixed_Voice_and_Falsetto\三寸天堂\Mixed_Voice_Group\0006.wav,0,0.209208,1.295,Chinese,ZH-Alto-1,三寸天堂,Chinese/ZH-Alto-1/三寸天堂,0.0
d:\-MindEcho-main\ml_dl_models\gtsinger_multitech\dataset\raw\Chinese\ZH-Tenor-1\Breathy\不染\Control_Group\0033.wav,1,0.482866,3.535,Chinese,ZH-Tenor-1,不染,Chinese/ZH-Tenor-1/不染,0.43
d:\-MindEcho-main\ml_dl_models\gtsinger_multitech\dataset\raw\Chinese\ZH-Alto-1\Pharyngeal\老男孩\Control_Group\0008.wav,0,0.196474,1.7,Chinese,ZH-Alto-1,老男孩,Chinese/ZH-Alto-1/老男孩,0.0
d:\-MindEcho-main\ml_dl_models\gtsinger_multitech\dataset\raw\French\FR-Soprano-1\Glissando\donnez-moi\Control_Group\0003.wav,1,0.728416,8.69,French,FR-Soprano-1,donnez-moi,French/FR-Soprano-1/donnez-moi,1.734
d:\-MindEcho-main\ml_dl_models\gtsinger_multitech\dataset\raw\Chinese\ZH-Tenor-1\Pharyngeal\最初的梦想\Control_Group\0017.wav,0,0.54881,4.61,Chinese,ZH-Tenor-1,最初的梦想,Chinese/ZH-Tenor-1/最初的梦想,0.0
d:\-MindEcho-main\ml_dl_models\gtsinger_multitech\dataset\raw\French\FR-Soprano-1\Mixed_Voice_and_Falsetto\mustang cabriolet\Falsetto_Group\0013.wav,0,0.347459,6.115,French,FR-Soprano-1,mustang cabriolet,French/FR-Soprano-1/mustang cabriolet,0.0
d:\-MindEcho-main\ml_dl_models\gtsinger_multitech\dataset\raw\French\FR-Soprano-1\Mixed_Voice_and_Falsetto\magic boul'vard\Control_Group\0011.wav,1,0.107717,1.636,French,FR-Soprano-1,magic boul'vard,French/FR-Soprano-1/magic boul'vard,0.11
d:\-MindEcho-main\ml_dl_models\gtsinger_multitech\dataset\raw\Chinese\ZH-Tenor-1\Mixed_Voice_and_Falsetto\情歌\Control_Group\0003.wav,1,0.755155,5.86,Chinese,ZH-Tenor-1,情歌,Chinese/ZH-Tenor-1/情歌,0.26
d:\-MindEcho-main\ml_dl_models\gtsinger_multitech\dataset\raw\Chinese\ZH-Tenor-1\Glissando\不染\Control_Group\0004.wav,0,0.225767,1.465,Chinese,ZH-Tenor-1,不染,Chinese/ZH-Tenor-1/不染,0.0
d:\-MindEcho-main\ml_dl_models\gtsinger_multitech\dataset\raw\French\FR-Soprano-1\Glissando\la fuite\Control_Group\0003.wav,1,0.391729,3.633,French,FR-Soprano-1,la fuite,French/FR-Soprano-1/la fuite,1.523
d:\-MindEcho-main\ml_dl_models\gtsinger_multitech\dataset\raw\French\FR-Tenor-1\Breathy\o souverain\Breathy_Group\0000.wav,1,0.582298,5.72,French,FR-Tenor-1,o souverain,French/FR-Tenor-1/o souverain,0.583
d:\-MindEcho-main\ml_dl_models\gtsinger_multitech\dataset\raw\French\FR-Soprano-1\Breathy\le balcon\Control_Group\0006.wav,1,0.410537,3.588,French,FR-Soprano-1,le balcon,French/FR-Soprano-1/le balcon,0.453
d:\-MindEcho-main\ml_dl_models\gtsinger_multitech\dataset\raw\Chinese\ZH-Alto-1\Mixed_Voice_and_Falsetto\青花瓷\Falsetto_Group\0007.wav,1,0.656731,6.83,Chinese,ZH-Alto-1,青花瓷,Chinese/ZH-Alto-1/青花瓷,0.38
d:\-MindEcho-main\ml_dl_models\gtsinger_multitech\dataset\raw\Chinese\ZH-Tenor-1\Mixed_Voice_and_Falsetto\失落沙洲\Falsetto_Group\0002.wav,0,0.584774,6.46,Chinese,ZH-Tenor-1,失落沙洲,Chinese/ZH-Tenor-1/失落沙洲,0.0
d:\-MindEcho-main\ml_dl_models\gtsinger_multitech\dataset\raw\Chinese\ZH-Alto-1\Mixed_Voice_and_Falsetto\知足\Control_Group\0005.wav,0,0.246059,1.498,Chinese,ZH-Alto-1,知足,Chinese/ZH-Alto-1/知足,0.0
d:\-MindEcho-main\ml_dl_models\gtsinger_multitech\dataset\raw\Chinese\ZH-Tenor-1\Mixed_Voice_and_Falsetto\江南\Falsetto_Group\0001.wav,0,0.203463,1.41,Chinese,ZH-Tenor-1,江南,Chinese/ZH-Tenor-1/江南,0.0
d:\-MindEcho-main\ml_dl_models\gtsinger_multitech\dataset\raw\French\FR-Soprano-1\Mixed_Voice_and_Falsetto\la gloire a mes genoux\Mixed_Voice_Group\0001.wav,0,0.350843,3.183,French,FR-Soprano-1,la gloire a mes genoux,French/FR-Soprano-1/la gloire a mes genoux,0.0
d:\-MindEcho-main\ml_dl_models\gtsinger_multitech\dataset\raw\Chinese\ZH-Tenor-1\Vibrato\水星记\Vibrato_Group\0007.wav,0,0.569046,7.335,Chinese,ZH-Tenor-1,水星记,Chinese/ZH-Tenor-1/水星记,0.0
d:\-MindEcho-main\ml_dl_models\gtsinger_multitech\dataset\raw\Chinese\ZH-Alto-1\Breathy\不再见\Control_Group\0009.wav,1,0.498741,3.96,Chinese,ZH-Alto-1,不再见,Chinese/ZH-Alto-1/不再见,0.36
d:\-MindEcho-main\ml_dl_models\gtsinger_multitech\dataset\raw\Chinese\ZH-Tenor-1\Mixed_Voice_and_Falsetto\枫\Falsetto_Group\0007.wav,0,0.616502,4.625,Chinese,ZH-Tenor-1,枫,Chinese/ZH-Tenor-1/枫,0.0
d:\-MindEcho-main\ml_dl_models\gtsinger_multitech\dataset\raw\Chinese\ZH-Tenor-1\Mixed_Voice_and_Falsetto\终于等到你\Mixed_Voice_Group\0010.wav,0,0.603371,3.759,Chinese,ZH-Tenor-1,终于等到你,Chinese/ZH-Tenor-1/终于等到你,0.0
d:\-MindEcho-main\ml_dl_models\gtsinger_multitech\dataset\raw\Chinese\ZH-Tenor-1\Glissando\彩虹\Glissando_Group\0008.wav,0,0.431981,5.43,Chinese,ZH-Tenor-1,彩虹,Chinese/ZH-Tenor-1/彩虹,0.0
d:\-MindEcho-main\ml_dl_models\gtsinger_multitech\dataset\raw\Chinese\ZH-Alto-1\Mixed_Voice_and_Falsetto\终于等到你\Falsetto_Group\0006.wav,0,0.49671,3.925,Chinese,ZH-Alto-1,终于等到你,Chinese/ZH-Alto-1/终于等到你,0.0
d:\-MindEcho-main\ml_dl_models\gtsinger_multitech\dataset\raw\French\FR-Soprano-1\Mixed_Voice_and_Falsetto\chez moi\Falsetto_Group\0005.wav,1,0.444202,6.646,French,FR-Soprano-1,chez moi,French/FR-Soprano-1/chez moi,0.706
d:\-MindEcho-main\ml_dl_models\gtsinger_multitech\dataset\raw\Chinese\ZH-Alto-1\Mixed_Voice_and_Falsetto\烟花易冷\Mixed_Voice_Group\0016.wav,0,0.489146,3.38,Chinese,ZH-Alto-1,烟花易冷,Chinese/ZH-Alto-1/烟花易冷,0.0
d:\-MindEcho-main\ml_dl_models\gtsinger_multitech\dataset\raw\Chinese\ZH-Alto-1\Pharyngeal\老男孩\Control_Group\0008.wav,0,0.56763,4.91,Chinese,ZH-Alto-1,老男孩,Chinese/ZH-Alto-1/老男孩,0.0
d:\-MindEcho-main\ml_dl_models\gtsinger_multitech\dataset\raw\Chinese\ZH-Tenor-1\Mixed_Voice_and_Falsetto\终于等到你\Control_Group\0011.wav,0,0.586006,4.02,Chinese,ZH-Tenor-1,终于等到你,Chinese/ZH-Tenor-1/终于等到你,0.0
d:\-MindEcho-main\ml_dl_models\gtsinger_multitech\dataset\raw\French\FR-Soprano-1\Mixed_Voice_and_Falsetto\violet snow\Falsetto_Group\0010.wav,0,0.194349,1.812,French,FR-Soprano-1,violet snow,French/FR-Soprano-1/violet snow,0.0
d:\-MindEcho-main\ml_dl_models\gtsinger_multitech\dataset\raw\Chinese\ZH-Tenor-1\Vibrato\残酷月光\Vibrato_Group\0005.wav,0,0.669459,5.195,Chinese,ZH-Tenor-1,残酷月光,Chinese/ZH-Tenor-1/残酷月光,0.0
d:\-MindEcho-main\ml_dl_models\gtsinger_multitech\dataset\raw\French\FR-Soprano-1\Glissando\dingdong\Glissando_Group\0005.wav,0,0.155532,1.441,French,FR-Soprano-1,dingdong,French/FR-Soprano-1/dingdong,0.0
d:\-MindEcho-main\ml_dl_models\gtsinger_multitech\dataset\raw\Chinese\ZH-Alto-1\Mixed_Voice_and_Falsetto\鸽子\Mixed_Voice_Group\0001.wav,0,0.533081,4.7,Chinese,ZH-Alto-1,鸽子,Chinese/ZH-Alto-1/鸽子,0.0
d:\-MindEcho-main\ml_dl_models\gtsinger_multitech\dataset\raw\Chinese\ZH-Tenor-1\Mixed_Voice_and_Falsetto\老男孩\Mixed_Voice_Group\0003.wav,0,0.486378,3.035,Chinese,ZH-Tenor-1,老男孩,Chinese/ZH-Tenor-1/老男孩,0.0
d:\-MindEcho-main\ml_dl_models\gtsinger_multitech\dataset\raw\Chinese\ZH-Alto-1\Mixed_Voice_and_Falsetto\演员\Mixed_Voice_Group\0012.wav,1,0.478261,5.06,Chinese,ZH-Alto-1,演员,Chinese/ZH-Alto-1/演员,0.568
d:\-MindEcho-main\ml_dl_models\gtsinger_multitech\dataset\raw\Chinese\ZH-Tenor-1\Glissando\倒带\Glissando_Group\0012.wav,0,0.156794,1.44,Chinese,ZH-Tenor-1,倒带,Chinese/ZH-Tenor-1/倒带,0.0
d:\-MindEcho-main\ml_dl_models\gtsinger_multitech\dataset\raw\Chinese\ZH-Alto-1\Mixed_Voice_and_Falsetto\老男孩\Mixed_Voice_Group\0015.wav,0,0.429772,3.399,Chinese,ZH-Alto-1,老男孩,Chinese/ZH-Alto-1/老男孩,0.0
d:\-MindEcho-main\ml_dl_models\gtsinger_multitech\dataset\raw\Chinese\ZH-Tenor-1\Mixed_Voice_and_Falsetto\全世界谁倾听你\Mixed_Voice_Group\0000.wav,1,0.494295,4.765,Chinese,ZH-Tenor-1,全世界谁倾听你,Chinese/ZH-Tenor-1/全世界谁倾听你,0.73
d:\-MindEcho-main\ml_dl_models\gtsinger_multitech\dataset\raw\Chinese\ZH-Tenor-1\Vibrato\末班车\Vibrato_Group\0006.wav,0,0.600969,3.72,Chinese,ZH-Tenor-1,末班车,Chinese/ZH-Tenor-1/末班车,0.0
d:\-MindEcho-main\ml_dl_models\gtsinger_multitech\dataset\raw\French\FR-Tenor-1\Mixed_Voice_and_Falsetto\Les Marionnettes\Control_Group\0003.wav,0,0.133088,1.558,French,FR-Tenor-1,Les Marionnettes,French/FR-Tenor-1/Les Marionnettes,0.0
d:\-MindEcho-main\ml_dl_models\gtsinger_multitech\dataset\raw\Chinese\ZH-Tenor-1\Mixed_Voice_and_Falsetto\青花瓷\Control_Group\0016.wav,0,0.421583,2.93,Chinese,ZH-Tenor-1,青花瓷,Chinese/ZH-Tenor-1/青花瓷,0.0
d:\-MindEcho-main\ml_dl_models\gtsinger_multitech\dataset\raw\Chinese\ZH-Tenor-1\Pharyngeal\我怀念的\Pharyngeal_Group\0000.wav,0,0.649622,4.3,Chinese,ZH-Tenor-1,我怀念的,Chinese/ZH-Tenor-1/我怀念的,0.0
d:\-MindEcho-main\ml_dl_models\gtsinger_multitech\dataset\raw\Chinese\ZH-Tenor-1\Glissando\空白格\Control_Group\0007.wav,0,0.212784,1.285,Chinese,ZH-Tenor-1,空白格,Chinese/ZH-Tenor-1/空白格,0.0
d:\-MindEcho-main\ml_dl_models\gtsinger_multitech\dataset\raw\French\FR-Soprano-1\Mixed_Voice_and_Falsetto\la vaguelette\Control_Group\0001.wav,0,0.245585,2.726,French,FR-Soprano-1,la vaguelette,French/FR-Soprano-1/la vaguelette,0.0
d:\-MindEcho-main\ml_dl_models\gtsinger_multitech\dataset\raw\French\FR-Tenor-1\Breathy\avant\Breathy_Group\0005.wav,0,0.618936,8.42,French,FR-Tenor-1,avant,French/FR-Tenor-1/avant,0.0
d:\-MindEcho-main\ml_dl_models\gtsinger_multitech\dataset\raw\Chinese\ZH-Alto-1\Breathy\默\Breathy_Group\0003.wav,0,0.265896,1.84,Chinese,ZH-Alto-1,默,Chinese/ZH-Alto-1/默,0.0
d:\-MindEcho-main\ml_dl_models\gtsinger_multitech\dataset\raw\French\FR-Soprano-1\Mixed_Voice_and_Falsetto\le dernier train\Falsetto_Group\0002.wav,1,0.227447,2.556,French,FR-Soprano-1,le dernier train,French/FR-Soprano-1/le dernier train,0.191
d:\-MindEcho-main\ml_dl_models\gtsinger_multitech\dataset\raw\Chinese\ZH-Tenor-1\Mixed_Voice_and_Falsetto\走着走着就散了\Falsetto_Group\0001.wav,0,0.147651,1.32,Chinese,ZH-Tenor-1,走着走着就散了,Chinese/ZH-Tenor-1/走着走着就散了,0.0
d:\-MindEcho-main\ml_dl_models\gtsinger_multitech\dataset\raw\Chinese\ZH-Alto-1\Vibrato\我真的受伤了\Control_Group\0002.wav,1,0.519231,3.51,Chinese,ZH-Alto-1,我真的受伤了,Chinese/ZH-Alto-1/我真的受伤了,0.62
d:\-MindEcho-main\ml_dl_models\gtsinger_multitech\dataset\raw\Chinese\ZH-Tenor-1\Pharyngeal\最初的梦想\Pharyngeal_Group\0000.wav,1,0.767426,5.725,Chinese,ZH-Tenor-1,最初的梦想,Chinese/ZH-Tenor-1/最初的梦想,0.39
d:\-MindEcho-main\ml_dl_models\gtsinger_multitech\dataset\raw\French\FR-Tenor-1\Breathy\Lafleur\Breathy_Group\0002.wav,0,0.107625,1.667,French,FR-Tenor-1,Lafleur,French/FR-Tenor-1/Lafleur,0.0
d:\-MindEcho-main\ml_dl_models\gtsinger_multitech\dataset\raw\Chinese\ZH-Tenor-1\Mixed_Voice_and_Falsetto\想自由\Falsetto_Group\0002.wav,0,0.494494,3.234,Chinese,ZH-Tenor-1,想自由,Chinese/ZH-Tenor-1/想自由,0.0
d:\-MindEcho-main\ml_dl_models\gtsinger_multitech\dataset\raw\Chinese\ZH-Tenor-1\Breathy\和你一样\Breathy_Group\0000.wav,1,0.502281,5.505,Chinese,ZH-Tenor-1,和你一样,Chinese/ZH-Tenor-1/和你一样,0.43
d:\-MindEcho-main\ml_dl_models\gtsinger_multitech\dataset\raw\Chinese\ZH-Tenor-1\Vibrato\水星记\Control_Group\0019.wav,1,0.493497,3.415,Chinese,ZH-Tenor-1,水星记,Chinese/ZH-Tenor-1/水星记,0.41
d:\-MindEcho-main\ml_dl_models\gtsinger_multitech\dataset\raw\Chinese\ZH-Tenor-1\Pharyngeal\情歌\Control_Group\0008.wav,1,0.276875,2.401,Chinese,ZH-Tenor-1,情歌,Chinese/ZH-Tenor-1/情歌,0.319
d:\-MindEcho-main\ml_dl_models\gtsinger_multitech\dataset\raw\French\FR-Soprano-1\Breathy\les passagers du vent\Breathy_Group\0010.wav,0,0.16425,2.436,French,FR-Soprano-1,les passagers du vent,French/FR-Soprano-1/les passagers du vent,0.0
d:\-MindEcho-main\ml_dl_models\gtsinger_multitech\dataset\raw\Chinese\ZH-Tenor-1\Pharyngeal\逆光\Pharyngeal_Group\0000.wav,1,0.427857,2.995,Chinese,ZH-Tenor-1,逆光,Chinese/ZH-Tenor-1/逆光,0.19
d:\-MindEcho-main\ml_dl_models\gtsinger_multitech\dataset\raw\Chinese\ZH-Tenor-1\Vibrato\水星记\Vibrato_Group\0025.wav,0,0.459423,4.795,Chinese,ZH-Tenor-1,水星记,Chinese/ZH-Tenor-1/水星记,0.0
d:\-MindEcho-main\ml_dl_models\gtsinger_multitech\dataset\raw\French\FR-Soprano-1\Breathy\2019\Control_Group\0002.wav,1,0.251721,3.292,French,FR-Soprano-1,2019,French/FR-Soprano-1/2019,0.781
d:\-MindEcho-main\ml_dl_models\gtsinger_multitech\dataset\raw\French\FR-Soprano-1\Breathy\soleil solleil\Paired_Speech_Group\0000.wav,0,0.356009,1.3,French,FR-Soprano-1,soleil solleil,French/FR-Soprano-1/soleil solleil,0.0
d:\-MindEcho-main\ml_dl_models\gtsinger_multitech\dataset\raw\Chinese\ZH-Alto-1\Mixed_Voice_and_Falsetto\给电影人的情书\Falsetto_Group\0001.wav,1,0.695181,5.77,Chinese,ZH-Alto-1,给电影人的情书,Chinese/ZH-Alto-1/给电影人的情书,0.36
d:\-MindEcho-main\ml_dl_models\gtsinger_multitech\dataset\raw\French\FR-Soprano-1\Mixed_Voice_and_Falsetto\lentement\Control_Group\0007.wav,1,0.629339,5.328,French,FR-Soprano-1,lentement,French/FR-Soprano-1/lentement,3.514
d:\-MindEcho-main\ml_dl_models\gtsinger_multitech\dataset\raw\French\FR-Tenor-1\Breathy\manon\Breathy_Group\0009.wav,1,0.881785,10.066,French,FR-Tenor-1,manon,French/FR-Tenor-1/manon,0.17
d:\-MindEcho-main\ml_dl_models\gtsinger_multitech\dataset\raw\Chinese\ZH-Alto-1\Glissando\温柔\Control_Group\0011.wav,0,0.15748,1.2,Chinese,ZH-Alto-1,温柔,Chinese/ZH-Alto-1/温柔,0.0
d:\-MindEcho-main\ml_dl_models\gtsinger_multitech\dataset\raw\Chinese\ZH-Tenor-1\Pharyngeal\南山南\Control_Group\0005.wav,1,0.486652,3.373,Chinese,ZH-Tenor-1,南山南,Chinese/ZH-Tenor-1/南山南,0.575
d:\-MindEcho-main\ml_dl_models\gtsinger_multitech\dataset\raw\Chinese\ZH-Alto-1\Vibrato\年轮\Vibrato_Group\0010.wav,1,0.661218,4.45,Chinese,ZH-Alto-1,年轮,Chinese/ZH-Alto-1/年轮,0.4
d:\-MindEcho-main\ml_dl_models\gtsinger_multitech\dataset\raw\French\FR-Tenor-1\Glissando\manon\Control_Group\0002.wav,1,0.807823,7.848,French,FR-Tenor-1,manon,French/FR-Tenor-1/manon,0.692
d:\-MindEcho-main\ml_dl_models\gtsinger_multitech\dataset\raw\Chinese\ZH-Alto-1\Mixed_Voice_and_Falsetto\匆匆那年\Falsetto_Group\0018.wav,0,0.130144,1.265,Chinese,ZH-Alto-1,匆匆那年,Chinese/ZH-Alto-1/匆匆那年,0.0
d:\-MindEcho-main\ml_dl_models\gtsinger_multitech\dataset\raw\French\FR-Soprano-1\Mixed_Voice_and_Falsetto\vivre a en crever\Mixed_Voice_Group\0007.wav,1,0.862354,8.512,French,FR-Soprano-1,vivre a en crever,French/FR-Soprano-1/vivre a en crever,0.412
d:\-MindEcho-main\ml_dl_models\gtsinger_multitech\dataset\raw\French\FR-Soprano-1\Breathy\la chanson de la mer\Breathy_Group\0004.wav,0,0.531077,6.365,French,FR-Soprano-1,la chanson de la mer,French/FR-Soprano-1/la chanson de la mer,0.0
d:\-MindEcho-main\ml_dl_models\gtsinger_multitech\dataset\raw\Chinese\ZH-Tenor-1\Breathy\会呼吸的痛\Breathy_Group\0017.wav,1,0.402673,4.82,Chinese,ZH-Tenor-1,会呼吸的痛,Chinese/ZH-Tenor-1/会呼吸的痛,0.36
d:\-MindEcho-main\ml_dl_models\gtsinger_multitech\dataset\raw\Chinese\ZH-Tenor-1\Mixed_Voice_and_Falsetto\终于等到你\Control_Group\0005.wav,0,0.18323,1.24,Chinese,ZH-Tenor-1,终于等到你,Chinese/ZH-Tenor-1/终于等到你,0.0
d:\-MindEcho-main\ml_dl_models\gtsinger_multitech\dataset\raw\French\FR-Soprano-1\Mixed_Voice_and_Falsetto\chez moi\Mixed_Voice_Group\0002.wav,1,0.667933,5.809,French,FR-Soprano-1,chez moi,French/FR-Soprano-1/chez moi,1.87
d:\-MindEcho-main\ml_dl_models\gtsinger_multitech\dataset\raw\Chinese\ZH-Alto-1\Mixed_Voice_and_Falsetto\老男孩\Control_Group\0020.wav,1,0.585714,4.51,Chinese,ZH-Alto-1,老男孩,Chinese/ZH-Alto-1/老男孩,0.34
d:\-MindEcho-main\ml_dl_models\gtsinger_multitech\dataset\raw\French\FR-Soprano-1\Mixed_Voice_and_Falsetto\mustang cabriolet\Paired_Speech_Group\0003.wav,0,0.217022,1.818,French,FR-Soprano-1,mustang cabriolet,French/FR-Soprano-1/mustang cabriolet,0.0
d:\-MindEcho-main\ml_dl_models\gtsinger_multitech\dataset\raw\French\FR-Tenor-1\Breathy\Les Marionnettes\Breathy_Group\0003.wav,1,0.916333,13.893,French,FR-Tenor-1,Les Marionnettes,French/FR-Tenor-1/Les Marionnettes,0.901
d:\-MindEcho-main\ml_dl_models\gtsinger_multitech\dataset\raw\French\FR-Soprano-1\Pharyngeal\ce train qui s'en va\Control_Group\0001.wav,0,0.605717,6.325,French,FR-Soprano-1,ce train qui s'en va,French/FR-Soprano-1/ce train qui s'en va,0.0
d:\-MindEcho-main\ml_dl_models\gtsinger_multitech\dataset\raw\Chinese\ZH-Tenor-1\Mixed_Voice_and_Falsetto\青花瓷\Control_Group\0020.wav,0,0.524961,3.365,Chinese,ZH-Tenor-1,青花瓷,Chinese/ZH-Tenor-1/青花瓷,0.0
d:\-MindEcho-main\ml_dl_models\gtsinger_multitech\dataset\raw\Chinese\ZH-Tenor-1\Mixed_Voice_and_Falsetto\一次就好\Falsetto_Group\0007.wav,0,0.439658,4.634,Chinese,ZH-Tenor-1,一次就好,Chinese/ZH-Tenor-1/一次就好,0.0
d:\-MindEcho-main\ml_dl_models\gtsinger_multitech\dataset\raw\Chinese\ZH-Tenor-1\Mixed_Voice_and_Falsetto\讲真的\Falsetto_Group\0018.wav,1,0.555617,5.045,Chinese,ZH-Tenor-1,讲真的,Chinese/ZH-Tenor-1/讲真的,0.45
d:\-MindEcho-main\ml_dl_models\gtsinger_multitech\dataset\raw\French\FR-Soprano-1\Mixed_Voice_and_Falsetto\la gloire a mes genoux\Control_Group\0001.wav,1,0.604823,5.744,French,FR-Soprano-1,la gloire a mes genoux,French/FR-Soprano-1/la gloire a mes genoux,0.12
d:\-MindEcho-main\ml_dl_models\gtsinger_multitech\dataset\raw\Chinese\ZH-Tenor-1\Mixed_Voice_and_Falsetto\情歌\Mixed_Voice_Group\0005.wav,1,0.416908,2.86,Chinese,ZH-Tenor-1,情歌,Chinese/ZH-Tenor-1/情歌,0.24
d:\-MindEcho-main\ml_dl_models\gtsinger_multitech\dataset\raw\Chinese\ZH-Alto-1\Breathy\最长的电影\Breathy_Group\0005.wav,0,0.584401,4.57,Chinese,ZH-Alto-1,最长的电影,Chinese/ZH-Alto-1/最长的电影,0.0
d:\-MindEcho-main\ml_dl_models\gtsinger_multitech\dataset\raw\Chinese\ZH-Alto-1\Pharyngeal\你就不要想起我\Pharyngeal_Group\0008.wav,0,0.509962,6.45,Chinese,ZH-Alto-1,你就不要想起我,Chinese/ZH-Alto-1/你就不要想起我,0.0
d:\-MindEcho-main\ml_dl_models\gtsinger_multitech\dataset\raw\French\FR-Tenor-1\Glissando\ouvre\Glissando_Group\0007.wav,1,0.198984,2.545,French,FR-Tenor-1,ouvre,French/FR-Tenor-1/ouvre,0.2
d:\-MindEcho-main\ml_dl_models\gtsinger_multitech\dataset\raw\Chinese\ZH-Tenor-1\Mixed_Voice_and_Falsetto\末班车\Mixed_Voice_Group\0008.wav,1,0.466795,6.115,Chinese,ZH-Tenor-1,末班车,Chinese/ZH-Tenor-1/末班车,0.45
d:\-MindEcho-main\ml_dl_models\gtsinger_multitech\dataset\raw\Chinese\ZH-Alto-1\Vibrato\好久不见\Vibrato_Group\0009.wav,0,0.605608,5.574,Chinese,ZH-Alto-1,好久不见,Chinese/ZH-Alto-1/好久不见,0.0
d:\-MindEcho-main\ml_dl_models\gtsinger_multitech\dataset\raw\Chinese\ZH-Tenor-1\Vibrato\知足\Vibrato_Group\0000.wav,1,0.504355,5.79,Chinese,ZH-Tenor-1,知足,Chinese/ZH-Tenor-1/知足,0.5
d:\-MindEcho-main\ml_dl_models\gtsinger_multitech\dataset\raw\Chinese\ZH-Alto-1\Mixed_Voice_and_Falsetto\演员\Control_Group\0000.wav,0,0.229465,1.76,Chinese,ZH-Alto-1,演员,Chinese/ZH-Alto-1/演员,0.0
d:\-MindEcho-main\ml_dl_models\gtsinger_multitech\dataset\raw\Chinese\ZH-Alto-1\Mixed_Voice_and_Falsetto\演员\Control_Group\0000.wav,1,0.407432,3.125,Chinese,ZH-Alto-1,演员,Chinese/ZH-Alto-1/演员,0.77
d:\-MindEcho-main\ml_dl_models\gtsinger_multitech\dataset\raw\French\FR-Tenor-1\Breathy\avant\Breathy_Group\0001.wav,1,0.565882,10.179,French,FR-Tenor-1,avant,French/FR-Tenor-1/avant,0.606
d:\-MindEcho-main\ml_dl_models\gtsinger_multitech\dataset\raw\Chinese\ZH-Alto-1\Breathy\可乐\Breathy_Group\0007.wav,0,0.471467,3.47,Chinese,ZH-Alto-1,可乐,Chinese/ZH-Alto-1/可乐,0.0
d:\-MindEcho-main\ml_dl_models\gtsinger_multitech\dataset\raw\French\FR-Soprano-1\Breathy\soleil solleil\Control_Group\0009.wav,0,0.430271,4.702,French,FR-Soprano-1,soleil solleil,French/FR-Soprano-1/soleil solleil,0.0
d:\-MindEcho-main\ml_dl_models\gtsinger_multitech\dataset\raw\Chinese\ZH-Tenor-1\Vibrato\我真的受伤了\Control_Group\0000.wav,1,0.25953,3.05,Chinese,ZH-Tenor-1,我真的受伤了,Chinese/ZH-Tenor-1/我真的受伤了,0.82
d:\-MindEcho-main\ml_dl_models\gtsinger_multitech\dataset\raw\Chinese\ZH-Tenor-1\Mixed_Voice_and_Falsetto\青花瓷\Control_Group\0004.wav,0,0.152019,1.28,Chinese,ZH-Tenor-1,青花瓷,Chinese/ZH-Tenor-1/青花瓷,0.0
d:\-MindEcho-main\ml_dl_models\gtsinger_multitech\dataset\raw\Chinese\ZH-Tenor-1\Mixed_Voice_and_Falsetto\想自由\Falsetto_Group\0007.wav,0,0.644637,5.95,Chinese,ZH-Tenor-1,想自由,Chinese/ZH-Tenor-1/想自由,0.0
d:\-MindEcho-main\ml_dl_models\gtsinger_multitech\dataset\raw\Chinese\ZH-Tenor-1\Mixed_Voice_and_Falsetto\走着走着就散了\Falsetto_Group\0013.wav,1,0.412878,3.36,Chinese,ZH-Tenor-1,走着走着就散了,Chinese/ZH-Tenor-1/走着走着就散了,0.42
d:\-MindEcho-main\ml_dl_models\gtsinger_multitech\dataset\raw\Chinese\ZH-Alto-1\Breathy\越过山丘\Control_Group\0008.wav,1,0.541245,3.74,Chinese,ZH-Alto-1,越过山丘,Chinese/ZH-Alto-1/越过山丘,0.62
d:\-MindEcho-main\ml_dl_models\gtsinger_multitech\dataset\raw\Chinese\ZH-Tenor-1\Mixed_Voice_and_Falsetto\一次就好\Control_Group\0009.wav,1,0.417895,3.97,Chinese,ZH-Tenor-1,一次就好,Chinese/ZH-Tenor-1/一次就好,0.5
d:\-MindEcho-main\ml_dl_models\gtsinger_multitech\dataset\raw\Chinese\ZH-Tenor-1\Mixed_Voice_and_Falsetto\终于等到你\Control_Group\0011.wav,1,0.509475,3.495,Chinese,ZH-Tenor-1,终于等到你,Chinese/ZH-Tenor-1/终于等到你,0.35
d:\-MindEcho-main\ml_dl_models\gtsinger_multitech\dataset\raw\German\DE-Soprano-1\Breathy\Danke\Breathy_Group\0003.wav,0,0.116701,1.225,German,DE-Soprano-1,Danke,German/DE-Soprano-1/Danke,0.0
d:\-MindEcho-main\ml_dl_models\gtsinger_multitech\dataset\raw\Chinese\ZH-Alto-1\Mixed_Voice_and_Falsetto\可乐\Control_Group\0005.wav,1,0.347458,2.665,Chinese,ZH-Alto-1,可乐,Chinese/ZH-Alto-1/可乐,0.31
d:\-MindEcho-main\ml_dl_models\gtsinger_multitech\dataset\raw\Chinese\ZH-Alto-1\Mixed_Voice_and_Falsetto\桃花诺\Control_Group\0008.wav,0,0.16687,1.365,Chinese,ZH-Alto-1,桃花诺,Chinese/ZH-Alto-1/桃花诺,0.0
d:\-MindEcho-main\ml_dl_models\gtsinger_multitech\dataset\raw\Chinese\ZH-Tenor-1\Glissando\倒带\Glissando_Group\0018.wav,0,0.206994,1.494,Chinese,ZH-Tenor-1,倒带,Chinese/ZH-Tenor-1/倒带,0.0
d:\-MindEcho-main\ml_dl_models\gtsinger_multitech\dataset\raw\French\FR-Soprano-1\Vibrato\adieu mon homme\Vibrato_Group\0002.wav,1,0.433195,4.357,French,FR-Soprano-1,adieu mon homme,French/FR-Soprano-1/adieu mon homme,0.331
d:\-MindEcho-main\ml_dl_models\gtsinger_multitech\dataset\raw\Chinese\ZH-Tenor-1\Mixed_Voice_and_Falsetto\过火\Control_Group\0016.wav,0,0.544075,3.765,Chinese,ZH-Tenor-1,过火,Chinese/ZH-Tenor-1/过火,0.0
d:\-MindEcho-main\ml_dl_models\gtsinger_multitech\dataset\raw\Chinese\ZH-Alto-1\Mixed_Voice_and_Falsetto\后来\Control_Group\0001.wav,0,0.44892,2.909,Chinese,ZH-Alto-1,后来,Chinese/ZH-Alto-1/后来,0.0
d:\-MindEcho-main\ml_dl_models\gtsinger_multitech\dataset\raw\Chinese\ZH-Alto-1\Vibrato\南山南\Vibrato_Group\0000.wav,0,0.223975,1.42,Chinese,ZH-Alto-1,南山南,Chinese/ZH-Alto-1/南山南,0.0
d:\-MindEcho-main\ml_dl_models\gtsinger_multitech\dataset\raw\Chinese\ZH-Alto-1\Mixed_Voice_and_Falsetto\演员\Falsetto_Group\0005.wav,0,0.118581,1.27,Chinese,ZH-Alto-1,演员,Chinese/ZH-Alto-1/演员,0.0
d:\-MindEcho-main\ml_dl_models\gtsinger_multitech\dataset\raw\Chinese\ZH-Tenor-1\Mixed_Voice_and_Falsetto\后来\Mixed_Voice_Group\0000.wav,0,0.564581,4.24,Chinese,ZH-Tenor-1,后来,Chinese/ZH-Tenor-1/后来,0.0
d:\-MindEcho-main\ml_dl_models\gtsinger_multitech\dataset\raw\Chinese\ZH-Alto-1\Vibrato\不再见\Vibrato_Group\0009.wav,1,0.33724,2.59,Chinese,ZH-Alto-1,不再见,Chinese/ZH-Alto-1/不再见,0.38
d:\-MindEcho-main\ml_dl_models\gtsinger_multitech\dataset\raw\Chinese\ZH-Tenor-1\Vibrato\我真的受伤了\Control_Group\0009.wav,0,0.428304,4.715,Chinese,ZH-Tenor-1,我真的受伤了,Chinese/ZH-Tenor-1/我真的受伤了,0.0
d:\-MindEcho-main\ml_dl_models\gtsinger_multitech\dataset\raw\French\FR-Soprano-1\Mixed_Voice_and_Falsetto\vivre a en crever\Mixed_Voice_Group\0003.wav,0,0.30415,2.301,French,FR-Soprano-1,vivre a en crever,French/FR-Soprano-1/vivre a en crever,0.0
d:\-MindEcho-main\ml_dl_models\gtsinger_multitech\dataset\raw\Chinese\ZH-Tenor-1\Breathy\传奇\Breathy_Group\0005.wav,0,0.176437,1.505,Chinese,ZH-Tenor-1,传奇,Chinese/ZH-Tenor-1/传奇,0.0
d:\-MindEcho-main\ml_dl_models\gtsinger_multitech\dataset\raw\Chinese\ZH-Alto-1\Mixed_Voice_and_Falsetto\青花瓷\Control_Group\0001.wav,0,0.173335,1.525,Chinese,ZH-Alto-1,青花瓷,Chinese/ZH-Alto-1/青花瓷,0.0
d:\-MindEcho-main\ml_dl_models\gtsinger_multitech\dataset\raw\Chinese\ZH-Alto-1\Mixed_Voice_and_Falsetto\时间煮雨\Control_Group\0004.wav,0,0.467085,2.98,Chinese,ZH-Alto-1,时间煮雨,Chinese/ZH-Alto-1/时间煮雨,0.0
d:\-MindEcho-main\ml_dl_models\gtsinger_multitech\dataset\raw\French\FR-Soprano-1\Mixed_Voice_and_Falsetto\magic boul'vard\Control_Group\0001.wav,1,0.882641,10.07,French,FR-Soprano-1,magic boul'vard,French/FR-Soprano-1/magic boul'vard,0.31
d:\-MindEcho-main\ml_dl_models\gtsinger_multitech\dataset\raw\Chinese\ZH-Alto-1\Vibrato\年轮\Control_Group\0005.wav,0,0.168031,1.4,Chinese,ZH-Alto-1,年轮,Chinese/ZH-Alto-1/年轮,0.0
d:\-MindEcho-main\ml_dl_models\gtsinger_multitech\dataset\raw\Chinese\ZH-Tenor-1\Glissando\十年\Control_Group\0005.wav,1,0.560206,3.815,Chinese,ZH-Tenor-1,十年,Chinese/ZH-Tenor-1/十年,0.55
d:\-MindEcho-main\ml_dl_models\gtsinger_multitech\dataset\raw\French\FR-Soprano-1\Mixed_Voice_and_Falsetto\violet snow\Mixed_Voice_Group\0010.wav,1,0.866652,8.78,French,FR-Soprano-1,violet snow,French/FR-Soprano-1/violet snow,0.439
d:\-MindEcho-main\ml_dl_models\gtsinger_multitech\dataset\raw\Chinese\ZH-Tenor-1\Mixed_Voice_and_Falsetto\后来\Falsetto_Group\0001.wav,1,0.666981,10.565,Chinese,ZH-Tenor-1,后来,Chinese/ZH-Tenor-1/后来,0.59
d:\-MindEcho-main\ml_dl_models\gtsinger_multitech\dataset\raw\Chinese\ZH-Alto-1\Mixed_Voice_and_Falsetto\三寸天堂\Falsetto_Group\0009.wav,1,0.291806,1.745,Chinese,ZH-Alto-1,三寸天堂,Chinese/ZH-Alto-1/三寸天堂,0.41
d:\-MindEcho-main\ml_dl_models\gtsinger_multitech\dataset\raw\French\FR-Soprano-1\Pharyngeal\comment dire\Control_Group\0001.wav,1,0.365973,3.061,French,FR-Soprano-1,comment dire,French/FR-Soprano-1/comment dire,0.34
d:\-MindEcho-main\ml_dl_models\gtsinger_multitech\dataset\raw\Chinese\ZH-Tenor-1\Breathy\化身孤岛的鲸\Breathy_Group\0012.wav,0,0.201023,1.375,Chinese,ZH-Tenor-1,化身孤岛的鲸,Chinese/ZH-Tenor-1/化身孤岛的鲸,0.0
d:\-MindEcho-main\ml_dl_models\gtsinger_multitech\dataset\raw\Chinese\ZH-Tenor-1\Mixed_Voice_and_Falsetto\后来\Falsetto_Group\0004.wav,0,0.334,2.505,Chinese,ZH-Tenor-1,后来,Chinese/ZH-Tenor-1/后来,0.0
d:\-MindEcho-main\ml_dl_models\gtsinger_multitech\dataset\raw\French\FR-Soprano-1\Breathy\les passagers du vent\Control_Group\0000.wav,1,0.508637,5.565,French,FR-Soprano-1,les passagers du vent,French/FR-Soprano-1/les passagers du vent,0.946
d:\-MindEcho-main\ml_dl_models\gtsinger_multitech\dataset\raw\French\FR-Soprano-1\Breathy\le balcon\Breathy_Group\0014.wav,1,0.40368,4.091,French,FR-Soprano-1,le balcon,French/FR-Soprano-1/le balcon,0.671
d:\-MindEcho-main\ml_dl_models\gtsinger_multitech\dataset\raw\French\FR-Soprano-1\Mixed_Voice_and_Falsetto\violet snow\Falsetto_Group\0008.wav,1,0.72716,9.305,French,FR-Soprano-1,violet snow,French/FR-Soprano-1/violet snow,0.441
d:\-MindEcho-main\ml_dl_models\gtsinger_multitech\dataset\raw\Chinese\ZH-Alto-1\Mixed_Voice_and_Falsetto\贝加尔湖畔\Control_Group\0006.wav,0,0.572929,4.91,Chinese,ZH-Alto-1,贝加尔湖畔,Chinese/ZH-Alto-1/贝加尔湖畔,0.0
d:\-MindEcho-main\ml_dl_models\gtsinger_multitech\dataset\raw\Chinese\ZH-Alto-1\Mixed_Voice_and_Falsetto\鸽子\Control_Group\0006.wav,0,0.12665,1.247,Chinese,ZH-Alto-1,鸽子,Chinese/ZH-Alto-1/鸽子,0.0
d:\-MindEcho-main\ml_dl_models\gtsinger_multitech\dataset\raw\French\FR-Tenor-1\Breathy\manon\Control_Group\0000.wav,0,0.140343,1.786,French,FR-Tenor-1,manon,French/FR-Tenor-1/manon,0.0
d:\-MindEcho-main\ml_dl_models\gtsinger_multitech\dataset\raw\Chinese\ZH-Tenor-1\Glissando\倒带\Glissando_Group\0009.wav,0,0.202856,1.435,Chinese,ZH-Tenor-1,倒带,Chinese/ZH-Tenor-1/倒带,0.0
d:\-MindEcho-main\ml_dl_models\gtsinger_multitech\dataset\raw\Chinese\ZH-Tenor-1\Pharyngeal\最初的梦想\Pharyngeal_Group\0016.wav,0,0.223889,2.015,Chinese,ZH-Tenor-1,最初的梦想,Chinese/ZH-Tenor-1/最初的梦想,0.0
d:\-MindEcho-main\ml_dl_models\gtsinger_multitech\dataset\raw\Chinese\ZH-Alto-1\Mixed_Voice_and_Falsetto\青花瓷\Falsetto_Group\0010.wav,1,0.496249,4.63,Chinese,ZH-Alto-1,青花瓷,Chinese/ZH-Alto-1/青花瓷,0.58
d:\-MindEcho-main\ml_dl_models\gtsinger_multitech\dataset\raw\French\FR-Soprano-1\Mixed_Voice_and_Falsetto\le dernier train\Mixed_Voice_Group\0003.wav,0,0.189424,1.834,French,FR-Soprano-1,le dernier train,French/FR-Soprano-1/le dernier train,0.0
d:\-MindEcho-main\ml_dl_models\gtsinger_multitech\dataset\raw\Chinese\ZH-Tenor-1\Breathy\会呼吸的痛\Breathy_Group\0013.wav,1,0.265873,3.015,Chinese,ZH-Tenor-1,会呼吸的痛,Chinese/ZH-Tenor-1/会呼吸的痛,0.45
d:\-MindEcho-main\ml_dl_models\gtsinger_multitech\dataset\raw\Chinese\ZH-Tenor-1\Mixed_Voice_and_Falsetto\倒带\Falsetto_Group\0018.wav,1,0.492109,3.43,Chinese,ZH-Tenor-1,倒带,Chinese/ZH-Tenor-1/倒带,0.42
d:\-MindEcho-main\ml_dl_models\gtsinger_multitech\dataset\raw\French\FR-Soprano-1\Pharyngeal\guel ennui\Pharyngeal_Group\0004.wav,1,0.520431,8.244,French,FR-Soprano-1,guel ennui,French/FR-Soprano-1/guel ennui,0.455
d:\-MindEcho-main\ml_dl_models\gtsinger_multitech\dataset\raw\French\FR-Soprano-1\Pharyngeal\guel ennui\Pharyngeal_Group\0001.wav,0,0.558301,5.31,French,FR-Soprano-1,guel ennui,French/FR-Soprano-1/guel ennui,0.0
d:\-MindEcho-main\ml_dl_models\gtsinger_multitech\dataset\raw\Chinese\ZH-Tenor-1\Mixed_Voice_and_Falsetto\情歌\Mixed_Voice_Group\0007.wav,0,0.205925,1.425,Chinese,ZH-Tenor-1,情歌,Chinese/ZH-Tenor-1/情歌,0.0
d:\-MindEcho-main\ml_dl_models\gtsinger_multitech\dataset\raw\Chinese\ZH-Alto-1\Mixed_Voice_and_Falsetto\知足\Control_Group\0001.wav,1,0.513535,3.225,Chinese,ZH-Alto-1,知足,Chinese/ZH-Alto-1/知足,0.33
d:\-MindEcho-main\ml_dl_models\gtsinger_multitech\dataset\raw\Chinese\ZH-Tenor-1\Mixed_Voice_and_Falsetto\偏爱\Falsetto_Group\0010.wav,0,0.633277,5.241,Chinese,ZH-Tenor-1,偏爱,Chinese/ZH-Tenor-1/偏爱,0.0
d:\-MindEcho-main\ml_dl_models\gtsinger_multitech\dataset\raw\Chinese\ZH-Tenor-1\Vibrato\我真的受伤了\Control_Group\0009.wav,0,0.12513,1.377,Chinese,ZH-Tenor-1,我真的受伤了,Chinese/ZH-Tenor-1/我真的受伤了,0.0
d:\-MindEcho-main\ml_dl_models\gtsinger_multitech\dataset\raw\Chinese\ZH-Alto-1\Mixed_Voice_and_Falsetto\青花瓷\Falsetto_Group\0010.wav,0,0.169346,1.58,Chinese,ZH-Alto-1,青花瓷,Chinese/ZH-Alto-1/青花瓷,0.0
d:\-MindEcho-main\ml_dl_models\gtsinger_multitech\dataset\raw\French\FR-Soprano-1\Pharyngeal\guel ennui\Paired_Speech_Group\0003.wav,0,0.237923,1.576,French,FR-Soprano-1,guel ennui,French/FR-Soprano-1/guel ennui,0.0
d:\-MindEcho-main\ml_dl_models\gtsinger_multitech\dataset\raw\Chinese\ZH-Alto-1\Pharyngeal\没那么简单\Pharyngeal_Group\0012.wav,0,0.390674,2.468,Chinese,ZH-Alto-1,没那么简单,Chinese/ZH-Alto-1/没那么简单,0.0
d:\-MindEcho-main\ml_dl_models\gtsinger_multitech\dataset\raw\Chinese\ZH-Alto-1\Glissando\曹操\Control_Group\0005.wav,1,0.466641,3.239,Chinese,ZH-Alto-1,曹操,Chinese/ZH-Alto-1/曹操,0.303
d:\-MindEcho-main\ml_dl_models\gtsinger_multitech\dataset\raw\Chinese\ZH-Tenor-1\Pharyngeal\雨爱\Control_Group\0004.wav,0,0.172892,1.435,Chinese,ZH-Tenor-1,雨爱,Chinese/ZH-Tenor-1/雨爱,0.0
d:\-MindEcho-main\ml_dl_models\gtsinger_multitech\dataset\raw\French\FR-Soprano-1\Glissando\donnez-moi\Control_Group\0003.wav,1,0.899413,11.767,French,FR-Soprano-1,donnez-moi,French/FR-Soprano-1/donnez-moi,0.326
d:\-MindEcho-main\ml_dl_models\gtsinger_multitech\dataset\raw\French\FR-Soprano-1\Vibrato\eden eden\Vibrato_Group\0013.wav,1,0.481586,6.551,French,FR-Soprano-1,eden eden,French/FR-Soprano-1/eden eden,0.119
d:\-MindEcho-main\ml_dl_models\gtsinger_multitech\dataset\raw\Chinese\ZH-Tenor-1\Breathy\不染\Breathy_Group\0018.wav,0,0.613122,4.065,Chinese,ZH-Tenor-1,不染,Chinese/ZH-Tenor-1/不染,0.0
d:\-MindEcho-main\ml_dl_models\gtsinger_multitech\dataset\raw\Chinese\ZH-Tenor-1\Pharyngeal\情歌\Control_Group\0010.wav,0,0.233934,1.427,Chinese,ZH-Tenor-1,情歌,Chinese/ZH-Tenor-1/情歌,0.0
d:\-MindEcho-main\ml_dl_models\gtsinger_multitech\dataset\raw\Chinese\ZH-Alto-1\Mixed_Voice_and_Falsetto\告白气球\Mixed_Voice_Group\0006.wav,0,0.160602,1.28,Chinese,ZH-Alto-1,告白气球,Chinese/ZH-Alto-1/告白气球,0.0
d:\-MindEcho-main\ml_dl_models\gtsinger_multitech\dataset\raw\Chinese\ZH-Tenor-1\Mixed_Voice_and_Falsetto\平凡之路\Falsetto_Group\0004.wav,0,0.156839,1.25,Chinese,ZH-Tenor-1,平凡之路,Chinese/ZH-Tenor-1/平凡之路,0.0
d:\-MindEcho-main\ml_dl_models\gtsinger_multitech\dataset\raw\Chinese\ZH-Tenor-1\Glissando\画心\Control_Group\0008.wav,0,0.358548,2.37,Chinese,ZH-Tenor-1,画心,Chinese/ZH-Tenor-1/画心,0.0
d:\-MindEcho-main\ml_dl_models\gtsinger_multitech\dataset\raw\Chinese\ZH-Tenor-1\Mixed_Voice_and_Falsetto\失落沙洲\Mixed_Voice_Group\0004.wav,1,0.521113,5.43,Chinese,ZH-Tenor-1,失落沙洲,Chinese/ZH-Tenor-1/失落沙洲,0.94
d:\-MindEcho-main\ml_dl_models\gtsinger_multitech\dataset\raw\Chinese\ZH-Alto-1\Mixed_Voice_and_Falsetto\我的歌声里\Mixed_Voice_Group\0009.wav,1,0.251678,2.625,Chinese,ZH-Alto-1,我的歌声里,Chinese/ZH-Alto-1/我的歌声里,0.43
d:\-MindEcho-main\ml_dl_models\gtsinger_multitech\dataset\raw\Chinese\ZH-Tenor-1\Mixed_Voice_and_Falsetto\可惜没如果\Falsetto_Group\0000.wav,0,0.130922,1.349,Chinese,ZH-Tenor-1,可惜没如果,Chinese/ZH-Tenor-1/可惜没如果,0.0
d:\-MindEcho-main\ml_dl_models\gtsinger_multitech\dataset\raw\Chinese\ZH-Tenor-1\Glissando\心动\Glissando_Group\0000.wav,0,0.212783,1.315,Chinese,ZH-Tenor-1,心动,Chinese/ZH-Tenor-1/心动,0.0
d:\-MindEcho-main\ml_dl_models\gtsinger_multitech\dataset\raw\Chinese\ZH-Tenor-1\Mixed_Voice_and_Falsetto\终于等到你\Falsetto_Group\0012.wav,1,0.338108,2.455,Chinese,ZH-Tenor-1,终于等到你,Chinese/ZH-Tenor-1/终于等到你,0.27
d:\-MindEcho-main\ml_dl_models\gtsinger_multitech\dataset\raw\Chinese\ZH-Alto-1\Mixed_Voice_and_Falsetto\给电影人的情书\Falsetto_Group\0004.wav,1,0.64524,5.26,Chinese,ZH-Alto-1,给电影人的情书,Chinese/ZH-Alto-1/给电影人的情书,0.34
d:\-MindEcho-main\ml_dl_models\gtsinger_multitech\dataset\raw\French\FR-Tenor-1\Breathy\Les Marionnettes\Breathy_Group\0000.wav,0,0.545201,8.697,French,FR-Tenor-1,Les Marionnettes,French/FR-Tenor-1/Les Marionnettes,0.0
d:\-MindEcho-main\ml_dl_models\gtsinger_multitech\dataset\raw\Chinese\ZH-Alto-1\Mixed_Voice_and_Falsetto\匆匆那年\Mixed_Voice_Group\0011.wav,0,0.372752,4.145,Chinese,ZH-Alto-1,匆匆那年,Chinese/ZH-Alto-1/匆匆那年,0.0
d:\-MindEcho-main\ml_dl_models\gtsinger_multitech\dataset\raw\French\FR-Tenor-1\Breathy\o souverain\Control_Group\0010.wav,1,0.419232,4.412,French,FR-Tenor-1,o souverain,French/FR-Tenor-1/o souverain,0.914
d:\-MindEcho-main\ml_dl_models\gtsinger_multitech\dataset\raw\Chinese\ZH-Alto-1\Vibrato\不再见\Vibrato_Group\0008.wav,0,0.407233,2.59,Chinese,ZH-Alto-1,不再见,Chinese/ZH-Alto-1/不再见,0.0
d:\-MindEcho-main\ml_dl_models\gtsinger_multitech\dataset\raw\Chinese\ZH-Tenor-1\Vibrato\水星记\Vibrato_Group\0022.wav,0,0.167813,1.22,Chinese,ZH-Tenor-1,水星记,Chinese/ZH-Tenor-1/水星记,0.0
d:\-MindEcho-main\ml_dl_models\gtsinger_multitech\dataset\raw\French\FR-Tenor-1\Breathy\o souverain\Breathy_Group\0009.wav,1,0.782516,13.422,French,FR-Tenor-1,o souverain,French/FR-Tenor-1/o souverain,0.113
d:\-MindEcho-main\ml_dl_models\gtsinger_multitech\dataset\raw\Chinese\ZH-Tenor-1\Mixed_Voice_and_Falsetto\枫\Mixed_Voice_Group\0011.wav,0,0.148926,1.525,Chinese,ZH-Tenor-1,枫,Chinese/ZH-Tenor-1/枫,0.0
d:\-MindEcho-main\ml_dl_models\gtsinger_multitech\dataset\raw\Chinese\ZH-Tenor-1\Pharyngeal\不为谁而作的歌\Control_Group\0009.wav,1,0.502717,3.146,Chinese,ZH-Tenor-1,不为谁而作的歌,Chinese/ZH-Tenor-1/不为谁而作的歌,0.252
d:\-MindEcho-main\ml_dl_models\gtsinger_multitech\dataset\raw\Chinese\ZH-Tenor-1\Mixed_Voice_and_Falsetto\偏爱\Control_Group\0016.wav,1,0.32446,2.255,Chinese,ZH-Tenor-1,偏爱,Chinese/ZH-Tenor-1/偏爱,0.31
d:\-MindEcho-main\ml_dl_models\gtsinger_multitech\dataset\raw\Chinese\ZH-Tenor-1\Glissando\传奇\Glissando_Group\0005.wav,1,0.650616,5.81,Chinese,ZH-Tenor-1,传奇,Chinese/ZH-Tenor-1/传奇,0.8
d:\-MindEcho-main\ml_dl_models\gtsinger_multitech\dataset\raw\Chinese\ZH-Tenor-1\Breathy\会呼吸的痛\Control_Group\0018.wav,1,0.504137,4.205,Chinese,ZH-Tenor-1,会呼吸的痛,Chinese/ZH-Tenor-1/会呼吸的痛,0.253
d:\-MindEcho-main\ml_dl_models\gtsinger_multitech\dataset\raw\Chinese\ZH-Alto-1\Mixed_Voice_and_Falsetto\烟花易冷\Mixed_Voice_Group\0014.wav,1,0.507563,3.892,Chinese,ZH-Alto-1,烟花易冷,Chinese/ZH-Alto-1/烟花易冷,0.524
d:\-MindEcho-main\ml_dl_models\gtsinger_multitech\dataset\raw\Chinese\ZH-Alto-1\Mixed_Voice_and_Falsetto\奇妙能力歌\Mixed_Voice_Group\0002.wav,0,0.165497,1.415,Chinese,ZH-Alto-1,奇妙能力歌,Chinese/ZH-Alto-1/奇妙能力歌,0.0
d:\-MindEcho-main\ml_dl_models\gtsinger_multitech\dataset\raw\Chinese\ZH-Tenor-1\Mixed_Voice_and_Falsetto\青花瓷\Mixed_Voice_Group\0000.wav,1,0.648952,4.335,Chinese,ZH-Tenor-1,青花瓷,Chinese/ZH-Tenor-1/青花瓷,0.37
d:\-MindEcho-main\ml_dl_models\gtsinger_multitech\dataset\raw\French\FR-Soprano-1\Pharyngeal\je ne veux pas de toi\Control_Group\0003.wav,1,0.867301,8.007,French,FR-Soprano-1,je ne veux pas de toi,French/FR-Soprano-1/je ne veux pas de toi,1.511
d:\-MindEcho-main\ml_dl_models\gtsinger_multitech\dataset\raw\Chinese\ZH-Alto-1\Breathy\可乐\Control_Group\0013.wav,0,0.210263,1.68,Chinese,ZH-Alto-1,可乐,Chinese/ZH-Alto-1/可乐,0.0
d:\-MindEcho-main\ml_dl_models\gtsinger_multitech\dataset\raw\French\FR-Tenor-1\Glissando\manon\Glissando_Group\0005.wav,0,0.522642,13.678,French,FR-Tenor-1,manon,French/FR-Tenor-1/manon,0.0
d:\-MindEcho-main\ml_dl_models\gtsinger_multitech\dataset\raw\Chinese\ZH-Alto-1\Vibrato\不再见\Control_Group\0011.wav,1,0.477871,3.995,Chinese,ZH-Alto-1,不再见,Chinese/ZH-Alto-1/不再见,0.55
d:\-MindEcho-main\ml_dl_models\gtsinger_multitech\dataset\raw\Chinese\ZH-Tenor-1\Vibrato\末班车\Control_Group\0005.wav,0,0.181081,1.34,Chinese,ZH-Tenor-1,末班车,Chinese/ZH-Tenor-1/末班车,0.0
d:\-MindEcho-main\ml_dl_models\gtsinger_multitech\dataset\raw\French\FR-Soprano-1\Mixed_Voice_and_Falsetto\lentement\Mixed_Voice_Group\0010.wav,0,0.586959,5.005,French,FR-Soprano-1,lentement,French/FR-Soprano-1/lentement,0.0
d:\-MindEcho-main\ml_dl_models\gtsinger_multitech\dataset\raw\Chinese\ZH-Alto-1\Vibrato\好久不见\Control_Group\0004.wav,0,0.206386,1.325,Chinese,ZH-Alto-1,好久不见,Chinese/ZH-Alto-1/好久不见,0.0
d:\-MindEcho-main\ml_dl_models\gtsinger_multitech\dataset\raw\Chinese\ZH-Alto-1\Vibrato\南山南\Control_Group\0005.wav,1,0.465164,6.242,Chinese,ZH-Alto-1,南山南,Chinese/ZH-Alto-1/南山南,0.589
d:\-MindEcho-main\ml_dl_models\gtsinger_multitech\dataset\raw\French\FR-Soprano-1\Mixed_Voice_and_Falsetto\le dernier train\Control_Group\0003.wav,1,0.353849,3.591,French,FR-Soprano-1,le dernier train,French/FR-Soprano-1/le dernier train,0.101
d:\-MindEcho-main\ml_dl_models\gtsinger_multitech\dataset\raw\Chinese\ZH-Alto-1\Pharyngeal\崇拜\Control_Group\0006.wav,0,0.355,2.485,Chinese,ZH-Alto-1,崇拜,Chinese/ZH-Alto-1/崇拜,0.0
d:\-MindEcho-main\ml_dl_models\gtsinger_multitech\dataset\raw\Chinese\ZH-Alto-1\Breathy\温柔\Breathy_Group\0008.wav,0,0.170068,1.25,Chinese,ZH-Alto-1,温柔,Chinese/ZH-Alto-1/温柔,0.0
d:\-MindEcho-main\ml_dl_models\gtsinger_multitech\dataset\raw\French\FR-Soprano-1\Mixed_Voice_and_Falsetto\la gloire a mes genoux\Control_Group\0001.wav,0,0.145888,1.385,French,FR-Soprano-1,la gloire a mes genoux,French/FR-Soprano-1/la gloire a mes genoux,0.0
d:\-MindEcho-main\ml_dl_models\gtsinger_multitech\dataset\raw\French\FR-Soprano-1\Breathy\soleil solleil\Control_Group\0006.wav,1,0.119142,0.44,French,FR-Soprano-1,soleil solleil,French/FR-Soprano-1/soleil solleil,0.88
d:\-MindEcho-main\ml_dl_models\gtsinger_multitech\dataset\raw\French\FR-Tenor-1\Glissando\manon\Paired_Speech_Group\0003.wav,0,0.403925,1.472,French,FR-Tenor-1,manon,French/FR-Tenor-1/manon,0.0
d:\-MindEcho-main\ml_dl_models\gtsinger_multitech\dataset\raw\Chinese\ZH-Tenor-1\Pharyngeal\我怀念的\Control_Group\0011.wav,0,0.206314,1.405,Chinese,ZH-Tenor-1,我怀念的,Chinese/ZH-Tenor-1/我怀念的,0.0
d:\-MindEcho-main\ml_dl_models\gtsinger_multitech\dataset\raw\Chinese\ZH-Alto-1\Breathy\最长的电影\Control_Group\0001.wav,0,0.192308,1.475,Chinese,ZH-Alto-1,最长的电影,Chinese/ZH-Alto-1/最长的电影,0.0
d:\-MindEcho-main\ml_dl_models\gtsinger_multitech\dataset\raw\Chinese\ZH-Alto-1\Mixed_Voice_and_Falsetto\告白气球\Falsetto_Group\0004.wav,1,0.420564,5.665,Chinese,ZH-Alto-1,告白气球,Chinese/ZH-Alto-1/告白气球,0.39
d:\-MindEcho-main\ml_dl_models\gtsinger_multitech\dataset\raw\Chinese\ZH-Tenor-1\Mixed_Voice_and_Falsetto\枫\Falsetto_Group\0001.wav,1,0.480024,4.085,Chinese,ZH-Tenor-1,枫,Chinese/ZH-Tenor-1/枫,0.41
d:\-MindEcho-main\ml_dl_models\gtsinger_multitech\dataset\raw\Chinese\ZH-Tenor-1\Mixed_Voice_and_Falsetto\听海\Mixed_Voice_Group\0003.wav,0,0.504822,3.402,Chinese,ZH-Tenor-1,听海,Chinese/ZH-Tenor-1/听海,0.0
d:\-MindEcho-main\ml_dl_models\gtsinger_multitech\dataset\raw\Chinese\ZH-Tenor-1\Mixed_Voice_and_Falsetto\我的歌声里\Control_Group\0001.wav,0,0.567232,4.345,Chinese,ZH-Tenor-1,我的歌声里,Chinese/ZH-Tenor-1/我的歌声里,0.0
d:\-MindEcho-main\ml_dl_models\gtsinger_multitech\dataset\raw\French\FR-Soprano-1\Breathy\la chanson de la mer\Control_Group\0004.wav,1,0.345593,4.172,French,FR-Soprano-1,la chanson de la mer,French/FR-Soprano-1/la chanson de la mer,0.884
d:\-MindEcho-main\ml_dl_models\gtsinger_multitech\dataset\raw\Chinese\ZH-Tenor-1\Mixed_Voice_and_Falsetto\过火\Control_Group\0023.wav,0,0.189901,1.73,Chinese,ZH-Tenor-1,过火,Chinese/ZH-Tenor-1/过火,0.0
d:\-MindEcho-main\ml_dl_models\gtsinger_multitech\dataset\raw\Chinese\ZH-Tenor-1\Vibrato\水星记\Vibrato_Group\0010.wav,0,0.380066,2.25,Chinese,ZH-Tenor-1,水星记,Chinese/ZH-Tenor-1/水星记,0.0
d:\-MindEcho-main\ml_dl_models\gtsinger_multitech\dataset\raw\French\FR-Soprano-1\Pharyngeal\lassasymphonie\Control_Group\0001.wav,0,0.16619,1.454,French,FR-Soprano-1,lassasymphonie,French/FR-Soprano-1/lassasymphonie,0.0
d:\-MindEcho-main\ml_dl_models\gtsinger_multitech\dataset\raw\Chinese\ZH-Tenor-1\Pharyngeal\不要忘记我爱你\Control_Group\0011.wav,0,0.135461,1.295,Chinese,ZH-Tenor-1,不要忘记我爱你,Chinese/ZH-Tenor-1/不要忘记我爱你,0.0
d:\-MindEcho-main\ml_dl_models\gtsinger_multitech\dataset\raw\Chinese\ZH-Alto-1\Mixed_Voice_and_Falsetto\贝加尔湖畔\Control_Group\0011.wav,0,0.150098,1.528,Chinese,ZH-Alto-1,贝加尔湖畔,Chinese/ZH-Alto-1/贝加尔湖畔,0.0
d:\-MindEcho-main\ml_dl_models\gtsinger_multitech\dataset\raw\French\FR-Soprano-1\Glissando\on m'appelle heidi\Glissando_Group\0000.wav,0,0.449015,4.716,French,FR-Soprano-1,on m'appelle heidi,French/FR-Soprano-1/on m'appelle heidi,0.0
d:\-MindEcho-main\ml_dl_models\gtsinger_multitech\dataset\raw\Chinese\ZH-Alto-1\Breathy\匆匆那年\Breathy_Group\0006.wav,1,0.311695,2.905,Chinese,ZH-Alto-1,匆匆那年,Chinese/ZH-Alto-1/匆匆那年,0.53
d:\-MindEcho-main\ml_dl_models\gtsinger_multitech\dataset\raw\Chinese\ZH-Tenor-1\Mixed_Voice_and_Falsetto\过火\Control_Group\0014.wav,0,0.178726,1.235,Chinese,ZH-Tenor-1,过火,Chinese/ZH-Tenor-1/过火,0.0
d:\-MindEcho-main\ml_dl_models\gtsinger_multitech\dataset\raw\Chinese\ZH-Tenor-1\Pharyngeal\雨爱\Control_Group\0000.wav,1,0.286223,3.54,Chinese,ZH-Tenor-1,雨爱,Chinese/ZH-Tenor-1/雨爱,0.3
d:\-MindEcho-main\ml_dl_models\gtsinger_multitech\dataset\raw\Chinese\ZH-Tenor-1\Mixed_Voice_and_Falsetto\讲真的\Falsetto_Group\0007.wav,1,0.691709,7.09,Chinese,ZH-Tenor-1,讲真的,Chinese/ZH-Tenor-1/讲真的,0.36
d:\-MindEcho-main\ml_dl_models\gtsinger_multitech\dataset\raw\Chinese\ZH-Alto-1\Mixed_Voice_and_Falsetto\给电影人的情书\Falsetto_Group\0008.wav,1,0.816712,6.06,Chinese,ZH-Alto-1,给电影人的情书,Chinese/ZH-Alto-1/给电影人的情书,0.24
d:\-MindEcho-main\ml_dl_models\gtsinger_multitech\dataset\raw\Chinese\ZH-Tenor-1\Breathy\会呼吸的痛\Control_Group\0021.wav,0,0.38138,4.625,Chinese,ZH-Tenor-1,会呼吸的痛,Chinese/ZH-Tenor-1/会呼吸的痛,0.0
d:\-MindEcho-main\ml_dl_models\gtsinger_multitech\dataset\raw\Chinese\ZH-Alto-1\Mixed_Voice_and_Falsetto\桃花诺\Control_Group\0012.wav,0,0.149884,1.296,Chinese,ZH-Alto-1,桃花诺,Chinese/ZH-Alto-1/桃花诺,0.0
d:\-MindEcho-main\ml_dl_models\gtsinger_multitech\dataset\raw\French\FR-Tenor-1\Breathy\Les Marionnettes\Paired_Speech_Group\0002.wav,0,0.580298,3.617,French,FR-Tenor-1,Les Marionnettes,French/FR-Tenor-1/Les Marionnettes,0.0
d:\-MindEcho-main\ml_dl_models\gtsinger_multitech\dataset\raw\Chinese\ZH-Alto-1\Vibrato\不再见\Control_Group\0014.wav,0,0.190423,1.71,Chinese,ZH-Alto-1,不再见,Chinese/ZH-Alto-1/不再见,0.0
d:\-MindEcho-main\ml_dl_models\gtsinger_multitech\dataset\raw\Chinese\ZH-Alto-1\Vibrato\多远都要在一起\Vibrato_Group\0005.wav,0,0.579653,4.985,Chinese,ZH-Alto-1,多远都要在一起,Chinese/ZH-Alto-1/多远都要在一起,0.0
d:\-MindEcho-main\ml_dl_models\gtsinger_multitech\dataset\raw\French\FR-Soprano-1\Pharyngeal\il aurait suffit\Paired_Speech_Group\0007.wav,0,0.202717,1.351,French,FR-Soprano-1,il aurait suffit,French/FR-Soprano-1/il aurait suffit,0.0
d:\-MindEcho-main\ml_dl_models\gtsinger_multitech\dataset\raw\Chinese\ZH-Tenor-1\Breathy\给电影人的情书\Control_Group\0004.wav,0,0.518449,3.33,Chinese,ZH-Tenor-1,给电影人的情书,Chinese/ZH-Tenor-1/给电影人的情书,0.0
d:\-MindEcho-main\ml_dl_models\gtsinger_multitech\dataset\raw\French\FR-Tenor-1\Glissando\o souverain\Control_Group\0004.wav,0,0.121529,1.405,French,FR-Tenor-1,o souverain,French/FR-Tenor-1/o souverain,0.0
d:\-MindEcho-main\ml_dl_models\gtsinger_multitech\dataset\raw\Chinese\ZH-Alto-1\Glissando\没那么简单\Glissando_Group\0012.wav,0,0.566775,4.376,Chinese,ZH-Alto-1,没那么简单,Chinese/ZH-Alto-1/没那么简单,0.0
d:\-MindEcho-main\ml_dl_models\gtsinger_multitech\dataset\raw\Chinese\ZH-Tenor-1\Breathy\我真的受伤了\Breathy_Group\0003.wav,0,0.655058,3.95,Chinese,ZH-Tenor-1,我真的受伤了,Chinese/ZH-Tenor-1/我真的受伤了,0.0
d:\-MindEcho-main\ml_dl_models\gtsinger_multitech\dataset\raw\Chinese\ZH-Alto-1\Glissando\没那么简单\Glissando_Group\0018.wav,1,0.539141,4.27,Chinese,ZH-Alto-1,没那么简单,Chinese/ZH-Alto-1/没那么简单,0.42
d:\-MindEcho-main\ml_dl_models\gtsinger_multitech\dataset\raw\Chinese\ZH-Alto-1\Breathy\失落沙洲\Breathy_Group\0004.wav,1,0.686574,7.875,Chinese,ZH-Alto-1,失落沙洲,Chinese/ZH-Alto-1/失落沙洲,0.59
d:\-MindEcho-main\ml_dl_models\gtsinger_multitech\dataset\raw\French\FR-Tenor-1\Breathy\manon\Breathy_Group\0001.wav,1,0.882641,9.553,French,FR-Tenor-1,manon,French/FR-Tenor-1/manon,1.343
d:\-MindEcho-main\ml_dl_models\gtsinger_multitech\dataset\raw\Chinese\ZH-Tenor-1\Glissando\光阴的故事\Glissando_Group\0005.wav,0,0.240625,1.54,Chinese,ZH-Tenor-1,光阴的故事,Chinese/ZH-Tenor-1/光阴的故事,0.0
d:\-MindEcho-main\ml_dl_models\gtsinger_multitech\dataset\raw\Chinese\ZH-Tenor-1\Breathy\给电影人的情书\Breathy_Group\0003.wav,1,0.63226,5.008,Chinese,ZH-Tenor-1,给电影人的情书,Chinese/ZH-Tenor-1/给电影人的情书,0.365
d:\-MindEcho-main\ml_dl_models\gtsinger_multitech\dataset\raw\Chinese\ZH-Tenor-1\Glissando\传奇\Control_Group\0017.wav,1,0.708286,6.206,Chinese,ZH-Tenor-1,传奇,Chinese/ZH-Tenor-1/传奇,0.508
d:\-MindEcho-main\ml_dl_models\gtsinger_multitech\dataset\raw\Chinese\ZH-Alto-1\Vibrato\不再见\Vibrato_Group\0010.wav,0,0.417318,3.205,Chinese,ZH-Alto-1,不再见,Chinese/ZH-Alto-1/不再见,0.0
d:\-MindEcho-main\ml_dl_models\gtsinger_multitech\dataset\raw\Chinese\ZH-Alto-1\Mixed_Voice_and_Falsetto\告白气球\Control_Group\0000.wav,0,0.203612,1.24,Chinese,ZH-Alto-1,告白气球,Chinese/ZH-Alto-1/告白气球,0.0
d:\-MindEcho-main\ml_dl_models\gtsinger_multitech\dataset\raw\French\FR-Soprano-1\Breathy\les passagers du vent\Paired_Speech_Group\0001.wav,0,0.58406,3.474,French,FR-Soprano-1,les passagers du vent,French/FR-Soprano-1/les passagers du vent,0.0
d:\-MindEcho-main\ml_dl_models\gtsinger_multitech\dataset\raw\Chinese\ZH-Alto-1\Mixed_Voice_and_Falsetto\告白气球\Mixed_Voice_Group\0011.wav,0,0.482546,5.17,Chinese,ZH-Alto-1,告白气球,Chinese/ZH-Alto-1/告白气球,0.0
d:\-MindEcho-main\ml_dl_models\gtsinger_multitech\dataset\raw\Chinese\ZH-Alto-1\Mixed_Voice_and_Falsetto\桃花诺\Control_Group\0015.wav,0,0.194565,1.701,Chinese,ZH-Alto-1,桃花诺,Chinese/ZH-Alto-1/桃花诺,0.0
d:\-MindEcho-main\ml_dl_models\gtsinger_multitech\dataset\raw\Chinese\ZH-Tenor-1\Mixed_Voice_and_Falsetto\崇拜\Control_Group\0002.wav,0,0.18992,1.903,Chinese,ZH-Tenor-1,崇拜,Chinese/ZH-Tenor-1/崇拜,0.0
d:\-MindEcho-main\ml_dl_models\gtsinger_multitech\dataset\raw\Chinese\ZH-Tenor-1\Glissando\空白格\Glissando_Group\0002.wav,1,0.346253,2.68,Chinese,ZH-Tenor-1,空白格,Chinese/ZH-Tenor-1/空白格,1.16
d:\-MindEcho-main\ml_dl_models\gtsinger_multitech\dataset\raw\Chinese\ZH-Tenor-1\Vibrato\你给我听好\Control_Group\0005.wav,0,0.544662,5.72,Chinese,ZH-Tenor-1,你给我听好,Chinese/ZH-Tenor-1/你给我听好,0.0
d:\-MindEcho-main\ml_dl_models\gtsinger_multitech\dataset\raw\Chinese\ZH-Tenor-1\Mixed_Voice_and_Falsetto\枫\Falsetto_Group\0007.wav,1,0.451213,3.385,Chinese,ZH-Tenor-1,枫,Chinese/ZH-Tenor-1/枫,0.39
d:\-MindEcho-main\ml_dl_models\gtsinger_multitech\dataset\raw\Chinese\ZH-Alto-1\Breathy\越过山丘\Control_Group\0001.wav,1,0.504979,3.55,Chinese,ZH-Alto-1,越过山丘,Chinese/ZH-Alto-1/越过山丘,0.52
d:\-MindEcho-main\ml_dl_models\gtsinger_multitech\dataset\raw\Chinese\ZH-Alto-1\Breathy\知足\Breathy_Group\0010.wav,0,0.220968,1.918,Chinese,ZH-Alto-1,知足,Chinese/ZH-Alto-1/知足,0.0
d:\-MindEcho-main\ml_dl_models\gtsinger_multitech\dataset\raw\French\FR-Soprano-1\Breathy\les passagers du vent\Paired_Speech_Group\0006.wav,0,0.202612,1.412,French,FR-Soprano-1,les passagers du vent,French/FR-Soprano-1/les passagers du vent,0.0
d:\-MindEcho-main\ml_dl_models\gtsinger_multitech\dataset\raw\Chinese\ZH-Tenor-1\Mixed_Voice_and_Falsetto\后来\Falsetto_Group\0011.wav,0,0.60475,7.13,Chinese,ZH-Tenor-1,后来,Chinese/ZH-Tenor-1/后来,0.0
d:\-MindEcho-main\ml_dl_models\gtsinger_multitech\dataset\raw\French\FR-Soprano-1\Pharyngeal\comment dire\Control_Group\0008.wav,0,0.506414,8.567,French,FR-Soprano-1,comment dire,French/FR-Soprano-1/comment dire,0.0
d:\-MindEcho-main\ml_dl_models\gtsinger_multitech\dataset\raw\Chinese\ZH-Tenor-1\Mixed_Voice_and_Falsetto\老男孩\Falsetto_Group\0012.wav,1,0.253869,3.155,Chinese,ZH-Tenor-1,老男孩,Chinese/ZH-Tenor-1/老男孩,0.33
d:\-MindEcho-main\ml_dl_models\gtsinger_multitech\dataset\raw\Chinese\ZH-Tenor-1\Mixed_Voice_and_Falsetto\青花瓷\Control_Group\0010.wav,1,0.631525,4.307,Chinese,ZH-Tenor-1,青花瓷,Chinese/ZH-Tenor-1/青花瓷,0.36
d:\-MindEcho-main\ml_dl_models\gtsinger_multitech\dataset\raw\Chinese\ZH-Tenor-1\Glissando\传奇\Control_Group\0013.wav,0,0.59721,7.065,Chinese,ZH-Tenor-1,传奇,Chinese/ZH-Tenor-1/传奇,0.0
d:\-MindEcho-main\ml_dl_models\gtsinger_multitech\dataset\raw\Chinese\ZH-Tenor-1\Mixed_Voice_and_Falsetto\最初的梦想\Falsetto_Group\0014.wav,1,0.458599,5.76,Chinese,ZH-Tenor-1,最初的梦想,Chinese/ZH-Tenor-1/最初的梦想,0.46
d:\-MindEcho-main\ml_dl_models\gtsinger_multitech\dataset\raw\Chinese\ZH-Alto-1\Mixed_Voice_and_Falsetto\贝加尔湖畔\Falsetto_Group\0008.wav,0,0.583234,4.905,Chinese,ZH-Alto-1,贝加尔湖畔,Chinese/ZH-Alto-1/贝加尔湖畔,0.0
d:\-MindEcho-main\ml_dl_models\gtsinger_multitech\dataset\raw\French\FR-Soprano-1\Mixed_Voice_and_Falsetto\vivre a en crever\Paired_Speech_Group\0000.wav,0,0.208588,1.26,French,FR-Soprano-1,vivre a en crever,French/FR-Soprano-1/vivre a en crever,0.0
d:\-MindEcho-main\ml_dl_models\gtsinger_multitech\dataset\raw\Chinese\ZH-Alto-1\Mixed_Voice_and_Falsetto\可乐\Mixed_Voice_Group\0013.wav,0,0.202159,1.657,Chinese,ZH-Alto-1,可乐,Chinese/ZH-Alto-1/可乐,0.0
d:\-MindEcho-main\ml_dl_models\gtsinger_multitech\dataset\raw\French\FR-Soprano-1\Vibrato\les oiseaux\Vibrato_Group\0000.wav,1,0.226574,2.71,French,FR-Soprano-1,les oiseaux,French/FR-Soprano-1/les oiseaux,0.461
d:\-MindEcho-main\ml_dl_models\gtsinger_multitech\dataset\raw\Chinese\ZH-Alto-1\Mixed_Voice_and_Falsetto\鸽子\Falsetto_Group\0006.wav,0,0.6279,5.982,Chinese,ZH-Alto-1,鸽子,Chinese/ZH-Alto-1/鸽子,0.0
d:\-MindEcho-main\ml_dl_models\gtsinger_multitech\dataset\raw\Chinese\ZH-Alto-1\Glissando\青花瓷\Control_Group\0005.wav,0,0.082873,1.2,Chinese,ZH-Alto-1,青花瓷,Chinese/ZH-Alto-1/青花瓷,0.0
d:\-MindEcho-main\ml_dl_models\gtsinger_multitech\dataset\raw\Chinese\ZH-Alto-1\Pharyngeal\没那么简单\Pharyngeal_Group\0014.wav,1,0.565719,5.38,Chinese,ZH-Alto-1,没那么简单,Chinese/ZH-Alto-1/没那么简单,0.46
d:\-MindEcho-main\ml_dl_models\gtsinger_multitech\dataset\raw\Chinese\ZH-Tenor-1\Vibrato\心动\Control_Group\0015.wav,1,0.380384,2.296,Chinese,ZH-Tenor-1,心动,Chinese/ZH-Tenor-1/心动,0.54
d:\-MindEcho-main\ml_dl_models\gtsinger_multitech\dataset\raw\Chinese\ZH-Alto-1\Pharyngeal\听海\Control_Group\0003.wav,0,0.18672,1.566,Chinese,ZH-Alto-1,听海,Chinese/ZH-Alto-1/听海,0.0
d:\-MindEcho-main\ml_dl_models\gtsinger_multitech\dataset\raw\French\FR-Tenor-1\Glissando\pourquoi\Control_Group\0003.wav,1,0.462159,7.957,French,FR-Tenor-1,pourquoi,French/FR-Tenor-1/pourquoi,0.34
d:\-MindEcho-main\ml_dl_models\gtsinger_multitech\dataset\raw\French\FR-Soprano-1\Mixed_Voice_and_Falsetto\magic boul'vard\Falsetto_Group\0006.wav,1,0.911041,13.523,French,FR-Soprano-1,magic boul'vard,French/FR-Soprano-1/magic boul'vard,2.641
d:\-MindEcho-main\ml_dl_models\gtsinger_multitech\dataset\raw\Chinese\ZH-Tenor-1\Mixed_Voice_and_Falsetto\偏爱\Control_Group\0018.wav,0,0.283714,2.31,Chinese,ZH-Tenor-1,偏爱,Chinese/ZH-Tenor-1/偏爱,0.0
d:\-MindEcho-main\ml_dl_models\gtsinger_multitech\dataset\raw\French\FR-Soprano-1\Pharyngeal\comment dire\Control_Group\0001.wav,1,0.761836,6.372,French,FR-Soprano-1,comment dire,French/FR-Soprano-1/comment dire,1.002
d:\-MindEcho-main\ml_dl_models\gtsinger_multitech\dataset\raw\Chinese\ZH-Alto-1\Mixed_Voice_and_Falsetto\年轮\Mixed_Voice_Group\0001.wav,1,0.419793,3.245,Chinese,ZH-Alto-1,年轮,Chinese/ZH-Alto-1/年轮,0.23
d:\-MindEcho-main\ml_dl_models\gtsinger_multitech\dataset\raw\Chinese\ZH-Alto-1\Mixed_Voice_and_Falsetto\我的歌声里\Control_Group\0001.wav,0,0.200508,1.58,Chinese,ZH-Alto-1,我的歌声里,Chinese/ZH-Alto-1/我的歌声里,0.0
"d:\-MindEcho-main\ml_dl_models\gtsinger_multitech\dataset\raw\French\FR-Soprano-1\Mixed_Voice_and_Falsetto\t'es beau,t'es beau\Mixed_Voice_Group\0004.wav",0,0.640588,6.755,French,FR-Soprano-1,"t'es beau,t'es beau","French/FR-Soprano-1/t'es beau,t'es beau",0.0
d:\-MindEcho-main\ml_dl_models\gtsinger_multitech\dataset\raw\Chinese\ZH-Alto-1\Mixed_Voice_and_Falsetto\终于等到你\Mixed_Voice_Group\0003.wav,0,0.469443,5.331,Chinese,ZH-Alto-1,终于等到你,Chinese/ZH-Alto-1/终于等到你,0.0
d:\-MindEcho-main\ml_dl_models\gtsinger_multitech\dataset\raw\Chinese\ZH-Tenor-1\Vibrato\残酷月光\Vibrato_Group\0007.wav,0,0.579916,5.515,Chinese,ZH-Tenor-1,残酷月光,Chinese/ZH-Tenor-1/残酷月光,0.0
d:\-MindEcho-main\ml_dl_models\gtsinger_multitech\dataset\raw\French\FR-Tenor-1\Mixed_Voice_and_Falsetto\Les Marionnettes\Mixed_Voice_Group\0005.wav,0,0.107874,1.718,French,FR-Tenor-1,Les Marionnettes,French/FR-Tenor-1/Les Marionnettes,0.0
d:\-MindEcho-main\ml_dl_models\gtsinger_multitech\dataset\raw\Chinese\ZH-Tenor-1\Vibrato\心动\Vibrato_Group\0016.wav,0,0.436942,6.7,Chinese,ZH-Tenor-1,心动,Chinese/ZH-Tenor-1/心动,0.0
d:\-MindEcho-main\ml_dl_models\gtsinger_multitech\dataset\raw\French\FR-Soprano-1\Mixed_Voice_and_Falsetto\nos ballades\Paired_Speech_Group\0007.wav,0,0.458574,2.773,French,FR-Soprano-1,nos ballades,French/FR-Soprano-1/nos ballades,0.0
d:\-MindEcho-main\ml_dl_models\gtsinger_multitech\dataset\raw\Chinese\ZH-Tenor-1\Mixed_Voice_and_Falsetto\讲真的\Falsetto_Group\0019.wav,0,0.142788,1.475,Chinese,ZH-Tenor-1,讲真的,Chinese/ZH-Tenor-1/讲真的,0.0
d:\-MindEcho-main\ml_dl_models\gtsinger_multitech\dataset\raw\Chinese\ZH-Tenor-1\Vibrato\后会无期\Control_Group\0001.wav,0,0.28234,2.414,Chinese,ZH-Tenor-1,后会无期,Chinese/ZH-Tenor-1/后会无期,0.0
d:\-MindEcho-main\ml_dl_models\gtsinger_multitech\dataset\raw\Chinese\ZH-Alto-1\Mixed_Voice_and_Falsetto\最长的电影\Falsetto_Group\0001.wav,1,0.469586,3.86,Chinese,ZH-Alto-1,最长的电影,Chinese/ZH-Alto-1/最长的电影,0.62
d:\-MindEcho-main\ml_dl_models\gtsinger_multitech\dataset\raw\Chinese\ZH-Tenor-1\Mixed_Voice_and_Falsetto\老男孩\Falsetto_Group\0022.wav,0,0.245841,1.33,Chinese,ZH-Tenor-1,老男孩,Chinese/ZH-Tenor-1/老男孩,0.0
d:\-MindEcho-main\ml_dl_models\gtsinger_multitech\dataset\raw\Chinese\ZH-Tenor-1\Mixed_Voice_and_Falsetto\终于等到你\Mixed_Voice_Group\0000.wav,0,0.479348,4.41,Chinese,ZH-Tenor-1,终于等到你,Chinese/ZH-Tenor-1/终于等到你,0.0
d:\-MindEcho-main\ml_dl_models\gtsinger_multitech\dataset\raw\Chinese\ZH-Tenor-1\Mixed_Voice_and_Falsetto\倒带\Mixed_Voice_Group\0013.wav,0,0.2231,1.555,Chinese,ZH-Tenor-1,倒带,Chinese/ZH-Tenor-1/倒带,0.0
d:\-MindEcho-main\ml_dl_models\gtsinger_multitech\dataset\raw\French\FR-Soprano-1\Glissando\la fuite\Control_Group\0001.wav,1,0.708246,8.21,French,FR-Soprano-1,la fuite,French/FR-Soprano-1/la fuite,0.446
d:\-MindEcho-main\ml_dl_models\gtsinger_multitech\dataset\raw\Chinese\ZH-Alto-1\Mixed_Voice_and_Falsetto\三寸天堂\Falsetto_Group\0012.wav,0,0.396681,3.705,Chinese,ZH-Alto-1,三寸天堂,Chinese/ZH-Alto-1/三寸天堂,0.0
d:\-MindEcho-main\ml_dl_models\gtsinger_multitech\dataset\raw\Chinese\ZH-Alto-1\Mixed_Voice_and_Falsetto\演员\Mixed_Voice_Group\0018.wav,0,0.386835,3.35,Chinese,ZH-Alto-1,演员,Chinese/ZH-Alto-1/演员,0.0
d:\-MindEcho-main\ml_dl_models\gtsinger_multitech\dataset\raw\Chinese\ZH-Alto-1\Mixed_Voice_and_Falsetto\烟花易冷\Control_Group\0021.wav,0,0.519886,3.66,Chinese,ZH-Alto-1,烟花易冷,Chinese/ZH-Alto-1/烟花易冷,0.0
d:\-MindEcho-main\ml_dl_models\gtsinger_multitech\dataset\raw\French\FR-Soprano-1\Pharyngeal\il aurait suffit\Control_Group\0008.wav,1,0.14844,2.184,French,FR-Soprano-1,il aurait suffit,French/FR-Soprano-1/il aurait suffit,0.928
d:\-MindEcho-main\ml_dl_models\gtsinger_multitech\dataset\raw\Chinese\ZH-Alto-1\Pharyngeal\小幸运\Control_Group\0001.wav,0,0.482193,5.145,Chinese,ZH-Alto-1,小幸运,Chinese/ZH-Alto-1/小幸运,0.0
d:\-MindEcho-main\ml_dl_models\gtsinger_multitech\dataset\raw\Chinese\ZH-Tenor-1\Pharyngeal\不为谁而作的歌\Control_Group\0005.wav,0,0.164342,1.355,Chinese,ZH-Tenor-1,不为谁而作的歌,Chinese/ZH-Tenor-1/不为谁而作的歌,0.0
d:\-MindEcho-main\ml_dl_models\gtsinger_multitech\dataset\raw\Chinese\ZH-Tenor-1\Mixed_Voice_and_Falsetto\一次就好\Control_Group\0007.wav,1,0.514124,5.46,Chinese,ZH-Tenor-1,一次就好,Chinese/ZH-Tenor-1/一次就好,0.5
d:\-MindEcho-main\ml_dl_models\gtsinger_multitech\dataset\raw\French\FR-Soprano-1\Glissando\on m'appelle heidi\Glissando_Group\0001.wav,0,0.137032,1.845,French,FR-Soprano-1,on m'appelle heidi,French/FR-Soprano-1/on m'appelle heidi,0.0
d:\-MindEcho-main\ml_dl_models\gtsinger_multitech\dataset\raw\French\FR-Soprano-1\Glissando\pour la peine\Glissando_Group\0002.wav,1,0.3658,4.473,French,FR-Soprano-1,pour la peine,French/FR-Soprano-1/pour la peine,0.12
d:\-MindEcho-main\ml_dl_models\gtsinger_multitech\dataset\raw\French\FR-Tenor-1\Glissando\manon\Paired_Speech_Group\0000.wav,0,0.520321,4.468,French,FR-Tenor-1,manon,French/FR-Tenor-1/manon,0.0
d:\-MindEcho-main\ml_dl_models\gtsinger_multitech\dataset\raw\French\FR-Soprano-1\Mixed_Voice_and_Falsetto\le dernier train\Mixed_Voice_Group\0001.wav,0,0.608336,6.357,French,FR-Soprano-1,le dernier train,French/FR-Soprano-1/le dernier train,0.0
d:\-MindEcho-main\ml_dl_models\gtsinger_multitech\dataset\raw\Chinese\ZH-Alto-1\Glissando\温柔\Control_Group\0002.wav,0,0.571097,3.695,Chinese,ZH-Alto-1,温柔,Chinese/ZH-Alto-1/温柔,0.0
d:\-MindEcho-main\ml_dl_models\gtsinger_multitech\dataset\raw\Chinese\ZH-Tenor-1\Glissando\大鱼\Glissando_Group\0001.wav,0,0.128251,1.43,Chinese,ZH-Tenor-1,大鱼,Chinese/ZH-Tenor-1/大鱼,0.0
d:\-MindEcho-main\ml_dl_models\gtsinger_multitech\dataset\raw\Chinese\ZH-Alto-1\Breathy\说谎\Control_Group\0007.wav,0,0.188014,1.6,Chinese,ZH-Alto-1,说谎,Chinese/ZH-Alto-1/说谎,0.0
d:\-MindEcho-main\ml_dl_models\gtsinger_multitech\dataset\raw\French\FR-Soprano-1\Breathy\soleil solleil\Paired_Speech_Group\0007.wav,0,0.683734,4.153,French,FR-Soprano-1,soleil solleil,French/FR-Soprano-1/soleil solleil,0.0
d:\-MindEcho-main\ml_dl_models\gtsinger_multitech\dataset\raw\Chinese\ZH-Tenor-1\Mixed_Voice_and_Falsetto\青花瓷\Mixed_Voice_Group\0004.wav,0,0.574971,4.881,Chinese,ZH-Tenor-1,青花瓷,Chinese/ZH-Tenor-1/青花瓷,0.0
d:\-MindEcho-main\ml_dl_models\gtsinger_multitech\dataset\raw\Chinese\ZH-Alto-1\Vibrato\奇妙能力歌\Vibrato_Group\0009.wav,0,0.564426,4.03,Chinese,ZH-Alto-1,奇妙能力歌,Chinese/ZH-Alto-1/奇妙能力歌,0.0
d:\-MindEcho-main\ml_dl_models\gtsinger_multitech\dataset\raw\Chinese\ZH-Alto-1\Pharyngeal\说散就散\Pharyngeal_Group\0008.wav,1,0.25271,1.958,Chinese,ZH-Alto-1,说散就散,Chinese/ZH-Alto-1/说散就散,0.183
d:\-MindEcho-main\ml_dl_models\gtsinger_multitech\dataset\raw\Chinese\ZH-Alto-1\Mixed_Voice_and_Falsetto\三寸天堂\Mixed_Voice_Group\0003.wav,0,0.295068,1.735,Chinese,ZH-Alto-1,三寸天堂,Chinese/ZH-Alto-1/三寸天堂,0.0
d:\-MindEcho-main\ml_dl_models\gtsinger_multitech\dataset\raw\Chinese\ZH-Alto-1\Breathy\知足\Breathy_Group\0003.wav,0,0.181203,1.205,Chinese,ZH-Alto-1,知足,Chinese/ZH-Alto-1/知足,0.0
d:\-MindEcho-main\ml_dl_models\gtsinger_multitech\dataset\raw\Chinese\ZH-Alto-1\Mixed_Voice_and_Falsetto\一次就好\Falsetto_Group\0007.wav,0,0.19449,1.437,Chinese,ZH-Alto-1,一次就好,Chinese/ZH-Alto-1/一次就好,0.0
d:\-MindEcho-main\ml_dl_models\gtsinger_multitech\dataset\raw\Chinese\ZH-Tenor-1\Mixed_Voice_and_Falsetto\演员\Control_Group\0006.wav,1,0.500497,5.05,Chinese,ZH-Tenor-1,演员,Chinese/ZH-Tenor-1/演员,0.4
d:\-MindEcho-main\ml_dl_models\gtsinger_multitech\dataset\raw\Chinese\ZH-Alto-1\Mixed_Voice_and_Falsetto\忽然之间\Control_Group\0001.wav,1,0.61235,6.595,Chinese,ZH-Alto-1,忽然之间,Chinese/ZH-Alto-1/忽然之间,1.77
d:\-MindEcho-main\ml_dl_models\gtsinger_multitech\dataset\raw\Chinese\ZH-Alto-1\Mixed_Voice_and_Falsetto\后来\Falsetto_Group\0005.wav,0,0.199122,1.36,Chinese,ZH-Alto-1,后来,Chinese/ZH-Alto-1/后来,0.0
d:\-MindEcho-main\ml_dl_models\gtsinger_multitech\dataset\raw\French\FR-Tenor-1\Breathy\pourquoi\Breathy_Group\0011.wav,1,0.904183,12.227,French,FR-Tenor-1,pourquoi,French/FR-Tenor-1/pourquoi,0.594
d:\-MindEcho-main\ml_dl_models\gtsinger_multitech\dataset\raw\French\FR-Soprano-1\Mixed_Voice_and_Falsetto\mustang cabriolet\Mixed_Voice_Group\0006.wav,1,0.903397,11.328,French,FR-Soprano-1,mustang cabriolet,French/FR-Soprano-1/mustang cabriolet,2.188
d:\-MindEcho-main\ml_dl_models\gtsinger_multitech\dataset\raw\French\FR-Soprano-1\Vibrato\les oiseaux\Control_Group\0003.wav,0,0.180711,2.271,French,FR-Soprano-1,les oiseaux,French/FR-Soprano-1/les oiseaux,0.0
d:\-MindEcho-main\ml_dl_models\gtsinger_multitech\dataset\raw\French\FR-Tenor-1\Glissando\ouvre\Glissando_Group\0000.wav,1,0.070576,0.37,French,FR-Tenor-1,ouvre,French/FR-Tenor-1/ouvre,0.74
d:\-MindEcho-main\ml_dl_models\gtsinger_multitech\dataset\raw\Chinese\ZH-Alto-1\Mixed_Voice_and_Falsetto\鸽子\Mixed_Voice_Group\0001.wav,1,0.467864,4.125,Chinese,ZH-Alto-1,鸽子,Chinese/ZH-Alto-1/鸽子,0.31
d:\-MindEcho-main\ml_dl_models\gtsinger_multitech\dataset\raw\Chinese\ZH-Alto-1\Vibrato\我真的受伤了\Control_Group\0010.wav,0,0.24584,1.625,Chinese,ZH-Alto-1,我真的受伤了,Chinese/ZH-Alto-1/我真的受伤了,0.0
d:\-MindEcho-main\ml_dl_models\gtsinger_multitech\dataset\raw\Chinese\ZH-Tenor-1\Mixed_Voice_and_Falsetto\可惜没如果\Control_Group\0000.wav,1,0.341627,3.57,Chinese,ZH-Tenor-1,可惜没如果,Chinese/ZH-Tenor-1/可惜没如果,0.82
d:\-MindEcho-main\ml_dl_models\gtsinger_multitech\dataset\raw\Chinese\ZH-Tenor-1\Breathy\传奇\Breathy_Group\0007.wav,0,0.175781,1.35,Chinese,ZH-Tenor-1,传奇,Chinese/ZH-Tenor-1/传奇,0.0
d:\-MindEcho-main\ml_dl_models\gtsinger_multitech\dataset\raw\Chinese\ZH-Alto-1\Mixed_Voice_and_Falsetto\匆匆那年\Falsetto_Group\0011.wav,0,0.351706,4.329,Chinese,ZH-Alto-1,匆匆那年,Chinese/ZH-Alto-1/匆匆那年,0.0
d:\-MindEcho-main\ml_dl_models\gtsinger_multitech\dataset\raw\Chinese\ZH-Alto-1\Mixed_Voice_and_Falsetto\贝加尔湖畔\Falsetto_Group\0009.wav,0,0.181501,1.535,Chinese,ZH-Alto-1,贝加尔湖畔,Chinese/ZH-Alto-1/贝加尔湖畔,0.0
d:\-MindEcho-main\ml_dl_models\gtsinger_multitech\dataset\raw\Chinese\ZH-Tenor-1\Pharyngeal\传奇\Pharyngeal_Group\0007.wav,0,0.134378,1.63,Chinese,ZH-Tenor-1,传奇,Chinese/ZH-Tenor-1/传奇,0.0
d:\-MindEcho-main\ml_dl_models\gtsinger_multitech\dataset\raw\Chinese\ZH-Alto-1\Breathy\默\Control_Group\0002.wav,0,0.233427,1.655,Chinese,ZH-Alto-1,默,Chinese/ZH-Alto-1/默,0.0
d:\-MindEcho-main\ml_dl_models\gtsinger_multitech\dataset\raw\French\FR-Soprano-1\Breathy\la chanson de la mer\Paired_Speech_Group\0003.wav,0,0.289284,1.366,French,FR-Soprano-1,la chanson de la mer,French/FR-Soprano-1/la chanson de la mer,0.0
d:\-MindEcho-main\ml_dl_models\gtsinger_multitech\dataset\raw\Chinese\ZH-Tenor-1\Mixed_Voice_and_Falsetto\偏爱\Falsetto_Group\0018.wav,0,0.292367,2.26,Chinese,ZH-Tenor-1,偏爱,Chinese/ZH-Tenor-1/偏爱,0.0
d:\-MindEcho-main\ml_dl_models\gtsinger_multitech\dataset\raw\Chinese\ZH-Alto-1\Pharyngeal\没那么简单\Control_Group\0008.wav,0,0.229558,1.297,Chinese,ZH-Alto-1,没那么简单,Chinese/ZH-Alto-1/没那么简单,0.0
d:\-MindEcho-main\ml_dl_models\gtsinger_multitech\dataset\raw\Chinese\ZH-Tenor-1\Breathy\我真的受伤了\Control_Group\0001.wav,1,0.236842,2.88,Chinese,ZH-Tenor-1,我真的受伤了,Chinese/ZH-Tenor-1/我真的受伤了,0.8
d:\-MindEcho-main\ml_dl_models\gtsinger_multitech\dataset\raw\Chinese\ZH-Tenor-1\Pharyngeal\不为谁而作的歌\Control_Group\0003.wav,0,0.278279,1.818,Chinese,ZH-Tenor-1,不为谁而作的歌,Chinese/ZH-Tenor-1/不为谁而作的歌,0.0
d:\-MindEcho-main\ml_dl_models\gtsinger_multitech\dataset\raw\Chinese\ZH-Tenor-1\Glissando\彩虹\Control_Group\0000.wav,0,0.479705,2.6,Chinese,ZH-Tenor-1,彩虹,Chinese/ZH-Tenor-1/彩虹,0.0
d:\-MindEcho-main\ml_dl_models\gtsinger_multitech\dataset\raw\French\FR-Soprano-1\Mixed_Voice_and_Falsetto\la vaguelette\Mixed_Voice_Group\0003.wav,1,0.219912,2.56,French,FR-Soprano-1,la vaguelette,French/FR-Soprano-1/la vaguelette,0.382
d:\-MindEcho-main\ml_dl_models\gtsinger_multitech\dataset\raw\Chinese\ZH-Tenor-1\Mixed_Voice_and_Falsetto\情歌\Falsetto_Group\0022.wav,1,0.277842,2.42,Chinese,ZH-Tenor-1,情歌,Chinese/ZH-Tenor-1/情歌,0.28
d:\-MindEcho-main\ml_dl_models\gtsinger_multitech\dataset\raw\French\FR-Soprano-1\Glissando\pour la peine\Control_Group\0004.wav,1,0.471949,7.098,French,FR-Soprano-1,pour la peine,French/FR-Soprano-1/pour la peine,0.442
d:\-MindEcho-main\ml_dl_models\gtsinger_multitech\dataset\raw\French\FR-Tenor-1\Mixed_Voice_and_Falsetto\Les Marionnettes\Control_Group\0001.wav,0,0.44133,8.117,French,FR-Tenor-1,Les Marionnettes,French/FR-Tenor-1/Les Marionnettes,0.0
d:\-MindEcho-main\ml_dl_models\gtsinger_multitech\dataset\raw\French\FR-Soprano-1\Pharyngeal\je ne veux pas de toi\Control_Group\0000.wav,0,0.519585,4.908,French,FR-Soprano-1,je ne veux pas de toi,French/FR-Soprano-1/je ne veux pas de toi,0.0
d:\-MindEcho-main\ml_dl_models\gtsinger_multitech\dataset\raw\Chinese\ZH-Alto-1\Breathy\失落沙洲\Breathy_Group\0003.wav,0,0.487349,4.045,Chinese,ZH-Alto-1,失落沙洲,Chinese/ZH-Alto-1/失落沙洲,0.0
d:\-MindEcho-main\ml_dl_models\gtsinger_multitech\dataset\raw\Chinese\ZH-Tenor-1\Mixed_Voice_and_Falsetto\倒带\Control_Group\0015.wav,0,0.229318,1.58,Chinese,ZH-Tenor-1,倒带,Chinese/ZH-Tenor-1/倒带,0.0
d:\-MindEcho-main\ml_dl_models\gtsinger_multitech\dataset\raw\Chinese\ZH-Tenor-1\Breathy\化身孤岛的鲸\Breathy_Group\0022.wav,0,0.161928,1.31,Chinese,ZH-Tenor-1,化身孤岛的鲸,Chinese/ZH-Tenor-1/化身孤岛的鲸,0.0
d:\-MindEcho-main\ml_dl_models\gtsinger_multitech\dataset\raw\Chinese\ZH-Alto-1\Mixed_Voice_and_Falsetto\知足\Falsetto_Group\0009.wav,0,0.604777,5.57,Chinese,ZH-Alto-1,知足,Chinese/ZH-Alto-1/知足,0.0
d:\-MindEcho-main\ml_dl_models\gtsinger_multitech\dataset\raw\Chinese\ZH-Tenor-1\Mixed_Voice_and_Falsetto\一次就好\Control_Group\0007.wav,0,0.124294,1.32,Chinese,ZH-Tenor-1,一次就好,Chinese/ZH-Tenor-1/一次就好,0.0
d:\-MindEcho-main\ml_dl_models\gtsinger_multitech\dataset\raw\French\FR-Soprano-1\Breathy\le balcon\Control_Group\0014.wav,1,0.122287,0.417,French,FR-Soprano-1,le balcon,French/FR-Soprano-1/le balcon,0.119
d:\-MindEcho-main\ml_dl_models\gtsinger_multitech\dataset\raw\German\DE-Soprano-1\Breathy\Copilot\Control_Group\0005.wav,0,0.245343,1.62,German,DE-Soprano-1,Copilot,German/DE-Soprano-1/Copilot,0.0
d:\-MindEcho-main\ml_dl_models\gtsinger_multitech\dataset\raw\French\FR-Soprano-1\Breathy\la famillle que l'on a choisie\Breathy_Group\0000.wav,0,0.566808,4.802,French,FR-Soprano-1,la famillle que l'on a choisie,French/FR-Soprano-1/la famillle que l'on a choisie,0.0
d:\-MindEcho-main\ml_dl_models\gtsinger_multitech\dataset\raw\Chinese\ZH-Tenor-1\Vibrato\失落沙洲\Vibrato_Group\0003.wav,0,0.425243,2.636,Chinese,ZH-Tenor-1,失落沙洲,Chinese/ZH-Tenor-1/失落沙洲,0.0
d:\-MindEcho-main\ml_dl_models\gtsinger_multitech\dataset\raw\Chinese\ZH-Tenor-1\Glissando\画心\Control_Group\0001.wav,0,0.393731,2.575,Chinese,ZH-Tenor-1,画心,Chinese/ZH-Tenor-1/画心,0.0
d:\-MindEcho-main\ml_dl_models\gtsinger_multitech\dataset\raw\Chinese\ZH-Alto-1\Mixed_Voice_and_Falsetto\桃花诺\Control_Group\0003.wav,1,0.622032,5.18,Chinese,ZH-Alto-1,桃花诺,Chinese/ZH-Alto-1/桃花诺,0.34
d:\-MindEcho-main\ml_dl_models\gtsinger_multitech\dataset\raw\Chinese\ZH-Alto-1\Mixed_Voice_and_Falsetto\青花瓷\Control_Group\0006.wav,1,0.300159,1.885,Chinese,ZH-Alto-1,青花瓷,Chinese/ZH-Alto-1/青花瓷,0.21
d:\-MindEcho-main\ml_dl_models\gtsinger_multitech\dataset\raw\Chinese\ZH-Tenor-1\Glissando\不染\Glissando_Group\0026.wav,0,0.626302,4.215,Chinese,ZH-Tenor-1,不染,Chinese/ZH-Tenor-1/不染,0.0
d:\-MindEcho-main\ml_dl_models\gtsinger_multitech\dataset\raw\Chinese\ZH-Alto-1\Pharyngeal\不为谁而作的歌\Pharyngeal_Group\0011.wav,0,0.158658,1.215,Chinese,ZH-Alto-1,不为谁而作的歌,Chinese/ZH-Alto-1/不为谁而作的歌,0.0
d:\-MindEcho-main\ml_dl_models\gtsinger_multitech\dataset\raw\Chinese\ZH-Tenor-1\Mixed_Voice_and_Falsetto\残酷月光\Falsetto_Group\0000.wav,0,0.211034,1.53,Chinese,ZH-Tenor-1,残酷月光,Chinese/ZH-Tenor-1/残酷月光,0.0
d:\-MindEcho-main\ml_dl_models\gtsinger_multitech\dataset\raw\French\FR-Tenor-1\Breathy\pourquoi\Control_Group\0003.wav,1,0.532939,4.935,French,FR-Tenor-1,pourquoi,French/FR-Tenor-1/pourquoi,0.45
d:\-MindEcho-main\ml_dl_models\gtsinger_multitech\dataset\raw\French\FR-Soprano-1\Mixed_Voice_and_Falsetto\la gloire a mes genoux\Mixed_Voice_Group\0000.wav,1,0.594903,5.391,French,FR-Soprano-1,la gloire a mes genoux,French/FR-Soprano-1/la gloire a mes genoux,0.14
d:\-MindEcho-main\ml_dl_models\gtsinger_multitech\dataset\raw\Chinese\ZH-Alto-1\Mixed_Voice_and_Falsetto\最长的电影\Control_Group\0008.wav,1,0.514128,4.185,Chinese,ZH-Alto-1,最长的电影,Chinese/ZH-Alto-1/最长的电影,0.47
d:\-MindEcho-main\ml_dl_models\gtsinger_multitech\dataset\raw\Chinese\ZH-Tenor-1\Breathy\不染\Control_Group\0005.wav,0,0.507553,3.36,Chinese,ZH-Tenor-1,不染,Chinese/ZH-Tenor-1/不染,0.0
d:\-MindEcho-main\ml_dl_models\gtsinger_multitech\dataset\raw\Chinese\ZH-Alto-1\Pharyngeal\崇拜\Control_Group\0010.wav,0,0.44599,2.725,Chinese,ZH-Alto-1,崇拜,Chinese/ZH-Alto-1/崇拜,0.0
d:\-MindEcho-main\ml_dl_models\gtsinger_multitech\dataset\raw\Chinese\ZH-Alto-1\Breathy\说谎\Control_Group\0008.wav,0,0.194086,1.264,Chinese,ZH-Alto-1,说谎,Chinese/ZH-Alto-1/说谎,0.0
d:\-MindEcho-main\ml_dl_models\gtsinger_multitech\dataset\raw\Chinese\ZH-Tenor-1\Breathy\慢慢喜欢你\Control_Group\0015.wav,1,0.580694,7.7,Chinese,ZH-Tenor-1,慢慢喜欢你,Chinese/ZH-Tenor-1/慢慢喜欢你,0.5
d:\-MindEcho-main\ml_dl_models\gtsinger_multitech\dataset\raw\French\FR-Soprano-1\Pharyngeal\l'amour\Control_Group\0002.wav,1,0.62562,7.827,French,FR-Soprano-1,l'amour,French/FR-Soprano-1/l'amour,0.389
d:\-MindEcho-main\ml_dl_models\gtsinger_multitech\dataset\raw\Chinese\ZH-Tenor-1\Mixed_Voice_and_Falsetto\听海\Falsetto_Group\0005.wav,0,0.222919,1.546,Chinese,ZH-Tenor-1,听海,Chinese/ZH-Tenor-1/听海,0.0
d:\-MindEcho-main\ml_dl_models\gtsinger_multitech\dataset\raw\Chinese\ZH-Tenor-1\Glissando\给电影人的情书\Glissando_Group\0011.wav,1,0.786902,7.57,Chinese,ZH-Tenor-1,给电影人的情书,Chinese/ZH-Tenor-1/给电影人的情书,0.28
d:\-MindEcho-main\ml_dl_models\gtsinger_multitech\dataset\raw\Chinese\ZH-Alto-1\Glissando\青花瓷\Control_Group\0009.wav,1,0.607961,8.019,Chinese,ZH-Alto-1,青花瓷,Chinese/ZH-Alto-1/青花瓷,0.298
d:\-MindEcho-main\ml_dl_models\gtsinger_multitech\dataset\raw\Chinese\ZH-Alto-1\Breathy\温柔\Breathy_Group\0001.wav,1,0.558252,4.025,Chinese,ZH-Alto-1,温柔,Chinese/ZH-Alto-1/温柔,0.27
d:\-MindEcho-main\ml_dl_models\gtsinger_multitech\dataset\raw\Chinese\ZH-Tenor-1\Pharyngeal\全世界谁倾听你\Control_Group\0008.wav,0,0.176283,1.775,Chinese,ZH-Tenor-1,全世界谁倾听你,Chinese/ZH-Tenor-1/全世界谁倾听你,0.0
d:\-MindEcho-main\ml_dl_models\gtsinger_multitech\dataset\raw\Chinese\ZH-Tenor-1\Vibrato\知足\Control_Group\0003.wav,1,0.188794,2.645,Chinese,ZH-Tenor-1,知足,Chinese/ZH-Tenor-1/知足,0.79
d:\-MindEcho-main\ml_dl_models\gtsinger_multitech\dataset\raw\Chinese\ZH-Alto-1\Pharyngeal\老男孩\Pharyngeal_Group\0001.wav,1,0.543036,5.255,Chinese,ZH-Alto-1,老男孩,Chinese/ZH-Alto-1/老男孩,0.349
d:\-MindEcho-main\ml_dl_models\gtsinger_multitech\dataset\raw\French\FR-Soprano-1\Glissando\dingdong\Control_Group\0009.wav,1,0.804434,10.123,French,FR-Soprano-1,dingdong,French/FR-Soprano-1/dingdong,0.22
d:\-MindEcho-main\ml_dl_models\gtsinger_multitech\dataset\raw\Chinese\ZH-Tenor-1\Mixed_Voice_and_Falsetto\演员\Mixed_Voice_Group\0007.wav,0,0.174505,1.41,Chinese,ZH-Tenor-1,演员,Chinese/ZH-Tenor-1/演员,0.0
d:\-MindEcho-main\ml_dl_models\gtsinger_multitech\dataset\raw\Chinese\ZH-Tenor-1\Pharyngeal\我怀念的\Pharyngeal_Group\0005.wav,1,0.260745,2.008,Chinese,ZH-Tenor-1,我怀念的,Chinese/ZH-Tenor-1/我怀念的,0.242
d:\-MindEcho-main\ml_dl_models\gtsinger_multitech\dataset\raw\Chinese\ZH-Alto-1\Mixed_Voice_and_Falsetto\后来\Falsetto_Group\0000.wav,0,0.474526,4.005,Chinese,ZH-Alto-1,后来,Chinese/ZH-Alto-1/后来,0.0
d:\-MindEcho-main\ml_dl_models\gtsinger_multitech\dataset\raw\Chinese\ZH-Tenor-1\Mixed_Voice_and_Falsetto\枫\Control_Group\0009.wav,1,0.429817,5.175,Chinese,ZH-Tenor-1,枫,Chinese/ZH-Tenor-1/枫,0.39
d:\-MindEcho-main\ml_dl_models\gtsinger_multitech\dataset\raw\Chinese\ZH-Alto-1\Vibrato\年轮\Vibrato_Group\0003.wav,1,0.674562,6.55,Chinese,ZH-Alto-1,年轮,Chinese/ZH-Alto-1/年轮,0.4
d:\-MindEcho-main\ml_dl_models\gtsinger_multitech\dataset\raw\Chinese\ZH-Alto-1\Breathy\不再见\Breathy_Group\0005.wav,1,0.527977,3.68,Chinese,ZH-Alto-1,不再见,Chinese/ZH-Alto-1/不再见,0.42
d:\-MindEcho-main\ml_dl_models\gtsinger_multitech\dataset\raw\French\FR-Soprano-1\Mixed_Voice_and_Falsetto\nos ballades\Paired_Speech_Group\0001.wav,0,0.218156,1.216,French,FR-Soprano-1,nos ballades,French/FR-Soprano-1/nos ballades,0.0
d:\-MindEcho-main\ml_dl_models\gtsinger_multitech\dataset\raw\Chinese\ZH-Tenor-1\Pharyngeal\不要忘记我爱你\Control_Group\0015.wav,1,0.349012,3.48,Chinese,ZH-Tenor-1,不要忘记我爱你,Chinese/ZH-Tenor-1/不要忘记我爱你,0.7
d:\-MindEcho-main\ml_dl_models\gtsinger_multitech\dataset\raw\French\FR-Soprano-1\Vibrato\eden eden\Vibrato_Group\0005.wav,0,0.155694,2.093,French,FR-Soprano-1,eden eden,French/FR-Soprano-1/eden eden,0.0
d:\-MindEcho-main\ml_dl_models\gtsinger_multitech\dataset\raw\Chinese\ZH-Tenor-1\Mixed_Voice_and_Falsetto\全世界谁倾听你\Control_Group\0008.wav,1,0.525706,5.215,Chinese,ZH-Tenor-1,全世界谁倾听你,Chinese/ZH-Tenor-1/全世界谁倾听你,0.23
d:\-MindEcho-main\ml_dl_models\gtsinger_multitech\dataset\raw\Chinese\ZH-Tenor-1\Pharyngeal\雨爱\Control_Group\0004.wav,1,0.36988,3.07,Chinese,ZH-Tenor-1,雨爱,Chinese/ZH-Tenor-1/雨爱,0.36
d:\-MindEcho-main\ml_dl_models\gtsinger_multitech\dataset\raw\Chinese\ZH-Alto-1\Mixed_Voice_and_Falsetto\剑伤\Control_Group\0005.wav,0,0.515514,3.788,Chinese,ZH-Alto-1,剑伤,Chinese/ZH-Alto-1/剑伤,0.0
d:\-MindEcho-main\ml_dl_models\gtsinger_multitech\dataset\raw\Chinese\ZH-Tenor-1\Mixed_Voice_and_Falsetto\残酷月光\Falsetto_Group\0018.wav,1,0.400478,3.855,Chinese,ZH-Tenor-1,残酷月光,Chinese/ZH-Tenor-1/残酷月光,0.27
d:\-MindEcho-main\ml_dl_models\gtsinger_multitech\dataset\raw\French\FR-Soprano-1\Breathy\le balcon\Paired_Speech_Group\0005.wav,0,0.427039,2.226,French,FR-Soprano-1,le balcon,French/FR-Soprano-1/le balcon,0.0
d:\-MindEcho-main\ml_dl_models\gtsinger_multitech\dataset\raw\Chinese\ZH-Tenor-1\Mixed_Voice_and_Falsetto\全世界谁倾听你\Falsetto_Group\0008.wav,1,0.514677,5.085,Chinese,ZH-Tenor-1,全世界谁倾听你,Chinese/ZH-Tenor-1/全世界谁倾听你,0.29
d:\-MindEcho-main\ml_dl_models\gtsinger_multitech\dataset\raw\Chinese\ZH-Tenor-1\Pharyngeal\最初的梦想\Control_Group\0006.wav,1,0.166436,1.15,Chinese,ZH-Tenor-1,最初的梦想,Chinese/ZH-Tenor-1/最初的梦想,0.32
d:\-MindEcho-main\ml_dl_models\gtsinger_multitech\dataset\raw\Chinese\ZH-Alto-1\Vibrato\南屏晚钟\Control_Group\0000.wav,0,0.149065,1.355,Chinese,ZH-Alto-1,南屏晚钟,Chinese/ZH-Alto-1/南屏晚钟,0.0
d:\-MindEcho-main\ml_dl_models\gtsinger_multitech\dataset\raw\Chinese\ZH-Alto-1\Mixed_Voice_and_Falsetto\青花瓷\Control_Group\0009.wav,0,0.167956,1.52,Chinese,ZH-Alto-1,青花瓷,Chinese/ZH-Alto-1/青花瓷,0.0
d:\-MindEcho-main\ml_dl_models\gtsinger_multitech\dataset\raw\Chinese\ZH-Alto-1\Mixed_Voice_and_Falsetto\一次就好\Mixed_Voice_Group\0005.wav,1,0.645939,7.5,Chinese,ZH-Alto-1,一次就好,Chinese/ZH-Alto-1/一次就好,0.32
d:\-MindEcho-main\ml_dl_models\gtsinger_multitech\dataset\raw\Chinese\ZH-Alto-1\Mixed_Voice_and_Falsetto\可乐\Control_Group\0011.wav,0,0.469613,3.4,Chinese,ZH-Alto-1,可乐,Chinese/ZH-Alto-1/可乐,0.0
d:\-MindEcho-main\ml_dl_models\gtsinger_multitech\dataset\raw\French\FR-Soprano-1\Mixed_Voice_and_Falsetto\eviter les roses\Falsetto_Group\0007.wav,0,0.410221,7.543,French,FR-Soprano-1,eviter les roses,French/FR-Soprano-1/eviter les roses,0.0
d:\-MindEcho-main\ml_dl_models\gtsinger_multitech\dataset\raw\French\FR-Soprano-1\Pharyngeal\il aurait suffit\Control_Group\0007.wav,0,0.163641,1.758,French,FR-Soprano-1,il aurait suffit,French/FR-Soprano-1/il aurait suffit,0.0
d:\-MindEcho-main\ml_dl_models\gtsinger_multitech\dataset\raw\French\FR-Tenor-1\Glissando\Les Marionnettes\Glissando_Group\0007.wav,0,0.553306,7.992,French,FR-Tenor-1,Les Marionnettes,French/FR-Tenor-1/Les Marionnettes,0.0
d:\-MindEcho-main\ml_dl_models\gtsinger_multitech\dataset\raw\Chinese\ZH-Tenor-1\Mixed_Voice_and_Falsetto\想自由\Control_Group\0010.wav,0,0.544573,3.763,Chinese,ZH-Tenor-1,想自由,Chinese/ZH-Tenor-1/想自由,0.0
d:\-MindEcho-main\ml_dl_models\gtsinger_multitech\dataset\raw\Chinese\ZH-Alto-1\Breathy\默\Control_Group\0002.wav,1,0.449929,3.19,Chinese,ZH-Alto-1,默,Chinese/ZH-Alto-1/默,1.32
d:\-MindEcho-main\ml_dl_models\gtsinger_multitech\dataset\raw\Chinese\ZH-Tenor-1\Mixed_Voice_and_Falsetto\平凡之路\Mixed_Voice_Group\0011.wav,0,0.175659,1.4,Chinese,ZH-Tenor-1,平凡之路,Chinese/ZH-Tenor-1/平凡之路,0.0
d:\-MindEcho-main\ml_dl_models\gtsinger_multitech\dataset\raw\Chinese\ZH-Tenor-1\Vibrato\残酷月光\Vibrato_Group\0006.wav,0,0.145894,1.51,Chinese,ZH-Tenor-1,残酷月光,Chinese/ZH-Tenor-1/残酷月光,0.0
d:\-MindEcho-main\ml_dl_models\gtsinger_multitech\dataset\raw\Chinese\ZH-Alto-1\Mixed_Voice_and_Falsetto\日不落\Control_Group\0003.wav,1,0.530243,3.945,Chinese,ZH-Alto-1,日不落,Chinese/ZH-Alto-1/日不落,0.31
d:\-MindEcho-main\ml_dl_models\gtsinger_multitech\dataset\raw\Chinese\ZH-Tenor-1\Mixed_Voice_and_Falsetto\我的歌声里\Falsetto_Group\0006.wav,1,0.44129,3.42,Chinese,ZH-Tenor-1,我的歌声里,Chinese/ZH-Tenor-1/我的歌声里,0.28
d:\-MindEcho-main\ml_dl_models\gtsinger_multitech\dataset\raw\French\FR-Tenor-1\Glissando\Les Marionnettes\Control_Group\0003.wav,1,0.575698,6.702,French,FR-Tenor-1,Les Marionnettes,French/FR-Tenor-1/Les Marionnettes,0.718
d:\-MindEcho-main\ml_dl_models\gtsinger_multitech\dataset\raw\Chinese\ZH-Alto-1\Breathy\奇妙能力歌\Breathy_Group\0004.wav,0,0.180317,1.365,Chinese,ZH-Alto-1,奇妙能力歌,Chinese/ZH-Alto-1/奇妙能力歌,0.0
d:\-MindEcho-main\ml_dl_models\gtsinger_multitech\dataset\raw\Chinese\ZH-Tenor-1\Mixed_Voice_and_Falsetto\平凡之路\Mixed_Voice_Group\0002.wav,0,0.473729,2.795,Chinese,ZH-Tenor-1,平凡之路,Chinese/ZH-Tenor-1/平凡之路,0.0
d:\-MindEcho-main\ml_dl_models\gtsinger_multitech\dataset\raw\Chinese\ZH-Alto-1\Vibrato\贝加尔湖畔\Control_Group\0003.wav,1,0.408466,3.57,Chinese,ZH-Alto-1,贝加尔湖畔,Chinese/ZH-Alto-1/贝加尔湖畔,0.46
d:\-MindEcho-main\ml_dl_models\gtsinger_multitech\dataset\raw\French\FR-Soprano-1\Pharyngeal\je ne sais pas choisir\Paired_Speech_Group\0004.wav,0,0.478897,6.477,French,FR-Soprano-1,je ne sais pas choisir,French/FR-Soprano-1/je ne sais pas choisir,0.0
d:\-MindEcho-main\ml_dl_models\gtsinger_multitech\dataset\raw\Chinese\ZH-Tenor-1\Vibrato\空白格\Vibrato_Group\0000.wav,0,0.172487,2.025,Chinese,ZH-Tenor-1,空白格,Chinese/ZH-Tenor-1/空白格,0.0
d:\-MindEcho-main\ml_dl_models\gtsinger_multitech\dataset\raw\Chinese\ZH-Tenor-1\Vibrato\失落沙洲\Control_Group\0001.wav,0,0.507078,5.767,Chinese,ZH-Tenor-1,失落沙洲,Chinese/ZH-Tenor-1/失落沙洲,0.0
d:\-MindEcho-main\ml_dl_models\gtsinger_multitech\dataset\raw\French\FR-Tenor-1\Breathy\avant\Control_Group\0003.wav,1,0.443349,6.424,French,FR-Tenor-1,avant,French/FR-Tenor-1/avant,0.42
d:\-MindEcho-main\ml_dl_models\gtsinger_multitech\dataset\raw\Chinese\ZH-Tenor-1\Breathy\平凡的一天\Control_Group\0009.wav,0,0.590563,7.76,Chinese,ZH-Tenor-1,平凡的一天,Chinese/ZH-Tenor-1/平凡的一天,0.0
d:\-MindEcho-main\ml_dl_models\gtsinger_multitech\dataset\raw\French\FR-Soprano-1\Mixed_Voice_and_Falsetto\lentement\Control_Group\0010.wav,0,0.438763,3.912,French,FR-Soprano-1,lentement,French/FR-Soprano-1/lentement,0.0
d:\-MindEcho-main\ml_dl_models\gtsinger_multitech\dataset\raw\French\FR-Soprano-1\Mixed_Voice_and_Falsetto\vivre a en crever\Control_Group\0003.wav,1,0.537352,5.179,French,FR-Soprano-1,vivre a en crever,French/FR-Soprano-1/vivre a en crever,0.336
d:\-MindEcho-main\ml_dl_models\gtsinger_multitech\dataset\raw\Chinese\ZH-Tenor-1\Mixed_Voice_and_Falsetto\过火\Mixed_Voice_Group\0002.wav,1,0.547423,6.94,Chinese,ZH-Tenor-1,过火,Chinese/ZH-Tenor-1/过火,0.4
d:\-MindEcho-main\ml_dl_models\gtsinger_multitech\dataset\raw\Chinese\ZH-Tenor-1\Breathy\默\Control_Group\0001.wav,0,0.123306,1.365,Chinese,ZH-Tenor-1,默,Chinese/ZH-Tenor-1/默,0.0
d:\-MindEcho-main\ml_dl_models\gtsinger_multitech\dataset\raw\German\DE-Soprano-1\Breathy\Copilot\Control_Group\0002.wav,0,0.27639,1.77,German,DE-Soprano-1,Copilot,German/DE-Soprano-1/Copilot,0.0
d:\-MindEcho-main\ml_dl_models\gtsinger_multitech\dataset\raw\Chinese\ZH-Alto-1\Breathy\温柔\Control_Group\0009.wav,0,0.62218,4.685,Chinese,ZH-Alto-1,温柔,Chinese/ZH-Alto-1/温柔,0.0
d:\-MindEcho-main\ml_dl_models\gtsinger_multitech\dataset\raw\Chinese\ZH-Alto-1\Pharyngeal\老男孩\Pharyngeal_Group\0004.wav,0,0.575294,4.89,Chinese,ZH-Alto-1,老男孩,Chinese/ZH-Alto-1/老男孩,0.0
d:\-MindEcho-main\ml_dl_models\gtsinger_multitech\dataset\raw\Chinese\ZH-Tenor-1\Mixed_Voice_and_Falsetto\听海\Mixed_Voice_Group\0011.wav,0,0.458629,2.971,Chinese,ZH-Tenor-1,听海,Chinese/ZH-Tenor-1/听海,0.0
d:\-MindEcho-main\ml_dl_models\gtsinger_multitech\dataset\raw\Chinese\ZH-Tenor-1\Mixed_Voice_and_Falsetto\不能说的秘密\Mixed_Voice_Group\0002.wav,1,0.3541,3.325,Chinese,ZH-Tenor-1,不能说的秘密,Chinese/ZH-Tenor-1/不能说的秘密,0.39
d:\-MindEcho-main\ml_dl_models\gtsinger_multitech\dataset\raw\Chinese\ZH-Alto-1\Mixed_Voice_and_Falsetto\匆匆那年\Falsetto_Group\0016.wav,0,0.194118,1.32,Chinese,ZH-Alto-1,匆匆那年,Chinese/ZH-Alto-1/匆匆那年,0.0
d:\-MindEcho-main\ml_dl_models\gtsinger_multitech\dataset\raw\Chinese\ZH-Tenor-1\Mixed_Voice_and_Falsetto\讲真的\Falsetto_Group\0012.wav,0,0.13489,1.286,Chinese,ZH-Tenor-1,讲真的,Chinese/ZH-Tenor-1/讲真的,0.0
d:\-MindEcho-main\ml_dl_models\gtsinger_multitech\dataset\raw\Chinese\ZH-Tenor-1\Vibrato\空白格\Control_Group\0005.wav,1,0.208556,2.582,Chinese,ZH-Tenor-1,空白格,Chinese/ZH-Tenor-1/空白格,0.303
d:\-MindEcho-main\ml_dl_models\gtsinger_multitech\dataset\raw\Chinese\ZH-Alto-1\Glissando\奇妙能力歌\Control_Group\0018.wav,1,0.524054,4.575,Chinese,ZH-Alto-1,奇妙能力歌,Chinese/ZH-Alto-1/奇妙能力歌,0.61
d:\-MindEcho-main\ml_dl_models\gtsinger_multitech\dataset\raw\Chinese\ZH-Tenor-1\Mixed_Voice_and_Falsetto\倒带\Control_Group\0011.wav,0,0.421367,3.885,Chinese,ZH-Tenor-1,倒带,Chinese/ZH-Tenor-1/倒带,0.0
d:\-MindEcho-main\ml_dl_models\gtsinger_multitech\dataset\raw\German\DE-Soprano-1\Breathy\Copilot\Control_Group\0006.wav,1,0.830173,6.925,German,DE-Soprano-1,Copilot,German/DE-Soprano-1/Copilot,0.282
d:\-MindEcho-main\ml_dl_models\gtsinger_multitech\dataset\raw\Chinese\ZH-Alto-1\Mixed_Voice_and_Falsetto\匆匆那年\Control_Group\0010.wav,0,0.09906,1.212,Chinese,ZH-Alto-1,匆匆那年,Chinese/ZH-Alto-1/匆匆那年,0.0
d:\-MindEcho-main\ml_dl_models\gtsinger_multitech\dataset\raw\Chinese\ZH-Tenor-1\Mixed_Voice_and_Falsetto\讲真的\Falsetto_Group\0019.wav,0,0.481123,4.97,Chinese,ZH-Tenor-1,讲真的,Chinese/ZH-Tenor-1/讲真的,0.0
d:\-MindEcho-main\ml_dl_models\gtsinger_multitech\dataset\raw\French\FR-Soprano-1\Mixed_Voice_and_Falsetto\violet snow\Falsetto_Group\0004.wav,1,0.516569,5.378,French,FR-Soprano-1,violet snow,French/FR-Soprano-1/violet snow,0.536
d:\-MindEcho-main\ml_dl_models\gtsinger_multitech\dataset\raw\Chinese\ZH-Tenor-1\Glissando\画心\Glissando_Group\0001.wav,0,0.240269,1.605,Chinese,ZH-Tenor-1,画心,Chinese/ZH-Tenor-1/画心,0.0
d:\-MindEcho-main\ml_dl_models\gtsinger_multitech\dataset\raw\Chinese\ZH-Alto-1\Breathy\最长的电影\Control_Group\0009.wav,1,0.636385,5.8,Chinese,ZH-Alto-1,最长的电影,Chinese/ZH-Alto-1/最长的电影,0.32
d:\-MindEcho-main\ml_dl_models\gtsinger_multitech\dataset\raw\Chinese\ZH-Alto-1\Mixed_Voice_and_Falsetto\最长的电影\Control_Group\0000.wav,0,0.179384,1.34,Chinese,ZH-Alto-1,最长的电影,Chinese/ZH-Alto-1/最长的电影,0.0
d:\-MindEcho-main\ml_dl_models\gtsinger_multitech\dataset\raw\Chinese\ZH-Alto-1\Breathy\最长的电影\Breathy_Group\0010.wav,0,0.141878,1.345,Chinese,ZH-Alto-1,最长的电影,Chinese/ZH-Alto-1/最长的电影,0.0
d:\-MindEcho-main\ml_dl_models\gtsinger_multitech\dataset\raw\Chinese\ZH-Tenor-1\Glissando\空白格\Control_Group\0003.wav,1,0.240709,2.785,Chinese,ZH-Tenor-1,空白格,Chinese/ZH-Tenor-1/空白格,0.51
d:\-MindEcho-main\ml_dl_models\gtsinger_multitech\dataset\raw\French\FR-Soprano-1\Breathy\les passagers du vent\Control_Group\0005.wav,1,0.712423,11.063,French,FR-Soprano-1,les passagers du vent,French/FR-Soprano-1/les passagers du vent,0.378
d:\-MindEcho-main\ml_dl_models\gtsinger_multitech\dataset\raw\Chinese\ZH-Tenor-1\Breathy\化身孤岛的鲸\Breathy_Group\0001.wav,0,0.179415,1.504,Chinese,ZH-Tenor-1,化身孤岛的鲸,Chinese/ZH-Tenor-1/化身孤岛的鲸,0.0
d:\-MindEcho-main\ml_dl_models\gtsinger_multitech\dataset\raw\Chinese\ZH-Alto-1\Pharyngeal\你就不要想起我\Pharyngeal_Group\0003.wav,1,0.431421,3.309,Chinese,ZH-Alto-1,你就不要想起我,Chinese/ZH-Alto-1/你就不要想起我,0.29
d:\-MindEcho-main\ml_dl_models\gtsinger_multitech\dataset\raw\French\FR-Tenor-1\Glissando\o souverain\Control_Group\0015.wav,0,0.121029,1.322,French,FR-Tenor-1,o souverain,French/FR-Tenor-1/o souverain,0.0
d:\-MindEcho-main\ml_dl_models\gtsinger_multitech\dataset\raw\Chinese\ZH-Tenor-1\Vibrato\水星记\Vibrato_Group\0002.wav,0,0.592683,3.645,Chinese,ZH-Tenor-1,水星记,Chinese/ZH-Tenor-1/水星记,0.0
d:\-MindEcho-main\ml_dl_models\gtsinger_multitech\dataset\raw\Chinese\ZH-Tenor-1\Mixed_Voice_and_Falsetto\青花瓷\Control_Group\0011.wav,0,0.523774,6.94,Chinese,ZH-Tenor-1,青花瓷,Chinese/ZH-Tenor-1/青花瓷,0.0
d:\-MindEcho-main\ml_dl_models\gtsinger_multitech\dataset\raw\Chinese\ZH-Tenor-1\Pharyngeal\最初的梦想\Control_Group\0001.wav,1,0.412682,3.97,Chinese,ZH-Tenor-1,最初的梦想,Chinese/ZH-Tenor-1/最初的梦想,0.34
d:\-MindEcho-main\ml_dl_models\gtsinger_multitech\dataset\raw\Chinese\ZH-Tenor-1\Breathy\化身孤岛的鲸\Control_Group\0015.wav,1,0.379952,4.795,Chinese,ZH-Tenor-1,化身孤岛的鲸,Chinese/ZH-Tenor-1/化身孤岛的鲸,0.37
d:\-MindEcho-main\ml_dl_models\gtsinger_multitech\dataset\raw\French\FR-Soprano-1\Mixed_Voice_and_Falsetto\mustang cabriolet\Mixed_Voice_Group\0013.wav,1,0.360513,6.296,French,FR-Soprano-1,mustang cabriolet,French/FR-Soprano-1/mustang cabriolet,0.53
d:\-MindEcho-main\ml_dl_models\gtsinger_multitech\dataset\raw\Chinese\ZH-Alto-1\Pharyngeal\崇拜\Pharyngeal_Group\0002.wav,1,0.525437,3.305,Chinese,ZH-Alto-1,崇拜,Chinese/ZH-Alto-1/崇拜,0.35
d:\-MindEcho-main\ml_dl_models\gtsinger_multitech\dataset\raw\French\FR-Soprano-1\Breathy\soleil solleil\Control_Group\0003.wav,0,0.184223,1.95,French,FR-Soprano-1,soleil solleil,French/FR-Soprano-1/soleil solleil,0.0
d:\-MindEcho-main\ml_dl_models\gtsinger_multitech\dataset\raw\Chinese\ZH-Tenor-1\Mixed_Voice_and_Falsetto\平凡之路\Control_Group\0002.wav,0,0.48902,2.895,Chinese,ZH-Tenor-1,平凡之路,Chinese/ZH-Tenor-1/平凡之路,0.0
d:\-MindEcho-main\ml_dl_models\gtsinger_multitech\dataset\raw\Chinese\ZH-Tenor-1\Glissando\传奇\Control_Group\0011.wav,1,0.457827,6.557,Chinese,ZH-Tenor-1,传奇,Chinese/ZH-Tenor-1/传奇,1.906
d:\-MindEcho-main\ml_dl_models\gtsinger_multitech\dataset\raw\Chinese\ZH-Alto-1\Mixed_Voice_and_Falsetto\逆光\Falsetto_Group\0002.wav,0,0.638164,6.605,Chinese,ZH-Alto-1,逆光,Chinese/ZH-Alto-1/逆光,0.0
d:\-MindEcho-main\ml_dl_models\gtsinger_multitech\dataset\raw\Chinese\ZH-Tenor-1\Mixed_Voice_and_Falsetto\一次就好\Falsetto_Group\0000.wav,0,0.611742,3.23,Chinese,ZH-Tenor-1,一次就好,Chinese/ZH-Tenor-1/一次就好,0.0
d:\-MindEcho-main\ml_dl_models\gtsinger_multitech\dataset\raw\Chinese\ZH-Tenor-1\Mixed_Voice_and_Falsetto\一次就好\Control_Group\0011.wav,0,0.368793,2.6,Chinese,ZH-Tenor-1,一次就好,Chinese/ZH-Tenor-1/一次就好,0.0
d:\-MindEcho-main\ml_dl_models\gtsinger_multitech\dataset\raw\Chinese\ZH-Alto-1\Pharyngeal\默\Control_Group\0002.wav,0,0.244762,2.056,Chinese,ZH-Alto-1,默,Chinese/ZH-Alto-1/默,0.0
d:\-MindEcho-main\ml_dl_models\gtsinger_multitech\dataset\raw\French\FR-Soprano-1\Mixed_Voice_and_Falsetto\le dernier train\Mixed_Voice_Group\0004.wav,1,0.885485,10.418,French,FR-Soprano-1,le dernier train,French/FR-Soprano-1/le dernier train,0.122
d:\-MindEcho-main\ml_dl_models\gtsinger_multitech\dataset\raw\Chinese\ZH-Alto-1\Mixed_Voice_and_Falsetto\时间煮雨\Control_Group\0003.wav,1,0.608206,6.27,Chinese,ZH-Alto-1,时间煮雨,Chinese/ZH-Alto-1/时间煮雨,0.36
d:\-MindEcho-main\ml_dl_models\gtsinger_multitech\dataset\raw\Chinese\ZH-Alto-1\Mixed_Voice_and_Falsetto\化身孤岛的鲸\Control_Group\0016.wav,1,0.650861,9.815,Chinese,ZH-Alto-1,化身孤岛的鲸,Chinese/ZH-Alto-1/化身孤岛的鲸,0.53
d:\-MindEcho-main\ml_dl_models\gtsinger_multitech\dataset\raw\Chinese\ZH-Tenor-1\Mixed_Voice_and_Falsetto\过火\Falsetto_Group\0019.wav,0,0.274448,1.74,Chinese,ZH-Tenor-1,过火,Chinese/ZH-Tenor-1/过火,0.0
d:\-MindEcho-main\ml_dl_models\gtsinger_multitech\dataset\raw\Chinese\ZH-Alto-1\Mixed_Voice_and_Falsetto\桃花诺\Falsetto_Group\0004.wav,1,0.636694,5.424,Chinese,ZH-Alto-1,桃花诺,Chinese/ZH-Alto-1/桃花诺,0.53
d:\-MindEcho-main\ml_dl_models\gtsinger_multitech\dataset\raw\Chinese\ZH-Alto-1\Pharyngeal\失落沙洲\Control_Group\0002.wav,0,0.419603,3.87,Chinese,ZH-Alto-1,失落沙洲,Chinese/ZH-Alto-1/失落沙洲,0.0
d:\-MindEcho-main\ml_dl_models\gtsinger_multitech\dataset\raw\Chinese\ZH-Tenor-1\Breathy\不染\Breathy_Group\0020.wav,1,0.555882,3.78,Chinese,ZH-Tenor-1,不染,Chinese/ZH-Tenor-1/不染,0.54
d:\-MindEcho-main\ml_dl_models\gtsinger_multitech\dataset\raw\Chinese\ZH-Tenor-1\Mixed_Voice_and_Falsetto\讲真的\Mixed_Voice_Group\0004.wav,0,0.143814,1.395,Chinese,ZH-Tenor-1,讲真的,Chinese/ZH-Tenor-1/讲真的,0.0
d:\-MindEcho-main\ml_dl_models\gtsinger_multitech\dataset\raw\French\FR-Soprano-1\Pharyngeal\comment dire\Pharyngeal_Group\0002.wav,1,0.865982,8.639,French,FR-Soprano-1,comment dire,French/FR-Soprano-1/comment dire,0.631
d:\-MindEcho-main\ml_dl_models\gtsinger_multitech\dataset\raw\Chinese\ZH-Tenor-1\Mixed_Voice_and_Falsetto\青花瓷\Control_Group\0019.wav,1,0.700965,4.36,Chinese,ZH-Tenor-1,青花瓷,Chinese/ZH-Tenor-1/青花瓷,0.28
d:\-MindEcho-main\ml_dl_models\gtsinger_multitech\dataset\raw\Chinese\ZH-Alto-1\Mixed_Voice_and_Falsetto\老男孩\Mixed_Voice_Group\0003.wav,0,0.238653,1.63,Chinese,ZH-Alto-1,老男孩,Chinese/ZH-Alto-1/老男孩,0.0
d:\-MindEcho-main\ml_dl_models\gtsinger_multitech\dataset\raw\Chinese\ZH-Tenor-1\Mixed_Voice_and_Falsetto\倒带\Mixed_Voice_Group\0024.wav,0,0.14764,1.345,Chinese,ZH-Tenor-1,倒带,Chinese/ZH-Tenor-1/倒带,0.0
d:\-MindEcho-main\ml_dl_models\gtsinger_multitech\dataset\raw\Chinese\ZH-Tenor-1\Mixed_Voice_and_Falsetto\一次就好\Control_Group\0010.wav,0,0.202312,1.4,Chinese,ZH-Tenor-1,一次就好,Chinese/ZH-Tenor-1/一次就好,0.0
d:\-MindEcho-main\ml_dl_models\gtsinger_multitech\dataset\raw\Chinese\ZH-Alto-1\Mixed_Voice_and_Falsetto\化身孤岛的鲸\Falsetto_Group\0007.wav,0,0.140716,1.455,Chinese,ZH-Alto-1,化身孤岛的鲸,Chinese/ZH-Alto-1/化身孤岛的鲸,0.0
d:\-MindEcho-main\ml_dl_models\gtsinger_multitech\dataset\raw\Chinese\ZH-Tenor-1\Mixed_Voice_and_Falsetto\偏爱\Falsetto_Group\0009.wav,0,0.207019,2.035,Chinese,ZH-Tenor-1,偏爱,Chinese/ZH-Tenor-1/偏爱,0.0
d:\-MindEcho-main\ml_dl_models\gtsinger_multitech\dataset\raw\French\FR-Soprano-1\Breathy\le balcon\Breathy_Group\0006.wav,1,0.863217,8.403,French,FR-Soprano-1,le balcon,French/FR-Soprano-1/le balcon,0.74
d:\-MindEcho-main\ml_dl_models\gtsinger_multitech\dataset\raw\Chinese\ZH-Tenor-1\Mixed_Voice_and_Falsetto\讲真的\Falsetto_Group\0010.wav,0,0.170968,1.325,Chinese,ZH-Tenor-1,讲真的,Chinese/ZH-Tenor-1/讲真的,0.0
d:\-MindEcho-main\ml_dl_models\gtsinger_multitech\dataset\raw\Chinese\ZH-Alto-1\Mixed_Voice_and_Falsetto\剑伤\Falsetto_Group\0008.wav,1,0.530819,4.47,Chinese,ZH-Alto-1,剑伤,Chinese/ZH-Alto-1/剑伤,0.441
d:\-MindEcho-main\ml_dl_models\gtsinger_multitech\dataset\raw\Chinese\ZH-Tenor-1\Glissando\给电影人的情书\Glissando_Group\0008.wav,1,0.38857,3.042,Chinese,ZH-Tenor-1,给电影人的情书,Chinese/ZH-Tenor-1/给电影人的情书,0.263
d:\-MindEcho-main\ml_dl_models\gtsinger_multitech\dataset\raw\Chinese\ZH-Alto-1\Mixed_Voice_and_Falsetto\告白气球\Mixed_Voice_Group\0009.wav,0,0.174223,1.345,Chinese,ZH-Alto-1,告白气球,Chinese/ZH-Alto-1/告白气球,0.0
d:\-MindEcho-main\ml_dl_models\gtsinger_multitech\dataset\raw\French\FR-Soprano-1\Mixed_Voice_and_Falsetto\mustang cabriolet\Falsetto_Group\0013.wav,1,0.393651,6.928,French,FR-Soprano-1,mustang cabriolet,French/FR-Soprano-1/mustang cabriolet,0.451
d:\-MindEcho-main\ml_dl_models\gtsinger_multitech\dataset\raw\French\FR-Tenor-1\Breathy\o souverain\Control_Group\0020.wav,1,0.267476,4.375,French,FR-Tenor-1,o souverain,French/FR-Tenor-1/o souverain,0.888
d:\-MindEcho-main\ml_dl_models\gtsinger_multitech\dataset\raw\French\FR-Soprano-1\Mixed_Voice_and_Falsetto\comment deja\Mixed_Voice_Group\0000.wav,1,0.871877,8.625,French,FR-Soprano-1,comment deja,French/FR-Soprano-1/comment deja,1.482
d:\-MindEcho-main\ml_dl_models\gtsinger_multitech\dataset\raw\Chinese\ZH-Alto-1\Breathy\越过山丘\Control_Group\0004.wav,1,0.514225,3.615,Chinese,ZH-Alto-1,越过山丘,Chinese/ZH-Alto-1/越过山丘,0.37
d:\-MindEcho-main\ml_dl_models\gtsinger_multitech\dataset\raw\French\FR-Soprano-1\Vibrato\eden eden\Vibrato_Group\0000.wav,0,0.356918,2.954,French,FR-Soprano-1,eden eden,French/FR-Soprano-1/eden eden,0.0
d:\-MindEcho-main\ml_dl_models\gtsinger_multitech\dataset\raw\Chinese\ZH-Tenor-1\Mixed_Voice_and_Falsetto\走着走着就散了\Falsetto_Group\0009.wav,0,0.408019,2.595,Chinese,ZH-Tenor-1,走着走着就散了,Chinese/ZH-Tenor-1/走着走着就散了,0.0
d:\-MindEcho-main\ml_dl_models\gtsinger_multitech\dataset\raw\Chinese\ZH-Tenor-1\Mixed_Voice_and_Falsetto\终于等到你\Control_Group\0018.wav,0,0.140155,1.23,Chinese,ZH-Tenor-1,终于等到你,Chinese/ZH-Tenor-1/终于等到你,0.0
d:\-MindEcho-main\ml_dl_models\gtsinger_multitech\dataset\raw\French\FR-Tenor-1\Breathy\o souverain\Breathy_Group\0019.wav,0,0.33872,3.395,French,FR-Tenor-1,o souverain,French/FR-Tenor-1/o souverain,0.0
d:\-MindEcho-main\ml_dl_models\gtsinger_multitech\dataset\raw\Chinese\ZH-Alto-1\Vibrato\年轮\Control_Group\0006.wav,0,0.559065,4.425,Chinese,ZH-Alto-1,年轮,Chinese/ZH-Alto-1/年轮,0.0
d:\-MindEcho-main\ml_dl_models\gtsinger_multitech\dataset\raw\Chinese\ZH-Tenor-1\Breathy\给电影人的情书\Control_Group\0004.wav,0,0.22108,1.42,Chinese,ZH-Tenor-1,给电影人的情书,Chinese/ZH-Tenor-1/给电影人的情书,0.0
d:\-MindEcho-main\ml_dl_models\gtsinger_multitech\dataset\raw\Chinese\ZH-Alto-1\Vibrato\奇妙能力歌\Vibrato_Group\0000.wav,0,0.589332,4.585,Chinese,ZH-Alto-1,奇妙能力歌,Chinese/ZH-Alto-1/奇妙能力歌,0.0
d:\-MindEcho-main\ml_dl_models\gtsinger_multitech\dataset\raw\Chinese\ZH-Alto-1\Vibrato\好久不见\Vibrato_Group\0005.wav,1,0.612766,5.472,Chinese,ZH-Alto-1,好久不见,Chinese/ZH-Alto-1/好久不见,0.964
d:\-MindEcho-main\ml_dl_models\gtsinger_multitech\dataset\raw\German\DE-Soprano-1\Breathy\Danke\Control_Group\0000.wav,0,0.242351,1.6,German,DE-Soprano-1,Danke,German/DE-Soprano-1/Danke,0.0
d:\-MindEcho-main\ml_dl_models\gtsinger_multitech\dataset\raw\French\FR-Soprano-1\Pharyngeal\guel ennui\Control_Group\0000.wav,1,0.096868,0.645,French,FR-Soprano-1,guel ennui,French/FR-Soprano-1/guel ennui,1.29
d:\-MindEcho-main\ml_dl_models\gtsinger_multitech\dataset\raw\French\FR-Soprano-1\Pharyngeal\je ne veux pas de toi\Control_Group\0004.wav,1,0.150859,2.44,French,FR-Soprano-1,je ne veux pas de toi,French/FR-Soprano-1/je ne veux pas de toi,0.62
d:\-MindEcho-main\ml_dl_models\gtsinger_multitech\dataset\raw\Chinese\ZH-Tenor-1\Vibrato\后会无期\Control_Group\0007.wav,1,0.213219,2.113,Chinese,ZH-Tenor-1,后会无期,Chinese/ZH-Tenor-1/后会无期,0.554
d:\-MindEcho-main\ml_dl_models\gtsinger_multitech\dataset\raw\Chinese\ZH-Alto-1\Glissando\时间煮雨\Control_Group\0005.wav,1,0.466434,5.35,Chinese,ZH-Alto-1,时间煮雨,Chinese/ZH-Alto-1/时间煮雨,0.38
d:\-MindEcho-main\ml_dl_models\gtsinger_multitech\dataset\raw\Chinese\ZH-Alto-1\Glissando\时间煮雨\Glissando_Group\0009.wav,1,0.753484,8.65,Chinese,ZH-Alto-1,时间煮雨,Chinese/ZH-Alto-1/时间煮雨,0.36
d:\-MindEcho-main\ml_dl_models\gtsinger_multitech\dataset\raw\Chinese\ZH-Tenor-1\Vibrato\知足\Vibrato_Group\0002.wav,0,0.162069,1.41,Chinese,ZH-Tenor-1,知足,Chinese/ZH-Tenor-1/知足,0.0
d:\-MindEcho-main\ml_dl_models\gtsinger_multitech\dataset\raw\Chinese\ZH-Alto-1\Breathy\不再见\Breathy_Group\0011.wav,1,0.51295,3.565,Chinese,ZH-Alto-1,不再见,Chinese/ZH-Alto-1/不再见,0.39
d:\-MindEcho-main\ml_dl_models\gtsinger_multitech\dataset\raw\Chinese\ZH-Alto-1\Mixed_Voice_and_Falsetto\老男孩\Mixed_Voice_Group\0017.wav,0,0.210633,1.565,Chinese,ZH-Alto-1,老男孩,Chinese/ZH-Alto-1/老男孩,0.0
d:\-MindEcho-main\ml_dl_models\gtsinger_multitech\dataset\raw\Chinese\ZH-Alto-1\Pharyngeal\失落沙洲\Control_Group\0011.wav,0,0.1875,1.26,Chinese,ZH-Alto-1,失落沙洲,Chinese/ZH-Alto-1/失落沙洲,0.0
d:\-MindEcho-main\ml_dl_models\gtsinger_multitech\dataset\raw\Chinese\ZH-Tenor-1\Mixed_Voice_and_Falsetto\一次就好\Mixed_Voice_Group\0005.wav,0,0.570988,3.72,Chinese,ZH-Tenor-1,一次就好,Chinese/ZH-Tenor-1/一次就好,0.0
d:\-MindEcho-main\ml_dl_models\gtsinger_multitech\dataset\raw\French\FR-Tenor-1\Glissando\manon\Glissando_Group\0013.wav,0,0.094678,1.727,French,FR-Tenor-1,manon,French/FR-Tenor-1/manon,0.0
d:\-MindEcho-main\ml_dl_models\gtsinger_multitech\dataset\raw\French\FR-Tenor-1\Glissando\pourquoi\Control_Group\0000.wav,0,0.156581,2.29,French,FR-Tenor-1,pourquoi,French/FR-Tenor-1/pourquoi,0.0
d:\-MindEcho-main\ml_dl_models\gtsinger_multitech\dataset\raw\Chinese\ZH-Alto-1\Vibrato\年轮\Vibrato_Group\0009.wav,1,0.739443,8.23,Chinese,ZH-Alto-1,年轮,Chinese/ZH-Alto-1/年轮,0.34
d:\-MindEcho-main\ml_dl_models\gtsinger_multitech\dataset\raw\French\FR-Soprano-1\Mixed_Voice_and_Falsetto\lentement\Mixed_Voice_Group\0001.wav,1,0.307846,3.01,French,FR-Soprano-1,lentement,French/FR-Soprano-1/lentement,0.107
d:\-MindEcho-main\ml_dl_models\gtsinger_multitech\dataset\raw\Chinese\ZH-Tenor-1\Mixed_Voice_and_Falsetto\残酷月光\Control_Group\0015.wav,0,0.586845,4.595,Chinese,ZH-Tenor-1,残酷月光,Chinese/ZH-Tenor-1/残酷月光,0.0
d:\-MindEcho-main\ml_dl_models\gtsinger_multitech\dataset\raw\Chinese\ZH-Alto-1\Breathy\有一种悲伤\Breathy_Group\0007.wav,0,0.187427,1.61,Chinese,ZH-Alto-1,有一种悲伤,Chinese/ZH-Alto-1/有一种悲伤,0.0
d:\-MindEcho-main\ml_dl_models\gtsinger_multitech\dataset\raw\Chinese\ZH-Tenor-1\Breathy\会呼吸的痛\Breathy_Group\0005.wav,0,0.617995,5.117,Chinese,ZH-Tenor-1,会呼吸的痛,Chinese/ZH-Tenor-1/会呼吸的痛,0.0
d:\-MindEcho-main\ml_dl_models\gtsinger_multitech\dataset\raw\Chinese\ZH-Tenor-1\Mixed_Voice_and_Falsetto\终于等到你\Control_Group\0003.wav,1,0.491328,3.535,Chinese,ZH-Tenor-1,终于等到你,Chinese/ZH-Tenor-1/终于等到你,0.45
d:\-MindEcho-main\ml_dl_models\gtsinger_multitech\dataset\raw\French\FR-Soprano-1\Mixed_Voice_and_Falsetto\je vole\Mixed_Voice_Group\0000.wav,0,0.11142,1.381,French,FR-Soprano-1,je vole,French/FR-Soprano-1/je vole,0.0
d:\-MindEcho-main\ml_dl_models\gtsinger_multitech\dataset\raw\Chinese\ZH-Alto-1\Mixed_Voice_and_Falsetto\烟花易冷\Mixed_Voice_Group\0020.wav,1,0.753828,5.12,Chinese,ZH-Alto-1,烟花易冷,Chinese/ZH-Alto-1/烟花易冷,0.4
d:\-MindEcho-main\ml_dl_models\gtsinger_multitech\dataset\raw\Chinese\ZH-Tenor-1\Glissando\画心\Control_Group\0000.wav,0,0.188862,1.56,Chinese,ZH-Tenor-1,画心,Chinese/ZH-Tenor-1/画心,0.0
d:\-MindEcho-main\ml_dl_models\gtsinger_multitech\dataset\raw\French\FR-Soprano-1\Mixed_Voice_and_Falsetto\magic boul'vard\Mixed_Voice_Group\0001.wav,0,0.442666,4.397,French,FR-Soprano-1,magic boul'vard,French/FR-Soprano-1/magic boul'vard,0.0
d:\-MindEcho-main\ml_dl_models\gtsinger_multitech\dataset\raw\French\FR-Soprano-1\Glissando\pour la peine\Glissando_Group\0002.wav,1,0.661923,8.094,French,FR-Soprano-1,pour la peine,French/FR-Soprano-1/pour la peine,0.304
d:\-MindEcho-main\ml_dl_models\gtsinger_multitech\dataset\raw\Chinese\ZH-Tenor-1\Mixed_Voice_and_Falsetto\走着走着就散了\Falsetto_Group\0009.wav,0,0.203616,1.295,Chinese,ZH-Tenor-1,走着走着就散了,Chinese/ZH-Tenor-1/走着走着就散了,0.0
d:\-MindEcho-main\ml_dl_models\gtsinger_multitech\dataset\raw\Chinese\ZH-Alto-1\Mixed_Voice_and_Falsetto\最长的电影\Control_Group\0003.wav,1,0.326019,2.08,Chinese,ZH-Alto-1,最长的电影,Chinese/ZH-Alto-1/最长的电影,0.32
d:\-MindEcho-main\ml_dl_models\gtsinger_multitech\dataset\raw\French\FR-Tenor-1\Mixed_Voice_and_Falsetto\Les Marionnettes\Control_Group\0003.wav,1,0.574722,6.728,French,FR-Tenor-1,Les Marionnettes,French/FR-Tenor-1/Les Marionnettes,0.624
d:\-MindEcho-main\ml_dl_models\gtsinger_multitech\dataset\raw\French\FR-Soprano-1\Glissando\pour la peine\Paired_Speech_Group\0006.wav,0,0.507724,2.958,French,FR-Soprano-1,pour la peine,French/FR-Soprano-1/pour la peine,0.0
d:\-MindEcho-main\ml_dl_models\gtsinger_multitech\dataset\raw\French\FR-Soprano-1\Breathy\2019\Control_Group\0008.wav,1,0.287238,3.25,French,FR-Soprano-1,2019,French/FR-Soprano-1/2019,0.73
d:\-MindEcho-main\ml_dl_models\gtsinger_multitech\dataset\raw\Chinese\ZH-Tenor-1\Breathy\默\Control_Group\0001.wav,0,0.612466,6.78,Chinese,ZH-Tenor-1,默,Chinese/ZH-Tenor-1/默,0.0
d:\-MindEcho-main\ml_dl_models\gtsinger_multitech\dataset\raw\French\FR-Soprano-1\Mixed_Voice_and_Falsetto\comment deja\Falsetto_Group\0005.wav,1,0.793247,11.148,French,FR-Soprano-1,comment deja,French/FR-Soprano-1/comment deja,0.609
d:\-MindEcho-main\ml_dl_models\gtsinger_multitech\dataset\raw\French\FR-Soprano-1\Breathy\soleil solleil\Breathy_Group\0002.wav,1,0.263214,4.188,French,FR-Soprano-1,soleil solleil,French/FR-Soprano-1/soleil solleil,0.47
d:\-MindEcho-main\ml_dl_models\gtsinger_multitech\dataset\raw\French\FR-Soprano-1\Vibrato\les souvenirs\Vibrato_Group\0004.wav,1,0.620872,6.279,French,FR-Soprano-1,les souvenirs,French/FR-Soprano-1/les souvenirs,0.455
d:\-MindEcho-main\ml_dl_models\gtsinger_multitech\dataset\raw\Chinese\ZH-Alto-1\Mixed_Voice_and_Falsetto\烟花易冷\Falsetto_Group\0014.wav,1,0.490678,3.816,Chinese,ZH-Alto-1,烟花易冷,Chinese/ZH-Alto-1/烟花易冷,0.392
d:\-MindEcho-main\ml_dl_models\gtsinger_multitech\dataset\raw\Chinese\ZH-Alto-1\Mixed_Voice_and_Falsetto\三寸天堂\Falsetto_Group\0001.wav,0,0.452422,2.615,Chinese,ZH-Alto-1,三寸天堂,Chinese/ZH-Alto-1/三寸天堂,0.0
d:\-MindEcho-main\ml_dl_models\gtsinger_multitech\dataset\raw\Chinese\ZH-Tenor-1\Vibrato\你给我听好\Vibrato_Group\0007.wav,0,0.640725,6.01,Chinese,ZH-Tenor-1,你给我听好,Chinese/ZH-Tenor-1/你给我听好,0.0
d:\-MindEcho-main\ml_dl_models\gtsinger_multitech\dataset\raw\Chinese\ZH-Alto-1\Mixed_Voice_and_Falsetto\忽然之间\Control_Group\0004.wav,1,0.752011,5.61,Chinese,ZH-Alto-1,忽然之间,Chinese/ZH-Alto-1/忽然之间,0.44
d:\-MindEcho-main\ml_dl_models\gtsinger_multitech\dataset\raw\Chinese\ZH-Tenor-1\Glissando\给电影人的情书\Glissando_Group\0018.wav,0,0.184466,1.33,Chinese,ZH-Tenor-1,给电影人的情书,Chinese/ZH-Tenor-1/给电影人的情书,0.0
d:\-MindEcho-main\ml_dl_models\gtsinger_multitech\dataset\raw\French\FR-Tenor-1\Breathy\manon\Breathy_Group\0004.wav,1,0.287804,3.542,French,FR-Tenor-1,manon,French/FR-Tenor-1/manon,0.14
d:\-MindEcho-main\ml_dl_models\gtsinger_multitech\dataset\raw\French\FR-Soprano-1\Mixed_Voice_and_Falsetto\magic boul'vard\Falsetto_Group\0011.wav,1,0.6358,9.486,French,FR-Soprano-1,magic boul'vard,French/FR-Soprano-1/magic boul'vard,4.723
d:\-MindEcho-main\ml_dl_models\gtsinger_multitech\dataset\raw\Chinese\ZH-Alto-1\Breathy\匆匆那年\Breathy_Group\0001.wav,0,0.355823,3.85,Chinese,ZH-Alto-1,匆匆那年,Chinese/ZH-Alto-1/匆匆那年,0.0
d:\-MindEcho-main\ml_dl_models\gtsinger_multitech\dataset\raw\Chinese\ZH-Tenor-1\Mixed_Voice_and_Falsetto\讲真的\Control_Group\0000.wav,0,0.666374,4.558,Chinese,ZH-Tenor-1,讲真的,Chinese/ZH-Tenor-1/讲真的,0.0
d:\-MindEcho-main\ml_dl_models\gtsinger_multitech\dataset\raw\Chinese\ZH-Alto-1\Pharyngeal\你就不要想起我\Pharyngeal_Group\0009.wav,0,0.129273,1.21,Chinese,ZH-Alto-1,你就不要想起我,Chinese/ZH-Alto-1/你就不要想起我,0.0
d:\-MindEcho-main\ml_dl_models\gtsinger_multitech\dataset\raw\Chinese\ZH-Alto-1\Mixed_Voice_and_Falsetto\三寸天堂\Mixed_Voice_Group\0001.wav,0,0.515437,3.005,Chinese,ZH-Alto-1,三寸天堂,Chinese/ZH-Alto-1/三寸天堂,0.0
d:\-MindEcho-main\ml_dl_models\gtsinger_multitech\dataset\raw\Chinese\ZH-Alto-1\Mixed_Voice_and_Falsetto\演员\Control_Group\0014.wav,1,0.536235,5.202,Chinese,ZH-Alto-1,演员,Chinese/ZH-Alto-1/演员,0.4
d:\-MindEcho-main\ml_dl_models\gtsinger_multitech\dataset\raw\Chinese\ZH-Tenor-1\Mixed_Voice_and_Falsetto\老男孩\Mixed_Voice_Group\0006.wav,0,0.228689,1.395,Chinese,ZH-Tenor-1,老男孩,Chinese/ZH-Tenor-1/老男孩,0.0
d:\-MindEcho-main\ml_dl_models\gtsinger_multitech\dataset\raw\Chinese\ZH-Tenor-1\Mixed_Voice_and_Falsetto\终于等到你\Falsetto_Group\0009.wav,0,0.754202,5.83,Chinese,ZH-Tenor-1,终于等到你,Chinese/ZH-Tenor-1/终于等到你,0.0
d:\-MindEcho-main\ml_dl_models\gtsinger_multitech\dataset\raw\Chinese\ZH-Alto-1\Mixed_Voice_and_Falsetto\告白气球\Mixed_Voice_Group\0006.wav,0,0.599749,4.78,Chinese,ZH-Alto-1,告白气球,Chinese/ZH-Alto-1/告白气球,0.0
d:\-MindEcho-main\ml_dl_models\gtsinger_multitech\dataset\raw\Chinese\ZH-Tenor-1\Vibrato\知足\Vibrato_Group\0002.wav,1,0.32816,2.855,Chinese,ZH-Tenor-1,知足,Chinese/ZH-Tenor-1/知足,0.39
d:\-MindEcho-main\ml_dl_models\gtsinger_multitech\dataset\raw\Chinese\ZH-Tenor-1\Mixed_Voice_and_Falsetto\讲真的\Control_Group\0013.wav,0,0.627193,4.29,Chinese,ZH-Tenor-1,讲真的,Chinese/ZH-Tenor-1/讲真的,0.0
d:\-MindEcho-main\ml_dl_models\gtsinger_multitech\dataset\raw\Chinese\ZH-Tenor-1\Mixed_Voice_and_Falsetto\演员\Falsetto_Group\0007.wav,0,0.15861,1.296,Chinese,ZH-Tenor-1,演员,Chinese/ZH-Tenor-1/演员,0.0
d:\-MindEcho-main\ml_dl_models\gtsinger_multitech\dataset\raw\French\FR-Soprano-1\Mixed_Voice_and_Falsetto\magic boul'vard\Falsetto_Group\0004.wav,1,0.132332,1.41,French,FR-Soprano-1,magic boul'vard,French/FR-Soprano-1/magic boul'vard,0.26
d:\-MindEcho-main\ml_dl_models\gtsinger_multitech\dataset\raw\Chinese\ZH-Tenor-1\Mixed_Voice_and_Falsetto\末班车\Control_Group\0008.wav,1,0.701655,9.325,Chinese,ZH-Tenor-1,末班车,Chinese/ZH-Tenor-1/末班车,0.25
d:\-MindEcho-main\ml_dl_models\gtsinger_multitech\dataset\raw\Chinese\ZH-Alto-1\Mixed_Voice_and_Falsetto\桃花诺\Falsetto_Group\0012.wav,1,0.54598,4.821,Chinese,ZH-Alto-1,桃花诺,Chinese/ZH-Alto-1/桃花诺,0.502
d:\-MindEcho-main\ml_dl_models\gtsinger_multitech\dataset\raw\Chinese\ZH-Tenor-1\Pharyngeal\雨爱\Control_Group\0005.wav,1,0.54914,3.52,Chinese,ZH-Tenor-1,雨爱,Chinese/ZH-Tenor-1/雨爱,0.28
d:\-MindEcho-main\ml_dl_models\gtsinger_multitech\dataset\raw\French\FR-Soprano-1\Pharyngeal\je ne sais pas choisir\Pharyngeal_Group\0003.wav,0,0.161282,1.587,French,FR-Soprano-1,je ne sais pas choisir,French/FR-Soprano-1/je ne sais pas choisir,0.0
d:\-MindEcho-main\ml_dl_models\gtsinger_multitech\dataset\raw\Chinese\ZH-Alto-1\Pharyngeal\说谎\Pharyngeal_Group\0006.wav,1,0.483332,3.596,Chinese,ZH-Alto-1,说谎,Chinese/ZH-Alto-1/说谎,0.58
d:\-MindEcho-main\ml_dl_models\gtsinger_multitech\dataset\raw\Chinese\ZH-Tenor-1\Glissando\给电影人的情书\Glissando_Group\0012.wav,1,0.787752,7.543,Chinese,ZH-Tenor-1,给电影人的情书,Chinese/ZH-Tenor-1/给电影人的情书,0.333
d:\-MindEcho-main\ml_dl_models\gtsinger_multitech\dataset\raw\French\FR-Soprano-1\Mixed_Voice_and_Falsetto\chez moi\Control_Group\0000.wav,1,0.196167,1.97,French,FR-Soprano-1,chez moi,French/FR-Soprano-1/chez moi,0.121
d:\-MindEcho-main\ml_dl_models\gtsinger_multitech\dataset\raw\Chinese\ZH-Tenor-1\Mixed_Voice_and_Falsetto\后来\Mixed_Voice_Group\0008.wav,1,0.256748,4.09,Chinese,ZH-Tenor-1,后来,Chinese/ZH-Tenor-1/后来,0.56
d:\-MindEcho-main\ml_dl_models\gtsinger_multitech\dataset\raw\Chinese\ZH-Alto-1\Glissando\青花瓷\Glissando_Group\0002.wav,1,0.492572,5.305,Chinese,ZH-Alto-1,青花瓷,Chinese/ZH-Alto-1/青花瓷,0.51
d:\-MindEcho-main\ml_dl_models\gtsinger_multitech\dataset\raw\French\FR-Soprano-1\Vibrato\les souvenirs\Paired_Speech_Group\0001.wav,0,0.543028,2.776,French,FR-Soprano-1,les souvenirs,French/FR-Soprano-1/les souvenirs,0.0
d:\-MindEcho-main\ml_dl_models\gtsinger_multitech\dataset\raw\Chinese\ZH-Alto-1\Mixed_Voice_and_Falsetto\演员\Falsetto_Group\0007.wav,0,0.570513,6.23,Chinese,ZH-Alto-1,演员,Chinese/ZH-Alto-1/演员,0.0
d:\-MindEcho-main\ml_dl_models\gtsinger_multitech\dataset\raw\Chinese\ZH-Tenor-1\Mixed_Voice_and_Falsetto\倒带\Mixed_Voice_Group\0004.wav,0,0.224387,1.555,Chinese,ZH-Tenor-1,倒带,Chinese/ZH-Tenor-1/倒带,0.0
d:\-MindEcho-main\ml_dl_models\gtsinger_multitech\dataset\raw\Chinese\ZH-Tenor-1\Vibrato\从前慢\Vibrato_Group\0002.wav,1,0.403341,3.743,Chinese,ZH-Tenor-1,从前慢,Chinese/ZH-Tenor-1/从前慢,1.226
d:\-MindEcho-main\ml_dl_models\gtsinger_multitech\dataset\raw\Chinese\ZH-Tenor-1\Mixed_Voice_and_Falsetto\最初的梦想\Control_Group\0013.wav,1,0.822502,11.77,Chinese,ZH-Tenor-1,最初的梦想,Chinese/ZH-Tenor-1/最初的梦想,0.2
d:\-MindEcho-main\ml_dl_models\gtsinger_multitech\dataset\raw\Chinese\ZH-Alto-1\Mixed_Voice_and_Falsetto\烟花易冷\Falsetto_Group\0001.wav,0,0.540951,3.369,Chinese,ZH-Alto-1,烟花易冷,Chinese/ZH-Alto-1/烟花易冷,0.0
d:\-MindEcho-main\ml_dl_models\gtsinger_multitech\dataset\raw\Chinese\ZH-Alto-1\Glissando\时间煮雨\Glissando_Group\0011.wav,0,0.579453,6.571,Chinese,ZH-Alto-1,时间煮雨,Chinese/ZH-Alto-1/时间煮雨,0.0
d:\-MindEcho-main\ml_dl_models\gtsinger_multitech\dataset\raw\Chinese\ZH-Tenor-1\Mixed_Voice_and_Falsetto\倒带\Mixed_Voice_Group\0020.wav,0,0.472595,4.225,Chinese,ZH-Tenor-1,倒带,Chinese/ZH-Tenor-1/倒带,0.0
d:\-MindEcho-main\ml_dl_models\gtsinger_multitech\dataset\raw\French\FR-Tenor-1\Breathy\avant\Breathy_Group\0001.wav,1,0.319522,5.748,French,FR-Tenor-1,avant,French/FR-Tenor-1/avant,0.389
d:\-MindEcho-main\ml_dl_models\gtsinger_multitech\dataset\raw\Chinese\ZH-Alto-1\Mixed_Voice_and_Falsetto\忽然之间\Falsetto_Group\0005.wav,0,0.617843,4.64,Chinese,ZH-Alto-1,忽然之间,Chinese/ZH-Alto-1/忽然之间,0.0
d:\-MindEcho-main\ml_dl_models\gtsinger_multitech\dataset\raw\Chinese\ZH-Alto-1\Breathy\越过山丘\Breathy_Group\0009.wav,0,0.606105,4.17,Chinese,ZH-Alto-1,越过山丘,Chinese/ZH-Alto-1/越过山丘,0.0
d:\-MindEcho-main\ml_dl_models\gtsinger_multitech\dataset\raw\Chinese\ZH-Tenor-1\Mixed_Voice_and_Falsetto\听海\Control_Group\0000.wav,0,0.613295,4.014,Chinese,ZH-Tenor-1,听海,Chinese/ZH-Tenor-1/听海,0.0
d:\-MindEcho-main\ml_dl_models\gtsinger_multitech\dataset\raw\Chinese\ZH-Alto-1\Mixed_Voice_and_Falsetto\最长的电影\Control_Group\0010.wav,0,0.553899,4.83,Chinese,ZH-Alto-1,最长的电影,Chinese/ZH-Alto-1/最长的电影,0.0
d:\-MindEcho-main\ml_dl_models\gtsinger_multitech\dataset\raw\Chinese\ZH-Tenor-1\Glissando\传奇\Glissando_Group\0004.wav,0,0.107349,1.595,Chinese,ZH-Tenor-1,传奇,Chinese/ZH-Tenor-1/传奇,0.0
d:\-MindEcho-main\ml_dl_models\gtsinger_multitech\dataset\raw\Chinese\ZH-Tenor-1\Breathy\不染\Control_Group\0018.wav,0,0.526316,3.5,Chinese,ZH-Tenor-1,不染,Chinese/ZH-Tenor-1/不染,0.0
d:\-MindEcho-main\ml_dl_models\gtsinger_multitech\dataset\raw\Chinese\ZH-Tenor-1\Mixed_Voice_and_Falsetto\讲真的\Falsetto_Group\0008.wav,1,0.418759,2.835,Chinese,ZH-Tenor-1,讲真的,Chinese/ZH-Tenor-1/讲真的,1.49
d:\-MindEcho-main\ml_dl_models\gtsinger_multitech\dataset\raw\Chinese\ZH-Alto-1\Mixed_Voice_and_Falsetto\匆匆那年\Control_Group\0002.wav,0,0.490924,2.975,Chinese,ZH-Alto-1,匆匆那年,Chinese/ZH-Alto-1/匆匆那年,0.0
d:\-MindEcho-main\ml_dl_models\gtsinger_multitech\dataset\raw\German\DE-Soprano-1\Breathy\Copilot\Breathy_Group\0001.wav,0,0.565117,3.914,German,DE-Soprano-1,Copilot,German/DE-Soprano-1/Copilot,0.0
d:\-MindEcho-main\ml_dl_models\gtsinger_multitech\dataset\raw\Chinese\ZH-Alto-1\Pharyngeal\说散就散\Control_Group\0002.wav,0,0.210648,1.494,Chinese,ZH-Alto-1,说散就散,Chinese/ZH-Alto-1/说散就散,0.0
d:\-MindEcho-main\ml_dl_models\gtsinger_multitech\dataset\raw\French\FR-Tenor-1\Breathy\avant\Control_Group\0006.wav,0,0.31249,4.926,French,FR-Tenor-1,avant,French/FR-Tenor-1/avant,0.0
d:\-MindEcho-main\ml_dl_models\gtsinger_multitech\dataset\raw\Chinese\ZH-Tenor-1\Vibrato\我真的受伤了\Vibrato_Group\0014.wav,0,0.608094,6.385,Chinese,ZH-Tenor-1,我真的受伤了,Chinese/ZH-Tenor-1/我真的受伤了,0.0
d:\-MindEcho-main\ml_dl_models\gtsinger_multitech\dataset\raw\French\FR-Tenor-1\Breathy\Les Marionnettes\Breathy_Group\0002.wav,0,0.566285,7.283,French,FR-Tenor-1,Les Marionnettes,French/FR-Tenor-1/Les Marionnettes,0.0
d:\-MindEcho-main\ml_dl_models\gtsinger_multitech\dataset\raw\French\FR-Tenor-1\Glissando\manon\Paired_Speech_Group\0009.wav,0,0.469568,2.635,French,FR-Tenor-1,manon,French/FR-Tenor-1/manon,0.0
d:\-MindEcho-main\ml_dl_models\gtsinger_multitech\dataset\raw\French\FR-Soprano-1\Breathy\anxiete\Control_Group\0002.wav,1,0.338376,3.598,French,FR-Soprano-1,anxiete,French/FR-Soprano-1/anxiete,0.641
d:\-MindEcho-main\ml_dl_models\gtsinger_multitech\dataset\raw\Chinese\ZH-Tenor-1\Breathy\平凡的一天\Breathy_Group\0005.wav,1,0.27809,2.475,Chinese,ZH-Tenor-1,平凡的一天,Chinese/ZH-Tenor-1/平凡的一天,2.51
d:\-MindEcho-main\ml_dl_models\gtsinger_multitech\dataset\raw\Chinese\ZH-Tenor-1\Glissando\倒带\Glissando_Group\0022.wav,1,0.510475,3.655,Chinese,ZH-Tenor-1,倒带,Chinese/ZH-Tenor-1/倒带,0.31
d:\-MindEcho-main\ml_dl_models\gtsinger_multitech\dataset\raw\Chinese\ZH-Alto-1\Mixed_Voice_and_Falsetto\最长的电影\Mixed_Voice_Group\0009.wav,0,0.210178,1.652,Chinese,ZH-Alto-1,最长的电影,Chinese/ZH-Alto-1/最长的电影,0.0
d:\-MindEcho-main\ml_dl_models\gtsinger_multitech\dataset\raw\French\FR-Soprano-1\Mixed_Voice_and_Falsetto\le dernier train\Control_Group\0003.wav,1,0.620431,6.296,French,FR-Soprano-1,le dernier train,French/FR-Soprano-1/le dernier train,0.147
d:\-MindEcho-main\ml_dl_models\gtsinger_multitech\dataset\raw\French\FR-Tenor-1\Breathy\Les Marionnettes\Control_Group\0005.wav,0,0.207011,3.065,French,FR-Tenor-1,Les Marionnettes,French/FR-Tenor-1/Les Marionnettes,0.0
d:\-MindEcho-main\ml_dl_models\gtsinger_multitech\dataset\raw\French\FR-Soprano-1\Breathy\a la vie comme a la mort\Breathy_Group\0003.wav,0,0.586926,6.698,French,FR-Soprano-1,a la vie comme a la mort,French/FR-Soprano-1/a la vie comme a la mort,0.0
d:\-MindEcho-main\ml_dl_models\gtsinger_multitech\dataset\raw\Chinese\ZH-Tenor-1\Vibrato\失落沙洲\Control_Group\0001.wav,1,0.568452,6.465,Chinese,ZH-Tenor-1,失落沙洲,Chinese/ZH-Tenor-1/失落沙洲,0.47
d:\-MindEcho-main\ml_dl_models\gtsinger_multitech\dataset\raw\Chinese\ZH-Alto-1\Pharyngeal\崇拜\Pharyngeal_Group\0005.wav,1,0.773629,4.665,Chinese,ZH-Alto-1,崇拜,Chinese/ZH-Alto-1/崇拜,0.33
d:\-MindEcho-main\ml_dl_models\gtsinger_multitech\dataset\raw\Chinese\ZH-Tenor-1\Pharyngeal\全世界谁倾听你\Pharyngeal_Group\0012.wav,0,0.492544,5.615,Chinese,ZH-Tenor-1,全世界谁倾听你,Chinese/ZH-Tenor-1/全世界谁倾听你,0.0
d:\-MindEcho-main\ml_dl_models\gtsinger_multitech\dataset\raw\French\FR-Soprano-1\Breathy\soleil solleil\Breathy_Group\0011.wav,0,0.134166,1.279,French,FR-Soprano-1,soleil solleil,French/FR-Soprano-1/soleil solleil,0.0
d:\-MindEcho-main\ml_dl_models\gtsinger_multitech\dataset\raw\Chinese\ZH-Tenor-1\Mixed_Voice_and_Falsetto\倒带\Mixed_Voice_Group\0005.wav,0,0.624891,4.306,Chinese,ZH-Tenor-1,倒带,Chinese/ZH-Tenor-1/倒带,0.0
d:\-MindEcho-main\ml_dl_models\gtsinger_multitech\dataset\raw\Chinese\ZH-Tenor-1\Breathy\平凡的一天\Breathy_Group\0002.wav,1,0.330115,2.872,Chinese,ZH-Tenor-1,平凡的一天,Chinese/ZH-Tenor-1/平凡的一天,1.824
d:\-MindEcho-main\ml_dl_models\gtsinger_multitech\dataset\raw\Chinese\ZH-Alto-1\Mixed_Voice_and_Falsetto\老男孩\Control_Group\0001.wav,0,0.444815,3.131,Chinese,ZH-Alto-1,老男孩,Chinese/ZH-Alto-1/老男孩,0.0
d:\-MindEcho-main\ml_dl_models\gtsinger_multitech\dataset\raw\French\FR-Soprano-1\Mixed_Voice_and_Falsetto\la vaguelette\Control_Group\0001.wav,1,0.891872,10.915,French,FR-Soprano-1,la vaguelette,French/FR-Soprano-1/la vaguelette,0.366
d:\-MindEcho-main\ml_dl_models\gtsinger_multitech\dataset\raw\French\FR-Soprano-1\Mixed_Voice_and_Falsetto\chez moi\Mixed_Voice_Group\0001.wav,1,0.139484,1.941,French,FR-Soprano-1,chez moi,French/FR-Soprano-1/chez moi,1.893
d:\-MindEcho-main\ml_dl_models\gtsinger_multitech\dataset\raw\Chinese\ZH-Alto-1\Breathy\失落沙洲\Breathy_Group\0005.wav,0,0.146247,1.695,Chinese,ZH-Alto-1,失落沙洲,Chinese/ZH-Alto-1/失落沙洲,0.0
d:\-MindEcho-main\ml_dl_models\gtsinger_multitech\dataset\raw\Chinese\ZH-Alto-1\Mixed_Voice_and_Falsetto\年轮\Falsetto_Group\0002.wav,0,0.240475,1.515,Chinese,ZH-Alto-1,年轮,Chinese/ZH-Alto-1/年轮,0.0
d:\-MindEcho-main\ml_dl_models\gtsinger_multitech\dataset\raw\Chinese\ZH-Alto-1\Vibrato\南屏晚钟\Vibrato_Group\0009.wav,1,0.477143,4.77,Chinese,ZH-Alto-1,南屏晚钟,Chinese/ZH-Alto-1/南屏晚钟,0.386
d:\-MindEcho-main\ml_dl_models\gtsinger_multitech\dataset\raw\Chinese\ZH-Alto-1\Glissando\曹操\Control_Group\0005.wav,0,0.204106,1.417,Chinese,ZH-Alto-1,曹操,Chinese/ZH-Alto-1/曹操,0.0
d:\-MindEcho-main\ml_dl_models\gtsinger_multitech\dataset\raw\Chinese\ZH-Alto-1\Mixed_Voice_and_Falsetto\化身孤岛的鲸\Control_Group\0002.wav,0,0.161146,1.265,Chinese,ZH-Alto-1,化身孤岛的鲸,Chinese/ZH-Alto-1/化身孤岛的鲸,0.0
d:\-MindEcho-main\ml_dl_models\gtsinger_multitech\dataset\raw\Chinese\ZH-Tenor-1\Pharyngeal\全世界谁倾听你\Pharyngeal_Group\0002.wav,1,0.509519,5.085,Chinese,ZH-Tenor-1,全世界谁倾听你,Chinese/ZH-Tenor-1/全世界谁倾听你,0.29
d:\-MindEcho-main\ml_dl_models\gtsinger_multitech\dataset\raw\Chinese\ZH-Alto-1\Vibrato\多远都要在一起\Control_Group\0006.wav,0,0.521631,3.135,Chinese,ZH-Alto-1,多远都要在一起,Chinese/ZH-Alto-1/多远都要在一起,0.0
d:\-MindEcho-main\ml_dl_models\gtsinger_multitech\dataset\raw\Chinese\ZH-Alto-1\Mixed_Voice_and_Falsetto\知足\Falsetto_Group\0001.wav,1,0.527646,3.34,Chinese,ZH-Alto-1,知足,Chinese/ZH-Alto-1/知足,0.42
d:\-MindEcho-main\ml_dl_models\gtsinger_multitech\dataset\raw\French\FR-Soprano-1\Mixed_Voice_and_Falsetto\violet snow\Mixed_Voice_Group\0008.wav,1,0.498917,6.22,French,FR-Soprano-1,violet snow,French/FR-Soprano-1/violet snow,0.349
d:\-MindEcho-main\ml_dl_models\gtsinger_multitech\dataset\raw\Chinese\ZH-Alto-1\Mixed_Voice_and_Falsetto\年轮\Control_Group\0001.wav,1,0.629926,4.955,Chinese,ZH-Alto-1,年轮,Chinese/ZH-Alto-1/年轮,0.18
d:\-MindEcho-main\ml_dl_models\gtsinger_multitech\dataset\raw\Chinese\ZH-Alto-1\Mixed_Voice_and_Falsetto\一次就好\Control_Group\0002.wav,0,0.117894,1.265,Chinese,ZH-Alto-1,一次就好,Chinese/ZH-Alto-1/一次就好,0.0
d:\-MindEcho-main\ml_dl_models\gtsinger_multitech\dataset\raw\French\FR-Soprano-1\Vibrato\eden eden\Vibrato_Group\0014.wav,0,0.661203,6.696,French,FR-Soprano-1,eden eden,French/FR-Soprano-1/eden eden,0.0
d:\-MindEcho-main\ml_dl_models\gtsinger_multitech\dataset\raw\Chinese\ZH-Alto-1\Mixed_Voice_and_Falsetto\演员\Mixed_Voice_Group\0002.wav,0,0.16291,1.489,Chinese,ZH-Alto-1,演员,Chinese/ZH-Alto-1/演员,0.0
d:\-MindEcho-main\ml_dl_models\gtsinger_multitech\dataset\raw\French\FR-Soprano-1\Pharyngeal\la terre\Pharyngeal_Group\0000.wav,0,0.17253,2.388,French,FR-Soprano-1,la terre,French/FR-Soprano-1/la terre,0.0
d:\-MindEcho-main\ml_dl_models\gtsinger_multitech\dataset\raw\French\FR-Tenor-1\Glissando\avant\Glissando_Group\0003.wav,1,0.928876,16.635,French,FR-Tenor-1,avant,French/FR-Tenor-1/avant,0.474
d:\-MindEcho-main\ml_dl_models\gtsinger_multitech\dataset\raw\Chinese\ZH-Tenor-1\Mixed_Voice_and_Falsetto\倒带\Control_Group\0008.wav,0,0.510214,5.495,Chinese,ZH-Tenor-1,倒带,Chinese/ZH-Tenor-1/倒带,0.0
d:\-MindEcho-main\ml_dl_models\gtsinger_multitech\dataset\raw\Chinese\ZH-Alto-1\Breathy\越过山丘\Control_Group\0015.wav,1,0.466057,3.57,Chinese,ZH-Alto-1,越过山丘,Chinese/ZH-Alto-1/越过山丘,0.5
d:\-MindEcho-main\ml_dl_models\gtsinger_multitech\dataset\raw\Chinese\ZH-Tenor-1\Mixed_Voice_and_Falsetto\平凡之路\Mixed_Voice_Group\0004.wav,0,0.151609,1.225,Chinese,ZH-Tenor-1,平凡之路,Chinese/ZH-Tenor-1/平凡之路,0.0
d:\-MindEcho-main\ml_dl_models\gtsinger_multitech\dataset\raw\Chinese\ZH-Tenor-1\Mixed_Voice_and_Falsetto\偏爱\Mixed_Voice_Group\0004.wav,1,0.44527,5.695,Chinese,ZH-Tenor-1,偏爱,Chinese/ZH-Tenor-1/偏爱,0.49
d:\-MindEcho-main\ml_dl_models\gtsinger_multitech\dataset\raw\French\FR-Soprano-1\Mixed_Voice_and_Falsetto\chez moi\Paired_Speech_Group\0004.wav,0,0.292838,1.521,French,FR-Soprano-1,chez moi,French/FR-Soprano-1/chez moi,0.0
d:\-MindEcho-main\ml_dl_models\gtsinger_multitech\dataset\raw\French\FR-Tenor-1\Mixed_Voice_and_Falsetto\Les Marionnettes\Mixed_Voice_Group\0005.wav,1,0.299856,4.775,French,FR-Tenor-1,Les Marionnettes,French/FR-Tenor-1/Les Marionnettes,0.803
d:\-MindEcho-main\ml_dl_models\gtsinger_multitech\dataset\raw\Chinese\ZH-Alto-1\Pharyngeal\隐形的翅膀\Control_Group\0012.wav,1,0.498634,3.65,Chinese,ZH-Alto-1,隐形的翅膀,Chinese/ZH-Alto-1/隐形的翅膀,0.4
d:\-MindEcho-main\ml_dl_models\gtsinger_multitech\dataset\raw\Chinese\ZH-Alto-1\Mixed_Voice_and_Falsetto\南山南\Control_Group\0002.wav,1,0.370312,3.555,Chinese,ZH-Alto-1,南山南,Chinese/ZH-Alto-1/南山南,0.39
d:\-MindEcho-main\ml_dl_models\gtsinger_multitech\dataset\raw\French\FR-Soprano-1\Pharyngeal\ce train qui s'en va\Pharyngeal_Group\0001.wav,1,0.111888,1.037,French,FR-Soprano-1,ce train qui s'en va,French/FR-Soprano-1/ce train qui s'en va,0.274
d:\-MindEcho-main\ml_dl_models\gtsinger_multitech\dataset\raw\Chinese\ZH-Tenor-1\Pharyngeal\不为谁而作的歌\Control_Group\0012.wav,0,0.494495,3.145,Chinese,ZH-Tenor-1,不为谁而作的歌,Chinese/ZH-Tenor-1/不为谁而作的歌,0.0
d:\-MindEcho-main\ml_dl_models\gtsinger_multitech\dataset\raw\Chinese\ZH-Alto-1\Pharyngeal\听海\Control_Group\0005.wav,1,0.482353,3.704,Chinese,ZH-Alto-1,听海,Chinese/ZH-Alto-1/听海,0.37
d:\-MindEcho-main\ml_dl_models\gtsinger_multitech\dataset\raw\French\FR-Soprano-1\Mixed_Voice_and_Falsetto\mustang cabriolet\Mixed_Voice_Group\0000.wav,1,0.111204,0.385,French,FR-Soprano-1,mustang cabriolet,French/FR-Soprano-1/mustang cabriolet,0.77
d:\-MindEcho-main\ml_dl_models\gtsinger_multitech\dataset\raw\French\FR-Soprano-1\Breathy\les passagers du vent\Breathy_Group\0010.wav,1,0.229701,3.406,French,FR-Soprano-1,les passagers du vent,French/FR-Soprano-1/les passagers du vent,0.512
d:\-MindEcho-main\ml_dl_models\gtsinger_multitech\dataset\raw\Chinese\ZH-Alto-1\Glissando\青花瓷\Control_Group\0003.wav,0,0.516529,4.375,Chinese,ZH-Alto-1,青花瓷,Chinese/ZH-Alto-1/青花瓷,0.0
d:\-MindEcho-main\ml_dl_models\gtsinger_multitech\dataset\raw\French\FR-Soprano-1\Mixed_Voice_and_Falsetto\magic boul'vard\Falsetto_Group\0007.wav,0,0.621213,12.303,French,FR-Soprano-1,magic boul'vard,French/FR-Soprano-1/magic boul'vard,0.0
d:\-MindEcho-main\ml_dl_models\gtsinger_multitech\dataset\raw\Chinese\ZH-Alto-1\Mixed_Voice_and_Falsetto\我的歌声里\Mixed_Voice_Group\0005.wav,0,0.566884,3.475,Chinese,ZH-Alto-1,我的歌声里,Chinese/ZH-Alto-1/我的歌声里,0.0
d:\-MindEcho-main\ml_dl_models\gtsinger_multitech\dataset\raw\Chinese\ZH-Tenor-1\Mixed_Voice_and_Falsetto\过火\Mixed_Voice_Group\0016.wav,0,0.552437,3.74,Chinese,ZH-Tenor-1,过火,Chinese/ZH-Tenor-1/过火,0.0
d:\-MindEcho-main\ml_dl_models\gtsinger_multitech\dataset\raw\French\FR-Soprano-1\Mixed_Voice_and_Falsetto\vivre a en crever\Control_Group\0007.wav,0,0.487396,5.027,French,FR-Soprano-1,vivre a en crever,French/FR-Soprano-1/vivre a en crever,0.0
d:\-MindEcho-main\ml_dl_models\gtsinger_multitech\dataset\raw\Chinese\ZH-Alto-1\Pharyngeal\默\Control_Group\0004.wav,0,0.329677,2.555,Chinese,ZH-Alto-1,默,Chinese/ZH-Alto-1/默,0.0
d:\-MindEcho-main\ml_dl_models\gtsinger_multitech\dataset\raw\French\FR-Soprano-1\Mixed_Voice_and_Falsetto\le dernier train\Falsetto_Group\0008.wav,1,0.152091,0.905,French,FR-Soprano-1,le dernier train,French/FR-Soprano-1/le dernier train,0.21
d:\-MindEcho-main\ml_dl_models\gtsinger_multitech\dataset\raw\Chinese\ZH-Tenor-1\Mixed_Voice_and_Falsetto\讲真的\Control_Group\0001.wav,0,0.661719,4.235,Chinese,ZH-Tenor-1,讲真的,Chinese/ZH-Tenor-1/讲真的,0.0
d:\-MindEcho-main\ml_dl_models\gtsinger_multitech\dataset\raw\Chinese\ZH-Tenor-1\Glissando\倒带\Control_Group\0016.wav,1,0.502758,3.463,Chinese,ZH-Tenor-1,倒带,Chinese/ZH-Tenor-1/倒带,0.394
d:\-MindEcho-main\ml_dl_models\gtsinger_multitech\dataset\raw\Chinese\ZH-Tenor-1\Pharyngeal\全世界谁倾听你\Control_Group\0012.wav,1,0.418419,4.975,Chinese,ZH-Tenor-1,全世界谁倾听你,Chinese/ZH-Tenor-1/全世界谁倾听你,0.49
d:\-MindEcho-main\ml_dl_models\gtsinger_multitech\dataset\raw\Chinese\ZH-Alto-1\Mixed_Voice_and_Falsetto\剑伤\Mixed_Voice_Group\0003.wav,0,0.190217,1.4,Chinese,ZH-Alto-1,剑伤,Chinese/ZH-Alto-1/剑伤,0.0
d:\-MindEcho-main\ml_dl_models\gtsinger_multitech\dataset\raw\Chinese\ZH-Alto-1\Vibrato\贝加尔湖畔\Control_Group\0011.wav,0,0.185294,1.575,Chinese,ZH-Alto-1,贝加尔湖畔,Chinese/ZH-Alto-1/贝加尔湖畔,0.0
d:\-MindEcho-main\ml_dl_models\gtsinger_multitech\dataset\raw\Chinese\ZH-Alto-1\Vibrato\安和桥\Vibrato_Group\0005.wav,1,0.688528,7.485,Chinese,ZH-Alto-1,安和桥,Chinese/ZH-Alto-1/安和桥,1.05
d:\-MindEcho-main\ml_dl_models\gtsinger_multitech\dataset\raw\French\FR-Soprano-1\Vibrato\eden eden\Control_Group\0007.wav,1,0.150309,1.51,French,FR-Soprano-1,eden eden,French/FR-Soprano-1/eden eden,0.102
d:\-MindEcho-main\ml_dl_models\gtsinger_multitech\dataset\raw\Chinese\ZH-Alto-1\Vibrato\好久不见\Vibrato_Group\0006.wav,0,0.649593,5.58,Chinese,ZH-Alto-1,好久不见,Chinese/ZH-Alto-1/好久不见,0.0
d:\-MindEcho-main\ml_dl_models\gtsinger_multitech\dataset\raw\Chinese\ZH-Alto-1\Mixed_Voice_and_Falsetto\鸽子\Falsetto_Group\0007.wav,1,0.316383,3.157,Chinese,ZH-Alto-1,鸽子,Chinese/ZH-Alto-1/鸽子,0.355
d:\-MindEcho-main\ml_dl_models\gtsinger_multitech\dataset\raw\Chinese\ZH-Alto-1\Mixed_Voice_and_Falsetto\桃花诺\Control_Group\0003.wav,0,0.18733,1.56,Chinese,ZH-Alto-1,桃花诺,Chinese/ZH-Alto-1/桃花诺,0.0
d:\-MindEcho-main\ml_dl_models\gtsinger_multitech\dataset\raw\Chinese\ZH-Alto-1\Breathy\最长的电影\Control_Group\0008.wav,1,0.479142,4.02,Chinese,ZH-Alto-1,最长的电影,Chinese/ZH-Alto-1/最长的电影,0.62
